split,image_id,filename,relative_path,width,height,file_size_bytes,sha256,dhash64,brightness_mean,edge_variance,is_corrupt,has_annotation,annotation_count,error
test,0,sipotion_1749658636068_slouch_0_58_jpg.rf.ed71a27d8249e802914aafd785df9e9f.jpg,test/sipotion_1749658636068_slouch_0_58_jpg.rf.ed71a27d8249e802914aafd785df9e9f.jpg,640,640,48957,9563a084ebf7f98e65b3f428fa645cecac903d1496ffb74d776e3c50a45b9017,204c4c95893b3b4b,133.8625,1648.2841,False,True,1,
test,1,72daffd77d1f9d8af6e5e640485f6e0c-Copy_jpg.rf.8b04cbb167ce4cefb9fac0426ff7e84f.jpg,test/72daffd77d1f9d8af6e5e640485f6e0c-Copy_jpg.rf.8b04cbb167ce4cefb9fac0426ff7e84f.jpg,457,640,18658,91f93494be0ec48064badaab93f0b44dd7560be2db420ec3abdf7bc9165f3fb8,e6d89a9f9fb633d2,193.9123,809.9909,False,True,1,
test,2,c142feaefecfdb85382550c96a969304-Copy_jpg.rf.8b888a6ef444e877552590d3ebe10e73.jpg,test/c142feaefecfdb85382550c96a969304-Copy_jpg.rf.8b888a6ef444e877552590d3ebe10e73.jpg,426,640,20402,bbc36206230361c4578fef44c690cf53b8e60c62512e5f6611787d2ddc68ce69,a6a64b8f172f2d37,157.823,1089.5389,False,True,1,
test,3,0274eea195802ee11fe9cb42d744a3a5-Copy_jpg.rf.c92ebb2bbd2526dcb66083afc4d57378.jpg,test/0274eea195802ee11fe9cb42d744a3a5-Copy_jpg.rf.c92ebb2bbd2526dcb66083afc4d57378.jpg,640,527,27966,20f0e221a584f6b2a132ca37ba9bd769451418bfc65e3b04a0e6b01850b03cb6,62626a6766071b5b,180.9272,562.931,False,True,1,
test,4,sipotion_1749658307508_slouch_0_76_jpg.rf.a2c574cac241e5380c06e63df693ecf1.jpg,test/sipotion_1749658307508_slouch_0_76_jpg.rf.a2c574cac241e5380c06e63df693ecf1.jpg,640,640,28211,d2701b78921a2dae9e9a75d6d63c0580116022462b00f1314ce30772e9990946,e0e261d97977d7e5,131.1325,256.0173,False,True,1,
test,5,42a2e2f9936efee584a8097f31c5aabe_jpg.rf.006c7f0ad56fb2fdd8109ac75c42a41d.jpg,test/42a2e2f9936efee584a8097f31c5aabe_jpg.rf.006c7f0ad56fb2fdd8109ac75c42a41d.jpg,426,640,21869,4848baf6299744fb52b053080399fa96e83c6a6129ac46c2baf28ebd834a8f72,80809c9989454347,144.3719,1025.6206,False,True,1,
test,6,65ce382b9740824cd60c75dd3d63f124-Copy_jpg.rf.d385f9aca6133626f7913c0ecd6565d5.jpg,test/65ce382b9740824cd60c75dd3d63f124-Copy_jpg.rf.d385f9aca6133626f7913c0ecd6565d5.jpg,640,426,24602,62036b31320421154a4186ea2357d3b65be0ca7b7993fd5d108392d085fd4fe8,f5d5ccc501292929,206.0634,1227.1047,False,True,1,
test,7,432b48ccf28d7fcc0f22e6ba64125813_jpg.rf.3a05b66b5666c452a6a8dfa7f816bf4e.jpg,test/432b48ccf28d7fcc0f22e6ba64125813_jpg.rf.3a05b66b5666c452a6a8dfa7f816bf4e.jpg,426,640,34571,934e77033fe8598a79cc8ca56ad4f4e9e285f4f01c838cbb4596a58a3635bdec,9927e44df1d6de79,174.8826,1837.0771,False,True,1,
test,8,c6d1f57389e8f64ee15a5322e439df9e-Copy_jpg.rf.8e4471bb6cac6ae4feeda1069ea96a99.jpg,test/c6d1f57389e8f64ee15a5322e439df9e-Copy_jpg.rf.8e4471bb6cac6ae4feeda1069ea96a99.jpg,480,640,32118,acb510e881b872440a897a6fbae32f7445dc74c807efe4d1205dcc76cd3fd0a6,5d6f7669333676e7,90.6679,453.5372,False,True,1,
test,9,740512adde40d4ee80d56ae28860911b-Copy-2-_jpg.rf.0f2817c94f4b0fc0e7225f02af6255e6.jpg,test/740512adde40d4ee80d56ae28860911b-Copy-2-_jpg.rf.0f2817c94f4b0fc0e7225f02af6255e6.jpg,640,640,28618,c5864f26c6aab484c35828bd9ce2026ffdc6bafc8fd0d5da160fdcb3e1b2be42,2c4d8b3d2d8d9f36,199.4528,1136.0496,False,True,1,
test,10,62da6af058cd30c332ac28dc90ed0623_jpg.rf.52841a069c88fc40eeeef4d1047ed6d2.jpg,test/62da6af058cd30c332ac28dc90ed0623_jpg.rf.52841a069c88fc40eeeef4d1047ed6d2.jpg,390,640,23863,aed2ea548b37cd0b7e866a191955577eb80916811752c0d7f94717563dbc34ff,9eaa1c0c524d1898,182.9757,1385.6123,False,True,1,
test,11,bc18373311979c71fed00857b3a4a10c-Copy_jpg.rf.b05435656b5086bd9b6765255542bfc1.jpg,test/bc18373311979c71fed00857b3a4a10c-Copy_jpg.rf.b05435656b5086bd9b6765255542bfc1.jpg,640,530,27270,70ca71543e6f7405f813b7db2e1214ad613f8522628128703971258eadbc0fad,848b8bb3074747cb,189.0959,1056.4207,False,True,1,
test,12,sipotion_1749658258832_slouch_0_91_jpg.rf.52eef3e58d32e9f4150a3afce05cb9c4.jpg,test/sipotion_1749658258832_slouch_0_91_jpg.rf.52eef3e58d32e9f4150a3afce05cb9c4.jpg,640,640,28464,ce427de34fe5d81922cb8867663d240923b8ecc7b0cb0b7cc2955b3651e767fc,f1cdcdcdfb717dd9,168.3403,471.7034,False,True,1,
test,13,3a3fd2e7590db30a55c2487fcf1a5347-Copy_jpg.rf.d3b920287e63a611858ae2f131ea15d5.jpg,test/3a3fd2e7590db30a55c2487fcf1a5347-Copy_jpg.rf.d3b920287e63a611858ae2f131ea15d5.jpg,640,426,21889,6d71fd1f5c3fb78307e94a85df954249da2eb5e111597b8fd9e1dd86fc219eee,b4fbebdbeb833775,201.6442,961.1076,False,True,1,
test,14,d974879dd06b5613537beedc5cfa1555-Copy_jpg.rf.b941e30c38c14548f3ca2d61a837ebc5.jpg,test/d974879dd06b5613537beedc5cfa1555-Copy_jpg.rf.b941e30c38c14548f3ca2d61a837ebc5.jpg,640,640,57718,2fa130f9cf6d1160b07d558f4da5689acbd44c0b50e52fca2045b7d197d8626c,fdf9d183972767ef,152.3258,974.8868,False,True,1,
test,15,150b0302549c4eff4b7a3417d5160012-Copy_jpg.rf.a7fe66aae04d9b3b1d1a39d104f6fd72.jpg,test/150b0302549c4eff4b7a3417d5160012-Copy_jpg.rf.a7fe66aae04d9b3b1d1a39d104f6fd72.jpg,639,640,35816,497ddc5773bd53ec266c17e6633cca5e481394e5545537fd4bb9d2361f191d68,b0989c9c540c5e18,114.7722,568.6098,False,False,0,
test,16,704ade2870b57685ece9df6865b63eee_jpg.rf.9a6115d3c468f7c4521703607bb5f615.jpg,test/704ade2870b57685ece9df6865b63eee_jpg.rf.9a6115d3c468f7c4521703607bb5f615.jpg,426,640,46283,667fe82aadd45fe18541efb6863ac921bd8e5a0687cebbb197879542661f4b35,31b3b393bfb991fb,180.0002,2364.3281,False,True,2,
test,17,sipotion_1749636390966_good_posture_0_81_jpg.rf.5de3f5c1bf4c6af49cd20393d45dd6ea.jpg,test/sipotion_1749636390966_good_posture_0_81_jpg.rf.5de3f5c1bf4c6af49cd20393d45dd6ea.jpg,640,640,35020,41929ececa6bfa6a5923ca7bc98c878b963fa2814b40aef6ac12d6ee5df23917,4c8c9b9a199e0b09,129.3817,878.7098,False,True,1,
test,18,91ebb2d20fb64512390fe8bc365944ab-Copy-2-_jpg.rf.107a2e8d0f12f74349057082ad2a16ee.jpg,test/91ebb2d20fb64512390fe8bc365944ab-Copy-2-_jpg.rf.107a2e8d0f12f74349057082ad2a16ee.jpg,512,640,19035,ffd6407468afca045aec1f2a589b63194a846ac4ca362e0e13254cdbe40f86e3,0996638b972e1f1f,182.4829,495.7681,False,True,1,
test,19,sipotion_1749658833293_leaning_forward_0_66_jpg.rf.e66038de18f08b2535039ce514d0229c.jpg,test/sipotion_1749658833293_leaning_forward_0_66_jpg.rf.e66038de18f08b2535039ce514d0229c.jpg,640,640,33701,f8b43e59ae1c83b8b104d25f35394a7dc3f9010951f0ce833bd741e81a222cf8,2020a6a6878b8286,172.8138,729.6562,False,True,1,
test,20,sipotion_1749658804428_slouch_0_64_jpg.rf.e97e3fcb031d4e23d8e4181e0fd7dfb7.jpg,test/sipotion_1749658804428_slouch_0_64_jpg.rf.e97e3fcb031d4e23d8e4181e0fd7dfb7.jpg,640,640,36179,a03013de79c5cb58e684a18655879d5083cd408b806e634a6770ed5171f8cfdf,644d0b0e0e060fcf,140.5578,459.5353,False,True,1,
test,21,d13525dd5abd2e0bfacd61bc45026d28-Copy_jpg.rf.023c2f92edde79cfb2603188d3cda349.jpg,test/d13525dd5abd2e0bfacd61bc45026d28-Copy_jpg.rf.023c2f92edde79cfb2603188d3cda349.jpg,640,515,23571,850266e7e338a06159bec6702d40983a7a5a2ae3e5d689b67908f9d8c96c5e03,0109112507977363,208.6685,867.9257,False,True,1,
test,22,308f25d389f7166c6c2f7878b53c9dd0-Copy_jpg.rf.7424cf94f4054490de4cbabbdf7b48a9.jpg,test/308f25d389f7166c6c2f7878b53c9dd0-Copy_jpg.rf.7424cf94f4054490de4cbabbdf7b48a9.jpg,427,640,18961,8a43ec11b241d55d621f4d78bc66904d30890566fae817a4098a3519f974a414,334c4c5d1e06251a,177.5429,951.506,False,True,1,
test,23,65012d0639e0f9159e97dfab863c23c0-Copy_jpg.rf.e1e8418a481de637a4526c07fd678220.jpg,test/65012d0639e0f9159e97dfab863c23c0-Copy_jpg.rf.e1e8418a481de637a4526c07fd678220.jpg,640,408,14872,7f42645a04cff263a6f6ecfa4f13ab9762804ca6b043b728e1b77f5bf2744ebb,fcd8e6c6a4ac1c8c,218.8921,630.1268,False,True,1,
test,24,eb30355b4f2a6c8180104e5218f24051-Copy_jpg.rf.3ef04e10c91c0c6004a17bef99d707ef.jpg,test/eb30355b4f2a6c8180104e5218f24051-Copy_jpg.rf.3ef04e10c91c0c6004a17bef99d707ef.jpg,426,640,35879,6625f78492b4355057e265e65b7303d09b96d9aaef9fd60dd0f527de70bf2370,b0ec8d9a3e3646cf,147.8994,841.0031,False,True,1,
test,25,166d1b2cb6e2ca4c6f50f57d9d936e19-Copy-2-_jpg.rf.2856ed8934c641e99153a8fd082a8824.jpg,test/166d1b2cb6e2ca4c6f50f57d9d936e19-Copy-2-_jpg.rf.2856ed8934c641e99153a8fd082a8824.jpg,640,640,39192,5b65e40a5410948463a8dde8b1434a18f72cd886409037e1a57a5ec639ac3d09,b0b8d8969690981e,138.4069,453.9452,False,True,1,
test,26,99f55cc0728ede9d4d24f7afde08b037-Copy-2-_jpg.rf.51c65bb99f13dc2f0e7e361216381871.jpg,test/99f55cc0728ede9d4d24f7afde08b037-Copy-2-_jpg.rf.51c65bb99f13dc2f0e7e361216381871.jpg,510,640,25415,8faeec694539e920c58a2879925d66cc67066a0acde269fe4b6ad58a531138ce,26cf9e365652535b,167.2667,1324.5559,False,True,1,
test,27,444cf0f06077401c805cc3972c0a3c0b_jpg.rf.84bfa71a93944fa4a111412ba226737e.jpg,test/444cf0f06077401c805cc3972c0a3c0b_jpg.rf.84bfa71a93944fa4a111412ba226737e.jpg,426,640,20184,42062af855200666bd104cded30fbde771f897ca49a99a99e20a868876630838,08021a4c07131d49,211.7654,1422.5748,False,True,1,
test,28,2c5219f9f7b315e1843c637ecb0311b3-Copy_jpg.rf.8925fe83a2fc7fe8044dbc0cf2bcba38.jpg,test/2c5219f9f7b315e1843c637ecb0311b3-Copy_jpg.rf.8925fe83a2fc7fe8044dbc0cf2bcba38.jpg,640,426,31564,8472cd488974c686cf22527cef4d4b23db7358e9b71f088c2585c82af06e1c21,82c485056476337f,117.9426,688.4644,False,True,2,
test,29,sipotion_1749658608416_slouch_0_65_jpg.rf.7b30b884c027ee627a7e1057b00a19d4.jpg,test/sipotion_1749658608416_slouch_0_65_jpg.rf.7b30b884c027ee627a7e1057b00a19d4.jpg,640,640,47878,7ae1b4c4088a5b5d7d4091c832c861ae2360a168ac0352fa97571530b6512ca1,64d2e20b9b333e6f,147.4641,1574.9248,False,True,1,
test,30,4538140074cd3b191dbfe2bd8dcad832_jpg.rf.2e834b3da4dc1244fcd5cd024074a5f8.jpg,test/4538140074cd3b191dbfe2bd8dcad832_jpg.rf.2e834b3da4dc1244fcd5cd024074a5f8.jpg,448,640,24864,09e3f2c143ddd76eac2d1cfdf3aa75df6ad2da4a844a0d0d705b12fb6ba60611,4c8c14362bb99193,167.8874,608.056,False,True,1,
test,31,sipotion_1749637002402_leaning_forward_0_55_jpg.rf.8748aa4f545120cb5507355719d80643.jpg,test/sipotion_1749637002402_leaning_forward_0_55_jpg.rf.8748aa4f545120cb5507355719d80643.jpg,640,640,43408,b2a67c147f05dce422b178f49440ca1a4b0d8fc85db4102460330dc5a40d971d,70a8dcddedef737c,124.7975,802.001,False,True,1,
test,32,6b0d10c3616f1938b4d574a563b40be3-Copy_jpg.rf.532d817889900c8e7fc317ee54936971.jpg,test/6b0d10c3616f1938b4d574a563b40be3-Copy_jpg.rf.532d817889900c8e7fc317ee54936971.jpg,480,640,31521,b919aff00cf65237fe2262fe29bdf3fa8fbe0165d74b1b65db90ecb85964e2bf,303c1aa393323267,150.1031,1035.8992,False,True,1,
test,33,f09855e5cd54c62f84675476c12ec4e6_jpg.rf.41832fe1f6a3c7fcf2ab6eed65b0f022.jpg,test/f09855e5cd54c62f84675476c12ec4e6_jpg.rf.41832fe1f6a3c7fcf2ab6eed65b0f022.jpg,640,496,21768,519fbeb0d8741d71deb447359e456557ad51abde5ee1c849174a40d66a3d3108,498c8d8f878f4b4a,173.3794,537.1218,False,True,1,
test,34,a39787e6425e2969fd41dd5084f48b58-Copy_jpg.rf.d5f0d75b547911f497cbf7fe671208c8.jpg,test/a39787e6425e2969fd41dd5084f48b58-Copy_jpg.rf.d5f0d75b547911f497cbf7fe671208c8.jpg,640,426,15903,e60f916a5c21aadee071f1b134a3b7093f06407bb99f27fa0040562558da8228,98d89818656ce899,220.965,706.5708,False,True,1,
test,35,db74ca092dbf7bd34c56125630300039-Copy_jpg.rf.66d918d05930c49e58c4893b58bbab44.jpg,test/db74ca092dbf7bd34c56125630300039-Copy_jpg.rf.66d918d05930c49e58c4893b58bbab44.jpg,426,640,38753,6d4fdb1c6ded2274c8216cf43bd033587c25a973121b1ff203e3435b888e9787,c0c0d09a9bcccc98,170.1562,2337.0652,False,True,2,
test,36,cbdd25e5fbc027fbd268ecbc9c497959_jpg.rf.1680ebf40ad5afdd392a876358f5911c.jpg,test/cbdd25e5fbc027fbd268ecbc9c497959_jpg.rf.1680ebf40ad5afdd392a876358f5911c.jpg,448,640,21587,38a76728a4cd6ff532fb74a80563a76f7ec86f3d6f1b3c1b2ae185e355955e82,988c9e071f9a0f27,201.9961,1167.5632,False,True,1,
test,37,person-with-good-posture-sitting-on-desk-with-laptop_Cr_DragonImages_envato-Copy-2-_jpg.rf.d139a4ce00accbfcdef8fb5e3d68ebf8.jpg,test/person-with-good-posture-sitting-on-desk-with-laptop_Cr_DragonImages_envato-Copy-2-_jpg.rf.d139a4ce00accbfcdef8fb5e3d68ebf8.jpg,640,426,37345,58281c40eddfe0dace393feedd49024108f1b560a0aa8e1bdbbe9e81009b1ae2,c656424a7aa44c2c,151.8838,1766.3236,False,True,1,
test,38,sipotion_1749658615050_slouch_0_60_jpg.rf.4a184b2300e491beea6d79446a813258.jpg,test/sipotion_1749658615050_slouch_0_60_jpg.rf.4a184b2300e491beea6d79446a813258.jpg,640,640,37320,07d3dc9d4bc47f6d74732975835e9a860c0dcd3e92742d262fa24ddad04cba1b,9823334c59b13b23,153.8833,463.0573,False,True,1,
test,39,sipotion_1749660912234_leaning_forward_0_72_jpg.rf.cf9a4247c1342de3f91b68c9e4a67a32.jpg,test/sipotion_1749660912234_leaning_forward_0_72_jpg.rf.cf9a4247c1342de3f91b68c9e4a67a32.jpg,640,640,38858,df2ad9d07bf45b2253523f7516696bb2cddc886420f8b963030e789111b0b971,464f4f8dbf193d0d,100.6775,449.2177,False,True,1,
test,40,a1bf02829610e90737b5f048b5e33d32-Copy_jpg.rf.e91e31cae2c9b96fbdb616c133aaaba8.jpg,test/a1bf02829610e90737b5f048b5e33d32-Copy_jpg.rf.e91e31cae2c9b96fbdb616c133aaaba8.jpg,640,426,22692,acc12703c2967cec1e89928c61614d392767ef76325dd786c838fdc24b4c8b8e,f4c8ccd94ec7d7c1,217.7368,1460.9028,False,True,1,
test,41,sipotion_1749645312114_slouch_0_72_jpg.rf.e3d25d73aa5f4fa1bf58b82d342b0fb4.jpg,test/sipotion_1749645312114_slouch_0_72_jpg.rf.e3d25d73aa5f4fa1bf58b82d342b0fb4.jpg,640,640,50676,a5f1c9975e61a57c39ed5756f181c1adf88c5378217857e18187b79ebc9447eb,8d4d0cc65736657c,118.6378,1268.9556,False,True,1,
test,42,sipotion_1749658126825_leaning_forward_0_61_jpg.rf.667d1ab0c2c9eea8e7d957242170dabf.jpg,test/sipotion_1749658126825_leaning_forward_0_61_jpg.rf.667d1ab0c2c9eea8e7d957242170dabf.jpg,640,640,39203,e96293ea3ccbebfb4ea128cb75248231fd2148249e5bd0fb6dc18be8ca601faf,574f4f4b4f1d9e0b,134.3808,551.7214,False,True,1,
test,43,sipotion_1749658821418_leaning_forward_0_82_jpg.rf.90d587caac573624e6e55cf7cd0ba7f9.jpg,test/sipotion_1749658821418_leaning_forward_0_82_jpg.rf.90d587caac573624e6e55cf7cd0ba7f9.jpg,640,640,39146,89f79ae3a125f394863ef2a614c0de186679ef2ab5085bed5e0f4bb1543532d8,61531f5f1e9a9ac3,122.6788,606.5678,False,True,1,
test,44,d331558d85678f525213c0fabe9cd385-Copy_jpg.rf.5d1fda43580888d35131e028caebc1fd.jpg,test/d331558d85678f525213c0fabe9cd385-Copy_jpg.rf.5d1fda43580888d35131e028caebc1fd.jpg,480,640,49774,48d4f17a0558fda7f8f9434b3f9eb20110c86d1a046413fdd9414c6b6674decf,6266103070794909,92.7005,1980.5046,False,True,1,
test,45,30a4b35a96c093fefda959d40f799386_jpg.rf.b326fedb0c5907a74d9fc5b9ccf45095.jpg,test/30a4b35a96c093fefda959d40f799386_jpg.rf.b326fedb0c5907a74d9fc5b9ccf45095.jpg,640,428,41262,293d552ced97b01d0cdd9d89bd22cccb1adcb6596d1160a0c12913c6fad8c6fd,ab2b2b2929191db6,184.7408,1840.0757,False,True,2,
test,46,07da296c0d7ed298ef1adc0a1ad22a47_jpg.rf.e9a1e17deaa92800e1f4cb8499f7776e.jpg,test/07da296c0d7ed298ef1adc0a1ad22a47_jpg.rf.e9a1e17deaa92800e1f4cb8499f7776e.jpg,490,640,37390,6fc13acfcb67e11c0e5d85e7be37648dea9031b254a552fadb7f5026c5b89b31,d0eccd872736e7c5,155.8981,1040.3716,False,True,1,
test,47,59d2fde6e6d87a1538a49e6fa55f75a2-Copy_jpg.rf.356c60f1b7d51387bce4c7cf7cde9b1d.jpg,test/59d2fde6e6d87a1538a49e6fa55f75a2-Copy_jpg.rf.356c60f1b7d51387bce4c7cf7cde9b1d.jpg,520,640,26241,16f76a85ad25f3258c4654173c26f424f411492911c95ae05b41e3a2dd27a7c1,858e99e9b3f7cfa1,135.1064,667.0374,False,True,1,
test,48,posture-233-_jpg.rf.7066d9a2ca67655a4d0e6241dece9659.jpg,test/posture-233-_jpg.rf.7066d9a2ca67655a4d0e6241dece9659.jpg,640,640,48542,a9391cf7657fec91da848d7ded36d6f6fc2c6acfe90dff4d74dbbc9bd4523fbf,0013d3ea45052642,157.12,1604.7429,False,True,1,
test,49,sipotion_1749650397826_leaning_forward_0_85_jpg.rf.e024f6690122f97e3a50a6061403b7fa.jpg,test/sipotion_1749650397826_leaning_forward_0_85_jpg.rf.e024f6690122f97e3a50a6061403b7fa.jpg,640,640,35355,c060c5466af780b111fd9e44bd11712a9202e7d3abd3e5bc23eccbd04482f6e0,e393cbcf87694d4f,103.0467,399.9448,False,True,1,
test,50,269e71cd36f6371d09d8d86ea33cc736-Copy_jpg.rf.2691763d89271f473ab22d686e812812.jpg,test/269e71cd36f6371d09d8d86ea33cc736-Copy_jpg.rf.2691763d89271f473ab22d686e812812.jpg,457,640,16977,982a15630a307739aa67d5e2c24ebe311ce25805099771dd9b829a0f296f87cd,c08084cb63862d2d,192.3537,979.6332,False,True,1,
test,51,109063978371b3373c43d70e2241077e-Copy_jpg.rf.019fb8817278bf229b8ef229c0ca5873.jpg,test/109063978371b3373c43d70e2241077e-Copy_jpg.rf.019fb8817278bf229b8ef229c0ca5873.jpg,628,640,28388,23502c3cb580c563f557a7eddfad3f1995505bfa377891630d31e316ff1c1754,0601130307030b13,196.2213,864.0438,False,True,1,
test,52,96bd4af03d7fadfa533e7da434c45962_jpg.rf.a95dbb8d7e45d470a8459684b6c602a1.jpg,test/96bd4af03d7fadfa533e7da434c45962_jpg.rf.a95dbb8d7e45d470a8459684b6c602a1.jpg,425,640,47644,1328965f9ed3cc2121ed2f2c0426b684dedd3b1d9137571cee06d097849f21d2,98387e32333c0f33,130.3833,2470.8562,False,True,1,
test,53,b343425a170baaa4b13d5da4e2a1dd58-Copy_jpg.rf.06eb8ea5646640e319dff331772f6dc3.jpg,test/b343425a170baaa4b13d5da4e2a1dd58-Copy_jpg.rf.06eb8ea5646640e319dff331772f6dc3.jpg,426,640,26199,eb64e944867538973e862cf9019a06812efe24f96f21356bca259590d553cfc7,f8f4e6c6161b2b8d,162.9298,1522.2448,False,True,1,
test,54,b687c7fca4465fd3a16ec49e64b56613-Copy_jpg.rf.bb361bc8f6894886271cbe806935ad1d.jpg,test/b687c7fca4465fd3a16ec49e64b56613-Copy_jpg.rf.bb361bc8f6894886271cbe806935ad1d.jpg,479,640,33992,e2f6abed0580ef5e24fe563bd66faf82661b3a193ab22a419351244ed4568b92,fa6e7c385ad216de,79.9779,311.666,False,True,1,
test,55,7cfb52d66039f707c2a39eed8e9395e8-Copy_jpg.rf.93c8312d994380e70fbe818567f7c5e4.jpg,test/7cfb52d66039f707c2a39eed8e9395e8-Copy_jpg.rf.93c8312d994380e70fbe818567f7c5e4.jpg,427,640,26215,d7fad96e929694371fe8b7e4fe28ac67043f110e4006cdd182e092a0ef7151cd,fffedaf4c58f836d,126.0536,1105.5858,False,True,1,
test,56,54d5623444aa28a035629077f1e3ec07-Copy-2-_jpg.rf.d47437caa93a10d596c532b727522781.jpg,test/54d5623444aa28a035629077f1e3ec07-Copy-2-_jpg.rf.d47437caa93a10d596c532b727522781.jpg,640,426,41006,ef521a4ccd7b4c441d33cc3d6a6662cccfe0c33caa3f7bc9f4167d493ba3e5fb,e4e8e8c818382030,130.0083,938.0531,False,True,1,
test,57,f716e154978334ae2e295d599f94ce18-1-Copy_jpg.rf.227d7e3aaaa6f21158712804037bdea7.jpg,test/f716e154978334ae2e295d599f94ce18-1-Copy_jpg.rf.227d7e3aaaa6f21158712804037bdea7.jpg,457,640,25069,1c95fa28d1adedb49ebf4bb420c146ee0e7b028da39ad39920defbf94194bd79,4c4d9c1e66e6b31b,181.3285,1102.2112,False,True,1,
test,58,d2551c12ee75b9801558fc5fc9aa6835-Copy_jpg.rf.b23b1aff26c060abfd7f17bb9ef2123b.jpg,test/d2551c12ee75b9801558fc5fc9aa6835-Copy_jpg.rf.b23b1aff26c060abfd7f17bb9ef2123b.jpg,512,640,16800,6508776812c74bf062ed1de71e320e3bca0165c74136da05e9d4315a1742b9ee,7c767a63863e6ade,199.8147,705.5128,False,True,1,
test,59,ae991ba64b9c8d6dae8690ad6b3d081c-Copy_jpg.rf.f1f94b91a9163d6ba7133e4bacdd1e25.jpg,test/ae991ba64b9c8d6dae8690ad6b3d081c-Copy_jpg.rf.f1f94b91a9163d6ba7133e4bacdd1e25.jpg,640,640,52675,b5067e2ab2bbd2283978d5c1d68cd175ce765bc532121d39c325352cb4b2d411,5b2ff756af2fceff,133.8466,734.5408,False,True,1,
test,60,55632de40c58a115989eac19fd4a0434-Copy_jpg.rf.4df1d597a86ca75ccd80c18862107ccf.jpg,test/55632de40c58a115989eac19fd4a0434-Copy_jpg.rf.4df1d597a86ca75ccd80c18862107ccf.jpg,640,640,42423,4ac8acfd5576d12ca6afeb1aac78590da11598aed2335be6c356c81216ee496b,2b13224d0e2653d1,161.9534,842.9414,False,True,1,
test,61,4c84606a0be3a00dcd0c5afa33e8e379-Copy_jpg.rf.4abb6266a233f40df4c9bb97f0b58d4b.jpg,test/4c84606a0be3a00dcd0c5afa33e8e379-Copy_jpg.rf.4abb6266a233f40df4c9bb97f0b58d4b.jpg,640,360,16151,36feed7aaa047c55df52e8377ae54a78bf742e8a131e7fa808579b1702adfe15,190427898d098d0c,201.7619,1301.863,False,True,1,
test,62,65b68aa00170db5f0a8af73b0aabb967-Copy-2-_jpg.rf.6db438ef58d42ae06604559a213077fa.jpg,test/65b68aa00170db5f0a8af73b0aabb967-Copy-2-_jpg.rf.6db438ef58d42ae06604559a213077fa.jpg,518,640,28899,53310fe1a7866b3e64d2dd527c03086fec27e27711e72a8bd22c716b2aabb3ac,ccc7cb9381233222,116.3083,872.8338,False,True,1,
test,63,ef22e2258b249c12ed7d356d9763d6e3-Copy_jpg.rf.b459b262a8affa810dc4d58d11eabfa0.jpg,test/ef22e2258b249c12ed7d356d9763d6e3-Copy_jpg.rf.b459b262a8affa810dc4d58d11eabfa0.jpg,512,640,36289,d8a74e1773b81a5291fd75ac97d96055da004b9a8420f7f0324e3eda19cddddd,67276fd6c76e7f7f,151.6382,1427.0676,False,True,1,
test,64,d6ed48520eb23c8108f497dba46154ed-Copy_jpg.rf.144603397b29ed24c456f46102829800.jpg,test/d6ed48520eb23c8108f497dba46154ed-Copy_jpg.rf.144603397b29ed24c456f46102829800.jpg,426,640,23124,9c00ec995ed94d68056693e68db6d776a049379e0af6adb8259cc67bffd901bd,8490a4a48f0e2618,180.8089,1074.9288,False,True,1,
test,65,sipotion_1749658418267_slouch_0_79_jpg.rf.9a36e8883a15711843e135f72ae05c0b.jpg,test/sipotion_1749658418267_slouch_0_79_jpg.rf.9a36e8883a15711843e135f72ae05c0b.jpg,640,640,29837,78dd49ccac4f0dae36539cb2944df984332cc08cff65e7e47e0e2212694f3e1f,3226669296872f6b,137.4319,336.6964,False,True,1,
test,66,sipotion_1749658241945_slouch_0_57_jpg.rf.e8abc4389f9eb095c15124cfc07ff936.jpg,test/sipotion_1749658241945_slouch_0_57_jpg.rf.e8abc4389f9eb095c15124cfc07ff936.jpg,640,640,36661,1a359654c706d9ac51b42a6e681b6776fa78cfb59465aad25e0e8b58f24a5e4f,7757654f0b1d9a09,139.0778,611.4536,False,True,1,
test,67,posture-299-_jpg.rf.cac5831ec89417da394c3c7b3558f21d.jpg,test/posture-299-_jpg.rf.cac5831ec89417da394c3c7b3558f21d.jpg,640,640,68314,39461a6a84645aee7a4aa6efd557c2117754af1d35a707bf8e92997e670e6d76,6232b4b433b33129,112.6755,2041.3745,False,True,1,
test,68,sipotion_1749660960259_leaning_forward_0_93_jpg.rf.17c54483695fd33a61c646d48995086b.jpg,test/sipotion_1749660960259_leaning_forward_0_93_jpg.rf.17c54483695fd33a61c646d48995086b.jpg,640,640,38703,9384379614cd171f3b12c4cb899ce42809af37693084cbe0689860c7e4440afa,565347cf4f0f0e1f,110.4071,602.4164,False,True,1,
test,69,5337e518499bc811621e435c8ff6ec8d_jpg.rf.9006e1a7eeacb21b21a063402b9c52d8.jpg,test/5337e518499bc811621e435c8ff6ec8d_jpg.rf.9006e1a7eeacb21b21a063402b9c52d8.jpg,479,640,21136,1cbb722172175e422e0be2ae13ac89f1a86ffdb229805618fe3bab016b2ce490,0d4d8f1f1d36332f,205.8987,937.6011,False,True,1,
test,70,72d1d0e31b3ee7bf4c0bc751c39d764a-Copy-2-_jpg.rf.3cb52d8e9f43e8bfce2ee492f7701488.jpg,test/72d1d0e31b3ee7bf4c0bc751c39d764a-Copy-2-_jpg.rf.3cb52d8e9f43e8bfce2ee492f7701488.jpg,480,640,20563,14122e65efea6ab6ec0eff126ae7c5de0423c27b69745176765a1c068c0ed789,ecccc6c607292b49,220.1132,763.4199,False,True,1,
test,71,43b535f4216a408236b1b9d7f6c1fea2_jpg.rf.a4b006a5b103bfee161629366e04e484.jpg,test/43b535f4216a408236b1b9d7f6c1fea2_jpg.rf.a4b006a5b103bfee161629366e04e484.jpg,426,640,21853,5bfd34c6ba1a9cd88415830e4e5cb18d714521e75b5d03fb675fd7ab5672a461,c03939117e3b3fff,174.5074,725.1061,False,True,1,
test,72,0ca729bb0533a56046bef7fc90a5e528-Copy_jpg.rf.7a774761abe2cd8883801e26694120b1.jpg,test/0ca729bb0533a56046bef7fc90a5e528-Copy_jpg.rf.7a774761abe2cd8883801e26694120b1.jpg,640,627,28563,cfc8cc4660cdb01bc602227e1f6e5ba9d3902d790113d46dff1db0afb9e6e7b8,2068c2cb89cd5b16,107.3461,358.0092,False,True,1,
test,73,posture-281-_jpg.rf.e849242ae8b497576395d659c73fddaf.jpg,test/posture-281-_jpg.rf.e849242ae8b497576395d659c73fddaf.jpg,640,640,47282,aa9c1b1cbce06ada2438730b31da9547c98cc4659b3a83efbdba514579724c3e,c6b11c8643839b93,155.2132,1031.4209,False,True,1,
test,74,sipotion_1749660947461_leaning_forward_0_94_jpg.rf.af45beb08b97a24c365f0ba757c9cd8a.jpg,test/sipotion_1749660947461_leaning_forward_0_94_jpg.rf.af45beb08b97a24c365f0ba757c9cd8a.jpg,640,640,31979,f2b3d1652fd443c97bab4ff8a4143b8c14c8851efa727801431c62795da488a9,206012998d4f469e,143.0256,430.0087,False,True,1,
test,75,d161f2786ecb34da296fd6a5f5e2f9b8-Copy_jpg.rf.0d977df8a0e3a71a15dd45b1456d169b.jpg,test/d161f2786ecb34da296fd6a5f5e2f9b8-Copy_jpg.rf.0d977df8a0e3a71a15dd45b1456d169b.jpg,492,640,30961,693f88647b0dcbe7c2fcccd23b28c3c5d049d2887f43de1b6ec54468e81516b1,9b3b3f7f6f677e1f,140.8282,427.8281,False,True,1,
test,76,posture-154-_jpg.rf.29f152c3da336483f6e4365513e6811e.jpg,test/posture-154-_jpg.rf.29f152c3da336483f6e4365513e6811e.jpg,640,640,42984,1cd7e99412aaa3a3b59b44149bad38a88457bceda4e70fb661b8b006642c3b9f,838cb4183031c514,125.3413,1004.546,False,True,1,
test,77,384a130b2bbe3f8efd1c030c8575ae32_jpg.rf.38185fd4398fa15e2e6152489b962976.jpg,test/384a130b2bbe3f8efd1c030c8575ae32_jpg.rf.38185fd4398fa15e2e6152489b962976.jpg,640,630,43251,7580d5d02ba8d097220fd94283464e92f39cc2af8337d09f9fc034dbde81fac5,2929a58d5455d7a6,196.5355,1026.1038,False,True,3,
test,78,posture-496-_jpg.rf.8c22147098904f17466838acee64f8fa.jpg,test/posture-496-_jpg.rf.8c22147098904f17466838acee64f8fa.jpg,640,640,46534,bdd362db9f96e892c0ed1f6a41b530a0a2f8f9d3cb1764a28237b07264e37064,e6a6a6269cfcaefe,118.138,894.5688,False,True,1,
test,79,sipotion_1749648193249_good_posture_0_88_jpg.rf.d95125fe1b20ef6376719179dc796b95.jpg,test/sipotion_1749648193249_good_posture_0_88_jpg.rf.d95125fe1b20ef6376719179dc796b95.jpg,640,640,47676,c2fae1e2ce575ef7fb34378ca93bd04148bde72aaf45db2b8601eebde0ede7d9,3f1b1f1f1b030380,146.8549,1617.6121,False,True,1,
test,80,18dbb46aabd5f4894e58e4134de6e8c5-Copy-2-_jpg.rf.4a958c4ee4c1d3ea7a2b3c709dee2fdb.jpg,test/18dbb46aabd5f4894e58e4134de6e8c5-Copy-2-_jpg.rf.4a958c4ee4c1d3ea7a2b3c709dee2fdb.jpg,469,640,33996,095750689a43acb1c84fbca2a5ab323da0e0c467931476c244318fd247ff0c61,3c3676a6363637a7,126.7842,429.1305,False,True,1,
test,81,abcde4b64bd43fc40fb1074ee9dab339-Copy_jpg.rf.b541ee54383795e6ccb9d2325a95b1fa.jpg,test/abcde4b64bd43fc40fb1074ee9dab339-Copy_jpg.rf.b541ee54383795e6ccb9d2325a95b1fa.jpg,512,640,21796,5b490448771a97b1d6f2e908d7e326baae3bc480550fbe8d30177193a50af756,ffffbfb7e3939683,198.9366,984.8853,False,True,1,
test,82,8342eed2d92fca7228e9732d22ecf673-Copy-2-_jpg.rf.e1fca2b45563fb9516f8f7f8786be0c4.jpg,test/8342eed2d92fca7228e9732d22ecf673-Copy-2-_jpg.rf.e1fca2b45563fb9516f8f7f8786be0c4.jpg,640,633,35333,e61acc2bfd259cec8225c72c653b3c60ee6b8c656479318ee74cf67b70462694,96c6e44c4ec2f292,195.8336,828.9725,False,True,1,
test,83,1dbfaeae7a5f83ec3a42df89e3956a0d-Copy_jpg.rf.a192f1b99e4c3fba3f149792e62b1000.jpg,test/1dbfaeae7a5f83ec3a42df89e3956a0d-Copy_jpg.rf.a192f1b99e4c3fba3f149792e62b1000.jpg,426,640,14493,d697ff51790f73e14b04ec57cde34d6a9c9ae900eb76e89bb722b2f495627575,fedebc383ea631c8,195.3356,825.5927,False,True,1,
test,84,20f8b04e8c35f11d763dfd70082e1e27-Copy-2-_jpg.rf.3f6a5e6a42df5f1b50b03c1df56aad77.jpg,test/20f8b04e8c35f11d763dfd70082e1e27-Copy-2-_jpg.rf.3f6a5e6a42df5f1b50b03c1df56aad77.jpg,426,640,18070,45809a5628863d7c04018f18a6518a62dccdcab271e20619049436f330f87e21,90601a9c4f8fad4a,205.108,1238.431,False,True,1,
test,85,cec46972cbef1a581b89ea0a19058678_jpg.rf.789e8b4874d5ada9dc694a9c5abaaff6.jpg,test/cec46972cbef1a581b89ea0a19058678_jpg.rf.789e8b4874d5ada9dc694a9c5abaaff6.jpg,640,426,32419,ca7efbe0594505715e57ef04fc5059d587d57d7bcbadcd6ef7aa7849f8719047,3232332333571717,205.7386,2311.8459,False,True,1,
test,86,07682242a71b0f05da9a31a4f5a473f7_jpg.rf.47164d522c552bca44190e5b5b1afce2.jpg,test/07682242a71b0f05da9a31a4f5a473f7_jpg.rf.47164d522c552bca44190e5b5b1afce2.jpg,640,640,49404,aa579a8fb573a5b82c4d0ce195c301c50e4d9074d819c4f5c1ce5637f4d92309,d4d4756a4c656a49,204.8727,1806.3041,False,True,7,
test,87,posture-460-_jpg.rf.7ddfbcada67874837da6d99cee6429f0.jpg,test/posture-460-_jpg.rf.7ddfbcada67874837da6d99cee6429f0.jpg,640,640,37460,2ba83b99f8f12ba5631bd6300eaf77b989d745d7f15da139423e118dcd3c468f,39b8181b3c0f6123,166.6082,467.4842,False,True,1,
test,88,97c46ea03ebf7108d0587b11e4cb3d23-Copy_jpg.rf.7e4d3596291bd0396a8e7b4a5b2c991e.jpg,test/97c46ea03ebf7108d0587b11e4cb3d23-Copy_jpg.rf.7e4d3596291bd0396a8e7b4a5b2c991e.jpg,434,640,31940,ccf96a65600c0eaebeceeb07eff844b0a94ef8792c79e7cc95f21afcd3b9673e,08a2430f36460703,218.467,3044.8438,False,True,1,
test,89,b401411a6b10217bba7fff0087d4ad5a-Copy_jpg.rf.6281c6804c6871b0db7f9a0981d83a1c.jpg,test/b401411a6b10217bba7fff0087d4ad5a-Copy_jpg.rf.6281c6804c6871b0db7f9a0981d83a1c.jpg,426,640,34685,a23aa46dc89894fe1e85ac6e23b5f9a0fb6bb4aa63de2120d1b458c03a1f5ded,b4b3fbbefe34a6a6,129.9426,2623.8074,False,True,1,
test,90,b128cc384c711b81eb35bc8af1aa0e3b-Copy_jpg.rf.d2131938b14e564bc6b7803161acee4c.jpg,test/b128cc384c711b81eb35bc8af1aa0e3b-Copy_jpg.rf.d2131938b14e564bc6b7803161acee4c.jpg,426,640,15663,de844b66651863f9193c32a008e796af726de2eb13042c829e0898af6710efd8,e0e0c030becd21f6,174.3405,723.2227,False,True,1,
test,91,sipotion_1749636397809_good_posture_0_77_jpg.rf.b63043ebcc84a4664eb52765d294f722.jpg,test/sipotion_1749636397809_good_posture_0_77_jpg.rf.b63043ebcc84a4664eb52765d294f722.jpg,640,640,39037,c4962637dbd3fcac0ac07319800d1ba4d971fda36251e80bc570be957c168c6a,4c4c9a1b199e0609,138.314,1190.7018,False,True,1,
train,0,sipotion_1749650550988_leaning_forward_0_68_jpg.rf.74c604a1b3da097a0be1a2d0b0d5fcf1.jpg,train/sipotion_1749650550988_leaning_forward_0_68_jpg.rf.74c604a1b3da097a0be1a2d0b0d5fcf1.jpg,640,640,57432,93fed3526ecab3a47dda96d4e6738847b39747471091d414b506ff25b628a3ac,948d8d97c7878fce,123.6732,945.0341,False,True,1,
train,1,48ddae6c1833765180cf4a91f937114c_jpg.rf.016d0edf96f5644b422bddb625e42b77.jpg,train/48ddae6c1833765180cf4a91f937114c_jpg.rf.016d0edf96f5644b422bddb625e42b77.jpg,426,640,17112,1da6189973ce22a18231a9349c4bf6c07a523c9e3ee24318ad73e9ff4476ddd8,0707151b1e2d2f2b,151.2834,987.487,False,True,1,
train,2,sipotion_1749649856675_slouch_0_83_jpg.rf.e9c576c3c6fa751c034cfc28488cd381.jpg,train/sipotion_1749649856675_slouch_0_83_jpg.rf.e9c576c3c6fa751c034cfc28488cd381.jpg,640,640,47980,33114e2034c2b3b49480d02a5f0b8716ca2e52ccf2fecc8d6f8e725f52f32203,6c6ccccee6276727,119.2241,1652.7747,False,True,2,
train,3,b9c5f3e637dc92a1919e6e96fe2b5ee2_jpg.rf.0df0aed15163cbef693e69b4bb435eff.jpg,train/b9c5f3e637dc92a1919e6e96fe2b5ee2_jpg.rf.0df0aed15163cbef693e69b4bb435eff.jpg,426,640,20589,aade342278473367abb7ba0e49bc63da593e6182b955595a3e820b3a9b6b60ce,4c8252b19797973e,178.6672,1146.7302,False,True,1,
train,4,sipotion_1749650402977_leaning_forward_0_93_jpg.rf.4afa8c96c80163e9e8c54209af77a6ef.jpg,train/sipotion_1749650402977_leaning_forward_0_93_jpg.rf.4afa8c96c80163e9e8c54209af77a6ef.jpg,640,640,41325,da166e5917a4aa6bc5d722a1821fb349ffe85444e7f377fbc080e38577289800,e3c9cdc686696d4b,94.4398,991.3328,False,True,1,
train,5,sipotion_1749658455036_slouch_0_43_jpg.rf.feaa278ef66d6681eced3afb003db418.jpg,train/sipotion_1749658455036_slouch_0_43_jpg.rf.feaa278ef66d6681eced3afb003db418.jpg,640,640,34782,e32412d7ee0af5db756f33f7e51f0169100907349f19ae323c82e467b794eb9c,2c2e0d47c74f0f4e,146.7394,469.1631,False,True,1,
train,6,sipotion_1749658795005_good_posture_0_45_jpg.rf.754a0c9e4cb6913e56457ffbfdf289e3.jpg,train/sipotion_1749658795005_good_posture_0_45_jpg.rf.754a0c9e4cb6913e56457ffbfdf289e3.jpg,640,640,39256,ff1430667a87c39d8d049194a2d1fa30afd8a2206cab079cb609172e17fba9af,d9d24f5b9e0c0cce,119.5426,581.2253,False,True,1,
train,7,03fd679809fc70b36daa038971206388_jpg.rf.83d0514e701009e74ea2628483d290f5.jpg,train/03fd679809fc70b36daa038971206388_jpg.rf.83d0514e701009e74ea2628483d290f5.jpg,451,640,14839,671c478c479dcaad1146355d5f8998531afda1b3747c03cd1197c76254d14bf0,1064b01f1c131384,187.2384,648.1517,False,True,1,
train,8,sipotion_1749637011586_leaning_forward_0_45_jpg.rf.c46232a3c6bac0f11852d935cd1d735c.jpg,train/sipotion_1749637011586_leaning_forward_0_45_jpg.rf.c46232a3c6bac0f11852d935cd1d735c.jpg,640,640,52663,2e677a137245de700239f0d48b71a98bf4f3ace2366ac29d0ad57de9d01af614,7088d8dcecda797c,130.309,793.2514,False,True,1,
train,9,sipotion_1749658179885_leaning_backward_0_77_jpg.rf.65451d09227f37d20855036a157850fb.jpg,train/sipotion_1749658179885_leaning_backward_0_77_jpg.rf.65451d09227f37d20855036a157850fb.jpg,640,640,37311,29bfab67903d1fa9af07850251a3f0701409ae1da24fc0a748889a5648b6e9ca,575d1f1359890c04,138.1068,418.276,False,True,1,
train,10,ca09442eac5a421002e9abbce5785282_jpg.rf.e12c30e19c0aec85fd60b4d674d48bc1.jpg,train/ca09442eac5a421002e9abbce5785282_jpg.rf.e12c30e19c0aec85fd60b4d674d48bc1.jpg,476,640,22282,cf5df6e3458091e2c1adb1214d23ae3c5496eec6a24091167fcfb2128853094c,ee96b638161a337b,163.9835,857.6561,False,True,1,
train,11,sipotion_1749660929556_leaning_forward_0_90_jpg.rf.3783ed37dc4163b14a4b606f44acfee9.jpg,train/sipotion_1749660929556_leaning_forward_0_90_jpg.rf.3783ed37dc4163b14a4b606f44acfee9.jpg,640,640,33228,a0315faf91989bb2e3d9fca9a1566d5da494081bbc5efceebed19dc20d5e81de,10880d4e26876325,124.2937,468.958,False,True,1,
train,12,sipotion_1749660922587_leaning_forward_0_88_jpg.rf.c755c4bd55148f66cadc7fb9e83d50b6.jpg,train/sipotion_1749660922587_leaning_forward_0_88_jpg.rf.c755c4bd55148f66cadc7fb9e83d50b6.jpg,640,640,40012,8d283aecd8be3d04abdf842a783f4516e42a620b205d972c1b26b9f7f9b8b037,46464f9b1f1b3c19,119.7001,644.0509,False,True,1,
train,13,16a88fe94b0ee27f4819c63b2df6ee41_jpg.rf.78a12d5088c47bfd1bcf52afa2917c83.jpg,train/16a88fe94b0ee27f4819c63b2df6ee41_jpg.rf.78a12d5088c47bfd1bcf52afa2917c83.jpg,640,640,42634,1edfe8517e5e3572fb4d671ba6e0adc622db58e55a1d08bd466173e4a20b1c82,d5d55555154955d5,185.888,1600.6218,False,True,2,
train,14,sipotion_1749658453496_slouch_0_83_jpg.rf.e7945d0845d76abd1ac0e26c83281481.jpg,train/sipotion_1749658453496_slouch_0_83_jpg.rf.e7945d0845d76abd1ac0e26c83281481.jpg,640,640,32063,90b8d2e6b8bedcec177a7228917ecfed6f5ad7bddf8f353e925183a609608b5f,282c0dcb87cf4f0e,142.4827,373.6306,False,True,1,
train,15,sipotion_1749658254428_slouch_0_70_jpg.rf.e829ba60054545ee54f71eac467af038.jpg,train/sipotion_1749658254428_slouch_0_70_jpg.rf.e829ba60054545ee54f71eac467af038.jpg,640,640,29352,95f899b19cdc13a4fc102059e5f696fff37bac9a9b24e88e7cdd4e983ddda616,cd397363ebfb335f,120.7907,210.8807,False,True,1,
train,16,353ff20c38ac089148b3d6307d0470f5_jpg.rf.7e92ed4fdf18512aad3d6343516a1d30.jpg,train/353ff20c38ac089148b3d6307d0470f5_jpg.rf.7e92ed4fdf18512aad3d6343516a1d30.jpg,640,426,40121,04f99f0af4c3028496ba015aacf3804a468fd28b72c62816ea81a666ffb669d6,7828385ceca9baf0,108.2568,1676.4242,False,True,1,
train,17,sipotion_1749660944688_leaning_forward_0_92_jpg.rf.b3029682f907d7d2383997467991402e.jpg,train/sipotion_1749660944688_leaning_forward_0_92_jpg.rf.b3029682f907d7d2383997467991402e.jpg,640,640,29099,b251e403576af30029171288fc96b1d5cf8b21a13297f85fd1d3e72931b9abd3,98101b1d4f878747,143.7078,404.2277,False,True,1,
train,18,sipotion_1749658301936_slouch_0_79_jpg.rf.e7bd06bec199f15de2fa1e96742d9a0f.jpg,train/sipotion_1749658301936_slouch_0_79_jpg.rf.e7bd06bec199f15de2fa1e96742d9a0f.jpg,640,640,35416,b7be84cc6f99e4b62273b0a53ae6219064c47130786550ed780b7ec106281426,e0e271497933d2c4,129.219,979.4933,False,True,1,
train,19,f63330d769a8f44368f380945d2a1656_jpg.rf.ecdbe3b239d59be33f698fcb58aa7d96.jpg,train/f63330d769a8f44368f380945d2a1656_jpg.rf.ecdbe3b239d59be33f698fcb58aa7d96.jpg,640,426,33424,3b53662e95bc81d345b6e2225c1983cbd037f2f3e73cc2413f8641cba789f2f7,aea6b3bb666f6d27,145.1942,1436.6478,False,True,1,
train,20,036894bc9625960d01fc04bcf5d663b6_jpg.rf.50bf05257130edb096b8696be46d0af0.jpg,train/036894bc9625960d01fc04bcf5d663b6_jpg.rf.50bf05257130edb096b8696be46d0af0.jpg,640,462,10673,c7380b2365045d99bd4de4d2234f1eb0b330e9b786dec04a0ba40f89f98ee5c8,894a4c2d4d2d0d4f,236.3844,634.8835,False,True,1,
train,21,sipotion_1749636396471_good_posture_0_81_jpg.rf.04aea4cf15e94704603a60797b8bfb22.jpg,train/sipotion_1749636396471_good_posture_0_81_jpg.rf.04aea4cf15e94704603a60797b8bfb22.jpg,640,640,38177,b55a2e5ecb61d375e69dc4f6415ff8b85c5cf1db455116581e770d15ce361ac6,4dcc9b9a198e0e89,136.5669,1091.0913,False,True,1,
train,22,0d3c7ea98ef00e38def853945a9bad57_jpg.rf.781cde90d112ed38c52994ab877d899b.jpg,train/0d3c7ea98ef00e38def853945a9bad57_jpg.rf.781cde90d112ed38c52994ab877d899b.jpg,426,640,16023,ec67213facf14f289649c9455b570a03df99621bbde9e1cff544f7560be908f4,f0f0eaf3e3a63a40,177.843,565.8976,False,True,1,
train,23,sipotion_1749636392897_good_posture_0_88_jpg.rf.534d5657ee3d7e99e4778e567e50f86f.jpg,train/sipotion_1749636392897_good_posture_0_88_jpg.rf.534d5657ee3d7e99e4778e567e50f86f.jpg,640,640,35949,9e3bebaf7bb42f88f71bc51a2c41f846350f5600ee4ce131cb5e041668207f5f,4c8c9b9a198e8e89,135.0776,832.1057,False,True,1,
train,24,sipotion_1749650541949_leaning_forward_0_45_jpg.rf.cb6a09f83bac171d310be3e1fd94cd5a.jpg,train/sipotion_1749650541949_leaning_forward_0_45_jpg.rf.cb6a09f83bac171d310be3e1fd94cd5a.jpg,640,640,57139,b2a9751d162d4cee274cb7b8fbbeb0f9590b3ce10a48871c31684e13eb2f9c5c,0d852727a70f1e9e,130.3625,889.3265,False,True,1,
train,25,5678fa20200e3d80dc15d6db3090e4a1_jpg.rf.51c2cf195b6093f974f286d7be153990.jpg,train/5678fa20200e3d80dc15d6db3090e4a1_jpg.rf.51c2cf195b6093f974f286d7be153990.jpg,502,640,21278,ce463f6752d80ab493860bb96d72796275eb5aa762d25e7314c3694146840949,d428616a34148e79,191.9631,1489.9937,False,True,1,
train,26,sipotion_1749660908457_leaning_forward_0_83_jpg.rf.23059baeaa1c8fb0704256e77e38083a.jpg,train/sipotion_1749660908457_leaning_forward_0_83_jpg.rf.23059baeaa1c8fb0704256e77e38083a.jpg,640,640,46315,65f68dc2b68d4e9bc2a8daf9a6fe69309c215863b59fe7ea573297452236b986,aea6af0f0f9b1dbe,105.8404,1276.0273,False,True,1,
train,27,sipotion_1749658601907_leaning_backward_0_52_jpg.rf.fe8e636369912d319f8aff30480b87e4.jpg,train/sipotion_1749658601907_leaning_backward_0_52_jpg.rf.fe8e636369912d319f8aff30480b87e4.jpg,640,640,34222,20f1f184d0dd74b9c9f8f0f7bed8d9d8f7344250460ed752020fe423a08c9a8a,d8a4661a32365e5f,161.202,379.3141,False,True,1,
train,28,ac97be302e96fe2b06d6813335189dd7_jpg.rf.a797a646925b00890ad2fe80613fc5a8.jpg,train/ac97be302e96fe2b06d6813335189dd7_jpg.rf.a797a646925b00890ad2fe80613fc5a8.jpg,426,640,19591,c8611b57491b81280004e4958eee0d66ef13646dc0113fbbb7b9583e8c953b1c,489a989e8e4e92a3,183.0847,1092.4298,False,True,1,
train,29,85c031b309e33385e14a6c47b735e9a2_jpg.rf.db68234017e316945eee4996f7395dbb.jpg,train/85c031b309e33385e14a6c47b735e9a2_jpg.rf.db68234017e316945eee4996f7395dbb.jpg,640,459,23124,ce9c4c71cd03993ed5c7c13d1c75171cf7c3e1fdf64e382e61bf9beba5353308,4936363233971348,220.9331,1332.5466,False,True,2,
train,30,sipotion_1749658646618_leaning_forward_0_44_jpg.rf.db03a5bbda086c6decd82cb710242f43.jpg,train/sipotion_1749658646618_leaning_forward_0_44_jpg.rf.db03a5bbda086c6decd82cb710242f43.jpg,640,640,33230,72c7916592fb25724bc1887c3a332eb0f908a5b1885fa6bfa83b0e30a3403a0b,30240650259db5b7,123.5343,267.7772,False,True,1,
train,31,sipotion_1749649859977_slouch_0_63_jpg.rf.0f65919b3a0b364aae7a341726de0f7c.jpg,train/sipotion_1749649859977_slouch_0_63_jpg.rf.0f65919b3a0b364aae7a341726de0f7c.jpg,640,640,46137,efd09651649ef24575896816a4994ab448e0815f705521a109436806e3966cb1,ececcce6e627e731,112.5888,1277.8463,False,True,1,
train,32,sipotion_1749649826277_leaning_backward_0_86_jpg.rf.4a94dbd3c99df31514dd3ea5367a08af.jpg,train/sipotion_1749649826277_leaning_backward_0_86_jpg.rf.4a94dbd3c99df31514dd3ea5367a08af.jpg,640,640,33414,625293cdd4b68458bf6a9ea0495a95f5e61edc1b15e65223a737937eacd2ab13,8c8cce8e6c4e9e76,114.5092,262.8355,False,True,1,
train,33,sipotion_1749658387145_good_posture_0_65_jpg.rf.d9266bf92b18319cbf2881749c1961ab.jpg,train/sipotion_1749658387145_good_posture_0_65_jpg.rf.d9266bf92b18319cbf2881749c1961ab.jpg,640,640,29656,20cc773fb8f378751a6f1f728da12e7827908412410627f183472e5605b8ad8e,6266e6a62626565e,141.342,388.8506,False,True,1,
train,34,sipotion_1749658385294_good_posture_0_48_jpg.rf.88c632f00cc0674fffeb088892049e88.jpg,train/sipotion_1749658385294_good_posture_0_48_jpg.rf.88c632f00cc0674fffeb088892049e88.jpg,640,640,39910,2768cc1576f8d57dc090047bc396a87be4b567461049b3751e2d4684b377193f,6273d23333234746,138.056,1495.9208,False,True,1,
train,35,sipotion_1749658369570_slouch_0_47_jpg.rf.5735dc197b207d75bec003a5ccaf0ed4.jpg,train/sipotion_1749658369570_slouch_0_47_jpg.rf.5735dc197b207d75bec003a5ccaf0ed4.jpg,640,640,29527,e447c3014987f7f083c14383585a9923de0dc9ebf005e63e3ba6989b0d8a8df3,e466e6e6262646de,138.3394,357.9997,False,True,1,
train,36,sipotion_1749658557209_slouch_0_40_jpg.rf.26dbbbf14197dddb074a86193aad0451.jpg,train/sipotion_1749658557209_slouch_0_40_jpg.rf.26dbbbf14197dddb074a86193aad0451.jpg,640,640,42947,a3fe7c9bab1b2691371e10a08f46534ec42514d7f0405307b107db0f8f60942a,8f9c363363a29283,121.4121,464.7467,False,True,1,
train,37,sipotion_1749658202114_leaning_forward_0_83_jpg.rf.978b4a18ab2f8bbefb179c24b2bac3aa.jpg,train/sipotion_1749658202114_leaning_forward_0_83_jpg.rf.978b4a18ab2f8bbefb179c24b2bac3aa.jpg,640,640,35426,02302ae90259e8d808758220995819f04d2c22a39d6a38f56d02f057ebc13135,ccbf8f8f9f1b1b19,148.891,487.2874,False,True,1,
train,38,f44c6ccd421750ad1c75b35d6b2ee4da_jpg.rf.2c652bccd2ca78d48a289e11cbe12891.jpg,train/f44c6ccd421750ad1c75b35d6b2ee4da_jpg.rf.2c652bccd2ca78d48a289e11cbe12891.jpg,480,640,19512,c7bf9eec383c6d44d376cd836a3873472d1ec62af6862b5b6c4bea653e363cff,c8c6465952c70707,185.9967,513.5422,False,True,1,
train,39,07c82ef97039dc0302cb5dfd1f4cb413_jpg.rf.d97c4c03daec059b46ff8cdad7f1b4dc.jpg,train/07c82ef97039dc0302cb5dfd1f4cb413_jpg.rf.d97c4c03daec059b46ff8cdad7f1b4dc.jpg,640,426,29981,6f5133a285452298971855024d039b9d80f547ec125b343fdf505f3eb1cc3715,f3f575454d191b1b,175.3758,1037.3477,False,True,1,
train,40,12409ad7deb10d5ed474ba47e6738b4a_jpg.rf.3b1702d63ad0a9dcb2d79ff5c68e155d.jpg,train/12409ad7deb10d5ed474ba47e6738b4a_jpg.rf.3b1702d63ad0a9dcb2d79ff5c68e155d.jpg,640,640,46832,490744da5b33b0893bc6bc47463f651c2097f9dee67d54b0f49f56ac9f2b6d36,591d319b9d262722,146.0976,980.6765,False,True,1,
train,41,sipotion_1749649786281_leaning_forward_0_86_jpg.rf.15510ce0c8edc6ba1493dfb6a0ac1cf7.jpg,train/sipotion_1749649786281_leaning_forward_0_86_jpg.rf.15510ce0c8edc6ba1493dfb6a0ac1cf7.jpg,640,640,33687,a4fe103bc89c0624b0d8b01bb0098b8cbd188ac826fdcb7329d5c23162fc3713,d6f3bf4f07a73474,105.8577,225.8974,False,True,1,
train,42,2d9d6695b9738eff81cbab92e7e48700-Copy_jpg.rf.2bd12894bf06a8f86dc6ef73d61099ed.jpg,train/2d9d6695b9738eff81cbab92e7e48700-Copy_jpg.rf.2bd12894bf06a8f86dc6ef73d61099ed.jpg,640,423,35931,07d0a7558fe5e2a06e66387e45b1563179bf46a40334fdbf543214f0e11a558d,5256468c1c1c58c8,169.1481,1938.5834,False,True,1,
train,43,a2b289bc83b7a4fd46328abc1128405d_jpg.rf.dcf1c3bec66ba974bd48c1163cb3e4b5.jpg,train/a2b289bc83b7a4fd46328abc1128405d_jpg.rf.dcf1c3bec66ba974bd48c1163cb3e4b5.jpg,640,640,50773,e43121c5c147c95a9d4b4f9b143657b52dda5bd5cb3a012b91b2e4b34f4caf12,256dc9513b6b6127,212.5874,2303.4834,False,True,2,
train,44,sipotion_1749658834856_leaning_backward_0_69_jpg.rf.4eef4b81e703fae8f97f7fd5a128b697.jpg,train/sipotion_1749658834856_leaning_backward_0_69_jpg.rf.4eef4b81e703fae8f97f7fd5a128b697.jpg,640,640,27125,03a115514ebd3c15c671c7136f1fdb5dd644aae38eb0cbc6d1fd4da527f71d6c,a0b0b2a7878b8383,155.7753,286.3289,False,True,1,
train,45,sipotion_1749658504608_slouch_0_56_jpg.rf.2f89a4b62a0fec14a74286edfe4e60a3.jpg,train/sipotion_1749658504608_slouch_0_56_jpg.rf.2f89a4b62a0fec14a74286edfe4e60a3.jpg,640,640,49636,5117a7bbe5b3781e6ab9c2cb10d687aee9a95481c4eee7b298a8e502666cd2c6,5f5f1f1b1b1d160a,114.0853,1369.9714,False,True,1,
train,46,c2bc59cd78921a4811bca7253f33bf8a-Copy_jpg.rf.12ced5adb9a6bce6b41db068ae9ae52b.jpg,train/c2bc59cd78921a4811bca7253f33bf8a-Copy_jpg.rf.12ced5adb9a6bce6b41db068ae9ae52b.jpg,426,640,14309,a6816ec8fc167124e3532fa909b13820d5c95472e13b1698a0770000ce575f20,c7e787786e8323c7,193.3732,544.3698,False,True,1,
train,47,sipotion_1749658592179_leaning_backward_0_57_jpg.rf.1b646c04b560cc80de3c69720e0dce9e.jpg,train/sipotion_1749658592179_leaning_backward_0_57_jpg.rf.1b646c04b560cc80de3c69720e0dce9e.jpg,640,640,43781,915f69d0cb7020acb540e9ff0abd03b1a08a201785170d8787e828b671288c60,afbf3f63e3b89994,122.5933,511.0481,False,True,1,
train,48,164beb21e641c2e24c5a1f6f62587bc1_jpg.rf.c1fe4efbb833abc0060ad38c537226f9.jpg,train/164beb21e641c2e24c5a1f6f62587bc1_jpg.rf.c1fe4efbb833abc0060ad38c537226f9.jpg,640,314,13398,fbc08f6f3ce0aa70d9715ab5d7d77f9d07730a8e94c3b1fc759489728ce9671d,005a4a6d662b4506,231.3925,1191.2496,False,True,2,
train,49,642810152cca1b37a584fac07693a363_jpg.rf.44a6b80d928650d62dba3aa4d211823c.jpg,train/642810152cca1b37a584fac07693a363_jpg.rf.44a6b80d928650d62dba3aa4d211823c.jpg,640,640,33766,ab30a486e3fc9f6bbba4ed637d8d6bc3b77fe6649debe3d6ad1a75f3ace384a3,dbb3337337356727,199.6125,1139.1604,False,True,2,
train,50,sipotion_1749658658497_slouch_0_81_jpg.rf.d38860f50cefb5975a94f695f947d3d2.jpg,train/sipotion_1749658658497_slouch_0_81_jpg.rf.d38860f50cefb5975a94f695f947d3d2.jpg,640,640,52758,29fb3d5481a3c83a97869d77a0ea1e13e6371c3aab0c43474e10867b551a83ab,30280e58348c9d97,152.439,2032.25,False,True,1,
train,51,bb8d22e4651148c458fdfca7e92d22f9_jpg.rf.cea3a98b1b592ca58b00039b83d7391a.jpg,train/bb8d22e4651148c458fdfca7e92d22f9_jpg.rf.cea3a98b1b592ca58b00039b83d7391a.jpg,426,640,35335,be6d7eb58694dd2e861721ada1c3a1534aeccd2819a896312f616d719835878b,ad6461262637d586,166.5293,1426.0862,False,True,1,
train,52,sipotion_1749649829222_leaning_backward_0_85_jpg.rf.cd58771c8e0857e69e9ce39fbdab5729.jpg,train/sipotion_1749649829222_leaning_backward_0_85_jpg.rf.cd58771c8e0857e69e9ce39fbdab5729.jpg,640,640,44690,082031a50944272ca1e65d0ec667d4e6aa6d9e929b5da4abbe7318b530cfbf4c,8c8c8e8e4c5e1e66,133.2336,1201.6813,False,True,1,
train,53,334cbc1795755361563740d1b9c2ba02_jpg.rf.a6a7a4dda70cec7a7518a465ef2dcdd6.jpg,train/334cbc1795755361563740d1b9c2ba02_jpg.rf.a6a7a4dda70cec7a7518a465ef2dcdd6.jpg,537,640,21300,712f35fc64c715d7f5e3724c367dae3bbfd2f1efff8f027a8a16403d1acc9bcf,9a9a3c870b0f0d35,166.8233,688.8753,False,True,1,
train,54,sipotion_1749658273577_good_posture_0_72_jpg.rf.486224dc355378e655413def1352e9ff.jpg,train/sipotion_1749658273577_good_posture_0_72_jpg.rf.486224dc355378e655413def1352e9ff.jpg,640,640,24861,2d60da4e6b69fa47d993442d3739b38a3498f8e8bbdab11ad6f56826386d066e,e6e6e6e8f37bebdb,149.0603,222.9697,False,True,1,
train,55,sipotion_1749660936500_leaning_forward_0_85_jpg.rf.3522e0fbbdc135f03a0acbab14f85120.jpg,train/sipotion_1749660936500_leaning_forward_0_85_jpg.rf.3522e0fbbdc135f03a0acbab14f85120.jpg,640,640,33074,e3e599d651d8c8da785cfa992635cbce93de23eb28bfe8e33dc2d36dbb278035,60d89c8c0547c3c7,126.6046,432.0171,False,True,1,
train,56,sipotion_1749660918279_leaning_forward_0_93_jpg.rf.625f894163494d676920e088a9a3031a.jpg,train/sipotion_1749660918279_leaning_forward_0_93_jpg.rf.625f894163494d676920e088a9a3031a.jpg,640,640,39560,8c0acc4bab8e4fce13064b7c9421f68b9d01c2cf77b8c230ab2e49460b48732f,2b23cf8d8e0e1e0c,106.6866,673.519,False,True,1,
train,57,f96e0320bb76b43237861d629e025daa-1-_jpg.rf.8a4391d38ddbde7a8c529cd70c8301d4.jpg,train/f96e0320bb76b43237861d629e025daa-1-_jpg.rf.8a4391d38ddbde7a8c529cd70c8301d4.jpg,491,640,14826,7298827586905dad1cd4732d6c7a1d0ee7d9cf49ace6c76860f9d7d30469bfc8,0f061926869e9adb,181.2473,730.676,False,True,1,
train,58,4bf7a1f74bd8a456fecc108fe136dcea_jpg.rf.e0181a963af50ca0e7511833cf094e95.jpg,train/4bf7a1f74bd8a456fecc108fe136dcea_jpg.rf.e0181a963af50ca0e7511833cf094e95.jpg,426,640,22904,3aff379e0c4589d9f0ddc6823db31aae4b0db90beb26051e5439dbb70a7a982a,e2fedf2c39898c8e,127.8302,601.9149,False,True,1,
train,59,sipotion_1749658652880_slouch_0_76_jpg.rf.f8cd8fd3375b3b21681716a0afbfe08c.jpg,train/sipotion_1749658652880_slouch_0_76_jpg.rf.f8cd8fd3375b3b21681716a0afbfe08c.jpg,640,640,37611,807cf6ee73517c7bc582482a7ba4d29fb616066de28f1937f81b657e90593482,30280e58348c9d95,156.7466,450.4344,False,True,1,
train,60,sipotion_1749658655732_slouch_0_84_jpg.rf.1f9fd59ce28a9a5e82b4145d14b1f3d2.jpg,train/sipotion_1749658655732_slouch_0_84_jpg.rf.1f9fd59ce28a9a5e82b4145d14b1f3d2.jpg,640,640,37194,4139e71bf855b2add4b1a0118d4f6fca5492505a2a1d80d18f7d13dc7d3a198f,1826260c148c9d97,136.1069,388.1577,False,True,1,
train,61,sipotion_1749658433630_good_posture_0_77_jpg.rf.9fa58e32268ca4cc678cc457054fd15f.jpg,train/sipotion_1749658433630_good_posture_0_77_jpg.rf.9fa58e32268ca4cc678cc457054fd15f.jpg,640,640,29162,2cdaf0b5e27864b795fe53dc0906478b0de8e191dfc353017bb93d56d41b23f4,302666a786260656,144.1619,318.6876,False,True,1,
train,62,sipotion_1749658422979_slouch_0_86_jpg.rf.f9bc69c200b78a51ff3aec363fdd95ee.jpg,train/sipotion_1749658422979_slouch_0_86_jpg.rf.f9bc69c200b78a51ff3aec363fdd95ee.jpg,640,640,30817,b19ff42703d8d39d4d22faf9db106a2837f6a99c70ee3eb8c2678288cb6f8fdf,b4262753d3872f3f,137.1452,396.0177,False,True,1,
train,63,sipotion_1749658442127_good_posture_0_53_jpg.rf.bd7378953f28490c8dd013edd3900395.jpg,train/sipotion_1749658442127_good_posture_0_53_jpg.rf.bd7378953f28490c8dd013edd3900395.jpg,640,640,25139,6c47e12cdb35ff1bcf48892d95d3fd1e3ccf48cf3e6ed9c13f2a2376c2340c37,c298989c1c1d1c3c,148.708,293.9926,False,True,1,
train,64,4edf682b2586f97d3036b834179bb71e_jpg.rf.15dbfe28a107ad6766366a65a5d70021.jpg,train/4edf682b2586f97d3036b834179bb71e_jpg.rf.15dbfe28a107ad6766366a65a5d70021.jpg,480,640,24467,d858c85c7e3f960b3008f76d51e474367f76177c5467477878ed63d5232150e1,848485b2921a3ae4,121.1106,432.2175,False,True,1,
train,65,d431ef6818d215d304c11efe5a8d485d_jpg.rf.f4c65b623ecc3197482189e109820891.jpg,train/d431ef6818d215d304c11efe5a8d485d_jpg.rf.f4c65b623ecc3197482189e109820891.jpg,465,640,21417,b31a92de74dec61476890a512e17deb55850e4ff1166674c191579285fcdc517,f8f8f2d8e1c393b3,214.4925,890.6769,False,True,1,
train,66,df71d8ccc4340726edec1490867bf2b5_jpg.rf.8da49f91ab5020cc92cb42d2450a0dd9.jpg,train/df71d8ccc4340726edec1490867bf2b5_jpg.rf.8da49f91ab5020cc92cb42d2450a0dd9.jpg,426,640,28119,3c28cb76f44d0ef258307fd0a6127e3257870b992604b9ea574bb28991062fca,f333d3476f636f77,170.1711,1759.3788,False,True,1,
train,67,sipotion_1749650401543_leaning_forward_0_58_jpg.rf.7725919671b206dd9e24898ab94209e1.jpg,train/sipotion_1749650401543_leaning_forward_0_58_jpg.rf.7725919671b206dd9e24898ab94209e1.jpg,640,640,32527,62a556ea27878dbc4ade37c00bb54756d58a66c995a5f3ce547fbbb3eb96430a,e3c3c9cf87696d4f,105.8943,316.0493,False,True,1,
train,68,sipotion_1749658178359_good_posture_0_71_jpg.rf.0b2c683ee8e2ea563c0401cb9d803b45.jpg,train/sipotion_1749658178359_good_posture_0_71_jpg.rf.0b2c683ee8e2ea563c0401cb9d803b45.jpg,640,640,38004,172d27a779735a9ebaf1db0cace080287688e4b18c7afa7f17274f623e386234,77571f1f131d9d07,134.2081,589.2022,False,True,1,
train,69,sipotion_1749642775499_leaning_forward_0_70_jpg.rf.9875c6cfe98a700506bbffbb304ec449.jpg,train/sipotion_1749642775499_leaning_forward_0_70_jpg.rf.9875c6cfe98a700506bbffbb304ec449.jpg,640,640,31327,8850785362a873853fe611ae5770de881edd26d37250d8c0dca96ec6c4e8cdef,ece0de9e8f0d1003,95.7626,458.6476,False,True,1,
train,70,sipotion_1749660914798_leaning_forward_0_92_jpg.rf.13ad6cb48abfb2fadc35b9456f639a24.jpg,train/sipotion_1749660914798_leaning_forward_0_92_jpg.rf.13ad6cb48abfb2fadc35b9456f639a24.jpg,640,640,37112,861742f738bdda74b98268d9bd86b13c75c46ec8e591dee91f420faf9a53ce32,5303cf8d9e0a1d0e,108.1384,381.3566,False,True,1,
train,71,sipotion_1749649868548_slouch_0_86_jpg.rf.9eb0741bf441b370b5726c9d301c7017.jpg,train/sipotion_1749649868548_slouch_0_86_jpg.rf.9eb0741bf441b370b5726c9d301c7017.jpg,640,640,47041,9bf3ae050272218e79d9617a5a1346da852308bd847ecbf18e4d0b003915d3f5,ececceceec27e725,119.0845,1451.8063,False,True,1,
train,72,sipotion_1749660935080_leaning_forward_0_91_jpg.rf.f3bd6cb3d47f968f17256d35efcf90ba.jpg,train/sipotion_1749660935080_leaning_forward_0_91_jpg.rf.f3bd6cb3d47f968f17256d35efcf90ba.jpg,640,640,34411,f6f0cd1d755e8af4ebe6c4abd4e3b83ecf412885f0545f66b3370b9c81871f57,6060b4198b4a069e,119.3591,630.1066,False,True,1,
train,73,0138e93a957e274905ea6c2ed2d4042d_jpg.rf.601de128185a0d950a6067ad646f88c8.jpg,train/0138e93a957e274905ea6c2ed2d4042d_jpg.rf.601de128185a0d950a6067ad646f88c8.jpg,640,640,49533,72c21d12702f732a7d1fd12a66e49fcd41de86cb54c4a04e3a09920b1a9ff91c,aaaac5aaaaaaaaaa,211.4121,2325.3279,False,True,10,
train,74,a661ffb01f95295449f9d5357024b13e_jpg.rf.58e2468e4ab71622dfaa6564cb083acb.jpg,train/a661ffb01f95295449f9d5357024b13e_jpg.rf.58e2468e4ab71622dfaa6564cb083acb.jpg,640,426,24849,c61e7c0c8c0c97c472aff134d17de2553ad0c615e032ddd1290f1962c358a16b,56969e9293871517,212.5344,1406.6252,False,True,1,
train,75,sipotion_1749648180037_leaning_forward_0_82_jpg.rf.f982d335b0f69c83b3389ec79d5c5988.jpg,train/sipotion_1749648180037_leaning_forward_0_82_jpg.rf.f982d335b0f69c83b3389ec79d5c5988.jpg,640,640,41850,d31fec7d7bcbf24d9c53ca35a19bca2e29522089267972daa3c11a0b888711bb,252f3f0b0b078084,148.5625,878.3551,False,True,1,
train,76,sipotion_1749642774253_leaning_forward_0_48_jpg.rf.7ee6346799ec7594ad7dca2c5b5dd9df.jpg,train/sipotion_1749642774253_leaning_forward_0_48_jpg.rf.7ee6346799ec7594ad7dca2c5b5dd9df.jpg,640,640,37819,843291697f7947402c102095827b3281d5f278b5b66606c806ff832568255603,eee4d89e8d0d1042,97.4148,1008.5408,False,True,1,
train,77,12549cd180196f34b4527ceb4f8eab15_jpg.rf.7d67896ccdd692205b5ce7a42339a3e6.jpg,train/12549cd180196f34b4527ceb4f8eab15_jpg.rf.7d67896ccdd692205b5ce7a42339a3e6.jpg,479,640,28407,73b24d26967e930333686466e933fffa260ea8a13725903f0a87e0afcca6bb5a,a6233323e387b939,177.5415,736.7123,False,True,1,
train,78,sipotion_1749658638019_good_posture_0_45_jpg.rf.5ec32f364f88c7aa5479128056bf4a31.jpg,train/sipotion_1749658638019_good_posture_0_45_jpg.rf.5ec32f364f88c7aa5479128056bf4a31.jpg,640,640,40784,5035d4d9064e3c9934daf775860e5f81debe8b5bfe18f7ff38fb594995f4df4a,3024660c995d1919,120.0319,801.3597,False,True,1,
train,79,sipotion_1749658643366_slouch_0_75_jpg.rf.dec505548c56b3ecbeae3f29fd807e10.jpg,train/sipotion_1749658643366_slouch_0_75_jpg.rf.dec505548c56b3ecbeae3f29fd807e10.jpg,640,640,44289,649aea42becfd0e4305e4f3f94c4fd4f46e70b7668bcd752fc8aa007a0f2924b,2426575024993537,137.4514,959.2921,False,True,1,
train,80,sipotion_1749645595364_slouch_0_84_jpg.rf.4a21416230f7d636b3bb398ed9b80adf.jpg,train/sipotion_1749645595364_slouch_0_84_jpg.rf.4a21416230f7d636b3bb398ed9b80adf.jpg,640,640,46581,7f3638c02541d165da9f704f2330f82149ccf7dd5ee9f4a5dc4945226f836a2b,8a0f8d474b57b4cc,113.9323,822.212,False,True,1,
train,81,sipotion_1749658262311_slouch_0_73_jpg.rf.7b54b4a24c5d78c4be3e62406796273e.jpg,train/sipotion_1749658262311_slouch_0_73_jpg.rf.7b54b4a24c5d78c4be3e62406796273e.jpg,640,640,25087,10be4a5df01b4a96a5511b8554ce962af5ed76d10fa319dbf0a30a844639a42f,e4e6c6ccf979ebef,159.1985,242.5276,False,True,1,
train,82,d47bfdaf545091c1be93494644ea634d_jpg.rf.3427cbccab87faa602fc3c20ab16f2ec.jpg,train/d47bfdaf545091c1be93494644ea634d_jpg.rf.3427cbccab87faa602fc3c20ab16f2ec.jpg,640,426,41522,6a9d1b0d9c3cc965bf455b18e41d64b1afbec104fa7eb87322be4b3da5f96bc2,6c9e9a1a1a3e3604,189.9247,2351.3933,False,True,2,
train,83,sipotion_1749658299486_leaning_backward_0_77_jpg.rf.90dbac00dbd0b79961482696ea1899c6.jpg,train/sipotion_1749658299486_leaning_backward_0_77_jpg.rf.90dbac00dbd0b79961482696ea1899c6.jpg,640,640,29091,810066c9e9de3c98296757df5b03613542fff2dd6f26ef5a84b4694c0bfeaf7c,e2e3d3fb723697c9,132.2541,257.6331,False,True,1,
train,84,sipotion_1749643406632_leaning_forward_0_55_jpg.rf.e61215c99298cdc791e1f78160e79c63.jpg,train/sipotion_1749643406632_leaning_forward_0_55_jpg.rf.e61215c99298cdc791e1f78160e79c63.jpg,640,640,39005,7e2fcc3e5b6aa117dd35f575d0cef524ecc20f6f6194b143dda783d46bd5f930,c78746462726443d,101.7665,451.1127,False,True,1,
train,85,7e8987d97815ac92e40af23969d37b6d_jpg.rf.e9b6aeaab13338a7b44e6ed7e460fbcf.jpg,train/7e8987d97815ac92e40af23969d37b6d_jpg.rf.e9b6aeaab13338a7b44e6ed7e460fbcf.jpg,640,426,17699,3d5516c56ccca4c15d527093783e6f8c3f4e119eaa99593a9945131cf0493558,f8f6d6a54d9d970d,202.334,1010.5244,False,True,1,
train,86,sipotion_1749658458320_slouch_0_78_jpg.rf.a185d3ad24d2248935e1fc4f18243fb1.jpg,train/sipotion_1749658458320_slouch_0_78_jpg.rf.a185d3ad24d2248935e1fc4f18243fb1.jpg,640,640,28948,610a4e6a07e1fb455c949622e559888099263f94f93ec0720c2eee4cbad12e64,8884044547cf074f,78.2286,243.774,False,True,1,
train,87,cd73af0a7e9bee5131375eedd7085d25-Copy_jpg.rf.23d6ec572e70e35874420ef6e3259027.jpg,train/cd73af0a7e9bee5131375eedd7085d25-Copy_jpg.rf.23d6ec572e70e35874420ef6e3259027.jpg,426,640,45910,9883e23a51fa9118d9f6962890fe0f7416165a8397bf61ec524c66d7e359b5e6,84c1c9c38e98b84a,139.7026,2305.7725,False,True,1,
train,88,21821f3caee00e219a0312ce4934fb83-Copy-2-_jpg.rf.d9c678339fc98f1183eb71ee5a9a561f.jpg,train/21821f3caee00e219a0312ce4934fb83-Copy-2-_jpg.rf.d9c678339fc98f1183eb71ee5a9a561f.jpg,480,640,17308,9022293166cc8a61ba3f98b66b832a9612e94561cd7ab67bef2a616f34b97726,90f0682036355636,79.0187,264.0112,False,True,1,
train,89,sipotion_1749658828803_leaning_forward_0_75_jpg.rf.8b56297a19cec1982cc64432b1fd96b0.jpg,train/sipotion_1749658828803_leaning_forward_0_75_jpg.rf.8b56297a19cec1982cc64432b1fd96b0.jpg,640,640,30691,568a96e49c9f0dd04f0999f0f6f8922cb5606df60218aa9062e3f6abd163688b,020a0c8d07178743,152.8896,368.1148,False,True,1,
train,90,dfec9db25da4c451e5fe8f32d856c863_jpg.rf.76251fa87322bc2592494573fae49b0a.jpg,train/dfec9db25da4c451e5fe8f32d856c863_jpg.rf.76251fa87322bc2592494573fae49b0a.jpg,640,640,44070,3d5e972e5d0655dd09cff3d096d4427c846db38ee6c8ef247542a3db48808cf3,59199d5d7636270f,114.9322,879.7296,False,True,1,
train,91,bbba32a0604bc925cc7c0c82e83dadd9_jpg.rf.1c86d6c6428b8de320af63d3a9568444.jpg,train/bbba32a0604bc925cc7c0c82e83dadd9_jpg.rf.1c86d6c6428b8de320af63d3a9568444.jpg,640,426,21039,835218c7cb16079306ba7612fe0f2dd5a3e5d1271539b6ac03df9142765b6b62,2594929293175717,219.2867,1274.199,False,True,2,
train,92,2433a50aeeb63b52d760b867a3b6e3a0-1-_jpg.rf.7f9fd6a7fe026846cc38a2e6a4cdd986.jpg,train/2433a50aeeb63b52d760b867a3b6e3a0-1-_jpg.rf.7f9fd6a7fe026846cc38a2e6a4cdd986.jpg,506,640,17051,3608ed52845754ed62d2b810c85c2a0388a76f4ce486dd053d3857b18de6c5c7,ff7b7b73969f3f7f,138.4556,373.2146,False,True,1,
train,93,1e077cbdaf6bf7432f615de9c900f1f6_jpg.rf.0234ea9151cc51112d6ae00b7d5f8380.jpg,train/1e077cbdaf6bf7432f615de9c900f1f6_jpg.rf.0234ea9151cc51112d6ae00b7d5f8380.jpg,426,640,18209,292dee22208b47a667d816aabf48bdead1087da4600a5d18181381d0924e18fa,3824a4e3dbb3fbbe,180.6417,567.6273,False,True,1,
train,94,sipotion_1749658641704_good_posture_0_77_jpg.rf.4118283b9b55f366438b3eaa09f7b3ab.jpg,train/sipotion_1749658641704_good_posture_0_77_jpg.rf.4118283b9b55f366438b3eaa09f7b3ab.jpg,640,640,36524,890ec1201423b75b3f78d6618f5607300b1ef75afb7310bb1fa2f029f8700ab6,6c4c8cb9c9393b6b,143.7458,348.1716,False,True,1,
train,95,e5604a6624bedc3aeed64683825cd0c0-Copy_jpg.rf.4e0c03914fe5b0d9a62b6a78edf056f0.jpg,train/e5604a6624bedc3aeed64683825cd0c0-Copy_jpg.rf.4e0c03914fe5b0d9a62b6a78edf056f0.jpg,435,640,26593,7c33bc2952f3cd0e33643ce081707f6084fd117c14dfac650c8ba63160c095de,ffff9fe796cb6d27,85.3012,499.8982,False,True,1,
train,96,3ae0a216bf8c89853fc98afed0124740-Copy_jpg.rf.311635dcce6f67ef5f37de57bf9fe253.jpg,train/3ae0a216bf8c89853fc98afed0124740-Copy_jpg.rf.311635dcce6f67ef5f37de57bf9fe253.jpg,640,480,31988,d4d06a0627fc91f970a3861446a722558394a9b70007821280f18a24626c41d7,69693327471f3777,142.5728,1330.1254,False,True,1,
train,97,sipotion_1749645589982_slouch_0_71_jpg.rf.80f5c486a73e4d22c75cdb855a5fcc51.jpg,train/sipotion_1749645589982_slouch_0_71_jpg.rf.80f5c486a73e4d22c75cdb855a5fcc51.jpg,640,640,43152,7ab30d94adfc63e1c7267f88401a2f81558d5943629b81758688411ab844db2a,0e0e0c0fc3266448,116.7918,625.9606,False,True,1,
train,98,sipotion_1749658448988_slouch_0_84_jpg.rf.e6660bf5603a631393da8704825aca30.jpg,train/sipotion_1749658448988_slouch_0_84_jpg.rf.e6660bf5603a631393da8704825aca30.jpg,640,640,32710,fe9d0e9d9f3e904509f49996de7830999e90eae47afde1ced46919e4f2e00184,c848c89e06a65e5e,141.663,382.9975,False,True,1,
train,99,sipotion_1749648876198_leaning_forward_0_65_jpg.rf.1e46ee024b6af2cec059d62144c72406.jpg,train/sipotion_1749648876198_leaning_forward_0_65_jpg.rf.1e46ee024b6af2cec059d62144c72406.jpg,640,640,62438,9c8a53218fd6e51f7d3316b2277668e4d83a5a05eb598df503b41848c37098c4,d9dbf1999f0c879d,131.7525,2120.1357,False,True,1,
train,100,09e09f885afa44118ab87bd5665c62f0-Copy_jpg.rf.bd8efccdf939bd5a0caac32851a03d9b.jpg,train/09e09f885afa44118ab87bd5665c62f0-Copy_jpg.rf.bd8efccdf939bd5a0caac32851a03d9b.jpg,480,640,22562,8fba8fb017e619b21255320d06555e2369e0cc3045d704e744d13d2b8820481e,d82c389e8fa5bdef,130.0995,713.4529,False,True,1,
train,101,2fd36c70e229800db9a2de27e2f1f0eb_jpg.rf.a81d1ca16a5ae39c4bcc5028dd3f2801.jpg,train/2fd36c70e229800db9a2de27e2f1f0eb_jpg.rf.a81d1ca16a5ae39c4bcc5028dd3f2801.jpg,470,640,24505,29d3841143423ce932f4347d4facf53524f676a7a83a728a79319efc9de2cab0,1101100109970c0d,195.4364,982.0819,False,True,1,
train,102,sipotion_1749649872648_good_posture_0_83_jpg.rf.cf3c89f146a64438f4d19633eb2a575e.jpg,train/sipotion_1749649872648_good_posture_0_83_jpg.rf.cf3c89f146a64438f4d19633eb2a575e.jpg,640,640,35401,073efa8a48ebb83d6f9d2feba20177828970f6580903ced12d51a6be75dc7316,ecececc4e6676725,112.4982,408.5971,False,True,1,
train,103,6fa6108ec125b86c241e37f7dbbbaa0c-Copy-2-_jpg.rf.e7cf75c20a16c5ef6c410e23db876f69.jpg,train/6fa6108ec125b86c241e37f7dbbbaa0c-Copy-2-_jpg.rf.e7cf75c20a16c5ef6c410e23db876f69.jpg,426,640,33280,7f38befcd97e38d915dee30bc694b3aa08ada95d1be5d84de645eb18c9af732b,c7d4e50d266d4e98,99.7017,1118.4354,False,True,1,
train,104,sipotion_1749650629537_leaning_forward_0_74_jpg.rf.6d3655b770b62b12fa689845607d8d52.jpg,train/sipotion_1749650629537_leaning_forward_0_74_jpg.rf.6d3655b770b62b12fa689845607d8d52.jpg,640,640,36838,74b6928d3676ed219758fb3b6b03980282c01f17e9193696463ec374af69b899,3c1e26c59d0f0d0d,108.1131,500.936,False,True,1,
train,105,sipotion_1749660955828_leaning_forward_0_77_jpg.rf.b82f4c76fed9a6df75807bfff30380fe.jpg,train/sipotion_1749660955828_leaning_forward_0_77_jpg.rf.b82f4c76fed9a6df75807bfff30380fe.jpg,640,640,39338,4b91fe3bca983cf7b5bd3929a155cf4b8e442aae34f972b797a255efcbcf0ce4,5e66274e8e9d1c14,107.8042,601.387,False,True,1,
train,106,fd3c0a1d148c0464657d60fdbc00e435_jpg.rf.98b074d12f3a4ad746cbe1a45e9ab8c5.jpg,train/fd3c0a1d148c0464657d60fdbc00e435_jpg.rf.98b074d12f3a4ad746cbe1a45e9ab8c5.jpg,426,640,18370,7955bb7e8cd23f58c25f812e2e53121d20f3188565063816e5c0328f4816bf5f,f2edf213272d8dfa,206.5579,1533.9268,False,True,1,
train,107,sipotion_1749658123570_leaning_forward_0_72_jpg.rf.f35f90a32ab0a7adf8d1c0a9c2c7d2c1.jpg,train/sipotion_1749658123570_leaning_forward_0_72_jpg.rf.f35f90a32ab0a7adf8d1c0a9c2c7d2c1.jpg,640,640,39172,3c8ee84396bbf19d5aaf5096b9465d327926fb35db039cbfcac20472470025f7,2b0f9e999f969e89,127.059,484.2312,False,True,1,
train,108,e05314483d2996c4f28557bd514225a6_jpg.rf.076cc17b768110344549a619990f07a6.jpg,train/e05314483d2996c4f28557bd514225a6_jpg.rf.076cc17b768110344549a619990f07a6.jpg,426,640,14689,f2d0f24b59ff87a4758c8c67c9c7657c88ef44843a8cbd049e65d193baaf0700,4747134d8f0dcdc6,234.9101,986.715,False,True,1,
train,109,sipotion_1749649839187_leaning_backward_0_87_jpg.rf.28070e7c36d426da233d3d90b942d15b.jpg,train/sipotion_1749649839187_leaning_backward_0_87_jpg.rf.28070e7c36d426da233d3d90b942d15b.jpg,640,640,35889,cb2187d39ef188a9d419e51969eca5f54ab983b9b1b4fe01d9ba07cd17947e72,8c8ccc8e6c5c1ee6,123.4317,357.4796,False,True,1,
train,110,sipotion_1749649831717_leaning_backward_0_87_jpg.rf.2da313649b27519ac1f868e961ef0bd3.jpg,train/sipotion_1749649831717_leaning_backward_0_87_jpg.rf.2da313649b27519ac1f868e961ef0bd3.jpg,640,640,35995,8dca466b4b436ec9c30c3056c449999b1858a21a7275f7c6ce2f94d9c4eb73ea,8e8eceaeac4c9e72,122.6572,372.9346,False,True,1,
train,111,c68978748040ecf1b74bc3107b5d2bcb-Copy_jpg.rf.9087477bfbf3692ab0efb56c006d3139.jpg,train/c68978748040ecf1b74bc3107b5d2bcb-Copy_jpg.rf.9087477bfbf3692ab0efb56c006d3139.jpg,640,640,26133,2ddab8b1a221a331e4c8056e709dbb1d6834d569c3372bc40ae03bcc57be3039,48923c3b0b0f1940,213.6879,729.4744,False,True,1,
train,112,sipotion_1749658634338_good_posture_0_84_jpg.rf.163e76fafaae7ca6e2c0ffaad7d56b91.jpg,train/sipotion_1749658634338_good_posture_0_84_jpg.rf.163e76fafaae7ca6e2c0ffaad7d56b91.jpg,640,640,34742,9f6fb03b477d247e3ce8c0103a4cb44d66dbfab30033d0a70a2e48c6807de8cf,70cccc31ab5b735f,125.858,289.2914,False,True,1,
train,113,sipotion_1749658437008_good_posture_0_50_jpg.rf.0d4a07889670840df7aa618b41c39ed7.jpg,train/sipotion_1749658437008_good_posture_0_50_jpg.rf.0d4a07889670840df7aa618b41c39ed7.jpg,640,640,27138,5f694a01acc6647cb0c26ac761191ab4e6137bd406c40b438b787353e4d90a60,304ccc6e0e0c0c2e,155.0451,328.8547,False,True,1,
train,114,sipotion_1749658451280_slouch_0_45_jpg.rf.79d512df7379b09b8de23731761d3e09.jpg,train/sipotion_1749658451280_slouch_0_45_jpg.rf.79d512df7379b09b8de23731761d3e09.jpg,640,640,30189,cbc80a810db2de5cc96d45214284028bde82ce2070b8e2765d4b2fcb4d798fde,c0a4e46f0753872f,145.1596,335.2139,False,True,1,
train,115,sipotion_1749658604526_leaning_backward_0_60_jpg.rf.28bd337d87ccc2a59e1ceb3152c9ead0.jpg,train/sipotion_1749658604526_leaning_backward_0_60_jpg.rf.28bd337d87ccc2a59e1ceb3152c9ead0.jpg,640,640,46238,9a5845b2c8d4cd088b29a07dbbe8174375867a69724ff513a985196213e18595,c8a6661bb2365e4f,126.9765,1519.1188,False,True,1,
train,116,f6e18f36f8f24f3d4f57011266eae634_jpg.rf.4421bffbf647494781b667b809395829.jpg,train/f6e18f36f8f24f3d4f57011266eae634_jpg.rf.4421bffbf647494781b667b809395829.jpg,640,426,21276,05b696c00e595566d33b14906496352f4c5f8767d1cdd28eeb9c00fd9a02b541,0616963237171557,230.1301,1295.6082,False,True,2,
train,117,sipotion_1749650613542_good_posture_0_48_jpg.rf.88c93f2eb66d405595d48c06102e547b.jpg,train/sipotion_1749650613542_good_posture_0_48_jpg.rf.88c93f2eb66d405595d48c06102e547b.jpg,640,640,28736,f48d6b46128933b87368a060a64ad5fa6deb0210cad3413f4e14e05bacbc47c0,60e0f8f0e8ec6ced,158.5781,292.3197,False,True,1,
train,118,sipotion_1749660940181_leaning_forward_0_90_jpg.rf.6873c0f5cb0500115f48b8b1bc12a532.jpg,train/sipotion_1749660940181_leaning_forward_0_90_jpg.rf.6873c0f5cb0500115f48b8b1bc12a532.jpg,640,640,27065,22b0f4219e5692a6b538c60c5c03be8295c5a2dda8e3482c9113a934bf6b9913,30301a8c4d2543cf,121.2053,241.6768,False,True,1,
train,119,sipotion_1749658420718_slouch_0_86_jpg.rf.0a487d7a73f184cecb1c439794562d54.jpg,train/sipotion_1749658420718_slouch_0_86_jpg.rf.0a487d7a73f184cecb1c439794562d54.jpg,640,640,31039,d859643999746938cfe7336f33e88ba27b146ee90254a3cb68963b4c5edc23ca,a4242717d7872f3b,138.8776,385.4005,False,True,1,
train,120,09301a2b43d56f479527a3bb7a3a677f-Copy_jpg.rf.337e41395bf7a48cb9a36b3809fb9ed4.jpg,train/09301a2b43d56f479527a3bb7a3a677f-Copy_jpg.rf.337e41395bf7a48cb9a36b3809fb9ed4.jpg,640,334,30172,96b124ce06b19b933245227fb1eaeb0ffe5553d24ed2becd4327bc8a86e33c79,59b8b09c9c092543,173.533,1624.6884,False,True,1,
train,121,sipotion_1749658304298_leaning_backward_0_52_jpg.rf.084f3777200bf03fe8225235bfcee008.jpg,train/sipotion_1749658304298_leaning_backward_0_52_jpg.rf.084f3777200bf03fe8225235bfcee008.jpg,640,640,26791,872330ba207673d9e126a9766d44e5968845107d49e15a4893277f5c40a80a87,e0e27149797bf2f4,133.179,228.6322,False,True,1,
train,122,sipotion_1749658412228_good_posture_0_74_jpg.rf.2b89b69ad4f12c9686a9ffeb8f8943a6.jpg,train/sipotion_1749658412228_good_posture_0_74_jpg.rf.2b89b69ad4f12c9686a9ffeb8f8943a6.jpg,640,640,30759,354688ec42b66897e1a1c9d27d07e5a6faee381b647f14bd09b431e6da8ec7c9,26666696b6067e6f,138.9502,385.1472,False,True,1,
train,123,sipotion_1749658446733_slouch_0_88_jpg.rf.fa7237aee7f3991d0c780b7c1769dc7f.jpg,train/sipotion_1749658446733_slouch_0_88_jpg.rf.fa7237aee7f3991d0c780b7c1769dc7f.jpg,640,640,31048,4213f558cb298ab563395f459128ca95f5078516222909d37e065048e6d31b42,9858d89e06a65e5e,136.6443,335.2994,False,True,1,
train,124,3cdae28d0a450e822ac4b9f2e9659c47_jpg.rf.2f7fefa22971dc006b04908f77933764.jpg,train/3cdae28d0a450e822ac4b9f2e9659c47_jpg.rf.2f7fefa22971dc006b04908f77933764.jpg,640,360,32286,776284afbc343bcd32b400c664c9cd9e9e7714b6b2f2ca2d5b9dbb1de150169e,b13129293b1b5317,201.9311,2666.2917,False,True,2,
train,125,sipotion_1749649795485_slouch_0_86_jpg.rf.2bd1d63d9950793142e53f13d0b12d45.jpg,train/sipotion_1749649795485_slouch_0_86_jpg.rf.2bd1d63d9950793142e53f13d0b12d45.jpg,640,640,52228,3a68fdd5c1fa63add50782554a8d391a171e19d5848fc21bb70bb433ed1f8d42,f6cdcfe733e71332,111.558,1283.4194,False,True,1,
train,126,20391302a3fa71cfe6c528a9ce6608e8-Copy_jpg.rf.4229c39779dccf994e8f9bf213255362.jpg,train/20391302a3fa71cfe6c528a9ce6608e8-Copy_jpg.rf.4229c39779dccf994e8f9bf213255362.jpg,426,640,28548,622d8ec5887cdc80db20fcf75f3976df4ab111154e690765e5df39c571c31799,f8d03c1b8595f3e9,111.2653,922.0522,False,True,1,
train,127,sipotion_1749647352388_good_posture_0_69_jpg.rf.63cefee89431cffc795f140cf2d54232.jpg,train/sipotion_1749647352388_good_posture_0_69_jpg.rf.63cefee89431cffc795f140cf2d54232.jpg,640,640,42288,329882c5d867e47733cb24984fb4b75d156f9d1168928b152e98639c08fe2e2a,4686c6c464262e31,121.1014,605.0104,False,True,1,
train,128,f51df552cb413d9b48a554464edef3e9-Copy_jpg.rf.7eab833ff146ac5c7f0365bdcec2fd35.jpg,train/f51df552cb413d9b48a554464edef3e9-Copy_jpg.rf.7eab833ff146ac5c7f0365bdcec2fd35.jpg,457,640,36596,91e5d65477d93b43e3fbbfee5be3fe7e40a67be1df87cbbbcd9e53c0748031d0,4c3d353d9b8b237b,132.7424,1576.5554,False,True,1,
train,129,sipotion_1749658459865_slouch_0_77_jpg.rf.b649ccceecb386a992e3f4c2e06526e6.jpg,train/sipotion_1749658459865_slouch_0_77_jpg.rf.b649ccceecb386a992e3f4c2e06526e6.jpg,640,640,27431,b73d013a68a0b12bacd036fafb4b7e4269297f70288983ffbe4d6ef333886a5d,088c2d45474f0f4f,71.9242,208.831,False,True,1,
train,130,7fb92fe484957615d0cc11f9fd553f04_jpg.rf.eacad5e9cf52b89ca6a52937c744194e.jpg,train/7fb92fe484957615d0cc11f9fd553f04_jpg.rf.eacad5e9cf52b89ca6a52937c744194e.jpg,427,640,23646,ab0c34fba5e53b844f521818ff73a2c1634fd522782f7ceb981172c98cf2e606,e0a089a6a2e9279b,159.6284,1303.9467,False,True,1,
train,131,sipotion_1749658594702_slouch_0_54_jpg.rf.6757b893848cd64a8014a28506a4fb36.jpg,train/sipotion_1749658594702_slouch_0_54_jpg.rf.6757b893848cd64a8014a28506a4fb36.jpg,640,640,44141,5c9131983ee9591e4815b60fbaaf38ddc81814c1e0b87dfd8cb8a6e27e184cad,afbfbf63b3989984,124.9718,534.9705,False,True,1,
train,132,sipotion_1749658256683_slouch_0_89_jpg.rf.9422c6312684d00af05a3f958c2f75c9.jpg,train/sipotion_1749658256683_slouch_0_89_jpg.rf.9422c6312684d00af05a3f958c2f75c9.jpg,640,640,22717,b7c9d9cdb38a1be820b659b419dddcef5c39c832da67404aa8c01869627bfaa8,c2666ac686acec6e,147.535,183.3295,False,True,1,
train,133,849b2ec6f8b8a6a998ec0b8f32c7fecd_jpg.rf.5b3a2c5212f0bb3a054b889921e2e919.jpg,train/849b2ec6f8b8a6a998ec0b8f32c7fecd_jpg.rf.5b3a2c5212f0bb3a054b889921e2e919.jpg,640,426,21969,8d61fe86d6394e32eaf7ee761f6b140999ddc0cd68183adeb007ef29a05670d8,16b78d579716170f,213.1729,1458.4419,False,True,1,
train,134,0bfdcb63e31ef0f0a836d1b3a166edfb_jpg.rf.d30f5e6a0d51cd113a60a0cf1d866da5.jpg,train/0bfdcb63e31ef0f0a836d1b3a166edfb_jpg.rf.d30f5e6a0d51cd113a60a0cf1d866da5.jpg,640,426,28392,a50d2a08d290cb38f48aea3d08e223235dd97eb570c50fb6ef2b04e89021cfd1,0c0c080d19230380,159.2061,1047.6707,False,True,3,
train,135,sipotion_1749649849610_slouch_0_75_jpg.rf.d7e193c8ce1097a755ae423c374d6243.jpg,train/sipotion_1749649849610_slouch_0_75_jpg.rf.d7e193c8ce1097a755ae423c374d6243.jpg,640,640,47842,b2c5c80516f207b4ef791201906a5df9c5e5bc4da6ec4aee54b846b5087185d2,6ceccccee62767a7,115.7082,1606.3091,False,True,2,
train,136,5737d2dcd9c475179bdc79a15d69ae5c_jpg.rf.50458a6be3a35559941779f926ad0ec5.jpg,train/5737d2dcd9c475179bdc79a15d69ae5c_jpg.rf.50458a6be3a35559941779f926ad0ec5.jpg,426,640,19622,d3281f6aef6af9ef2c2caa7dbb3af786ca2f961ae1c5a3f0d7bae133ee626d3e,cc16381b93210b13,179.6289,1203.1694,False,True,1,
train,137,9674c858004b86eb5e31d50256e77705_jpg.rf.8cc29eadca1656785f077667eb79f920.jpg,train/9674c858004b86eb5e31d50256e77705_jpg.rf.8cc29eadca1656785f077667eb79f920.jpg,640,426,17943,ed3faf642eede629bf4a3f7e2fd1a88eb046f77a7d6cde5f1ddfb96b1927bc4d,ffff7b2b2b1b3beb,177.687,656.7742,False,True,1,
train,138,ee4768006ff50a644e8a6527315f6b79_jpg.rf.12b2f7f75376e2c9765d4bef0e59c440.jpg,train/ee4768006ff50a644e8a6527315f6b79_jpg.rf.12b2f7f75376e2c9765d4bef0e59c440.jpg,426,640,12831,3904256577a689b91d55ea1ac042b33cf559cc95246083d0ad88f915693e96f0,f0e010e33c363349,195.0563,834.3336,False,True,1,
train,139,01b17ea7357cadd6243eed9d48ea58b4_jpg.rf.c37de5a02dd949a6c86b89d654466d1c.jpg,train/01b17ea7357cadd6243eed9d48ea58b4_jpg.rf.c37de5a02dd949a6c86b89d654466d1c.jpg,640,430,17486,7202f16533eaf931796b16139f0c4c0d577132875c335858cba53909fc34e45b,8080d890989a9284,170.1741,508.0359,False,True,1,
train,140,sipotion_1749660958831_leaning_forward_0_89_jpg.rf.d0f563162073838893bc08b9fe7fbae6.jpg,train/sipotion_1749660958831_leaning_forward_0_89_jpg.rf.d0f563162073838893bc08b9fe7fbae6.jpg,640,640,38736,d74a9e700ed54d0a50dc9cc9e8ab82b89d65e2512c10f9fa15cf6813bcd180c3,7b034fcf4e4d1e0f,104.067,638.3716,False,True,1,
train,141,sipotion_1749658565923_leaning_backward_0_48_jpg.rf.5d629b9310988b99b2cc459b88c3c98c.jpg,train/sipotion_1749658565923_leaning_backward_0_48_jpg.rf.5d629b9310988b99b2cc459b88c3c98c.jpg,640,640,44280,e22c3c89c3c9f0c8256c402f5d51c91ed3669e2143abf552018c4f4a402d940d,5f5d3d23739a9289,130.295,580.972,False,True,1,
train,142,sipotion_1749658630751_good_posture_0_89_jpg.rf.40e51137a805eb181f933df08805e96d.jpg,train/sipotion_1749658630751_good_posture_0_89_jpg.rf.40e51137a805eb181f933df08805e96d.jpg,640,640,34894,7d2068d8144996a264fae8dec0fab020b03431725d765742fdaf417078729452,3064649171293b6b,118.4627,294.0537,False,True,1,
train,143,sipotion_1749649836581_leaning_backward_0_85_jpg.rf.84665b23d097d08cf4bc1522012a3994.jpg,train/sipotion_1749649836581_leaning_backward_0_85_jpg.rf.84665b23d097d08cf4bc1522012a3994.jpg,640,640,35729,5c59a239d75692464f240444db8962978e4d485c6e42ee9033000a95ddc4182d,8c8cce8e2c4c9e76,120.625,364.5889,False,True,1,
train,144,4e2fd288916df75caab1737d5a197716_jpg.rf.7435f8d95fb3c9a20c2be840f86f70a6.jpg,train/4e2fd288916df75caab1737d5a197716_jpg.rf.7435f8d95fb3c9a20c2be840f86f70a6.jpg,640,426,43031,bea9ccc6d82c4ac606d8197898d3a6e43a2cefc6c6813625ba0e8b05dfb8baec,6a62625a515133f0,201.3229,2501.7478,False,True,1,
train,145,dff3fe4cfcb4b4386de32392b2df634c_jpg.rf.1a9bf2f94805fedab1fc460285f68c4b.jpg,train/dff3fe4cfcb4b4386de32392b2df634c_jpg.rf.1a9bf2f94805fedab1fc460285f68c4b.jpg,640,480,10152,d991aa7c077fe1456fd4a3e3afe6f014677ce582eae9eda0d8d86fb34a24e10a,300c2d4c4d9e0e43,238.8098,598.7924,False,True,1,
train,146,53791f6ddfc3b182f97ee0f2cf649948_jpg.rf.16fa2f898ce8c640b62bc3783a618596.jpg,train/53791f6ddfc3b182f97ee0f2cf649948_jpg.rf.16fa2f898ce8c640b62bc3783a618596.jpg,575,640,31449,606db83e6beb27aa2002fc91f349f48c49c862dfc770b27154ed0dc7e9beec7a,1a5b0b13133626c8,218.1613,1656.4563,False,True,1,
train,147,7d8d47a28f031a2f2a5de4e9ddcfd4f9-Copy_jpg.rf.6ddae3618a6eb100b043a6730ddaeaec.jpg,train/7d8d47a28f031a2f2a5de4e9ddcfd4f9-Copy_jpg.rf.6ddae3618a6eb100b043a6730ddaeaec.jpg,427,640,32260,bd025a9f8009184f9fd75011495645d7fb62518e774bc256dd08c03018bd1815,f4c8f6830326dc7e,170.7836,2364.9575,False,True,1,
train,148,sipotion_1749658329483_slouch_0_89_jpg.rf.70fb600356b6454cd495896e0897ddc3.jpg,train/sipotion_1749658329483_slouch_0_89_jpg.rf.70fb600356b6454cd495896e0897ddc3.jpg,640,640,35668,87df25e3e7ca1b1e1b2309fa4ad2ffeeadaa2216bce97cebabd413a953cabf64,e19919d3f361795b,147.4641,846.5938,False,True,1,
train,149,d560297e87e162602cbb5a4731a65784_jpg.rf.0946e561e206b97bec98ab597f8f1c2a.jpg,train/d560297e87e162602cbb5a4731a65784_jpg.rf.0946e561e206b97bec98ab597f8f1c2a.jpg,480,640,13579,5debdd1f499cde0801e60f8ac5ae1c4375d66167a7da1a77a09815eb2006e6a6,c0808010280d1f20,183.6302,538.8429,False,True,1,
train,150,sipotion_1749658486061_leaning_backward_0_40_jpg.rf.b92d89866e2f6478ebdc1868b1440364.jpg,train/sipotion_1749658486061_leaning_backward_0_40_jpg.rf.b92d89866e2f6478ebdc1868b1440364.jpg,640,640,51872,254dd4af1c53496b90885022e0644f1390f3b499980918677e91d4d468f06d46,6f2f4f4f8d8d8e06,125.553,1583.395,False,True,1,
train,151,sipotion_1749645801741_leaning_forward_0_65_jpg.rf.6c57435fd1d80c5cf9b8be48e46a3f46.jpg,train/sipotion_1749645801741_leaning_forward_0_65_jpg.rf.6c57435fd1d80c5cf9b8be48e46a3f46.jpg,640,640,29571,7c58e785888f44999dc6cfcfd6fe8bece083174ef7c4db0407235a31df1deb60,30988db6665f9b21,156.4634,291.7953,False,True,2,
train,152,sipotion_1749658260259_good_posture_0_75_jpg.rf.b0baefd1f72572d466a67a8a03fc9d14.jpg,train/sipotion_1749658260259_good_posture_0_75_jpg.rf.b0baefd1f72572d466a67a8a03fc9d14.jpg,640,640,24571,0af3a8312a70c3f3513535a27952f54ef292688b1d008317c4b5f8898e5a37fb,e0e6e6eef879e9ef,161.6112,243.0139,False,True,1,
train,153,sipotion_1749660951608_leaning_forward_0_66_jpg.rf.fb6471f1818841ec06e686ad51722ab6.jpg,train/sipotion_1749660951608_leaning_forward_0_66_jpg.rf.fb6471f1818841ec06e686ad51722ab6.jpg,640,640,36578,1ba4f97eea69264120c7b35dc6556dfc8fe9074bd16b2c70e67b2e189b24ead9,cdcf5e8d1b1b3d2d,99.9649,388.1772,False,True,1,
train,154,08dc77d43e6397ad35d0c0ac48a08dc5_jpg.rf.07cabfd761ce6fac3c3c61e1c87dd9ac.jpg,train/08dc77d43e6397ad35d0c0ac48a08dc5_jpg.rf.07cabfd761ce6fac3c3c61e1c87dd9ac.jpg,522,640,25549,11b7068bbbcc7632bd003485fcc588211913805b4fdab5b5549552c77da465d0,302828301f1b1b00,146.39,674.165,False,True,1,
train,155,sipotion_1749658648868_good_posture_0_66_jpg.rf.30960e8ce39c1dd04f1023ed2a3f83a6.jpg,train/sipotion_1749658648868_good_posture_0_66_jpg.rf.30960e8ce39c1dd04f1023ed2a3f83a6.jpg,640,640,32709,813ece2bda531c089b93c06e13152e96d4eb9cd1a17192094ce515fb70fc4125,304c4cb1691b3b2f,143.9106,286.675,False,True,1,
train,156,sipotion_1749658292929_good_posture_0_62_jpg.rf.368417eeca183159a0e84f1479117699.jpg,train/sipotion_1749658292929_good_posture_0_62_jpg.rf.368417eeca183159a0e84f1479117699.jpg,640,640,29143,f317b00cf21100570459034be5cc0378cda359079ce5e3311851e6fa2b79d020,e4e3d3fa7336974d,134.9916,261.1704,False,True,1,
train,157,f087346802e1b07f6849dbfe8a5a538b-Copy_jpg.rf.e12dc36d92ed6e6535397cd2a0dccf6f.jpg,train/f087346802e1b07f6849dbfe8a5a538b-Copy_jpg.rf.e12dc36d92ed6e6535397cd2a0dccf6f.jpg,426,640,22557,0f71830ebd5814acc79978143d46fbd9c7be58d2a3498036130b32aaa0a3118a,f0e0c03487297df0,94.3111,719.5527,False,True,1,
train,158,sipotion_1749658311807_slouch_0_74_jpg.rf.399b0950824c9782f513d05e1bae9f2a.jpg,train/sipotion_1749658311807_slouch_0_74_jpg.rf.399b0950824c9782f513d05e1bae9f2a.jpg,640,640,28303,39ed9ae34d194b619763155c780e38850af3f03470ca728558d3efa0d51e5189,e0e261d97976d7c5,132.1876,255.8032,False,True,1,
train,159,858de11184a0a2c5f0aa2fd6f2ab2055_jpg.rf.10d457e06bcf93671107b291bddcebd1.jpg,train/858de11184a0a2c5f0aa2fd6f2ab2055_jpg.rf.10d457e06bcf93671107b291bddcebd1.jpg,426,640,18870,c5e6edb46982b7981f62c3c2a44caa2d3f86b8def2df734e2954e6cbd2b65dbc,0309137397266240,176.0947,1004.2808,False,True,1,
train,160,sipotion_1749648187026_good_posture_0_89_jpg.rf.0a35924b58722fbfbef4ae1101c6909d.jpg,train/sipotion_1749648187026_good_posture_0_89_jpg.rf.0a35924b58722fbfbef4ae1101c6909d.jpg,640,640,36608,d9dcfb701ef87fe217c710f101f57875c286aaa8d3b3caf0294aae0c5edee25c,7e3e3f3f1b070581,142.6991,560.4143,False,True,1,
train,161,296e69b197fcd623a2a449d15685e610_jpg.rf.616d9fb2aa7bb3b73b0ac9cf3b67dc3b.jpg,train/296e69b197fcd623a2a449d15685e610_jpg.rf.616d9fb2aa7bb3b73b0ac9cf3b67dc3b.jpg,640,348,33611,30f602daa75e8d153eb78565cdae298e478da710e474b69edf422f83a21bc90e,373736363303282b,191.2788,1931.8954,False,True,3,
train,162,41026b9c0d71c6d97dc50ebe4a2b207b-Copy_jpg.rf.311d1b3fc1de66dd306c3c5b021d9402.jpg,train/41026b9c0d71c6d97dc50ebe4a2b207b-Copy_jpg.rf.311d1b3fc1de66dd306c3c5b021d9402.jpg,640,547,33960,9ce0a66d93a50c6b0305f35db2594169292ed5155e137da6bc99f9808c89e64b,de767c6e2f256466,159.2889,1185.3126,False,True,1,
train,163,8f4099979759756165a3f64c3976b0e0-Copy_jpg.rf.a0afb283a7f78919ce5e3d2bef072485.jpg,train/8f4099979759756165a3f64c3976b0e0-Copy_jpg.rf.a0afb283a7f78919ce5e3d2bef072485.jpg,550,640,41154,f7b87c03457e3a307eaa073a4bcf6369c14dfa2695c4c566ff0216b444740672,f0bcf2c2989eb6a4,138.5761,1107.3994,False,True,1,
train,164,898e89760339366ed5451797043449a8_jpg.rf.25ac2650bb96fe516ab5a44adc166c0f.jpg,train/898e89760339366ed5451797043449a8_jpg.rf.25ac2650bb96fe516ab5a44adc166c0f.jpg,640,640,23530,c26ebbb7b9f59b5fd15ee0c26268f24f68861b40ef4de6e3b5d8d8cc62598aed,b036369e8fa73638,185.8732,807.1892,False,True,1,
train,165,sipotion_1749648194709_good_posture_0_88_jpg.rf.ff6ecd0e88f04f84d359254ffea43115.jpg,train/sipotion_1749648194709_good_posture_0_88_jpg.rf.ff6ecd0e88f04f84d359254ffea43115.jpg,640,640,41966,9a3d30cca377daeb6117de5f7485451e2ee272f7c43cd433bf16f5bb7dd5f89b,7f1b1f1f1b070788,144.7697,936.6319,False,True,1,
train,166,8f502de8d9390e8a73c55732e739f718_jpg.rf.fe3fe822de28b972306f069a1c7ebe2e.jpg,train/8f502de8d9390e8a73c55732e739f718_jpg.rf.fe3fe822de28b972306f069a1c7ebe2e.jpg,640,640,48816,e5174472df1d07d4ed430829f546876eed2f3b2054c3b2203f9192b0fd6400b7,557573554d55d551,199.9163,2060.4697,False,True,4,
train,167,cfc535292780d25ef6711e326371fd44-Copy-2-_jpg.rf.f996d2dec6a99f36ed0ee2b87df84272.jpg,train/cfc535292780d25ef6711e326371fd44-Copy-2-_jpg.rf.f996d2dec6a99f36ed0ee2b87df84272.jpg,464,640,25725,c051414e62526d684b7c6cfbdca6c2150920d64884182cfb1e99d81bea7b989c,0109b13908040100,159.3653,1032.79,False,True,1,
train,168,4bf01322111c82958983446eb5005404_jpg.rf.3ff3cb499dd1d3ece26d9d3a65419cf8.jpg,train/4bf01322111c82958983446eb5005404_jpg.rf.3ff3cb499dd1d3ece26d9d3a65419cf8.jpg,640,400,31103,9bb5e8278c29dd3ad0a404c50ee34b01bc28cb8c1c2802f01813c1c2601dafbc,0290b6b27874f25a,220.329,1465.7919,False,True,6,
train,169,sipotion_1749658822870_good_posture_0_66_jpg.rf.0296849beadd39a422d97f2f098b9a5c.jpg,train/sipotion_1749658822870_good_posture_0_66_jpg.rf.0296849beadd39a422d97f2f098b9a5c.jpg,640,640,36983,8e6152a24dd80055d79eb1700657380c0f39c62257af31a7978c4795d4993c49,715b4f0d1f1b0b6b,119.9568,547.0094,False,True,1,
train,170,6b9933790ae2c8f7ccfdb2667922a709_jpg.rf.f6985b4f2f67545bf0143929c516794a.jpg,train/6b9933790ae2c8f7ccfdb2667922a709_jpg.rf.f6985b4f2f67545bf0143929c516794a.jpg,640,640,47401,e83db33c99581a64d9c8a51f53bd404f508430e3f2b1e828d55135c87b987433,557573554d55d551,199.798,1854.7086,False,True,5,
train,171,sipotion_1749660919964_leaning_forward_0_85_jpg.rf.81cc1b211c0b305545cf6237c93897d3.jpg,train/sipotion_1749660919964_leaning_forward_0_85_jpg.rf.81cc1b211c0b305545cf6237c93897d3.jpg,640,640,36347,c7a62234df87ce82becf9288f1cf2ff32af51dbafb567ad567d40d6beaa9f2af,4e1f9b1b1b1a3e19,110.8061,477.1409,False,True,1,
train,172,sipotion_1749660938394_leaning_forward_0_76_jpg.rf.4f1808559a77305552f4d196ef9a63f1.jpg,train/sipotion_1749660938394_leaning_forward_0_76_jpg.rf.4f1808559a77305552f4d196ef9a63f1.jpg,640,640,38728,70b806b6c21f69a21ec5641091ee6ff6fa965514780cf339e0a467f0820250b1,6058988c844747c7,113.3725,1076.7766,False,True,1,
train,173,sipotion_1749637004429_leaning_forward_0_73_jpg.rf.33ab2ee1b733a15ff7cea7d3fb584e9f.jpg,train/sipotion_1749637004429_leaning_forward_0_73_jpg.rf.33ab2ee1b733a15ff7cea7d3fb584e9f.jpg,640,640,44225,290cd1f1bb9cb5280f7b5a5eff2540dea42cf8f5626813ed1e4fc52756caee1c,70a8d8ddfdef7b7c,119.8563,744.155,False,True,1,
train,174,sipotion_1749658183428_leaning_backward_0_84_jpg.rf.67b60dc14f6ad73062a4763d8a363675.jpg,train/sipotion_1749658183428_leaning_backward_0_84_jpg.rf.67b60dc14f6ad73062a4763d8a363675.jpg,640,640,39867,c20d5ffdf48abceee56ab81563d3c8c9c876300a13edc4dc1b90f3bd1545de8f,ef6e2d171b918d14,136.9645,636.83,False,True,1,
train,175,5e99dbc09d506693908b448404ddd720_jpg.rf.a26574dfa400ac5def5f9dc13fc3ebcb.jpg,train/5e99dbc09d506693908b448404ddd720_jpg.rf.a26574dfa400ac5def5f9dc13fc3ebcb.jpg,624,640,15663,4ba4f2613c2b717178e2cc29a5cdef7f9f5d4d56d5df9b0db3e21c8671d03889,4a4a9e0c4d4c0f8f,233.0652,436.4754,False,True,1,
train,176,sipotion_1749660957256_leaning_forward_0_75_jpg.rf.a8258ec9659dff7d9e6aa2ca0e377e3a.jpg,train/sipotion_1749660957256_leaning_forward_0_75_jpg.rf.a8258ec9659dff7d9e6aa2ca0e377e3a.jpg,640,640,36642,1828ba8b7e49dc2e7a3721e5f189f092232468f54c4a8041d289482c81cf5504,2e26274e9e991d14,102.7317,369.132,False,True,1,
train,177,sipotion_1749658134931_good_posture_0_65_jpg.rf.dad513f2a8cfae72dac4ed76364776e2.jpg,train/sipotion_1749658134931_good_posture_0_65_jpg.rf.dad513f2a8cfae72dac4ed76364776e2.jpg,640,640,43279,c911c7ff45ba5caa3205a503b34e0779c67052de7b23de0dfd1d56c92b0cd0b8,2b0f8e999b2d9c9f,132.7728,668.2533,False,True,1,
train,178,sipotion_1749645306351_slouch_0_78_jpg.rf.2587ee695d28b37c105c63278983acda.jpg,train/sipotion_1749645306351_slouch_0_78_jpg.rf.2587ee695d28b37c105c63278983acda.jpg,640,640,46488,3cd8227efec2d2e5632f584dba60faf3d9acb813cfa99ecf4898d105ae59f261,0b0d0cc456a6656d,118.446,896.219,False,True,1,
train,179,89ffedf86bcae016dc47d225336bea2c_jpg.rf.afd93114b03cc10416db66680ee7add3.jpg,train/89ffedf86bcae016dc47d225336bea2c_jpg.rf.afd93114b03cc10416db66680ee7add3.jpg,427,640,17612,bd1c8c9dfc905228b3d0053c05ade06877a8f33a182daaa2301d4e638e4b5062,beffddf2160e731e,194.096,819.935,False,True,1,
train,180,sipotion_1749660941511_slouch_0_84_jpg.rf.606bf14cdeafb585e0f98f726dda601b.jpg,train/sipotion_1749660941511_slouch_0_84_jpg.rf.606bf14cdeafb585e0f98f726dda601b.jpg,640,640,27639,308985b568855a2a936c42a5bf019c0048afc7b0a4c2f0cd02ce0e8d737529b5,4898984d4d8f0747,122.671,346.7986,False,True,1,
train,181,sipotion_1749642781104_slouch_0_70_jpg.rf.990f668229f0c6c1066fa3467ae5a1a2.jpg,train/sipotion_1749642781104_slouch_0_70_jpg.rf.990f668229f0c6c1066fa3467ae5a1a2.jpg,640,640,39358,761a20b3c379b213e9b9365e394d612f7cf06ea39d01c2e918c47055b7383524,cdc7c6ce96a76647,129.9767,730.5673,False,True,1,
train,182,6540afb9817ad3038376f157c5f444b7-Copy_jpg.rf.78609668c320316342a5ce9443fb2c74.jpg,train/6540afb9817ad3038376f157c5f444b7-Copy_jpg.rf.78609668c320316342a5ce9443fb2c74.jpg,601,640,24078,f1a926a9115250c6864373c557ca8785f3f38e289abac7d5e32bcf7c04f885cd,0d1252068e9d9e8c,211.517,1136.5232,False,True,1,
train,183,sipotion_1749658650304_slouch_0_87_jpg.rf.da14f4a0fce49e4a8eddd2817d296759.jpg,train/sipotion_1749658650304_slouch_0_87_jpg.rf.da14f4a0fce49e4a8eddd2817d296759.jpg,640,640,37541,8d19d6a1302807c5a78e6ad489e4397b4af050b1bf743cf9b083d4a2f7f79780,30084a5121991db5,158.7823,442.6397,False,True,1,
train,184,sipotion_1749658371195_good_posture_0_71_jpg.rf.222e5d7d63c39acd3780ce4cfbf31ca5.jpg,train/sipotion_1749658371195_good_posture_0_71_jpg.rf.222e5d7d63c39acd3780ce4cfbf31ca5.jpg,640,640,29681,fef94d18d5aa746c7531393e5b6ab72631da09860edbbd50bb0358fc220a2ae4,73f3f33333234347,132.2437,324.9669,False,True,1,
train,185,6c1f3c4137444b2d99a3aba76fa81da9_jpg.rf.0e7a02089cc395df188d058e3218e3a6.jpg,train/6c1f3c4137444b2d99a3aba76fa81da9_jpg.rf.0e7a02089cc395df188d058e3218e3a6.jpg,640,640,43256,2b454e258d421259a52937c965c2c85b3f89caf079777a6d52907844ac5df7ac,aaaaabaaaaabaa4a,210.1184,1991.2543,False,True,8,
train,186,sipotion_1749660902542_leaning_forward_0_85_jpg.rf.591245f96b3ae4a4d8c684b9bddff4ea.jpg,train/sipotion_1749660902542_leaning_forward_0_85_jpg.rf.591245f96b3ae4a4d8c684b9bddff4ea.jpg,640,640,39937,cb881e25cfd18fcffbe1bdf0d8717cc15174dd7069f0b1d6923e4eef8832aa9a,5d6f6f5f9d3f1a3d,132.3747,639.8324,False,True,1,
train,187,sipotion_1749643409553_leaning_forward_0_53_jpg.rf.bad1b47de4a0ef545516855ef32811b4.jpg,train/sipotion_1749643409553_leaning_forward_0_53_jpg.rf.bad1b47de4a0ef545516855ef32811b4.jpg,640,640,46204,d79590282130dc66c3bc57f0d8f32439279940de99ddbfad2eba40f3baeb6371,c68746472727473c,103.0141,1098.453,False,True,1,
train,188,sipotion_1749658614520_slouch_0_60_jpg.rf.bc0ca6bd5946aeba5e2abab7936d905b.jpg,train/sipotion_1749658614520_slouch_0_60_jpg.rf.bc0ca6bd5946aeba5e2abab7936d905b.jpg,640,640,36988,1a78f117ac44ef39d4318b1e044b9dc2302f2b2a5896e5ecd932c4d1c7a4af00,68d6661b9b33366e,162.4699,623.2604,False,True,1,
train,189,84ce84f5221f3f7c9682c2deb2b5ec8c_jpg.rf.2c898cb4f75b45059df5867b137a4f95.jpg,train/84ce84f5221f3f7c9682c2deb2b5ec8c_jpg.rf.2c898cb4f75b45059df5867b137a4f95.jpg,447,640,18646,f2aa44aa26010a687df5db0a32a8c6a062dc4d511a6b140241102d87aae6a778,ec9b96999e93eb19,188.7647,702.8125,False,True,1,
train,190,52fec01b15da043b9dfe7441feda1d21_jpg.rf.d2928be2941262d2059a37e96af05c42.jpg,train/52fec01b15da043b9dfe7441feda1d21_jpg.rf.d2928be2941262d2059a37e96af05c42.jpg,640,452,29527,7760ac67b8c545d98b0c042973adc79dfc975238738a1ea749f851df0d209bb9,d455555553515555,228.0559,1376.083,False,True,5,
train,191,sipotion_1749658613751_slouch_0_63_jpg.rf.68844549248df3021b9170c9d4c67cfc.jpg,train/sipotion_1749658613751_slouch_0_63_jpg.rf.68844549248df3021b9170c9d4c67cfc.jpg,640,640,49722,407764b70b9376be37ac6e6b8259cbba94c914253fc92d941f7cd15260579fe2,c8aad31b9d3b1b6f,163.2909,1498.8822,False,True,1,
train,192,ffe663dd5674a2b0db9fb61cfbd00801_jpg.rf.f4981fb8d2a403c09511f42ed19d7f7b.jpg,train/ffe663dd5674a2b0db9fb61cfbd00801_jpg.rf.f4981fb8d2a403c09511f42ed19d7f7b.jpg,426,640,42011,2f2faae361688c566ef4df890bce7d1ca3e696c84d01bc9f7a31bc27d2cefbae,e767e7a767033bff,136.4148,2801.9919,False,True,1,
train,193,sipotion_1749660937848_leaning_forward_0_92_jpg.rf.350cb9fb06f142fecf400547869879f0.jpg,train/sipotion_1749660937848_leaning_forward_0_92_jpg.rf.350cb9fb06f142fecf400547869879f0.jpg,640,640,31969,c321a0602d97a67b78e7d7f9d0e6155e62b7ef860376ccc283e2c72b7b6258ca,60d8988c8547c3c7,116.4281,373.988,False,True,1,
train,194,sipotion_1749649847145_slouch_0_41_jpg.rf.b857cca51d4ba9f01dd2cadca5033cd5.jpg,train/sipotion_1749649847145_slouch_0_41_jpg.rf.b857cca51d4ba9f01dd2cadca5033cd5.jpg,640,640,34023,457022dbcc07c81438419d913612353727597f08d6602099c1100fa883bfacd8,666e6ccee6672767,140.4338,288.3651,False,True,1,
train,195,sipotion_1749658790180_good_posture_0_76_jpg.rf.dfed0e4854ef75d39bd90c8e3dd3e72d.jpg,train/sipotion_1749658790180_good_posture_0_76_jpg.rf.dfed0e4854ef75d39bd90c8e3dd3e72d.jpg,640,640,38013,e836367b3441b66f69ceafceffc56e2f93934e771a318f154c1b8a413ac89b30,8ddb4f49dd960cce,124.4708,596.9977,False,True,1,
train,196,sipotion_1749645829233_good_posture_0_56_jpg.rf.b6cfa82b7dc4b9da9c57f7e76b36242b.jpg,train/sipotion_1749645829233_good_posture_0_56_jpg.rf.b6cfa82b7dc4b9da9c57f7e76b36242b.jpg,640,640,45681,9418dfd5f983b5413757a18b52bce5ff2f6df136ca398bb63bf77703d97465dc,c5e4e6c474899832,137.616,432.358,False,True,1,
train,197,sipotion_1749645833337_good_posture_0_65_jpg.rf.6c77b35a27fd2740f55b09ca4354c93f.jpg,train/sipotion_1749645833337_good_posture_0_65_jpg.rf.6c77b35a27fd2740f55b09ca4354c93f.jpg,640,640,43472,ec4685bc7af682423a0059d54c38988600f3d9f298d8bbcc2a04f7436986937a,c5e6e6c673899c32,109.5236,340.7672,False,True,1,
train,198,sipotion_1749658482775_leaning_forward_0_64_jpg.rf.09b4ef1782f036eef90c7828647a1d4e.jpg,train/sipotion_1749658482775_leaning_forward_0_64_jpg.rf.09b4ef1782f036eef90c7828647a1d4e.jpg,640,640,41194,2b133073d65b770f2ad9e6af3e7b018e476b88c508215aae81a52a4caab3dfc3,7a6f4f4f8d8d8901,129.9549,592.9261,False,True,1,
train,199,sipotion_1749658107689_good_posture_0_49_jpg.rf.8d048a3fe69ef93cc6880e7b77743be4.jpg,train/sipotion_1749658107689_good_posture_0_49_jpg.rf.8d048a3fe69ef93cc6880e7b77743be4.jpg,640,640,39807,f4891bad6d83f388723d61305020da12343653e406a8b3dd1a5f63584acd58c9,77571f1f1b9f9d9e,141.1001,580.3665,False,True,1,
train,200,1b8ec72febb3253935e1efa77f4f8c30_jpg.rf.4193e12df68d9068fc1f6670adedd23f.jpg,train/1b8ec72febb3253935e1efa77f4f8c30_jpg.rf.4193e12df68d9068fc1f6670adedd23f.jpg,640,640,30762,da0379dff597dba39b979be04cf2c7e94afbfbc8736433743ff1eaf3aa6d3073,656d29696d525b49,221.1138,606.2742,False,True,1,
train,201,sipotion_1749658611290_slouch_0_86_jpg.rf.9135a1b53a553e487a0a1bd646aac75d.jpg,train/sipotion_1749658611290_slouch_0_86_jpg.rf.9135a1b53a553e487a0a1bd646aac75d.jpg,640,640,37772,ff2b0e5eda0537fd6f3c7678d3c66370ed51510d36d3b39d4fde6ebfc3bd5d32,64d0e38f9d133b27,155.6403,449.2425,False,True,1,
train,202,sipotion_1749660943167_leaning_forward_0_48_jpg.rf.1261b4d2a7cc24d2a467bbc51a449847.jpg,train/sipotion_1749660943167_leaning_forward_0_48_jpg.rf.1261b4d2a7cc24d2a467bbc51a449847.jpg,640,640,31210,948172ed13a023084fa39a71240b5869e9f3fb601977d08b31b1d8a9ad2c9c50,4c0c980c4d870707,118.147,664.7017,False,True,1,
train,203,sipotion_1749658182044_leaning_backward_0_72_jpg.rf.1bc096049c867da81b0527a855c1ac1c.jpg,train/sipotion_1749658182044_leaning_backward_0_72_jpg.rf.1bc096049c867da81b0527a855c1ac1c.jpg,640,640,40326,2d412a4b9e4e92b7fdbe10c92d678f48a29c80c342b8a80b0bde9d255629f752,775f3d131b598c04,137.4847,688.9141,False,True,1,
train,204,sipotion_1749658425432_slouch_0_91_jpg.rf.94f2f2e1b3960d9b8e7a1cdc953334ca.jpg,train/sipotion_1749658425432_slouch_0_91_jpg.rf.94f2f2e1b3960d9b8e7a1cdc953334ca.jpg,640,640,30541,ac775bde0813551f49c75d5d41597b8273d152f2c91457d46aabbaa43f777fc1,24266797c7872f3b,134.6985,354.0577,False,True,1,
train,205,sipotion_1749645592391_slouch_0_75_jpg.rf.47c8b0855c06191279205b95944322dc.jpg,train/sipotion_1749645592391_slouch_0_75_jpg.rf.47c8b0855c06191279205b95944322dc.jpg,640,640,42658,cf2ce23e83690c6f8573e9d74260bf4766e2777b766654a23ed9331c362cca78,0e0e0d0fc3763448,117.3406,548.9747,False,True,1,
train,206,sipotion_1749658506358_slouch_0_42_jpg.rf.aa5f6264890fec0d637c7896e884888e.jpg,train/sipotion_1749658506358_slouch_0_42_jpg.rf.aa5f6264890fec0d637c7896e884888e.jpg,640,640,53354,fce71bf03b55a867f156d3d728d96aa2587617bf3c76f4f050f442029c0d3740,2f0f0f1d0d0d1e03,126.0138,1952.891,False,True,1,
train,207,sipotion_1749643410796_leaning_forward_0_57_jpg.rf.a5715283dd691af42ae48716b0d540c3.jpg,train/sipotion_1749643410796_leaning_forward_0_57_jpg.rf.a5715283dd691af42ae48716b0d540c3.jpg,640,640,38351,3ed6fb960da7806e03cf2dced30e876874c4ce73a5508a9f33c891803c4f8514,c787464607a7473c,99.4805,535.0725,False,True,1,
train,208,sipotion_1749649863538_good_posture_0_52_jpg.rf.deed709c8c6b02b3d7621e4c99a502bd.jpg,train/sipotion_1749649863538_good_posture_0_52_jpg.rf.deed709c8c6b02b3d7621e4c99a502bd.jpg,640,640,37522,3ccd8effab558ef9258754bdf344b5d56a33ca152b69254ea62af3cf490133ea,6cecccc6e627e735,119.2985,428.2079,False,True,1,
train,209,sipotion_1749658252268_slouch_0_77_jpg.rf.387f25fcd2db6cc42b9903d7913d641d.jpg,train/sipotion_1749658252268_slouch_0_77_jpg.rf.387f25fcd2db6cc42b9903d7913d641d.jpg,640,640,31852,e71b99fbd600e60ad0fe20655dc00aba904ffb35352425a0968201456d12df5b,f9e7e6cdf93b6fdb,143.5978,630.3643,False,True,1,
train,210,8b82ac3fee6777c470294e4855fa5163_jpg.rf.c57358f98727d23bb3990e9bbebed1b8.jpg,train/8b82ac3fee6777c470294e4855fa5163_jpg.rf.c57358f98727d23bb3990e9bbebed1b8.jpg,640,430,26772,b949dceac08be6098f69400de0f4e5ef247f7522f805e454f856da98d0795d38,923339393b171e56,197.7248,905.7398,False,True,1,
train,211,sipotion_1749649834248_leaning_backward_0_78_jpg.rf.8fe0c8316c6bd2d090cf37d306b1ac92.jpg,train/sipotion_1749649834248_leaning_backward_0_78_jpg.rf.8fe0c8316c6bd2d090cf37d306b1ac92.jpg,640,640,34440,16fa10128fba8020c794a7d83fd512630ec4cef99dd494b462127de14d854609,8ecec6a6ac6e8e72,119.8824,316.8969,False,True,1,
train,212,044d4a352fdddb2cea89f8d96f2d0774-Copy_jpg.rf.20b025133f2be8c931963fa0261588ee.jpg,train/044d4a352fdddb2cea89f8d96f2d0774-Copy_jpg.rf.20b025133f2be8c931963fa0261588ee.jpg,640,640,33949,db49edd535e4cc6ed9acd7bbfdf27b0a1120fda7069534852a8dc69fdfa3a497,4c5c443436072d37,188.1972,941.221,False,True,1,
train,213,4848a99da0ac7a1cc1de96e29bf8f00b_jpg.rf.58bcbe87f2f91b922614a8080517a94a.jpg,train/4848a99da0ac7a1cc1de96e29bf8f00b_jpg.rf.58bcbe87f2f91b922614a8080517a94a.jpg,640,480,10321,485453facb61794e7ec373f80cc5cf1dc90949a1ed8053e18589c577231d942c,304a4c4c9e960e30,239.3795,605.5964,False,True,1,
valid,0,3e17076a8652c07631177b9017a1bbc9-Copy-2-_jpg.rf.48140237148989c9937c4a4044805a2e.jpg,valid/3e17076a8652c07631177b9017a1bbc9-Copy-2-_jpg.rf.48140237148989c9937c4a4044805a2e.jpg,426,640,28913,d3281706536275fbd92c0f5e7ffcad028b3d4bb6568b21bc3c7a91f26455af0e,a0d0d81e86862fcc,157.2205,568.2136,False,True,1,
valid,1,sipotion_1749658590712_slouch_0_46_jpg.rf.364261f6f1ce4d8d72f53bd7b1b356dd.jpg,valid/sipotion_1749658590712_slouch_0_46_jpg.rf.364261f6f1ce4d8d72f53bd7b1b356dd.jpg,640,640,42860,21cf48c4ee0b0270a004174979c4113314d3f5c471bb797c83add2015fd5f762,9d9db733da9c4802,129.9142,482.7506,False,True,1,
valid,2,sipotion_1749643396987_leaning_forward_0_70_jpg.rf.3cac18d462c4132841ec31cb17375bc8.jpg,valid/sipotion_1749643396987_leaning_forward_0_70_jpg.rf.3cac18d462c4132841ec31cb17375bc8.jpg,640,640,37750,bd02776fb8fdb260fba34851d571c6a34ba77650849409bdd72bcd8e49654c3f,cdcd06862e6f8938,95.874,392.1726,False,True,1,
valid,3,41c32da2204db972afe8d411e3afac90-Copy_jpg.rf.03632fe1d828a018a86fab50f48c298f.jpg,valid/41c32da2204db972afe8d411e3afac90-Copy_jpg.rf.03632fe1d828a018a86fab50f48c298f.jpg,511,640,26287,8d8ac0749a47b249da48be9e2bbe0396f7ef8ba5bdbe642c29111aab6e69230f,c03030181e061919,125.299,882.0008,False,True,1,
valid,4,posture-307-_jpg.rf.174ee4dc081f5535d2f1f9d97592b301.jpg,valid/posture-307-_jpg.rf.174ee4dc081f5535d2f1f9d97592b301.jpg,640,640,74119,1615f93fe95de98d1a7b4f1542f1a7e3fc9a2d355547d1347decb32a61af45c8,c044cc983b6e61e5,107.9733,2159.8308,False,True,1,
valid,5,sipotion_1749658156542_leaning_forward_0_90_jpg.rf.d6b1d13fa2ccfe1354a54d41ed4ab00f.jpg,valid/sipotion_1749658156542_leaning_forward_0_90_jpg.rf.d6b1d13fa2ccfe1354a54d41ed4ab00f.jpg,640,640,39379,42895197e970e3371fc4cdfa7fe8396c8be1b37ef5b7f881a655f7784b778577,574f4d5b1b1d0e13,123.9089,623.116,False,True,1,
valid,6,40f380863d2e98f3399367e1a96c77f1-Copy-2-_jpg.rf.a26a141903b297825a4bc6d8ba9a0eeb.jpg,valid/40f380863d2e98f3399367e1a96c77f1-Copy-2-_jpg.rf.a26a141903b297825a4bc6d8ba9a0eeb.jpg,512,640,25106,10478ce22a3d31cfb9e74be8699589ac578d9bfea79b04e825dde61e83c19a27,000c4e0202820b1f,173.8849,1061.2377,False,True,1,
valid,7,sipotion_1749645315512_slouch_0_72_jpg.rf.ef06daa7707260f80f6e8439325b9904.jpg,valid/sipotion_1749645315512_slouch_0_72_jpg.rf.ef06daa7707260f80f6e8439325b9904.jpg,640,640,51856,70ac3b6f47bd625db6209256b36718d008380d75ab5d2501bb3dc3a97ce53a07,894d0cc657b6657c,118.2491,1433.5696,False,True,1,
valid,8,25df132587629fa4d6480745ef7c96d6_jpg.rf.51d7f3baca40e113ac71eba3618927a2.jpg,valid/25df132587629fa4d6480745ef7c96d6_jpg.rf.51d7f3baca40e113ac71eba3618927a2.jpg,426,640,18915,66072d7485306aec570f8c8909912b25e295c7cf128e7a0953f316ae2ece2a46,0040240c86130602,164.3347,790.6968,False,True,1,
valid,9,dedeb08b001858feb7812dcb0f5cf67d-Copy_jpg.rf.1ebcaa3ab9b507556781d03b482727e1.jpg,valid/dedeb08b001858feb7812dcb0f5cf67d-Copy_jpg.rf.1ebcaa3ab9b507556781d03b482727e1.jpg,426,640,20819,1cd5517cb0a596ad6d29543cf5817cd19f6f6bf6fb163e8afa910d108caf0879,a462b0784a58da9a,44.6601,795.2735,False,True,1,
valid,10,58559f1cee11500edb770caa7200494c-Copy-2-_jpg.rf.cb997c5c2f5ea7a7b0eb70d18ed33cd1.jpg,valid/58559f1cee11500edb770caa7200494c-Copy-2-_jpg.rf.cb997c5c2f5ea7a7b0eb70d18ed33cd1.jpg,446,640,22314,60ea416428a4455b360b4aa34c7075f850cbdccef65ae5fab90fa0c9b4464e0d,988c87030397951e,176.5577,950.7449,False,True,1,
valid,11,81d3071c8fb84aea6c753330a0c2a74d-Copy_jpg.rf.109c8b7837410e87f0c03f1f6d21d1f5.jpg,valid/81d3071c8fb84aea6c753330a0c2a74d-Copy_jpg.rf.109c8b7837410e87f0c03f1f6d21d1f5.jpg,426,640,24400,2876e116749033b05a85789067c22332944eee3b02273bbad6b84648b27cdb02,ec9c981a1eb6a228,183.8431,1319.9814,False,True,1,
valid,12,8f0fca25bc3336cae618ee45f790488b_jpg.rf.d697754a25c2019a7b2cfccc83cf9781.jpg,valid/8f0fca25bc3336cae618ee45f790488b_jpg.rf.d697754a25c2019a7b2cfccc83cf9781.jpg,512,640,20358,b5c8fad327de6ce491f87ab95cb4003b29721b876881426a5621a80a48c751b2,e0e0c2ad312744b1,196.9437,1070.3398,False,True,1,
valid,13,986d901b1752cb344d90d41a018f4930-Copy_jpg.rf.6e3b6948c8877efdc29f6d6c4cca9b67.jpg,valid/986d901b1752cb344d90d41a018f4930-Copy_jpg.rf.6e3b6948c8877efdc29f6d6c4cca9b67.jpg,640,548,21569,aa4acc97d0580cfb4fa73cea3d816ed94bbb7d74ba5a94e99b2945249a986d26,000911294f0b0797,206.3614,856.8794,False,True,1,
valid,14,ed47c4eae34245140bf78ec26d531755-Copy-2-_jpg.rf.d36776311b17d3c2497a7b9c07932fd6.jpg,valid/ed47c4eae34245140bf78ec26d531755-Copy-2-_jpg.rf.d36776311b17d3c2497a7b9c07932fd6.jpg,460,640,24506,46fc0d646c4a6e4380971b1a94292f4728f02396cc4beea653ba3d9d93b6de63,cdccc6a39b9ecffb,166.6307,1245.993,False,True,1,
valid,15,posture-631-_jpg.rf.f23c585ad2f3ed7afff42339c37f47fb.jpg,valid/posture-631-_jpg.rf.f23c585ad2f3ed7afff42339c37f47fb.jpg,640,640,38604,be966678207c0e058a06affa54756196cad121a7d86f49c94ecdc81d075d1496,0d4d0d1d155c5c3c,155.7374,577.8705,False,True,1,
valid,16,sipotion_1749658430249_slouch_0_70_jpg.rf.298a5b5e116427d2f8d69c10e4f101ad.jpg,valid/sipotion_1749658430249_slouch_0_70_jpg.rf.298a5b5e116427d2f8d69c10e4f101ad.jpg,640,640,38947,311d0b405a654a06c0d5cdd6df613357770b5ea05af8642c47a4cae0a66a08d3,64e6e627a3470f7b,136.899,1203.116,False,True,1,
valid,17,sipotion_1749637008612_leaning_forward_0_60_jpg.rf.8c5ec19c1891caddf56246ba0fe50d42.jpg,valid/sipotion_1749637008612_leaning_forward_0_60_jpg.rf.8c5ec19c1891caddf56246ba0fe50d42.jpg,640,640,38576,c799bfbb09cdb0b5e0baa2cd2eb441a84bd7faca9f3cf0661094347d425a2142,607088dd6d7d6b7c,136.2181,346.0322,False,True,1,
valid,18,44c10348f8facd7ff005860e80f2f05c-Copy_jpg.rf.530010485ae6e7bda03c472ced85c862.jpg,valid/44c10348f8facd7ff005860e80f2f05c-Copy_jpg.rf.530010485ae6e7bda03c472ced85c862.jpg,512,640,49823,b985903e9ce9bad8740d1b756316fd1c83f97a5cbc99d1dbf7077594384c5f68,9a89cd5a0f8e0398,180.873,1861.5398,False,True,1,
valid,19,aca8a2544d5b8aee2672d0fe2470d2ed_jpg.rf.243ea5406477f9e8e43b20e640228138.jpg,valid/aca8a2544d5b8aee2672d0fe2470d2ed_jpg.rf.243ea5406477f9e8e43b20e640228138.jpg,640,426,21296,29ef45d7e42c7ca025cd09566359ef8dee3ab5dcb708d47b7547db05f2de3c72,58d81838383c3b2b,182.2139,662.1891,False,True,1,
valid,20,sipotion_1749660931532_leaning_forward_0_92_jpg.rf.095d51532c94dbfa8ea692281c8027a1.jpg,valid/sipotion_1749660931532_leaning_forward_0_92_jpg.rf.095d51532c94dbfa8ea692281c8027a1.jpg,640,640,32868,9066edf687926ad8fbd72e8651092f8b45a4189928dfad266348937bca1bd7d0,30385a4d45a74b6f,125.3915,423.4925,False,True,1,
valid,21,posture-341-_jpg.rf.bb422cdcf4cbdd304533d8b196b9e8fc.jpg,valid/posture-341-_jpg.rf.bb422cdcf4cbdd304533d8b196b9e8fc.jpg,640,640,36139,4c6b028e3aa2854985d25c38d0c553da5b2898cf79316f0b4b8cf4e4a0efeb25,b030206074343f3d,183.4887,874.2316,False,True,1,
valid,22,1f538c6c7b2ed936f7519ab26ec0607d-Copy_jpg.rf.b7f49616455ba7836070e0d64b36f556.jpg,valid/1f538c6c7b2ed936f7519ab26ec0607d-Copy_jpg.rf.b7f49616455ba7836070e0d64b36f556.jpg,480,640,28884,a455f79a966cc747047a38f50161f1b5e358387ce8f431f03a3a35d066bf7478,ced6fecfcb1cd03e,213.1017,619.8214,False,True,1,
valid,23,9e32ad3c610a145c2aff263ba959ebaa-Copy-2-_jpg.rf.7fe2eee016c9caa872fc0a9248a2145a.jpg,valid/9e32ad3c610a145c2aff263ba959ebaa-Copy-2-_jpg.rf.7fe2eee016c9caa872fc0a9248a2145a.jpg,480,640,21290,d65441b6c2a995469172bb1d84b533747f26e89c7bf93db36ec4e36aa2f4684f,06064f8e0f151516,200.1206,863.3831,False,True,1,
valid,24,sipotion_1749658572805_leaning_backward_0_69_jpg.rf.ea8a89d11a8318e55f9f874927804a5a.jpg,valid/sipotion_1749658572805_leaning_backward_0_69_jpg.rf.ea8a89d11a8318e55f9f874927804a5a.jpg,640,640,49262,3a10b4c85bedd9a508f6dce88778e7f20a257925e9166c862dcf3aeeb2b8b818,575d1f3373da9849,132.4961,1077.501,False,True,1,
valid,25,ffa92358d37ea94935100c11ffe145126-Copy_jpg.rf.019f1226531163d41e06b56c57040ed1.jpg,valid/ffa92358d37ea94935100c11ffe145126-Copy_jpg.rf.019f1226531163d41e06b56c57040ed1.jpg,523,640,34535,3ef5764b7f8aeaae3981a60558797c1cf26acda077b65657f49b5e6ad0faa30a,203531792f131428,154.8721,1022.3568,False,True,1,
valid,26,posture-134-_jpg.rf.91a1795b3ca1d7bee058652a45d22b24.jpg,valid/posture-134-_jpg.rf.91a1795b3ca1d7bee058652a45d22b24.jpg,640,640,38340,47b1db4017851ca4c9bb6f4d99ca41ad690d047288fab8c6f8ac326df612de25,7938cce5656476e7,126.9724,766.2889,False,True,1,
valid,27,038d8139e2ed9526260fd48f2089435d_jpg.rf.b8c055f5ffdcd0dc2e1f01bfd0f6a818.jpg,valid/038d8139e2ed9526260fd48f2089435d_jpg.rf.b8c055f5ffdcd0dc2e1f01bfd0f6a818.jpg,420,640,34663,93b28f665799e64d5a3153cc71b5cab70b29118171af319a471247cc9992e3e7,0000002939931200,170.331,2077.251,False,True,1,
valid,28,7786351d2a6636d3a1a0da5a9f16974a-Copy-2-_jpg.rf.00ffa1e3e1e0b27cea38fbd536a72319.jpg,valid/7786351d2a6636d3a1a0da5a9f16974a-Copy-2-_jpg.rf.00ffa1e3e1e0b27cea38fbd536a72319.jpg,640,640,39466,f9c5a80c9dec04de42c17d22013c4d9f491ffd59b92abe69258381e79ef16ee6,c0d4d2fac61a1fc8,182.9347,834.0334,False,True,1,
valid,29,posture-153-_jpg.rf.b3bef02972d582d8d7a7c0972f594785.jpg,valid/posture-153-_jpg.rf.b3bef02972d582d8d7a7c0972f594785.jpg,640,640,45460,a52f8dd704fbef0b60451c67c0788a938bf0405929449874249d146ca3106db9,430c3c3838306084,124.4015,1196.0535,False,True,1,
valid,30,images3-Copy-2-_jpg.rf.163073f9d943e6664faa7c6a3dfc75bf.jpg,valid/images3-Copy-2-_jpg.rf.163073f9d943e6664faa7c6a3dfc75bf.jpg,361,640,21759,9eab45f500032ee8aa1455997350c883cdb1eb8c616aeffc39e6225658ad621a,9838784f29232363,161.105,544.1862,False,True,1,
valid,31,64728be89f9d6d4acac08119e5c062e6-Copy_jpg.rf.81f241fee3221ef58efed46562a368b0.jpg,valid/64728be89f9d6d4acac08119e5c062e6-Copy_jpg.rf.81f241fee3221ef58efed46562a368b0.jpg,640,269,13690,0144ca048ea330530fa9c0569698cea12216e13256ae586d4eb4bd03f16d9cd5,5a18938d1d307717,205.6332,822.6641,False,True,1,
valid,32,e29e0a43c00012bd6fd1f5259e9bce5c-Copy_jpg.rf.a13b4accc017680d2358b99a9c754efa.jpg,valid/e29e0a43c00012bd6fd1f5259e9bce5c-Copy_jpg.rf.a13b4accc017680d2358b99a9c754efa.jpg,512,640,34791,0b7d1b1499deccf2f237309065a152b76c6e8ca66e4dff4bb82cde63be4885a4,696e9bcbe7e5edf4,152.4138,1530.6555,False,True,1,
valid,33,posture-266-_jpg.rf.c1b0605ccf3ae56d8e8d2f1fbb0c1a1f.jpg,valid/posture-266-_jpg.rf.c1b0605ccf3ae56d8e8d2f1fbb0c1a1f.jpg,640,640,35443,8e46664584755e6451b262973a8d48d5fb7275278ac3c2ff0c5e18855b2d834c,bfc7791e8793373f,118.0724,595.0429,False,True,1,
valid,34,ac1ba8b24f47d2f3f9bf48048d2e30bb-Copy_jpg.rf.43501505a5bcec0f30218d14b9630b1e.jpg,valid/ac1ba8b24f47d2f3f9bf48048d2e30bb-Copy_jpg.rf.43501505a5bcec0f30218d14b9630b1e.jpg,427,640,24665,f6f9d092ea57fa3d0f0f2d110689f05df621ea2274ba78ff205e114152d98fd8,519947072f1f8b4b,177.7355,1718.0183,False,True,1,
valid,35,posture-364-_jpg.rf.b1df830a6f0daeaf643720c25719d158.jpg,valid/posture-364-_jpg.rf.b1df830a6f0daeaf643720c25719d158.jpg,640,640,47795,f94d30c593f844359a67953cea6ee260e80d164d9a4967f704fd69a4ab432fa2,d0d5d4d0dc3e7cf8,64.1704,759.2369,False,True,1,
valid,36,sipotion_1749660946045_leaning_forward_0_92_jpg.rf.7e543899fb8dc36e2477f555f7ce8e2b.jpg,valid/sipotion_1749660946045_leaning_forward_0_92_jpg.rf.7e543899fb8dc36e2477f555f7ce8e2b.jpg,640,640,31172,7a5629249084399033a284973275e36ae187ff1252656cc5e87f54baec3c20f9,6060b4198b4e069e,116.4512,346.1383,False,True,1,
valid,37,0ef52a85265746d1683f9486e96ce923-Copy_jpg.rf.594fc007a1d16dba7e26a5d1ef710ef4.jpg,valid/0ef52a85265746d1683f9486e96ce923-Copy_jpg.rf.594fc007a1d16dba7e26a5d1ef710ef4.jpg,503,640,30002,8eb2664b321c3288b5e0d4e41e5a18ba026d15183afa6fa9a1ed3458d6d647d6,a732168e170627e3,58.253,306.1093,False,True,1,
valid,38,posture-541-_jpg.rf.a5153dc1522dfa95abd1494b39b754af.jpg,valid/posture-541-_jpg.rf.a5153dc1522dfa95abd1494b39b754af.jpg,640,640,32985,06af0d95897a33161789e048ccdaab1b3c5bda3580dc50d11275b4a3038e32ab,d8c666632bb7b64b,118.1554,466.2885,False,True,1,
valid,39,cf421be439fc0e9f75e370c21455c4e9-Copy_jpg.rf.7f60707b6b516dce08e0d06253198eee.jpg,valid/cf421be439fc0e9f75e370c21455c4e9-Copy_jpg.rf.7f60707b6b516dce08e0d06253198eee.jpg,429,640,21595,ebe0c0e65b5e24db40e9c593a9a598dc72eaa872204998107a63be0ccd9933b7,1a9a4a283f1f0b2b,221.6854,1335.6628,False,True,1,
valid,40,3e568046de584d919cf9c86e3db0f5a2-Copy_jpg.rf.8da6000a8084237f2851d67db1e92f39.jpg,valid/3e568046de584d919cf9c86e3db0f5a2-Copy_jpg.rf.8da6000a8084237f2851d67db1e92f39.jpg,640,480,18529,1c2fd8452470da48ac2ac41e5d0acdfb60805dbfc349923585faed27da866243,210223617959c200,230.9588,965.4804,False,True,2,
valid,41,posture-277-_jpg.rf.29f20b282a59addabd1bb5dc64731928.jpg,valid/posture-277-_jpg.rf.29f20b282a59addabd1bb5dc64731928.jpg,640,640,40746,eff0c786cb94941b224ca58fe14c32b5fb55f94925af85a2920a5ecf4820e8cb,3b33870e3f268a36,115.0906,548.2269,False,True,1,
valid,42,sipotion_1749658444481_slouch_0_84_jpg.rf.a1b59925b03d9be1740593517fe2d471.jpg,valid/sipotion_1749658444481_slouch_0_84_jpg.rf.a1b59925b03d9be1740593517fe2d471.jpg,640,640,40813,36654bcc208e9e01bc6c80dc720a98becc607583aedbb73104f39d04ab48d6a4,9998989c0e0c9cbe,142.4863,1307.33,False,True,1,
valid,43,sipotion_1749658319239_slouch_0_84_jpg.rf.090668f4888fec33e67f0f2da8d5b0b3.jpg,valid/sipotion_1749658319239_slouch_0_84_jpg.rf.090668f4888fec33e67f0f2da8d5b0b3.jpg,640,640,27540,134156401797bcc8daff249312f3e32904ca09a68218f2a219756473089cf600,e19a99d3e3637bdb,148.5273,272.13,False,True,1,
valid,44,dd893ff77e5319d3bfa31f964a8bbef3-Copy_jpg.rf.012eaf3933dc91e04ec15aa05e8dee5a.jpg,valid/dd893ff77e5319d3bfa31f964a8bbef3-Copy_jpg.rf.012eaf3933dc91e04ec15aa05e8dee5a.jpg,451,640,21281,dfeb633278deda11a473376d5a465bc71456eee5d9ca35a9ee5637483bb0450a,020d0f93272d2704,198.7428,1404.1135,False,True,1,
valid,45,d410d40029f8109963184a7983921747-Copy-2-_jpg.rf.a773e387109f54b887ee226949cc10f8.jpg,valid/d410d40029f8109963184a7983921747-Copy-2-_jpg.rf.a773e387109f54b887ee226949cc10f8.jpg,640,426,35896,c42ffccc5f2f9ddefe52f2a9cf77d7371909bcaef4fc7c93c4570e842a97feac,e4ecdcf06a22a6e3,171.9832,811.8337,False,True,1,
valid,46,posture-592-_jpg.rf.ed71b21e546a671d9841b0ef75fc876c.jpg,valid/posture-592-_jpg.rf.ed71b21e546a671d9841b0ef75fc876c.jpg,640,640,62582,8e9dd69068f745e88d663367d7f23dc84b723fb62370b9ab4b1ab8c7128901a8,e1bab232130723e1,117.3377,1578.5714,False,True,1,
valid,47,512b65bb04bded5177b2a62a6c59a04c_jpg.rf.dab27cbe2dd392e6b197c6ba0af59d8d.jpg,valid/512b65bb04bded5177b2a62a6c59a04c_jpg.rf.dab27cbe2dd392e6b197c6ba0af59d8d.jpg,640,640,31344,d5a86e2ef43f084bff086539b678a67afc5c6381738a64dac573ecb2428790c3,136393132e3b2b4f,195.4753,871.7875,False,True,1,
valid,48,8e57678dca9bd1457f434d451dc7a484_jpg.rf.df4eb0e64ae7ff2f5231aca9116071f2.jpg,valid/8e57678dca9bd1457f434d451dc7a484_jpg.rf.df4eb0e64ae7ff2f5231aca9116071f2.jpg,426,640,34728,0aeb5a7a55fe103c42828185185b5946fd5bdfc690fba3f29d3b47e84342c210,9cb9ab3f1c3c1c98,156.2598,1704.5162,False,True,1,
valid,49,posture-177-_jpg.rf.5eb1f3df67fea97963e732c21e8c7541.jpg,valid/posture-177-_jpg.rf.5eb1f3df67fea97963e732c21e8c7541.jpg,640,640,42982,2bf1d9dc04a338ebca6bf35d6e7bde6fe9a37737030f370557093dbe228b583d,79388dcfce64fcee,128.5261,1289.1631,False,True,1,
valid,50,sipotion_1749648197532_good_posture_0_85_jpg.rf.4c3fb000830d28832d727f4f11522af3.jpg,valid/sipotion_1749648197532_good_posture_0_85_jpg.rf.4c3fb000830d28832d727f4f11522af3.jpg,640,640,40602,94aaa1a2b2bcc47e33efae6c2e844e0ae6e3b423cff10da3dbcd808a90baafd7,7f1b1f1f1b070780,147.3216,789.5595,False,True,1,
valid,51,posture-595-_jpg.rf.c96e545875de03847a81f9feedefe30b.jpg,valid/posture-595-_jpg.rf.c96e545875de03847a81f9feedefe30b.jpg,640,640,28575,e1304af3f90044f99354eaa8ecbae2626bdc1b6b9420a3c68f922707c90869b3,5949499911115256,219.4702,861.4765,False,True,2,
valid,52,sipotion_1749658563677_leaning_backward_0_60_jpg.rf.3ebf8947b4df6a069dc4b7b4885c96a9.jpg,valid/sipotion_1749658563677_leaning_backward_0_60_jpg.rf.3ebf8947b4df6a069dc4b7b4885c96a9.jpg,640,640,42222,0b73ab874765521719d6ea4bdb7d7e68dd47aebb3b980fe53efd59b05518e454,5f5d353173d89309,135.3936,468.3012,False,True,1,
valid,53,e25b7f05698b5236f71476766c37a1f9-Copy_jpg.rf.0b49b80f21e881617e864616a72fc219.jpg,valid/e25b7f05698b5236f71476766c37a1f9-Copy_jpg.rf.0b49b80f21e881617e864616a72fc219.jpg,363,640,29133,6cd2e6a75132fecd92ca7de1278f7a893babdf04a705634b55de49cfb76a7618,313139370f2d8d8d,191.399,2174.708,False,True,1,
valid,54,12faae8bd575b49b06841c73067a3a3a_jpg.rf.24ad561eb360bf7dcb71307ec43c2a6d.jpg,valid/12faae8bd575b49b06841c73067a3a3a_jpg.rf.24ad561eb360bf7dcb71307ec43c2a6d.jpg,640,480,20436,0eee837386a8096035e6abf551c3a294818e9c817bbae80e6847e6bd0dd73e4c,380a486fcec67636,163.8791,930.7675,False,True,1,
valid,55,sipotion_1749658606791_leaning_backward_0_72_jpg.rf.60cba1fc77dcd58e22079cef470a8ba0.jpg,valid/sipotion_1749658606791_leaning_backward_0_72_jpg.rf.60cba1fc77dcd58e22079cef470a8ba0.jpg,640,640,37108,aabed21d3b144cceb343ca8f8d0055656bd484984b8aa69daca72e8c3f18906d,6cf2229bbb366e6f,146.9838,447.5093,False,True,1,
valid,56,83e6943e72db0525aa10b6d2c48accf0_jpg.rf.0d82fe914b3def90e4593570fb1a7fac.jpg,valid/83e6943e72db0525aa10b6d2c48accf0_jpg.rf.0d82fe914b3def90e4593570fb1a7fac.jpg,513,640,27178,1d90629ca0de7e60a4ecf4d71670694f7e595ab29bc030e27c16b214d8c66825,edef2d3616076b77,167.4167,906.9385,False,True,1,
valid,57,9e1e04f95254cfb02d87fe470c12c70b-Copy_jpg.rf.ad4ebeadee337d2d2559aac564f1ba68.jpg,valid/9e1e04f95254cfb02d87fe470c12c70b-Copy_jpg.rf.ad4ebeadee337d2d2559aac564f1ba68.jpg,426,640,33176,a7a31a889dec4164ceda559c0045aa5fcf2b14197eb002a0b29ec732cb83f4c2,9f9f3e38215fc8c8,178.8512,1933.6976,False,True,1,
valid,58,2f733fdf5255897ece4bf1ce6269e318-Copy_jpg.rf.5fae10780b4b821e4300daf9d40bff69.jpg,valid/2f733fdf5255897ece4bf1ce6269e318-Copy_jpg.rf.5fae10780b4b821e4300daf9d40bff69.jpg,426,640,49045,6344dc90232477300d8d7591c2488960c85e2dae8694bc522b37d23c031d04ef,88a6a69288810763,134.3546,1660.8193,False,True,1,
valid,59,61a1e85af5b11c3a1a2549d5dca58295-Copy_jpg.rf.b37c756971a2d9d441b81d1cae1128f5.jpg,valid/61a1e85af5b11c3a1a2549d5dca58295-Copy_jpg.rf.b37c756971a2d9d441b81d1cae1128f5.jpg,484,640,29349,e640b51a51a6bf125dc3444fffa49fd791f8d892e0972c66153c34a11ef23e87,6f759d1f4d27536d,182.4179,1604.5636,False,True,1,
valid,60,79f4e495baca26738beef86cb33185c7-Copy_jpg.rf.969d22aea3ad923f1926724127fb47a9.jpg,valid/79f4e495baca26738beef86cb33185c7-Copy_jpg.rf.969d22aea3ad923f1926724127fb47a9.jpg,640,395,31500,635d1fc37f2d4117d37f2d68bb38ea0c15a34e631d5ea8fdacea27c4177fcdbb,24393bb2f2b2f236,192.4624,2285.3752,False,True,1,
valid,61,sipotion_1749648177533_good_posture_0_53_jpg.rf.be0b0689d14ca5bd9f5016d9b954fd71.jpg,valid/sipotion_1749648177533_good_posture_0_53_jpg.rf.be0b0689d14ca5bd9f5016d9b954fd71.jpg,640,640,48425,be0d37f303ffe126f6e50f79f90be3f4c138ecbc7e3714d875693514b7702b22,7f7f1f3f160b0582,146.8809,1494.7262,False,True,1,
valid,62,03c40be672e90af46fb59496c8034b57-Copy-2-_jpg.rf.b1c852f6b38cfa74ecc8c7d934917622.jpg,valid/03c40be672e90af46fb59496c8034b57-Copy-2-_jpg.rf.b1c852f6b38cfa74ecc8c7d934917622.jpg,512,640,18800,ae51c2a02c6df5e43ee8a3a2ba1dd750d95b1a1df7e584527126b6896ebc12ca,215199192c2c2622,212.8626,805.9421,False,True,1,
valid,63,50c40c54fd6d704689e7e611cae50592_jpg.rf.171442f68411b1d96881f4530a026afb.jpg,valid/50c40c54fd6d704689e7e611cae50592_jpg.rf.171442f68411b1d96881f4530a026afb.jpg,640,640,48762,7a1d01100b1f5581fedd78da455c6cec5f1a9748f1a016c5b010e2fb0c335d85,606165ccc98ccc64,92.4693,642.9521,False,True,2,
valid,64,7353602e3a7424adb6606eec01fd3524-Copy_jpg.rf.8947c06bbf5960093a6ff12d932d05d0.jpg,valid/7353602e3a7424adb6606eec01fd3524-Copy_jpg.rf.8947c06bbf5960093a6ff12d932d05d0.jpg,480,640,36768,87fc9178ed6c54c632f5b838d4de489c806c16bc8f9190e8938b1a99e0370ea6,24adcdcbe3e4f6e2,168.3428,627.7665,False,True,1,
valid,65,sipotion_1749645791964_slouch_0_62_jpg.rf.1cb9b7c8672cf0cf814850fd9564f327.jpg,valid/sipotion_1749645791964_slouch_0_62_jpg.rf.1cb9b7c8672cf0cf814850fd9564f327.jpg,640,640,43788,4efbc42a3321bd6bc16ad42592294db7cf48d0666db7093c7eb5eb6c246866ce,0e1a1927c6a6295a,119.4114,615.8035,False,True,1,
valid,66,ed25f52d26067ace9581553a3c4e3778_jpg.rf.d3dfa6e83c2ea86168f8cebae0db4c5b.jpg,valid/ed25f52d26067ace9581553a3c4e3778_jpg.rf.d3dfa6e83c2ea86168f8cebae0db4c5b.jpg,428,640,20425,8ff4b558cbcd9b0c7ae0143f457240cb5a959902b4cf9ed1c448288c42b0964a,f4ecd89a0f161693,168.6761,794.707,False,True,1,
valid,67,images1-Copy-2-_jpg.rf.ce6ff2b9a588f026ab2d253787629b1f.jpg,valid/images1-Copy-2-_jpg.rf.ce6ff2b9a588f026ab2d253787629b1f.jpg,479,640,25138,21c975727298db91dca4976060cd81a2353648a6059cb3ecebacd7f443b771b3,d8d91a1c8e8a0295,137.5458,358.0671,False,True,1,
valid,68,How-to-sit-meditation-Copy-2-_jpg.rf.d1151bddc9ac6445789a020754264bb0.jpg,valid/How-to-sit-meditation-Copy-2-_jpg.rf.d1151bddc9ac6445789a020754264bb0.jpg,640,359,72504,fd42f84dc1dbc3a522aeb28813c96389bd199760baf18515fa2b2ad409d74c22,7db0e8cdc89ad2f8,101.2171,6068.5273,False,True,1,
valid,69,bd4c7f8bebd96b6a55b75657d73e3a08-Copy_jpg.rf.865a1346cbd03ea1c423447d34059b11.jpg,valid/bd4c7f8bebd96b6a55b75657d73e3a08-Copy_jpg.rf.865a1346cbd03ea1c423447d34059b11.jpg,640,480,16956,857950c95dcdeecb175ba5080528ac0e16242946b9dbb44e5548685fd7e8d9ad,4d4d4d064f4f1616,201.3122,935.1471,False,True,1,
valid,70,fcc0c65a43d726d5a4cea47c25adf234-Copy_jpg.rf.153b47e46395a0c49859b6d0fe7f85f7.jpg,valid/fcc0c65a43d726d5a4cea47c25adf234-Copy_jpg.rf.153b47e46395a0c49859b6d0fe7f85f7.jpg,454,640,20893,26e7e0e12a52354472d53815cb9ec16eef314e0d87a8afbdba4f090dcb9952e1,9826469c1f1f9c0f,212.5372,1036.736,False,True,1,
valid,71,0c60817f7c51abb568167d5c48eb8a47-Copy_jpg.rf.fb6a5f27c3e2ff278757d7f867c2fbf0.jpg,valid/0c60817f7c51abb568167d5c48eb8a47-Copy_jpg.rf.fb6a5f27c3e2ff278757d7f867c2fbf0.jpg,640,426,28262,59f322fe98ac2b91f1b3820882c14b89022a2baccdc1635d14f86176d3965346,194d0d1d155c183c,158.1704,887.077,False,True,1,
valid,72,5aa27058712bce0b807380efa57177c4-Copy-2-_jpg.rf.85d5129516ca539c84d83d6f7ee05233.jpg,valid/5aa27058712bce0b807380efa57177c4-Copy-2-_jpg.rf.85d5129516ca539c84d83d6f7ee05233.jpg,640,424,26096,6b16a1b18219263c0df61841a461b43a725e6988fc9190b7fe6a61bace8269d0,f0ecc4fcececfcbc,122.4928,488.1574,False,True,1,
valid,73,ab7b2a592ffdd401c56928941f8da82c_jpg.rf.aa9635a406412e5820fcb4f9c3d45909.jpg,valid/ab7b2a592ffdd401c56928941f8da82c_jpg.rf.aa9635a406412e5820fcb4f9c3d45909.jpg,512,640,29371,c32cb5707d625e8549b165bc79eba8461065761123154743c6e8190518696578,03030403130e0e48,149.5964,754.2081,False,True,1,
valid,74,posture-284-_jpg.rf.32dad887c3d4991a016e4ef2439d213b.jpg,valid/posture-284-_jpg.rf.32dad887c3d4991a016e4ef2439d213b.jpg,640,640,44929,a6e2059e5af869e793caf50d11886b322fd9109c8dbcdfd6a7220cae53765380,999e0f4383999293,133.7879,584.6747,False,True,1,
valid,75,sipotion_1749660954336_leaning_forward_0_65_jpg.rf.e282dae6520a88115b991da076612400.jpg,valid/sipotion_1749660954336_leaning_forward_0_65_jpg.rf.e282dae6520a88115b991da076612400.jpg,640,640,40122,4babbf948167da0834c9c34db48964fab850272af1c00591539d49be5da78174,4d6f4f4e9f991cbc,101.9737,562.3115,False,True,1,
valid,76,da0f01744cef05b9d5e6cbd18c0dfcaf-Copy_jpg.rf.1a9ff1ba78cd919210701c13f0214fff.jpg,valid/da0f01744cef05b9d5e6cbd18c0dfcaf-Copy_jpg.rf.1a9ff1ba78cd919210701c13f0214fff.jpg,384,640,23766,e2918644c5063fefb97b652094bb50b145b93ab2d6e0aa50a4e10ffb15b745b9,98b8e0e4b4363e1f,115.802,353.7548,False,True,1,
valid,77,posture-124-_jpg.rf.3a5be28d07c87cb7240811ebc7467871.jpg,valid/posture-124-_jpg.rf.3a5be28d07c87cb7240811ebc7467871.jpg,640,640,35556,9df339119f9c06c65160bd7cf5f0706b6dfab0fcf078739af1b2cd8e19f49dad,806166361e160409,136.7711,759.0887,False,True,1,
valid,78,Uk862ZxbaFujYS424qTfsP-Copy-2-_jpg.rf.8fce0c0856dad484aed71c1d52817861.jpg,valid/Uk862ZxbaFujYS424qTfsP-Copy-2-_jpg.rf.8fce0c0856dad484aed71c1d52817861.jpg,640,360,23043,6e4a7b08b01f59876b732b3539ac107556e2fbd6036c9f98f1120eb4e5540161,9694929a9d0d0d0c,199.6772,1897.8042,False,True,1,
valid,79,d76754ef2c95e08e01c86403b703364f_jpg.rf.6786807d9538c9850d2c81808a052988.jpg,valid/d76754ef2c95e08e01c86403b703364f_jpg.rf.6786807d9538c9850d2c81808a052988.jpg,480,640,22171,577d983f469e08aea4278bc0b3003a32da87833533b2898097f69ad35a10e522,0209124e8c071736,185.8213,1164.2041,False,True,1,
valid,80,1bff90c2a0f45c5ba8db4d1f057691c2-Copy_jpg.rf.ddd734b7c27b2351a50b44411559b1fe.jpg,valid/1bff90c2a0f45c5ba8db4d1f057691c2-Copy_jpg.rf.ddd734b7c27b2351a50b44411559b1fe.jpg,466,640,22884,ad8d7bc3dfdda9edb352cf64a580b010adc9c3df72ba84805e2354c060c0c1da,3836301e0f1b0109,207.2034,1247.712,False,True,1,
valid,81,03c69ace93f40e3e724ba009796000d0_jpg.rf.acacafab75f564e99cb409520e38ebef.jpg,valid/03c69ace93f40e3e724ba009796000d0_jpg.rf.acacafab75f564e99cb409520e38ebef.jpg,640,640,41807,50671d4b28375a294e8032e3621705bfeadd347dee3462057b730b1dde7d59b8,fc22333733736e38,162.3955,496.3068,False,True,1,
valid,82,sipotion_1749660928120_leaning_forward_0_61_jpg.rf.bac14b82de06a2b6a0d1d4ca302533d1.jpg,valid/sipotion_1749660928120_leaning_forward_0_61_jpg.rf.bac14b82de06a2b6a0d1d4ca302533d1.jpg,640,640,31852,a82e902dbec134ee9c7e9544e191a9359a6224df9632a9c46953096353b4111c,10980c4743022327,110.697,559.2115,False,True,1,
valid,83,sipotion_1749658792534_good_posture_0_72_jpg.rf.980442380fc848cd5a8a4c52127591de.jpg,valid/sipotion_1749658792534_good_posture_0_72_jpg.rf.980442380fc848cd5a8a4c52127591de.jpg,640,640,38639,74a894e7719052d86f48fdca57e21ae18f12619d2f94d4854a719a9b969d67f1,d9d34f5b9a0c0cce,120.3582,573.0598,False,True,1,
valid,84,download-Copy-2-_jpg.rf.f256e926076799b28840df9f6c32fd2c.jpg,valid/download-Copy-2-_jpg.rf.f256e926076799b28840df9f6c32fd2c.jpg,494,640,17723,403ba983927a9598225b69a95d2c65827cc5859a756c747a54d379752da00ab9,185a9a989e822623,222.7013,569.2362,False,True,1,
valid,85,ac76e47ce5febbecb8ae39dd5ae21474-Copy_jpg.rf.e2ff5c67a6a31a70f98cc646e04fc3b2.jpg,valid/ac76e47ce5febbecb8ae39dd5ae21474-Copy_jpg.rf.e2ff5c67a6a31a70f98cc646e04fc3b2.jpg,426,640,29884,6bdd7310ae6220c15ab8355ca824aee4882e1a182e3a2ae82ad93283c53d877f,c6e6cf0b179b1a32,185.4666,1452.0802,False,True,1,
valid,86,sipotion_1749643405698_leaning_forward_0_40_jpg.rf.0378da516ce1a91f4ed3d0a010168e8c.jpg,valid/sipotion_1749643405698_leaning_forward_0_40_jpg.rf.0378da516ce1a91f4ed3d0a010168e8c.jpg,640,640,38832,fa8ad1b1f39e66317079428bd398c10df3bb020609954cd5b13b2aa5907f48ea,c78746462726443d,98.0903,450.3602,False,True,1,
valid,87,581cacc03b45e71bd4c2568986682ecf-Copy_jpg.rf.b71d0fc095f2203ae1c842d71354512e.jpg,valid/581cacc03b45e71bd4c2568986682ecf-Copy_jpg.rf.b71d0fc095f2203ae1c842d71354512e.jpg,640,425,34442,6e875aeba557071b895b042a50b704769addd446e9ae64d26dd997ce4682e1e7,a2a6a6b2cf072721,153.5871,1002.4506,False,True,1,
valid,88,images2-Copy-2-_jpg.rf.513308aeac1aba699fb6c282f0b4a34b.jpg,valid/images2-Copy-2-_jpg.rf.513308aeac1aba699fb6c282f0b4a34b.jpg,640,458,14615,b6bb293cb3f8608d6b8ffb72ac4aebe53d5368dd1c20aa82e4005aebc5114596,2cacac8ccc8c9c96,192.3045,473.669,False,True,1,
valid,89,How-to-Maintain-Neutral-Spine-Copy-2-_jpg.rf.15a63020dfcbe373e79723aa6c3dbd3d.jpg,valid/How-to-Maintain-Neutral-Spine-Copy-2-_jpg.rf.15a63020dfcbe373e79723aa6c3dbd3d.jpg,640,325,27914,ab5212007b8ab87806acd98ab50a482c80f9cc4d18d541ecc04eb62bb26faabf,c4c68609b5c5092d,134.6675,1504.8379,False,True,1,
valid,90,78bed333dd432f0d70aae2a9e8fa7370-Copy_jpg.rf.086d4bdec6a727ce4b384ce040fda633.jpg,valid/78bed333dd432f0d70aae2a9e8fa7370-Copy_jpg.rf.086d4bdec6a727ce4b384ce040fda633.jpg,427,640,20501,29fa980ebd4e83af5f0f03336505da6aae463e0973b811ab86e69c45835fc890,d8e68e191e47ced2,147.5999,856.7983,False,True,1,
valid,91,a67dcb23e4c2e37037f5bde07a53af1f-Copy_jpg.rf.a9a98c11f1cb129671a9136794e65b76.jpg,valid/a67dcb23e4c2e37037f5bde07a53af1f-Copy_jpg.rf.a9a98c11f1cb129671a9136794e65b76.jpg,640,426,26037,f246d8b8d0d4c6753a31479dd5aa976c22c932e0cc5fff611689711f47fb026a,e5e4d8392cd89927,137.6648,645.1554,False,True,1,
valid,92,posture-254-_jpg.rf.903ec44420bacd4623f79c0ba7397b21.jpg,valid/posture-254-_jpg.rf.903ec44420bacd4623f79c0ba7397b21.jpg,640,640,42016,b1e596f0ddbf99eb83df2c7226a33df71f1571e054236086af6a8e7c837e5747,4dcdcd0606261d3c,130.6554,986.9028,False,True,1,
valid,93,11376b36328b5aecfce91a930ae7dd13-Copy_jpg.rf.2c99983e2f5421754b6dffe0442124bc.jpg,valid/11376b36328b5aecfce91a930ae7dd13-Copy_jpg.rf.2c99983e2f5421754b6dffe0442124bc.jpg,640,426,26611,60ea1c423443583b374681234f5ff29967bb2f8914ab56f6a2d32c7bbf471902,d8c4c4ccc5ccccd7,177.8089,1036.8131,False,True,1,
valid,94,sipotion_1749648202573_good_posture_0_87_jpg.rf.a8897cb1f8afafd69f7505d9b16d9434.jpg,valid/sipotion_1749648202573_good_posture_0_87_jpg.rf.a8897cb1f8afafd69f7505d9b16d9434.jpg,640,640,39971,1a09a484070de92bd3d485cadf9c66a95633c27b5348c236133b861b7dcd5577,7e5b1f3f1b070789,148.292,762.0246,False,True,1,
valid,95,posture-665-_jpg.rf.5b75a03650655b9e6d9e90054ff971ea.jpg,valid/posture-665-_jpg.rf.5b75a03650655b9e6d9e90054ff971ea.jpg,640,640,26847,b9700bf14c51d0f64f11784d57b7a0d10a7b81f4062735d67f591c2a9f405312,ad4e8d0d3d191f37,190.4532,421.63,False,True,1,
valid,96,sipotion_1749658575353_slouch_0_55_jpg.rf.e7d938919df651e030ad7435eef42c9c.jpg,valid/sipotion_1749658575353_slouch_0_55_jpg.rf.e7d938919df651e030ad7435eef42c9c.jpg,640,640,44430,cf6961b144fb52beb60e4a43f7f5ecc853699c7fd95f45a442069180f98fe7f3,564e5f2171119893,144.1116,536.6202,False,True,1,
valid,97,898eec2b4ad9d4dba72f74f4007e644b-Copy_jpg.rf.66840d174754f01b4a91f1692990b064.jpg,valid/898eec2b4ad9d4dba72f74f4007e644b-Copy_jpg.rf.66840d174754f01b4a91f1692990b064.jpg,544,640,30385,efda113301c945856a39d03b2f9beae852c86685996675713fa7c9294c69f426,f2908e4c665b8bde,99.4978,607.6758,False,True,1,
valid,98,sipotion_1749658439192_slouch_0_82_jpg.rf.3c8d6b52423695101c34de965ad5e505.jpg,valid/sipotion_1749658439192_slouch_0_82_jpg.rf.3c8d6b52423695101c34de965ad5e505.jpg,640,640,39883,acda435bdaf8ef7db71d0b839f29905c2a1c1f02651ffdbdceff289c2302cb23,704ccc2e8e4e0e1e,136.2585,1294.8417,False,True,1,
valid,99,33d01e7a66dee25ccebf4c35e38658d0-Copy_jpg.rf.69e259c9834119892820f5428827049b.jpg,valid/33d01e7a66dee25ccebf4c35e38658d0-Copy_jpg.rf.69e259c9834119892820f5428827049b.jpg,512,640,32606,43c21d04c4c72852386827a6c78bb420064126fca911149705dcc88600be092b,488c8b9322c8998f,144.1318,1168.6986,False,True,1,
valid,100,posture-314-_jpg.rf.6acdd6bf569b3c8a2b346353c0ab4b27.jpg,valid/posture-314-_jpg.rf.6acdd6bf569b3c8a2b346353c0ab4b27.jpg,640,640,71337,3b9741f4eaae6e9ba756b344134c468835169029db867ef7a1cc6e38c9197e05,70b0b0f5e2ec323a,102.2029,1929.8241,False,True,1,
valid,101,2717706a396e68f341b88f63e445b64c5-Copy_jpg.rf.d4861e9470f49accab5203166b17b83e.jpg,valid/2717706a396e68f341b88f63e445b64c5-Copy_jpg.rf.d4861e9470f49accab5203166b17b83e.jpg,426,640,22434,d471f4ffc2c88688d5e6b58b6bedd35bc92505b8fa20da0f17eb5489938a6f96,e6e6a7e707373737,161.2948,1234.9237,False,True,1,
valid,102,Posture-correction-sitting-2048x1161-Copy_jpg.rf.67e379290ca6ebb646ed4638e356f2f2.jpg,valid/Posture-correction-sitting-2048x1161-Copy_jpg.rf.67e379290ca6ebb646ed4638e356f2f2.jpg,640,362,26666,705e23d3a675cd4d596e6f1de24e630aacbf5f7c54b97612a851b2a731b16005,435bdb5b496d2596,213.7883,2620.8018,False,True,3,
valid,103,a32266f248f948449f9c7dceb6b5292a_jpg.rf.8954aaf396de8d1e8c25447323309c3a.jpg,valid/a32266f248f948449f9c7dceb6b5292a_jpg.rf.8954aaf396de8d1e8c25447323309c3a.jpg,640,640,67584,3005d140ef22c84f3efafb5ab1fc645fdef74a536e99bb3613b3b66ed075efae,dbdbd3c9cf0d2d1e,171.5804,3187.9924,False,True,2,
valid,104,1876f9487ac4a54e573bfb7a208a029e_jpg.rf.7d129606ecbc1bf0ba4abb602fd9c3ab.jpg,valid/1876f9487ac4a54e573bfb7a208a029e_jpg.rf.7d129606ecbc1bf0ba4abb602fd9c3ab.jpg,427,640,29460,ef196c4c2778a70e14aa50657b4b8cea6e36e544250ba2467e996e9d28a2c000,4c0d1c6f16135b0e,212.6974,1988.8312,False,True,1,
valid,105,fbdc06057eb3328ac3789a7d5ceea517-Copy_jpg.rf.6496d864bfa725134655337591a7cbd4.jpg,valid/fbdc06057eb3328ac3789a7d5ceea517-Copy_jpg.rf.6496d864bfa725134655337591a7cbd4.jpg,481,640,26061,9204d321246f7b212c1c9dd90b60af0080154c241822ae22801778dc6da73271,4dc6c74313c74fcb,179.3617,918.0943,False,True,1,
valid,106,78a07089ecd665b3951e0c3545028f5c_jpg.rf.64c2ecda911a28a56b504cc53f94bf24.jpg,valid/78a07089ecd665b3951e0c3545028f5c_jpg.rf.64c2ecda911a28a56b504cc53f94bf24.jpg,640,480,15988,a02e864347241319677f3ec3c5d7c2832622d0e71dbcb0dfc9c60bec9a3daa15,2b4d9b9a9a1d1f92,205.0063,733.3705,False,True,1,
valid,107,posture-615-_jpg.rf.8d7f6c727f84e4eb2e3cfaea5cf85d9c.jpg,valid/posture-615-_jpg.rf.8d7f6c727f84e4eb2e3cfaea5cf85d9c.jpg,640,640,33888,239a1d2c29b65d3e937ff7901308e071b5659a5f2ec3f3acb593cda5cb5e02a8,c890b89c9e0a0be8,147.8899,646.2075,False,True,1,
valid,108,59c146d54c50e3f829b9a50f72a6b7fa-Copy_jpg.rf.404a3db1277161ef57a8698d8c93ac3b.jpg,valid/59c146d54c50e3f829b9a50f72a6b7fa-Copy_jpg.rf.404a3db1277161ef57a8698d8c93ac3b.jpg,576,640,22803,d5996954901363cee400d571ebb1ce4be451f06355b403f05d3fd9dbbd05973e,000020180d0d1936,181.985,493.2301,False,True,1,
valid,109,posture-332-_jpg.rf.445755fa5fb210168933ce7db0563105.jpg,valid/posture-332-_jpg.rf.445755fa5fb210168933ce7db0563105.jpg,640,640,28019,af85ec352f1b3c7b204dc18d8ebb12d06bef0f62ba497e91752961e4a67bbd64,edefe7f3f3f38f8f,155.1961,443.016,False,True,1,
valid,110,c9491ad49cea73d453803358b2508f57-Copy_jpg.rf.4b7499a5593dc29eb4de0c2f017c8f5b.jpg,valid/c9491ad49cea73d453803358b2508f57-Copy_jpg.rf.4b7499a5593dc29eb4de0c2f017c8f5b.jpg,640,478,17748,2a46bb7e275827f8ab1bf602ea7b935b6dc9ba2e843898ed5aa2a1f0728ac9a3,440a4d4e66464323,190.6086,1334.4186,False,True,1,
valid,111,posture-507-_jpg.rf.8f66d4f2053db512062e2e8a0534d1d3.jpg,valid/posture-507-_jpg.rf.8f66d4f2053db512062e2e8a0534d1d3.jpg,640,640,19905,ea496b798f901af4dd3f5f4dccc40399f5d6870e60b5e3ebcc7d1abf4dab3c90,1a5abc989e0e8e26,236.4492,625.2648,False,True,1,
valid,112,posture-253-_jpg.rf.8d7b694bac7b5c2b461903d4b7b6e7e3.jpg,valid/posture-253-_jpg.rf.8d7b694bac7b5c2b461903d4b7b6e7e3.jpg,640,640,38496,c889e6e3acbdd8e6549d8fe995e7835504df8c83adcea8a7a1d2b2b77dba074b,4dcdcc060f261d7e,124.3188,691.144,False,True,1,
valid,113,posture-140-_jpg.rf.5b1e87412e506e146360e59438144188.jpg,valid/posture-140-_jpg.rf.5b1e87412e506e146360e59438144188.jpg,640,640,37668,8998263a6493b72224b49aff6f15f6c03c3ccc09e8a5c14ab101462016fda4b6,7371f7c66268ec96,128.6901,899.6077,False,True,1,
valid,114,952c9d489a4376391098069dde605ff4-Copy_jpg.rf.b377902d055d5021b24459a4c049db85.jpg,valid/952c9d489a4376391098069dde605ff4-Copy_jpg.rf.b377902d055d5021b24459a4c049db85.jpg,424,640,17134,cdf34d865760708882ce003d1a116ae7d7ef0caf68158125d86c53ba544e4d81,f0c84c87135b8357,144.4933,600.8962,False,True,1,
valid,115,posture-199-_jpg.rf.d2cef090b3d562bf0c95bc4dbe224dca.jpg,valid/posture-199-_jpg.rf.d2cef090b3d562bf0c95bc4dbe224dca.jpg,640,640,37444,06b6be248985cdc5e4da80fd61a5eacd584c4a65eddf77fb8375962f0689774d,7938c8cdad64f6a7,129.8318,667.8586,False,True,1,
valid,116,81842e02a2b88474cf168d2e89fc1d30-Copy_jpg.rf.0710f97d730e30e20c2095a36106d3d2.jpg,valid/81842e02a2b88474cf168d2e89fc1d30-Copy_jpg.rf.0710f97d730e30e20c2095a36106d3d2.jpg,640,426,28503,4aa8827817862ab461af87613117391782709a498c441c71dfb744dfcdea80e1,c6cececcececd753,159.874,1051.955,False,True,1,
valid,117,a0e4c9bc32937f24d184ab8297c010c7-Copy_jpg.rf.ca571112508e38448819b505ff10729e.jpg,valid/a0e4c9bc32937f24d184ab8297c010c7-Copy_jpg.rf.ca571112508e38448819b505ff10729e.jpg,426,640,30468,0fc2dc7bc6e428856fcec3358379cfcf328c083a1677b9355d2132190b8e2545,b0b8492383de9ff0,194.3212,1744.7666,False,True,1,
valid,118,d30ff00ccb4e7da517e131e7bb6911ac-Copy_jpg.rf.97156bdfdc5801f7cf64f4f1724ddfb7.jpg,valid/d30ff00ccb4e7da517e131e7bb6911ac-Copy_jpg.rf.97156bdfdc5801f7cf64f4f1724ddfb7.jpg,640,589,20848,281f9747f16be1414055fe4ebf7498fc1f0c9faac0266e8fca3c00e3cdd81a67,fcf8e4ccd89ece0c,126.7455,604.553,False,True,1,
valid,119,8fbf1291964b1c6f0adbbde337b9d5ef-Copy_jpg.rf.bb958d0aabbd5e1134f8f36b9442683b.jpg,valid/8fbf1291964b1c6f0adbbde337b9d5ef-Copy_jpg.rf.bb958d0aabbd5e1134f8f36b9442683b.jpg,518,640,31304,a7b68d18866a4fbac867a1b3d8b0c465d707e8ec948db379d5c877b4013f5306,5004286aa28c9d2f,89.6267,603.6622,False,True,1,
valid,120,sipotion_1749658310237_slouch_0_76_jpg.rf.c3e02bf96476c3a1be25d71d3b430f11.jpg,valid/sipotion_1749658310237_slouch_0_76_jpg.rf.c3e02bf96476c3a1be25d71d3b430f11.jpg,640,640,28343,7351cc72287ec46da258e3bc8e50620f29144fc725b955505ad06ec103c79fd4,e0f2617971f3d7e5,132.1808,255.6225,False,True,1,
valid,121,72caa2ca1fb3e5e2f073ad9eba4642a3-Copy_jpg.rf.71fc44260f35810a3406ab0f0a1a3fc7.jpg,valid/72caa2ca1fb3e5e2f073ad9eba4642a3-Copy_jpg.rf.71fc44260f35810a3406ab0f0a1a3fc7.jpg,385,640,16510,d5beebfd9212726a704aedbc40624267978d7f17ae7ef924f7ea12cc8232563d,e66646cf1f2c2d4e,163.9557,801.2101,False,True,1,
valid,122,93c555ce64f1fab69293e4f5631cbcce-Copy-2-_jpg.rf.3f3890cfe467aad3d0c341016c42ba77.jpg,valid/93c555ce64f1fab69293e4f5631cbcce-Copy-2-_jpg.rf.3f3890cfe467aad3d0c341016c42ba77.jpg,508,640,26979,3247cd05229c7f01ace9fd276de4a1c1ad2e7e01015ee4fab5b965b777c74dd9,04130b6996178999,223.8059,2125.9939,False,True,1,
valid,123,download-1-Copy_jpg.rf.e291aa959ceaca5ddc3b31d3988b1f9b.jpg,valid/download-1-Copy_jpg.rf.e291aa959ceaca5ddc3b31d3988b1f9b.jpg,425,640,14837,b9e7e78069bd148f71799037d9bbc150c942464921d75b25e984e00eec1621b4,9b9a9e988f1b1213,225.8928,562.9599,False,True,1,
valid,124,fdd6e467bfcad201d3cc6ac923ae829f-Copy_jpg.rf.492d6761226bba3de7e36ed23cfde0eb.jpg,valid/fdd6e467bfcad201d3cc6ac923ae829f-Copy_jpg.rf.492d6761226bba3de7e36ed23cfde0eb.jpg,640,406,23163,c7a827863a6347412d436db26594aa1fbe520e0b7d38d4188d1d4d48094e7498,ecf0e5accc415270,163.2214,1061.0532,False,True,1,
valid,125,0fc32a3a4348547000601fbb1eae3e94-Copy_jpg.rf.63b4ffb54b24e037b71eec0382a8b992.jpg,valid/0fc32a3a4348547000601fbb1eae3e94-Copy_jpg.rf.63b4ffb54b24e037b71eec0382a8b992.jpg,426,640,36904,efa84ef31e1192a7fa6d6448cde1d93d33615e32eb9af11524c70a6ef4cda11c,000c3e0347188ee6,130.5443,1843.4272,False,True,1,
valid,126,sipotion_1749649871123_slouch_0_61_jpg.rf.c520a724a5d3ba60e60ae054eb4ab412.jpg,valid/sipotion_1749649871123_slouch_0_61_jpg.rf.c520a724a5d3ba60e60ae054eb4ab412.jpg,640,640,36549,d09680330bdb24ebec056ecec1cf9e3fa6764d881266b89f4eeaa56533da0777,ececccceec276725,117.2506,419.1209,False,True,1,
valid,127,sipotion_1749642779298_slouch_0_86_jpg.rf.82e6cb6571934949d2bf677d36ba4c5c.jpg,valid/sipotion_1749642779298_slouch_0_86_jpg.rf.82e6cb6571934949d2bf677d36ba4c5c.jpg,640,640,35073,6f06019dff378ba3381b0a10ea2832997d425a5f9e8a2123c02258b7c6993db8,cdcfc7ce96a74616,131.4492,383.233,False,True,1,
valid,128,dc363969c85546a62fa7a83449c00058-Copy_jpg.rf.4584b363d63661677a086d6266aa9c37.jpg,valid/dc363969c85546a62fa7a83449c00058-Copy_jpg.rf.4584b363d63661677a086d6266aa9c37.jpg,420,640,24293,387b2472725d563b41a6dbb6913d080f8c2ff3c395d9f87ca1dd93cff5d986d3,8a0c4dce8f271612,219.7086,1501.5355,False,True,1,
valid,129,a9d20aa2783b0cdec9ecb2794ba293f6_jpg.rf.0295454090581e54e46da15c8ea84560.jpg,valid/a9d20aa2783b0cdec9ecb2794ba293f6_jpg.rf.0295454090581e54e46da15c8ea84560.jpg,640,640,23621,b29eccb1084891a91cde5e5d9a2e601cd856ac3c4d112abd8819846be891c88e,80d0aca4c4cc9828,204.486,580.9438,False,True,1,
valid,130,b1a1b440cf8dde72bf0050fd51a5348a-Copy_jpg.rf.8d6e4342057f7f41ce19b690f76cfaba.jpg,valid/b1a1b440cf8dde72bf0050fd51a5348a-Copy_jpg.rf.8d6e4342057f7f41ce19b690f76cfaba.jpg,359,640,22871,94925dac3c4d542379ca7c62057b7930a33c388e58b91e470cd283d775ad8e58,e09898888c994c6e,167.8975,1054.5985,False,True,1,
valid,131,posture-616-_jpg.rf.54aeb023a05db6acb203a006a6a929c6.jpg,valid/posture-616-_jpg.rf.54aeb023a05db6acb203a006a6a929c6.jpg,640,640,31493,77b8ec8a32e285a0b30439675dccac753cf9c8ff470e25500cbf53b77cea77e6,ecd6f2e386aeaf2f,143.1943,500.0696,False,True,1,
valid,132,95f300b6cdfccc43002b0b4391efcc89-Copy_jpg.rf.493800ab5305636a9c207ad2854f2166.jpg,valid/95f300b6cdfccc43002b0b4391efcc89-Copy_jpg.rf.493800ab5305636a9c207ad2854f2166.jpg,640,640,21357,0f04f157914edb5fa60577646e6438b4e2811df48cac8b21e51d091a343fc4b7,2d65040f8f969697,193.1573,694.2415,False,True,1,
valid,133,sipotion_1749658269783_slouch_0_83_jpg.rf.7393f3c2b6ef30f8d760ffd841976a21.jpg,valid/sipotion_1749658269783_slouch_0_83_jpg.rf.7393f3c2b6ef30f8d760ffd841976a21.jpg,640,640,27958,b55adf1f08dec76a83ae4b532885463f8aff946d35c91a50a26af46091557853,cccccef273eade6e,149.4467,252.5349,False,True,1,
valid,134,sipotion_1749642772961_slouch_0_81_jpg.rf.606b5177cf7a067a95214f5804745d77.jpg,valid/sipotion_1749642772961_slouch_0_81_jpg.rf.606b5177cf7a067a95214f5804745d77.jpg,640,640,30185,745abe95c43f47e8f62edabf65106068bfe4a6196ea2c76c88440c5e2ca708b5,3ee6cacace858c02,96.7558,480.6767,False,True,2,
valid,135,posture-130-_jpg.rf.5ad6b0896214a83a060654edd34097cc.jpg,valid/posture-130-_jpg.rf.5ad6b0896214a83a060654edd34097cc.jpg,640,640,36280,7e764c59aee36ba67c1b516eb35dea6510d7d520c612b00cf2f750736e1d6702,216364083969d80c,132.1396,711.0908,False,True,1,
valid,136,istockphoto-527344921-612x612-Copy-2-_jpg.rf.74c9d2b0604b847700bd2b773f3424b3.jpg,valid/istockphoto-527344921-612x612-Copy-2-_jpg.rf.74c9d2b0604b847700bd2b773f3424b3.jpg,426,640,36968,2d11ad0ee607cb6426eef7a6c95f3dfb4af83694ecfb9c6fb18712385665d8de,c0c062a3c7ceccb1,158.321,1514.6902,False,True,1,
valid,137,f76cc9fd2cc3177ae5f2fbb0a6606f8d_jpg.rf.90b0297fb008e5372bd0bc01a4640712.jpg,valid/f76cc9fd2cc3177ae5f2fbb0a6606f8d_jpg.rf.90b0297fb008e5372bd0bc01a4640712.jpg,502,640,17987,cc0c6f0f9ed2d664c022f0b9b3cfdb7303390f3bb158ffa59c82342d2e4272e2,906896988e4bb94e,201.4825,1124.6903,False,True,1,
valid,138,6b5cc3d65032e3edd263f9f90e424793-Copy_jpg.rf.2eddd80d8f7e05c660ea1e715a694887.jpg,valid/6b5cc3d65032e3edd263f9f90e424793-Copy_jpg.rf.2eddd80d8f7e05c660ea1e715a694887.jpg,640,464,32402,ba320751a3d35d7f87b75cb3860d937b026cdbbca41516b8bf986cd7136b1c1c,7bc1c1e9d2442d00,169.927,1284.0916,False,True,1,
valid,139,ec9c1402586471c07a8e6f58355d2787-Copy_jpg.rf.2bc01e16980d57f662365cdc34b78877.jpg,valid/ec9c1402586471c07a8e6f58355d2787-Copy_jpg.rf.2bc01e16980d57f662365cdc34b78877.jpg,640,618,51345,c4cb79c0b02d27cf2719b21443e258a6594e7e3354ebe2abdeeedb98dc356049,c47676a6a64e5e4e,170.3392,1215.6886,False,True,1,
valid,140,posture-298-_jpg.rf.10fbf93f9567e50523f157e095271794.jpg,valid/posture-298-_jpg.rf.10fbf93f9567e50523f157e095271794.jpg,640,640,77616,a3d786caa7ae84240316f46f158895520de2f542529290bbe32342a4374386eb,b993d2d233323b2b,113.0156,3421.7668,False,True,1,
valid,141,4ad9540ec4a9101b15e87046f303f0c0-Copy-2-_jpg.rf.38d892556c06e868141008514f655623.jpg,valid/4ad9540ec4a9101b15e87046f303f0c0-Copy-2-_jpg.rf.38d892556c06e868141008514f655623.jpg,508,640,19605,dd4e59dac93c1fb230b69adee8e41bc6ad129e2c6dbaba4d982fe65d3906524b,9c68303c3c766ded,200.2319,678.4792,False,True,1,
valid,142,sipotion_1749643407582_leaning_forward_0_46_jpg.rf.1e9e36d323dd76bf5402f4ec107662d7.jpg,valid/sipotion_1749643407582_leaning_forward_0_46_jpg.rf.1e9e36d323dd76bf5402f4ec107662d7.jpg,640,640,39335,c5f7c358200959315180b95512008ffebea888812a380dfa1b5f105733146b82,c68746472767463c,106.526,448.2755,False,True,1,
valid,143,d83d919d196e54927215e3e0ce4bbe73_jpg.rf.2a76505b3abf3e306b3eaf9cbd1881a7.jpg,valid/d83d919d196e54927215e3e0ce4bbe73_jpg.rf.2a76505b3abf3e306b3eaf9cbd1881a7.jpg,426,640,18332,12fa138f910e67372d9ee76f66e0c17c07f57465a3c243c608afeb774699eee1,d8e4dac88cb636dc,203.0882,848.8697,False,True,1,
valid,144,6f6ba4bd80803fa49fef96ce7cabd1c91-Copy_jpg.rf.7aa8a09c78ebba0c1548555dc85597ca.jpg,valid/6f6ba4bd80803fa49fef96ce7cabd1c91-Copy_jpg.rf.7aa8a09c78ebba0c1548555dc85597ca.jpg,401,640,24995,2e4de65ec2cbff307bfbf3849aa5620872897b2246bd33ef158ef0007ef77671,f4e8a1f4d494b4d4,104.3231,660.9902,False,True,1,
valid,145,sipotion_1749658568490_leaning_backward_0_44_jpg.rf.ee5163d16e021b829c2fe3c59a192f63.jpg,valid/sipotion_1749658568490_leaning_backward_0_44_jpg.rf.ee5163d16e021b829c2fe3c59a192f63.jpg,640,640,43143,6f111082834b9fa150f8f0d7eee2bf6e4a74137cb09202d8432f3f2df3d145fd,5f5d353173da9309,133.0303,540.9331,False,True,1,
valid,146,posture-293-_jpg.rf.c7734904a55dca695d9ecfa5b753e355.jpg,valid/posture-293-_jpg.rf.c7734904a55dca695d9ecfa5b753e355.jpg,640,640,35205,9e1e5d2a403599f9f7347026be2a533e1802f708f1e349771b5828a1d9da9b66,1a66e60c3d67632b,97.6787,523.1736,False,True,1,
valid,147,a9d891f191864702f024ae4342770987_jpg.rf.9e2d2f3ef484f5cf3280c121d17dc55d.jpg,valid/a9d891f191864702f024ae4342770987_jpg.rf.9e2d2f3ef484f5cf3280c121d17dc55d.jpg,640,426,21089,5b6f21351bdaff7a4c2dcba016a258d88a5ec6e34186c23f97caef451ef378d2,b0b2d29892c6cc05,175.9633,812.0569,False,True,2,
valid,148,posture-62-_jpg.rf.4d460dcf66e4fa5430cd6d4494de20e2.jpg,valid/posture-62-_jpg.rf.4d460dcf66e4fa5430cd6d4494de20e2.jpg,640,640,47512,ff15c71900e800da6c5d1758a37e536f99aa729ec1856a6f9342d854412f22db,f0f06c5d1a3cac14,154.2198,764.5228,False,True,1,
valid,149,9fb929be400c5002e2f0cd0337eb266b_jpg.rf.c819eca47bb236d4813cf60b0d9b1f36.jpg,valid/9fb929be400c5002e2f0cd0337eb266b_jpg.rf.c819eca47bb236d4813cf60b0d9b1f36.jpg,640,426,21952,7dce208329d384cc936554df33806f63cc44c9351cc019bc138a2ae86aa4a941,c2c0b995952929b1,192.0797,953.6771,False,True,3,
valid,150,d6a87d374f2a1d615f59eed5b6b38df4-Copy_jpg.rf.cfe76c4c6b0bf32c8d807149a6d4a338.jpg,valid/d6a87d374f2a1d615f59eed5b6b38df4-Copy_jpg.rf.cfe76c4c6b0bf32c8d807149a6d4a338.jpg,443,640,28886,ddf94a58738ffde01600eb0bf6097345c4f86e49929e37ffacba5a0839ed0c0f,d0268cd81f1317b5,182.9185,1031.9268,False,True,1,
valid,151,7b89017dc596f89add0284d36671e21d-Copy_jpg.rf.465c9cfc93c54d8232a5de3f45bdefb0.jpg,valid/7b89017dc596f89add0284d36671e21d-Copy_jpg.rf.465c9cfc93c54d8232a5de3f45bdefb0.jpg,360,640,22295,8ba3eb99fc30b01d1610ad873c1552a9928525c69c3d63b15304efc6dbc8b6cb,f4b4dbd8bfcbdbd9,175.0314,1220.8737,False,True,1,
valid,152,5ecd213f80f7319f47061ce6385f3d97-Copy_jpg.rf.91bfce6132fb7a08e48a5aebb6e29e3c.jpg,valid/5ecd213f80f7319f47061ce6385f3d97-Copy_jpg.rf.91bfce6132fb7a08e48a5aebb6e29e3c.jpg,426,640,38377,44886bc384089d6b3b572ed093f277d65462da89dff7b8a687ac37270144db46,3c9c16563d9b19ff,145.318,2226.1326,False,True,1,
valid,153,eb81401aa31b0635f62e053833cc7443-Copy_jpg.rf.ef555feafc6c86a26c38f09dd6b2ca7f.jpg,valid/eb81401aa31b0635f62e053833cc7443-Copy_jpg.rf.ef555feafc6c86a26c38f09dd6b2ca7f.jpg,426,640,25206,f479749e89726b4f69bc98de764fa64b7e6ac6246ff694109b11dd70a2f58e45,e4a64f8f126e2f0f,169.0919,1351.1783,False,True,1,
valid,154,images-Copy-2-_jpg.rf.2714c13fd3f5aecb8eb37156df450263.jpg,valid/images-Copy-2-_jpg.rf.2714c13fd3f5aecb8eb37156df450263.jpg,640,392,23637,606f8e5214b482c723ab4aeca9b608a924f33f4ffff5c57bbf476d067170265f,e3e4e6f6e5e5c1c7,161.1393,611.8688,False,True,1,
valid,155,sipotion_1749648192602_good_posture_0_91_jpg.rf.69d313a1c3e285cf4c517efc1aaef251.jpg,valid/sipotion_1749648192602_good_posture_0_91_jpg.rf.69d313a1c3e285cf4c517efc1aaef251.jpg,640,640,39304,3565e94cd4d712626ec344dd19580c7ddc7e1a08ecf8090d9fe68f723bf547f2,3f0f1f1f8b0b0180,145.9176,618.2905,False,True,1,
valid,156,posture-116-_jpg.rf.5c5893301c7459c23e66e38875c6822f.jpg,valid/posture-116-_jpg.rf.5c5893301c7459c23e66e38875c6822f.jpg,640,640,56708,cd2e073d1be347d4d5d2fa23e7ff85e24b8ff7ca16dea30ff652336aa248f540,71751783c607202c,134.1751,1894.9453,False,True,1,
valid,157,302a01836d072e261341689ba8a2ab15_jpg.rf.f6788e42cf2979085b2f81ae555436da.jpg,valid/302a01836d072e261341689ba8a2ab15_jpg.rf.f6788e42cf2979085b2f81ae555436da.jpg,427,640,17917,edba91e83db819a2ea08811f43ce292f1788303e3b9a5fe6ea9fb9b5c89ebce5,f0f4eaf383066b60,176.556,806.4119,False,True,1,
valid,158,sipotion_1749658158383_slouch_0_84_jpg.rf.8867e3bb4ae0f7302b7bfec06ae0ef1b.jpg,valid/sipotion_1749658158383_slouch_0_84_jpg.rf.8867e3bb4ae0f7302b7bfec06ae0ef1b.jpg,640,640,48670,147ae469b7fff229ba913b39ebd178112809a345d4cf4b4b9d33a245db47664c,574f4d4f4f190e13,119.6516,1721.3506,False,True,1,
valid,159,posture-289-_jpg.rf.ae8092ca463b4bafb10a62503eb48518.jpg,valid/posture-289-_jpg.rf.ae8092ca463b4bafb10a62503eb48518.jpg,640,640,37930,bacc5c4b0058e4fa658e4b5e8274ab4daaffab08913c1713a41c567c7b8057f4,7df2d228c127272f,116.9154,656.7947,False,True,1,
valid,160,posture-250-_jpg.rf.7b303f4603a85492d978f281e8f7ba64.jpg,valid/posture-250-_jpg.rf.7b303f4603a85492d978f281e8f7ba64.jpg,640,640,34578,04f43b4aab07be66faf47b6fc6eba26f2bd3f8a0b26d8761464978d2f1487e29,9098981a1b2b9bc5,138.0781,652.4344,False,True,1,
valid,161,544f9fc3c00c3e060cd924b74746e59c_jpg.rf.bed77ea07a2a848eb54cb50b372030eb.jpg,valid/544f9fc3c00c3e060cd924b74746e59c_jpg.rf.bed77ea07a2a848eb54cb50b372030eb.jpg,426,640,22104,0b81d306bfa3dfa4ee2c48187bc8de47b62ff997a4bc9e73da9a1ad1ce71dc90,761b1e8f9b973732,199.1494,954.5759,False,True,1,
valid,162,c1caa2f841f17368b81c38f15447b8cf-Copy_jpg.rf.8c98ee068586133ee895e75ddcf13c48.jpg,valid/c1caa2f841f17368b81c38f15447b8cf-Copy_jpg.rf.8c98ee068586133ee895e75ddcf13c48.jpg,487,640,27412,09d00f9600775564e832884c6a8969c7b98f8c4ddc1479e15836983a39ee48dc,53131101010d182d,223.6863,2165.0054,False,True,1,
valid,163,86ef29704f2d54c6e5068ddb28d3ad1d-Copy_jpg.rf.da85e71567818de369694320fdc27bed.jpg,valid/86ef29704f2d54c6e5068ddb28d3ad1d-Copy_jpg.rf.da85e71567818de369694320fdc27bed.jpg,426,640,21787,f3b3f459124df95b84c0dd39b468be35dfe197e6ec6c8e506dd5ca446c3ccf5e,e09098182c0e9313,155.6133,830.5785,False,True,1,
valid,164,sipotion_1749658140051_leaning_forward_0_82_jpg.rf.eb9f1e90789c80521a2a3a9a124d5265.jpg,valid/sipotion_1749658140051_leaning_forward_0_82_jpg.rf.eb9f1e90789c80521a2a3a9a124d5265.jpg,640,640,35834,3e5733967704cc6fb593894cfb698839c3b2bf13279ec66211557e2f25b9bc44,33372727ad0d8c8f,148.2954,471.6209,False,True,1,
valid,165,461894a0d79e24a7487b9a9d6bbccb05-Copy_jpg.rf.b45efa5cbd654e3a03c784944c66df01.jpg,valid/461894a0d79e24a7487b9a9d6bbccb05-Copy_jpg.rf.b45efa5cbd654e3a03c784944c66df01.jpg,420,640,31316,eb2238b72d0e449a2584e4f9056150d1ae2696a8b91d34b6869b107590a203ff,9f941aba1a1b3a7b,166.8087,1415.4396,False,True,1,
valid,166,c0d976a7fa3cf85a18892bae31bc1b84-Copy_jpg.rf.7fbbf5b1426603cdd6f3d6dcccd71541.jpg,valid/c0d976a7fa3cf85a18892bae31bc1b84-Copy_jpg.rf.7fbbf5b1426603cdd6f3d6dcccd71541.jpg,465,640,17444,a6a8a0fada7c500545fd50ea9628ae148b796ec6e5ad06348ab2d6410c71debe,024c6c0ce2e26639,28.825,480.8535,False,True,1,
valid,167,sipotion_1749648942786_leaning_forward_0_78_jpg.rf.c69ec708e875001702504f406db0b28b.jpg,valid/sipotion_1749648942786_leaning_forward_0_78_jpg.rf.c69ec708e875001702504f406db0b28b.jpg,640,640,59260,6d0f6973f68a92d292c938962180421335494a011171a2d6ab283812332d87af,b73329370d0b1206,157.095,1661.7206,False,True,1,
valid,168,3e87da47f3303399401aa6078084fb36_jpg.rf.638ac87cf0ca8b8d14d9402ff7590ca1.jpg,valid/3e87da47f3303399401aa6078084fb36_jpg.rf.638ac87cf0ca8b8d14d9402ff7590ca1.jpg,512,640,17009,668d5fb67330931606f552877ad32e1ab0e7ff99613a5de9d969dce3bc06a92e,e0e4fef4cc8ebaba,127.4919,388.4779,False,True,1,
valid,169,proper-sitting-posture-at-desk-Copy-2-_jpg.rf.4daa4ecfea2a3fbcf50bd186cac86eee.jpg,valid/proper-sitting-posture-at-desk-Copy-2-_jpg.rf.4daa4ecfea2a3fbcf50bd186cac86eee.jpg,640,449,28931,e4254af7301dd2a26ae422ff44e487b5f8e5bd5572d3d68b0eb41dc33faa6dd7,b030206074343f3d,183.5294,1190.3246,False,True,1,
valid,170,sitting-position-for-good-posture-Copy-2-_jpg.rf.397bb8daa4f822a4ea121d8b24bcce63.jpg,valid/sitting-position-for-good-posture-Copy-2-_jpg.rf.397bb8daa4f822a4ea121d8b24bcce63.jpg,640,426,35711,a1946a24db9f4acf0094ef89f08ed0b653a2939da6521abaacfd59f71a89abf0,6666666666c70706,110.8503,1164.7385,False,True,1,
valid,171,sipotion_1749658800943_slouch_0_62_jpg.rf.dcbb7a03bd69d8cfd4bf624d2a9808b9.jpg,valid/sipotion_1749658800943_slouch_0_62_jpg.rf.dcbb7a03bd69d8cfd4bf624d2a9808b9.jpg,640,640,35528,d4c4413c2073fd4fd0c79219d7bcc1ace6a5d9302f91f3c7865e889a77f58690,66640d0f0e4707cf,140.5529,455.752,False,True,1,
valid,172,8a210910355fa7d37737ad36acfacf96_jpg.rf.64dc05ef32ebbcaf8a3344326c446406.jpg,valid/8a210910355fa7d37737ad36acfacf96_jpg.rf.64dc05ef32ebbcaf8a3344326c446406.jpg,426,640,29629,928f13cafe5586eb9c1189fab35fa6b8dbf92de1a4d619cb5472f6e0737447bc,30188c9633118f4b,182.4821,1711.6547,False,True,1,
valid,173,sipotion_1749645303944_slouch_0_58_jpg.rf.9e856dab488170bfc5f34093afec76a7.jpg,valid/sipotion_1749645303944_slouch_0_58_jpg.rf.9e856dab488170bfc5f34093afec76a7.jpg,640,640,40769,b22dede82bfe3615c02e3007d30c4e1c2b68ee77f48a4ac55cc3fc8b415adcb0,0b1b0d85c6a6ef79,117.4368,452.0359,False,True,1,
valid,174,f37e2c1ed9d9aa63d998bd5a47267e67-Copy_jpg.rf.162c486239ffdb0af01af3ea1bdce381.jpg,valid/f37e2c1ed9d9aa63d998bd5a47267e67-Copy_jpg.rf.162c486239ffdb0af01af3ea1bdce381.jpg,640,638,26630,8b555fd11239fe97f55dd325c1fa70b7c4ee5063ce249dc25f7c24f49eed985f,3b33332e6e4e93c3,177.2327,409.8516,False,True,1,
valid,175,22d97eb7ab5211a7dab979a1ca9e5220-Copy-2-_jpg.rf.3ef1c616191a3b6b0a21c8c449c5d0b0.jpg,valid/22d97eb7ab5211a7dab979a1ca9e5220-Copy-2-_jpg.rf.3ef1c616191a3b6b0a21c8c449c5d0b0.jpg,640,427,21527,b431c9b654518d0d2535a6652196c94124c8efebd42d00977c8dd9491879608d,e4e4e6c74b0bf3a7,158.4664,797.4494,False,True,1,
valid,176,e17fb7d70c00033624fd798cf8c18c6e-Copy_jpg.rf.5f14be5ea8bf1b34f935cdc4561a4c67.jpg,valid/e17fb7d70c00033624fd798cf8c18c6e-Copy_jpg.rf.5f14be5ea8bf1b34f935cdc4561a4c67.jpg,640,449,28065,de1c0f9ea8e3ba2843ee708d49a303d3ecbd887930dfb0c2d1cfcb47f4b8f249,8d4d4d55753935a1,203.379,1473.9465,False,True,2,
valid,177,7fecb34e90cfdd30eb3fe79164dce4c6-Copy_jpg.rf.af4974b3efd5e4e93fededacb50c978a.jpg,valid/7fecb34e90cfdd30eb3fe79164dce4c6-Copy_jpg.rf.af4974b3efd5e4e93fededacb50c978a.jpg,536,640,33814,8a0b049f148d6bc39e865ed17256cf89eab4595c1778033608df7415f7b44e69,4c8c0f0f4c4c4b43,147.2519,1235.9534,False,True,1,
valid,178,134d30ead329e22fb6848eef387886b4-Copy_jpg.rf.d7e306e91ccc07e55e5d0b0a6b54f587.jpg,valid/134d30ead329e22fb6848eef387886b4-Copy_jpg.rf.d7e306e91ccc07e55e5d0b0a6b54f587.jpg,427,640,38456,c38208e17917f202409898e2cfc564f415adea459d796f9ff954eea705ae37d5,ceec301e06d81836,130.6257,1232.736,False,True,1,
valid,179,da450f412176a127fba055c488836f04-Copy-2-_jpg.rf.d625a3a93d4c67ceabde1e833f2ec113.jpg,valid/da450f412176a127fba055c488836f04-Copy-2-_jpg.rf.d625a3a93d4c67ceabde1e833f2ec113.jpg,640,640,30496,0f641144c9ea1a8bf11d6e9da0d232dd83b5aae2dfcf06a2172260cccdf6955a,dc9892b3383a7f7f,110.2136,346.1112,False,True,1,
valid,180,d14f05abce90fb024fe06da8ddcf723e-Copy_jpg.rf.bed6a063e5ac3bd862965fc83f0a0fb0.jpg,valid/d14f05abce90fb024fe06da8ddcf723e-Copy_jpg.rf.bed6a063e5ac3bd862965fc83f0a0fb0.jpg,483,640,26663,ad5048a8442ea87e0cde18f982a186c2a760d329296126498036bec447d401c4,eccc8e8e8c861f0f,148.1331,977.8289,False,True,1,
valid,181,c36ad258bd18ccf9a724c9cfdbfa74007_jpg.rf.53ecfd7ccf57ceea4788be993ef8438b.jpg,valid/c36ad258bd18ccf9a724c9cfdbfa74007_jpg.rf.53ecfd7ccf57ceea4788be993ef8438b.jpg,640,640,40745,1545499fa34736138f788c886bb7d8210b486d55a65fa376d30af8a1c519108e,b1b643a33e2e2e76,194.9372,1310.7612,False,True,1,
valid,182,sipotion_1749645827036_leaning_forward_0_89_jpg.rf.569ab7f92fd686ab01c2c4701d25d8b7.jpg,valid/sipotion_1749645827036_leaning_forward_0_89_jpg.rf.569ab7f92fd686ab01c2c4701d25d8b7.jpg,640,640,45210,0f1205fc3ce70102cc91f1e1b2d9ce9f7d6b0a81270a4e49daf833b5abb2a7af,d9ccccc444899c7a,115.6076,435.6225,False,True,1,
valid,183,sipotion_1749660905991_leaning_forward_0_88_jpg.rf.544e696145c41c1edf921fe5f8bf1973.jpg,valid/sipotion_1749660905991_leaning_forward_0_88_jpg.rf.544e696145c41c1edf921fe5f8bf1973.jpg,640,640,40234,6140036f01d9c81d93a47c24b993ff7810dc21a7509ba6a9f7a0c201ac5a69dd,aea6a70f8f9b1dbe,104.1107,713.5705,False,True,1,
