capture_id,subject_id,session_id,label,class_id,cam01_path,cam02_path,calibration_id,lateral_side,subset,status_2d,status_3d,qc_3d_status,selected_person_valid_cam01,selected_person_valid_cam02,reprojection_error
CAP000001,S001,SE01,upright,0,02_data/private_raw/S001/SE01/CAM01/S001_SE01_CAP000001_CAM01.jpg,02_data/private_raw/S001/SE01/CAM02/S001_SE01_CAP000001_CAM02.jpg,CAL_001,left,pilot,USABLE,USABLE,INCLUDE_3D_FULL,True,True,35.01
CAP000002,S001,SE01,upright,0,02_data/private_raw/S001/SE01/CAM01/S001_SE01_CAP000002_CAM01.jpg,02_data/private_raw/S001/SE01/CAM02/S001_SE01_CAP000002_CAM02.jpg,CAL_001,left,pilot,USABLE,USABLE,INCLUDE_3D_FULL,True,True,36.45
CAP000003,S001,SE01,upright,0,02_data/private_raw/S001/SE01/CAM01/S001_SE01_CAP000003_CAM01.jpg,02_data/private_raw/S001/SE01/CAM02/S001_SE01_CAP000003_CAM02.jpg,CAL_001,left,pilot,USABLE,USABLE,INCLUDE_3D_FULL,True,True,35.6
CAP000004,S001,SE01,upright,0,02_data/private_raw/S001/SE01/CAM01/S001_SE01_CAP000004_CAM01.jpg,02_data/private_raw/S001/SE01/CAM02/S001_SE01_CAP000004_CAM02.jpg,CAL_001,left,pilot,USABLE,USABLE,INCLUDE_3D_FULL,True,True,36.5
CAP000005,S001,SE01,upright,0,02_data/private_raw/S001/SE01/CAM01/S001_SE01_CAP000005_CAM01.jpg,02_data/private_raw/S001/SE01/CAM02/S001_SE01_CAP000005_CAM02.jpg,CAL_001,left,pilot,USABLE,USABLE,INCLUDE_3D_FULL,True,True,35.73
CAP000006,S001,SE01,leaning_forward,1,02_data/private_raw/S001/SE01/CAM01/S001_SE01_CAP000006_CAM01.jpg,02_data/private_raw/S001/SE01/CAM02/S001_SE01_CAP000006_CAM02.jpg,CAL_001,left,pilot,USABLE,USABLE,INCLUDE_3D_FULL,True,True,33.4
CAP000007,S001,SE01,leaning_forward,1,02_data/private_raw/S001/SE01/CAM01/S001_SE01_CAP000007_CAM01.jpg,02_data/private_raw/S001/SE01/CAM02/S001_SE01_CAP000007_CAM02.jpg,CAL_001,left,pilot,USABLE,USABLE,INCLUDE_3D_FULL,True,True,33.39
CAP000008,S001,SE01,leaning_forward,1,02_data/private_raw/S001/SE01/CAM01/S001_SE01_CAP000008_CAM01.jpg,02_data/private_raw/S001/SE01/CAM02/S001_SE01_CAP000008_CAM02.jpg,CAL_001,left,pilot,USABLE,USABLE,INCLUDE_3D_FULL,True,True,34.93
CAP000009,S001,SE01,leaning_forward,1,02_data/private_raw/S001/SE01/CAM01/S001_SE01_CAP000009_CAM01.jpg,02_data/private_raw/S001/SE01/CAM02/S001_SE01_CAP000009_CAM02.jpg,CAL_001,left,pilot,USABLE,USABLE,INCLUDE_3D_FULL,True,True,35.3
CAP000010,S001,SE01,leaning_forward,1,02_data/private_raw/S001/SE01/CAM01/S001_SE01_CAP000010_CAM01.jpg,02_data/private_raw/S001/SE01/CAM02/S001_SE01_CAP000010_CAM02.jpg,CAL_001,left,pilot,USABLE,USABLE,INCLUDE_3D_FULL,True,True,35.41
CAP000011,S001,SE01,upright,0,02_data/private_raw/S001/SE01/CAM01/S001_SE01_CAP000011_CAM01.jpg,02_data/private_raw/S001/SE01/CAM02/S001_SE01_CAP000011_CAM02.jpg,CAL_001,left,pilot,USABLE,USABLE,INCLUDE_3D_FULL,True,True,39.65
CAP000012,S001,SE01,upright,0,02_data/private_raw/S001/SE01/CAM01/S001_SE01_CAP000012_CAM01.jpg,02_data/private_raw/S001/SE01/CAM02/S001_SE01_CAP000012_CAM02.jpg,CAL_001,left,pilot,USABLE,USABLE,INCLUDE_3D_FULL,True,True,38.84
CAP000013,S001,SE01,upright,0,02_data/private_raw/S001/SE01/CAM01/S001_SE01_CAP000013_CAM01.jpg,02_data/private_raw/S001/SE01/CAM02/S001_SE01_CAP000013_CAM02.jpg,CAL_001,left,pilot,USABLE,USABLE,INCLUDE_3D_FULL,True,True,38.31
CAP000014,S001,SE01,upright,0,02_data/private_raw/S001/SE01/CAM01/S001_SE01_CAP000014_CAM01.jpg,02_data/private_raw/S001/SE01/CAM02/S001_SE01_CAP000014_CAM02.jpg,CAL_001,left,pilot,USABLE,USABLE,INCLUDE_3D_FULL,True,True,39.53
CAP000015,S001,SE01,upright,0,02_data/private_raw/S001/SE01/CAM01/S001_SE01_CAP000015_CAM01.jpg,02_data/private_raw/S001/SE01/CAM02/S001_SE01_CAP000015_CAM02.jpg,CAL_001,left,pilot,USABLE,USABLE,INCLUDE_3D_FULL,True,True,40.53
CAP000016,S001,SE01,leaning_forward,1,02_data/private_raw/S001/SE01/CAM01/S001_SE01_CAP000016_CAM01.jpg,02_data/private_raw/S001/SE01/CAM02/S001_SE01_CAP000016_CAM02.jpg,CAL_001,left,pilot,USABLE,USABLE,INCLUDE_3D_FULL,True,True,17.57
CAP000017,S001,SE01,leaning_forward,1,02_data/private_raw/S001/SE01/CAM01/S001_SE01_CAP000017_CAM01.jpg,02_data/private_raw/S001/SE01/CAM02/S001_SE01_CAP000017_CAM02.jpg,CAL_001,left,pilot,USABLE,USABLE,INCLUDE_3D_FULL,True,True,18.64
CAP000018,S001,SE01,leaning_forward,1,02_data/private_raw/S001/SE01/CAM01/S001_SE01_CAP000018_CAM01.jpg,02_data/private_raw/S001/SE01/CAM02/S001_SE01_CAP000018_CAM02.jpg,CAL_001,left,pilot,USABLE,USABLE,INCLUDE_3D_FULL,True,True,23.43
CAP000019,S001,SE01,leaning_forward,1,02_data/private_raw/S001/SE01/CAM01/S001_SE01_CAP000019_CAM01.jpg,02_data/private_raw/S001/SE01/CAM02/S001_SE01_CAP000019_CAM02.jpg,CAL_001,left,pilot,USABLE,USABLE,INCLUDE_3D_FULL,True,True,20.1
CAP000020,S001,SE01,leaning_forward,1,02_data/private_raw/S001/SE01/CAM01/S001_SE01_CAP000020_CAM01.jpg,02_data/private_raw/S001/SE01/CAM02/S001_SE01_CAP000020_CAM02.jpg,CAL_001,left,pilot,USABLE,USABLE,INCLUDE_3D_FULL,True,True,24.28
CAP000021,S001,SE01,leaning_backward,2,02_data/private_raw/S001/SE01/CAM01/S001_SE01_CAP000021_CAM01.jpg,02_data/private_raw/S001/SE01/CAM02/S001_SE01_CAP000021_CAM02.jpg,CAL_001,left,pilot,USABLE,USABLE,INCLUDE_3D_FULL,True,True,36.0
CAP000022,S001,SE01,leaning_backward,2,02_data/private_raw/S001/SE01/CAM01/S001_SE01_CAP000022_CAM01.jpg,02_data/private_raw/S001/SE01/CAM02/S001_SE01_CAP000022_CAM02.jpg,CAL_001,left,pilot,USABLE,USABLE,INCLUDE_3D_FULL,True,True,41.16
CAP000023,S001,SE01,leaning_backward,2,02_data/private_raw/S001/SE01/CAM01/S001_SE01_CAP000023_CAM01.jpg,02_data/private_raw/S001/SE01/CAM02/S001_SE01_CAP000023_CAM02.jpg,CAL_001,left,pilot,USABLE,USABLE,INCLUDE_3D_FULL,True,True,37.75
CAP000024,S001,SE01,leaning_backward,2,02_data/private_raw/S001/SE01/CAM01/S001_SE01_CAP000024_CAM01.jpg,02_data/private_raw/S001/SE01/CAM02/S001_SE01_CAP000024_CAM02.jpg,CAL_001,left,pilot,USABLE,USABLE,INCLUDE_3D_FULL,True,True,35.36
CAP000025,S001,SE01,leaning_backward,2,02_data/private_raw/S001/SE01/CAM01/S001_SE01_CAP000025_CAM01.jpg,02_data/private_raw/S001/SE01/CAM02/S001_SE01_CAP000025_CAM02.jpg,CAL_001,left,pilot,USABLE,USABLE,INCLUDE_3D_FULL,True,True,36.29
CAP000026,S001,SE01,leaning_left,3,02_data/private_raw/S001/SE01/CAM01/S001_SE01_CAP000026_CAM01.jpg,02_data/private_raw/S001/SE01/CAM02/S001_SE01_CAP000026_CAM02.jpg,CAL_001,left,pilot,USABLE,USABLE,INCLUDE_3D_FULL,True,True,30.25
CAP000027,S001,SE01,leaning_left,3,02_data/private_raw/S001/SE01/CAM01/S001_SE01_CAP000027_CAM01.jpg,02_data/private_raw/S001/SE01/CAM02/S001_SE01_CAP000027_CAM02.jpg,CAL_001,left,pilot,USABLE,USABLE,INCLUDE_3D_FULL,True,True,33.61
CAP000028,S001,SE01,leaning_left,3,02_data/private_raw/S001/SE01/CAM01/S001_SE01_CAP000028_CAM01.jpg,02_data/private_raw/S001/SE01/CAM02/S001_SE01_CAP000028_CAM02.jpg,CAL_001,left,pilot,USABLE,USABLE,INCLUDE_3D_FULL,True,True,28.05
CAP000029,S001,SE01,leaning_left,3,02_data/private_raw/S001/SE01/CAM01/S001_SE01_CAP000029_CAM01.jpg,02_data/private_raw/S001/SE01/CAM02/S001_SE01_CAP000029_CAM02.jpg,CAL_001,left,pilot,USABLE,USABLE,INCLUDE_3D_FULL,True,True,29.52
CAP000030,S001,SE01,leaning_left,3,02_data/private_raw/S001/SE01/CAM01/S001_SE01_CAP000030_CAM01.jpg,02_data/private_raw/S001/SE01/CAM02/S001_SE01_CAP000030_CAM02.jpg,CAL_001,left,pilot,USABLE,USABLE,INCLUDE_3D_FULL,True,True,26.8
CAP000031,S001,SE01,leaning_right,4,02_data/private_raw/S001/SE01/CAM01/S001_SE01_CAP000031_CAM01.jpg,02_data/private_raw/S001/SE01/CAM02/S001_SE01_CAP000031_CAM02.jpg,CAL_001,left,pilot,USABLE,USABLE,INCLUDE_3D_FULL,True,True,18.89
CAP000032,S001,SE01,leaning_right,4,02_data/private_raw/S001/SE01/CAM01/S001_SE01_CAP000032_CAM01.jpg,02_data/private_raw/S001/SE01/CAM02/S001_SE01_CAP000032_CAM02.jpg,CAL_001,left,pilot,USABLE,USABLE,INCLUDE_3D_FULL,True,True,20.3
CAP000033,S001,SE01,leaning_right,4,02_data/private_raw/S001/SE01/CAM01/S001_SE01_CAP000033_CAM01.jpg,02_data/private_raw/S001/SE01/CAM02/S001_SE01_CAP000033_CAM02.jpg,CAL_001,left,pilot,USABLE,USABLE,INCLUDE_3D_FULL,True,True,21.57
CAP000036,S001,SE01,slouching,5,02_data/private_raw/S001/SE01/CAM01/S001_SE01_CAP000036_CAM01.jpg,02_data/private_raw/S001/SE01/CAM02/S001_SE01_CAP000036_CAM02.jpg,CAL_001,left,pilot,USABLE,USABLE,INCLUDE_3D_FULL,True,True,29.73
CAP000037,S001,SE01,slouching,5,02_data/private_raw/S001/SE01/CAM01/S001_SE01_CAP000037_CAM01.jpg,02_data/private_raw/S001/SE01/CAM02/S001_SE01_CAP000037_CAM02.jpg,CAL_001,left,pilot,USABLE,USABLE,INCLUDE_3D_FULL,True,True,30.18
CAP000038,S001,SE01,slouching,5,02_data/private_raw/S001/SE01/CAM01/S001_SE01_CAP000038_CAM01.jpg,02_data/private_raw/S001/SE01/CAM02/S001_SE01_CAP000038_CAM02.jpg,CAL_001,left,pilot,USABLE,USABLE,INCLUDE_3D_FULL,True,True,25.84
CAP000039,S001,SE01,slouching,5,02_data/private_raw/S001/SE01/CAM01/S001_SE01_CAP000039_CAM01.jpg,02_data/private_raw/S001/SE01/CAM02/S001_SE01_CAP000039_CAM02.jpg,CAL_001,left,pilot,USABLE,USABLE,INCLUDE_3D_FULL,True,True,22.29
CAP000040,S001,SE01,slouching,5,02_data/private_raw/S001/SE01/CAM01/S001_SE01_CAP000040_CAM01.jpg,02_data/private_raw/S001/SE01/CAM02/S001_SE01_CAP000040_CAM02.jpg,CAL_001,left,pilot,USABLE,USABLE,INCLUDE_3D_FULL,True,True,31.26
CAP000048,S002,SE01,upright,0,02_data/private_raw/S002/SE01/CAM01/S002_SE01_CAP000048_CAM01.jpg,02_data/private_raw/S002/SE01/CAM02/S002_SE01_CAP000048_CAM02.jpg,CAL_001,left,pilot,USABLE,USABLE,INCLUDE_3D_FULL,True,True,29.68
CAP000049,S002,SE01,upright,0,02_data/private_raw/S002/SE01/CAM01/S002_SE01_CAP000049_CAM01.jpg,02_data/private_raw/S002/SE01/CAM02/S002_SE01_CAP000049_CAM02.jpg,CAL_001,left,pilot,USABLE,USABLE,INCLUDE_3D_FULL,True,True,28.53
CAP000050,S002,SE01,upright,0,02_data/private_raw/S002/SE01/CAM01/S002_SE01_CAP000050_CAM01.jpg,02_data/private_raw/S002/SE01/CAM02/S002_SE01_CAP000050_CAM02.jpg,CAL_001,left,pilot,USABLE,USABLE,INCLUDE_3D_FULL,True,True,28.92
CAP000051,S002,SE01,upright,0,02_data/private_raw/S002/SE01/CAM01/S002_SE01_CAP000051_CAM01.jpg,02_data/private_raw/S002/SE01/CAM02/S002_SE01_CAP000051_CAM02.jpg,CAL_001,left,pilot,USABLE,USABLE,INCLUDE_3D_FULL,True,True,27.38
CAP000052,S002,SE01,upright,0,02_data/private_raw/S002/SE01/CAM01/S002_SE01_CAP000052_CAM01.jpg,02_data/private_raw/S002/SE01/CAM02/S002_SE01_CAP000052_CAM02.jpg,CAL_001,left,pilot,USABLE,USABLE,INCLUDE_3D_FULL,True,True,28.05
CAP000053,S002,SE01,leaning_forward,1,02_data/private_raw/S002/SE01/CAM01/S002_SE01_CAP000053_CAM01.jpg,02_data/private_raw/S002/SE01/CAM02/S002_SE01_CAP000053_CAM02.jpg,CAL_001,left,pilot,USABLE,USABLE,INCLUDE_3D_FULL,True,True,26.3
CAP000054,S002,SE01,leaning_forward,1,02_data/private_raw/S002/SE01/CAM01/S002_SE01_CAP000054_CAM01.jpg,02_data/private_raw/S002/SE01/CAM02/S002_SE01_CAP000054_CAM02.jpg,CAL_001,left,pilot,USABLE,USABLE,INCLUDE_3D_FULL,True,True,29.1
CAP000055,S002,SE01,leaning_forward,1,02_data/private_raw/S002/SE01/CAM01/S002_SE01_CAP000055_CAM01.jpg,02_data/private_raw/S002/SE01/CAM02/S002_SE01_CAP000055_CAM02.jpg,CAL_001,left,pilot,USABLE,USABLE,INCLUDE_3D_FULL,True,True,28.07
CAP000056,S002,SE01,leaning_forward,1,02_data/private_raw/S002/SE01/CAM01/S002_SE01_CAP000056_CAM01.jpg,02_data/private_raw/S002/SE01/CAM02/S002_SE01_CAP000056_CAM02.jpg,CAL_001,left,pilot,USABLE,USABLE,INCLUDE_3D_FULL,True,True,28.76
CAP000057,S002,SE01,leaning_forward,1,02_data/private_raw/S002/SE01/CAM01/S002_SE01_CAP000057_CAM01.jpg,02_data/private_raw/S002/SE01/CAM02/S002_SE01_CAP000057_CAM02.jpg,CAL_001,left,pilot,USABLE,USABLE,INCLUDE_3D_FULL,True,True,28.92
CAP000058,S002,SE01,leaning_backward,2,02_data/private_raw/S002/SE01/CAM01/S002_SE01_CAP000058_CAM01.jpg,02_data/private_raw/S002/SE01/CAM02/S002_SE01_CAP000058_CAM02.jpg,CAL_001,left,pilot,USABLE,USABLE,INCLUDE_3D_FULL,True,True,24.15
CAP000059,S002,SE01,leaning_backward,2,02_data/private_raw/S002/SE01/CAM01/S002_SE01_CAP000059_CAM01.jpg,02_data/private_raw/S002/SE01/CAM02/S002_SE01_CAP000059_CAM02.jpg,CAL_001,left,pilot,USABLE,USABLE,INCLUDE_3D_FULL,True,True,24.71
CAP000060,S002,SE01,leaning_backward,2,02_data/private_raw/S002/SE01/CAM01/S002_SE01_CAP000060_CAM01.jpg,02_data/private_raw/S002/SE01/CAM02/S002_SE01_CAP000060_CAM02.jpg,CAL_001,left,pilot,USABLE,USABLE,INCLUDE_3D_FULL,True,True,24.39
CAP000061,S002,SE01,leaning_backward,2,02_data/private_raw/S002/SE01/CAM01/S002_SE01_CAP000061_CAM01.jpg,02_data/private_raw/S002/SE01/CAM02/S002_SE01_CAP000061_CAM02.jpg,CAL_001,left,pilot,USABLE,USABLE,INCLUDE_3D_FULL,True,True,24.46
CAP000062,S002,SE01,leaning_backward,2,02_data/private_raw/S002/SE01/CAM01/S002_SE01_CAP000062_CAM01.jpg,02_data/private_raw/S002/SE01/CAM02/S002_SE01_CAP000062_CAM02.jpg,CAL_001,left,pilot,USABLE,USABLE,INCLUDE_3D_FULL,True,True,24.44
CAP000063,S002,SE01,leaning_left,3,02_data/private_raw/S002/SE01/CAM01/S002_SE01_CAP000063_CAM01.jpg,02_data/private_raw/S002/SE01/CAM02/S002_SE01_CAP000063_CAM02.jpg,CAL_001,left,pilot,USABLE,USABLE,INCLUDE_3D_FULL,True,True,26.94
CAP000064,S002,SE01,leaning_left,3,02_data/private_raw/S002/SE01/CAM01/S002_SE01_CAP000064_CAM01.jpg,02_data/private_raw/S002/SE01/CAM02/S002_SE01_CAP000064_CAM02.jpg,CAL_001,left,pilot,USABLE,USABLE,INCLUDE_3D_FULL,True,True,26.99
CAP000065,S002,SE01,leaning_left,3,02_data/private_raw/S002/SE01/CAM01/S002_SE01_CAP000065_CAM01.jpg,02_data/private_raw/S002/SE01/CAM02/S002_SE01_CAP000065_CAM02.jpg,CAL_001,left,pilot,USABLE,USABLE,INCLUDE_3D_FULL,True,True,30.23
CAP000066,S002,SE01,leaning_left,3,02_data/private_raw/S002/SE01/CAM01/S002_SE01_CAP000066_CAM01.jpg,02_data/private_raw/S002/SE01/CAM02/S002_SE01_CAP000066_CAM02.jpg,CAL_001,left,pilot,USABLE,USABLE,INCLUDE_3D_FULL,True,True,27.44
CAP000067,S002,SE01,leaning_left,3,02_data/private_raw/S002/SE01/CAM01/S002_SE01_CAP000067_CAM01.jpg,02_data/private_raw/S002/SE01/CAM02/S002_SE01_CAP000067_CAM02.jpg,CAL_001,left,pilot,USABLE,USABLE,INCLUDE_3D_FULL,True,True,27.35
CAP000068,S002,SE01,leaning_right,4,02_data/private_raw/S002/SE01/CAM01/S002_SE01_CAP000068_CAM01.jpg,02_data/private_raw/S002/SE01/CAM02/S002_SE01_CAP000068_CAM02.jpg,CAL_001,left,pilot,USABLE,USABLE,INCLUDE_3D_FULL,True,True,18.1
CAP000069,S002,SE01,leaning_right,4,02_data/private_raw/S002/SE01/CAM01/S002_SE01_CAP000069_CAM01.jpg,02_data/private_raw/S002/SE01/CAM02/S002_SE01_CAP000069_CAM02.jpg,CAL_001,left,pilot,USABLE,USABLE,INCLUDE_3D_FULL,True,True,19.05
CAP000070,S002,SE01,leaning_right,4,02_data/private_raw/S002/SE01/CAM01/S002_SE01_CAP000070_CAM01.jpg,02_data/private_raw/S002/SE01/CAM02/S002_SE01_CAP000070_CAM02.jpg,CAL_001,left,pilot,USABLE,USABLE,INCLUDE_3D_FULL,True,True,18.52
CAP000071,S002,SE01,leaning_right,4,02_data/private_raw/S002/SE01/CAM01/S002_SE01_CAP000071_CAM01.jpg,02_data/private_raw/S002/SE01/CAM02/S002_SE01_CAP000071_CAM02.jpg,CAL_001,left,pilot,USABLE,USABLE,INCLUDE_3D_FULL,True,True,18.6
CAP000072,S002,SE01,leaning_right,4,02_data/private_raw/S002/SE01/CAM01/S002_SE01_CAP000072_CAM01.jpg,02_data/private_raw/S002/SE01/CAM02/S002_SE01_CAP000072_CAM02.jpg,CAL_001,left,pilot,USABLE,USABLE,INCLUDE_3D_FULL,True,True,18.02
CAP000073,S002,SE01,slouching,5,02_data/private_raw/S002/SE01/CAM01/S002_SE01_CAP000073_CAM01.jpg,02_data/private_raw/S002/SE01/CAM02/S002_SE01_CAP000073_CAM02.jpg,CAL_001,left,pilot,USABLE,USABLE,INCLUDE_3D_FULL,True,True,23.37
CAP000074,S002,SE01,slouching,5,02_data/private_raw/S002/SE01/CAM01/S002_SE01_CAP000074_CAM01.jpg,02_data/private_raw/S002/SE01/CAM02/S002_SE01_CAP000074_CAM02.jpg,CAL_001,left,pilot,USABLE,USABLE,INCLUDE_3D_FULL,True,True,23.24
CAP000075,S002,SE01,slouching,5,02_data/private_raw/S002/SE01/CAM01/S002_SE01_CAP000075_CAM01.jpg,02_data/private_raw/S002/SE01/CAM02/S002_SE01_CAP000075_CAM02.jpg,CAL_001,left,pilot,USABLE,USABLE,INCLUDE_3D_FULL,True,True,23.08
CAP000076,S002,SE01,slouching,5,02_data/private_raw/S002/SE01/CAM01/S002_SE01_CAP000076_CAM01.jpg,02_data/private_raw/S002/SE01/CAM02/S002_SE01_CAP000076_CAM02.jpg,CAL_001,left,pilot,USABLE,USABLE,INCLUDE_3D_FULL,True,True,23.88
CAP000077,S002,SE01,slouching,5,02_data/private_raw/S002/SE01/CAM01/S002_SE01_CAP000077_CAM01.jpg,02_data/private_raw/S002/SE01/CAM02/S002_SE01_CAP000077_CAM02.jpg,CAL_001,left,pilot,USABLE,USABLE,INCLUDE_3D_FULL,True,True,23.23
CAP000083,S003,SE01,upright,0,02_data/private_raw/S003/SE01/CAM01/S003_SE01_CAP000083_CAM01.jpg,02_data/private_raw/S003/SE01/CAM02/S003_SE01_CAP000083_CAM02.jpg,CAL_004,left,pilot,USABLE,USABLE,INCLUDE_3D_WITH_MASKING,True,True,29.35
CAP000084,S003,SE01,upright,0,02_data/private_raw/S003/SE01/CAM01/S003_SE01_CAP000084_CAM01.jpg,02_data/private_raw/S003/SE01/CAM02/S003_SE01_CAP000084_CAM02.jpg,CAL_004,left,pilot,USABLE,USABLE,INCLUDE_3D_WITH_MASKING,True,True,29.34
CAP000085,S003,SE01,upright,0,02_data/private_raw/S003/SE01/CAM01/S003_SE01_CAP000085_CAM01.jpg,02_data/private_raw/S003/SE01/CAM02/S003_SE01_CAP000085_CAM02.jpg,CAL_004,left,pilot,USABLE,USABLE,INCLUDE_3D_WITH_MASKING,True,True,29.23
CAP000086,S003,SE01,upright,0,02_data/private_raw/S003/SE01/CAM01/S003_SE01_CAP000086_CAM01.jpg,02_data/private_raw/S003/SE01/CAM02/S003_SE01_CAP000086_CAM02.jpg,CAL_004,left,pilot,USABLE,USABLE,INCLUDE_3D_WITH_MASKING,True,True,29.7
CAP000087,S003,SE01,upright,0,02_data/private_raw/S003/SE01/CAM01/S003_SE01_CAP000087_CAM01.jpg,02_data/private_raw/S003/SE01/CAM02/S003_SE01_CAP000087_CAM02.jpg,CAL_004,left,pilot,USABLE,USABLE,INCLUDE_3D_WITH_MASKING,True,True,29.39
CAP000088,S003,SE01,leaning_forward,1,02_data/private_raw/S003/SE01/CAM01/S003_SE01_CAP000088_CAM01.jpg,02_data/private_raw/S003/SE01/CAM02/S003_SE01_CAP000088_CAM02.jpg,CAL_004,left,pilot,USABLE,USABLE,INCLUDE_3D_WITH_MASKING,True,True,38.72
CAP000089,S003,SE01,leaning_forward,1,02_data/private_raw/S003/SE01/CAM01/S003_SE01_CAP000089_CAM01.jpg,02_data/private_raw/S003/SE01/CAM02/S003_SE01_CAP000089_CAM02.jpg,CAL_004,left,pilot,USABLE,USABLE,INCLUDE_3D_WITH_MASKING,True,True,38.05
CAP000090,S003,SE01,leaning_forward,1,02_data/private_raw/S003/SE01/CAM01/S003_SE01_CAP000090_CAM01.jpg,02_data/private_raw/S003/SE01/CAM02/S003_SE01_CAP000090_CAM02.jpg,CAL_004,left,pilot,USABLE,USABLE,INCLUDE_3D_WITH_MASKING,True,True,36.62
CAP000091,S003,SE01,leaning_forward,1,02_data/private_raw/S003/SE01/CAM01/S003_SE01_CAP000091_CAM01.jpg,02_data/private_raw/S003/SE01/CAM02/S003_SE01_CAP000091_CAM02.jpg,CAL_004,left,pilot,USABLE,USABLE,INCLUDE_3D_WITH_MASKING,True,True,36.26
CAP000092,S003,SE01,leaning_forward,1,02_data/private_raw/S003/SE01/CAM01/S003_SE01_CAP000092_CAM01.jpg,02_data/private_raw/S003/SE01/CAM02/S003_SE01_CAP000092_CAM02.jpg,CAL_004,left,pilot,USABLE,USABLE,INCLUDE_3D_WITH_MASKING,True,True,36.21
CAP000093,S003,SE01,leaning_backward,2,02_data/private_raw/S003/SE01/CAM01/S003_SE01_CAP000093_CAM01.jpg,02_data/private_raw/S003/SE01/CAM02/S003_SE01_CAP000093_CAM02.jpg,CAL_004,left,pilot,USABLE,USABLE,INCLUDE_3D_FULL,True,True,25.58
CAP000094,S003,SE01,leaning_backward,2,02_data/private_raw/S003/SE01/CAM01/S003_SE01_CAP000094_CAM01.jpg,02_data/private_raw/S003/SE01/CAM02/S003_SE01_CAP000094_CAM02.jpg,CAL_004,left,pilot,USABLE,USABLE,INCLUDE_3D_FULL,True,True,27.94
CAP000095,S003,SE01,leaning_backward,2,02_data/private_raw/S003/SE01/CAM01/S003_SE01_CAP000095_CAM01.jpg,02_data/private_raw/S003/SE01/CAM02/S003_SE01_CAP000095_CAM02.jpg,CAL_004,left,pilot,USABLE,USABLE,INCLUDE_3D_FULL,True,True,25.21
CAP000096,S003,SE01,leaning_backward,2,02_data/private_raw/S003/SE01/CAM01/S003_SE01_CAP000096_CAM01.jpg,02_data/private_raw/S003/SE01/CAM02/S003_SE01_CAP000096_CAM02.jpg,CAL_004,left,pilot,USABLE,USABLE,INCLUDE_3D_FULL,True,True,25.25
CAP000097,S003,SE01,leaning_backward,2,02_data/private_raw/S003/SE01/CAM01/S003_SE01_CAP000097_CAM01.jpg,02_data/private_raw/S003/SE01/CAM02/S003_SE01_CAP000097_CAM02.jpg,CAL_004,left,pilot,USABLE,USABLE,INCLUDE_3D_FULL,True,True,25.3
CAP000098,S003,SE01,leaning_left,3,02_data/private_raw/S003/SE01/CAM01/S003_SE01_CAP000098_CAM01.jpg,02_data/private_raw/S003/SE01/CAM02/S003_SE01_CAP000098_CAM02.jpg,CAL_004,left,pilot,USABLE,USABLE,INCLUDE_3D_WITH_MASKING,True,True,30.57
CAP000099,S003,SE01,leaning_left,3,02_data/private_raw/S003/SE01/CAM01/S003_SE01_CAP000099_CAM01.jpg,02_data/private_raw/S003/SE01/CAM02/S003_SE01_CAP000099_CAM02.jpg,CAL_004,left,pilot,USABLE,USABLE,INCLUDE_3D_WITH_MASKING,True,True,33.4
CAP000100,S003,SE01,leaning_left,3,02_data/private_raw/S003/SE01/CAM01/S003_SE01_CAP000100_CAM01.jpg,02_data/private_raw/S003/SE01/CAM02/S003_SE01_CAP000100_CAM02.jpg,CAL_004,left,pilot,USABLE,USABLE,INCLUDE_3D_WITH_MASKING,True,True,33.59
CAP000101,S003,SE01,leaning_left,3,02_data/private_raw/S003/SE01/CAM01/S003_SE01_CAP000101_CAM01.jpg,02_data/private_raw/S003/SE01/CAM02/S003_SE01_CAP000101_CAM02.jpg,CAL_004,left,pilot,USABLE,USABLE,INCLUDE_3D_WITH_MASKING,True,True,30.94
CAP000102,S003,SE01,leaning_left,3,02_data/private_raw/S003/SE01/CAM01/S003_SE01_CAP000102_CAM01.jpg,02_data/private_raw/S003/SE01/CAM02/S003_SE01_CAP000102_CAM02.jpg,CAL_004,left,pilot,USABLE,USABLE,INCLUDE_3D_WITH_MASKING,True,True,31.09
CAP000103,S003,SE01,leaning_right,4,02_data/private_raw/S003/SE01/CAM01/S003_SE01_CAP000103_CAM01.jpg,02_data/private_raw/S003/SE01/CAM02/S003_SE01_CAP000103_CAM02.jpg,CAL_004,left,pilot,USABLE,USABLE,INCLUDE_3D_FULL,True,True,31.0
CAP000104,S003,SE01,leaning_right,4,02_data/private_raw/S003/SE01/CAM01/S003_SE01_CAP000104_CAM01.jpg,02_data/private_raw/S003/SE01/CAM02/S003_SE01_CAP000104_CAM02.jpg,CAL_004,left,pilot,USABLE,USABLE,INCLUDE_3D_FULL,True,True,30.68
CAP000105,S003,SE01,leaning_right,4,02_data/private_raw/S003/SE01/CAM01/S003_SE01_CAP000105_CAM01.jpg,02_data/private_raw/S003/SE01/CAM02/S003_SE01_CAP000105_CAM02.jpg,CAL_004,left,pilot,USABLE,USABLE,INCLUDE_3D_FULL,True,True,30.34
CAP000106,S003,SE01,leaning_right,4,02_data/private_raw/S003/SE01/CAM01/S003_SE01_CAP000106_CAM01.jpg,02_data/private_raw/S003/SE01/CAM02/S003_SE01_CAP000106_CAM02.jpg,CAL_004,left,pilot,USABLE,USABLE,INCLUDE_3D_FULL,True,True,30.23
CAP000107,S003,SE01,leaning_right,4,02_data/private_raw/S003/SE01/CAM01/S003_SE01_CAP000107_CAM01.jpg,02_data/private_raw/S003/SE01/CAM02/S003_SE01_CAP000107_CAM02.jpg,CAL_004,left,pilot,USABLE,USABLE,INCLUDE_3D_FULL,True,True,30.82
CAP000108,S003,SE01,slouching,5,02_data/private_raw/S003/SE01/CAM01/S003_SE01_CAP000108_CAM01.jpg,02_data/private_raw/S003/SE01/CAM02/S003_SE01_CAP000108_CAM02.jpg,CAL_004,left,pilot,USABLE,USABLE,INCLUDE_3D_WITH_MASKING,True,True,39.67
CAP000109,S003,SE01,slouching,5,02_data/private_raw/S003/SE01/CAM01/S003_SE01_CAP000109_CAM01.jpg,02_data/private_raw/S003/SE01/CAM02/S003_SE01_CAP000109_CAM02.jpg,CAL_004,left,pilot,USABLE,USABLE,INCLUDE_3D_WITH_MASKING,True,True,39.54
CAP000110,S003,SE01,slouching,5,02_data/private_raw/S003/SE01/CAM01/S003_SE01_CAP000110_CAM01.jpg,02_data/private_raw/S003/SE01/CAM02/S003_SE01_CAP000110_CAM02.jpg,CAL_004,left,pilot,USABLE,USABLE,INCLUDE_3D_WITH_MASKING,True,True,41.95
CAP000111,S003,SE01,slouching,5,02_data/private_raw/S003/SE01/CAM01/S003_SE01_CAP000111_CAM01.jpg,02_data/private_raw/S003/SE01/CAM02/S003_SE01_CAP000111_CAM02.jpg,CAL_004,left,pilot,USABLE,USABLE,INCLUDE_3D_WITH_MASKING,True,True,41.81
CAP000112,S003,SE01,slouching,5,02_data/private_raw/S003/SE01/CAM01/S003_SE01_CAP000112_CAM01.jpg,02_data/private_raw/S003/SE01/CAM02/S003_SE01_CAP000112_CAM02.jpg,CAL_004,left,pilot,USABLE,USABLE,INCLUDE_3D_WITH_MASKING,True,True,39.76
CAP000122,S004,SE01,upright,0,02_data/private_raw/S004/SE01/CAM01/S004_SE01_CAP000122_CAM01.jpg,02_data/private_raw/S004/SE01/CAM02/S004_SE01_CAP000122_CAM02.jpg,CAL_004,left,pilot,USABLE,USABLE,INCLUDE_3D_WITH_MASKING,True,True,31.46
CAP000123,S004,SE01,upright,0,02_data/private_raw/S004/SE01/CAM01/S004_SE01_CAP000123_CAM01.jpg,02_data/private_raw/S004/SE01/CAM02/S004_SE01_CAP000123_CAM02.jpg,CAL_004,left,pilot,USABLE,USABLE,INCLUDE_3D_WITH_MASKING,True,True,32.91
CAP000124,S004,SE01,upright,0,02_data/private_raw/S004/SE01/CAM01/S004_SE01_CAP000124_CAM01.jpg,02_data/private_raw/S004/SE01/CAM02/S004_SE01_CAP000124_CAM02.jpg,CAL_004,left,pilot,USABLE,USABLE,INCLUDE_3D_WITH_MASKING,True,True,33.13
CAP000125,S004,SE01,upright,0,02_data/private_raw/S004/SE01/CAM01/S004_SE01_CAP000125_CAM01.jpg,02_data/private_raw/S004/SE01/CAM02/S004_SE01_CAP000125_CAM02.jpg,CAL_004,left,pilot,USABLE,USABLE,INCLUDE_3D_WITH_MASKING,True,True,31.74
CAP000126,S004,SE01,upright,0,02_data/private_raw/S004/SE01/CAM01/S004_SE01_CAP000126_CAM01.jpg,02_data/private_raw/S004/SE01/CAM02/S004_SE01_CAP000126_CAM02.jpg,CAL_004,left,pilot,USABLE,USABLE,INCLUDE_3D_WITH_MASKING,True,True,32.43
CAP000127,S004,SE01,leaning_forward,1,02_data/private_raw/S004/SE01/CAM01/S004_SE01_CAP000127_CAM01.jpg,02_data/private_raw/S004/SE01/CAM02/S004_SE01_CAP000127_CAM02.jpg,CAL_004,left,pilot,USABLE,USABLE,INCLUDE_3D_WITH_MASKING,True,True,44.66
CAP000128,S004,SE01,leaning_forward,1,02_data/private_raw/S004/SE01/CAM01/S004_SE01_CAP000128_CAM01.jpg,02_data/private_raw/S004/SE01/CAM02/S004_SE01_CAP000128_CAM02.jpg,CAL_004,left,pilot,USABLE,USABLE,INCLUDE_3D_WITH_MASKING,True,True,44.13
CAP000129,S004,SE01,leaning_forward,1,02_data/private_raw/S004/SE01/CAM01/S004_SE01_CAP000129_CAM01.jpg,02_data/private_raw/S004/SE01/CAM02/S004_SE01_CAP000129_CAM02.jpg,CAL_004,left,pilot,USABLE,USABLE,INCLUDE_3D_WITH_MASKING,True,True,43.74
CAP000130,S004,SE01,leaning_forward,1,02_data/private_raw/S004/SE01/CAM01/S004_SE01_CAP000130_CAM01.jpg,02_data/private_raw/S004/SE01/CAM02/S004_SE01_CAP000130_CAM02.jpg,CAL_004,left,pilot,USABLE,USABLE,INCLUDE_3D_WITH_MASKING,True,True,44.2
CAP000131,S004,SE01,leaning_forward,1,02_data/private_raw/S004/SE01/CAM01/S004_SE01_CAP000131_CAM01.jpg,02_data/private_raw/S004/SE01/CAM02/S004_SE01_CAP000131_CAM02.jpg,CAL_004,left,pilot,USABLE,USABLE,INCLUDE_3D_WITH_MASKING,True,True,43.85
CAP000132,S004,SE01,leaning_backward,2,02_data/private_raw/S004/SE01/CAM01/S004_SE01_CAP000132_CAM01.jpg,02_data/private_raw/S004/SE01/CAM02/S004_SE01_CAP000132_CAM02.jpg,CAL_004,left,pilot,USABLE,USABLE,INCLUDE_3D_FULL,True,True,27.11
CAP000133,S004,SE01,leaning_backward,2,02_data/private_raw/S004/SE01/CAM01/S004_SE01_CAP000133_CAM01.jpg,02_data/private_raw/S004/SE01/CAM02/S004_SE01_CAP000133_CAM02.jpg,CAL_004,left,pilot,USABLE,USABLE,INCLUDE_3D_FULL,True,True,26.37
CAP000134,S004,SE01,leaning_backward,2,02_data/private_raw/S004/SE01/CAM01/S004_SE01_CAP000134_CAM01.jpg,02_data/private_raw/S004/SE01/CAM02/S004_SE01_CAP000134_CAM02.jpg,CAL_004,left,pilot,USABLE,USABLE,INCLUDE_3D_FULL,True,True,26.55
CAP000135,S004,SE01,leaning_backward,2,02_data/private_raw/S004/SE01/CAM01/S004_SE01_CAP000135_CAM01.jpg,02_data/private_raw/S004/SE01/CAM02/S004_SE01_CAP000135_CAM02.jpg,CAL_004,left,pilot,USABLE,USABLE,INCLUDE_3D_FULL,True,True,26.71
CAP000136,S004,SE01,leaning_backward,2,02_data/private_raw/S004/SE01/CAM01/S004_SE01_CAP000136_CAM01.jpg,02_data/private_raw/S004/SE01/CAM02/S004_SE01_CAP000136_CAM02.jpg,CAL_004,left,pilot,USABLE,USABLE,INCLUDE_3D_FULL,True,True,26.11
CAP000137,S004,SE01,leaning_left,3,02_data/private_raw/S004/SE01/CAM01/S004_SE01_CAP000137_CAM01.jpg,02_data/private_raw/S004/SE01/CAM02/S004_SE01_CAP000137_CAM02.jpg,CAL_004,left,pilot,USABLE,USABLE,INCLUDE_3D_FULL,True,True,32.31
CAP000138,S004,SE01,leaning_left,3,02_data/private_raw/S004/SE01/CAM01/S004_SE01_CAP000138_CAM01.jpg,02_data/private_raw/S004/SE01/CAM02/S004_SE01_CAP000138_CAM02.jpg,CAL_004,left,pilot,USABLE,USABLE,INCLUDE_3D_FULL,True,True,33.47
CAP000139,S004,SE01,leaning_left,3,02_data/private_raw/S004/SE01/CAM01/S004_SE01_CAP000139_CAM01.jpg,02_data/private_raw/S004/SE01/CAM02/S004_SE01_CAP000139_CAM02.jpg,CAL_004,left,pilot,USABLE,USABLE,INCLUDE_3D_FULL,True,True,35.26
CAP000140,S004,SE01,leaning_left,3,02_data/private_raw/S004/SE01/CAM01/S004_SE01_CAP000140_CAM01.jpg,02_data/private_raw/S004/SE01/CAM02/S004_SE01_CAP000140_CAM02.jpg,CAL_004,left,pilot,USABLE,USABLE,INCLUDE_3D_FULL,True,True,32.5
CAP000141,S004,SE01,leaning_left,3,02_data/private_raw/S004/SE01/CAM01/S004_SE01_CAP000141_CAM01.jpg,02_data/private_raw/S004/SE01/CAM02/S004_SE01_CAP000141_CAM02.jpg,CAL_004,left,pilot,USABLE,USABLE,INCLUDE_3D_FULL,True,True,32.96
CAP000142,S004,SE01,leaning_right,4,02_data/private_raw/S004/SE01/CAM01/S004_SE01_CAP000142_CAM01.jpg,02_data/private_raw/S004/SE01/CAM02/S004_SE01_CAP000142_CAM02.jpg,CAL_004,left,pilot,USABLE,USABLE,INCLUDE_3D_WITH_MASKING,True,True,31.18
CAP000143,S004,SE01,leaning_right,4,02_data/private_raw/S004/SE01/CAM01/S004_SE01_CAP000143_CAM01.jpg,02_data/private_raw/S004/SE01/CAM02/S004_SE01_CAP000143_CAM02.jpg,CAL_004,left,pilot,USABLE,USABLE,INCLUDE_3D_WITH_MASKING,True,True,30.04
CAP000144,S004,SE01,leaning_right,4,02_data/private_raw/S004/SE01/CAM01/S004_SE01_CAP000144_CAM01.jpg,02_data/private_raw/S004/SE01/CAM02/S004_SE01_CAP000144_CAM02.jpg,CAL_004,left,pilot,USABLE,USABLE,INCLUDE_3D_WITH_MASKING,True,True,30.39
CAP000145,S004,SE01,leaning_right,4,02_data/private_raw/S004/SE01/CAM01/S004_SE01_CAP000145_CAM01.jpg,02_data/private_raw/S004/SE01/CAM02/S004_SE01_CAP000145_CAM02.jpg,CAL_004,left,pilot,USABLE,USABLE,INCLUDE_3D_WITH_MASKING,True,True,30.6
CAP000146,S004,SE01,leaning_right,4,02_data/private_raw/S004/SE01/CAM01/S004_SE01_CAP000146_CAM01.jpg,02_data/private_raw/S004/SE01/CAM02/S004_SE01_CAP000146_CAM02.jpg,CAL_004,left,pilot,USABLE,USABLE,INCLUDE_3D_WITH_MASKING,True,True,27.97
CAP000147,S004,SE01,slouching,5,02_data/private_raw/S004/SE01/CAM01/S004_SE01_CAP000147_CAM01.jpg,02_data/private_raw/S004/SE01/CAM02/S004_SE01_CAP000147_CAM02.jpg,CAL_004,left,pilot,USABLE,USABLE,INCLUDE_3D_WITH_MASKING,True,True,43.18
CAP000148,S004,SE01,slouching,5,02_data/private_raw/S004/SE01/CAM01/S004_SE01_CAP000148_CAM01.jpg,02_data/private_raw/S004/SE01/CAM02/S004_SE01_CAP000148_CAM02.jpg,CAL_004,left,pilot,USABLE,USABLE,INCLUDE_3D_WITH_MASKING,True,True,34.06
CAP000149,S004,SE01,slouching,5,02_data/private_raw/S004/SE01/CAM01/S004_SE01_CAP000149_CAM01.jpg,02_data/private_raw/S004/SE01/CAM02/S004_SE01_CAP000149_CAM02.jpg,CAL_004,left,pilot,USABLE,USABLE,INCLUDE_3D_WITH_MASKING,True,True,35.58
CAP000150,S004,SE01,slouching,5,02_data/private_raw/S004/SE01/CAM01/S004_SE01_CAP000150_CAM01.jpg,02_data/private_raw/S004/SE01/CAM02/S004_SE01_CAP000150_CAM02.jpg,CAL_004,left,pilot,USABLE,USABLE,INCLUDE_3D_WITH_MASKING,True,True,34.92
CAP000151,S004,SE01,slouching,5,02_data/private_raw/S004/SE01/CAM01/S004_SE01_CAP000151_CAM01.jpg,02_data/private_raw/S004/SE01/CAM02/S004_SE01_CAP000151_CAM02.jpg,CAL_004,left,pilot,USABLE,USABLE,INCLUDE_3D_WITH_MASKING,True,True,35.59
CAP000157,S005,SE01,upright,0,02_data/private_raw/S005/SE01/CAM01/S005_SE01_CAP000157_CAM01.jpg,02_data/private_raw/S005/SE01/CAM02/S005_SE01_CAP000157_CAM02.jpg,CAL_005,right,controlled,USABLE,USABLE,INCLUDE_3D_FULL,True,True,24.44
CAP000158,S005,SE01,upright,0,02_data/private_raw/S005/SE01/CAM01/S005_SE01_CAP000158_CAM01.jpg,02_data/private_raw/S005/SE01/CAM02/S005_SE01_CAP000158_CAM02.jpg,CAL_005,right,controlled,USABLE,USABLE,INCLUDE_3D_FULL,True,True,24.59
CAP000159,S005,SE01,upright,0,02_data/private_raw/S005/SE01/CAM01/S005_SE01_CAP000159_CAM01.jpg,02_data/private_raw/S005/SE01/CAM02/S005_SE01_CAP000159_CAM02.jpg,CAL_005,right,controlled,USABLE,USABLE,INCLUDE_3D_FULL,True,True,24.1
CAP000160,S005,SE01,upright,0,02_data/private_raw/S005/SE01/CAM01/S005_SE01_CAP000160_CAM01.jpg,02_data/private_raw/S005/SE01/CAM02/S005_SE01_CAP000160_CAM02.jpg,CAL_005,right,controlled,USABLE,USABLE,INCLUDE_3D_FULL,True,True,24.44
CAP000161,S005,SE01,upright,0,02_data/private_raw/S005/SE01/CAM01/S005_SE01_CAP000161_CAM01.jpg,02_data/private_raw/S005/SE01/CAM02/S005_SE01_CAP000161_CAM02.jpg,CAL_005,right,controlled,USABLE,USABLE,INCLUDE_3D_FULL,True,True,24.13
CAP000162,S005,SE01,leaning_forward,1,02_data/private_raw/S005/SE01/CAM01/S005_SE01_CAP000162_CAM01.jpg,02_data/private_raw/S005/SE01/CAM02/S005_SE01_CAP000162_CAM02.jpg,CAL_005,right,controlled,USABLE,USABLE,INCLUDE_3D_FULL,True,True,26.8
CAP000163,S005,SE01,leaning_forward,1,02_data/private_raw/S005/SE01/CAM01/S005_SE01_CAP000163_CAM01.jpg,02_data/private_raw/S005/SE01/CAM02/S005_SE01_CAP000163_CAM02.jpg,CAL_005,right,controlled,USABLE,USABLE,INCLUDE_3D_FULL,True,True,25.17
CAP000164,S005,SE01,leaning_forward,1,02_data/private_raw/S005/SE01/CAM01/S005_SE01_CAP000164_CAM01.jpg,02_data/private_raw/S005/SE01/CAM02/S005_SE01_CAP000164_CAM02.jpg,CAL_005,right,controlled,USABLE,USABLE,INCLUDE_3D_FULL,True,True,26.21
CAP000165,S005,SE01,leaning_forward,1,02_data/private_raw/S005/SE01/CAM01/S005_SE01_CAP000165_CAM01.jpg,02_data/private_raw/S005/SE01/CAM02/S005_SE01_CAP000165_CAM02.jpg,CAL_005,right,controlled,USABLE,USABLE,INCLUDE_3D_FULL,True,True,26.21
CAP000166,S005,SE01,leaning_forward,1,02_data/private_raw/S005/SE01/CAM01/S005_SE01_CAP000166_CAM01.jpg,02_data/private_raw/S005/SE01/CAM02/S005_SE01_CAP000166_CAM02.jpg,CAL_005,right,controlled,USABLE,USABLE,INCLUDE_3D_FULL,True,True,26.41
CAP000167,S005,SE01,leaning_backward,2,02_data/private_raw/S005/SE01/CAM01/S005_SE01_CAP000167_CAM01.jpg,02_data/private_raw/S005/SE01/CAM02/S005_SE01_CAP000167_CAM02.jpg,CAL_005,right,controlled,USABLE,USABLE,INCLUDE_3D_FULL,True,True,24.06
CAP000168,S005,SE01,leaning_backward,2,02_data/private_raw/S005/SE01/CAM01/S005_SE01_CAP000168_CAM01.jpg,02_data/private_raw/S005/SE01/CAM02/S005_SE01_CAP000168_CAM02.jpg,CAL_005,right,controlled,USABLE,USABLE,INCLUDE_3D_FULL,True,True,21.29
CAP000169,S005,SE01,leaning_backward,2,02_data/private_raw/S005/SE01/CAM01/S005_SE01_CAP000169_CAM01.jpg,02_data/private_raw/S005/SE01/CAM02/S005_SE01_CAP000169_CAM02.jpg,CAL_005,right,controlled,USABLE,USABLE,INCLUDE_3D_FULL,True,True,22.16
CAP000170,S005,SE01,leaning_backward,2,02_data/private_raw/S005/SE01/CAM01/S005_SE01_CAP000170_CAM01.jpg,02_data/private_raw/S005/SE01/CAM02/S005_SE01_CAP000170_CAM02.jpg,CAL_005,right,controlled,USABLE,USABLE,INCLUDE_3D_FULL,True,True,22.65
CAP000171,S005,SE01,leaning_backward,2,02_data/private_raw/S005/SE01/CAM01/S005_SE01_CAP000171_CAM01.jpg,02_data/private_raw/S005/SE01/CAM02/S005_SE01_CAP000171_CAM02.jpg,CAL_005,right,controlled,USABLE,USABLE,INCLUDE_3D_FULL,True,True,22.83
CAP000172,S005,SE01,leaning_left,3,02_data/private_raw/S005/SE01/CAM01/S005_SE01_CAP000172_CAM01.jpg,02_data/private_raw/S005/SE01/CAM02/S005_SE01_CAP000172_CAM02.jpg,CAL_005,right,controlled,USABLE,USABLE,INCLUDE_3D_WITH_MASKING,True,True,33.56
CAP000173,S005,SE01,leaning_left,3,02_data/private_raw/S005/SE01/CAM01/S005_SE01_CAP000173_CAM01.jpg,02_data/private_raw/S005/SE01/CAM02/S005_SE01_CAP000173_CAM02.jpg,CAL_005,right,controlled,USABLE,USABLE,INCLUDE_3D_WITH_MASKING,True,True,33.38
CAP000174,S005,SE01,leaning_left,3,02_data/private_raw/S005/SE01/CAM01/S005_SE01_CAP000174_CAM01.jpg,02_data/private_raw/S005/SE01/CAM02/S005_SE01_CAP000174_CAM02.jpg,CAL_005,right,controlled,USABLE,USABLE,INCLUDE_3D_WITH_MASKING,True,True,32.58
CAP000175,S005,SE01,leaning_left,3,02_data/private_raw/S005/SE01/CAM01/S005_SE01_CAP000175_CAM01.jpg,02_data/private_raw/S005/SE01/CAM02/S005_SE01_CAP000175_CAM02.jpg,CAL_005,right,controlled,USABLE,USABLE,INCLUDE_3D_WITH_MASKING,True,True,33.49
CAP000176,S005,SE01,leaning_left,3,02_data/private_raw/S005/SE01/CAM01/S005_SE01_CAP000176_CAM01.jpg,02_data/private_raw/S005/SE01/CAM02/S005_SE01_CAP000176_CAM02.jpg,CAL_005,right,controlled,USABLE,USABLE,INCLUDE_3D_WITH_MASKING,True,True,32.57
CAP000177,S005,SE01,leaning_right,4,02_data/private_raw/S005/SE01/CAM01/S005_SE01_CAP000177_CAM01.jpg,02_data/private_raw/S005/SE01/CAM02/S005_SE01_CAP000177_CAM02.jpg,CAL_005,right,controlled,USABLE,USABLE,INCLUDE_3D_FULL,True,True,34.08
CAP000178,S005,SE01,leaning_right,4,02_data/private_raw/S005/SE01/CAM01/S005_SE01_CAP000178_CAM01.jpg,02_data/private_raw/S005/SE01/CAM02/S005_SE01_CAP000178_CAM02.jpg,CAL_005,right,controlled,USABLE,USABLE,INCLUDE_3D_FULL,True,True,33.71
CAP000179,S005,SE01,leaning_right,4,02_data/private_raw/S005/SE01/CAM01/S005_SE01_CAP000179_CAM01.jpg,02_data/private_raw/S005/SE01/CAM02/S005_SE01_CAP000179_CAM02.jpg,CAL_005,right,controlled,USABLE,USABLE,INCLUDE_3D_FULL,True,True,33.23
CAP000180,S005,SE01,leaning_right,4,02_data/private_raw/S005/SE01/CAM01/S005_SE01_CAP000180_CAM01.jpg,02_data/private_raw/S005/SE01/CAM02/S005_SE01_CAP000180_CAM02.jpg,CAL_005,right,controlled,USABLE,USABLE,INCLUDE_3D_FULL,True,True,33.98
CAP000181,S005,SE01,leaning_right,4,02_data/private_raw/S005/SE01/CAM01/S005_SE01_CAP000181_CAM01.jpg,02_data/private_raw/S005/SE01/CAM02/S005_SE01_CAP000181_CAM02.jpg,CAL_005,right,controlled,USABLE,USABLE,INCLUDE_3D_FULL,True,True,32.22
CAP000182,S005,SE01,slouching,5,02_data/private_raw/S005/SE01/CAM01/S005_SE01_CAP000182_CAM01.jpg,02_data/private_raw/S005/SE01/CAM02/S005_SE01_CAP000182_CAM02.jpg,CAL_005,right,controlled,USABLE,USABLE,INCLUDE_3D_FULL,True,True,21.97
CAP000183,S005,SE01,slouching,5,02_data/private_raw/S005/SE01/CAM01/S005_SE01_CAP000183_CAM01.jpg,02_data/private_raw/S005/SE01/CAM02/S005_SE01_CAP000183_CAM02.jpg,CAL_005,right,controlled,USABLE,USABLE,INCLUDE_3D_FULL,True,True,21.84
CAP000184,S005,SE01,slouching,5,02_data/private_raw/S005/SE01/CAM01/S005_SE01_CAP000184_CAM01.jpg,02_data/private_raw/S005/SE01/CAM02/S005_SE01_CAP000184_CAM02.jpg,CAL_005,right,controlled,USABLE,USABLE,INCLUDE_3D_FULL,True,True,21.55
CAP000185,S005,SE01,slouching,5,02_data/private_raw/S005/SE01/CAM01/S005_SE01_CAP000185_CAM01.jpg,02_data/private_raw/S005/SE01/CAM02/S005_SE01_CAP000185_CAM02.jpg,CAL_005,right,controlled,USABLE,USABLE,INCLUDE_3D_FULL,True,True,22.07
CAP000186,S005,SE01,slouching,5,02_data/private_raw/S005/SE01/CAM01/S005_SE01_CAP000186_CAM01.jpg,02_data/private_raw/S005/SE01/CAM02/S005_SE01_CAP000186_CAM02.jpg,CAL_005,right,controlled,USABLE,USABLE,INCLUDE_3D_FULL,True,True,21.93
CAP000193,S006,SE01,upright,0,02_data/private_raw/S006/SE01/CAM01/S006_SE01_CAP000193_CAM01.jpg,02_data/private_raw/S006/SE01/CAM02/S006_SE01_CAP000193_CAM02.jpg,CAL_005,right,controlled,USABLE,USABLE,INCLUDE_3D_FULL,True,True,22.12
CAP000194,S006,SE01,upright,0,02_data/private_raw/S006/SE01/CAM01/S006_SE01_CAP000194_CAM01.jpg,02_data/private_raw/S006/SE01/CAM02/S006_SE01_CAP000194_CAM02.jpg,CAL_005,right,controlled,USABLE,USABLE,INCLUDE_3D_FULL,True,True,21.99
CAP000195,S006,SE01,upright,0,02_data/private_raw/S006/SE01/CAM01/S006_SE01_CAP000195_CAM01.jpg,02_data/private_raw/S006/SE01/CAM02/S006_SE01_CAP000195_CAM02.jpg,CAL_005,right,controlled,USABLE,USABLE,INCLUDE_3D_FULL,True,True,22.73
CAP000196,S006,SE01,upright,0,02_data/private_raw/S006/SE01/CAM01/S006_SE01_CAP000196_CAM01.jpg,02_data/private_raw/S006/SE01/CAM02/S006_SE01_CAP000196_CAM02.jpg,CAL_005,right,controlled,USABLE,USABLE,INCLUDE_3D_FULL,True,True,24.11
CAP000197,S006,SE01,upright,0,02_data/private_raw/S006/SE01/CAM01/S006_SE01_CAP000197_CAM01.jpg,02_data/private_raw/S006/SE01/CAM02/S006_SE01_CAP000197_CAM02.jpg,CAL_005,right,controlled,USABLE,USABLE,INCLUDE_3D_FULL,True,True,24.16
CAP000198,S006,SE01,leaning_forward,1,02_data/private_raw/S006/SE01/CAM01/S006_SE01_CAP000198_CAM01.jpg,02_data/private_raw/S006/SE01/CAM02/S006_SE01_CAP000198_CAM02.jpg,CAL_005,right,controlled,USABLE,USABLE,INCLUDE_3D_FULL,True,True,24.97
CAP000199,S006,SE01,leaning_forward,1,02_data/private_raw/S006/SE01/CAM01/S006_SE01_CAP000199_CAM01.jpg,02_data/private_raw/S006/SE01/CAM02/S006_SE01_CAP000199_CAM02.jpg,CAL_005,right,controlled,USABLE,USABLE,INCLUDE_3D_FULL,True,True,23.11
CAP000200,S006,SE01,leaning_forward,1,02_data/private_raw/S006/SE01/CAM01/S006_SE01_CAP000200_CAM01.jpg,02_data/private_raw/S006/SE01/CAM02/S006_SE01_CAP000200_CAM02.jpg,CAL_005,right,controlled,USABLE,USABLE,INCLUDE_3D_FULL,True,True,22.68
CAP000201,S006,SE01,leaning_forward,1,02_data/private_raw/S006/SE01/CAM01/S006_SE01_CAP000201_CAM01.jpg,02_data/private_raw/S006/SE01/CAM02/S006_SE01_CAP000201_CAM02.jpg,CAL_005,right,controlled,USABLE,USABLE,INCLUDE_3D_FULL,True,True,23.52
CAP000202,S006,SE01,leaning_forward,1,02_data/private_raw/S006/SE01/CAM01/S006_SE01_CAP000202_CAM01.jpg,02_data/private_raw/S006/SE01/CAM02/S006_SE01_CAP000202_CAM02.jpg,CAL_005,right,controlled,USABLE,USABLE,INCLUDE_3D_FULL,True,True,23.07
CAP000203,S006,SE01,leaning_backward,2,02_data/private_raw/S006/SE01/CAM01/S006_SE01_CAP000203_CAM01.jpg,02_data/private_raw/S006/SE01/CAM02/S006_SE01_CAP000203_CAM02.jpg,CAL_005,right,controlled,USABLE,USABLE,INCLUDE_3D_FULL,True,True,22.59
CAP000204,S006,SE01,leaning_backward,2,02_data/private_raw/S006/SE01/CAM01/S006_SE01_CAP000204_CAM01.jpg,02_data/private_raw/S006/SE01/CAM02/S006_SE01_CAP000204_CAM02.jpg,CAL_005,right,controlled,USABLE,USABLE,INCLUDE_3D_FULL,True,True,22.55
CAP000205,S006,SE01,leaning_backward,2,02_data/private_raw/S006/SE01/CAM01/S006_SE01_CAP000205_CAM01.jpg,02_data/private_raw/S006/SE01/CAM02/S006_SE01_CAP000205_CAM02.jpg,CAL_005,right,controlled,USABLE,USABLE,INCLUDE_3D_FULL,True,True,23.15
CAP000206,S006,SE01,leaning_backward,2,02_data/private_raw/S006/SE01/CAM01/S006_SE01_CAP000206_CAM01.jpg,02_data/private_raw/S006/SE01/CAM02/S006_SE01_CAP000206_CAM02.jpg,CAL_005,right,controlled,USABLE,USABLE,INCLUDE_3D_FULL,True,True,23.08
CAP000207,S006,SE01,leaning_backward,2,02_data/private_raw/S006/SE01/CAM01/S006_SE01_CAP000207_CAM01.jpg,02_data/private_raw/S006/SE01/CAM02/S006_SE01_CAP000207_CAM02.jpg,CAL_005,right,controlled,USABLE,USABLE,INCLUDE_3D_FULL,True,True,22.8
CAP000208,S006,SE01,leaning_left,3,02_data/private_raw/S006/SE01/CAM01/S006_SE01_CAP000208_CAM01.jpg,02_data/private_raw/S006/SE01/CAM02/S006_SE01_CAP000208_CAM02.jpg,CAL_005,right,controlled,USABLE,USABLE,INCLUDE_3D_FULL,True,True,26.81
CAP000209,S006,SE01,leaning_left,3,02_data/private_raw/S006/SE01/CAM01/S006_SE01_CAP000209_CAM01.jpg,02_data/private_raw/S006/SE01/CAM02/S006_SE01_CAP000209_CAM02.jpg,CAL_005,right,controlled,USABLE,USABLE,INCLUDE_3D_FULL,True,True,26.99
CAP000210,S006,SE01,leaning_left,3,02_data/private_raw/S006/SE01/CAM01/S006_SE01_CAP000210_CAM01.jpg,02_data/private_raw/S006/SE01/CAM02/S006_SE01_CAP000210_CAM02.jpg,CAL_005,right,controlled,USABLE,USABLE,INCLUDE_3D_FULL,True,True,26.39
CAP000211,S006,SE01,leaning_left,3,02_data/private_raw/S006/SE01/CAM01/S006_SE01_CAP000211_CAM01.jpg,02_data/private_raw/S006/SE01/CAM02/S006_SE01_CAP000211_CAM02.jpg,CAL_005,right,controlled,USABLE,USABLE,INCLUDE_3D_FULL,True,True,25.57
CAP000212,S006,SE01,leaning_left,3,02_data/private_raw/S006/SE01/CAM01/S006_SE01_CAP000212_CAM01.jpg,02_data/private_raw/S006/SE01/CAM02/S006_SE01_CAP000212_CAM02.jpg,CAL_005,right,controlled,USABLE,USABLE,INCLUDE_3D_FULL,True,True,25.78
CAP000213,S006,SE01,leaning_right,4,02_data/private_raw/S006/SE01/CAM01/S006_SE01_CAP000213_CAM01.jpg,02_data/private_raw/S006/SE01/CAM02/S006_SE01_CAP000213_CAM02.jpg,CAL_005,right,controlled,USABLE,USABLE,INCLUDE_3D_FULL,True,True,29.61
CAP000214,S006,SE01,leaning_right,4,02_data/private_raw/S006/SE01/CAM01/S006_SE01_CAP000214_CAM01.jpg,02_data/private_raw/S006/SE01/CAM02/S006_SE01_CAP000214_CAM02.jpg,CAL_005,right,controlled,USABLE,USABLE,INCLUDE_3D_FULL,True,True,29.67
CAP000215,S006,SE01,leaning_right,4,02_data/private_raw/S006/SE01/CAM01/S006_SE01_CAP000215_CAM01.jpg,02_data/private_raw/S006/SE01/CAM02/S006_SE01_CAP000215_CAM02.jpg,CAL_005,right,controlled,USABLE,USABLE,INCLUDE_3D_FULL,True,True,29.51
CAP000216,S006,SE01,leaning_right,4,02_data/private_raw/S006/SE01/CAM01/S006_SE01_CAP000216_CAM01.jpg,02_data/private_raw/S006/SE01/CAM02/S006_SE01_CAP000216_CAM02.jpg,CAL_005,right,controlled,USABLE,USABLE,INCLUDE_3D_FULL,True,True,29.38
CAP000217,S006,SE01,leaning_right,4,02_data/private_raw/S006/SE01/CAM01/S006_SE01_CAP000217_CAM01.jpg,02_data/private_raw/S006/SE01/CAM02/S006_SE01_CAP000217_CAM02.jpg,CAL_005,right,controlled,USABLE,USABLE,INCLUDE_3D_FULL,True,True,29.71
CAP000218,S006,SE01,slouching,5,02_data/private_raw/S006/SE01/CAM01/S006_SE01_CAP000218_CAM01.jpg,02_data/private_raw/S006/SE01/CAM02/S006_SE01_CAP000218_CAM02.jpg,CAL_005,right,controlled,USABLE,USABLE,INCLUDE_3D_FULL,True,True,27.23
CAP000219,S006,SE01,slouching,5,02_data/private_raw/S006/SE01/CAM01/S006_SE01_CAP000219_CAM01.jpg,02_data/private_raw/S006/SE01/CAM02/S006_SE01_CAP000219_CAM02.jpg,CAL_005,right,controlled,USABLE,USABLE,INCLUDE_3D_FULL,True,True,25.25
CAP000220,S006,SE01,slouching,5,02_data/private_raw/S006/SE01/CAM01/S006_SE01_CAP000220_CAM01.jpg,02_data/private_raw/S006/SE01/CAM02/S006_SE01_CAP000220_CAM02.jpg,CAL_005,right,controlled,USABLE,USABLE,INCLUDE_3D_FULL,True,True,22.72
CAP000221,S006,SE01,slouching,5,02_data/private_raw/S006/SE01/CAM01/S006_SE01_CAP000221_CAM01.jpg,02_data/private_raw/S006/SE01/CAM02/S006_SE01_CAP000221_CAM02.jpg,CAL_005,right,controlled,USABLE,USABLE,INCLUDE_3D_FULL,True,True,25.4
CAP000222,S006,SE01,slouching,5,02_data/private_raw/S006/SE01/CAM01/S006_SE01_CAP000222_CAM01.jpg,02_data/private_raw/S006/SE01/CAM02/S006_SE01_CAP000222_CAM02.jpg,CAL_005,right,controlled,USABLE,USABLE,INCLUDE_3D_FULL,True,True,25.27
CAP000229,S007,SE01,upright,0,02_data/private_raw/S007/SE01/CAM01/S007_SE01_CAP000229_CAM01.jpg,02_data/private_raw/S007/SE01/CAM02/S007_SE01_CAP000229_CAM02.jpg,CAL_006,right,controlled,USABLE,EXCLUDED,EXCLUDE_3D_DEGENERATE_RIG,True,True,
CAP000230,S007,SE01,upright,0,02_data/private_raw/S007/SE01/CAM01/S007_SE01_CAP000230_CAM01.jpg,02_data/private_raw/S007/SE01/CAM02/S007_SE01_CAP000230_CAM02.jpg,CAL_006,right,controlled,USABLE,EXCLUDED,EXCLUDE_3D_DEGENERATE_RIG,True,True,
CAP000231,S007,SE01,upright,0,02_data/private_raw/S007/SE01/CAM01/S007_SE01_CAP000231_CAM01.jpg,02_data/private_raw/S007/SE01/CAM02/S007_SE01_CAP000231_CAM02.jpg,CAL_006,right,controlled,USABLE,EXCLUDED,EXCLUDE_3D_DEGENERATE_RIG,True,True,
CAP000232,S007,SE01,upright,0,02_data/private_raw/S007/SE01/CAM01/S007_SE01_CAP000232_CAM01.jpg,02_data/private_raw/S007/SE01/CAM02/S007_SE01_CAP000232_CAM02.jpg,CAL_006,right,controlled,USABLE,EXCLUDED,EXCLUDE_3D_DEGENERATE_RIG,True,True,
CAP000233,S007,SE01,upright,0,02_data/private_raw/S007/SE01/CAM01/S007_SE01_CAP000233_CAM01.jpg,02_data/private_raw/S007/SE01/CAM02/S007_SE01_CAP000233_CAM02.jpg,CAL_006,right,controlled,USABLE,EXCLUDED,EXCLUDE_3D_DEGENERATE_RIG,True,True,
CAP000234,S007,SE01,upright,0,02_data/private_raw/S007/SE01/CAM01/S007_SE01_CAP000234_CAM01.jpg,02_data/private_raw/S007/SE01/CAM02/S007_SE01_CAP000234_CAM02.jpg,CAL_006,right,controlled,USABLE,EXCLUDED,EXCLUDE_3D_DEGENERATE_RIG,True,True,
CAP000235,S007,SE01,leaning_forward,1,02_data/private_raw/S007/SE01/CAM01/S007_SE01_CAP000235_CAM01.jpg,02_data/private_raw/S007/SE01/CAM02/S007_SE01_CAP000235_CAM02.jpg,CAL_006,right,controlled,USABLE,EXCLUDED,EXCLUDE_3D_DEGENERATE_RIG,True,True,
CAP000236,S007,SE01,leaning_forward,1,02_data/private_raw/S007/SE01/CAM01/S007_SE01_CAP000236_CAM01.jpg,02_data/private_raw/S007/SE01/CAM02/S007_SE01_CAP000236_CAM02.jpg,CAL_006,right,controlled,USABLE,EXCLUDED,EXCLUDE_3D_DEGENERATE_RIG,True,True,
CAP000237,S007,SE01,leaning_forward,1,02_data/private_raw/S007/SE01/CAM01/S007_SE01_CAP000237_CAM01.jpg,02_data/private_raw/S007/SE01/CAM02/S007_SE01_CAP000237_CAM02.jpg,CAL_006,right,controlled,USABLE,EXCLUDED,EXCLUDE_3D_DEGENERATE_RIG,True,True,
CAP000238,S007,SE01,leaning_forward,1,02_data/private_raw/S007/SE01/CAM01/S007_SE01_CAP000238_CAM01.jpg,02_data/private_raw/S007/SE01/CAM02/S007_SE01_CAP000238_CAM02.jpg,CAL_006,right,controlled,USABLE,EXCLUDED,EXCLUDE_3D_DEGENERATE_RIG,True,True,
CAP000239,S007,SE01,leaning_forward,1,02_data/private_raw/S007/SE01/CAM01/S007_SE01_CAP000239_CAM01.jpg,02_data/private_raw/S007/SE01/CAM02/S007_SE01_CAP000239_CAM02.jpg,CAL_006,right,controlled,USABLE,EXCLUDED,EXCLUDE_3D_DEGENERATE_RIG,True,True,
CAP000240,S007,SE01,leaning_backward,2,02_data/private_raw/S007/SE01/CAM01/S007_SE01_CAP000240_CAM01.jpg,02_data/private_raw/S007/SE01/CAM02/S007_SE01_CAP000240_CAM02.jpg,CAL_006,right,controlled,USABLE,EXCLUDED,EXCLUDE_3D_DEGENERATE_RIG,True,True,
CAP000241,S007,SE01,leaning_backward,2,02_data/private_raw/S007/SE01/CAM01/S007_SE01_CAP000241_CAM01.jpg,02_data/private_raw/S007/SE01/CAM02/S007_SE01_CAP000241_CAM02.jpg,CAL_006,right,controlled,USABLE,EXCLUDED,EXCLUDE_3D_DEGENERATE_RIG,True,True,
CAP000242,S007,SE01,leaning_backward,2,02_data/private_raw/S007/SE01/CAM01/S007_SE01_CAP000242_CAM01.jpg,02_data/private_raw/S007/SE01/CAM02/S007_SE01_CAP000242_CAM02.jpg,CAL_006,right,controlled,USABLE,EXCLUDED,EXCLUDE_3D_DEGENERATE_RIG,True,True,
CAP000243,S007,SE01,leaning_backward,2,02_data/private_raw/S007/SE01/CAM01/S007_SE01_CAP000243_CAM01.jpg,02_data/private_raw/S007/SE01/CAM02/S007_SE01_CAP000243_CAM02.jpg,CAL_006,right,controlled,USABLE,EXCLUDED,EXCLUDE_3D_DEGENERATE_RIG,True,True,
CAP000244,S007,SE01,leaning_backward,2,02_data/private_raw/S007/SE01/CAM01/S007_SE01_CAP000244_CAM01.jpg,02_data/private_raw/S007/SE01/CAM02/S007_SE01_CAP000244_CAM02.jpg,CAL_006,right,controlled,USABLE,EXCLUDED,EXCLUDE_3D_DEGENERATE_RIG,True,True,
CAP000245,S007,SE01,leaning_left,3,02_data/private_raw/S007/SE01/CAM01/S007_SE01_CAP000245_CAM01.jpg,02_data/private_raw/S007/SE01/CAM02/S007_SE01_CAP000245_CAM02.jpg,CAL_006,right,controlled,USABLE,EXCLUDED,EXCLUDE_3D_DEGENERATE_RIG,True,True,
CAP000246,S007,SE01,leaning_left,3,02_data/private_raw/S007/SE01/CAM01/S007_SE01_CAP000246_CAM01.jpg,02_data/private_raw/S007/SE01/CAM02/S007_SE01_CAP000246_CAM02.jpg,CAL_006,right,controlled,USABLE,EXCLUDED,EXCLUDE_3D_DEGENERATE_RIG,True,True,
CAP000247,S007,SE01,leaning_left,3,02_data/private_raw/S007/SE01/CAM01/S007_SE01_CAP000247_CAM01.jpg,02_data/private_raw/S007/SE01/CAM02/S007_SE01_CAP000247_CAM02.jpg,CAL_006,right,controlled,USABLE,EXCLUDED,EXCLUDE_3D_DEGENERATE_RIG,True,True,
CAP000248,S007,SE01,leaning_left,3,02_data/private_raw/S007/SE01/CAM01/S007_SE01_CAP000248_CAM01.jpg,02_data/private_raw/S007/SE01/CAM02/S007_SE01_CAP000248_CAM02.jpg,CAL_006,right,controlled,USABLE,EXCLUDED,EXCLUDE_3D_DEGENERATE_RIG,True,True,
CAP000249,S007,SE01,leaning_left,3,02_data/private_raw/S007/SE01/CAM01/S007_SE01_CAP000249_CAM01.jpg,02_data/private_raw/S007/SE01/CAM02/S007_SE01_CAP000249_CAM02.jpg,CAL_006,right,controlled,USABLE,EXCLUDED,EXCLUDE_3D_DEGENERATE_RIG,True,True,
CAP000250,S007,SE01,leaning_right,4,02_data/private_raw/S007/SE01/CAM01/S007_SE01_CAP000250_CAM01.jpg,02_data/private_raw/S007/SE01/CAM02/S007_SE01_CAP000250_CAM02.jpg,CAL_006,right,controlled,USABLE,EXCLUDED,EXCLUDE_3D_DEGENERATE_RIG,True,True,
CAP000251,S007,SE01,leaning_right,4,02_data/private_raw/S007/SE01/CAM01/S007_SE01_CAP000251_CAM01.jpg,02_data/private_raw/S007/SE01/CAM02/S007_SE01_CAP000251_CAM02.jpg,CAL_006,right,controlled,USABLE,EXCLUDED,EXCLUDE_3D_DEGENERATE_RIG,True,True,
CAP000252,S007,SE01,leaning_right,4,02_data/private_raw/S007/SE01/CAM01/S007_SE01_CAP000252_CAM01.jpg,02_data/private_raw/S007/SE01/CAM02/S007_SE01_CAP000252_CAM02.jpg,CAL_006,right,controlled,USABLE,EXCLUDED,EXCLUDE_3D_DEGENERATE_RIG,True,True,
CAP000253,S007,SE01,leaning_right,4,02_data/private_raw/S007/SE01/CAM01/S007_SE01_CAP000253_CAM01.jpg,02_data/private_raw/S007/SE01/CAM02/S007_SE01_CAP000253_CAM02.jpg,CAL_006,right,controlled,USABLE,EXCLUDED,EXCLUDE_3D_DEGENERATE_RIG,True,True,
CAP000254,S007,SE01,leaning_right,4,02_data/private_raw/S007/SE01/CAM01/S007_SE01_CAP000254_CAM01.jpg,02_data/private_raw/S007/SE01/CAM02/S007_SE01_CAP000254_CAM02.jpg,CAL_006,right,controlled,USABLE,EXCLUDED,EXCLUDE_3D_DEGENERATE_RIG,True,True,
CAP000255,S007,SE01,slouching,5,02_data/private_raw/S007/SE01/CAM01/S007_SE01_CAP000255_CAM01.jpg,02_data/private_raw/S007/SE01/CAM02/S007_SE01_CAP000255_CAM02.jpg,CAL_006,right,controlled,USABLE,EXCLUDED,EXCLUDE_3D_DEGENERATE_RIG,True,True,
CAP000256,S007,SE01,slouching,5,02_data/private_raw/S007/SE01/CAM01/S007_SE01_CAP000256_CAM01.jpg,02_data/private_raw/S007/SE01/CAM02/S007_SE01_CAP000256_CAM02.jpg,CAL_006,right,controlled,USABLE,EXCLUDED,EXCLUDE_3D_DEGENERATE_RIG,True,True,
CAP000257,S007,SE01,slouching,5,02_data/private_raw/S007/SE01/CAM01/S007_SE01_CAP000257_CAM01.jpg,02_data/private_raw/S007/SE01/CAM02/S007_SE01_CAP000257_CAM02.jpg,CAL_006,right,controlled,USABLE,EXCLUDED,EXCLUDE_3D_DEGENERATE_RIG,True,True,
CAP000258,S007,SE01,slouching,5,02_data/private_raw/S007/SE01/CAM01/S007_SE01_CAP000258_CAM01.jpg,02_data/private_raw/S007/SE01/CAM02/S007_SE01_CAP000258_CAM02.jpg,CAL_006,right,controlled,USABLE,EXCLUDED,EXCLUDE_3D_DEGENERATE_RIG,True,True,
CAP000259,S007,SE01,slouching,5,02_data/private_raw/S007/SE01/CAM01/S007_SE01_CAP000259_CAM01.jpg,02_data/private_raw/S007/SE01/CAM02/S007_SE01_CAP000259_CAM02.jpg,CAL_006,right,controlled,USABLE,EXCLUDED,EXCLUDE_3D_DEGENERATE_RIG,True,True,
CAP000268,S008,SE01,upright,0,02_data/private_raw/S008/SE01/CAM01/S008_SE01_CAP000268_CAM01.jpg,02_data/private_raw/S008/SE01/CAM02/S008_SE01_CAP000268_CAM02.jpg,CAL_008,right,controlled,USABLE,USABLE,INCLUDE_3D_WITH_MASKING,True,True,25.58
CAP000269,S008,SE01,upright,0,02_data/private_raw/S008/SE01/CAM01/S008_SE01_CAP000269_CAM01.jpg,02_data/private_raw/S008/SE01/CAM02/S008_SE01_CAP000269_CAM02.jpg,CAL_008,right,controlled,USABLE,USABLE,INCLUDE_3D_WITH_MASKING,True,True,25.83
CAP000270,S008,SE01,upright,0,02_data/private_raw/S008/SE01/CAM01/S008_SE01_CAP000270_CAM01.jpg,02_data/private_raw/S008/SE01/CAM02/S008_SE01_CAP000270_CAM02.jpg,CAL_008,right,controlled,USABLE,USABLE,INCLUDE_3D_WITH_MASKING,True,True,25.32
CAP000271,S008,SE01,upright,0,02_data/private_raw/S008/SE01/CAM01/S008_SE01_CAP000271_CAM01.jpg,02_data/private_raw/S008/SE01/CAM02/S008_SE01_CAP000271_CAM02.jpg,CAL_008,right,controlled,USABLE,USABLE,INCLUDE_3D_WITH_MASKING,True,True,25.61
CAP000272,S008,SE01,upright,0,02_data/private_raw/S008/SE01/CAM01/S008_SE01_CAP000272_CAM01.jpg,02_data/private_raw/S008/SE01/CAM02/S008_SE01_CAP000272_CAM02.jpg,CAL_008,right,controlled,USABLE,USABLE,INCLUDE_3D_WITH_MASKING,True,True,25.47
CAP000273,S008,SE01,leaning_forward,1,02_data/private_raw/S008/SE01/CAM01/S008_SE01_CAP000273_CAM01.jpg,02_data/private_raw/S008/SE01/CAM02/S008_SE01_CAP000273_CAM02.jpg,CAL_008,right,controlled,USABLE,USABLE,INCLUDE_3D_WITH_MASKING,True,True,20.29
CAP000274,S008,SE01,leaning_forward,1,02_data/private_raw/S008/SE01/CAM01/S008_SE01_CAP000274_CAM01.jpg,02_data/private_raw/S008/SE01/CAM02/S008_SE01_CAP000274_CAM02.jpg,CAL_008,right,controlled,USABLE,USABLE,INCLUDE_3D_WITH_MASKING,True,True,17.83
CAP000275,S008,SE01,leaning_forward,1,02_data/private_raw/S008/SE01/CAM01/S008_SE01_CAP000275_CAM01.jpg,02_data/private_raw/S008/SE01/CAM02/S008_SE01_CAP000275_CAM02.jpg,CAL_008,right,controlled,USABLE,USABLE,INCLUDE_3D_WITH_MASKING,True,True,18.81
CAP000276,S008,SE01,leaning_forward,1,02_data/private_raw/S008/SE01/CAM01/S008_SE01_CAP000276_CAM01.jpg,02_data/private_raw/S008/SE01/CAM02/S008_SE01_CAP000276_CAM02.jpg,CAL_008,right,controlled,USABLE,USABLE,INCLUDE_3D_WITH_MASKING,True,True,18.81
CAP000277,S008,SE01,leaning_forward,1,02_data/private_raw/S008/SE01/CAM01/S008_SE01_CAP000277_CAM01.jpg,02_data/private_raw/S008/SE01/CAM02/S008_SE01_CAP000277_CAM02.jpg,CAL_008,right,controlled,USABLE,USABLE,INCLUDE_3D_WITH_MASKING,True,True,18.91
CAP000278,S008,SE01,leaning_backward,2,02_data/private_raw/S008/SE01/CAM01/S008_SE01_CAP000278_CAM01.jpg,02_data/private_raw/S008/SE01/CAM02/S008_SE01_CAP000278_CAM02.jpg,CAL_008,right,controlled,USABLE,USABLE,INCLUDE_3D_WITH_MASKING,True,True,15.16
CAP000279,S008,SE01,leaning_backward,2,02_data/private_raw/S008/SE01/CAM01/S008_SE01_CAP000279_CAM01.jpg,02_data/private_raw/S008/SE01/CAM02/S008_SE01_CAP000279_CAM02.jpg,CAL_008,right,controlled,USABLE,USABLE,INCLUDE_3D_WITH_MASKING,True,True,16.62
CAP000280,S008,SE01,leaning_backward,2,02_data/private_raw/S008/SE01/CAM01/S008_SE01_CAP000280_CAM01.jpg,02_data/private_raw/S008/SE01/CAM02/S008_SE01_CAP000280_CAM02.jpg,CAL_008,right,controlled,USABLE,USABLE,INCLUDE_3D_WITH_MASKING,True,True,14.89
CAP000281,S008,SE01,leaning_backward,2,02_data/private_raw/S008/SE01/CAM01/S008_SE01_CAP000281_CAM01.jpg,02_data/private_raw/S008/SE01/CAM02/S008_SE01_CAP000281_CAM02.jpg,CAL_008,right,controlled,USABLE,USABLE,INCLUDE_3D_WITH_MASKING,True,True,13.81
CAP000282,S008,SE01,leaning_backward,2,02_data/private_raw/S008/SE01/CAM01/S008_SE01_CAP000282_CAM01.jpg,02_data/private_raw/S008/SE01/CAM02/S008_SE01_CAP000282_CAM02.jpg,CAL_008,right,controlled,USABLE,USABLE,INCLUDE_3D_WITH_MASKING,True,True,14.19
CAP000283,S008,SE01,leaning_left,3,02_data/private_raw/S008/SE01/CAM01/S008_SE01_CAP000283_CAM01.jpg,02_data/private_raw/S008/SE01/CAM02/S008_SE01_CAP000283_CAM02.jpg,CAL_008,right,controlled,USABLE,USABLE,INCLUDE_3D_WITH_MASKING,True,True,33.11
CAP000284,S008,SE01,leaning_left,3,02_data/private_raw/S008/SE01/CAM01/S008_SE01_CAP000284_CAM01.jpg,02_data/private_raw/S008/SE01/CAM02/S008_SE01_CAP000284_CAM02.jpg,CAL_008,right,controlled,USABLE,USABLE,INCLUDE_3D_WITH_MASKING,True,True,31.71
CAP000285,S008,SE01,leaning_left,3,02_data/private_raw/S008/SE01/CAM01/S008_SE01_CAP000285_CAM01.jpg,02_data/private_raw/S008/SE01/CAM02/S008_SE01_CAP000285_CAM02.jpg,CAL_008,right,controlled,USABLE,USABLE,INCLUDE_3D_WITH_MASKING,True,True,31.63
CAP000286,S008,SE01,leaning_left,3,02_data/private_raw/S008/SE01/CAM01/S008_SE01_CAP000286_CAM01.jpg,02_data/private_raw/S008/SE01/CAM02/S008_SE01_CAP000286_CAM02.jpg,CAL_008,right,controlled,USABLE,USABLE,INCLUDE_3D_WITH_MASKING,True,True,33.04
CAP000287,S008,SE01,leaning_left,3,02_data/private_raw/S008/SE01/CAM01/S008_SE01_CAP000287_CAM01.jpg,02_data/private_raw/S008/SE01/CAM02/S008_SE01_CAP000287_CAM02.jpg,CAL_008,right,controlled,USABLE,USABLE,INCLUDE_3D_WITH_MASKING,True,True,32.6
CAP000288,S008,SE01,leaning_right,4,02_data/private_raw/S008/SE01/CAM01/S008_SE01_CAP000288_CAM01.jpg,02_data/private_raw/S008/SE01/CAM02/S008_SE01_CAP000288_CAM02.jpg,CAL_008,right,controlled,USABLE,USABLE,INCLUDE_3D_WITH_MASKING,True,True,49.51
CAP000289,S008,SE01,leaning_right,4,02_data/private_raw/S008/SE01/CAM01/S008_SE01_CAP000289_CAM01.jpg,02_data/private_raw/S008/SE01/CAM02/S008_SE01_CAP000289_CAM02.jpg,CAL_008,right,controlled,USABLE,USABLE,INCLUDE_3D_WITH_MASKING,True,True,41.8
CAP000290,S008,SE01,leaning_right,4,02_data/private_raw/S008/SE01/CAM01/S008_SE01_CAP000290_CAM01.jpg,02_data/private_raw/S008/SE01/CAM02/S008_SE01_CAP000290_CAM02.jpg,CAL_008,right,controlled,USABLE,USABLE,INCLUDE_3D_WITH_MASKING,True,True,44.51
CAP000291,S008,SE01,leaning_right,4,02_data/private_raw/S008/SE01/CAM01/S008_SE01_CAP000291_CAM01.jpg,02_data/private_raw/S008/SE01/CAM02/S008_SE01_CAP000291_CAM02.jpg,CAL_008,right,controlled,USABLE,USABLE,INCLUDE_3D_WITH_MASKING,True,True,43.72
CAP000292,S008,SE01,leaning_right,4,02_data/private_raw/S008/SE01/CAM01/S008_SE01_CAP000292_CAM01.jpg,02_data/private_raw/S008/SE01/CAM02/S008_SE01_CAP000292_CAM02.jpg,CAL_008,right,controlled,USABLE,USABLE,INCLUDE_3D_WITH_MASKING,True,True,43.9
CAP000293,S008,SE01,slouching,5,02_data/private_raw/S008/SE01/CAM01/S008_SE01_CAP000293_CAM01.jpg,02_data/private_raw/S008/SE01/CAM02/S008_SE01_CAP000293_CAM02.jpg,CAL_008,right,controlled,USABLE,USABLE,INCLUDE_3D_WITH_MASKING,True,True,24.39
CAP000294,S008,SE01,slouching,5,02_data/private_raw/S008/SE01/CAM01/S008_SE01_CAP000294_CAM01.jpg,02_data/private_raw/S008/SE01/CAM02/S008_SE01_CAP000294_CAM02.jpg,CAL_008,right,controlled,USABLE,USABLE,INCLUDE_3D_WITH_MASKING,True,True,23.1
CAP000295,S008,SE01,slouching,5,02_data/private_raw/S008/SE01/CAM01/S008_SE01_CAP000295_CAM01.jpg,02_data/private_raw/S008/SE01/CAM02/S008_SE01_CAP000295_CAM02.jpg,CAL_008,right,controlled,USABLE,USABLE,INCLUDE_3D_WITH_MASKING,True,True,25.58
CAP000296,S008,SE01,slouching,5,02_data/private_raw/S008/SE01/CAM01/S008_SE01_CAP000296_CAM01.jpg,02_data/private_raw/S008/SE01/CAM02/S008_SE01_CAP000296_CAM02.jpg,CAL_008,right,controlled,USABLE,USABLE,INCLUDE_3D_WITH_MASKING,True,True,25.21
CAP000297,S008,SE01,slouching,5,02_data/private_raw/S008/SE01/CAM01/S008_SE01_CAP000297_CAM01.jpg,02_data/private_raw/S008/SE01/CAM02/S008_SE01_CAP000297_CAM02.jpg,CAL_008,right,controlled,USABLE,USABLE,INCLUDE_3D_WITH_MASKING,True,True,24.62
CAP000304,S009,SE01,upright,0,02_data/private_raw/S009/SE01/CAM01/S009_SE01_CAP000304_CAM01.jpg,02_data/private_raw/S009/SE01/CAM02/S009_SE01_CAP000304_CAM02.jpg,CAL_008,right,controlled,USABLE,USABLE,INCLUDE_3D_FULL,True,True,37.12
CAP000305,S009,SE01,upright,0,02_data/private_raw/S009/SE01/CAM01/S009_SE01_CAP000305_CAM01.jpg,02_data/private_raw/S009/SE01/CAM02/S009_SE01_CAP000305_CAM02.jpg,CAL_008,right,controlled,USABLE,USABLE,INCLUDE_3D_WITH_MASKING,True,True,32.89
CAP000306,S009,SE01,upright,0,02_data/private_raw/S009/SE01/CAM01/S009_SE01_CAP000306_CAM01.jpg,02_data/private_raw/S009/SE01/CAM02/S009_SE01_CAP000306_CAM02.jpg,CAL_008,right,controlled,USABLE,USABLE,INCLUDE_3D_WITH_MASKING,True,True,31.33
CAP000307,S009,SE01,upright,0,02_data/private_raw/S009/SE01/CAM01/S009_SE01_CAP000307_CAM01.jpg,02_data/private_raw/S009/SE01/CAM02/S009_SE01_CAP000307_CAM02.jpg,CAL_008,right,controlled,USABLE,USABLE,INCLUDE_3D_WITH_MASKING,True,True,31.74
CAP000308,S009,SE01,upright,0,02_data/private_raw/S009/SE01/CAM01/S009_SE01_CAP000308_CAM01.jpg,02_data/private_raw/S009/SE01/CAM02/S009_SE01_CAP000308_CAM02.jpg,CAL_008,right,controlled,USABLE,USABLE,INCLUDE_3D_WITH_MASKING,True,True,31.48
CAP000309,S009,SE01,leaning_forward,1,02_data/private_raw/S009/SE01/CAM01/S009_SE01_CAP000309_CAM01.jpg,02_data/private_raw/S009/SE01/CAM02/S009_SE01_CAP000309_CAM02.jpg,CAL_008,right,controlled,USABLE,USABLE,INCLUDE_3D_WITH_MASKING,True,True,36.48
CAP000310,S009,SE01,leaning_forward,1,02_data/private_raw/S009/SE01/CAM01/S009_SE01_CAP000310_CAM01.jpg,02_data/private_raw/S009/SE01/CAM02/S009_SE01_CAP000310_CAM02.jpg,CAL_008,right,controlled,USABLE,USABLE,INCLUDE_3D_WITH_MASKING,True,True,35.79
CAP000311,S009,SE01,leaning_forward,1,02_data/private_raw/S009/SE01/CAM01/S009_SE01_CAP000311_CAM01.jpg,02_data/private_raw/S009/SE01/CAM02/S009_SE01_CAP000311_CAM02.jpg,CAL_008,right,controlled,USABLE,USABLE,INCLUDE_3D_WITH_MASKING,True,True,35.82
CAP000312,S009,SE01,leaning_forward,1,02_data/private_raw/S009/SE01/CAM01/S009_SE01_CAP000312_CAM01.jpg,02_data/private_raw/S009/SE01/CAM02/S009_SE01_CAP000312_CAM02.jpg,CAL_008,right,controlled,USABLE,USABLE,INCLUDE_3D_WITH_MASKING,True,True,35.39
CAP000313,S009,SE01,leaning_forward,1,02_data/private_raw/S009/SE01/CAM01/S009_SE01_CAP000313_CAM01.jpg,02_data/private_raw/S009/SE01/CAM02/S009_SE01_CAP000313_CAM02.jpg,CAL_008,right,controlled,USABLE,USABLE,INCLUDE_3D_WITH_MASKING,True,True,36.05
CAP000314,S009,SE01,leaning_backward,2,02_data/private_raw/S009/SE01/CAM01/S009_SE01_CAP000314_CAM01.jpg,02_data/private_raw/S009/SE01/CAM02/S009_SE01_CAP000314_CAM02.jpg,CAL_008,right,controlled,USABLE,USABLE,INCLUDE_3D_FULL,True,True,35.44
CAP000315,S009,SE01,leaning_backward,2,02_data/private_raw/S009/SE01/CAM01/S009_SE01_CAP000315_CAM01.jpg,02_data/private_raw/S009/SE01/CAM02/S009_SE01_CAP000315_CAM02.jpg,CAL_008,right,controlled,USABLE,USABLE,INCLUDE_3D_WITH_MASKING,True,True,31.59
CAP000316,S009,SE01,leaning_backward,2,02_data/private_raw/S009/SE01/CAM01/S009_SE01_CAP000316_CAM01.jpg,02_data/private_raw/S009/SE01/CAM02/S009_SE01_CAP000316_CAM02.jpg,CAL_008,right,controlled,USABLE,USABLE,INCLUDE_3D_WITH_MASKING,True,True,30.93
CAP000317,S009,SE01,leaning_backward,2,02_data/private_raw/S009/SE01/CAM01/S009_SE01_CAP000317_CAM01.jpg,02_data/private_raw/S009/SE01/CAM02/S009_SE01_CAP000317_CAM02.jpg,CAL_008,right,controlled,USABLE,USABLE,INCLUDE_3D_FULL,True,True,35.14
CAP000318,S009,SE01,leaning_backward,2,02_data/private_raw/S009/SE01/CAM01/S009_SE01_CAP000318_CAM01.jpg,02_data/private_raw/S009/SE01/CAM02/S009_SE01_CAP000318_CAM02.jpg,CAL_008,right,controlled,USABLE,USABLE,INCLUDE_3D_WITH_MASKING,True,True,30.94
CAP000319,S009,SE01,leaning_left,3,02_data/private_raw/S009/SE01/CAM01/S009_SE01_CAP000319_CAM01.jpg,02_data/private_raw/S009/SE01/CAM02/S009_SE01_CAP000319_CAM02.jpg,CAL_008,right,controlled,USABLE,USABLE,INCLUDE_3D_WITH_MASKING,True,True,15.1
CAP000320,S009,SE01,leaning_left,3,02_data/private_raw/S009/SE01/CAM01/S009_SE01_CAP000320_CAM01.jpg,02_data/private_raw/S009/SE01/CAM02/S009_SE01_CAP000320_CAM02.jpg,CAL_008,right,controlled,USABLE,USABLE,INCLUDE_3D_WITH_MASKING,True,True,16.64
CAP000321,S009,SE01,leaning_left,3,02_data/private_raw/S009/SE01/CAM01/S009_SE01_CAP000321_CAM01.jpg,02_data/private_raw/S009/SE01/CAM02/S009_SE01_CAP000321_CAM02.jpg,CAL_008,right,controlled,USABLE,USABLE,INCLUDE_3D_FULL,True,True,20.48
CAP000322,S009,SE01,leaning_left,3,02_data/private_raw/S009/SE01/CAM01/S009_SE01_CAP000322_CAM01.jpg,02_data/private_raw/S009/SE01/CAM02/S009_SE01_CAP000322_CAM02.jpg,CAL_008,right,controlled,USABLE,USABLE,INCLUDE_3D_FULL,True,True,20.34
CAP000323,S009,SE01,leaning_left,3,02_data/private_raw/S009/SE01/CAM01/S009_SE01_CAP000323_CAM01.jpg,02_data/private_raw/S009/SE01/CAM02/S009_SE01_CAP000323_CAM02.jpg,CAL_008,right,controlled,USABLE,USABLE,INCLUDE_3D_FULL,True,True,20.35
CAP000324,S009,SE01,leaning_right,4,02_data/private_raw/S009/SE01/CAM01/S009_SE01_CAP000324_CAM01.jpg,02_data/private_raw/S009/SE01/CAM02/S009_SE01_CAP000324_CAM02.jpg,CAL_008,right,controlled,USABLE,USABLE,INCLUDE_3D_WITH_MASKING,True,True,47.96
CAP000325,S009,SE01,leaning_right,4,02_data/private_raw/S009/SE01/CAM01/S009_SE01_CAP000325_CAM01.jpg,02_data/private_raw/S009/SE01/CAM02/S009_SE01_CAP000325_CAM02.jpg,CAL_008,right,controlled,USABLE,USABLE,INCLUDE_3D_WITH_MASKING,True,True,45.11
CAP000326,S009,SE01,leaning_right,4,02_data/private_raw/S009/SE01/CAM01/S009_SE01_CAP000326_CAM01.jpg,02_data/private_raw/S009/SE01/CAM02/S009_SE01_CAP000326_CAM02.jpg,CAL_008,right,controlled,USABLE,USABLE,INCLUDE_3D_WITH_MASKING,True,True,47.47
CAP000327,S009,SE01,leaning_right,4,02_data/private_raw/S009/SE01/CAM01/S009_SE01_CAP000327_CAM01.jpg,02_data/private_raw/S009/SE01/CAM02/S009_SE01_CAP000327_CAM02.jpg,CAL_008,right,controlled,USABLE,USABLE,INCLUDE_3D_WITH_MASKING,True,True,46.23
CAP000328,S009,SE01,leaning_right,4,02_data/private_raw/S009/SE01/CAM01/S009_SE01_CAP000328_CAM01.jpg,02_data/private_raw/S009/SE01/CAM02/S009_SE01_CAP000328_CAM02.jpg,CAL_008,right,controlled,USABLE,USABLE,INCLUDE_3D_WITH_MASKING,True,True,45.38
CAP000329,S009,SE01,slouching,5,02_data/private_raw/S009/SE01/CAM01/S009_SE01_CAP000329_CAM01.jpg,02_data/private_raw/S009/SE01/CAM02/S009_SE01_CAP000329_CAM02.jpg,CAL_008,right,controlled,USABLE,USABLE,INCLUDE_3D_WITH_MASKING,True,True,28.71
CAP000330,S009,SE01,slouching,5,02_data/private_raw/S009/SE01/CAM01/S009_SE01_CAP000330_CAM01.jpg,02_data/private_raw/S009/SE01/CAM02/S009_SE01_CAP000330_CAM02.jpg,CAL_008,right,controlled,USABLE,USABLE,INCLUDE_3D_WITH_MASKING,True,True,22.51
CAP000331,S009,SE01,slouching,5,02_data/private_raw/S009/SE01/CAM01/S009_SE01_CAP000331_CAM01.jpg,02_data/private_raw/S009/SE01/CAM02/S009_SE01_CAP000331_CAM02.jpg,CAL_008,right,controlled,USABLE,USABLE,INCLUDE_3D_WITH_MASKING,True,True,21.66
CAP000332,S009,SE01,slouching,5,02_data/private_raw/S009/SE01/CAM01/S009_SE01_CAP000332_CAM01.jpg,02_data/private_raw/S009/SE01/CAM02/S009_SE01_CAP000332_CAM02.jpg,CAL_008,right,controlled,USABLE,USABLE,INCLUDE_3D_WITH_MASKING,True,True,27.36
CAP000333,S009,SE01,slouching,5,02_data/private_raw/S009/SE01/CAM01/S009_SE01_CAP000333_CAM01.jpg,02_data/private_raw/S009/SE01/CAM02/S009_SE01_CAP000333_CAM02.jpg,CAL_008,right,controlled,USABLE,USABLE,INCLUDE_3D_WITH_MASKING,True,True,22.19
CAP000341,S010,SE01,upright,0,02_data/private_raw/S010/SE01/CAM01/S010_SE01_CAP000341_CAM01.jpg,02_data/private_raw/S010/SE01/CAM02/S010_SE01_CAP000341_CAM02.jpg,CAL_008,right,controlled,USABLE,USABLE,INCLUDE_3D_WITH_MASKING,True,True,25.16
CAP000342,S010,SE01,upright,0,02_data/private_raw/S010/SE01/CAM01/S010_SE01_CAP000342_CAM01.jpg,02_data/private_raw/S010/SE01/CAM02/S010_SE01_CAP000342_CAM02.jpg,CAL_008,right,controlled,USABLE,USABLE,INCLUDE_3D_WITH_MASKING,True,True,25.31
CAP000343,S010,SE01,upright,0,02_data/private_raw/S010/SE01/CAM01/S010_SE01_CAP000343_CAM01.jpg,02_data/private_raw/S010/SE01/CAM02/S010_SE01_CAP000343_CAM02.jpg,CAL_008,right,controlled,USABLE,USABLE,INCLUDE_3D_WITH_MASKING,True,True,24.74
CAP000344,S010,SE01,upright,0,02_data/private_raw/S010/SE01/CAM01/S010_SE01_CAP000344_CAM01.jpg,02_data/private_raw/S010/SE01/CAM02/S010_SE01_CAP000344_CAM02.jpg,CAL_008,right,controlled,USABLE,USABLE,INCLUDE_3D_WITH_MASKING,True,True,25.66
CAP000345,S010,SE01,upright,0,02_data/private_raw/S010/SE01/CAM01/S010_SE01_CAP000345_CAM01.jpg,02_data/private_raw/S010/SE01/CAM02/S010_SE01_CAP000345_CAM02.jpg,CAL_008,right,controlled,USABLE,USABLE,INCLUDE_3D_WITH_MASKING,True,True,25.49
CAP000346,S010,SE01,leaning_forward,1,02_data/private_raw/S010/SE01/CAM01/S010_SE01_CAP000346_CAM01.jpg,02_data/private_raw/S010/SE01/CAM02/S010_SE01_CAP000346_CAM02.jpg,CAL_008,right,controlled,USABLE,USABLE,INCLUDE_3D_WITH_MASKING,True,True,28.22
CAP000347,S010,SE01,leaning_forward,1,02_data/private_raw/S010/SE01/CAM01/S010_SE01_CAP000347_CAM01.jpg,02_data/private_raw/S010/SE01/CAM02/S010_SE01_CAP000347_CAM02.jpg,CAL_008,right,controlled,USABLE,USABLE,INCLUDE_3D_WITH_MASKING,True,True,27.67
CAP000348,S010,SE01,leaning_forward,1,02_data/private_raw/S010/SE01/CAM01/S010_SE01_CAP000348_CAM01.jpg,02_data/private_raw/S010/SE01/CAM02/S010_SE01_CAP000348_CAM02.jpg,CAL_008,right,controlled,USABLE,USABLE,INCLUDE_3D_WITH_MASKING,True,True,27.89
CAP000349,S010,SE01,leaning_forward,1,02_data/private_raw/S010/SE01/CAM01/S010_SE01_CAP000349_CAM01.jpg,02_data/private_raw/S010/SE01/CAM02/S010_SE01_CAP000349_CAM02.jpg,CAL_008,right,controlled,USABLE,USABLE,INCLUDE_3D_WITH_MASKING,True,True,28.39
CAP000350,S010,SE01,leaning_forward,1,02_data/private_raw/S010/SE01/CAM01/S010_SE01_CAP000350_CAM01.jpg,02_data/private_raw/S010/SE01/CAM02/S010_SE01_CAP000350_CAM02.jpg,CAL_008,right,controlled,USABLE,USABLE,INCLUDE_3D_WITH_MASKING,True,True,28.2
CAP000351,S010,SE01,leaning_backward,2,02_data/private_raw/S010/SE01/CAM01/S010_SE01_CAP000351_CAM01.jpg,02_data/private_raw/S010/SE01/CAM02/S010_SE01_CAP000351_CAM02.jpg,CAL_008,right,controlled,USABLE,USABLE,INCLUDE_3D_WITH_MASKING,True,True,24.16
CAP000352,S010,SE01,leaning_backward,2,02_data/private_raw/S010/SE01/CAM01/S010_SE01_CAP000352_CAM01.jpg,02_data/private_raw/S010/SE01/CAM02/S010_SE01_CAP000352_CAM02.jpg,CAL_008,right,controlled,USABLE,USABLE,INCLUDE_3D_WITH_MASKING,True,True,24.56
CAP000353,S010,SE01,leaning_backward,2,02_data/private_raw/S010/SE01/CAM01/S010_SE01_CAP000353_CAM01.jpg,02_data/private_raw/S010/SE01/CAM02/S010_SE01_CAP000353_CAM02.jpg,CAL_008,right,controlled,USABLE,USABLE,INCLUDE_3D_WITH_MASKING,True,True,24.29
CAP000354,S010,SE01,leaning_backward,2,02_data/private_raw/S010/SE01/CAM01/S010_SE01_CAP000354_CAM01.jpg,02_data/private_raw/S010/SE01/CAM02/S010_SE01_CAP000354_CAM02.jpg,CAL_008,right,controlled,USABLE,USABLE,INCLUDE_3D_WITH_MASKING,True,True,24.49
CAP000355,S010,SE01,leaning_backward,2,02_data/private_raw/S010/SE01/CAM01/S010_SE01_CAP000355_CAM01.jpg,02_data/private_raw/S010/SE01/CAM02/S010_SE01_CAP000355_CAM02.jpg,CAL_008,right,controlled,USABLE,USABLE,INCLUDE_3D_WITH_MASKING,True,True,25.06
CAP000356,S010,SE01,leaning_left,3,02_data/private_raw/S010/SE01/CAM01/S010_SE01_CAP000356_CAM01.jpg,02_data/private_raw/S010/SE01/CAM02/S010_SE01_CAP000356_CAM02.jpg,CAL_008,right,controlled,USABLE,USABLE,INCLUDE_3D_WITH_MASKING,True,True,15.87
CAP000357,S010,SE01,leaning_left,3,02_data/private_raw/S010/SE01/CAM01/S010_SE01_CAP000357_CAM01.jpg,02_data/private_raw/S010/SE01/CAM02/S010_SE01_CAP000357_CAM02.jpg,CAL_008,right,controlled,USABLE,USABLE,INCLUDE_3D_WITH_MASKING,True,True,19.06
CAP000358,S010,SE01,leaning_left,3,02_data/private_raw/S010/SE01/CAM01/S010_SE01_CAP000358_CAM01.jpg,02_data/private_raw/S010/SE01/CAM02/S010_SE01_CAP000358_CAM02.jpg,CAL_008,right,controlled,USABLE,USABLE,INCLUDE_3D_WITH_MASKING,True,True,19.53
CAP000359,S010,SE01,leaning_left,3,02_data/private_raw/S010/SE01/CAM01/S010_SE01_CAP000359_CAM01.jpg,02_data/private_raw/S010/SE01/CAM02/S010_SE01_CAP000359_CAM02.jpg,CAL_008,right,controlled,USABLE,USABLE,INCLUDE_3D_FULL,True,True,20.73
CAP000360,S010,SE01,leaning_left,3,02_data/private_raw/S010/SE01/CAM01/S010_SE01_CAP000360_CAM01.jpg,02_data/private_raw/S010/SE01/CAM02/S010_SE01_CAP000360_CAM02.jpg,CAL_008,right,controlled,USABLE,USABLE,INCLUDE_3D_WITH_MASKING,True,True,19.54
CAP000361,S010,SE01,leaning_right,4,02_data/private_raw/S010/SE01/CAM01/S010_SE01_CAP000361_CAM01.jpg,02_data/private_raw/S010/SE01/CAM02/S010_SE01_CAP000361_CAM02.jpg,CAL_008,right,controlled,USABLE,USABLE,INCLUDE_3D_FULL,True,True,39.39
CAP000362,S010,SE01,leaning_right,4,02_data/private_raw/S010/SE01/CAM01/S010_SE01_CAP000362_CAM01.jpg,02_data/private_raw/S010/SE01/CAM02/S010_SE01_CAP000362_CAM02.jpg,CAL_008,right,controlled,USABLE,USABLE,INCLUDE_3D_WITH_MASKING,True,True,28.52
CAP000363,S010,SE01,leaning_right,4,02_data/private_raw/S010/SE01/CAM01/S010_SE01_CAP000363_CAM01.jpg,02_data/private_raw/S010/SE01/CAM02/S010_SE01_CAP000363_CAM02.jpg,CAL_008,right,controlled,USABLE,USABLE,INCLUDE_3D_WITH_MASKING,True,True,28.9
CAP000364,S010,SE01,leaning_right,4,02_data/private_raw/S010/SE01/CAM01/S010_SE01_CAP000364_CAM01.jpg,02_data/private_raw/S010/SE01/CAM02/S010_SE01_CAP000364_CAM02.jpg,CAL_008,right,controlled,USABLE,USABLE,INCLUDE_3D_WITH_MASKING,True,True,28.56
CAP000365,S010,SE01,leaning_right,4,02_data/private_raw/S010/SE01/CAM01/S010_SE01_CAP000365_CAM01.jpg,02_data/private_raw/S010/SE01/CAM02/S010_SE01_CAP000365_CAM02.jpg,CAL_008,right,controlled,USABLE,USABLE,INCLUDE_3D_WITH_MASKING,True,True,42.42
CAP000366,S010,SE01,leaning_right,4,02_data/private_raw/S010/SE01/CAM01/S010_SE01_CAP000366_CAM01.jpg,02_data/private_raw/S010/SE01/CAM02/S010_SE01_CAP000366_CAM02.jpg,CAL_008,right,controlled,USABLE,USABLE,INCLUDE_3D_FULL,True,True,37.98
CAP000367,S010,SE01,slouching,5,02_data/private_raw/S010/SE01/CAM01/S010_SE01_CAP000367_CAM01.jpg,02_data/private_raw/S010/SE01/CAM02/S010_SE01_CAP000367_CAM02.jpg,CAL_008,right,controlled,USABLE,USABLE,INCLUDE_3D_WITH_MASKING,True,True,22.16
CAP000368,S010,SE01,slouching,5,02_data/private_raw/S010/SE01/CAM01/S010_SE01_CAP000368_CAM01.jpg,02_data/private_raw/S010/SE01/CAM02/S010_SE01_CAP000368_CAM02.jpg,CAL_008,right,controlled,USABLE,USABLE,INCLUDE_3D_WITH_MASKING,True,True,23.71
CAP000369,S010,SE01,slouching,5,02_data/private_raw/S010/SE01/CAM01/S010_SE01_CAP000369_CAM01.jpg,02_data/private_raw/S010/SE01/CAM02/S010_SE01_CAP000369_CAM02.jpg,CAL_008,right,controlled,USABLE,USABLE,INCLUDE_3D_WITH_MASKING,True,True,22.78
CAP000370,S010,SE01,slouching,5,02_data/private_raw/S010/SE01/CAM01/S010_SE01_CAP000370_CAM01.jpg,02_data/private_raw/S010/SE01/CAM02/S010_SE01_CAP000370_CAM02.jpg,CAL_008,right,controlled,USABLE,USABLE,INCLUDE_3D_WITH_MASKING,True,True,22.25
CAP000371,S010,SE01,slouching,5,02_data/private_raw/S010/SE01/CAM01/S010_SE01_CAP000371_CAM01.jpg,02_data/private_raw/S010/SE01/CAM02/S010_SE01_CAP000371_CAM02.jpg,CAL_008,right,controlled,USABLE,USABLE,INCLUDE_3D_FULL,True,True,29.92
CAP000379,S011,SE01,upright,0,02_data/private_raw/S011/SE01/CAM01/S011_SE01_CAP000379_CAM01.jpg,02_data/private_raw/S011/SE01/CAM02/S011_SE01_CAP000379_CAM02.jpg,CAL_009,right,controlled,USABLE,USABLE,INCLUDE_3D_FULL,True,True,23.14
CAP000381,S011,SE01,upright,0,02_data/private_raw/S011/SE01/CAM01/S011_SE01_CAP000381_CAM01.jpg,02_data/private_raw/S011/SE01/CAM02/S011_SE01_CAP000381_CAM02.jpg,CAL_009,right,controlled,USABLE,USABLE,INCLUDE_3D_FULL,True,True,22.96
CAP000382,S011,SE01,upright,0,02_data/private_raw/S011/SE01/CAM01/S011_SE01_CAP000382_CAM01.jpg,02_data/private_raw/S011/SE01/CAM02/S011_SE01_CAP000382_CAM02.jpg,CAL_009,right,controlled,USABLE,USABLE,INCLUDE_3D_FULL,True,True,23.19
CAP000383,S011,SE01,upright,0,02_data/private_raw/S011/SE01/CAM01/S011_SE01_CAP000383_CAM01.jpg,02_data/private_raw/S011/SE01/CAM02/S011_SE01_CAP000383_CAM02.jpg,CAL_009,right,controlled,USABLE,USABLE,INCLUDE_3D_FULL,True,True,23.32
CAP000384,S011,SE01,leaning_forward,1,02_data/private_raw/S011/SE01/CAM01/S011_SE01_CAP000384_CAM01.jpg,02_data/private_raw/S011/SE01/CAM02/S011_SE01_CAP000384_CAM02.jpg,CAL_009,right,controlled,USABLE,USABLE,INCLUDE_3D_FULL,True,True,23.84
CAP000388,S011,SE01,leaning_forward,1,02_data/private_raw/S011/SE01/CAM01/S011_SE01_CAP000388_CAM01.jpg,02_data/private_raw/S011/SE01/CAM02/S011_SE01_CAP000388_CAM02.jpg,CAL_009,right,controlled,USABLE,USABLE,INCLUDE_3D_FULL,True,True,21.69
CAP000389,S011,SE01,leaning_backward,2,02_data/private_raw/S011/SE01/CAM01/S011_SE01_CAP000389_CAM01.jpg,02_data/private_raw/S011/SE01/CAM02/S011_SE01_CAP000389_CAM02.jpg,CAL_009,right,controlled,USABLE,USABLE,INCLUDE_3D_FULL,True,True,39.6
CAP000390,S011,SE01,leaning_backward,2,02_data/private_raw/S011/SE01/CAM01/S011_SE01_CAP000390_CAM01.jpg,02_data/private_raw/S011/SE01/CAM02/S011_SE01_CAP000390_CAM02.jpg,CAL_009,right,controlled,USABLE,USABLE,INCLUDE_3D_FULL,True,True,38.15
CAP000391,S011,SE01,leaning_backward,2,02_data/private_raw/S011/SE01/CAM01/S011_SE01_CAP000391_CAM01.jpg,02_data/private_raw/S011/SE01/CAM02/S011_SE01_CAP000391_CAM02.jpg,CAL_009,right,controlled,USABLE,USABLE,INCLUDE_3D_FULL,True,True,37.89
CAP000392,S011,SE01,leaning_backward,2,02_data/private_raw/S011/SE01/CAM01/S011_SE01_CAP000392_CAM01.jpg,02_data/private_raw/S011/SE01/CAM02/S011_SE01_CAP000392_CAM02.jpg,CAL_009,right,controlled,USABLE,USABLE,INCLUDE_3D_FULL,True,True,37.64
CAP000393,S011,SE01,leaning_backward,2,02_data/private_raw/S011/SE01/CAM01/S011_SE01_CAP000393_CAM01.jpg,02_data/private_raw/S011/SE01/CAM02/S011_SE01_CAP000393_CAM02.jpg,CAL_009,right,controlled,USABLE,USABLE,INCLUDE_3D_FULL,True,True,37.95
CAP000394,S011,SE01,leaning_left,3,02_data/private_raw/S011/SE01/CAM01/S011_SE01_CAP000394_CAM01.jpg,02_data/private_raw/S011/SE01/CAM02/S011_SE01_CAP000394_CAM02.jpg,CAL_009,right,controlled,USABLE,USABLE,INCLUDE_3D_FULL,True,True,35.68
CAP000395,S011,SE01,leaning_left,3,02_data/private_raw/S011/SE01/CAM01/S011_SE01_CAP000395_CAM01.jpg,02_data/private_raw/S011/SE01/CAM02/S011_SE01_CAP000395_CAM02.jpg,CAL_009,right,controlled,USABLE,USABLE,INCLUDE_3D_FULL,True,True,34.26
CAP000396,S011,SE01,leaning_left,3,02_data/private_raw/S011/SE01/CAM01/S011_SE01_CAP000396_CAM01.jpg,02_data/private_raw/S011/SE01/CAM02/S011_SE01_CAP000396_CAM02.jpg,CAL_009,right,controlled,USABLE,USABLE,INCLUDE_3D_FULL,True,True,33.61
CAP000397,S011,SE01,leaning_left,3,02_data/private_raw/S011/SE01/CAM01/S011_SE01_CAP000397_CAM01.jpg,02_data/private_raw/S011/SE01/CAM02/S011_SE01_CAP000397_CAM02.jpg,CAL_009,right,controlled,USABLE,USABLE,INCLUDE_3D_FULL,True,True,32.96
CAP000398,S011,SE01,leaning_left,3,02_data/private_raw/S011/SE01/CAM01/S011_SE01_CAP000398_CAM01.jpg,02_data/private_raw/S011/SE01/CAM02/S011_SE01_CAP000398_CAM02.jpg,CAL_009,right,controlled,USABLE,USABLE,INCLUDE_3D_FULL,True,True,33.67
CAP000404,S011,SE01,slouching,5,02_data/private_raw/S011/SE01/CAM01/S011_SE01_CAP000404_CAM01.jpg,02_data/private_raw/S011/SE01/CAM02/S011_SE01_CAP000404_CAM02.jpg,CAL_009,right,controlled,USABLE,USABLE,INCLUDE_3D_FULL,True,True,20.2
CAP000405,S011,SE01,slouching,5,02_data/private_raw/S011/SE01/CAM01/S011_SE01_CAP000405_CAM01.jpg,02_data/private_raw/S011/SE01/CAM02/S011_SE01_CAP000405_CAM02.jpg,CAL_009,right,controlled,USABLE,USABLE,INCLUDE_3D_FULL,True,True,20.03
CAP000406,S011,SE01,slouching,5,02_data/private_raw/S011/SE01/CAM01/S011_SE01_CAP000406_CAM01.jpg,02_data/private_raw/S011/SE01/CAM02/S011_SE01_CAP000406_CAM02.jpg,CAL_009,right,controlled,USABLE,USABLE,INCLUDE_3D_FULL,True,True,20.23
CAP000407,S011,SE01,slouching,5,02_data/private_raw/S011/SE01/CAM01/S011_SE01_CAP000407_CAM01.jpg,02_data/private_raw/S011/SE01/CAM02/S011_SE01_CAP000407_CAM02.jpg,CAL_009,right,controlled,USABLE,USABLE,INCLUDE_3D_FULL,True,True,19.74
CAP000408,S011,SE01,slouching,5,02_data/private_raw/S011/SE01/CAM01/S011_SE01_CAP000408_CAM01.jpg,02_data/private_raw/S011/SE01/CAM02/S011_SE01_CAP000408_CAM02.jpg,CAL_009,right,controlled,USABLE,USABLE,INCLUDE_3D_FULL,True,True,20.01
CAP000416,S012,SE01,upright,0,02_data/private_raw/S012/SE01/CAM01/S012_SE01_CAP000416_CAM01.jpg,02_data/private_raw/S012/SE01/CAM02/S012_SE01_CAP000416_CAM02.jpg,CAL_009,right,controlled,USABLE,USABLE,INCLUDE_3D_FULL,True,True,18.16
CAP000417,S012,SE01,upright,0,02_data/private_raw/S012/SE01/CAM01/S012_SE01_CAP000417_CAM01.jpg,02_data/private_raw/S012/SE01/CAM02/S012_SE01_CAP000417_CAM02.jpg,CAL_009,right,controlled,USABLE,USABLE,INCLUDE_3D_FULL,True,True,17.54
CAP000418,S012,SE01,upright,0,02_data/private_raw/S012/SE01/CAM01/S012_SE01_CAP000418_CAM01.jpg,02_data/private_raw/S012/SE01/CAM02/S012_SE01_CAP000418_CAM02.jpg,CAL_009,right,controlled,USABLE,USABLE,INCLUDE_3D_FULL,True,True,18.82
CAP000419,S012,SE01,upright,0,02_data/private_raw/S012/SE01/CAM01/S012_SE01_CAP000419_CAM01.jpg,02_data/private_raw/S012/SE01/CAM02/S012_SE01_CAP000419_CAM02.jpg,CAL_009,right,controlled,USABLE,USABLE,INCLUDE_3D_FULL,True,True,18.96
CAP000420,S012,SE01,upright,0,02_data/private_raw/S012/SE01/CAM01/S012_SE01_CAP000420_CAM01.jpg,02_data/private_raw/S012/SE01/CAM02/S012_SE01_CAP000420_CAM02.jpg,CAL_009,right,controlled,USABLE,USABLE,INCLUDE_3D_FULL,True,True,20.32
CAP000421,S012,SE01,leaning_forward,1,02_data/private_raw/S012/SE01/CAM01/S012_SE01_CAP000421_CAM01.jpg,02_data/private_raw/S012/SE01/CAM02/S012_SE01_CAP000421_CAM02.jpg,CAL_009,right,controlled,USABLE,USABLE,INCLUDE_3D_FULL,True,True,16.07
CAP000422,S012,SE01,leaning_forward,1,02_data/private_raw/S012/SE01/CAM01/S012_SE01_CAP000422_CAM01.jpg,02_data/private_raw/S012/SE01/CAM02/S012_SE01_CAP000422_CAM02.jpg,CAL_009,right,controlled,USABLE,USABLE,INCLUDE_3D_FULL,True,True,19.3
CAP000423,S012,SE01,leaning_forward,1,02_data/private_raw/S012/SE01/CAM01/S012_SE01_CAP000423_CAM01.jpg,02_data/private_raw/S012/SE01/CAM02/S012_SE01_CAP000423_CAM02.jpg,CAL_009,right,controlled,USABLE,USABLE,INCLUDE_3D_FULL,True,True,16.36
CAP000424,S012,SE01,leaning_forward,1,02_data/private_raw/S012/SE01/CAM01/S012_SE01_CAP000424_CAM01.jpg,02_data/private_raw/S012/SE01/CAM02/S012_SE01_CAP000424_CAM02.jpg,CAL_009,right,controlled,USABLE,USABLE,INCLUDE_3D_FULL,True,True,16.02
CAP000425,S012,SE01,leaning_forward,1,02_data/private_raw/S012/SE01/CAM01/S012_SE01_CAP000425_CAM01.jpg,02_data/private_raw/S012/SE01/CAM02/S012_SE01_CAP000425_CAM02.jpg,CAL_009,right,controlled,USABLE,USABLE,INCLUDE_3D_FULL,True,True,15.95
CAP000426,S012,SE01,leaning_backward,2,02_data/private_raw/S012/SE01/CAM01/S012_SE01_CAP000426_CAM01.jpg,02_data/private_raw/S012/SE01/CAM02/S012_SE01_CAP000426_CAM02.jpg,CAL_009,right,controlled,USABLE,USABLE,INCLUDE_3D_FULL,True,True,38.52
CAP000427,S012,SE01,leaning_backward,2,02_data/private_raw/S012/SE01/CAM01/S012_SE01_CAP000427_CAM01.jpg,02_data/private_raw/S012/SE01/CAM02/S012_SE01_CAP000427_CAM02.jpg,CAL_009,right,controlled,USABLE,USABLE,INCLUDE_3D_FULL,True,True,38.72
CAP000428,S012,SE01,leaning_backward,2,02_data/private_raw/S012/SE01/CAM01/S012_SE01_CAP000428_CAM01.jpg,02_data/private_raw/S012/SE01/CAM02/S012_SE01_CAP000428_CAM02.jpg,CAL_009,right,controlled,USABLE,USABLE,INCLUDE_3D_FULL,True,True,39.62
CAP000429,S012,SE01,leaning_backward,2,02_data/private_raw/S012/SE01/CAM01/S012_SE01_CAP000429_CAM01.jpg,02_data/private_raw/S012/SE01/CAM02/S012_SE01_CAP000429_CAM02.jpg,CAL_009,right,controlled,USABLE,USABLE,INCLUDE_3D_FULL,True,True,39.23
CAP000430,S012,SE01,leaning_backward,2,02_data/private_raw/S012/SE01/CAM01/S012_SE01_CAP000430_CAM01.jpg,02_data/private_raw/S012/SE01/CAM02/S012_SE01_CAP000430_CAM02.jpg,CAL_009,right,controlled,USABLE,USABLE,INCLUDE_3D_FULL,True,True,41.11
CAP000432,S012,SE01,leaning_left,3,02_data/private_raw/S012/SE01/CAM01/S012_SE01_CAP000432_CAM01.jpg,02_data/private_raw/S012/SE01/CAM02/S012_SE01_CAP000432_CAM02.jpg,CAL_009,right,controlled,USABLE,USABLE,INCLUDE_3D_FULL,True,True,36.45
CAP000433,S012,SE01,leaning_left,3,02_data/private_raw/S012/SE01/CAM01/S012_SE01_CAP000433_CAM01.jpg,02_data/private_raw/S012/SE01/CAM02/S012_SE01_CAP000433_CAM02.jpg,CAL_009,right,controlled,USABLE,USABLE,INCLUDE_3D_FULL,True,True,35.9
CAP000434,S012,SE01,leaning_left,3,02_data/private_raw/S012/SE01/CAM01/S012_SE01_CAP000434_CAM01.jpg,02_data/private_raw/S012/SE01/CAM02/S012_SE01_CAP000434_CAM02.jpg,CAL_009,right,controlled,USABLE,USABLE,INCLUDE_3D_FULL,True,True,35.85
CAP000435,S012,SE01,leaning_left,3,02_data/private_raw/S012/SE01/CAM01/S012_SE01_CAP000435_CAM01.jpg,02_data/private_raw/S012/SE01/CAM02/S012_SE01_CAP000435_CAM02.jpg,CAL_009,right,controlled,USABLE,USABLE,INCLUDE_3D_FULL,True,True,35.37
CAP000436,S012,SE01,leaning_right,4,02_data/private_raw/S012/SE01/CAM01/S012_SE01_CAP000436_CAM01.jpg,02_data/private_raw/S012/SE01/CAM02/S012_SE01_CAP000436_CAM02.jpg,CAL_009,right,controlled,USABLE,USABLE,INCLUDE_3D_FULL,True,True,21.65
CAP000437,S012,SE01,leaning_right,4,02_data/private_raw/S012/SE01/CAM01/S012_SE01_CAP000437_CAM01.jpg,02_data/private_raw/S012/SE01/CAM02/S012_SE01_CAP000437_CAM02.jpg,CAL_009,right,controlled,USABLE,USABLE,INCLUDE_3D_FULL,True,True,21.03
CAP000438,S012,SE01,leaning_right,4,02_data/private_raw/S012/SE01/CAM01/S012_SE01_CAP000438_CAM01.jpg,02_data/private_raw/S012/SE01/CAM02/S012_SE01_CAP000438_CAM02.jpg,CAL_009,right,controlled,USABLE,USABLE,INCLUDE_3D_FULL,True,True,21.76
CAP000439,S012,SE01,leaning_right,4,02_data/private_raw/S012/SE01/CAM01/S012_SE01_CAP000439_CAM01.jpg,02_data/private_raw/S012/SE01/CAM02/S012_SE01_CAP000439_CAM02.jpg,CAL_009,right,controlled,USABLE,USABLE,INCLUDE_3D_FULL,True,True,21.42
CAP000440,S012,SE01,leaning_right,4,02_data/private_raw/S012/SE01/CAM01/S012_SE01_CAP000440_CAM01.jpg,02_data/private_raw/S012/SE01/CAM02/S012_SE01_CAP000440_CAM02.jpg,CAL_009,right,controlled,USABLE,USABLE,INCLUDE_3D_FULL,True,True,21.61
CAP000441,S012,SE01,slouching,5,02_data/private_raw/S012/SE01/CAM01/S012_SE01_CAP000441_CAM01.jpg,02_data/private_raw/S012/SE01/CAM02/S012_SE01_CAP000441_CAM02.jpg,CAL_009,right,controlled,USABLE,USABLE,INCLUDE_3D_FULL,True,True,22.98
CAP000442,S012,SE01,slouching,5,02_data/private_raw/S012/SE01/CAM01/S012_SE01_CAP000442_CAM01.jpg,02_data/private_raw/S012/SE01/CAM02/S012_SE01_CAP000442_CAM02.jpg,CAL_009,right,controlled,USABLE,USABLE,INCLUDE_3D_FULL,True,True,22.15
CAP000443,S012,SE01,slouching,5,02_data/private_raw/S012/SE01/CAM01/S012_SE01_CAP000443_CAM01.jpg,02_data/private_raw/S012/SE01/CAM02/S012_SE01_CAP000443_CAM02.jpg,CAL_009,right,controlled,USABLE,USABLE,INCLUDE_3D_FULL,True,True,22.15
CAP000444,S012,SE01,slouching,5,02_data/private_raw/S012/SE01/CAM01/S012_SE01_CAP000444_CAM01.jpg,02_data/private_raw/S012/SE01/CAM02/S012_SE01_CAP000444_CAM02.jpg,CAL_009,right,controlled,USABLE,USABLE,INCLUDE_3D_FULL,True,True,22.24
CAP000445,S012,SE01,slouching,5,02_data/private_raw/S012/SE01/CAM01/S012_SE01_CAP000445_CAM01.jpg,02_data/private_raw/S012/SE01/CAM02/S012_SE01_CAP000445_CAM02.jpg,CAL_009,right,controlled,USABLE,USABLE,INCLUDE_3D_FULL,True,True,21.62
CAP000453,S013,SE01,upright,0,02_data/private_raw/S013/SE01/CAM01/S013_SE01_CAP000453_CAM01.jpg,02_data/private_raw/S013/SE01/CAM02/S013_SE01_CAP000453_CAM02.jpg,CAL_009,right,controlled,USABLE,USABLE,INCLUDE_3D_FULL,True,True,18.85
CAP000454,S013,SE01,upright,0,02_data/private_raw/S013/SE01/CAM01/S013_SE01_CAP000454_CAM01.jpg,02_data/private_raw/S013/SE01/CAM02/S013_SE01_CAP000454_CAM02.jpg,CAL_009,right,controlled,USABLE,USABLE,INCLUDE_3D_FULL,True,True,17.65
CAP000455,S013,SE01,upright,0,02_data/private_raw/S013/SE01/CAM01/S013_SE01_CAP000455_CAM01.jpg,02_data/private_raw/S013/SE01/CAM02/S013_SE01_CAP000455_CAM02.jpg,CAL_009,right,controlled,USABLE,USABLE,INCLUDE_3D_FULL,True,True,18.81
CAP000456,S013,SE01,upright,0,02_data/private_raw/S013/SE01/CAM01/S013_SE01_CAP000456_CAM01.jpg,02_data/private_raw/S013/SE01/CAM02/S013_SE01_CAP000456_CAM02.jpg,CAL_009,right,controlled,USABLE,USABLE,INCLUDE_3D_FULL,True,True,18.77
CAP000457,S013,SE01,upright,0,02_data/private_raw/S013/SE01/CAM01/S013_SE01_CAP000457_CAM01.jpg,02_data/private_raw/S013/SE01/CAM02/S013_SE01_CAP000457_CAM02.jpg,CAL_009,right,controlled,USABLE,USABLE,INCLUDE_3D_FULL,True,True,16.03
CAP000458,S013,SE01,leaning_forward,1,02_data/private_raw/S013/SE01/CAM01/S013_SE01_CAP000458_CAM01.jpg,02_data/private_raw/S013/SE01/CAM02/S013_SE01_CAP000458_CAM02.jpg,CAL_009,right,controlled,USABLE,USABLE,INCLUDE_3D_FULL,True,True,24.3
CAP000459,S013,SE01,leaning_forward,1,02_data/private_raw/S013/SE01/CAM01/S013_SE01_CAP000459_CAM01.jpg,02_data/private_raw/S013/SE01/CAM02/S013_SE01_CAP000459_CAM02.jpg,CAL_009,right,controlled,USABLE,USABLE,INCLUDE_3D_FULL,True,True,24.85
CAP000460,S013,SE01,leaning_forward,1,02_data/private_raw/S013/SE01/CAM01/S013_SE01_CAP000460_CAM01.jpg,02_data/private_raw/S013/SE01/CAM02/S013_SE01_CAP000460_CAM02.jpg,CAL_009,right,controlled,USABLE,USABLE,INCLUDE_3D_FULL,True,True,33.84
CAP000461,S013,SE01,leaning_forward,1,02_data/private_raw/S013/SE01/CAM01/S013_SE01_CAP000461_CAM01.jpg,02_data/private_raw/S013/SE01/CAM02/S013_SE01_CAP000461_CAM02.jpg,CAL_009,right,controlled,USABLE,USABLE,INCLUDE_3D_FULL,True,True,28.91
CAP000462,S013,SE01,leaning_forward,1,02_data/private_raw/S013/SE01/CAM01/S013_SE01_CAP000462_CAM01.jpg,02_data/private_raw/S013/SE01/CAM02/S013_SE01_CAP000462_CAM02.jpg,CAL_009,right,controlled,USABLE,USABLE,INCLUDE_3D_FULL,True,True,28.48
CAP000463,S013,SE01,leaning_backward,2,02_data/private_raw/S013/SE01/CAM01/S013_SE01_CAP000463_CAM01.jpg,02_data/private_raw/S013/SE01/CAM02/S013_SE01_CAP000463_CAM02.jpg,CAL_009,right,controlled,USABLE,USABLE,INCLUDE_3D_FULL,True,True,21.73
CAP000464,S013,SE01,leaning_backward,2,02_data/private_raw/S013/SE01/CAM01/S013_SE01_CAP000464_CAM01.jpg,02_data/private_raw/S013/SE01/CAM02/S013_SE01_CAP000464_CAM02.jpg,CAL_009,right,controlled,USABLE,USABLE,INCLUDE_3D_FULL,True,True,22.5
CAP000465,S013,SE01,leaning_backward,2,02_data/private_raw/S013/SE01/CAM01/S013_SE01_CAP000465_CAM01.jpg,02_data/private_raw/S013/SE01/CAM02/S013_SE01_CAP000465_CAM02.jpg,CAL_009,right,controlled,USABLE,USABLE,INCLUDE_3D_FULL,True,True,23.79
CAP000466,S013,SE01,leaning_backward,2,02_data/private_raw/S013/SE01/CAM01/S013_SE01_CAP000466_CAM01.jpg,02_data/private_raw/S013/SE01/CAM02/S013_SE01_CAP000466_CAM02.jpg,CAL_009,right,controlled,USABLE,USABLE,INCLUDE_3D_FULL,True,True,21.66
CAP000467,S013,SE01,leaning_left,3,02_data/private_raw/S013/SE01/CAM01/S013_SE01_CAP000467_CAM01.jpg,02_data/private_raw/S013/SE01/CAM02/S013_SE01_CAP000467_CAM02.jpg,CAL_009,right,controlled,USABLE,USABLE,INCLUDE_3D_FULL,True,True,24.95
CAP000468,S013,SE01,leaning_left,3,02_data/private_raw/S013/SE01/CAM01/S013_SE01_CAP000468_CAM01.jpg,02_data/private_raw/S013/SE01/CAM02/S013_SE01_CAP000468_CAM02.jpg,CAL_009,right,controlled,USABLE,USABLE,INCLUDE_3D_FULL,True,True,26.33
CAP000469,S013,SE01,leaning_left,3,02_data/private_raw/S013/SE01/CAM01/S013_SE01_CAP000469_CAM01.jpg,02_data/private_raw/S013/SE01/CAM02/S013_SE01_CAP000469_CAM02.jpg,CAL_009,right,controlled,USABLE,USABLE,INCLUDE_3D_FULL,True,True,24.6
CAP000470,S013,SE01,leaning_left,3,02_data/private_raw/S013/SE01/CAM01/S013_SE01_CAP000470_CAM01.jpg,02_data/private_raw/S013/SE01/CAM02/S013_SE01_CAP000470_CAM02.jpg,CAL_009,right,controlled,USABLE,USABLE,INCLUDE_3D_FULL,True,True,26.46
CAP000471,S013,SE01,leaning_left,3,02_data/private_raw/S013/SE01/CAM01/S013_SE01_CAP000471_CAM01.jpg,02_data/private_raw/S013/SE01/CAM02/S013_SE01_CAP000471_CAM02.jpg,CAL_009,right,controlled,USABLE,USABLE,INCLUDE_3D_FULL,True,True,23.5
CAP000472,S013,SE01,leaning_right,4,02_data/private_raw/S013/SE01/CAM01/S013_SE01_CAP000472_CAM01.jpg,02_data/private_raw/S013/SE01/CAM02/S013_SE01_CAP000472_CAM02.jpg,CAL_009,right,controlled,USABLE,USABLE,INCLUDE_3D_FULL,True,True,24.83
CAP000473,S013,SE01,leaning_right,4,02_data/private_raw/S013/SE01/CAM01/S013_SE01_CAP000473_CAM01.jpg,02_data/private_raw/S013/SE01/CAM02/S013_SE01_CAP000473_CAM02.jpg,CAL_009,right,controlled,USABLE,USABLE,INCLUDE_3D_FULL,True,True,21.54
CAP000474,S013,SE01,leaning_right,4,02_data/private_raw/S013/SE01/CAM01/S013_SE01_CAP000474_CAM01.jpg,02_data/private_raw/S013/SE01/CAM02/S013_SE01_CAP000474_CAM02.jpg,CAL_009,right,controlled,USABLE,USABLE,INCLUDE_3D_FULL,True,True,20.88
CAP000475,S013,SE01,leaning_right,4,02_data/private_raw/S013/SE01/CAM01/S013_SE01_CAP000475_CAM01.jpg,02_data/private_raw/S013/SE01/CAM02/S013_SE01_CAP000475_CAM02.jpg,CAL_009,right,controlled,USABLE,USABLE,INCLUDE_3D_FULL,True,True,20.76
CAP000476,S013,SE01,leaning_right,4,02_data/private_raw/S013/SE01/CAM01/S013_SE01_CAP000476_CAM01.jpg,02_data/private_raw/S013/SE01/CAM02/S013_SE01_CAP000476_CAM02.jpg,CAL_009,right,controlled,USABLE,USABLE,INCLUDE_3D_FULL,True,True,21.52
CAP000477,S013,SE01,slouching,5,02_data/private_raw/S013/SE01/CAM01/S013_SE01_CAP000477_CAM01.jpg,02_data/private_raw/S013/SE01/CAM02/S013_SE01_CAP000477_CAM02.jpg,CAL_009,right,controlled,USABLE,USABLE,INCLUDE_3D_FULL,True,True,17.26
CAP000478,S013,SE01,slouching,5,02_data/private_raw/S013/SE01/CAM01/S013_SE01_CAP000478_CAM01.jpg,02_data/private_raw/S013/SE01/CAM02/S013_SE01_CAP000478_CAM02.jpg,CAL_009,right,controlled,USABLE,USABLE,INCLUDE_3D_FULL,True,True,20.2
CAP000479,S013,SE01,slouching,5,02_data/private_raw/S013/SE01/CAM01/S013_SE01_CAP000479_CAM01.jpg,02_data/private_raw/S013/SE01/CAM02/S013_SE01_CAP000479_CAM02.jpg,CAL_009,right,controlled,USABLE,USABLE,INCLUDE_3D_FULL,True,True,17.52
CAP000480,S013,SE01,slouching,5,02_data/private_raw/S013/SE01/CAM01/S013_SE01_CAP000480_CAM01.jpg,02_data/private_raw/S013/SE01/CAM02/S013_SE01_CAP000480_CAM02.jpg,CAL_009,right,controlled,USABLE,USABLE,INCLUDE_3D_FULL,True,True,17.95
CAP000481,S013,SE01,slouching,5,02_data/private_raw/S013/SE01/CAM01/S013_SE01_CAP000481_CAM01.jpg,02_data/private_raw/S013/SE01/CAM02/S013_SE01_CAP000481_CAM02.jpg,CAL_009,right,controlled,USABLE,USABLE,INCLUDE_3D_FULL,True,True,18.9
CAP000488,S014,SE01,upright,0,02_data/private_raw/S014/SE01/CAM01/S014_SE01_CAP000488_CAM01.jpg,02_data/private_raw/S014/SE01/CAM02/S014_SE01_CAP000488_CAM02.jpg,CAL_009,right,controlled,USABLE,USABLE,INCLUDE_3D_FULL,True,True,24.69
CAP000489,S014,SE01,upright,0,02_data/private_raw/S014/SE01/CAM01/S014_SE01_CAP000489_CAM01.jpg,02_data/private_raw/S014/SE01/CAM02/S014_SE01_CAP000489_CAM02.jpg,CAL_009,right,controlled,USABLE,USABLE,INCLUDE_3D_FULL,True,True,23.46
CAP000490,S014,SE01,upright,0,02_data/private_raw/S014/SE01/CAM01/S014_SE01_CAP000490_CAM01.jpg,02_data/private_raw/S014/SE01/CAM02/S014_SE01_CAP000490_CAM02.jpg,CAL_009,right,controlled,USABLE,USABLE,INCLUDE_3D_FULL,True,True,24.48
CAP000491,S014,SE01,upright,0,02_data/private_raw/S014/SE01/CAM01/S014_SE01_CAP000491_CAM01.jpg,02_data/private_raw/S014/SE01/CAM02/S014_SE01_CAP000491_CAM02.jpg,CAL_009,right,controlled,USABLE,USABLE,INCLUDE_3D_FULL,True,True,18.24
CAP000492,S014,SE01,upright,0,02_data/private_raw/S014/SE01/CAM01/S014_SE01_CAP000492_CAM01.jpg,02_data/private_raw/S014/SE01/CAM02/S014_SE01_CAP000492_CAM02.jpg,CAL_009,right,controlled,USABLE,USABLE,INCLUDE_3D_FULL,True,True,21.85
CAP000493,S014,SE01,leaning_forward,1,02_data/private_raw/S014/SE01/CAM01/S014_SE01_CAP000493_CAM01.jpg,02_data/private_raw/S014/SE01/CAM02/S014_SE01_CAP000493_CAM02.jpg,CAL_009,right,controlled,USABLE,USABLE,INCLUDE_3D_FULL,True,True,11.12
CAP000494,S014,SE01,leaning_forward,1,02_data/private_raw/S014/SE01/CAM01/S014_SE01_CAP000494_CAM01.jpg,02_data/private_raw/S014/SE01/CAM02/S014_SE01_CAP000494_CAM02.jpg,CAL_009,right,controlled,USABLE,USABLE,INCLUDE_3D_FULL,True,True,11.37
CAP000495,S014,SE01,leaning_forward,1,02_data/private_raw/S014/SE01/CAM01/S014_SE01_CAP000495_CAM01.jpg,02_data/private_raw/S014/SE01/CAM02/S014_SE01_CAP000495_CAM02.jpg,CAL_009,right,controlled,USABLE,USABLE,INCLUDE_3D_FULL,True,True,11.12
CAP000496,S014,SE01,leaning_forward,1,02_data/private_raw/S014/SE01/CAM01/S014_SE01_CAP000496_CAM01.jpg,02_data/private_raw/S014/SE01/CAM02/S014_SE01_CAP000496_CAM02.jpg,CAL_009,right,controlled,USABLE,USABLE,INCLUDE_3D_FULL,True,True,15.37
CAP000497,S014,SE01,leaning_backward,2,02_data/private_raw/S014/SE01/CAM01/S014_SE01_CAP000497_CAM01.jpg,02_data/private_raw/S014/SE01/CAM02/S014_SE01_CAP000497_CAM02.jpg,CAL_009,right,controlled,USABLE,USABLE,INCLUDE_3D_FULL,True,True,29.76
CAP000498,S014,SE01,leaning_backward,2,02_data/private_raw/S014/SE01/CAM01/S014_SE01_CAP000498_CAM01.jpg,02_data/private_raw/S014/SE01/CAM02/S014_SE01_CAP000498_CAM02.jpg,CAL_009,right,controlled,USABLE,USABLE,INCLUDE_3D_FULL,True,True,27.38
CAP000499,S014,SE01,leaning_backward,2,02_data/private_raw/S014/SE01/CAM01/S014_SE01_CAP000499_CAM01.jpg,02_data/private_raw/S014/SE01/CAM02/S014_SE01_CAP000499_CAM02.jpg,CAL_009,right,controlled,USABLE,USABLE,INCLUDE_3D_FULL,True,True,27.44
CAP000500,S014,SE01,leaning_backward,2,02_data/private_raw/S014/SE01/CAM01/S014_SE01_CAP000500_CAM01.jpg,02_data/private_raw/S014/SE01/CAM02/S014_SE01_CAP000500_CAM02.jpg,CAL_009,right,controlled,USABLE,USABLE,INCLUDE_3D_FULL,True,True,26.35
CAP000501,S014,SE01,leaning_backward,2,02_data/private_raw/S014/SE01/CAM01/S014_SE01_CAP000501_CAM01.jpg,02_data/private_raw/S014/SE01/CAM02/S014_SE01_CAP000501_CAM02.jpg,CAL_009,right,controlled,USABLE,USABLE,INCLUDE_3D_FULL,True,True,25.22
CAP000502,S014,SE01,leaning_left,3,02_data/private_raw/S014/SE01/CAM01/S014_SE01_CAP000502_CAM01.jpg,02_data/private_raw/S014/SE01/CAM02/S014_SE01_CAP000502_CAM02.jpg,CAL_009,right,controlled,USABLE,USABLE,INCLUDE_3D_FULL,True,True,30.5
CAP000503,S014,SE01,leaning_left,3,02_data/private_raw/S014/SE01/CAM01/S014_SE01_CAP000503_CAM01.jpg,02_data/private_raw/S014/SE01/CAM02/S014_SE01_CAP000503_CAM02.jpg,CAL_009,right,controlled,USABLE,USABLE,INCLUDE_3D_FULL,True,True,30.37
CAP000504,S014,SE01,leaning_left,3,02_data/private_raw/S014/SE01/CAM01/S014_SE01_CAP000504_CAM01.jpg,02_data/private_raw/S014/SE01/CAM02/S014_SE01_CAP000504_CAM02.jpg,CAL_009,right,controlled,USABLE,USABLE,INCLUDE_3D_FULL,True,True,29.61
CAP000505,S014,SE01,leaning_left,3,02_data/private_raw/S014/SE01/CAM01/S014_SE01_CAP000505_CAM01.jpg,02_data/private_raw/S014/SE01/CAM02/S014_SE01_CAP000505_CAM02.jpg,CAL_009,right,controlled,USABLE,USABLE,INCLUDE_3D_FULL,True,True,28.48
CAP000506,S014,SE01,leaning_left,3,02_data/private_raw/S014/SE01/CAM01/S014_SE01_CAP000506_CAM01.jpg,02_data/private_raw/S014/SE01/CAM02/S014_SE01_CAP000506_CAM02.jpg,CAL_009,right,controlled,USABLE,USABLE,INCLUDE_3D_FULL,True,True,29.76
CAP000507,S014,SE01,leaning_right,4,02_data/private_raw/S014/SE01/CAM01/S014_SE01_CAP000507_CAM01.jpg,02_data/private_raw/S014/SE01/CAM02/S014_SE01_CAP000507_CAM02.jpg,CAL_009,right,controlled,USABLE,USABLE,INCLUDE_3D_FULL,True,True,18.66
CAP000508,S014,SE01,leaning_right,4,02_data/private_raw/S014/SE01/CAM01/S014_SE01_CAP000508_CAM01.jpg,02_data/private_raw/S014/SE01/CAM02/S014_SE01_CAP000508_CAM02.jpg,CAL_009,right,controlled,USABLE,USABLE,INCLUDE_3D_FULL,True,True,18.43
CAP000509,S014,SE01,leaning_right,4,02_data/private_raw/S014/SE01/CAM01/S014_SE01_CAP000509_CAM01.jpg,02_data/private_raw/S014/SE01/CAM02/S014_SE01_CAP000509_CAM02.jpg,CAL_009,right,controlled,USABLE,USABLE,INCLUDE_3D_FULL,True,True,17.75
CAP000510,S014,SE01,leaning_right,4,02_data/private_raw/S014/SE01/CAM01/S014_SE01_CAP000510_CAM01.jpg,02_data/private_raw/S014/SE01/CAM02/S014_SE01_CAP000510_CAM02.jpg,CAL_009,right,controlled,USABLE,USABLE,INCLUDE_3D_FULL,True,True,19.14
CAP000511,S014,SE01,slouching,5,02_data/private_raw/S014/SE01/CAM01/S014_SE01_CAP000511_CAM01.jpg,02_data/private_raw/S014/SE01/CAM02/S014_SE01_CAP000511_CAM02.jpg,CAL_009,right,controlled,USABLE,USABLE,INCLUDE_3D_FULL,True,True,21.94
CAP000512,S014,SE01,slouching,5,02_data/private_raw/S014/SE01/CAM01/S014_SE01_CAP000512_CAM01.jpg,02_data/private_raw/S014/SE01/CAM02/S014_SE01_CAP000512_CAM02.jpg,CAL_009,right,controlled,USABLE,USABLE,INCLUDE_3D_FULL,True,True,24.65
CAP000513,S014,SE01,slouching,5,02_data/private_raw/S014/SE01/CAM01/S014_SE01_CAP000513_CAM01.jpg,02_data/private_raw/S014/SE01/CAM02/S014_SE01_CAP000513_CAM02.jpg,CAL_009,right,controlled,USABLE,USABLE,INCLUDE_3D_FULL,True,True,22.69
CAP000514,S014,SE01,slouching,5,02_data/private_raw/S014/SE01/CAM01/S014_SE01_CAP000514_CAM01.jpg,02_data/private_raw/S014/SE01/CAM02/S014_SE01_CAP000514_CAM02.jpg,CAL_009,right,controlled,USABLE,USABLE,INCLUDE_3D_FULL,True,True,18.13
CAP000515,S014,SE01,slouching,5,02_data/private_raw/S014/SE01/CAM01/S014_SE01_CAP000515_CAM01.jpg,02_data/private_raw/S014/SE01/CAM02/S014_SE01_CAP000515_CAM02.jpg,CAL_009,right,controlled,USABLE,USABLE,INCLUDE_3D_FULL,True,True,16.51
CAP000523,S015,SE01,upright,0,02_data/private_raw/S015/SE01/CAM01/S015_SE01_CAP000523_CAM01.jpg,02_data/private_raw/S015/SE01/CAM02/S015_SE01_CAP000523_CAM02.jpg,CAL_009,right,controlled,USABLE,USABLE,INCLUDE_3D_FULL,True,True,23.67
CAP000524,S015,SE01,upright,0,02_data/private_raw/S015/SE01/CAM01/S015_SE01_CAP000524_CAM01.jpg,02_data/private_raw/S015/SE01/CAM02/S015_SE01_CAP000524_CAM02.jpg,CAL_009,right,controlled,USABLE,USABLE,INCLUDE_3D_FULL,True,True,23.01
CAP000525,S015,SE01,upright,0,02_data/private_raw/S015/SE01/CAM01/S015_SE01_CAP000525_CAM01.jpg,02_data/private_raw/S015/SE01/CAM02/S015_SE01_CAP000525_CAM02.jpg,CAL_009,right,controlled,USABLE,USABLE,INCLUDE_3D_FULL,True,True,21.81
CAP000526,S015,SE01,upright,0,02_data/private_raw/S015/SE01/CAM01/S015_SE01_CAP000526_CAM01.jpg,02_data/private_raw/S015/SE01/CAM02/S015_SE01_CAP000526_CAM02.jpg,CAL_009,right,controlled,USABLE,USABLE,INCLUDE_3D_FULL,True,True,20.8
CAP000527,S015,SE01,upright,0,02_data/private_raw/S015/SE01/CAM01/S015_SE01_CAP000527_CAM01.jpg,02_data/private_raw/S015/SE01/CAM02/S015_SE01_CAP000527_CAM02.jpg,CAL_009,right,controlled,USABLE,USABLE,INCLUDE_3D_FULL,True,True,22.24
CAP000528,S015,SE01,leaning_forward,1,02_data/private_raw/S015/SE01/CAM01/S015_SE01_CAP000528_CAM01.jpg,02_data/private_raw/S015/SE01/CAM02/S015_SE01_CAP000528_CAM02.jpg,CAL_009,right,controlled,USABLE,USABLE,INCLUDE_3D_FULL,True,True,20.76
CAP000529,S015,SE01,leaning_forward,1,02_data/private_raw/S015/SE01/CAM01/S015_SE01_CAP000529_CAM01.jpg,02_data/private_raw/S015/SE01/CAM02/S015_SE01_CAP000529_CAM02.jpg,CAL_009,right,controlled,USABLE,USABLE,INCLUDE_3D_FULL,True,True,21.15
CAP000530,S015,SE01,leaning_forward,1,02_data/private_raw/S015/SE01/CAM01/S015_SE01_CAP000530_CAM01.jpg,02_data/private_raw/S015/SE01/CAM02/S015_SE01_CAP000530_CAM02.jpg,CAL_009,right,controlled,USABLE,USABLE,INCLUDE_3D_FULL,True,True,21.76
CAP000531,S015,SE01,leaning_forward,1,02_data/private_raw/S015/SE01/CAM01/S015_SE01_CAP000531_CAM01.jpg,02_data/private_raw/S015/SE01/CAM02/S015_SE01_CAP000531_CAM02.jpg,CAL_009,right,controlled,USABLE,USABLE,INCLUDE_3D_FULL,True,True,21.4
CAP000532,S015,SE01,leaning_forward,1,02_data/private_raw/S015/SE01/CAM01/S015_SE01_CAP000532_CAM01.jpg,02_data/private_raw/S015/SE01/CAM02/S015_SE01_CAP000532_CAM02.jpg,CAL_009,right,controlled,USABLE,USABLE,INCLUDE_3D_FULL,True,True,22.58
CAP000533,S015,SE01,leaning_backward,2,02_data/private_raw/S015/SE01/CAM01/S015_SE01_CAP000533_CAM01.jpg,02_data/private_raw/S015/SE01/CAM02/S015_SE01_CAP000533_CAM02.jpg,CAL_009,right,controlled,USABLE,USABLE,INCLUDE_3D_FULL,True,True,24.35
CAP000534,S015,SE01,leaning_backward,2,02_data/private_raw/S015/SE01/CAM01/S015_SE01_CAP000534_CAM01.jpg,02_data/private_raw/S015/SE01/CAM02/S015_SE01_CAP000534_CAM02.jpg,CAL_009,right,controlled,USABLE,USABLE,INCLUDE_3D_FULL,True,True,26.08
CAP000535,S015,SE01,leaning_backward,2,02_data/private_raw/S015/SE01/CAM01/S015_SE01_CAP000535_CAM01.jpg,02_data/private_raw/S015/SE01/CAM02/S015_SE01_CAP000535_CAM02.jpg,CAL_009,right,controlled,USABLE,USABLE,INCLUDE_3D_FULL,True,True,25.87
CAP000536,S015,SE01,leaning_backward,2,02_data/private_raw/S015/SE01/CAM01/S015_SE01_CAP000536_CAM01.jpg,02_data/private_raw/S015/SE01/CAM02/S015_SE01_CAP000536_CAM02.jpg,CAL_009,right,controlled,USABLE,USABLE,INCLUDE_3D_FULL,True,True,27.39
CAP000537,S015,SE01,leaning_backward,2,02_data/private_raw/S015/SE01/CAM01/S015_SE01_CAP000537_CAM01.jpg,02_data/private_raw/S015/SE01/CAM02/S015_SE01_CAP000537_CAM02.jpg,CAL_009,right,controlled,USABLE,USABLE,INCLUDE_3D_FULL,True,True,26.85
CAP000538,S015,SE01,leaning_left,3,02_data/private_raw/S015/SE01/CAM01/S015_SE01_CAP000538_CAM01.jpg,02_data/private_raw/S015/SE01/CAM02/S015_SE01_CAP000538_CAM02.jpg,CAL_009,right,controlled,USABLE,USABLE,INCLUDE_3D_FULL,True,True,35.16
CAP000539,S015,SE01,leaning_left,3,02_data/private_raw/S015/SE01/CAM01/S015_SE01_CAP000539_CAM01.jpg,02_data/private_raw/S015/SE01/CAM02/S015_SE01_CAP000539_CAM02.jpg,CAL_009,right,controlled,USABLE,USABLE,INCLUDE_3D_FULL,True,True,34.09
CAP000540,S015,SE01,leaning_left,3,02_data/private_raw/S015/SE01/CAM01/S015_SE01_CAP000540_CAM01.jpg,02_data/private_raw/S015/SE01/CAM02/S015_SE01_CAP000540_CAM02.jpg,CAL_009,right,controlled,USABLE,USABLE,INCLUDE_3D_FULL,True,True,34.54
CAP000541,S015,SE01,leaning_left,3,02_data/private_raw/S015/SE01/CAM01/S015_SE01_CAP000541_CAM01.jpg,02_data/private_raw/S015/SE01/CAM02/S015_SE01_CAP000541_CAM02.jpg,CAL_009,right,controlled,USABLE,USABLE,INCLUDE_3D_FULL,True,True,35.29
CAP000542,S015,SE01,leaning_left,3,02_data/private_raw/S015/SE01/CAM01/S015_SE01_CAP000542_CAM01.jpg,02_data/private_raw/S015/SE01/CAM02/S015_SE01_CAP000542_CAM02.jpg,CAL_009,right,controlled,USABLE,USABLE,INCLUDE_3D_FULL,True,True,35.75
CAP000543,S015,SE01,leaning_right,4,02_data/private_raw/S015/SE01/CAM01/S015_SE01_CAP000543_CAM01.jpg,02_data/private_raw/S015/SE01/CAM02/S015_SE01_CAP000543_CAM02.jpg,CAL_009,right,controlled,USABLE,USABLE,INCLUDE_3D_FULL,True,True,15.14
CAP000544,S015,SE01,leaning_right,4,02_data/private_raw/S015/SE01/CAM01/S015_SE01_CAP000544_CAM01.jpg,02_data/private_raw/S015/SE01/CAM02/S015_SE01_CAP000544_CAM02.jpg,CAL_009,right,controlled,USABLE,USABLE,INCLUDE_3D_FULL,True,True,15.11
CAP000545,S015,SE01,leaning_right,4,02_data/private_raw/S015/SE01/CAM01/S015_SE01_CAP000545_CAM01.jpg,02_data/private_raw/S015/SE01/CAM02/S015_SE01_CAP000545_CAM02.jpg,CAL_009,right,controlled,USABLE,USABLE,INCLUDE_3D_FULL,True,True,18.12
CAP000546,S015,SE01,leaning_right,4,02_data/private_raw/S015/SE01/CAM01/S015_SE01_CAP000546_CAM01.jpg,02_data/private_raw/S015/SE01/CAM02/S015_SE01_CAP000546_CAM02.jpg,CAL_009,right,controlled,USABLE,USABLE,INCLUDE_3D_FULL,True,True,19.69
CAP000547,S015,SE01,leaning_right,4,02_data/private_raw/S015/SE01/CAM01/S015_SE01_CAP000547_CAM01.jpg,02_data/private_raw/S015/SE01/CAM02/S015_SE01_CAP000547_CAM02.jpg,CAL_009,right,controlled,USABLE,USABLE,INCLUDE_3D_FULL,True,True,18.78
CAP000552,S015,SE01,slouching,5,02_data/private_raw/S015/SE01/CAM01/S015_SE01_CAP000552_CAM01.jpg,02_data/private_raw/S015/SE01/CAM02/S015_SE01_CAP000552_CAM02.jpg,CAL_009,right,controlled,USABLE,USABLE,INCLUDE_3D_FULL,True,True,17.94
CAP000561,S016,SE01,upright,0,02_data/private_raw/S016/SE01/CAM01/S016_SE01_CAP000561_CAM01.jpg,02_data/private_raw/S016/SE01/CAM02/S016_SE01_CAP000561_CAM02.jpg,CAL_009,right,controlled,USABLE,USABLE,INCLUDE_3D_FULL,True,True,40.01
CAP000562,S016,SE01,upright,0,02_data/private_raw/S016/SE01/CAM01/S016_SE01_CAP000562_CAM01.jpg,02_data/private_raw/S016/SE01/CAM02/S016_SE01_CAP000562_CAM02.jpg,CAL_009,right,controlled,USABLE,USABLE,INCLUDE_3D_FULL,True,True,39.86
CAP000563,S016,SE01,upright,0,02_data/private_raw/S016/SE01/CAM01/S016_SE01_CAP000563_CAM01.jpg,02_data/private_raw/S016/SE01/CAM02/S016_SE01_CAP000563_CAM02.jpg,CAL_009,right,controlled,USABLE,USABLE,INCLUDE_3D_FULL,True,True,37.09
CAP000564,S016,SE01,upright,0,02_data/private_raw/S016/SE01/CAM01/S016_SE01_CAP000564_CAM01.jpg,02_data/private_raw/S016/SE01/CAM02/S016_SE01_CAP000564_CAM02.jpg,CAL_009,right,controlled,USABLE,USABLE,INCLUDE_3D_FULL,True,True,39.12
CAP000565,S016,SE01,upright,0,02_data/private_raw/S016/SE01/CAM01/S016_SE01_CAP000565_CAM01.jpg,02_data/private_raw/S016/SE01/CAM02/S016_SE01_CAP000565_CAM02.jpg,CAL_009,right,controlled,USABLE,USABLE,INCLUDE_3D_FULL,True,True,39.2
CAP000566,S016,SE01,leaning_forward,1,02_data/private_raw/S016/SE01/CAM01/S016_SE01_CAP000566_CAM01.jpg,02_data/private_raw/S016/SE01/CAM02/S016_SE01_CAP000566_CAM02.jpg,CAL_009,right,controlled,USABLE,USABLE,INCLUDE_3D_FULL,True,True,28.33
CAP000567,S016,SE01,leaning_forward,1,02_data/private_raw/S016/SE01/CAM01/S016_SE01_CAP000567_CAM01.jpg,02_data/private_raw/S016/SE01/CAM02/S016_SE01_CAP000567_CAM02.jpg,CAL_009,right,controlled,USABLE,USABLE,INCLUDE_3D_FULL,True,True,28.62
CAP000568,S016,SE01,leaning_forward,1,02_data/private_raw/S016/SE01/CAM01/S016_SE01_CAP000568_CAM01.jpg,02_data/private_raw/S016/SE01/CAM02/S016_SE01_CAP000568_CAM02.jpg,CAL_009,right,controlled,USABLE,USABLE,INCLUDE_3D_FULL,True,True,28.64
CAP000569,S016,SE01,leaning_forward,1,02_data/private_raw/S016/SE01/CAM01/S016_SE01_CAP000569_CAM01.jpg,02_data/private_raw/S016/SE01/CAM02/S016_SE01_CAP000569_CAM02.jpg,CAL_009,right,controlled,USABLE,USABLE,INCLUDE_3D_FULL,True,True,28.46
CAP000570,S016,SE01,leaning_forward,1,02_data/private_raw/S016/SE01/CAM01/S016_SE01_CAP000570_CAM01.jpg,02_data/private_raw/S016/SE01/CAM02/S016_SE01_CAP000570_CAM02.jpg,CAL_009,right,controlled,USABLE,USABLE,INCLUDE_3D_FULL,True,True,28.36
CAP000571,S016,SE01,leaning_backward,2,02_data/private_raw/S016/SE01/CAM01/S016_SE01_CAP000571_CAM01.jpg,02_data/private_raw/S016/SE01/CAM02/S016_SE01_CAP000571_CAM02.jpg,CAL_009,right,controlled,USABLE,USABLE,INCLUDE_3D_WITH_MASKING,True,True,46.39
CAP000572,S016,SE01,leaning_backward,2,02_data/private_raw/S016/SE01/CAM01/S016_SE01_CAP000572_CAM01.jpg,02_data/private_raw/S016/SE01/CAM02/S016_SE01_CAP000572_CAM02.jpg,CAL_009,right,controlled,USABLE,USABLE,INCLUDE_3D_WITH_MASKING,True,True,46.66
CAP000573,S016,SE01,leaning_backward,2,02_data/private_raw/S016/SE01/CAM01/S016_SE01_CAP000573_CAM01.jpg,02_data/private_raw/S016/SE01/CAM02/S016_SE01_CAP000573_CAM02.jpg,CAL_009,right,controlled,USABLE,USABLE,INCLUDE_3D_WITH_MASKING,True,True,47.27
CAP000574,S016,SE01,leaning_backward,2,02_data/private_raw/S016/SE01/CAM01/S016_SE01_CAP000574_CAM01.jpg,02_data/private_raw/S016/SE01/CAM02/S016_SE01_CAP000574_CAM02.jpg,CAL_009,right,controlled,USABLE,USABLE,INCLUDE_3D_WITH_MASKING,True,True,47.88
CAP000575,S016,SE01,leaning_backward,2,02_data/private_raw/S016/SE01/CAM01/S016_SE01_CAP000575_CAM01.jpg,02_data/private_raw/S016/SE01/CAM02/S016_SE01_CAP000575_CAM02.jpg,CAL_009,right,controlled,USABLE,USABLE,INCLUDE_3D_WITH_MASKING,True,True,47.88
CAP000576,S016,SE01,leaning_left,3,02_data/private_raw/S016/SE01/CAM01/S016_SE01_CAP000576_CAM01.jpg,02_data/private_raw/S016/SE01/CAM02/S016_SE01_CAP000576_CAM02.jpg,CAL_009,right,controlled,USABLE,USABLE,INCLUDE_3D_WITH_MASKING,True,True,47.1
CAP000577,S016,SE01,leaning_left,3,02_data/private_raw/S016/SE01/CAM01/S016_SE01_CAP000577_CAM01.jpg,02_data/private_raw/S016/SE01/CAM02/S016_SE01_CAP000577_CAM02.jpg,CAL_009,right,controlled,USABLE,USABLE,INCLUDE_3D_WITH_MASKING,True,True,45.72
CAP000578,S016,SE01,leaning_left,3,02_data/private_raw/S016/SE01/CAM01/S016_SE01_CAP000578_CAM01.jpg,02_data/private_raw/S016/SE01/CAM02/S016_SE01_CAP000578_CAM02.jpg,CAL_009,right,controlled,USABLE,USABLE,INCLUDE_3D_WITH_MASKING,True,True,46.14
CAP000579,S016,SE01,leaning_left,3,02_data/private_raw/S016/SE01/CAM01/S016_SE01_CAP000579_CAM01.jpg,02_data/private_raw/S016/SE01/CAM02/S016_SE01_CAP000579_CAM02.jpg,CAL_009,right,controlled,USABLE,USABLE,INCLUDE_3D_WITH_MASKING,True,True,46.59
CAP000580,S016,SE01,leaning_left,3,02_data/private_raw/S016/SE01/CAM01/S016_SE01_CAP000580_CAM01.jpg,02_data/private_raw/S016/SE01/CAM02/S016_SE01_CAP000580_CAM02.jpg,CAL_009,right,controlled,USABLE,USABLE,INCLUDE_3D_WITH_MASKING,True,True,46.34
CAP000581,S016,SE01,leaning_right,4,02_data/private_raw/S016/SE01/CAM01/S016_SE01_CAP000581_CAM01.jpg,02_data/private_raw/S016/SE01/CAM02/S016_SE01_CAP000581_CAM02.jpg,CAL_009,right,controlled,USABLE,USABLE,INCLUDE_3D_FULL,True,True,26.39
CAP000582,S016,SE01,leaning_right,4,02_data/private_raw/S016/SE01/CAM01/S016_SE01_CAP000582_CAM01.jpg,02_data/private_raw/S016/SE01/CAM02/S016_SE01_CAP000582_CAM02.jpg,CAL_009,right,controlled,USABLE,USABLE,INCLUDE_3D_FULL,True,True,25.99
CAP000583,S016,SE01,leaning_right,4,02_data/private_raw/S016/SE01/CAM01/S016_SE01_CAP000583_CAM01.jpg,02_data/private_raw/S016/SE01/CAM02/S016_SE01_CAP000583_CAM02.jpg,CAL_009,right,controlled,USABLE,USABLE,INCLUDE_3D_FULL,True,True,29.67
CAP000584,S016,SE01,leaning_right,4,02_data/private_raw/S016/SE01/CAM01/S016_SE01_CAP000584_CAM01.jpg,02_data/private_raw/S016/SE01/CAM02/S016_SE01_CAP000584_CAM02.jpg,CAL_009,right,controlled,USABLE,USABLE,INCLUDE_3D_FULL,True,True,27.83
CAP000585,S016,SE01,leaning_right,4,02_data/private_raw/S016/SE01/CAM01/S016_SE01_CAP000585_CAM01.jpg,02_data/private_raw/S016/SE01/CAM02/S016_SE01_CAP000585_CAM02.jpg,CAL_009,right,controlled,USABLE,USABLE,INCLUDE_3D_FULL,True,True,30.6
CAP000586,S016,SE01,slouching,5,02_data/private_raw/S016/SE01/CAM01/S016_SE01_CAP000586_CAM01.jpg,02_data/private_raw/S016/SE01/CAM02/S016_SE01_CAP000586_CAM02.jpg,CAL_009,right,controlled,USABLE,USABLE,INCLUDE_3D_FULL,True,True,27.61
CAP000587,S016,SE01,slouching,5,02_data/private_raw/S016/SE01/CAM01/S016_SE01_CAP000587_CAM01.jpg,02_data/private_raw/S016/SE01/CAM02/S016_SE01_CAP000587_CAM02.jpg,CAL_009,right,controlled,USABLE,USABLE,INCLUDE_3D_FULL,True,True,28.71
CAP000588,S016,SE01,slouching,5,02_data/private_raw/S016/SE01/CAM01/S016_SE01_CAP000588_CAM01.jpg,02_data/private_raw/S016/SE01/CAM02/S016_SE01_CAP000588_CAM02.jpg,CAL_009,right,controlled,USABLE,USABLE,INCLUDE_3D_FULL,True,True,27.35
CAP000589,S016,SE01,slouching,5,02_data/private_raw/S016/SE01/CAM01/S016_SE01_CAP000589_CAM01.jpg,02_data/private_raw/S016/SE01/CAM02/S016_SE01_CAP000589_CAM02.jpg,CAL_009,right,controlled,USABLE,USABLE,INCLUDE_3D_FULL,True,True,28.97
CAP000590,S016,SE01,slouching,5,02_data/private_raw/S016/SE01/CAM01/S016_SE01_CAP000590_CAM01.jpg,02_data/private_raw/S016/SE01/CAM02/S016_SE01_CAP000590_CAM02.jpg,CAL_009,right,controlled,USABLE,USABLE,INCLUDE_3D_FULL,True,True,28.73
CAP000597,S017,SE01,upright,0,02_data/private_raw/S017/SE01/CAM01/S017_SE01_CAP000597_CAM01.jpg,02_data/private_raw/S017/SE01/CAM02/S017_SE01_CAP000597_CAM02.jpg,CAL_009,right,controlled,USABLE,USABLE,INCLUDE_3D_WITH_MASKING,True,True,18.96
CAP000598,S017,SE01,upright,0,02_data/private_raw/S017/SE01/CAM01/S017_SE01_CAP000598_CAM01.jpg,02_data/private_raw/S017/SE01/CAM02/S017_SE01_CAP000598_CAM02.jpg,CAL_009,right,controlled,USABLE,USABLE,INCLUDE_3D_FULL,True,True,19.11
CAP000599,S017,SE01,upright,0,02_data/private_raw/S017/SE01/CAM01/S017_SE01_CAP000599_CAM01.jpg,02_data/private_raw/S017/SE01/CAM02/S017_SE01_CAP000599_CAM02.jpg,CAL_009,right,controlled,USABLE,USABLE,INCLUDE_3D_FULL,True,True,16.94
CAP000600,S017,SE01,upright,0,02_data/private_raw/S017/SE01/CAM01/S017_SE01_CAP000600_CAM01.jpg,02_data/private_raw/S017/SE01/CAM02/S017_SE01_CAP000600_CAM02.jpg,CAL_009,right,controlled,USABLE,USABLE,INCLUDE_3D_FULL,True,True,17.18
CAP000601,S017,SE01,upright,0,02_data/private_raw/S017/SE01/CAM01/S017_SE01_CAP000601_CAM01.jpg,02_data/private_raw/S017/SE01/CAM02/S017_SE01_CAP000601_CAM02.jpg,CAL_009,right,controlled,USABLE,USABLE,INCLUDE_3D_FULL,True,True,17.1
CAP000603,S017,SE01,leaning_forward,1,02_data/private_raw/S017/SE01/CAM01/S017_SE01_CAP000603_CAM01.jpg,02_data/private_raw/S017/SE01/CAM02/S017_SE01_CAP000603_CAM02.jpg,CAL_009,right,controlled,USABLE,USABLE,INCLUDE_3D_FULL,True,True,15.25
CAP000604,S017,SE01,leaning_forward,1,02_data/private_raw/S017/SE01/CAM01/S017_SE01_CAP000604_CAM01.jpg,02_data/private_raw/S017/SE01/CAM02/S017_SE01_CAP000604_CAM02.jpg,CAL_009,right,controlled,USABLE,USABLE,INCLUDE_3D_FULL,True,True,16.02
CAP000605,S017,SE01,leaning_forward,1,02_data/private_raw/S017/SE01/CAM01/S017_SE01_CAP000605_CAM01.jpg,02_data/private_raw/S017/SE01/CAM02/S017_SE01_CAP000605_CAM02.jpg,CAL_009,right,controlled,USABLE,USABLE,INCLUDE_3D_FULL,True,True,18.02
CAP000606,S017,SE01,leaning_forward,1,02_data/private_raw/S017/SE01/CAM01/S017_SE01_CAP000606_CAM01.jpg,02_data/private_raw/S017/SE01/CAM02/S017_SE01_CAP000606_CAM02.jpg,CAL_009,right,controlled,USABLE,USABLE,INCLUDE_3D_FULL,True,True,20.93
CAP000607,S017,SE01,leaning_backward,2,02_data/private_raw/S017/SE01/CAM01/S017_SE01_CAP000607_CAM01.jpg,02_data/private_raw/S017/SE01/CAM02/S017_SE01_CAP000607_CAM02.jpg,CAL_009,right,controlled,USABLE,USABLE,INCLUDE_3D_FULL,True,True,27.89
CAP000608,S017,SE01,leaning_backward,2,02_data/private_raw/S017/SE01/CAM01/S017_SE01_CAP000608_CAM01.jpg,02_data/private_raw/S017/SE01/CAM02/S017_SE01_CAP000608_CAM02.jpg,CAL_009,right,controlled,USABLE,USABLE,INCLUDE_3D_FULL,True,True,29.77
CAP000609,S017,SE01,leaning_backward,2,02_data/private_raw/S017/SE01/CAM01/S017_SE01_CAP000609_CAM01.jpg,02_data/private_raw/S017/SE01/CAM02/S017_SE01_CAP000609_CAM02.jpg,CAL_009,right,controlled,USABLE,USABLE,INCLUDE_3D_FULL,True,True,28.46
CAP000610,S017,SE01,leaning_backward,2,02_data/private_raw/S017/SE01/CAM01/S017_SE01_CAP000610_CAM01.jpg,02_data/private_raw/S017/SE01/CAM02/S017_SE01_CAP000610_CAM02.jpg,CAL_009,right,controlled,USABLE,USABLE,INCLUDE_3D_FULL,True,True,27.84
CAP000611,S017,SE01,leaning_backward,2,02_data/private_raw/S017/SE01/CAM01/S017_SE01_CAP000611_CAM01.jpg,02_data/private_raw/S017/SE01/CAM02/S017_SE01_CAP000611_CAM02.jpg,CAL_009,right,controlled,USABLE,USABLE,INCLUDE_3D_FULL,True,True,28.33
CAP000612,S017,SE01,leaning_left,3,02_data/private_raw/S017/SE01/CAM01/S017_SE01_CAP000612_CAM01.jpg,02_data/private_raw/S017/SE01/CAM02/S017_SE01_CAP000612_CAM02.jpg,CAL_009,right,controlled,USABLE,USABLE,INCLUDE_3D_FULL,True,True,23.07
CAP000613,S017,SE01,leaning_left,3,02_data/private_raw/S017/SE01/CAM01/S017_SE01_CAP000613_CAM01.jpg,02_data/private_raw/S017/SE01/CAM02/S017_SE01_CAP000613_CAM02.jpg,CAL_009,right,controlled,USABLE,USABLE,INCLUDE_3D_FULL,True,True,25.02
CAP000614,S017,SE01,leaning_left,3,02_data/private_raw/S017/SE01/CAM01/S017_SE01_CAP000614_CAM01.jpg,02_data/private_raw/S017/SE01/CAM02/S017_SE01_CAP000614_CAM02.jpg,CAL_009,right,controlled,USABLE,USABLE,INCLUDE_3D_FULL,True,True,24.79
CAP000615,S017,SE01,leaning_left,3,02_data/private_raw/S017/SE01/CAM01/S017_SE01_CAP000615_CAM01.jpg,02_data/private_raw/S017/SE01/CAM02/S017_SE01_CAP000615_CAM02.jpg,CAL_009,right,controlled,USABLE,USABLE,INCLUDE_3D_FULL,True,True,20.88
CAP000616,S017,SE01,leaning_left,3,02_data/private_raw/S017/SE01/CAM01/S017_SE01_CAP000616_CAM01.jpg,02_data/private_raw/S017/SE01/CAM02/S017_SE01_CAP000616_CAM02.jpg,CAL_009,right,controlled,USABLE,USABLE,INCLUDE_3D_FULL,True,True,22.16
CAP000622,S017,SE01,slouching,5,02_data/private_raw/S017/SE01/CAM01/S017_SE01_CAP000622_CAM01.jpg,02_data/private_raw/S017/SE01/CAM02/S017_SE01_CAP000622_CAM02.jpg,CAL_009,right,controlled,USABLE,USABLE,INCLUDE_3D_FULL,True,True,14.73
CAP000623,S017,SE01,slouching,5,02_data/private_raw/S017/SE01/CAM01/S017_SE01_CAP000623_CAM01.jpg,02_data/private_raw/S017/SE01/CAM02/S017_SE01_CAP000623_CAM02.jpg,CAL_009,right,controlled,USABLE,USABLE,INCLUDE_3D_FULL,True,True,15.39
CAP000624,S017,SE01,slouching,5,02_data/private_raw/S017/SE01/CAM01/S017_SE01_CAP000624_CAM01.jpg,02_data/private_raw/S017/SE01/CAM02/S017_SE01_CAP000624_CAM02.jpg,CAL_009,right,controlled,USABLE,USABLE,INCLUDE_3D_FULL,True,True,14.67
CAP000625,S017,SE01,slouching,5,02_data/private_raw/S017/SE01/CAM01/S017_SE01_CAP000625_CAM01.jpg,02_data/private_raw/S017/SE01/CAM02/S017_SE01_CAP000625_CAM02.jpg,CAL_009,right,controlled,USABLE,USABLE,INCLUDE_3D_FULL,True,True,16.06
CAP000626,S017,SE01,slouching,5,02_data/private_raw/S017/SE01/CAM01/S017_SE01_CAP000626_CAM01.jpg,02_data/private_raw/S017/SE01/CAM02/S017_SE01_CAP000626_CAM02.jpg,CAL_009,right,controlled,USABLE,USABLE,INCLUDE_3D_FULL,True,True,16.01
CAP000633,S018,SE01,upright,0,02_data/private_raw/S018/SE01/CAM01/S018_SE01_CAP000633_CAM01.jpg,02_data/private_raw/S018/SE01/CAM02/S018_SE01_CAP000633_CAM02.jpg,CAL_009,right,controlled,USABLE,USABLE,INCLUDE_3D_FULL,True,True,23.8
CAP000634,S018,SE01,upright,0,02_data/private_raw/S018/SE01/CAM01/S018_SE01_CAP000634_CAM01.jpg,02_data/private_raw/S018/SE01/CAM02/S018_SE01_CAP000634_CAM02.jpg,CAL_009,right,controlled,USABLE,USABLE,INCLUDE_3D_FULL,True,True,21.94
CAP000635,S018,SE01,upright,0,02_data/private_raw/S018/SE01/CAM01/S018_SE01_CAP000635_CAM01.jpg,02_data/private_raw/S018/SE01/CAM02/S018_SE01_CAP000635_CAM02.jpg,CAL_009,right,controlled,USABLE,USABLE,INCLUDE_3D_FULL,True,True,23.34
CAP000636,S018,SE01,upright,0,02_data/private_raw/S018/SE01/CAM01/S018_SE01_CAP000636_CAM01.jpg,02_data/private_raw/S018/SE01/CAM02/S018_SE01_CAP000636_CAM02.jpg,CAL_009,right,controlled,USABLE,USABLE,INCLUDE_3D_FULL,True,True,22.24
CAP000637,S018,SE01,upright,0,02_data/private_raw/S018/SE01/CAM01/S018_SE01_CAP000637_CAM01.jpg,02_data/private_raw/S018/SE01/CAM02/S018_SE01_CAP000637_CAM02.jpg,CAL_009,right,controlled,USABLE,USABLE,INCLUDE_3D_FULL,True,True,23.11
CAP000638,S018,SE01,leaning_forward,1,02_data/private_raw/S018/SE01/CAM01/S018_SE01_CAP000638_CAM01.jpg,02_data/private_raw/S018/SE01/CAM02/S018_SE01_CAP000638_CAM02.jpg,CAL_009,right,controlled,USABLE,USABLE,INCLUDE_3D_FULL,True,True,24.05
CAP000639,S018,SE01,leaning_forward,1,02_data/private_raw/S018/SE01/CAM01/S018_SE01_CAP000639_CAM01.jpg,02_data/private_raw/S018/SE01/CAM02/S018_SE01_CAP000639_CAM02.jpg,CAL_009,right,controlled,USABLE,USABLE,INCLUDE_3D_FULL,True,True,21.6
CAP000640,S018,SE01,leaning_forward,1,02_data/private_raw/S018/SE01/CAM01/S018_SE01_CAP000640_CAM01.jpg,02_data/private_raw/S018/SE01/CAM02/S018_SE01_CAP000640_CAM02.jpg,CAL_009,right,controlled,USABLE,USABLE,INCLUDE_3D_FULL,True,True,26.71
CAP000641,S018,SE01,leaning_forward,1,02_data/private_raw/S018/SE01/CAM01/S018_SE01_CAP000641_CAM01.jpg,02_data/private_raw/S018/SE01/CAM02/S018_SE01_CAP000641_CAM02.jpg,CAL_009,right,controlled,USABLE,USABLE,INCLUDE_3D_FULL,True,True,19.87
CAP000642,S018,SE01,leaning_forward,1,02_data/private_raw/S018/SE01/CAM01/S018_SE01_CAP000642_CAM01.jpg,02_data/private_raw/S018/SE01/CAM02/S018_SE01_CAP000642_CAM02.jpg,CAL_009,right,controlled,USABLE,USABLE,INCLUDE_3D_FULL,True,True,19.08
CAP000643,S018,SE01,leaning_backward,2,02_data/private_raw/S018/SE01/CAM01/S018_SE01_CAP000643_CAM01.jpg,02_data/private_raw/S018/SE01/CAM02/S018_SE01_CAP000643_CAM02.jpg,CAL_009,right,controlled,USABLE,USABLE,INCLUDE_3D_FULL,True,True,36.51
CAP000644,S018,SE01,leaning_backward,2,02_data/private_raw/S018/SE01/CAM01/S018_SE01_CAP000644_CAM01.jpg,02_data/private_raw/S018/SE01/CAM02/S018_SE01_CAP000644_CAM02.jpg,CAL_009,right,controlled,USABLE,USABLE,INCLUDE_3D_FULL,True,True,34.72
CAP000645,S018,SE01,leaning_backward,2,02_data/private_raw/S018/SE01/CAM01/S018_SE01_CAP000645_CAM01.jpg,02_data/private_raw/S018/SE01/CAM02/S018_SE01_CAP000645_CAM02.jpg,CAL_009,right,controlled,USABLE,USABLE,INCLUDE_3D_FULL,True,True,36.33
CAP000646,S018,SE01,leaning_backward,2,02_data/private_raw/S018/SE01/CAM01/S018_SE01_CAP000646_CAM01.jpg,02_data/private_raw/S018/SE01/CAM02/S018_SE01_CAP000646_CAM02.jpg,CAL_009,right,controlled,USABLE,USABLE,INCLUDE_3D_FULL,True,True,36.06
CAP000647,S018,SE01,leaning_backward,2,02_data/private_raw/S018/SE01/CAM01/S018_SE01_CAP000647_CAM01.jpg,02_data/private_raw/S018/SE01/CAM02/S018_SE01_CAP000647_CAM02.jpg,CAL_009,right,controlled,USABLE,USABLE,INCLUDE_3D_FULL,True,True,36.28
CAP000648,S018,SE01,leaning_left,3,02_data/private_raw/S018/SE01/CAM01/S018_SE01_CAP000648_CAM01.jpg,02_data/private_raw/S018/SE01/CAM02/S018_SE01_CAP000648_CAM02.jpg,CAL_009,right,controlled,USABLE,USABLE,INCLUDE_3D_FULL,True,True,29.96
CAP000649,S018,SE01,leaning_left,3,02_data/private_raw/S018/SE01/CAM01/S018_SE01_CAP000649_CAM01.jpg,02_data/private_raw/S018/SE01/CAM02/S018_SE01_CAP000649_CAM02.jpg,CAL_009,right,controlled,USABLE,USABLE,INCLUDE_3D_FULL,True,True,31.53
CAP000650,S018,SE01,leaning_left,3,02_data/private_raw/S018/SE01/CAM01/S018_SE01_CAP000650_CAM01.jpg,02_data/private_raw/S018/SE01/CAM02/S018_SE01_CAP000650_CAM02.jpg,CAL_009,right,controlled,USABLE,USABLE,INCLUDE_3D_FULL,True,True,32.55
CAP000651,S018,SE01,leaning_left,3,02_data/private_raw/S018/SE01/CAM01/S018_SE01_CAP000651_CAM01.jpg,02_data/private_raw/S018/SE01/CAM02/S018_SE01_CAP000651_CAM02.jpg,CAL_009,right,controlled,USABLE,USABLE,INCLUDE_3D_FULL,True,True,32.46
CAP000652,S018,SE01,leaning_left,3,02_data/private_raw/S018/SE01/CAM01/S018_SE01_CAP000652_CAM01.jpg,02_data/private_raw/S018/SE01/CAM02/S018_SE01_CAP000652_CAM02.jpg,CAL_009,right,controlled,USABLE,USABLE,INCLUDE_3D_FULL,True,True,32.94
CAP000653,S018,SE01,leaning_right,4,02_data/private_raw/S018/SE01/CAM01/S018_SE01_CAP000653_CAM01.jpg,02_data/private_raw/S018/SE01/CAM02/S018_SE01_CAP000653_CAM02.jpg,CAL_009,right,controlled,USABLE,USABLE,INCLUDE_3D_FULL,True,True,18.85
CAP000654,S018,SE01,leaning_right,4,02_data/private_raw/S018/SE01/CAM01/S018_SE01_CAP000654_CAM01.jpg,02_data/private_raw/S018/SE01/CAM02/S018_SE01_CAP000654_CAM02.jpg,CAL_009,right,controlled,USABLE,USABLE,INCLUDE_3D_FULL,True,True,18.89
CAP000655,S018,SE01,leaning_right,4,02_data/private_raw/S018/SE01/CAM01/S018_SE01_CAP000655_CAM01.jpg,02_data/private_raw/S018/SE01/CAM02/S018_SE01_CAP000655_CAM02.jpg,CAL_009,right,controlled,USABLE,USABLE,INCLUDE_3D_FULL,True,True,19.08
CAP000656,S018,SE01,leaning_right,4,02_data/private_raw/S018/SE01/CAM01/S018_SE01_CAP000656_CAM01.jpg,02_data/private_raw/S018/SE01/CAM02/S018_SE01_CAP000656_CAM02.jpg,CAL_009,right,controlled,USABLE,USABLE,INCLUDE_3D_FULL,True,True,17.93
CAP000657,S018,SE01,leaning_right,4,02_data/private_raw/S018/SE01/CAM01/S018_SE01_CAP000657_CAM01.jpg,02_data/private_raw/S018/SE01/CAM02/S018_SE01_CAP000657_CAM02.jpg,CAL_009,right,controlled,USABLE,USABLE,INCLUDE_3D_FULL,True,True,17.95
CAP000658,S018,SE01,slouching,5,02_data/private_raw/S018/SE01/CAM01/S018_SE01_CAP000658_CAM01.jpg,02_data/private_raw/S018/SE01/CAM02/S018_SE01_CAP000658_CAM02.jpg,CAL_009,right,controlled,USABLE,USABLE,INCLUDE_3D_FULL,True,True,22.0
CAP000659,S018,SE01,slouching,5,02_data/private_raw/S018/SE01/CAM01/S018_SE01_CAP000659_CAM01.jpg,02_data/private_raw/S018/SE01/CAM02/S018_SE01_CAP000659_CAM02.jpg,CAL_009,right,controlled,USABLE,USABLE,INCLUDE_3D_FULL,True,True,21.5
CAP000660,S018,SE01,slouching,5,02_data/private_raw/S018/SE01/CAM01/S018_SE01_CAP000660_CAM01.jpg,02_data/private_raw/S018/SE01/CAM02/S018_SE01_CAP000660_CAM02.jpg,CAL_009,right,controlled,USABLE,USABLE,INCLUDE_3D_FULL,True,True,21.25
CAP000661,S018,SE01,slouching,5,02_data/private_raw/S018/SE01/CAM01/S018_SE01_CAP000661_CAM01.jpg,02_data/private_raw/S018/SE01/CAM02/S018_SE01_CAP000661_CAM02.jpg,CAL_009,right,controlled,USABLE,USABLE,INCLUDE_3D_FULL,True,True,20.58
CAP000662,S018,SE01,slouching,5,02_data/private_raw/S018/SE01/CAM01/S018_SE01_CAP000662_CAM01.jpg,02_data/private_raw/S018/SE01/CAM02/S018_SE01_CAP000662_CAM02.jpg,CAL_009,right,controlled,USABLE,USABLE,INCLUDE_3D_FULL,True,True,20.9
CAP000669,S019,SE01,upright,0,02_data/private_raw/S019/SE01/CAM01/S019_SE01_CAP000669_CAM01.jpg,02_data/private_raw/S019/SE01/CAM02/S019_SE01_CAP000669_CAM02.jpg,CAL_009,right,controlled,USABLE,USABLE,INCLUDE_3D_FULL,True,True,17.93
CAP000670,S019,SE01,upright,0,02_data/private_raw/S019/SE01/CAM01/S019_SE01_CAP000670_CAM01.jpg,02_data/private_raw/S019/SE01/CAM02/S019_SE01_CAP000670_CAM02.jpg,CAL_009,right,controlled,USABLE,USABLE,INCLUDE_3D_FULL,True,True,15.77
CAP000671,S019,SE01,upright,0,02_data/private_raw/S019/SE01/CAM01/S019_SE01_CAP000671_CAM01.jpg,02_data/private_raw/S019/SE01/CAM02/S019_SE01_CAP000671_CAM02.jpg,CAL_009,right,controlled,USABLE,USABLE,INCLUDE_3D_FULL,True,True,16.78
CAP000672,S019,SE01,upright,0,02_data/private_raw/S019/SE01/CAM01/S019_SE01_CAP000672_CAM01.jpg,02_data/private_raw/S019/SE01/CAM02/S019_SE01_CAP000672_CAM02.jpg,CAL_009,right,controlled,USABLE,USABLE,INCLUDE_3D_FULL,True,True,17.59
CAP000673,S019,SE01,upright,0,02_data/private_raw/S019/SE01/CAM01/S019_SE01_CAP000673_CAM01.jpg,02_data/private_raw/S019/SE01/CAM02/S019_SE01_CAP000673_CAM02.jpg,CAL_009,right,controlled,USABLE,USABLE,INCLUDE_3D_FULL,True,True,16.62
CAP000674,S019,SE01,leaning_forward,1,02_data/private_raw/S019/SE01/CAM01/S019_SE01_CAP000674_CAM01.jpg,02_data/private_raw/S019/SE01/CAM02/S019_SE01_CAP000674_CAM02.jpg,CAL_009,right,controlled,USABLE,USABLE,INCLUDE_3D_FULL,True,True,40.83
CAP000675,S019,SE01,leaning_forward,1,02_data/private_raw/S019/SE01/CAM01/S019_SE01_CAP000675_CAM01.jpg,02_data/private_raw/S019/SE01/CAM02/S019_SE01_CAP000675_CAM02.jpg,CAL_009,right,controlled,USABLE,USABLE,INCLUDE_3D_FULL,True,True,42.69
CAP000676,S019,SE01,leaning_forward,1,02_data/private_raw/S019/SE01/CAM01/S019_SE01_CAP000676_CAM01.jpg,02_data/private_raw/S019/SE01/CAM02/S019_SE01_CAP000676_CAM02.jpg,CAL_009,right,controlled,USABLE,USABLE,INCLUDE_3D_FULL,True,True,38.93
CAP000677,S019,SE01,leaning_forward,1,02_data/private_raw/S019/SE01/CAM01/S019_SE01_CAP000677_CAM01.jpg,02_data/private_raw/S019/SE01/CAM02/S019_SE01_CAP000677_CAM02.jpg,CAL_009,right,controlled,USABLE,USABLE,INCLUDE_3D_FULL,True,True,39.44
CAP000678,S019,SE01,leaning_forward,1,02_data/private_raw/S019/SE01/CAM01/S019_SE01_CAP000678_CAM01.jpg,02_data/private_raw/S019/SE01/CAM02/S019_SE01_CAP000678_CAM02.jpg,CAL_009,right,controlled,USABLE,USABLE,INCLUDE_3D_FULL,True,True,39.84
CAP000679,S019,SE01,leaning_backward,2,02_data/private_raw/S019/SE01/CAM01/S019_SE01_CAP000679_CAM01.jpg,02_data/private_raw/S019/SE01/CAM02/S019_SE01_CAP000679_CAM02.jpg,CAL_009,right,controlled,USABLE,USABLE,INCLUDE_3D_WITH_MASKING,True,True,52.69
CAP000680,S019,SE01,leaning_backward,2,02_data/private_raw/S019/SE01/CAM01/S019_SE01_CAP000680_CAM01.jpg,02_data/private_raw/S019/SE01/CAM02/S019_SE01_CAP000680_CAM02.jpg,CAL_009,right,controlled,USABLE,USABLE,INCLUDE_3D_WITH_MASKING,True,True,48.42
CAP000681,S019,SE01,leaning_backward,2,02_data/private_raw/S019/SE01/CAM01/S019_SE01_CAP000681_CAM01.jpg,02_data/private_raw/S019/SE01/CAM02/S019_SE01_CAP000681_CAM02.jpg,CAL_009,right,controlled,USABLE,USABLE,INCLUDE_3D_WITH_MASKING,True,True,56.23
CAP000682,S019,SE01,leaning_backward,2,02_data/private_raw/S019/SE01/CAM01/S019_SE01_CAP000682_CAM01.jpg,02_data/private_raw/S019/SE01/CAM02/S019_SE01_CAP000682_CAM02.jpg,CAL_009,right,controlled,USABLE,USABLE,INCLUDE_3D_WITH_MASKING,True,True,53.22
CAP000683,S019,SE01,leaning_backward,2,02_data/private_raw/S019/SE01/CAM01/S019_SE01_CAP000683_CAM01.jpg,02_data/private_raw/S019/SE01/CAM02/S019_SE01_CAP000683_CAM02.jpg,CAL_009,right,controlled,USABLE,USABLE,INCLUDE_3D_WITH_MASKING,True,True,51.09
CAP000684,S019,SE01,leaning_left,3,02_data/private_raw/S019/SE01/CAM01/S019_SE01_CAP000684_CAM01.jpg,02_data/private_raw/S019/SE01/CAM02/S019_SE01_CAP000684_CAM02.jpg,CAL_009,right,controlled,USABLE,EXCLUDED,EXCLUDE_3D,True,True,44.76
CAP000685,S019,SE01,leaning_left,3,02_data/private_raw/S019/SE01/CAM01/S019_SE01_CAP000685_CAM01.jpg,02_data/private_raw/S019/SE01/CAM02/S019_SE01_CAP000685_CAM02.jpg,CAL_009,right,controlled,USABLE,EXCLUDED,EXCLUDE_3D,True,True,37.7
CAP000686,S019,SE01,leaning_left,3,02_data/private_raw/S019/SE01/CAM01/S019_SE01_CAP000686_CAM01.jpg,02_data/private_raw/S019/SE01/CAM02/S019_SE01_CAP000686_CAM02.jpg,CAL_009,right,controlled,USABLE,EXCLUDED,EXCLUDE_3D,True,True,38.07
CAP000687,S019,SE01,leaning_left,3,02_data/private_raw/S019/SE01/CAM01/S019_SE01_CAP000687_CAM01.jpg,02_data/private_raw/S019/SE01/CAM02/S019_SE01_CAP000687_CAM02.jpg,CAL_009,right,controlled,USABLE,EXCLUDED,EXCLUDE_3D,True,True,38.92
CAP000688,S019,SE01,leaning_left,3,02_data/private_raw/S019/SE01/CAM01/S019_SE01_CAP000688_CAM01.jpg,02_data/private_raw/S019/SE01/CAM02/S019_SE01_CAP000688_CAM02.jpg,CAL_009,right,controlled,USABLE,EXCLUDED,EXCLUDE_3D,True,True,39.31
CAP000689,S019,SE01,leaning_right,4,02_data/private_raw/S019/SE01/CAM01/S019_SE01_CAP000689_CAM01.jpg,02_data/private_raw/S019/SE01/CAM02/S019_SE01_CAP000689_CAM02.jpg,CAL_009,right,controlled,USABLE,USABLE,INCLUDE_3D_WITH_MASKING,True,True,41.08
CAP000690,S019,SE01,leaning_right,4,02_data/private_raw/S019/SE01/CAM01/S019_SE01_CAP000690_CAM01.jpg,02_data/private_raw/S019/SE01/CAM02/S019_SE01_CAP000690_CAM02.jpg,CAL_009,right,controlled,USABLE,USABLE,INCLUDE_3D_WITH_MASKING,True,True,41.22
CAP000691,S019,SE01,leaning_right,4,02_data/private_raw/S019/SE01/CAM01/S019_SE01_CAP000691_CAM01.jpg,02_data/private_raw/S019/SE01/CAM02/S019_SE01_CAP000691_CAM02.jpg,CAL_009,right,controlled,USABLE,USABLE,INCLUDE_3D_WITH_MASKING,True,True,41.85
CAP000692,S019,SE01,leaning_right,4,02_data/private_raw/S019/SE01/CAM01/S019_SE01_CAP000692_CAM01.jpg,02_data/private_raw/S019/SE01/CAM02/S019_SE01_CAP000692_CAM02.jpg,CAL_009,right,controlled,USABLE,USABLE,INCLUDE_3D_WITH_MASKING,True,True,40.74
CAP000693,S019,SE01,leaning_right,4,02_data/private_raw/S019/SE01/CAM01/S019_SE01_CAP000693_CAM01.jpg,02_data/private_raw/S019/SE01/CAM02/S019_SE01_CAP000693_CAM02.jpg,CAL_009,right,controlled,USABLE,USABLE,INCLUDE_3D_WITH_MASKING,True,True,40.89
CAP000694,S019,SE01,slouching,5,02_data/private_raw/S019/SE01/CAM01/S019_SE01_CAP000694_CAM01.jpg,02_data/private_raw/S019/SE01/CAM02/S019_SE01_CAP000694_CAM02.jpg,CAL_009,right,controlled,USABLE,USABLE,INCLUDE_3D_WITH_MASKING,True,True,49.57
CAP000695,S019,SE01,slouching,5,02_data/private_raw/S019/SE01/CAM01/S019_SE01_CAP000695_CAM01.jpg,02_data/private_raw/S019/SE01/CAM02/S019_SE01_CAP000695_CAM02.jpg,CAL_009,right,controlled,USABLE,USABLE,INCLUDE_3D_WITH_MASKING,True,True,49.03
CAP000696,S019,SE01,slouching,5,02_data/private_raw/S019/SE01/CAM01/S019_SE01_CAP000696_CAM01.jpg,02_data/private_raw/S019/SE01/CAM02/S019_SE01_CAP000696_CAM02.jpg,CAL_009,right,controlled,USABLE,USABLE,INCLUDE_3D_WITH_MASKING,True,True,49.95
CAP000697,S019,SE01,slouching,5,02_data/private_raw/S019/SE01/CAM01/S019_SE01_CAP000697_CAM01.jpg,02_data/private_raw/S019/SE01/CAM02/S019_SE01_CAP000697_CAM02.jpg,CAL_009,right,controlled,USABLE,USABLE,INCLUDE_3D_WITH_MASKING,True,True,49.27
CAP000698,S019,SE01,slouching,5,02_data/private_raw/S019/SE01/CAM01/S019_SE01_CAP000698_CAM01.jpg,02_data/private_raw/S019/SE01/CAM02/S019_SE01_CAP000698_CAM02.jpg,CAL_009,right,controlled,USABLE,USABLE,INCLUDE_3D_WITH_MASKING,True,True,49.59
CAP000704,S020,SE01,upright,0,02_data/private_raw/S020/SE01/CAM01/S020_SE01_CAP000704_CAM01.jpg,02_data/private_raw/S020/SE01/CAM02/S020_SE01_CAP000704_CAM02.jpg,CAL_009,right,controlled,USABLE,USABLE,INCLUDE_3D_FULL,True,True,42.4
CAP000705,S020,SE01,upright,0,02_data/private_raw/S020/SE01/CAM01/S020_SE01_CAP000705_CAM01.jpg,02_data/private_raw/S020/SE01/CAM02/S020_SE01_CAP000705_CAM02.jpg,CAL_009,right,controlled,USABLE,USABLE,INCLUDE_3D_WITH_MASKING,True,True,49.69
CAP000706,S020,SE01,upright,0,02_data/private_raw/S020/SE01/CAM01/S020_SE01_CAP000706_CAM01.jpg,02_data/private_raw/S020/SE01/CAM02/S020_SE01_CAP000706_CAM02.jpg,CAL_009,right,controlled,USABLE,USABLE,INCLUDE_3D_WITH_MASKING,True,True,51.24
CAP000707,S020,SE01,upright,0,02_data/private_raw/S020/SE01/CAM01/S020_SE01_CAP000707_CAM01.jpg,02_data/private_raw/S020/SE01/CAM02/S020_SE01_CAP000707_CAM02.jpg,CAL_009,right,controlled,USABLE,USABLE,INCLUDE_3D_WITH_MASKING,True,True,50.88
CAP000708,S020,SE01,upright,0,02_data/private_raw/S020/SE01/CAM01/S020_SE01_CAP000708_CAM01.jpg,02_data/private_raw/S020/SE01/CAM02/S020_SE01_CAP000708_CAM02.jpg,CAL_009,right,controlled,USABLE,USABLE,INCLUDE_3D_WITH_MASKING,True,True,51.43
CAP000709,S020,SE01,leaning_forward,1,02_data/private_raw/S020/SE01/CAM01/S020_SE01_CAP000709_CAM01.jpg,02_data/private_raw/S020/SE01/CAM02/S020_SE01_CAP000709_CAM02.jpg,CAL_009,right,controlled,USABLE,USABLE,INCLUDE_3D_FULL,True,True,37.16
CAP000710,S020,SE01,leaning_forward,1,02_data/private_raw/S020/SE01/CAM01/S020_SE01_CAP000710_CAM01.jpg,02_data/private_raw/S020/SE01/CAM02/S020_SE01_CAP000710_CAM02.jpg,CAL_009,right,controlled,USABLE,USABLE,INCLUDE_3D_WITH_MASKING,True,True,43.66
CAP000711,S020,SE01,leaning_forward,1,02_data/private_raw/S020/SE01/CAM01/S020_SE01_CAP000711_CAM01.jpg,02_data/private_raw/S020/SE01/CAM02/S020_SE01_CAP000711_CAM02.jpg,CAL_009,right,controlled,USABLE,USABLE,INCLUDE_3D_WITH_MASKING,True,True,38.88
CAP000712,S020,SE01,leaning_forward,1,02_data/private_raw/S020/SE01/CAM01/S020_SE01_CAP000712_CAM01.jpg,02_data/private_raw/S020/SE01/CAM02/S020_SE01_CAP000712_CAM02.jpg,CAL_009,right,controlled,USABLE,USABLE,INCLUDE_3D_WITH_MASKING,True,True,42.55
CAP000713,S020,SE01,leaning_forward,1,02_data/private_raw/S020/SE01/CAM01/S020_SE01_CAP000713_CAM01.jpg,02_data/private_raw/S020/SE01/CAM02/S020_SE01_CAP000713_CAM02.jpg,CAL_009,right,controlled,USABLE,USABLE,INCLUDE_3D_FULL,True,True,37.66
CAP000714,S020,SE01,leaning_backward,2,02_data/private_raw/S020/SE01/CAM01/S020_SE01_CAP000714_CAM01.jpg,02_data/private_raw/S020/SE01/CAM02/S020_SE01_CAP000714_CAM02.jpg,CAL_009,right,controlled,USABLE,USABLE,INCLUDE_3D_WITH_MASKING,True,True,54.15
CAP000715,S020,SE01,leaning_backward,2,02_data/private_raw/S020/SE01/CAM01/S020_SE01_CAP000715_CAM01.jpg,02_data/private_raw/S020/SE01/CAM02/S020_SE01_CAP000715_CAM02.jpg,CAL_009,right,controlled,USABLE,USABLE,INCLUDE_3D_WITH_MASKING,True,True,58.27
CAP000716,S020,SE01,leaning_backward,2,02_data/private_raw/S020/SE01/CAM01/S020_SE01_CAP000716_CAM01.jpg,02_data/private_raw/S020/SE01/CAM02/S020_SE01_CAP000716_CAM02.jpg,CAL_009,right,controlled,USABLE,EXCLUDED,EXCLUDE_3D,True,True,55.97
CAP000717,S020,SE01,leaning_backward,2,02_data/private_raw/S020/SE01/CAM01/S020_SE01_CAP000717_CAM01.jpg,02_data/private_raw/S020/SE01/CAM02/S020_SE01_CAP000717_CAM02.jpg,CAL_009,right,controlled,USABLE,EXCLUDED,EXCLUDE_3D,True,True,56.3
CAP000718,S020,SE01,leaning_backward,2,02_data/private_raw/S020/SE01/CAM01/S020_SE01_CAP000718_CAM01.jpg,02_data/private_raw/S020/SE01/CAM02/S020_SE01_CAP000718_CAM02.jpg,CAL_009,right,controlled,USABLE,EXCLUDED,EXCLUDE_3D,True,True,56.09
CAP000719,S020,SE01,leaning_left,3,02_data/private_raw/S020/SE01/CAM01/S020_SE01_CAP000719_CAM01.jpg,02_data/private_raw/S020/SE01/CAM02/S020_SE01_CAP000719_CAM02.jpg,CAL_009,right,controlled,USABLE,USABLE,INCLUDE_3D_WITH_MASKING,True,True,38.24
CAP000720,S020,SE01,leaning_left,3,02_data/private_raw/S020/SE01/CAM01/S020_SE01_CAP000720_CAM01.jpg,02_data/private_raw/S020/SE01/CAM02/S020_SE01_CAP000720_CAM02.jpg,CAL_009,right,controlled,USABLE,USABLE,INCLUDE_3D_WITH_MASKING,True,True,38.47
CAP000721,S020,SE01,leaning_left,3,02_data/private_raw/S020/SE01/CAM01/S020_SE01_CAP000721_CAM01.jpg,02_data/private_raw/S020/SE01/CAM02/S020_SE01_CAP000721_CAM02.jpg,CAL_009,right,controlled,USABLE,USABLE,INCLUDE_3D_WITH_MASKING,True,True,40.18
CAP000722,S020,SE01,leaning_left,3,02_data/private_raw/S020/SE01/CAM01/S020_SE01_CAP000722_CAM01.jpg,02_data/private_raw/S020/SE01/CAM02/S020_SE01_CAP000722_CAM02.jpg,CAL_009,right,controlled,USABLE,USABLE,INCLUDE_3D_WITH_MASKING,True,True,40.4
CAP000723,S020,SE01,leaning_left,3,02_data/private_raw/S020/SE01/CAM01/S020_SE01_CAP000723_CAM01.jpg,02_data/private_raw/S020/SE01/CAM02/S020_SE01_CAP000723_CAM02.jpg,CAL_009,right,controlled,USABLE,EXCLUDED,EXCLUDE_3D,True,True,32.42
CAP000724,S020,SE01,leaning_right,4,02_data/private_raw/S020/SE01/CAM01/S020_SE01_CAP000724_CAM01.jpg,02_data/private_raw/S020/SE01/CAM02/S020_SE01_CAP000724_CAM02.jpg,CAL_009,right,controlled,USABLE,USABLE,INCLUDE_3D_WITH_MASKING,True,True,39.53
CAP000725,S020,SE01,leaning_right,4,02_data/private_raw/S020/SE01/CAM01/S020_SE01_CAP000725_CAM01.jpg,02_data/private_raw/S020/SE01/CAM02/S020_SE01_CAP000725_CAM02.jpg,CAL_009,right,controlled,USABLE,USABLE,INCLUDE_3D_WITH_MASKING,True,True,38.91
CAP000726,S020,SE01,leaning_right,4,02_data/private_raw/S020/SE01/CAM01/S020_SE01_CAP000726_CAM01.jpg,02_data/private_raw/S020/SE01/CAM02/S020_SE01_CAP000726_CAM02.jpg,CAL_009,right,controlled,USABLE,USABLE,INCLUDE_3D_WITH_MASKING,True,True,39.05
CAP000727,S020,SE01,leaning_right,4,02_data/private_raw/S020/SE01/CAM01/S020_SE01_CAP000727_CAM01.jpg,02_data/private_raw/S020/SE01/CAM02/S020_SE01_CAP000727_CAM02.jpg,CAL_009,right,controlled,USABLE,USABLE,INCLUDE_3D_WITH_MASKING,True,True,40.07
CAP000728,S020,SE01,leaning_right,4,02_data/private_raw/S020/SE01/CAM01/S020_SE01_CAP000728_CAM01.jpg,02_data/private_raw/S020/SE01/CAM02/S020_SE01_CAP000728_CAM02.jpg,CAL_009,right,controlled,USABLE,USABLE,INCLUDE_3D_WITH_MASKING,True,True,41.19
CAP000729,S020,SE01,slouching,5,02_data/private_raw/S020/SE01/CAM01/S020_SE01_CAP000729_CAM01.jpg,02_data/private_raw/S020/SE01/CAM02/S020_SE01_CAP000729_CAM02.jpg,CAL_009,right,controlled,USABLE,USABLE,INCLUDE_3D_FULL,True,True,39.21
CAP000730,S020,SE01,slouching,5,02_data/private_raw/S020/SE01/CAM01/S020_SE01_CAP000730_CAM01.jpg,02_data/private_raw/S020/SE01/CAM02/S020_SE01_CAP000730_CAM02.jpg,CAL_009,right,controlled,USABLE,USABLE,INCLUDE_3D_WITH_MASKING,True,True,47.34
CAP000731,S020,SE01,slouching,5,02_data/private_raw/S020/SE01/CAM01/S020_SE01_CAP000731_CAM01.jpg,02_data/private_raw/S020/SE01/CAM02/S020_SE01_CAP000731_CAM02.jpg,CAL_009,right,controlled,USABLE,USABLE,INCLUDE_3D_WITH_MASKING,True,True,47.06
CAP000732,S020,SE01,slouching,5,02_data/private_raw/S020/SE01/CAM01/S020_SE01_CAP000732_CAM01.jpg,02_data/private_raw/S020/SE01/CAM02/S020_SE01_CAP000732_CAM02.jpg,CAL_009,right,controlled,USABLE,USABLE,INCLUDE_3D_WITH_MASKING,True,True,47.12
CAP000733,S020,SE01,slouching,5,02_data/private_raw/S020/SE01/CAM01/S020_SE01_CAP000733_CAM01.jpg,02_data/private_raw/S020/SE01/CAM02/S020_SE01_CAP000733_CAM02.jpg,CAL_009,right,controlled,USABLE,USABLE,INCLUDE_3D_WITH_MASKING,True,True,47.28
CAP000742,S021,SE01,upright,0,02_data/private_raw/S021/SE01/CAM01/S021_SE01_CAP000742_CAM01.jpg,02_data/private_raw/S021/SE01/CAM02/S021_SE01_CAP000742_CAM02.jpg,CAL_009,right,controlled,USABLE,USABLE,INCLUDE_3D_FULL,True,True,25.31
CAP000743,S021,SE01,upright,0,02_data/private_raw/S021/SE01/CAM01/S021_SE01_CAP000743_CAM01.jpg,02_data/private_raw/S021/SE01/CAM02/S021_SE01_CAP000743_CAM02.jpg,CAL_009,right,controlled,USABLE,USABLE,INCLUDE_3D_FULL,True,True,26.64
CAP000744,S021,SE01,upright,0,02_data/private_raw/S021/SE01/CAM01/S021_SE01_CAP000744_CAM01.jpg,02_data/private_raw/S021/SE01/CAM02/S021_SE01_CAP000744_CAM02.jpg,CAL_009,right,controlled,USABLE,USABLE,INCLUDE_3D_FULL,True,True,23.46
CAP000745,S021,SE01,upright,0,02_data/private_raw/S021/SE01/CAM01/S021_SE01_CAP000745_CAM01.jpg,02_data/private_raw/S021/SE01/CAM02/S021_SE01_CAP000745_CAM02.jpg,CAL_009,right,controlled,USABLE,USABLE,INCLUDE_3D_FULL,True,True,25.41
CAP000746,S021,SE01,upright,0,02_data/private_raw/S021/SE01/CAM01/S021_SE01_CAP000746_CAM01.jpg,02_data/private_raw/S021/SE01/CAM02/S021_SE01_CAP000746_CAM02.jpg,CAL_009,right,controlled,USABLE,USABLE,INCLUDE_3D_FULL,True,True,26.99
CAP000747,S021,SE01,leaning_forward,1,02_data/private_raw/S021/SE01/CAM01/S021_SE01_CAP000747_CAM01.jpg,02_data/private_raw/S021/SE01/CAM02/S021_SE01_CAP000747_CAM02.jpg,CAL_009,right,controlled,USABLE,USABLE,INCLUDE_3D_FULL,True,True,23.37
CAP000748,S021,SE01,leaning_forward,1,02_data/private_raw/S021/SE01/CAM01/S021_SE01_CAP000748_CAM01.jpg,02_data/private_raw/S021/SE01/CAM02/S021_SE01_CAP000748_CAM02.jpg,CAL_009,right,controlled,USABLE,USABLE,INCLUDE_3D_FULL,True,True,24.83
CAP000749,S021,SE01,leaning_forward,1,02_data/private_raw/S021/SE01/CAM01/S021_SE01_CAP000749_CAM01.jpg,02_data/private_raw/S021/SE01/CAM02/S021_SE01_CAP000749_CAM02.jpg,CAL_009,right,controlled,USABLE,USABLE,INCLUDE_3D_FULL,True,True,26.59
CAP000750,S021,SE01,leaning_forward,1,02_data/private_raw/S021/SE01/CAM01/S021_SE01_CAP000750_CAM01.jpg,02_data/private_raw/S021/SE01/CAM02/S021_SE01_CAP000750_CAM02.jpg,CAL_009,right,controlled,USABLE,USABLE,INCLUDE_3D_FULL,True,True,23.35
CAP000751,S021,SE01,leaning_forward,1,02_data/private_raw/S021/SE01/CAM01/S021_SE01_CAP000751_CAM01.jpg,02_data/private_raw/S021/SE01/CAM02/S021_SE01_CAP000751_CAM02.jpg,CAL_009,right,controlled,USABLE,USABLE,INCLUDE_3D_FULL,True,True,26.13
CAP000752,S021,SE01,leaning_backward,2,02_data/private_raw/S021/SE01/CAM01/S021_SE01_CAP000752_CAM01.jpg,02_data/private_raw/S021/SE01/CAM02/S021_SE01_CAP000752_CAM02.jpg,CAL_009,right,controlled,USABLE,USABLE,INCLUDE_3D_FULL,True,True,28.73
CAP000753,S021,SE01,leaning_backward,2,02_data/private_raw/S021/SE01/CAM01/S021_SE01_CAP000753_CAM01.jpg,02_data/private_raw/S021/SE01/CAM02/S021_SE01_CAP000753_CAM02.jpg,CAL_009,right,controlled,USABLE,USABLE,INCLUDE_3D_FULL,True,True,27.24
CAP000754,S021,SE01,leaning_backward,2,02_data/private_raw/S021/SE01/CAM01/S021_SE01_CAP000754_CAM01.jpg,02_data/private_raw/S021/SE01/CAM02/S021_SE01_CAP000754_CAM02.jpg,CAL_009,right,controlled,USABLE,USABLE,INCLUDE_3D_FULL,True,True,27.71
CAP000755,S021,SE01,leaning_backward,2,02_data/private_raw/S021/SE01/CAM01/S021_SE01_CAP000755_CAM01.jpg,02_data/private_raw/S021/SE01/CAM02/S021_SE01_CAP000755_CAM02.jpg,CAL_009,right,controlled,USABLE,USABLE,INCLUDE_3D_FULL,True,True,28.38
CAP000756,S021,SE01,leaning_backward,2,02_data/private_raw/S021/SE01/CAM01/S021_SE01_CAP000756_CAM01.jpg,02_data/private_raw/S021/SE01/CAM02/S021_SE01_CAP000756_CAM02.jpg,CAL_009,right,controlled,USABLE,USABLE,INCLUDE_3D_FULL,True,True,28.87
CAP000757,S021,SE01,leaning_left,3,02_data/private_raw/S021/SE01/CAM01/S021_SE01_CAP000757_CAM01.jpg,02_data/private_raw/S021/SE01/CAM02/S021_SE01_CAP000757_CAM02.jpg,CAL_009,right,controlled,USABLE,USABLE,INCLUDE_3D_FULL,True,True,35.12
CAP000758,S021,SE01,leaning_left,3,02_data/private_raw/S021/SE01/CAM01/S021_SE01_CAP000758_CAM01.jpg,02_data/private_raw/S021/SE01/CAM02/S021_SE01_CAP000758_CAM02.jpg,CAL_009,right,controlled,USABLE,USABLE,INCLUDE_3D_FULL,True,True,35.57
CAP000759,S021,SE01,leaning_left,3,02_data/private_raw/S021/SE01/CAM01/S021_SE01_CAP000759_CAM01.jpg,02_data/private_raw/S021/SE01/CAM02/S021_SE01_CAP000759_CAM02.jpg,CAL_009,right,controlled,USABLE,USABLE,INCLUDE_3D_FULL,True,True,34.99
CAP000760,S021,SE01,leaning_left,3,02_data/private_raw/S021/SE01/CAM01/S021_SE01_CAP000760_CAM01.jpg,02_data/private_raw/S021/SE01/CAM02/S021_SE01_CAP000760_CAM02.jpg,CAL_009,right,controlled,USABLE,USABLE,INCLUDE_3D_FULL,True,True,35.52
CAP000761,S021,SE01,leaning_left,3,02_data/private_raw/S021/SE01/CAM01/S021_SE01_CAP000761_CAM01.jpg,02_data/private_raw/S021/SE01/CAM02/S021_SE01_CAP000761_CAM02.jpg,CAL_009,right,controlled,USABLE,USABLE,INCLUDE_3D_FULL,True,True,35.62
CAP000762,S021,SE01,leaning_right,4,02_data/private_raw/S021/SE01/CAM01/S021_SE01_CAP000762_CAM01.jpg,02_data/private_raw/S021/SE01/CAM02/S021_SE01_CAP000762_CAM02.jpg,CAL_009,right,controlled,USABLE,USABLE,INCLUDE_3D_FULL,True,True,18.64
CAP000763,S021,SE01,leaning_right,4,02_data/private_raw/S021/SE01/CAM01/S021_SE01_CAP000763_CAM01.jpg,02_data/private_raw/S021/SE01/CAM02/S021_SE01_CAP000763_CAM02.jpg,CAL_009,right,controlled,USABLE,USABLE,INCLUDE_3D_FULL,True,True,17.94
CAP000764,S021,SE01,leaning_right,4,02_data/private_raw/S021/SE01/CAM01/S021_SE01_CAP000764_CAM01.jpg,02_data/private_raw/S021/SE01/CAM02/S021_SE01_CAP000764_CAM02.jpg,CAL_009,right,controlled,USABLE,USABLE,INCLUDE_3D_FULL,True,True,19.41
CAP000765,S021,SE01,leaning_right,4,02_data/private_raw/S021/SE01/CAM01/S021_SE01_CAP000765_CAM01.jpg,02_data/private_raw/S021/SE01/CAM02/S021_SE01_CAP000765_CAM02.jpg,CAL_009,right,controlled,USABLE,USABLE,INCLUDE_3D_FULL,True,True,19.35
CAP000766,S021,SE01,leaning_right,4,02_data/private_raw/S021/SE01/CAM01/S021_SE01_CAP000766_CAM01.jpg,02_data/private_raw/S021/SE01/CAM02/S021_SE01_CAP000766_CAM02.jpg,CAL_009,right,controlled,USABLE,USABLE,INCLUDE_3D_FULL,True,True,18.7
CAP000767,S021,SE01,slouching,5,02_data/private_raw/S021/SE01/CAM01/S021_SE01_CAP000767_CAM01.jpg,02_data/private_raw/S021/SE01/CAM02/S021_SE01_CAP000767_CAM02.jpg,CAL_009,right,controlled,USABLE,USABLE,INCLUDE_3D_FULL,True,True,21.63
CAP000768,S021,SE01,slouching,5,02_data/private_raw/S021/SE01/CAM01/S021_SE01_CAP000768_CAM01.jpg,02_data/private_raw/S021/SE01/CAM02/S021_SE01_CAP000768_CAM02.jpg,CAL_009,right,controlled,USABLE,USABLE,INCLUDE_3D_FULL,True,True,20.85
CAP000769,S021,SE01,slouching,5,02_data/private_raw/S021/SE01/CAM01/S021_SE01_CAP000769_CAM01.jpg,02_data/private_raw/S021/SE01/CAM02/S021_SE01_CAP000769_CAM02.jpg,CAL_009,right,controlled,USABLE,USABLE,INCLUDE_3D_FULL,True,True,17.63
CAP000771,S021,SE01,slouching,5,02_data/private_raw/S021/SE01/CAM01/S021_SE01_CAP000771_CAM01.jpg,02_data/private_raw/S021/SE01/CAM02/S021_SE01_CAP000771_CAM02.jpg,CAL_009,right,controlled,USABLE,USABLE,INCLUDE_3D_FULL,True,True,18.4
CAP000779,S022,SE01,upright,0,02_data/private_raw/S022/SE01/CAM01/S022_SE01_CAP000779_CAM01.jpg,02_data/private_raw/S022/SE01/CAM02/S022_SE01_CAP000779_CAM02.jpg,CAL_009,right,controlled,USABLE,USABLE,INCLUDE_3D_FULL,True,True,41.47
CAP000780,S022,SE01,upright,0,02_data/private_raw/S022/SE01/CAM01/S022_SE01_CAP000780_CAM01.jpg,02_data/private_raw/S022/SE01/CAM02/S022_SE01_CAP000780_CAM02.jpg,CAL_009,right,controlled,USABLE,USABLE,INCLUDE_3D_FULL,True,True,39.02
CAP000781,S022,SE01,upright,0,02_data/private_raw/S022/SE01/CAM01/S022_SE01_CAP000781_CAM01.jpg,02_data/private_raw/S022/SE01/CAM02/S022_SE01_CAP000781_CAM02.jpg,CAL_009,right,controlled,USABLE,USABLE,INCLUDE_3D_FULL,True,True,38.82
CAP000782,S022,SE01,upright,0,02_data/private_raw/S022/SE01/CAM01/S022_SE01_CAP000782_CAM01.jpg,02_data/private_raw/S022/SE01/CAM02/S022_SE01_CAP000782_CAM02.jpg,CAL_009,right,controlled,USABLE,USABLE,INCLUDE_3D_FULL,True,True,38.35
CAP000783,S022,SE01,upright,0,02_data/private_raw/S022/SE01/CAM01/S022_SE01_CAP000783_CAM01.jpg,02_data/private_raw/S022/SE01/CAM02/S022_SE01_CAP000783_CAM02.jpg,CAL_009,right,controlled,USABLE,USABLE,INCLUDE_3D_FULL,True,True,41.34
CAP000784,S022,SE01,leaning_forward,1,02_data/private_raw/S022/SE01/CAM01/S022_SE01_CAP000784_CAM01.jpg,02_data/private_raw/S022/SE01/CAM02/S022_SE01_CAP000784_CAM02.jpg,CAL_009,right,controlled,USABLE,USABLE,INCLUDE_3D_FULL,True,True,30.22
CAP000785,S022,SE01,leaning_forward,1,02_data/private_raw/S022/SE01/CAM01/S022_SE01_CAP000785_CAM01.jpg,02_data/private_raw/S022/SE01/CAM02/S022_SE01_CAP000785_CAM02.jpg,CAL_009,right,controlled,USABLE,USABLE,INCLUDE_3D_FULL,True,True,30.6
CAP000786,S022,SE01,leaning_forward,1,02_data/private_raw/S022/SE01/CAM01/S022_SE01_CAP000786_CAM01.jpg,02_data/private_raw/S022/SE01/CAM02/S022_SE01_CAP000786_CAM02.jpg,CAL_009,right,controlled,USABLE,USABLE,INCLUDE_3D_FULL,True,True,31.46
CAP000787,S022,SE01,leaning_forward,1,02_data/private_raw/S022/SE01/CAM01/S022_SE01_CAP000787_CAM01.jpg,02_data/private_raw/S022/SE01/CAM02/S022_SE01_CAP000787_CAM02.jpg,CAL_009,right,controlled,USABLE,USABLE,INCLUDE_3D_FULL,True,True,31.27
CAP000788,S022,SE01,leaning_forward,1,02_data/private_raw/S022/SE01/CAM01/S022_SE01_CAP000788_CAM01.jpg,02_data/private_raw/S022/SE01/CAM02/S022_SE01_CAP000788_CAM02.jpg,CAL_009,right,controlled,USABLE,USABLE,INCLUDE_3D_FULL,True,True,31.31
CAP000789,S022,SE01,leaning_backward,2,02_data/private_raw/S022/SE01/CAM01/S022_SE01_CAP000789_CAM01.jpg,02_data/private_raw/S022/SE01/CAM02/S022_SE01_CAP000789_CAM02.jpg,CAL_009,right,controlled,USABLE,USABLE,INCLUDE_3D_FULL,True,True,42.23
CAP000790,S022,SE01,leaning_backward,2,02_data/private_raw/S022/SE01/CAM01/S022_SE01_CAP000790_CAM01.jpg,02_data/private_raw/S022/SE01/CAM02/S022_SE01_CAP000790_CAM02.jpg,CAL_009,right,controlled,USABLE,USABLE,INCLUDE_3D_FULL,True,True,42.84
CAP000791,S022,SE01,leaning_backward,2,02_data/private_raw/S022/SE01/CAM01/S022_SE01_CAP000791_CAM01.jpg,02_data/private_raw/S022/SE01/CAM02/S022_SE01_CAP000791_CAM02.jpg,CAL_009,right,controlled,USABLE,USABLE,INCLUDE_3D_FULL,True,True,40.68
CAP000792,S022,SE01,leaning_backward,2,02_data/private_raw/S022/SE01/CAM01/S022_SE01_CAP000792_CAM01.jpg,02_data/private_raw/S022/SE01/CAM02/S022_SE01_CAP000792_CAM02.jpg,CAL_009,right,controlled,USABLE,USABLE,INCLUDE_3D_FULL,True,True,41.21
CAP000793,S022,SE01,leaning_backward,2,02_data/private_raw/S022/SE01/CAM01/S022_SE01_CAP000793_CAM01.jpg,02_data/private_raw/S022/SE01/CAM02/S022_SE01_CAP000793_CAM02.jpg,CAL_009,right,controlled,USABLE,USABLE,INCLUDE_3D_FULL,True,True,41.23
CAP000794,S022,SE01,leaning_left,3,02_data/private_raw/S022/SE01/CAM01/S022_SE01_CAP000794_CAM01.jpg,02_data/private_raw/S022/SE01/CAM02/S022_SE01_CAP000794_CAM02.jpg,CAL_009,right,controlled,USABLE,USABLE,INCLUDE_3D_WITH_MASKING,True,True,48.18
CAP000795,S022,SE01,leaning_left,3,02_data/private_raw/S022/SE01/CAM01/S022_SE01_CAP000795_CAM01.jpg,02_data/private_raw/S022/SE01/CAM02/S022_SE01_CAP000795_CAM02.jpg,CAL_009,right,controlled,USABLE,USABLE,INCLUDE_3D_WITH_MASKING,True,True,46.99
CAP000796,S022,SE01,leaning_left,3,02_data/private_raw/S022/SE01/CAM01/S022_SE01_CAP000796_CAM01.jpg,02_data/private_raw/S022/SE01/CAM02/S022_SE01_CAP000796_CAM02.jpg,CAL_009,right,controlled,USABLE,USABLE,INCLUDE_3D_WITH_MASKING,True,True,46.41
CAP000797,S022,SE01,leaning_left,3,02_data/private_raw/S022/SE01/CAM01/S022_SE01_CAP000797_CAM01.jpg,02_data/private_raw/S022/SE01/CAM02/S022_SE01_CAP000797_CAM02.jpg,CAL_009,right,controlled,USABLE,USABLE,INCLUDE_3D_WITH_MASKING,True,True,47.7
CAP000798,S022,SE01,leaning_left,3,02_data/private_raw/S022/SE01/CAM01/S022_SE01_CAP000798_CAM01.jpg,02_data/private_raw/S022/SE01/CAM02/S022_SE01_CAP000798_CAM02.jpg,CAL_009,right,controlled,USABLE,USABLE,INCLUDE_3D_WITH_MASKING,True,True,48.4
CAP000799,S022,SE01,leaning_right,4,02_data/private_raw/S022/SE01/CAM01/S022_SE01_CAP000799_CAM01.jpg,02_data/private_raw/S022/SE01/CAM02/S022_SE01_CAP000799_CAM02.jpg,CAL_009,right,controlled,USABLE,USABLE,INCLUDE_3D_FULL,True,True,28.8
CAP000800,S022,SE01,leaning_right,4,02_data/private_raw/S022/SE01/CAM01/S022_SE01_CAP000800_CAM01.jpg,02_data/private_raw/S022/SE01/CAM02/S022_SE01_CAP000800_CAM02.jpg,CAL_009,right,controlled,USABLE,USABLE,INCLUDE_3D_FULL,True,True,32.01
CAP000801,S022,SE01,leaning_right,4,02_data/private_raw/S022/SE01/CAM01/S022_SE01_CAP000801_CAM01.jpg,02_data/private_raw/S022/SE01/CAM02/S022_SE01_CAP000801_CAM02.jpg,CAL_009,right,controlled,USABLE,USABLE,INCLUDE_3D_FULL,True,True,32.06
CAP000802,S022,SE01,leaning_right,4,02_data/private_raw/S022/SE01/CAM01/S022_SE01_CAP000802_CAM01.jpg,02_data/private_raw/S022/SE01/CAM02/S022_SE01_CAP000802_CAM02.jpg,CAL_009,right,controlled,USABLE,USABLE,INCLUDE_3D_FULL,True,True,32.95
CAP000803,S022,SE01,leaning_right,4,02_data/private_raw/S022/SE01/CAM01/S022_SE01_CAP000803_CAM01.jpg,02_data/private_raw/S022/SE01/CAM02/S022_SE01_CAP000803_CAM02.jpg,CAL_009,right,controlled,USABLE,USABLE,INCLUDE_3D_FULL,True,True,31.89
CAP000804,S022,SE01,slouching,5,02_data/private_raw/S022/SE01/CAM01/S022_SE01_CAP000804_CAM01.jpg,02_data/private_raw/S022/SE01/CAM02/S022_SE01_CAP000804_CAM02.jpg,CAL_009,right,controlled,USABLE,USABLE,INCLUDE_3D_FULL,True,True,38.34
CAP000805,S022,SE01,slouching,5,02_data/private_raw/S022/SE01/CAM01/S022_SE01_CAP000805_CAM01.jpg,02_data/private_raw/S022/SE01/CAM02/S022_SE01_CAP000805_CAM02.jpg,CAL_009,right,controlled,USABLE,USABLE,INCLUDE_3D_FULL,True,True,36.42
CAP000806,S022,SE01,slouching,5,02_data/private_raw/S022/SE01/CAM01/S022_SE01_CAP000806_CAM01.jpg,02_data/private_raw/S022/SE01/CAM02/S022_SE01_CAP000806_CAM02.jpg,CAL_009,right,controlled,USABLE,USABLE,INCLUDE_3D_FULL,True,True,37.1
CAP000807,S022,SE01,slouching,5,02_data/private_raw/S022/SE01/CAM01/S022_SE01_CAP000807_CAM01.jpg,02_data/private_raw/S022/SE01/CAM02/S022_SE01_CAP000807_CAM02.jpg,CAL_009,right,controlled,USABLE,USABLE,INCLUDE_3D_FULL,True,True,37.46
CAP000808,S022,SE01,slouching,5,02_data/private_raw/S022/SE01/CAM01/S022_SE01_CAP000808_CAM01.jpg,02_data/private_raw/S022/SE01/CAM02/S022_SE01_CAP000808_CAM02.jpg,CAL_009,right,controlled,USABLE,USABLE,INCLUDE_3D_FULL,True,True,37.12
CAP000815,S023,SE01,upright,0,02_data/private_raw/S023/SE01/CAM01/S023_SE01_CAP000815_CAM01.jpg,02_data/private_raw/S023/SE01/CAM02/S023_SE01_CAP000815_CAM02.jpg,CAL_010,right,controlled,USABLE,EXCLUDED,EXCLUDE_3D_DEGENERATE_RIG,True,True,
CAP000816,S023,SE01,upright,0,02_data/private_raw/S023/SE01/CAM01/S023_SE01_CAP000816_CAM01.jpg,02_data/private_raw/S023/SE01/CAM02/S023_SE01_CAP000816_CAM02.jpg,CAL_010,right,controlled,USABLE,EXCLUDED,EXCLUDE_3D_DEGENERATE_RIG,True,True,
CAP000817,S023,SE01,upright,0,02_data/private_raw/S023/SE01/CAM01/S023_SE01_CAP000817_CAM01.jpg,02_data/private_raw/S023/SE01/CAM02/S023_SE01_CAP000817_CAM02.jpg,CAL_010,right,controlled,USABLE,EXCLUDED,EXCLUDE_3D_DEGENERATE_RIG,True,True,
CAP000818,S023,SE01,upright,0,02_data/private_raw/S023/SE01/CAM01/S023_SE01_CAP000818_CAM01.jpg,02_data/private_raw/S023/SE01/CAM02/S023_SE01_CAP000818_CAM02.jpg,CAL_010,right,controlled,USABLE,EXCLUDED,EXCLUDE_3D_DEGENERATE_RIG,True,True,
CAP000819,S023,SE01,upright,0,02_data/private_raw/S023/SE01/CAM01/S023_SE01_CAP000819_CAM01.jpg,02_data/private_raw/S023/SE01/CAM02/S023_SE01_CAP000819_CAM02.jpg,CAL_010,right,controlled,USABLE,EXCLUDED,EXCLUDE_3D_DEGENERATE_RIG,True,True,
CAP000820,S023,SE01,leaning_forward,1,02_data/private_raw/S023/SE01/CAM01/S023_SE01_CAP000820_CAM01.jpg,02_data/private_raw/S023/SE01/CAM02/S023_SE01_CAP000820_CAM02.jpg,CAL_010,right,controlled,USABLE,EXCLUDED,EXCLUDE_3D_DEGENERATE_RIG,True,True,
CAP000821,S023,SE01,leaning_forward,1,02_data/private_raw/S023/SE01/CAM01/S023_SE01_CAP000821_CAM01.jpg,02_data/private_raw/S023/SE01/CAM02/S023_SE01_CAP000821_CAM02.jpg,CAL_010,right,controlled,USABLE,EXCLUDED,EXCLUDE_3D_DEGENERATE_RIG,True,True,
CAP000822,S023,SE01,leaning_forward,1,02_data/private_raw/S023/SE01/CAM01/S023_SE01_CAP000822_CAM01.jpg,02_data/private_raw/S023/SE01/CAM02/S023_SE01_CAP000822_CAM02.jpg,CAL_010,right,controlled,USABLE,EXCLUDED,EXCLUDE_3D_DEGENERATE_RIG,True,True,
CAP000823,S023,SE01,leaning_forward,1,02_data/private_raw/S023/SE01/CAM01/S023_SE01_CAP000823_CAM01.jpg,02_data/private_raw/S023/SE01/CAM02/S023_SE01_CAP000823_CAM02.jpg,CAL_010,right,controlled,USABLE,EXCLUDED,EXCLUDE_3D_DEGENERATE_RIG,True,True,
CAP000824,S023,SE01,leaning_forward,1,02_data/private_raw/S023/SE01/CAM01/S023_SE01_CAP000824_CAM01.jpg,02_data/private_raw/S023/SE01/CAM02/S023_SE01_CAP000824_CAM02.jpg,CAL_010,right,controlled,USABLE,EXCLUDED,EXCLUDE_3D_DEGENERATE_RIG,True,True,
CAP000825,S023,SE01,leaning_backward,2,02_data/private_raw/S023/SE01/CAM01/S023_SE01_CAP000825_CAM01.jpg,02_data/private_raw/S023/SE01/CAM02/S023_SE01_CAP000825_CAM02.jpg,CAL_010,right,controlled,USABLE,EXCLUDED,EXCLUDE_3D_DEGENERATE_RIG,True,True,
CAP000826,S023,SE01,leaning_backward,2,02_data/private_raw/S023/SE01/CAM01/S023_SE01_CAP000826_CAM01.jpg,02_data/private_raw/S023/SE01/CAM02/S023_SE01_CAP000826_CAM02.jpg,CAL_010,right,controlled,USABLE,EXCLUDED,EXCLUDE_3D_DEGENERATE_RIG,True,True,
CAP000827,S023,SE01,leaning_backward,2,02_data/private_raw/S023/SE01/CAM01/S023_SE01_CAP000827_CAM01.jpg,02_data/private_raw/S023/SE01/CAM02/S023_SE01_CAP000827_CAM02.jpg,CAL_010,right,controlled,USABLE,EXCLUDED,EXCLUDE_3D_DEGENERATE_RIG,True,True,
CAP000828,S023,SE01,leaning_backward,2,02_data/private_raw/S023/SE01/CAM01/S023_SE01_CAP000828_CAM01.jpg,02_data/private_raw/S023/SE01/CAM02/S023_SE01_CAP000828_CAM02.jpg,CAL_010,right,controlled,USABLE,EXCLUDED,EXCLUDE_3D_DEGENERATE_RIG,True,True,
CAP000829,S023,SE01,leaning_backward,2,02_data/private_raw/S023/SE01/CAM01/S023_SE01_CAP000829_CAM01.jpg,02_data/private_raw/S023/SE01/CAM02/S023_SE01_CAP000829_CAM02.jpg,CAL_010,right,controlled,USABLE,EXCLUDED,EXCLUDE_3D_DEGENERATE_RIG,True,True,
CAP000830,S023,SE01,leaning_left,3,02_data/private_raw/S023/SE01/CAM01/S023_SE01_CAP000830_CAM01.jpg,02_data/private_raw/S023/SE01/CAM02/S023_SE01_CAP000830_CAM02.jpg,CAL_010,right,controlled,USABLE,EXCLUDED,EXCLUDE_3D_DEGENERATE_RIG,True,True,
CAP000831,S023,SE01,leaning_left,3,02_data/private_raw/S023/SE01/CAM01/S023_SE01_CAP000831_CAM01.jpg,02_data/private_raw/S023/SE01/CAM02/S023_SE01_CAP000831_CAM02.jpg,CAL_010,right,controlled,USABLE,EXCLUDED,EXCLUDE_3D_DEGENERATE_RIG,True,True,
CAP000832,S023,SE01,leaning_left,3,02_data/private_raw/S023/SE01/CAM01/S023_SE01_CAP000832_CAM01.jpg,02_data/private_raw/S023/SE01/CAM02/S023_SE01_CAP000832_CAM02.jpg,CAL_010,right,controlled,USABLE,EXCLUDED,EXCLUDE_3D_DEGENERATE_RIG,True,True,
CAP000833,S023,SE01,leaning_left,3,02_data/private_raw/S023/SE01/CAM01/S023_SE01_CAP000833_CAM01.jpg,02_data/private_raw/S023/SE01/CAM02/S023_SE01_CAP000833_CAM02.jpg,CAL_010,right,controlled,USABLE,EXCLUDED,EXCLUDE_3D_DEGENERATE_RIG,True,True,
CAP000834,S023,SE01,leaning_left,3,02_data/private_raw/S023/SE01/CAM01/S023_SE01_CAP000834_CAM01.jpg,02_data/private_raw/S023/SE01/CAM02/S023_SE01_CAP000834_CAM02.jpg,CAL_010,right,controlled,USABLE,EXCLUDED,EXCLUDE_3D_DEGENERATE_RIG,True,True,
CAP000835,S023,SE01,leaning_right,4,02_data/private_raw/S023/SE01/CAM01/S023_SE01_CAP000835_CAM01.jpg,02_data/private_raw/S023/SE01/CAM02/S023_SE01_CAP000835_CAM02.jpg,CAL_010,right,controlled,USABLE,EXCLUDED,EXCLUDE_3D_DEGENERATE_RIG,True,True,
CAP000836,S023,SE01,leaning_right,4,02_data/private_raw/S023/SE01/CAM01/S023_SE01_CAP000836_CAM01.jpg,02_data/private_raw/S023/SE01/CAM02/S023_SE01_CAP000836_CAM02.jpg,CAL_010,right,controlled,USABLE,EXCLUDED,EXCLUDE_3D_DEGENERATE_RIG,True,True,
CAP000837,S023,SE01,leaning_right,4,02_data/private_raw/S023/SE01/CAM01/S023_SE01_CAP000837_CAM01.jpg,02_data/private_raw/S023/SE01/CAM02/S023_SE01_CAP000837_CAM02.jpg,CAL_010,right,controlled,USABLE,EXCLUDED,EXCLUDE_3D_DEGENERATE_RIG,True,True,
CAP000838,S023,SE01,leaning_right,4,02_data/private_raw/S023/SE01/CAM01/S023_SE01_CAP000838_CAM01.jpg,02_data/private_raw/S023/SE01/CAM02/S023_SE01_CAP000838_CAM02.jpg,CAL_010,right,controlled,USABLE,EXCLUDED,EXCLUDE_3D_DEGENERATE_RIG,True,True,
CAP000839,S023,SE01,leaning_right,4,02_data/private_raw/S023/SE01/CAM01/S023_SE01_CAP000839_CAM01.jpg,02_data/private_raw/S023/SE01/CAM02/S023_SE01_CAP000839_CAM02.jpg,CAL_010,right,controlled,USABLE,EXCLUDED,EXCLUDE_3D_DEGENERATE_RIG,True,True,
CAP000840,S023,SE01,slouching,5,02_data/private_raw/S023/SE01/CAM01/S023_SE01_CAP000840_CAM01.jpg,02_data/private_raw/S023/SE01/CAM02/S023_SE01_CAP000840_CAM02.jpg,CAL_010,right,controlled,USABLE,EXCLUDED,EXCLUDE_3D_DEGENERATE_RIG,True,True,
CAP000841,S023,SE01,slouching,5,02_data/private_raw/S023/SE01/CAM01/S023_SE01_CAP000841_CAM01.jpg,02_data/private_raw/S023/SE01/CAM02/S023_SE01_CAP000841_CAM02.jpg,CAL_010,right,controlled,USABLE,EXCLUDED,EXCLUDE_3D_DEGENERATE_RIG,True,True,
CAP000842,S023,SE01,slouching,5,02_data/private_raw/S023/SE01/CAM01/S023_SE01_CAP000842_CAM01.jpg,02_data/private_raw/S023/SE01/CAM02/S023_SE01_CAP000842_CAM02.jpg,CAL_010,right,controlled,USABLE,EXCLUDED,EXCLUDE_3D_DEGENERATE_RIG,True,True,
CAP000843,S023,SE01,slouching,5,02_data/private_raw/S023/SE01/CAM01/S023_SE01_CAP000843_CAM01.jpg,02_data/private_raw/S023/SE01/CAM02/S023_SE01_CAP000843_CAM02.jpg,CAL_010,right,controlled,USABLE,EXCLUDED,EXCLUDE_3D_DEGENERATE_RIG,True,True,
CAP000844,S023,SE01,slouching,5,02_data/private_raw/S023/SE01/CAM01/S023_SE01_CAP000844_CAM01.jpg,02_data/private_raw/S023/SE01/CAM02/S023_SE01_CAP000844_CAM02.jpg,CAL_010,right,controlled,USABLE,EXCLUDED,EXCLUDE_3D_DEGENERATE_RIG,True,True,
CAP000852,S024,SE01,upright,0,02_data/private_raw/S024/SE01/CAM01/S024_SE01_CAP000852_CAM01.jpg,02_data/private_raw/S024/SE01/CAM02/S024_SE01_CAP000852_CAM02.jpg,CAL_011,right,controlled,USABLE,USABLE,INCLUDE_3D_FULL,True,True,34.23
CAP000853,S024,SE01,upright,0,02_data/private_raw/S024/SE01/CAM01/S024_SE01_CAP000853_CAM01.jpg,02_data/private_raw/S024/SE01/CAM02/S024_SE01_CAP000853_CAM02.jpg,CAL_011,right,controlled,USABLE,USABLE,INCLUDE_3D_FULL,True,True,35.29
CAP000854,S024,SE01,upright,0,02_data/private_raw/S024/SE01/CAM01/S024_SE01_CAP000854_CAM01.jpg,02_data/private_raw/S024/SE01/CAM02/S024_SE01_CAP000854_CAM02.jpg,CAL_011,right,controlled,USABLE,USABLE,INCLUDE_3D_FULL,True,True,34.72
CAP000855,S024,SE01,upright,0,02_data/private_raw/S024/SE01/CAM01/S024_SE01_CAP000855_CAM01.jpg,02_data/private_raw/S024/SE01/CAM02/S024_SE01_CAP000855_CAM02.jpg,CAL_011,right,controlled,USABLE,USABLE,INCLUDE_3D_FULL,True,True,34.02
CAP000856,S024,SE01,upright,0,02_data/private_raw/S024/SE01/CAM01/S024_SE01_CAP000856_CAM01.jpg,02_data/private_raw/S024/SE01/CAM02/S024_SE01_CAP000856_CAM02.jpg,CAL_011,right,controlled,USABLE,USABLE,INCLUDE_3D_FULL,True,True,34.74
CAP000857,S024,SE01,leaning_forward,1,02_data/private_raw/S024/SE01/CAM01/S024_SE01_CAP000857_CAM01.jpg,02_data/private_raw/S024/SE01/CAM02/S024_SE01_CAP000857_CAM02.jpg,CAL_011,right,controlled,USABLE,USABLE,INCLUDE_3D_FULL,True,True,33.66
CAP000858,S024,SE01,leaning_forward,1,02_data/private_raw/S024/SE01/CAM01/S024_SE01_CAP000858_CAM01.jpg,02_data/private_raw/S024/SE01/CAM02/S024_SE01_CAP000858_CAM02.jpg,CAL_011,right,controlled,USABLE,USABLE,INCLUDE_3D_FULL,True,True,33.25
CAP000859,S024,SE01,leaning_forward,1,02_data/private_raw/S024/SE01/CAM01/S024_SE01_CAP000859_CAM01.jpg,02_data/private_raw/S024/SE01/CAM02/S024_SE01_CAP000859_CAM02.jpg,CAL_011,right,controlled,USABLE,USABLE,INCLUDE_3D_FULL,True,True,33.41
CAP000860,S024,SE01,leaning_forward,1,02_data/private_raw/S024/SE01/CAM01/S024_SE01_CAP000860_CAM01.jpg,02_data/private_raw/S024/SE01/CAM02/S024_SE01_CAP000860_CAM02.jpg,CAL_011,right,controlled,USABLE,USABLE,INCLUDE_3D_FULL,True,True,32.98
CAP000861,S024,SE01,leaning_forward,1,02_data/private_raw/S024/SE01/CAM01/S024_SE01_CAP000861_CAM01.jpg,02_data/private_raw/S024/SE01/CAM02/S024_SE01_CAP000861_CAM02.jpg,CAL_011,right,controlled,USABLE,USABLE,INCLUDE_3D_FULL,True,True,34.22
CAP000862,S024,SE01,leaning_backward,2,02_data/private_raw/S024/SE01/CAM01/S024_SE01_CAP000862_CAM01.jpg,02_data/private_raw/S024/SE01/CAM02/S024_SE01_CAP000862_CAM02.jpg,CAL_011,right,controlled,USABLE,USABLE,INCLUDE_3D_FULL,True,True,34.34
CAP000863,S024,SE01,leaning_backward,2,02_data/private_raw/S024/SE01/CAM01/S024_SE01_CAP000863_CAM01.jpg,02_data/private_raw/S024/SE01/CAM02/S024_SE01_CAP000863_CAM02.jpg,CAL_011,right,controlled,USABLE,USABLE,INCLUDE_3D_FULL,True,True,37.77
CAP000864,S024,SE01,leaning_backward,2,02_data/private_raw/S024/SE01/CAM01/S024_SE01_CAP000864_CAM01.jpg,02_data/private_raw/S024/SE01/CAM02/S024_SE01_CAP000864_CAM02.jpg,CAL_011,right,controlled,USABLE,USABLE,INCLUDE_3D_FULL,True,True,37.53
CAP000865,S024,SE01,leaning_backward,2,02_data/private_raw/S024/SE01/CAM01/S024_SE01_CAP000865_CAM01.jpg,02_data/private_raw/S024/SE01/CAM02/S024_SE01_CAP000865_CAM02.jpg,CAL_011,right,controlled,USABLE,USABLE,INCLUDE_3D_FULL,True,True,36.85
CAP000866,S024,SE01,leaning_left,3,02_data/private_raw/S024/SE01/CAM01/S024_SE01_CAP000866_CAM01.jpg,02_data/private_raw/S024/SE01/CAM02/S024_SE01_CAP000866_CAM02.jpg,CAL_011,right,controlled,USABLE,USABLE,INCLUDE_3D_WITH_MASKING,True,True,32.68
CAP000867,S024,SE01,leaning_left,3,02_data/private_raw/S024/SE01/CAM01/S024_SE01_CAP000867_CAM01.jpg,02_data/private_raw/S024/SE01/CAM02/S024_SE01_CAP000867_CAM02.jpg,CAL_011,right,controlled,USABLE,USABLE,INCLUDE_3D_FULL,True,True,36.88
CAP000868,S024,SE01,leaning_left,3,02_data/private_raw/S024/SE01/CAM01/S024_SE01_CAP000868_CAM01.jpg,02_data/private_raw/S024/SE01/CAM02/S024_SE01_CAP000868_CAM02.jpg,CAL_011,right,controlled,USABLE,USABLE,INCLUDE_3D_FULL,True,True,37.18
CAP000869,S024,SE01,leaning_left,3,02_data/private_raw/S024/SE01/CAM01/S024_SE01_CAP000869_CAM01.jpg,02_data/private_raw/S024/SE01/CAM02/S024_SE01_CAP000869_CAM02.jpg,CAL_011,right,controlled,USABLE,USABLE,INCLUDE_3D_FULL,True,True,36.77
CAP000870,S024,SE01,leaning_right,4,02_data/private_raw/S024/SE01/CAM01/S024_SE01_CAP000870_CAM01.jpg,02_data/private_raw/S024/SE01/CAM02/S024_SE01_CAP000870_CAM02.jpg,CAL_011,right,controlled,USABLE,USABLE,INCLUDE_3D_WITH_MASKING,True,True,41.94
CAP000871,S024,SE01,leaning_right,4,02_data/private_raw/S024/SE01/CAM01/S024_SE01_CAP000871_CAM01.jpg,02_data/private_raw/S024/SE01/CAM02/S024_SE01_CAP000871_CAM02.jpg,CAL_011,right,controlled,USABLE,USABLE,INCLUDE_3D_WITH_MASKING,True,True,39.78
CAP000872,S024,SE01,leaning_right,4,02_data/private_raw/S024/SE01/CAM01/S024_SE01_CAP000872_CAM01.jpg,02_data/private_raw/S024/SE01/CAM02/S024_SE01_CAP000872_CAM02.jpg,CAL_011,right,controlled,USABLE,USABLE,INCLUDE_3D_WITH_MASKING,True,True,42.16
CAP000873,S024,SE01,leaning_right,4,02_data/private_raw/S024/SE01/CAM01/S024_SE01_CAP000873_CAM01.jpg,02_data/private_raw/S024/SE01/CAM02/S024_SE01_CAP000873_CAM02.jpg,CAL_011,right,controlled,USABLE,USABLE,INCLUDE_3D_WITH_MASKING,True,True,41.58
CAP000874,S024,SE01,leaning_right,4,02_data/private_raw/S024/SE01/CAM01/S024_SE01_CAP000874_CAM01.jpg,02_data/private_raw/S024/SE01/CAM02/S024_SE01_CAP000874_CAM02.jpg,CAL_011,right,controlled,USABLE,USABLE,INCLUDE_3D_FULL,True,True,42.52
CAP000875,S024,SE01,slouching,5,02_data/private_raw/S024/SE01/CAM01/S024_SE01_CAP000875_CAM01.jpg,02_data/private_raw/S024/SE01/CAM02/S024_SE01_CAP000875_CAM02.jpg,CAL_011,right,controlled,USABLE,USABLE,INCLUDE_3D_FULL,True,True,37.4
CAP000876,S024,SE01,slouching,5,02_data/private_raw/S024/SE01/CAM01/S024_SE01_CAP000876_CAM01.jpg,02_data/private_raw/S024/SE01/CAM02/S024_SE01_CAP000876_CAM02.jpg,CAL_011,right,controlled,USABLE,USABLE,INCLUDE_3D_FULL,True,True,37.07
CAP000877,S024,SE01,slouching,5,02_data/private_raw/S024/SE01/CAM01/S024_SE01_CAP000877_CAM01.jpg,02_data/private_raw/S024/SE01/CAM02/S024_SE01_CAP000877_CAM02.jpg,CAL_011,right,controlled,USABLE,USABLE,INCLUDE_3D_FULL,True,True,37.55
CAP000878,S024,SE01,slouching,5,02_data/private_raw/S024/SE01/CAM01/S024_SE01_CAP000878_CAM01.jpg,02_data/private_raw/S024/SE01/CAM02/S024_SE01_CAP000878_CAM02.jpg,CAL_011,right,controlled,USABLE,USABLE,INCLUDE_3D_FULL,True,True,37.88
CAP000879,S024,SE01,slouching,5,02_data/private_raw/S024/SE01/CAM01/S024_SE01_CAP000879_CAM01.jpg,02_data/private_raw/S024/SE01/CAM02/S024_SE01_CAP000879_CAM02.jpg,CAL_011,right,controlled,USABLE,USABLE,INCLUDE_3D_FULL,True,True,37.48
