image_id,capture_id,subject_id,camera_id,view_role,posture,candidates_count,status,target_area_ratio,target_conf,mean_kpt_conf,torso_kpts_valid,notes
S001_SE01_CAP000001_CAM01,CAP000001,S001,CAM01,frontal,upright,1,correct_target,0.2680000066757202,0.9273,0.7543,4,Single clean target in frame
S001_SE01_CAP000001_CAM02,CAP000001,S001,CAM02,lateral,upright,3,multiple_candidates,0.41999998688697815,0.9256,0.7162,4,Multiple candidates (3); Default YOLO correctly aligns with target
S001_SE01_CAP000002_CAM01,CAP000002,S001,CAM01,frontal,upright,1,correct_target,0.27390000224113464,0.926,0.7592,4,Single clean target in frame
S001_SE01_CAP000002_CAM02,CAP000002,S001,CAM02,lateral,upright,3,multiple_candidates,0.4198000133037567,0.9275,0.7235,4,Multiple candidates (3); Default YOLO correctly aligns with target
S001_SE01_CAP000003_CAM01,CAP000003,S001,CAM01,frontal,upright,1,correct_target,0.27300000190734863,0.9271,0.7729,4,Single clean target in frame
S001_SE01_CAP000003_CAM02,CAP000003,S001,CAM02,lateral,upright,3,multiple_candidates,0.4196000099182129,0.9263,0.7219,4,Multiple candidates (3); Default YOLO correctly aligns with target
S001_SE01_CAP000004_CAM01,CAP000004,S001,CAM01,frontal,upright,1,correct_target,0.2720000147819519,0.9254,0.7719,4,Single clean target in frame
S001_SE01_CAP000004_CAM02,CAP000004,S001,CAM02,lateral,upright,3,multiple_candidates,0.4205000102519989,0.9272,0.7171,4,Multiple candidates (3); Default YOLO correctly aligns with target
S001_SE01_CAP000005_CAM01,CAP000005,S001,CAM01,frontal,upright,1,correct_target,0.2745000123977661,0.9259,0.7665,4,Single clean target in frame
S001_SE01_CAP000005_CAM02,CAP000005,S001,CAM02,lateral,upright,2,multiple_candidates,0.41999998688697815,0.9298,0.7198,4,Multiple candidates (2); Default YOLO correctly aligns with target
S001_SE01_CAP000006_CAM01,CAP000006,S001,CAM01,frontal,leaning_forward,1,correct_target,0.3118000030517578,0.9186,0.7514,4,Single clean target in frame
S001_SE01_CAP000006_CAM02,CAP000006,S001,CAM02,lateral,leaning_forward,2,multiple_candidates,0.3208000063896179,0.942,0.5953,4,Multiple candidates (2); Default YOLO correctly aligns with target
S001_SE01_CAP000007_CAM01,CAP000007,S001,CAM01,frontal,leaning_forward,1,correct_target,0.31130000948905945,0.9233,0.7449,4,Single clean target in frame
S001_SE01_CAP000007_CAM02,CAP000007,S001,CAM02,lateral,leaning_forward,2,multiple_candidates,0.3190000057220459,0.9387,0.5931,4,Multiple candidates (2); Default YOLO correctly aligns with target
S001_SE01_CAP000008_CAM01,CAP000008,S001,CAM01,frontal,leaning_forward,1,correct_target,0.3100000023841858,0.9291,0.7339,4,Single clean target in frame
S001_SE01_CAP000008_CAM02,CAP000008,S001,CAM02,lateral,leaning_forward,2,multiple_candidates,0.3181000053882599,0.9383,0.5827,4,Multiple candidates (2); Default YOLO correctly aligns with target
S001_SE01_CAP000009_CAM01,CAP000009,S001,CAM01,frontal,leaning_forward,1,correct_target,0.3127000033855438,0.9249,0.7438,4,Single clean target in frame
S001_SE01_CAP000009_CAM02,CAP000009,S001,CAM02,lateral,leaning_forward,2,multiple_candidates,0.31839999556541443,0.9367,0.571,4,Multiple candidates (2); Default YOLO correctly aligns with target
S001_SE01_CAP000010_CAM01,CAP000010,S001,CAM01,frontal,leaning_forward,1,correct_target,0.3124000132083893,0.9226,0.7414,4,Single clean target in frame
S001_SE01_CAP000010_CAM02,CAP000010,S001,CAM02,lateral,leaning_forward,2,multiple_candidates,0.3181999921798706,0.9348,0.5664,4,Multiple candidates (2); Default YOLO correctly aligns with target
S001_SE01_CAP000011_CAM01,CAP000011,S001,CAM01,frontal,upright,2,multiple_candidates,0.2612999975681305,0.9319,0.7119,4,Multiple candidates (2); Default YOLO correctly aligns with target
S001_SE01_CAP000011_CAM02,CAP000011,S001,CAM02,lateral,upright,3,multiple_candidates,0.42719998955726624,0.9064,0.692,4,Multiple candidates (3); Default YOLO correctly aligns with target
S001_SE01_CAP000012_CAM01,CAP000012,S001,CAM01,frontal,upright,2,multiple_candidates,0.27090001106262207,0.9351,0.7171,4,Multiple candidates (2); Default YOLO correctly aligns with target
S001_SE01_CAP000012_CAM02,CAP000012,S001,CAM02,lateral,upright,2,multiple_candidates,0.41690000891685486,0.9298,0.7069,4,Multiple candidates (2); Default YOLO correctly aligns with target
S001_SE01_CAP000013_CAM01,CAP000013,S001,CAM01,frontal,upright,2,multiple_candidates,0.2770000100135803,0.9257,0.7265,4,Multiple candidates (2); Default YOLO correctly aligns with target
S001_SE01_CAP000013_CAM02,CAP000013,S001,CAM02,lateral,upright,2,multiple_candidates,0.4138999879360199,0.9322,0.7298,4,Multiple candidates (2); Default YOLO correctly aligns with target
S001_SE01_CAP000014_CAM01,CAP000014,S001,CAM01,frontal,upright,2,multiple_candidates,0.2752000093460083,0.9286,0.7201,4,Multiple candidates (2); Default YOLO correctly aligns with target
S001_SE01_CAP000014_CAM02,CAP000014,S001,CAM02,lateral,upright,2,multiple_candidates,0.4154999852180481,0.9363,0.726,4,Multiple candidates (2); Default YOLO correctly aligns with target
S001_SE01_CAP000015_CAM01,CAP000015,S001,CAM01,frontal,upright,2,multiple_candidates,0.2777000069618225,0.929,0.7355,4,Multiple candidates (2); Default YOLO correctly aligns with target
S001_SE01_CAP000015_CAM02,CAP000015,S001,CAM02,lateral,upright,2,multiple_candidates,0.42089998722076416,0.9364,0.7301,4,Multiple candidates (2); Default YOLO correctly aligns with target
S001_SE01_CAP000016_CAM01,CAP000016,S001,CAM01,frontal,leaning_forward,2,multiple_candidates,0.32199999690055847,0.9181,0.6762,4,Multiple candidates (2); Default YOLO correctly aligns with target
S001_SE01_CAP000016_CAM02,CAP000016,S001,CAM02,lateral,leaning_forward,2,multiple_candidates,0.362199991941452,0.8952,0.5861,4,Multiple candidates (2); Default YOLO correctly aligns with target
S001_SE01_CAP000017_CAM01,CAP000017,S001,CAM01,frontal,leaning_forward,2,multiple_candidates,0.29269999265670776,0.9422,0.6182,4,Multiple candidates (2); Default YOLO correctly aligns with target
S001_SE01_CAP000017_CAM02,CAP000017,S001,CAM02,lateral,leaning_forward,2,multiple_candidates,0.3301999866962433,0.911,0.4962,3,Multiple candidates (2); Default YOLO correctly aligns with target
S001_SE01_CAP000018_CAM01,CAP000018,S001,CAM01,frontal,leaning_forward,2,multiple_candidates,0.3059999942779541,0.9473,0.6545,4,Multiple candidates (2); Default YOLO correctly aligns with target
S001_SE01_CAP000018_CAM02,CAP000018,S001,CAM02,lateral,leaning_forward,2,multiple_candidates,0.3424000144004822,0.9086,0.5532,4,Multiple candidates (2); Default YOLO correctly aligns with target
S001_SE01_CAP000019_CAM01,CAP000019,S001,CAM01,frontal,leaning_forward,2,multiple_candidates,0.31299999356269836,0.9464,0.6565,4,Multiple candidates (2); Default YOLO correctly aligns with target
S001_SE01_CAP000019_CAM02,CAP000019,S001,CAM02,lateral,leaning_forward,2,multiple_candidates,0.33489999175071716,0.8967,0.5132,4,Multiple candidates (2); Default YOLO correctly aligns with target
S001_SE01_CAP000020_CAM01,CAP000020,S001,CAM01,frontal,leaning_forward,2,multiple_candidates,0.3043000102043152,0.9487,0.6595,4,Multiple candidates (2); Default YOLO correctly aligns with target
S001_SE01_CAP000020_CAM02,CAP000020,S001,CAM02,lateral,leaning_forward,2,multiple_candidates,0.3488999903202057,0.8999,0.5583,4,Multiple candidates (2); Default YOLO correctly aligns with target
S001_SE01_CAP000021_CAM01,CAP000021,S001,CAM01,frontal,leaning_backward,2,multiple_candidates,0.2831999957561493,0.9447,0.7284,4,Multiple candidates (2); Default YOLO correctly aligns with target
S001_SE01_CAP000021_CAM02,CAP000021,S001,CAM02,lateral,leaning_backward,2,multiple_candidates,0.476500004529953,0.8998,0.7346,4,Multiple candidates (2); Default YOLO correctly aligns with target
S001_SE01_CAP000022_CAM01,CAP000022,S001,CAM01,frontal,leaning_backward,2,multiple_candidates,0.27390000224113464,0.9307,0.7369,4,Multiple candidates (2); Default YOLO correctly aligns with target
S001_SE01_CAP000022_CAM02,CAP000022,S001,CAM02,lateral,leaning_backward,2,multiple_candidates,0.4778999984264374,0.9038,0.7189,4,Multiple candidates (2); Default YOLO correctly aligns with target
S001_SE01_CAP000023_CAM01,CAP000023,S001,CAM01,frontal,leaning_backward,2,multiple_candidates,0.26179999113082886,0.9157,0.7442,4,Multiple candidates (2); Default YOLO correctly aligns with target
S001_SE01_CAP000023_CAM02,CAP000023,S001,CAM02,lateral,leaning_backward,2,multiple_candidates,0.4700999855995178,0.862,0.7057,4,Multiple candidates (2); Default YOLO correctly aligns with target
S001_SE01_CAP000024_CAM01,CAP000024,S001,CAM01,frontal,leaning_backward,2,multiple_candidates,0.26179999113082886,0.9199,0.7616,4,Multiple candidates (2); Default YOLO correctly aligns with target
S001_SE01_CAP000024_CAM02,CAP000024,S001,CAM02,lateral,leaning_backward,2,multiple_candidates,0.4717000126838684,0.8502,0.7114,4,Multiple candidates (2); Default YOLO correctly aligns with target
S001_SE01_CAP000025_CAM01,CAP000025,S001,CAM01,frontal,leaning_backward,2,multiple_candidates,0.25850000977516174,0.9176,0.7477,4,Multiple candidates (2); Default YOLO correctly aligns with target
S001_SE01_CAP000025_CAM02,CAP000025,S001,CAM02,lateral,leaning_backward,2,multiple_candidates,0.46970000863075256,0.8663,0.7214,4,Multiple candidates (2); Default YOLO correctly aligns with target
S001_SE01_CAP000026_CAM01,CAP000026,S001,CAM01,frontal,leaning_left,2,multiple_candidates,0.29820001125335693,0.8919,0.7336,4,Multiple candidates (2); Default YOLO correctly aligns with target
S001_SE01_CAP000026_CAM02,CAP000026,S001,CAM02,lateral,leaning_left,3,multiple_candidates,0.33079999685287476,0.8823,0.7258,4,Multiple candidates (3); Default YOLO correctly aligns with target
S001_SE01_CAP000027_CAM01,CAP000027,S001,CAM01,frontal,leaning_left,2,multiple_candidates,0.33000001311302185,0.7685,0.7637,4,Multiple candidates (2); Default YOLO correctly aligns with target
S001_SE01_CAP000027_CAM02,CAP000027,S001,CAM02,lateral,leaning_left,2,multiple_candidates,0.32440000772476196,0.9308,0.7324,4,Multiple candidates (2); Default YOLO correctly aligns with target
S001_SE01_CAP000028_CAM01,CAP000028,S001,CAM01,frontal,leaning_left,2,multiple_candidates,0.31850001215934753,0.8609,0.7458,4,Multiple candidates (2); Default YOLO correctly aligns with target
S001_SE01_CAP000028_CAM02,CAP000028,S001,CAM02,lateral,leaning_left,3,multiple_candidates,0.32359999418258667,0.9332,0.7407,4,Multiple candidates (3); Default YOLO correctly aligns with target
S001_SE01_CAP000029_CAM01,CAP000029,S001,CAM01,frontal,leaning_left,2,multiple_candidates,0.3172000050544739,0.8691,0.754,4,Multiple candidates (2); Default YOLO correctly aligns with target
S001_SE01_CAP000029_CAM02,CAP000029,S001,CAM02,lateral,leaning_left,1,correct_target,0.3140000104904175,0.935,0.7319,4,Single clean target in frame
S001_SE01_CAP000030_CAM01,CAP000030,S001,CAM01,frontal,leaning_left,2,multiple_candidates,0.32760000228881836,0.7525,0.7618,4,Multiple candidates (2); Default YOLO correctly aligns with target
S001_SE01_CAP000030_CAM02,CAP000030,S001,CAM02,lateral,leaning_left,2,multiple_candidates,0.3228999972343445,0.9298,0.7294,4,Multiple candidates (2); Default YOLO correctly aligns with target
S001_SE01_CAP000031_CAM01,CAP000031,S001,CAM01,frontal,leaning_right,2,multiple_candidates,0.4268999993801117,0.8797,0.7319,4,Multiple candidates (2); Default YOLO correctly aligns with target
S001_SE01_CAP000031_CAM02,CAP000031,S001,CAM02,lateral,leaning_right,3,multiple_candidates,0.4032000005245209,0.8903,0.5864,4,Multiple candidates (3); Default YOLO correctly aligns with target
S001_SE01_CAP000032_CAM01,CAP000032,S001,CAM01,frontal,leaning_right,3,multiple_candidates,0.45820000767707825,0.7708,0.7432,4,Multiple candidates (3); Default YOLO correctly aligns with target
S001_SE01_CAP000032_CAM02,CAP000032,S001,CAM02,lateral,leaning_right,2,multiple_candidates,0.45559999346733093,0.8701,0.5802,4,Multiple candidates (2); Default YOLO correctly aligns with target
S001_SE01_CAP000033_CAM01,CAP000033,S001,CAM01,frontal,leaning_right,3,multiple_candidates,0.45989999175071716,0.7753,0.7413,4,Multiple candidates (3); Default YOLO correctly aligns with target
S001_SE01_CAP000033_CAM02,CAP000033,S001,CAM02,lateral,leaning_right,3,multiple_candidates,0.453900009393692,0.8303,0.5684,4,Multiple candidates (3); Default YOLO correctly aligns with target
S001_SE01_CAP000034_CAM01,CAP000034,S001,CAM01,frontal,leaning_right,2,multiple_candidates,0.4462999999523163,0.9124,0.7716,4,Multiple candidates (2); Default YOLO correctly aligns with target
S001_SE01_CAP000034_CAM02,CAP000034,S001,CAM02,lateral,leaning_right,3,wrong_person_risk,0.00800000037997961,0.2261,0.3426,4,Multiple candidates (3); Default YOLO picks non-target candidate 0!
S001_SE01_CAP000035_CAM01,CAP000035,S001,CAM01,frontal,leaning_right,2,multiple_candidates,0.4424999952316284,0.914,0.779,4,Multiple candidates (2); Default YOLO correctly aligns with target
S001_SE01_CAP000035_CAM02,CAP000035,S001,CAM02,lateral,leaning_right,4,wrong_person_risk,0.008200000040233135,0.1717,0.3261,4,Multiple candidates (4); Default YOLO picks non-target candidate 0!
S001_SE01_CAP000036_CAM01,CAP000036,S001,CAM01,frontal,slouching,2,multiple_candidates,0.296099990606308,0.9338,0.7516,4,Multiple candidates (2); Default YOLO correctly aligns with target
S001_SE01_CAP000036_CAM02,CAP000036,S001,CAM02,lateral,slouching,2,multiple_candidates,0.3312000036239624,0.9239,0.6175,4,Multiple candidates (2); Default YOLO correctly aligns with target
S001_SE01_CAP000037_CAM01,CAP000037,S001,CAM01,frontal,slouching,2,multiple_candidates,0.3140999972820282,0.9235,0.7481,4,Multiple candidates (2); Default YOLO correctly aligns with target
S001_SE01_CAP000037_CAM02,CAP000037,S001,CAM02,lateral,slouching,1,correct_target,0.3319999873638153,0.9265,0.6844,4,Single clean target in frame
S001_SE01_CAP000038_CAM01,CAP000038,S001,CAM01,frontal,slouching,2,multiple_candidates,0.28459998965263367,0.9242,0.7524,4,Multiple candidates (2); Default YOLO correctly aligns with target
S001_SE01_CAP000038_CAM02,CAP000038,S001,CAM02,lateral,slouching,3,multiple_candidates,0.2639999985694885,0.8028,0.6409,4,Multiple candidates (3); Default YOLO correctly aligns with target
S001_SE01_CAP000039_CAM01,CAP000039,S001,CAM01,frontal,slouching,2,multiple_candidates,0.29910001158714294,0.923,0.7442,4,Multiple candidates (2); Default YOLO correctly aligns with target
S001_SE01_CAP000039_CAM02,CAP000039,S001,CAM02,lateral,slouching,2,multiple_candidates,0.2964000105857849,0.9114,0.6525,4,Multiple candidates (2); Default YOLO correctly aligns with target
S001_SE01_CAP000040_CAM01,CAP000040,S001,CAM01,frontal,slouching,2,multiple_candidates,0.3003000020980835,0.9183,0.7745,4,Multiple candidates (2); Default YOLO correctly aligns with target
S001_SE01_CAP000040_CAM02,CAP000040,S001,CAM02,lateral,slouching,2,multiple_candidates,0.3472999930381775,0.9249,0.6968,4,Multiple candidates (2); Default YOLO correctly aligns with target
S001_SE01_CAP000041_CAM01,CAP000041,S001,CAM01,frontal,forward_head,2,multiple_candidates,0.28380000591278076,0.9261,0.7734,4,Multiple candidates (2); Default YOLO correctly aligns with target
S001_SE01_CAP000041_CAM02,CAP000041,S001,CAM02,lateral,forward_head,1,correct_target,0.34209999442100525,0.9188,0.6824,4,Single clean target in frame
S001_SE01_CAP000042_CAM01,CAP000042,S001,CAM01,frontal,forward_head,2,multiple_candidates,0.2786000072956085,0.9316,0.7744,4,Multiple candidates (2); Default YOLO correctly aligns with target
S001_SE01_CAP000042_CAM02,CAP000042,S001,CAM02,lateral,forward_head,1,correct_target,0.33009999990463257,0.9091,0.6874,4,Single clean target in frame
S001_SE01_CAP000043_CAM01,CAP000043,S001,CAM01,frontal,forward_head,2,multiple_candidates,0.2840999960899353,0.9293,0.7724,4,Multiple candidates (2); Default YOLO correctly aligns with target
S001_SE01_CAP000043_CAM02,CAP000043,S001,CAM02,lateral,forward_head,1,correct_target,0.33219999074935913,0.915,0.6963,4,Single clean target in frame
S001_SE01_CAP000044_CAM01,CAP000044,S001,CAM01,frontal,forward_head,2,multiple_candidates,0.2808000147342682,0.9225,0.7718,4,Multiple candidates (2); Default YOLO correctly aligns with target
S001_SE01_CAP000044_CAM02,CAP000044,S001,CAM02,lateral,forward_head,2,multiple_candidates,0.3156999945640564,0.9044,0.6892,4,Multiple candidates (2); Default YOLO correctly aligns with target
S001_SE01_CAP000045_CAM01,CAP000045,S001,CAM01,frontal,forward_head,2,multiple_candidates,0.28189998865127563,0.9243,0.7651,4,Multiple candidates (2); Default YOLO correctly aligns with target
S001_SE01_CAP000045_CAM02,CAP000045,S001,CAM02,lateral,forward_head,1,correct_target,0.3237000107765198,0.911,0.6711,4,Single clean target in frame
S001_SE01_CAP000046_CAM01,CAP000046,S001,CAM01,frontal,reject,5,multiple_candidates,0.37209999561309814,0.9331,0.3582,2,Multiple candidates (5); Default YOLO correctly aligns with target
S001_SE01_CAP000046_CAM02,CAP000046,S001,CAM02,lateral,reject,2,wrong_person_risk,0.40139999985694885,0.6801,0.265,2,Multiple candidates (2); Default YOLO picks non-target candidate 0!
S001_SE01_CAP000047_CAM01,CAP000047,S001,CAM01,frontal,reject,0,no_target_detected,0.0,0.0,0.0,0,Empty chair or subject out of frame
S001_SE01_CAP000047_CAM02,CAP000047,S001,CAM02,lateral,reject,0,no_target_detected,0.0,0.0,0.0,0,Empty chair or subject out of frame
S002_SE01_CAP000048_CAM01,CAP000048,S002,CAM01,frontal,upright,2,multiple_candidates,0.3165000081062317,0.934,0.7157,4,Multiple candidates (2); Default YOLO correctly aligns with target
S002_SE01_CAP000048_CAM02,CAP000048,S002,CAM02,lateral,upright,2,multiple_candidates,0.40799999237060547,0.9192,0.6243,4,Multiple candidates (2); Default YOLO correctly aligns with target
S002_SE01_CAP000049_CAM01,CAP000049,S002,CAM01,frontal,upright,2,multiple_candidates,0.31529998779296875,0.9309,0.71,4,Multiple candidates (2); Default YOLO correctly aligns with target
S002_SE01_CAP000049_CAM02,CAP000049,S002,CAM02,lateral,upright,1,correct_target,0.4092999994754791,0.9299,0.6448,4,Single clean target in frame
S002_SE01_CAP000050_CAM01,CAP000050,S002,CAM01,frontal,upright,2,multiple_candidates,0.3138999938964844,0.9327,0.7109,4,Multiple candidates (2); Default YOLO correctly aligns with target
S002_SE01_CAP000050_CAM02,CAP000050,S002,CAM02,lateral,upright,2,multiple_candidates,0.4081000089645386,0.9278,0.6414,4,Multiple candidates (2); Default YOLO correctly aligns with target
S002_SE01_CAP000051_CAM01,CAP000051,S002,CAM01,frontal,upright,2,multiple_candidates,0.31360000371932983,0.9357,0.704,4,Multiple candidates (2); Default YOLO correctly aligns with target
S002_SE01_CAP000051_CAM02,CAP000051,S002,CAM02,lateral,upright,2,multiple_candidates,0.40799999237060547,0.9335,0.6368,4,Multiple candidates (2); Default YOLO correctly aligns with target
S002_SE01_CAP000052_CAM01,CAP000052,S002,CAM01,frontal,upright,1,correct_target,0.31279999017715454,0.9353,0.7065,4,Single clean target in frame
S002_SE01_CAP000052_CAM02,CAP000052,S002,CAM02,lateral,upright,1,correct_target,0.4081999957561493,0.9297,0.6308,4,Single clean target in frame
S002_SE01_CAP000053_CAM01,CAP000053,S002,CAM01,frontal,leaning_forward,1,correct_target,0.38929998874664307,0.9253,0.7013,4,Single clean target in frame
S002_SE01_CAP000053_CAM02,CAP000053,S002,CAM02,lateral,leaning_forward,2,multiple_candidates,0.3296000063419342,0.9418,0.6161,4,Multiple candidates (2); Default YOLO correctly aligns with target
S002_SE01_CAP000054_CAM01,CAP000054,S002,CAM01,frontal,leaning_forward,2,multiple_candidates,0.38670000433921814,0.925,0.6959,4,Multiple candidates (2); Default YOLO correctly aligns with target
S002_SE01_CAP000054_CAM02,CAP000054,S002,CAM02,lateral,leaning_forward,3,multiple_candidates,0.33329999446868896,0.9285,0.5805,4,Multiple candidates (3); Default YOLO correctly aligns with target
S002_SE01_CAP000055_CAM01,CAP000055,S002,CAM01,frontal,leaning_forward,2,multiple_candidates,0.3878999948501587,0.9254,0.6978,4,Multiple candidates (2); Default YOLO correctly aligns with target
S002_SE01_CAP000055_CAM02,CAP000055,S002,CAM02,lateral,leaning_forward,2,multiple_candidates,0.33410000801086426,0.9289,0.5754,4,Multiple candidates (2); Default YOLO correctly aligns with target
S002_SE01_CAP000056_CAM01,CAP000056,S002,CAM01,frontal,leaning_forward,1,correct_target,0.3880999982357025,0.9263,0.6969,4,Single clean target in frame
S002_SE01_CAP000056_CAM02,CAP000056,S002,CAM02,lateral,leaning_forward,2,multiple_candidates,0.3375000059604645,0.9271,0.5866,4,Multiple candidates (2); Default YOLO correctly aligns with target
S002_SE01_CAP000057_CAM01,CAP000057,S002,CAM01,frontal,leaning_forward,2,multiple_candidates,0.3862999975681305,0.9273,0.6967,4,Multiple candidates (2); Default YOLO correctly aligns with target
S002_SE01_CAP000057_CAM02,CAP000057,S002,CAM02,lateral,leaning_forward,3,multiple_candidates,0.33799999952316284,0.9264,0.5857,4,Multiple candidates (3); Default YOLO correctly aligns with target
S002_SE01_CAP000058_CAM01,CAP000058,S002,CAM01,frontal,leaning_backward,1,correct_target,0.29989999532699585,0.9344,0.7124,4,Single clean target in frame
S002_SE01_CAP000058_CAM02,CAP000058,S002,CAM02,lateral,leaning_backward,4,multiple_candidates,0.5728999972343445,0.8654,0.6817,4,Multiple candidates (4); Default YOLO correctly aligns with target
S002_SE01_CAP000059_CAM01,CAP000059,S002,CAM01,frontal,leaning_backward,1,correct_target,0.29919999837875366,0.9356,0.708,4,Single clean target in frame
S002_SE01_CAP000059_CAM02,CAP000059,S002,CAM02,lateral,leaning_backward,2,multiple_candidates,0.4429999887943268,0.8765,0.6652,4,Multiple candidates (2); Default YOLO correctly aligns with target
S002_SE01_CAP000060_CAM01,CAP000060,S002,CAM01,frontal,leaning_backward,1,correct_target,0.2985999882221222,0.9347,0.7075,4,Single clean target in frame
S002_SE01_CAP000060_CAM02,CAP000060,S002,CAM02,lateral,leaning_backward,2,multiple_candidates,0.459199994802475,0.8609,0.6601,4,Multiple candidates (2); Default YOLO correctly aligns with target
S002_SE01_CAP000061_CAM01,CAP000061,S002,CAM01,frontal,leaning_backward,1,correct_target,0.29910001158714294,0.9351,0.7086,4,Single clean target in frame
S002_SE01_CAP000061_CAM02,CAP000061,S002,CAM02,lateral,leaning_backward,2,multiple_candidates,0.45910000801086426,0.8578,0.6653,4,Multiple candidates (2); Default YOLO correctly aligns with target
S002_SE01_CAP000062_CAM01,CAP000062,S002,CAM01,frontal,leaning_backward,1,correct_target,0.29910001158714294,0.9345,0.7068,4,Single clean target in frame
S002_SE01_CAP000062_CAM02,CAP000062,S002,CAM02,lateral,leaning_backward,2,multiple_candidates,0.5656999945640564,0.8401,0.676,4,Multiple candidates (2); Default YOLO correctly aligns with target
S002_SE01_CAP000063_CAM01,CAP000063,S002,CAM01,frontal,leaning_left,2,multiple_candidates,0.3183000087738037,0.9275,0.7213,4,Multiple candidates (2); Default YOLO correctly aligns with target
S002_SE01_CAP000063_CAM02,CAP000063,S002,CAM02,lateral,leaning_left,1,correct_target,0.336899995803833,0.9209,0.6969,4,Single clean target in frame
S002_SE01_CAP000064_CAM01,CAP000064,S002,CAM01,frontal,leaning_left,2,multiple_candidates,0.31200000643730164,0.9188,0.7435,4,Multiple candidates (2); Default YOLO correctly aligns with target
S002_SE01_CAP000064_CAM02,CAP000064,S002,CAM02,lateral,leaning_left,2,multiple_candidates,0.3368000090122223,0.927,0.6963,4,Multiple candidates (2); Default YOLO correctly aligns with target
S002_SE01_CAP000065_CAM01,CAP000065,S002,CAM01,frontal,leaning_left,2,multiple_candidates,0.3125999867916107,0.9194,0.7411,4,Multiple candidates (2); Default YOLO correctly aligns with target
S002_SE01_CAP000065_CAM02,CAP000065,S002,CAM02,lateral,leaning_left,2,multiple_candidates,0.33869999647140503,0.9269,0.6965,4,Multiple candidates (2); Default YOLO correctly aligns with target
S002_SE01_CAP000066_CAM01,CAP000066,S002,CAM01,frontal,leaning_left,1,correct_target,0.3122999966144562,0.9187,0.7372,4,Single clean target in frame
S002_SE01_CAP000066_CAM02,CAP000066,S002,CAM02,lateral,leaning_left,2,multiple_candidates,0.3375000059604645,0.9229,0.6985,4,Multiple candidates (2); Default YOLO correctly aligns with target
S002_SE01_CAP000067_CAM01,CAP000067,S002,CAM01,frontal,leaning_left,1,correct_target,0.311599999666214,0.9181,0.7449,4,Single clean target in frame
S002_SE01_CAP000067_CAM02,CAP000067,S002,CAM02,lateral,leaning_left,2,multiple_candidates,0.33739998936653137,0.9257,0.6987,4,Multiple candidates (2); Default YOLO correctly aligns with target
S002_SE01_CAP000068_CAM01,CAP000068,S002,CAM01,frontal,leaning_right,2,multiple_candidates,0.34950000047683716,0.9322,0.7325,4,Multiple candidates (2); Default YOLO correctly aligns with target
S002_SE01_CAP000068_CAM02,CAP000068,S002,CAM02,lateral,leaning_right,3,multiple_candidates,0.3880000114440918,0.9256,0.6007,4,Multiple candidates (3); Default YOLO correctly aligns with target
S002_SE01_CAP000069_CAM01,CAP000069,S002,CAM01,frontal,leaning_right,1,correct_target,0.35100001096725464,0.9355,0.7361,4,Single clean target in frame
S002_SE01_CAP000069_CAM02,CAP000069,S002,CAM02,lateral,leaning_right,3,multiple_candidates,0.38609999418258667,0.9234,0.5991,4,Multiple candidates (3); Default YOLO correctly aligns with target
S002_SE01_CAP000070_CAM01,CAP000070,S002,CAM01,frontal,leaning_right,1,correct_target,0.35120001435279846,0.9362,0.7335,4,Single clean target in frame
S002_SE01_CAP000070_CAM02,CAP000070,S002,CAM02,lateral,leaning_right,3,multiple_candidates,0.38499999046325684,0.9196,0.6117,4,Multiple candidates (3); Default YOLO correctly aligns with target
S002_SE01_CAP000071_CAM01,CAP000071,S002,CAM01,frontal,leaning_right,2,multiple_candidates,0.3497999906539917,0.934,0.7304,4,Multiple candidates (2); Default YOLO correctly aligns with target
S002_SE01_CAP000071_CAM02,CAP000071,S002,CAM02,lateral,leaning_right,3,multiple_candidates,0.3831000030040741,0.9202,0.6087,4,Multiple candidates (3); Default YOLO correctly aligns with target
S002_SE01_CAP000072_CAM01,CAP000072,S002,CAM01,frontal,leaning_right,1,correct_target,0.34929999709129333,0.9338,0.7335,4,Single clean target in frame
S002_SE01_CAP000072_CAM02,CAP000072,S002,CAM02,lateral,leaning_right,3,multiple_candidates,0.3855000138282776,0.9174,0.6067,4,Multiple candidates (3); Default YOLO correctly aligns with target
S002_SE01_CAP000073_CAM01,CAP000073,S002,CAM01,frontal,slouching,1,correct_target,0.31470000743865967,0.9221,0.6761,4,Single clean target in frame
S002_SE01_CAP000073_CAM02,CAP000073,S002,CAM02,lateral,slouching,3,multiple_candidates,0.351500004529953,0.9427,0.5942,4,Multiple candidates (3); Default YOLO correctly aligns with target
S002_SE01_CAP000074_CAM01,CAP000074,S002,CAM01,frontal,slouching,2,multiple_candidates,0.311599999666214,0.9291,0.6697,4,Multiple candidates (2); Default YOLO correctly aligns with target
S002_SE01_CAP000074_CAM02,CAP000074,S002,CAM02,lateral,slouching,3,multiple_candidates,0.35929998755455017,0.941,0.6016,4,Multiple candidates (3); Default YOLO correctly aligns with target
S002_SE01_CAP000075_CAM01,CAP000075,S002,CAM01,frontal,slouching,1,correct_target,0.310699999332428,0.9266,0.6745,4,Single clean target in frame
S002_SE01_CAP000075_CAM02,CAP000075,S002,CAM02,lateral,slouching,3,multiple_candidates,0.35850000381469727,0.9394,0.5941,4,Multiple candidates (3); Default YOLO correctly aligns with target
S002_SE01_CAP000076_CAM01,CAP000076,S002,CAM01,frontal,slouching,1,correct_target,0.31130000948905945,0.9283,0.6701,4,Single clean target in frame
S002_SE01_CAP000076_CAM02,CAP000076,S002,CAM02,lateral,slouching,1,correct_target,0.35740000009536743,0.9461,0.5663,4,Single clean target in frame
S002_SE01_CAP000077_CAM01,CAP000077,S002,CAM01,frontal,slouching,1,correct_target,0.31040000915527344,0.929,0.6688,4,Single clean target in frame
S002_SE01_CAP000077_CAM02,CAP000077,S002,CAM02,lateral,slouching,2,multiple_candidates,0.35679998993873596,0.9453,0.5793,4,Multiple candidates (2); Default YOLO correctly aligns with target
S002_SE01_CAP000078_CAM01,CAP000078,S002,CAM01,frontal,forward_head,2,multiple_candidates,0.2962999939918518,0.9374,0.6981,4,Multiple candidates (2); Default YOLO correctly aligns with target
S002_SE01_CAP000078_CAM02,CAP000078,S002,CAM02,lateral,forward_head,2,multiple_candidates,0.32260000705718994,0.9273,0.6031,4,Multiple candidates (2); Default YOLO correctly aligns with target
S002_SE01_CAP000079_CAM01,CAP000079,S002,CAM01,frontal,forward_head,2,multiple_candidates,0.2930000126361847,0.9391,0.6972,4,Multiple candidates (2); Default YOLO correctly aligns with target
S002_SE01_CAP000079_CAM02,CAP000079,S002,CAM02,lateral,forward_head,3,multiple_candidates,0.3224000036716461,0.9288,0.6041,4,Multiple candidates (3); Default YOLO correctly aligns with target
S002_SE01_CAP000080_CAM01,CAP000080,S002,CAM01,frontal,forward_head,2,multiple_candidates,0.30000001192092896,0.9312,0.7038,4,Multiple candidates (2); Default YOLO correctly aligns with target
S002_SE01_CAP000080_CAM02,CAP000080,S002,CAM02,lateral,forward_head,2,multiple_candidates,0.3393999934196472,0.9276,0.6554,4,Multiple candidates (2); Default YOLO correctly aligns with target
S002_SE01_CAP000081_CAM01,CAP000081,S002,CAM01,frontal,forward_head,2,multiple_candidates,0.30079999566078186,0.929,0.7029,4,Multiple candidates (2); Default YOLO correctly aligns with target
S002_SE01_CAP000081_CAM02,CAP000081,S002,CAM02,lateral,forward_head,3,multiple_candidates,0.33489999175071716,0.9341,0.6457,4,Multiple candidates (3); Default YOLO correctly aligns with target
S002_SE01_CAP000082_CAM01,CAP000082,S002,CAM01,frontal,forward_head,2,multiple_candidates,0.3019999861717224,0.9283,0.7086,4,Multiple candidates (2); Default YOLO correctly aligns with target
S002_SE01_CAP000082_CAM02,CAP000082,S002,CAM02,lateral,forward_head,3,multiple_candidates,0.3391999900341034,0.9336,0.6556,4,Multiple candidates (3); Default YOLO correctly aligns with target
S003_SE01_CAP000083_CAM01,CAP000083,S003,CAM01,frontal,upright,2,multiple_candidates,0.22169999778270721,0.9255,0.8621,4,Multiple candidates (2); Default YOLO correctly aligns with target
S003_SE01_CAP000083_CAM02,CAP000083,S003,CAM02,lateral,upright,2,multiple_candidates,0.23929999768733978,0.931,0.7165,4,Multiple candidates (2); Default YOLO correctly aligns with target
S003_SE01_CAP000084_CAM01,CAP000084,S003,CAM01,frontal,upright,2,multiple_candidates,0.21870000660419464,0.9284,0.8566,4,Multiple candidates (2); Default YOLO correctly aligns with target
S003_SE01_CAP000084_CAM02,CAP000084,S003,CAM02,lateral,upright,2,multiple_candidates,0.23770000040531158,0.9283,0.7188,4,Multiple candidates (2); Default YOLO correctly aligns with target
S003_SE01_CAP000085_CAM01,CAP000085,S003,CAM01,frontal,upright,2,multiple_candidates,0.21860000491142273,0.9296,0.8611,4,Multiple candidates (2); Default YOLO correctly aligns with target
S003_SE01_CAP000085_CAM02,CAP000085,S003,CAM02,lateral,upright,3,multiple_candidates,0.23829999566078186,0.932,0.7231,4,Multiple candidates (3); Default YOLO correctly aligns with target
S003_SE01_CAP000086_CAM01,CAP000086,S003,CAM01,frontal,upright,2,multiple_candidates,0.219200000166893,0.929,0.8653,4,Multiple candidates (2); Default YOLO correctly aligns with target
S003_SE01_CAP000086_CAM02,CAP000086,S003,CAM02,lateral,upright,3,multiple_candidates,0.23839999735355377,0.9303,0.7233,4,Multiple candidates (3); Default YOLO correctly aligns with target
S003_SE01_CAP000087_CAM01,CAP000087,S003,CAM01,frontal,upright,2,multiple_candidates,0.22130000591278076,0.9249,0.8679,4,Multiple candidates (2); Default YOLO correctly aligns with target
S003_SE01_CAP000087_CAM02,CAP000087,S003,CAM02,lateral,upright,2,multiple_candidates,0.23810000717639923,0.9291,0.7267,4,Multiple candidates (2); Default YOLO correctly aligns with target
S003_SE01_CAP000088_CAM01,CAP000088,S003,CAM01,frontal,leaning_forward,1,correct_target,0.23639999330043793,0.9306,0.863,4,Single clean target in frame
S003_SE01_CAP000088_CAM02,CAP000088,S003,CAM02,lateral,leaning_forward,4,multiple_candidates,0.19990000128746033,0.9309,0.6689,4,Multiple candidates (4); Default YOLO correctly aligns with target
S003_SE01_CAP000089_CAM01,CAP000089,S003,CAM01,frontal,leaning_forward,2,multiple_candidates,0.23669999837875366,0.9292,0.8645,4,Multiple candidates (2); Default YOLO correctly aligns with target
S003_SE01_CAP000089_CAM02,CAP000089,S003,CAM02,lateral,leaning_forward,3,multiple_candidates,0.20000000298023224,0.9314,0.6772,4,Multiple candidates (3); Default YOLO correctly aligns with target
S003_SE01_CAP000090_CAM01,CAP000090,S003,CAM01,frontal,leaning_forward,1,correct_target,0.23729999363422394,0.9289,0.8605,4,Single clean target in frame
S003_SE01_CAP000090_CAM02,CAP000090,S003,CAM02,lateral,leaning_forward,4,multiple_candidates,0.20270000398159027,0.9312,0.6637,4,Multiple candidates (4); Default YOLO correctly aligns with target
S003_SE01_CAP000091_CAM01,CAP000091,S003,CAM01,frontal,leaning_forward,2,multiple_candidates,0.23690000176429749,0.9304,0.8615,4,Multiple candidates (2); Default YOLO correctly aligns with target
S003_SE01_CAP000091_CAM02,CAP000091,S003,CAM02,lateral,leaning_forward,3,multiple_candidates,0.20100000500679016,0.9361,0.6687,4,Multiple candidates (3); Default YOLO correctly aligns with target
S003_SE01_CAP000092_CAM01,CAP000092,S003,CAM01,frontal,leaning_forward,2,multiple_candidates,0.23690000176429749,0.9295,0.8624,4,Multiple candidates (2); Default YOLO correctly aligns with target
S003_SE01_CAP000092_CAM02,CAP000092,S003,CAM02,lateral,leaning_forward,3,multiple_candidates,0.2021999955177307,0.9326,0.6773,4,Multiple candidates (3); Default YOLO correctly aligns with target
S003_SE01_CAP000093_CAM01,CAP000093,S003,CAM01,frontal,leaning_backward,2,multiple_candidates,0.21480000019073486,0.9189,0.8558,4,Multiple candidates (2); Default YOLO correctly aligns with target
S003_SE01_CAP000093_CAM02,CAP000093,S003,CAM02,lateral,leaning_backward,3,multiple_candidates,0.2773999869823456,0.909,0.6954,4,Multiple candidates (3); Default YOLO correctly aligns with target
S003_SE01_CAP000094_CAM01,CAP000094,S003,CAM01,frontal,leaning_backward,1,correct_target,0.21400000154972076,0.9184,0.8562,4,Single clean target in frame
S003_SE01_CAP000094_CAM02,CAP000094,S003,CAM02,lateral,leaning_backward,3,multiple_candidates,0.28060001134872437,0.9056,0.7582,4,Multiple candidates (3); Default YOLO correctly aligns with target
S003_SE01_CAP000095_CAM01,CAP000095,S003,CAM01,frontal,leaning_backward,1,correct_target,0.2143000066280365,0.9154,0.8526,4,Single clean target in frame
S003_SE01_CAP000095_CAM02,CAP000095,S003,CAM02,lateral,leaning_backward,4,multiple_candidates,0.27900001406669617,0.9145,0.7229,4,Multiple candidates (4); Default YOLO correctly aligns with target
S003_SE01_CAP000096_CAM01,CAP000096,S003,CAM01,frontal,leaning_backward,2,multiple_candidates,0.21490000188350677,0.9191,0.8574,4,Multiple candidates (2); Default YOLO correctly aligns with target
S003_SE01_CAP000096_CAM02,CAP000096,S003,CAM02,lateral,leaning_backward,3,multiple_candidates,0.28029999136924744,0.9108,0.7111,4,Multiple candidates (3); Default YOLO correctly aligns with target
S003_SE01_CAP000097_CAM01,CAP000097,S003,CAM01,frontal,leaning_backward,2,multiple_candidates,0.21400000154972076,0.9168,0.8552,4,Multiple candidates (2); Default YOLO correctly aligns with target
S003_SE01_CAP000097_CAM02,CAP000097,S003,CAM02,lateral,leaning_backward,3,multiple_candidates,0.2800999879837036,0.9095,0.7148,4,Multiple candidates (3); Default YOLO correctly aligns with target
S003_SE01_CAP000098_CAM01,CAP000098,S003,CAM01,frontal,leaning_left,2,multiple_candidates,0.24140000343322754,0.9329,0.8623,4,Multiple candidates (2); Default YOLO correctly aligns with target
S003_SE01_CAP000098_CAM02,CAP000098,S003,CAM02,lateral,leaning_left,2,multiple_candidates,0.24400000274181366,0.9086,0.6322,4,Multiple candidates (2); Default YOLO correctly aligns with target
S003_SE01_CAP000099_CAM01,CAP000099,S003,CAM01,frontal,leaning_left,2,multiple_candidates,0.24269999563694,0.933,0.8629,4,Multiple candidates (2); Default YOLO correctly aligns with target
S003_SE01_CAP000099_CAM02,CAP000099,S003,CAM02,lateral,leaning_left,1,correct_target,0.243599995970726,0.9175,0.64,4,Single clean target in frame
S003_SE01_CAP000100_CAM01,CAP000100,S003,CAM01,frontal,leaning_left,2,multiple_candidates,0.2418999969959259,0.9303,0.8611,4,Multiple candidates (2); Default YOLO correctly aligns with target
S003_SE01_CAP000100_CAM02,CAP000100,S003,CAM02,lateral,leaning_left,1,correct_target,0.24269999563694,0.9234,0.633,4,Single clean target in frame
S003_SE01_CAP000101_CAM01,CAP000101,S003,CAM01,frontal,leaning_left,1,correct_target,0.24310000240802765,0.9291,0.8616,4,Single clean target in frame
S003_SE01_CAP000101_CAM02,CAP000101,S003,CAM02,lateral,leaning_left,3,multiple_candidates,0.2434999942779541,0.9162,0.6341,4,Multiple candidates (3); Default YOLO correctly aligns with target
S003_SE01_CAP000102_CAM01,CAP000102,S003,CAM01,frontal,leaning_left,1,correct_target,0.24330000579357147,0.9331,0.8647,4,Single clean target in frame
S003_SE01_CAP000102_CAM02,CAP000102,S003,CAM02,lateral,leaning_left,1,correct_target,0.24199999868869781,0.9163,0.6285,4,Single clean target in frame
S003_SE01_CAP000103_CAM01,CAP000103,S003,CAM01,frontal,leaning_right,1,correct_target,0.22010000050067902,0.9177,0.8776,4,Single clean target in frame
S003_SE01_CAP000103_CAM02,CAP000103,S003,CAM02,lateral,leaning_right,1,correct_target,0.219200000166893,0.9115,0.7054,4,Single clean target in frame
S003_SE01_CAP000104_CAM01,CAP000104,S003,CAM01,frontal,leaning_right,1,correct_target,0.22269999980926514,0.9166,0.8695,4,Single clean target in frame
S003_SE01_CAP000104_CAM02,CAP000104,S003,CAM02,lateral,leaning_right,1,correct_target,0.21899999678134918,0.9158,0.7094,4,Single clean target in frame
S003_SE01_CAP000105_CAM01,CAP000105,S003,CAM01,frontal,leaning_right,1,correct_target,0.22040000557899475,0.9164,0.8736,4,Single clean target in frame
S003_SE01_CAP000105_CAM02,CAP000105,S003,CAM02,lateral,leaning_right,2,multiple_candidates,0.21610000729560852,0.9105,0.6954,4,Multiple candidates (2); Default YOLO correctly aligns with target
S003_SE01_CAP000106_CAM01,CAP000106,S003,CAM01,frontal,leaning_right,2,multiple_candidates,0.22120000422000885,0.9174,0.8684,4,Multiple candidates (2); Default YOLO correctly aligns with target
S003_SE01_CAP000106_CAM02,CAP000106,S003,CAM02,lateral,leaning_right,1,correct_target,0.2190999984741211,0.9155,0.7329,4,Single clean target in frame
S003_SE01_CAP000107_CAM01,CAP000107,S003,CAM01,frontal,leaning_right,2,multiple_candidates,0.21789999306201935,0.9178,0.8753,4,Multiple candidates (2); Default YOLO correctly aligns with target
S003_SE01_CAP000107_CAM02,CAP000107,S003,CAM02,lateral,leaning_right,3,multiple_candidates,0.22040000557899475,0.9185,0.7318,4,Multiple candidates (3); Default YOLO correctly aligns with target
S003_SE01_CAP000108_CAM01,CAP000108,S003,CAM01,frontal,slouching,2,multiple_candidates,0.24950000643730164,0.9331,0.8318,4,Multiple candidates (2); Default YOLO correctly aligns with target
S003_SE01_CAP000108_CAM02,CAP000108,S003,CAM02,lateral,slouching,3,multiple_candidates,0.2215999960899353,0.9365,0.6018,4,Multiple candidates (3); Default YOLO correctly aligns with target
S003_SE01_CAP000109_CAM01,CAP000109,S003,CAM01,frontal,slouching,2,multiple_candidates,0.25119999051094055,0.9321,0.8407,4,Multiple candidates (2); Default YOLO correctly aligns with target
S003_SE01_CAP000109_CAM02,CAP000109,S003,CAM02,lateral,slouching,2,multiple_candidates,0.22120000422000885,0.9346,0.6005,4,Multiple candidates (2); Default YOLO correctly aligns with target
S003_SE01_CAP000110_CAM01,CAP000110,S003,CAM01,frontal,slouching,2,multiple_candidates,0.24819999933242798,0.9315,0.8269,4,Multiple candidates (2); Default YOLO correctly aligns with target
S003_SE01_CAP000110_CAM02,CAP000110,S003,CAM02,lateral,slouching,3,multiple_candidates,0.22169999778270721,0.934,0.6005,4,Multiple candidates (3); Default YOLO correctly aligns with target
S003_SE01_CAP000111_CAM01,CAP000111,S003,CAM01,frontal,slouching,2,multiple_candidates,0.24869999289512634,0.9318,0.8262,4,Multiple candidates (2); Default YOLO correctly aligns with target
S003_SE01_CAP000111_CAM02,CAP000111,S003,CAM02,lateral,slouching,2,multiple_candidates,0.22210000455379486,0.9347,0.603,4,Multiple candidates (2); Default YOLO correctly aligns with target
S003_SE01_CAP000112_CAM01,CAP000112,S003,CAM01,frontal,slouching,2,multiple_candidates,0.24779999256134033,0.9354,0.8301,4,Multiple candidates (2); Default YOLO correctly aligns with target
S003_SE01_CAP000112_CAM02,CAP000112,S003,CAM02,lateral,slouching,2,multiple_candidates,0.2207999974489212,0.9363,0.6076,4,Multiple candidates (2); Default YOLO correctly aligns with target
S003_SE01_CAP000113_CAM01,CAP000113,S003,CAM01,frontal,forward_head,2,multiple_candidates,0.24169999361038208,0.9246,0.8324,4,Multiple candidates (2); Default YOLO correctly aligns with target
S003_SE01_CAP000113_CAM02,CAP000113,S003,CAM02,lateral,forward_head,2,multiple_candidates,0.2207999974489212,0.9321,0.664,4,Multiple candidates (2); Default YOLO correctly aligns with target
S003_SE01_CAP000114_CAM01,CAP000114,S003,CAM01,frontal,forward_head,2,multiple_candidates,0.2409999966621399,0.9201,0.8515,4,Multiple candidates (2); Default YOLO correctly aligns with target
S003_SE01_CAP000114_CAM02,CAP000114,S003,CAM02,lateral,forward_head,2,multiple_candidates,0.22110000252723694,0.9348,0.6667,4,Multiple candidates (2); Default YOLO correctly aligns with target
S003_SE01_CAP000115_CAM01,CAP000115,S003,CAM01,frontal,forward_head,2,multiple_candidates,0.24220000207424164,0.925,0.8372,4,Multiple candidates (2); Default YOLO correctly aligns with target
S003_SE01_CAP000115_CAM02,CAP000115,S003,CAM02,lateral,forward_head,2,multiple_candidates,0.2240000069141388,0.9346,0.6624,4,Multiple candidates (2); Default YOLO correctly aligns with target
S003_SE01_CAP000116_CAM01,CAP000116,S003,CAM01,frontal,forward_head,2,multiple_candidates,0.23919999599456787,0.923,0.8488,4,Multiple candidates (2); Default YOLO correctly aligns with target
S003_SE01_CAP000116_CAM02,CAP000116,S003,CAM02,lateral,forward_head,3,multiple_candidates,0.22030000388622284,0.934,0.6661,4,Multiple candidates (3); Default YOLO correctly aligns with target
S003_SE01_CAP000117_CAM01,CAP000117,S003,CAM01,frontal,forward_head,2,multiple_candidates,0.23880000412464142,0.9231,0.8495,4,Multiple candidates (2); Default YOLO correctly aligns with target
S003_SE01_CAP000117_CAM02,CAP000117,S003,CAM02,lateral,forward_head,2,multiple_candidates,0.22089999914169312,0.9301,0.6571,4,Multiple candidates (2); Default YOLO correctly aligns with target
S003_SE01_CAP000118_CAM01,CAP000118,S003,CAM01,frontal,reject,2,multiple_candidates,0.32109999656677246,0.935,0.6579,4,Multiple candidates (2); Default YOLO correctly aligns with target
S003_SE01_CAP000118_CAM02,CAP000118,S003,CAM02,lateral,reject,3,multiple_candidates,0.36340001225471497,0.9332,0.6909,4,Multiple candidates (3); Default YOLO correctly aligns with target
S003_SE01_CAP000119_CAM01,CAP000119,S003,CAM01,frontal,reject,2,multiple_candidates,0.31940001249313354,0.9442,0.7694,4,Multiple candidates (2); Default YOLO correctly aligns with target
S003_SE01_CAP000119_CAM02,CAP000119,S003,CAM02,lateral,reject,1,correct_target,0.24879999458789825,0.9187,0.4002,4,Single clean target in frame
S003_SE01_CAP000120_CAM01,CAP000120,S003,CAM01,frontal,reject,2,multiple_candidates,0.19539999961853027,0.9234,0.9423,4,Multiple candidates (2); Default YOLO correctly aligns with target
S003_SE01_CAP000120_CAM02,CAP000120,S003,CAM02,lateral,reject,2,multiple_candidates,0.16920000314712524,0.8698,0.5334,4,Multiple candidates (2); Default YOLO correctly aligns with target
S003_SE01_CAP000121_CAM01,CAP000121,S003,CAM01,frontal,reject,2,multiple_candidates,0.08640000224113464,0.5439,0.183,0,Multiple candidates (2); Default YOLO correctly aligns with target
S003_SE01_CAP000121_CAM02,CAP000121,S003,CAM02,lateral,reject,1,low_keypoint_confidence,0.051600001752376556,0.284,0.0713,0,Single candidate with degraded keypoint confidence
S004_SE01_CAP000122_CAM01,CAP000122,S004,CAM01,frontal,upright,2,multiple_candidates,0.2957000136375427,0.9407,0.8799,4,Multiple candidates (2); Default YOLO correctly aligns with target
S004_SE01_CAP000122_CAM02,CAP000122,S004,CAM02,lateral,upright,2,multiple_candidates,0.26899999380111694,0.9237,0.682,4,Multiple candidates (2); Default YOLO correctly aligns with target
S004_SE01_CAP000123_CAM01,CAP000123,S004,CAM01,frontal,upright,2,multiple_candidates,0.29490000009536743,0.943,0.8723,4,Multiple candidates (2); Default YOLO correctly aligns with target
S004_SE01_CAP000123_CAM02,CAP000123,S004,CAM02,lateral,upright,3,multiple_candidates,0.26969999074935913,0.9237,0.6824,4,Multiple candidates (3); Default YOLO correctly aligns with target
S004_SE01_CAP000124_CAM01,CAP000124,S004,CAM01,frontal,upright,2,multiple_candidates,0.2946000099182129,0.9418,0.8709,4,Multiple candidates (2); Default YOLO correctly aligns with target
S004_SE01_CAP000124_CAM02,CAP000124,S004,CAM02,lateral,upright,1,correct_target,0.27090001106262207,0.9221,0.6771,4,Single clean target in frame
S004_SE01_CAP000125_CAM01,CAP000125,S004,CAM01,frontal,upright,2,multiple_candidates,0.2953000068664551,0.9408,0.8753,4,Multiple candidates (2); Default YOLO correctly aligns with target
S004_SE01_CAP000125_CAM02,CAP000125,S004,CAM02,lateral,upright,1,correct_target,0.26969999074935913,0.9225,0.6816,4,Single clean target in frame
S004_SE01_CAP000126_CAM01,CAP000126,S004,CAM01,frontal,upright,2,multiple_candidates,0.29499998688697815,0.9441,0.8858,4,Multiple candidates (2); Default YOLO correctly aligns with target
S004_SE01_CAP000126_CAM02,CAP000126,S004,CAM02,lateral,upright,1,correct_target,0.2702000141143799,0.9216,0.6766,4,Single clean target in frame
S004_SE01_CAP000127_CAM01,CAP000127,S004,CAM01,frontal,leaning_forward,2,multiple_candidates,0.30640000104904175,0.9397,0.8421,4,Multiple candidates (2); Default YOLO correctly aligns with target
S004_SE01_CAP000127_CAM02,CAP000127,S004,CAM02,lateral,leaning_forward,3,multiple_candidates,0.24690000712871552,0.9234,0.647,4,Multiple candidates (3); Default YOLO correctly aligns with target
S004_SE01_CAP000128_CAM01,CAP000128,S004,CAM01,frontal,leaning_forward,2,multiple_candidates,0.3052000105381012,0.9397,0.8395,4,Multiple candidates (2); Default YOLO correctly aligns with target
S004_SE01_CAP000128_CAM02,CAP000128,S004,CAM02,lateral,leaning_forward,3,multiple_candidates,0.2484000027179718,0.9243,0.6517,4,Multiple candidates (3); Default YOLO correctly aligns with target
S004_SE01_CAP000129_CAM01,CAP000129,S004,CAM01,frontal,leaning_forward,2,multiple_candidates,0.3050000071525574,0.939,0.8404,4,Multiple candidates (2); Default YOLO correctly aligns with target
S004_SE01_CAP000129_CAM02,CAP000129,S004,CAM02,lateral,leaning_forward,2,multiple_candidates,0.24789999425411224,0.9245,0.6621,4,Multiple candidates (2); Default YOLO correctly aligns with target
S004_SE01_CAP000130_CAM01,CAP000130,S004,CAM01,frontal,leaning_forward,2,multiple_candidates,0.3046000003814697,0.9383,0.8383,4,Multiple candidates (2); Default YOLO correctly aligns with target
S004_SE01_CAP000130_CAM02,CAP000130,S004,CAM02,lateral,leaning_forward,2,multiple_candidates,0.25060001015663147,0.9196,0.6492,4,Multiple candidates (2); Default YOLO correctly aligns with target
S004_SE01_CAP000131_CAM01,CAP000131,S004,CAM01,frontal,leaning_forward,2,multiple_candidates,0.30809998512268066,0.9361,0.8391,4,Multiple candidates (2); Default YOLO correctly aligns with target
S004_SE01_CAP000131_CAM02,CAP000131,S004,CAM02,lateral,leaning_forward,2,multiple_candidates,0.24950000643730164,0.9246,0.6534,4,Multiple candidates (2); Default YOLO correctly aligns with target
S004_SE01_CAP000132_CAM01,CAP000132,S004,CAM01,frontal,leaning_backward,2,multiple_candidates,0.2662000060081482,0.9424,0.844,4,Multiple candidates (2); Default YOLO correctly aligns with target
S004_SE01_CAP000132_CAM02,CAP000132,S004,CAM02,lateral,leaning_backward,3,multiple_candidates,0.32519999146461487,0.9115,0.7033,4,Multiple candidates (3); Default YOLO correctly aligns with target
S004_SE01_CAP000133_CAM01,CAP000133,S004,CAM01,frontal,leaning_backward,2,multiple_candidates,0.2648000121116638,0.9422,0.8396,4,Multiple candidates (2); Default YOLO correctly aligns with target
S004_SE01_CAP000133_CAM02,CAP000133,S004,CAM02,lateral,leaning_backward,3,multiple_candidates,0.32280001044273376,0.9107,0.69,4,Multiple candidates (3); Default YOLO correctly aligns with target
S004_SE01_CAP000134_CAM01,CAP000134,S004,CAM01,frontal,leaning_backward,2,multiple_candidates,0.2655999958515167,0.9403,0.8395,4,Multiple candidates (2); Default YOLO correctly aligns with target
S004_SE01_CAP000134_CAM02,CAP000134,S004,CAM02,lateral,leaning_backward,1,correct_target,0.3224000036716461,0.9127,0.6905,4,Single clean target in frame
S004_SE01_CAP000135_CAM01,CAP000135,S004,CAM01,frontal,leaning_backward,2,multiple_candidates,0.265500009059906,0.9404,0.8433,4,Multiple candidates (2); Default YOLO correctly aligns with target
S004_SE01_CAP000135_CAM02,CAP000135,S004,CAM02,lateral,leaning_backward,2,multiple_candidates,0.3260999917984009,0.9015,0.6885,4,Multiple candidates (2); Default YOLO correctly aligns with target
S004_SE01_CAP000136_CAM01,CAP000136,S004,CAM01,frontal,leaning_backward,2,multiple_candidates,0.2653000056743622,0.9422,0.8397,4,Multiple candidates (2); Default YOLO correctly aligns with target
S004_SE01_CAP000136_CAM02,CAP000136,S004,CAM02,lateral,leaning_backward,2,multiple_candidates,0.3246999979019165,0.8961,0.685,4,Multiple candidates (2); Default YOLO correctly aligns with target
S004_SE01_CAP000137_CAM01,CAP000137,S004,CAM01,frontal,leaning_left,2,multiple_candidates,0.2827000021934509,0.9379,0.8291,4,Multiple candidates (2); Default YOLO correctly aligns with target
S004_SE01_CAP000137_CAM02,CAP000137,S004,CAM02,lateral,leaning_left,2,multiple_candidates,0.2953000068664551,0.9246,0.621,4,Multiple candidates (2); Default YOLO correctly aligns with target
S004_SE01_CAP000138_CAM01,CAP000138,S004,CAM01,frontal,leaning_left,2,multiple_candidates,0.2867000102996826,0.9361,0.8329,4,Multiple candidates (2); Default YOLO correctly aligns with target
S004_SE01_CAP000138_CAM02,CAP000138,S004,CAM02,lateral,leaning_left,2,multiple_candidates,0.2946000099182129,0.9239,0.6314,4,Multiple candidates (2); Default YOLO correctly aligns with target
S004_SE01_CAP000139_CAM01,CAP000139,S004,CAM01,frontal,leaning_left,2,multiple_candidates,0.2912999987602234,0.9393,0.8295,4,Multiple candidates (2); Default YOLO correctly aligns with target
S004_SE01_CAP000139_CAM02,CAP000139,S004,CAM02,lateral,leaning_left,2,multiple_candidates,0.2782000005245209,0.9228,0.598,4,Multiple candidates (2); Default YOLO correctly aligns with target
S004_SE01_CAP000140_CAM01,CAP000140,S004,CAM01,frontal,leaning_left,2,multiple_candidates,0.2881999909877777,0.939,0.8292,4,Multiple candidates (2); Default YOLO correctly aligns with target
S004_SE01_CAP000140_CAM02,CAP000140,S004,CAM02,lateral,leaning_left,2,multiple_candidates,0.2831999957561493,0.9249,0.6046,4,Multiple candidates (2); Default YOLO correctly aligns with target
S004_SE01_CAP000141_CAM01,CAP000141,S004,CAM01,frontal,leaning_left,2,multiple_candidates,0.2897999882698059,0.9351,0.8252,4,Multiple candidates (2); Default YOLO correctly aligns with target
S004_SE01_CAP000141_CAM02,CAP000141,S004,CAM02,lateral,leaning_left,2,multiple_candidates,0.2847000062465668,0.9218,0.6195,4,Multiple candidates (2); Default YOLO correctly aligns with target
S004_SE01_CAP000142_CAM01,CAP000142,S004,CAM01,frontal,leaning_right,2,multiple_candidates,0.30720001459121704,0.9245,0.804,4,Multiple candidates (2); Default YOLO correctly aligns with target
S004_SE01_CAP000142_CAM02,CAP000142,S004,CAM02,lateral,leaning_right,2,multiple_candidates,0.22450000047683716,0.9083,0.6416,4,Multiple candidates (2); Default YOLO correctly aligns with target
S004_SE01_CAP000143_CAM01,CAP000143,S004,CAM01,frontal,leaning_right,1,correct_target,0.3050000071525574,0.925,0.8177,4,Single clean target in frame
S004_SE01_CAP000143_CAM02,CAP000143,S004,CAM02,lateral,leaning_right,2,multiple_candidates,0.22589999437332153,0.905,0.6657,4,Multiple candidates (2); Default YOLO correctly aligns with target
S004_SE01_CAP000144_CAM01,CAP000144,S004,CAM01,frontal,leaning_right,1,correct_target,0.30230000615119934,0.9256,0.8127,4,Single clean target in frame
S004_SE01_CAP000144_CAM02,CAP000144,S004,CAM02,lateral,leaning_right,2,multiple_candidates,0.22779999673366547,0.9164,0.6662,4,Multiple candidates (2); Default YOLO correctly aligns with target
S004_SE01_CAP000145_CAM01,CAP000145,S004,CAM01,frontal,leaning_right,3,multiple_candidates,0.30230000615119934,0.9254,0.8109,4,Multiple candidates (3); Default YOLO correctly aligns with target
S004_SE01_CAP000145_CAM02,CAP000145,S004,CAM02,lateral,leaning_right,2,multiple_candidates,0.22699999809265137,0.9106,0.662,4,Multiple candidates (2); Default YOLO correctly aligns with target
S004_SE01_CAP000146_CAM01,CAP000146,S004,CAM01,frontal,leaning_right,1,correct_target,0.3052999973297119,0.9204,0.814,4,Single clean target in frame
S004_SE01_CAP000146_CAM02,CAP000146,S004,CAM02,lateral,leaning_right,2,multiple_candidates,0.2282000035047531,0.9209,0.6707,4,Multiple candidates (2); Default YOLO correctly aligns with target
S004_SE01_CAP000147_CAM01,CAP000147,S004,CAM01,frontal,slouching,2,multiple_candidates,0.24950000643730164,0.9378,0.8259,4,Multiple candidates (2); Default YOLO correctly aligns with target
S004_SE01_CAP000147_CAM02,CAP000147,S004,CAM02,lateral,slouching,1,correct_target,0.2409999966621399,0.9248,0.6998,4,Single clean target in frame
S004_SE01_CAP000148_CAM01,CAP000148,S004,CAM01,frontal,slouching,2,multiple_candidates,0.3183000087738037,0.933,0.8207,4,Multiple candidates (2); Default YOLO correctly aligns with target
S004_SE01_CAP000148_CAM02,CAP000148,S004,CAM02,lateral,slouching,1,correct_target,0.2547000050544739,0.9315,0.6701,4,Single clean target in frame
S004_SE01_CAP000149_CAM01,CAP000149,S004,CAM01,frontal,slouching,2,multiple_candidates,0.31769999861717224,0.9362,0.8135,4,Multiple candidates (2); Default YOLO correctly aligns with target
S004_SE01_CAP000149_CAM02,CAP000149,S004,CAM02,lateral,slouching,1,correct_target,0.2522999942302704,0.9227,0.665,4,Single clean target in frame
S004_SE01_CAP000150_CAM01,CAP000150,S004,CAM01,frontal,slouching,2,multiple_candidates,0.3188999891281128,0.9335,0.8208,4,Multiple candidates (2); Default YOLO correctly aligns with target
S004_SE01_CAP000150_CAM02,CAP000150,S004,CAM02,lateral,slouching,2,multiple_candidates,0.25189998745918274,0.9269,0.6867,4,Multiple candidates (2); Default YOLO correctly aligns with target
S004_SE01_CAP000151_CAM01,CAP000151,S004,CAM01,frontal,slouching,2,multiple_candidates,0.3167000114917755,0.9337,0.8369,4,Multiple candidates (2); Default YOLO correctly aligns with target
S004_SE01_CAP000151_CAM02,CAP000151,S004,CAM02,lateral,slouching,2,multiple_candidates,0.2524999976158142,0.928,0.6717,4,Multiple candidates (2); Default YOLO correctly aligns with target
S004_SE01_CAP000152_CAM01,CAP000152,S004,CAM01,frontal,forward_head,2,multiple_candidates,0.3109000027179718,0.938,0.8412,4,Multiple candidates (2); Default YOLO correctly aligns with target
S004_SE01_CAP000152_CAM02,CAP000152,S004,CAM02,lateral,forward_head,2,multiple_candidates,0.2574999928474426,0.9183,0.6671,4,Multiple candidates (2); Default YOLO correctly aligns with target
S004_SE01_CAP000153_CAM01,CAP000153,S004,CAM01,frontal,forward_head,2,multiple_candidates,0.3127000033855438,0.9395,0.8456,4,Multiple candidates (2); Default YOLO correctly aligns with target
S004_SE01_CAP000153_CAM02,CAP000153,S004,CAM02,lateral,forward_head,1,correct_target,0.2606000006198883,0.9272,0.6268,4,Single clean target in frame
S004_SE01_CAP000154_CAM01,CAP000154,S004,CAM01,frontal,forward_head,3,multiple_candidates,0.3156999945640564,0.9413,0.8375,4,Multiple candidates (3); Default YOLO correctly aligns with target
S004_SE01_CAP000154_CAM02,CAP000154,S004,CAM02,lateral,forward_head,2,multiple_candidates,0.26030001044273376,0.9255,0.6457,4,Multiple candidates (2); Default YOLO correctly aligns with target
S004_SE01_CAP000155_CAM01,CAP000155,S004,CAM01,frontal,forward_head,2,multiple_candidates,0.3142000138759613,0.9379,0.8314,4,Multiple candidates (2); Default YOLO correctly aligns with target
S004_SE01_CAP000155_CAM02,CAP000155,S004,CAM02,lateral,forward_head,2,multiple_candidates,0.26080000400543213,0.9168,0.6455,4,Multiple candidates (2); Default YOLO correctly aligns with target
S004_SE01_CAP000156_CAM01,CAP000156,S004,CAM01,frontal,forward_head,2,multiple_candidates,0.31940001249313354,0.9407,0.8335,4,Multiple candidates (2); Default YOLO correctly aligns with target
S004_SE01_CAP000156_CAM02,CAP000156,S004,CAM02,lateral,forward_head,2,multiple_candidates,0.2565000057220459,0.921,0.634,4,Multiple candidates (2); Default YOLO correctly aligns with target
S005_SE01_CAP000157_CAM01,CAP000157,S005,CAM01,frontal,upright,1,correct_target,0.4350000023841858,0.927,0.8139,4,Single clean target in frame
S005_SE01_CAP000157_CAM02,CAP000157,S005,CAM02,lateral,upright,5,multiple_candidates,0.32330000400543213,0.9255,0.6498,4,Multiple candidates (5); Default YOLO correctly aligns with target
S005_SE01_CAP000158_CAM01,CAP000158,S005,CAM01,frontal,upright,1,correct_target,0.4377000033855438,0.928,0.8127,4,Single clean target in frame
S005_SE01_CAP000158_CAM02,CAP000158,S005,CAM02,lateral,upright,6,multiple_candidates,0.32659998536109924,0.9248,0.6526,4,Multiple candidates (6); Default YOLO correctly aligns with target
S005_SE01_CAP000159_CAM01,CAP000159,S005,CAM01,frontal,upright,1,correct_target,0.43479999899864197,0.9264,0.811,4,Single clean target in frame
S005_SE01_CAP000159_CAM02,CAP000159,S005,CAM02,lateral,upright,6,multiple_candidates,0.32510000467300415,0.9245,0.6508,4,Multiple candidates (6); Default YOLO correctly aligns with target
S005_SE01_CAP000160_CAM01,CAP000160,S005,CAM01,frontal,upright,1,correct_target,0.4339999854564667,0.9254,0.8107,4,Single clean target in frame
S005_SE01_CAP000160_CAM02,CAP000160,S005,CAM02,lateral,upright,5,multiple_candidates,0.3255000114440918,0.9213,0.6567,4,Multiple candidates (5); Default YOLO correctly aligns with target
S005_SE01_CAP000161_CAM01,CAP000161,S005,CAM01,frontal,upright,1,correct_target,0.43549999594688416,0.9244,0.8091,4,Single clean target in frame
S005_SE01_CAP000161_CAM02,CAP000161,S005,CAM02,lateral,upright,6,multiple_candidates,0.32839998602867126,0.9122,0.6601,4,Multiple candidates (6); Default YOLO correctly aligns with target
S005_SE01_CAP000162_CAM01,CAP000162,S005,CAM01,frontal,leaning_forward,1,correct_target,0.3765999972820282,0.9187,0.8268,4,Single clean target in frame
S005_SE01_CAP000162_CAM02,CAP000162,S005,CAM02,lateral,leaning_forward,5,multiple_candidates,0.3037000000476837,0.9394,0.5814,4,Multiple candidates (5); Default YOLO correctly aligns with target
S005_SE01_CAP000163_CAM01,CAP000163,S005,CAM01,frontal,leaning_forward,1,correct_target,0.38179999589920044,0.9103,0.8276,4,Single clean target in frame
S005_SE01_CAP000163_CAM02,CAP000163,S005,CAM02,lateral,leaning_forward,5,multiple_candidates,0.30480000376701355,0.9429,0.6518,4,Multiple candidates (5); Default YOLO correctly aligns with target
S005_SE01_CAP000164_CAM01,CAP000164,S005,CAM01,frontal,leaning_forward,1,correct_target,0.38179999589920044,0.9141,0.8211,4,Single clean target in frame
S005_SE01_CAP000164_CAM02,CAP000164,S005,CAM02,lateral,leaning_forward,5,multiple_candidates,0.30489999055862427,0.9425,0.6367,4,Multiple candidates (5); Default YOLO correctly aligns with target
S005_SE01_CAP000165_CAM01,CAP000165,S005,CAM01,frontal,leaning_forward,1,correct_target,0.38019999861717224,0.9168,0.8298,4,Single clean target in frame
S005_SE01_CAP000165_CAM02,CAP000165,S005,CAM02,lateral,leaning_forward,6,multiple_candidates,0.3037000000476837,0.9408,0.5969,4,Multiple candidates (6); Default YOLO correctly aligns with target
S005_SE01_CAP000166_CAM01,CAP000166,S005,CAM01,frontal,leaning_forward,1,correct_target,0.3813999891281128,0.9151,0.825,4,Single clean target in frame
S005_SE01_CAP000166_CAM02,CAP000166,S005,CAM02,lateral,leaning_forward,5,multiple_candidates,0.3034999966621399,0.9404,0.6177,4,Multiple candidates (5); Default YOLO correctly aligns with target
S005_SE01_CAP000167_CAM01,CAP000167,S005,CAM01,frontal,leaning_backward,1,correct_target,0.32899999618530273,0.9147,0.8266,4,Single clean target in frame
S005_SE01_CAP000167_CAM02,CAP000167,S005,CAM02,lateral,leaning_backward,10,multiple_candidates,0.3474000096321106,0.9227,0.7122,4,Multiple candidates (10); Default YOLO correctly aligns with target
S005_SE01_CAP000168_CAM01,CAP000168,S005,CAM01,frontal,leaning_backward,1,correct_target,0.33329999446868896,0.9299,0.8129,4,Single clean target in frame
S005_SE01_CAP000168_CAM02,CAP000168,S005,CAM02,lateral,leaning_backward,5,multiple_candidates,0.3450999855995178,0.9307,0.6927,4,Multiple candidates (5); Default YOLO correctly aligns with target
S005_SE01_CAP000169_CAM01,CAP000169,S005,CAM01,frontal,leaning_backward,1,correct_target,0.3328000009059906,0.9267,0.8167,4,Single clean target in frame
S005_SE01_CAP000169_CAM02,CAP000169,S005,CAM02,lateral,leaning_backward,8,multiple_candidates,0.3400000035762787,0.9346,0.669,4,Multiple candidates (8); Default YOLO correctly aligns with target
S005_SE01_CAP000170_CAM01,CAP000170,S005,CAM01,frontal,leaning_backward,1,correct_target,0.33480000495910645,0.9321,0.8198,4,Single clean target in frame
S005_SE01_CAP000170_CAM02,CAP000170,S005,CAM02,lateral,leaning_backward,8,multiple_candidates,0.34040001034736633,0.924,0.6658,4,Multiple candidates (8); Default YOLO correctly aligns with target
S005_SE01_CAP000171_CAM01,CAP000171,S005,CAM01,frontal,leaning_backward,1,correct_target,0.33489999175071716,0.9335,0.8298,4,Single clean target in frame
S005_SE01_CAP000171_CAM02,CAP000171,S005,CAM02,lateral,leaning_backward,7,multiple_candidates,0.3411000072956085,0.9299,0.6743,4,Multiple candidates (7); Default YOLO correctly aligns with target
S005_SE01_CAP000172_CAM01,CAP000172,S005,CAM01,frontal,leaning_left,1,correct_target,0.3594000041484833,0.9133,0.7968,4,Single clean target in frame
S005_SE01_CAP000172_CAM02,CAP000172,S005,CAM02,lateral,leaning_left,6,multiple_candidates,0.2854999899864197,0.9268,0.7012,4,Multiple candidates (6); Default YOLO correctly aligns with target
S005_SE01_CAP000173_CAM01,CAP000173,S005,CAM01,frontal,leaning_left,1,correct_target,0.36399999260902405,0.9121,0.8202,4,Single clean target in frame
S005_SE01_CAP000173_CAM02,CAP000173,S005,CAM02,lateral,leaning_left,8,multiple_candidates,0.28349998593330383,0.9248,0.6981,4,Multiple candidates (8); Default YOLO correctly aligns with target
S005_SE01_CAP000174_CAM01,CAP000174,S005,CAM01,frontal,leaning_left,1,correct_target,0.36390000581741333,0.9123,0.8172,4,Single clean target in frame
S005_SE01_CAP000174_CAM02,CAP000174,S005,CAM02,lateral,leaning_left,9,multiple_candidates,0.2840000092983246,0.927,0.7151,4,Multiple candidates (9); Default YOLO correctly aligns with target
S005_SE01_CAP000175_CAM01,CAP000175,S005,CAM01,frontal,leaning_left,1,correct_target,0.3605000078678131,0.91,0.8038,4,Single clean target in frame
S005_SE01_CAP000175_CAM02,CAP000175,S005,CAM02,lateral,leaning_left,7,multiple_candidates,0.28540000319480896,0.9294,0.6935,4,Multiple candidates (7); Default YOLO correctly aligns with target
S005_SE01_CAP000176_CAM01,CAP000176,S005,CAM01,frontal,leaning_left,1,correct_target,0.361299991607666,0.9079,0.8039,4,Single clean target in frame
S005_SE01_CAP000176_CAM02,CAP000176,S005,CAM02,lateral,leaning_left,7,multiple_candidates,0.28380000591278076,0.9254,0.7081,4,Multiple candidates (7); Default YOLO correctly aligns with target
S005_SE01_CAP000177_CAM01,CAP000177,S005,CAM01,frontal,leaning_right,2,multiple_candidates,0.37940001487731934,0.8228,0.8134,4,Multiple candidates (2); Default YOLO correctly aligns with target
S005_SE01_CAP000177_CAM02,CAP000177,S005,CAM02,lateral,leaning_right,7,multiple_candidates,0.3400999903678894,0.9264,0.6662,4,Multiple candidates (7); Default YOLO correctly aligns with target
S005_SE01_CAP000178_CAM01,CAP000178,S005,CAM01,frontal,leaning_right,2,multiple_candidates,0.38280001282691956,0.8478,0.8232,4,Multiple candidates (2); Default YOLO correctly aligns with target
S005_SE01_CAP000178_CAM02,CAP000178,S005,CAM02,lateral,leaning_right,7,multiple_candidates,0.33480000495910645,0.9249,0.664,4,Multiple candidates (7); Default YOLO correctly aligns with target
S005_SE01_CAP000179_CAM01,CAP000179,S005,CAM01,frontal,leaning_right,2,multiple_candidates,0.38339999318122864,0.8139,0.8257,4,Multiple candidates (2); Default YOLO correctly aligns with target
S005_SE01_CAP000179_CAM02,CAP000179,S005,CAM02,lateral,leaning_right,6,multiple_candidates,0.33500000834465027,0.9272,0.6788,4,Multiple candidates (6); Default YOLO correctly aligns with target
S005_SE01_CAP000180_CAM01,CAP000180,S005,CAM01,frontal,leaning_right,1,correct_target,0.3840999901294708,0.8608,0.8281,4,Single clean target in frame
S005_SE01_CAP000180_CAM02,CAP000180,S005,CAM02,lateral,leaning_right,7,multiple_candidates,0.33399999141693115,0.9131,0.6676,4,Multiple candidates (7); Default YOLO correctly aligns with target
S005_SE01_CAP000181_CAM01,CAP000181,S005,CAM01,frontal,leaning_right,2,multiple_candidates,0.3806999921798706,0.7234,0.8137,4,Multiple candidates (2); Default YOLO correctly aligns with target
S005_SE01_CAP000181_CAM02,CAP000181,S005,CAM02,lateral,leaning_right,6,multiple_candidates,0.33889999985694885,0.9251,0.6835,4,Multiple candidates (6); Default YOLO correctly aligns with target
S005_SE01_CAP000182_CAM01,CAP000182,S005,CAM01,frontal,slouching,1,correct_target,0.37049999833106995,0.9191,0.7984,4,Single clean target in frame
S005_SE01_CAP000182_CAM02,CAP000182,S005,CAM02,lateral,slouching,7,multiple_candidates,0.31690001487731934,0.9324,0.6706,4,Multiple candidates (7); Default YOLO correctly aligns with target
S005_SE01_CAP000183_CAM01,CAP000183,S005,CAM01,frontal,slouching,1,correct_target,0.3709000051021576,0.9188,0.8147,4,Single clean target in frame
S005_SE01_CAP000183_CAM02,CAP000183,S005,CAM02,lateral,slouching,6,multiple_candidates,0.3163999915122986,0.9364,0.6701,4,Multiple candidates (6); Default YOLO correctly aligns with target
S005_SE01_CAP000184_CAM01,CAP000184,S005,CAM01,frontal,slouching,1,correct_target,0.36970001459121704,0.9189,0.798,4,Single clean target in frame
S005_SE01_CAP000184_CAM02,CAP000184,S005,CAM02,lateral,slouching,8,multiple_candidates,0.3181999921798706,0.9362,0.6742,4,Multiple candidates (8); Default YOLO correctly aligns with target
S005_SE01_CAP000185_CAM01,CAP000185,S005,CAM01,frontal,slouching,1,correct_target,0.36910000443458557,0.918,0.7991,4,Single clean target in frame
S005_SE01_CAP000185_CAM02,CAP000185,S005,CAM02,lateral,slouching,7,multiple_candidates,0.3174999952316284,0.9375,0.6749,4,Multiple candidates (7); Default YOLO correctly aligns with target
S005_SE01_CAP000186_CAM01,CAP000186,S005,CAM01,frontal,slouching,1,correct_target,0.36880001425743103,0.9194,0.7988,4,Single clean target in frame
S005_SE01_CAP000186_CAM02,CAP000186,S005,CAM02,lateral,slouching,7,multiple_candidates,0.3172000050544739,0.9363,0.6769,4,Multiple candidates (7); Default YOLO correctly aligns with target
S005_SE01_CAP000187_CAM01,CAP000187,S005,CAM01,frontal,forward_head,1,correct_target,0.4099000096321106,0.9225,0.8064,4,Single clean target in frame
S005_SE01_CAP000187_CAM02,CAP000187,S005,CAM02,lateral,forward_head,6,multiple_candidates,0.29820001125335693,0.9341,0.6943,4,Multiple candidates (6); Default YOLO correctly aligns with target
S005_SE01_CAP000188_CAM01,CAP000188,S005,CAM01,frontal,forward_head,1,correct_target,0.40799999237060547,0.9232,0.8063,4,Single clean target in frame
S005_SE01_CAP000188_CAM02,CAP000188,S005,CAM02,lateral,forward_head,8,multiple_candidates,0.2971000075340271,0.9264,0.6965,4,Multiple candidates (8); Default YOLO correctly aligns with target
S005_SE01_CAP000189_CAM01,CAP000189,S005,CAM01,frontal,forward_head,1,correct_target,0.4077000021934509,0.9203,0.8049,4,Single clean target in frame
S005_SE01_CAP000189_CAM02,CAP000189,S005,CAM02,lateral,forward_head,9,multiple_candidates,0.2964000105857849,0.9353,0.6916,4,Multiple candidates (9); Default YOLO correctly aligns with target
S005_SE01_CAP000190_CAM01,CAP000190,S005,CAM01,frontal,forward_head,1,correct_target,0.40709999203681946,0.9214,0.8037,4,Single clean target in frame
S005_SE01_CAP000190_CAM02,CAP000190,S005,CAM02,lateral,forward_head,9,multiple_candidates,0.2971999943256378,0.9337,0.6895,4,Multiple candidates (9); Default YOLO correctly aligns with target
S005_SE01_CAP000191_CAM01,CAP000191,S005,CAM01,frontal,forward_head,1,correct_target,0.4092000126838684,0.922,0.8076,4,Single clean target in frame
S005_SE01_CAP000191_CAM02,CAP000191,S005,CAM02,lateral,forward_head,8,multiple_candidates,0.2971999943256378,0.9326,0.6938,4,Multiple candidates (8); Default YOLO correctly aligns with target
S005_SE01_CAP000192_CAM01,CAP000192,S005,CAM01,frontal,reject,0,no_target_detected,0.0,0.0,0.0,0,Empty chair or subject out of frame
S005_SE01_CAP000192_CAM02,CAP000192,S005,CAM02,lateral,reject,5,multiple_candidates,0.03799999877810478,0.7923,0.908,4,Multiple candidates (5); Default YOLO correctly aligns with target
S006_SE01_CAP000193_CAM01,CAP000193,S006,CAM01,frontal,upright,1,correct_target,0.25459998846054077,0.9364,0.7736,4,Single clean target in frame
S006_SE01_CAP000193_CAM02,CAP000193,S006,CAM02,lateral,upright,11,multiple_candidates,0.28929999470710754,0.9186,0.674,4,Multiple candidates (11); Default YOLO correctly aligns with target
S006_SE01_CAP000194_CAM01,CAP000194,S006,CAM01,frontal,upright,1,correct_target,0.2533999979496002,0.9374,0.7677,4,Single clean target in frame
S006_SE01_CAP000194_CAM02,CAP000194,S006,CAM02,lateral,upright,8,multiple_candidates,0.28870001435279846,0.9149,0.6782,4,Multiple candidates (8); Default YOLO correctly aligns with target
S006_SE01_CAP000195_CAM01,CAP000195,S006,CAM01,frontal,upright,1,correct_target,0.25360000133514404,0.9357,0.7703,4,Single clean target in frame
S006_SE01_CAP000195_CAM02,CAP000195,S006,CAM02,lateral,upright,10,multiple_candidates,0.2856000065803528,0.926,0.6754,4,Multiple candidates (10); Default YOLO correctly aligns with target
S006_SE01_CAP000196_CAM01,CAP000196,S006,CAM01,frontal,upright,1,correct_target,0.2529999911785126,0.9367,0.7628,4,Single clean target in frame
S006_SE01_CAP000196_CAM02,CAP000196,S006,CAM02,lateral,upright,8,multiple_candidates,0.28439998626708984,0.9316,0.6726,4,Multiple candidates (8); Default YOLO correctly aligns with target
S006_SE01_CAP000197_CAM01,CAP000197,S006,CAM01,frontal,upright,1,correct_target,0.25360000133514404,0.9335,0.7667,4,Single clean target in frame
S006_SE01_CAP000197_CAM02,CAP000197,S006,CAM02,lateral,upright,10,multiple_candidates,0.28519999980926514,0.927,0.6746,4,Multiple candidates (10); Default YOLO correctly aligns with target
S006_SE01_CAP000198_CAM01,CAP000198,S006,CAM01,frontal,leaning_forward,1,correct_target,0.26249998807907104,0.932,0.7734,4,Single clean target in frame
S006_SE01_CAP000198_CAM02,CAP000198,S006,CAM02,lateral,leaning_forward,9,multiple_candidates,0.27900001406669617,0.9261,0.6692,4,Multiple candidates (9); Default YOLO correctly aligns with target
S006_SE01_CAP000199_CAM01,CAP000199,S006,CAM01,frontal,leaning_forward,1,correct_target,0.26159998774528503,0.933,0.7716,4,Single clean target in frame
S006_SE01_CAP000199_CAM02,CAP000199,S006,CAM02,lateral,leaning_forward,9,multiple_candidates,0.2727000117301941,0.9348,0.669,4,Multiple candidates (9); Default YOLO correctly aligns with target
S006_SE01_CAP000200_CAM01,CAP000200,S006,CAM01,frontal,leaning_forward,1,correct_target,0.2612999975681305,0.9349,0.7787,4,Single clean target in frame
S006_SE01_CAP000200_CAM02,CAP000200,S006,CAM02,lateral,leaning_forward,8,multiple_candidates,0.2741999924182892,0.93,0.6747,4,Multiple candidates (8); Default YOLO correctly aligns with target
S006_SE01_CAP000201_CAM01,CAP000201,S006,CAM01,frontal,leaning_forward,1,correct_target,0.26080000400543213,0.9333,0.7709,4,Single clean target in frame
S006_SE01_CAP000201_CAM02,CAP000201,S006,CAM02,lateral,leaning_forward,9,multiple_candidates,0.2718000113964081,0.9373,0.6716,4,Multiple candidates (9); Default YOLO correctly aligns with target
S006_SE01_CAP000202_CAM01,CAP000202,S006,CAM01,frontal,leaning_forward,1,correct_target,0.2603999972343445,0.934,0.7787,4,Single clean target in frame
S006_SE01_CAP000202_CAM02,CAP000202,S006,CAM02,lateral,leaning_forward,8,multiple_candidates,0.2727999985218048,0.934,0.6941,4,Multiple candidates (8); Default YOLO correctly aligns with target
S006_SE01_CAP000203_CAM01,CAP000203,S006,CAM01,frontal,leaning_backward,1,correct_target,0.21690000593662262,0.9209,0.7679,4,Single clean target in frame
S006_SE01_CAP000203_CAM02,CAP000203,S006,CAM02,lateral,leaning_backward,10,multiple_candidates,0.31839999556541443,0.9457,0.6875,4,Multiple candidates (10); Default YOLO correctly aligns with target
S006_SE01_CAP000204_CAM01,CAP000204,S006,CAM01,frontal,leaning_backward,1,correct_target,0.21400000154972076,0.9272,0.7645,4,Single clean target in frame
S006_SE01_CAP000204_CAM02,CAP000204,S006,CAM02,lateral,leaning_backward,7,multiple_candidates,0.3197000026702881,0.9481,0.6805,4,Multiple candidates (7); Default YOLO correctly aligns with target
S006_SE01_CAP000205_CAM01,CAP000205,S006,CAM01,frontal,leaning_backward,1,correct_target,0.21699999272823334,0.924,0.7664,4,Single clean target in frame
S006_SE01_CAP000205_CAM02,CAP000205,S006,CAM02,lateral,leaning_backward,9,multiple_candidates,0.3176000118255615,0.9428,0.6829,4,Multiple candidates (9); Default YOLO correctly aligns with target
S006_SE01_CAP000206_CAM01,CAP000206,S006,CAM01,frontal,leaning_backward,1,correct_target,0.2152000069618225,0.9216,0.7628,4,Single clean target in frame
S006_SE01_CAP000206_CAM02,CAP000206,S006,CAM02,lateral,leaning_backward,9,multiple_candidates,0.31769999861717224,0.9437,0.6875,4,Multiple candidates (9); Default YOLO correctly aligns with target
S006_SE01_CAP000207_CAM01,CAP000207,S006,CAM01,frontal,leaning_backward,1,correct_target,0.21639999747276306,0.929,0.7697,4,Single clean target in frame
S006_SE01_CAP000207_CAM02,CAP000207,S006,CAM02,lateral,leaning_backward,8,multiple_candidates,0.31520000100135803,0.9489,0.6863,4,Multiple candidates (8); Default YOLO correctly aligns with target
S006_SE01_CAP000208_CAM01,CAP000208,S006,CAM01,frontal,leaning_left,1,correct_target,0.24169999361038208,0.9274,0.7654,4,Single clean target in frame
S006_SE01_CAP000208_CAM02,CAP000208,S006,CAM02,lateral,leaning_left,8,multiple_candidates,0.26829999685287476,0.9326,0.688,4,Multiple candidates (8); Default YOLO correctly aligns with target
S006_SE01_CAP000209_CAM01,CAP000209,S006,CAM01,frontal,leaning_left,1,correct_target,0.24709999561309814,0.9302,0.7776,4,Single clean target in frame
S006_SE01_CAP000209_CAM02,CAP000209,S006,CAM02,lateral,leaning_left,7,multiple_candidates,0.2651999890804291,0.9361,0.6639,4,Multiple candidates (7); Default YOLO correctly aligns with target
S006_SE01_CAP000210_CAM01,CAP000210,S006,CAM01,frontal,leaning_left,1,correct_target,0.2459000051021576,0.9284,0.777,4,Single clean target in frame
S006_SE01_CAP000210_CAM02,CAP000210,S006,CAM02,lateral,leaning_left,7,multiple_candidates,0.2671999931335449,0.9387,0.6705,4,Multiple candidates (7); Default YOLO correctly aligns with target
S006_SE01_CAP000211_CAM01,CAP000211,S006,CAM01,frontal,leaning_left,1,correct_target,0.24570000171661377,0.9265,0.7784,4,Single clean target in frame
S006_SE01_CAP000211_CAM02,CAP000211,S006,CAM02,lateral,leaning_left,7,multiple_candidates,0.26840001344680786,0.939,0.6633,4,Multiple candidates (7); Default YOLO correctly aligns with target
S006_SE01_CAP000212_CAM01,CAP000212,S006,CAM01,frontal,leaning_left,1,correct_target,0.24130000174045563,0.9301,0.7747,4,Single clean target in frame
S006_SE01_CAP000212_CAM02,CAP000212,S006,CAM02,lateral,leaning_left,8,multiple_candidates,0.272599995136261,0.9351,0.6613,4,Multiple candidates (8); Default YOLO correctly aligns with target
S006_SE01_CAP000213_CAM01,CAP000213,S006,CAM01,frontal,leaning_right,1,correct_target,0.265500009059906,0.933,0.7885,4,Single clean target in frame
S006_SE01_CAP000213_CAM02,CAP000213,S006,CAM02,lateral,leaning_right,8,multiple_candidates,0.2912999987602234,0.9262,0.6341,4,Multiple candidates (8); Default YOLO correctly aligns with target
S006_SE01_CAP000214_CAM01,CAP000214,S006,CAM01,frontal,leaning_right,1,correct_target,0.266400009393692,0.9317,0.7929,4,Single clean target in frame
S006_SE01_CAP000214_CAM02,CAP000214,S006,CAM02,lateral,leaning_right,7,multiple_candidates,0.2953000068664551,0.9236,0.6411,4,Multiple candidates (7); Default YOLO correctly aligns with target
S006_SE01_CAP000215_CAM01,CAP000215,S006,CAM01,frontal,leaning_right,1,correct_target,0.265500009059906,0.9299,0.785,4,Single clean target in frame
S006_SE01_CAP000215_CAM02,CAP000215,S006,CAM02,lateral,leaning_right,7,multiple_candidates,0.29339998960494995,0.9294,0.6512,4,Multiple candidates (7); Default YOLO correctly aligns with target
S006_SE01_CAP000216_CAM01,CAP000216,S006,CAM01,frontal,leaning_right,1,correct_target,0.266400009393692,0.9335,0.7881,4,Single clean target in frame
S006_SE01_CAP000216_CAM02,CAP000216,S006,CAM02,lateral,leaning_right,5,multiple_candidates,0.3012999892234802,0.919,0.6481,4,Multiple candidates (5); Default YOLO correctly aligns with target
S006_SE01_CAP000217_CAM01,CAP000217,S006,CAM01,frontal,leaning_right,1,correct_target,0.26579999923706055,0.9317,0.7873,4,Single clean target in frame
S006_SE01_CAP000217_CAM02,CAP000217,S006,CAM02,lateral,leaning_right,5,multiple_candidates,0.2969000041484833,0.9164,0.6678,4,Multiple candidates (5); Default YOLO correctly aligns with target
S006_SE01_CAP000218_CAM01,CAP000218,S006,CAM01,frontal,slouching,1,correct_target,0.2524000108242035,0.9326,0.7881,4,Single clean target in frame
S006_SE01_CAP000218_CAM02,CAP000218,S006,CAM02,lateral,slouching,6,multiple_candidates,0.3133000135421753,0.9169,0.6432,4,Multiple candidates (6); Default YOLO correctly aligns with target
S006_SE01_CAP000219_CAM01,CAP000219,S006,CAM01,frontal,slouching,1,correct_target,0.25130000710487366,0.9374,0.7839,4,Single clean target in frame
S006_SE01_CAP000219_CAM02,CAP000219,S006,CAM02,lateral,slouching,8,multiple_candidates,0.2906000018119812,0.9247,0.6435,4,Multiple candidates (8); Default YOLO correctly aligns with target
S006_SE01_CAP000220_CAM01,CAP000220,S006,CAM01,frontal,slouching,1,correct_target,0.24400000274181366,0.9392,0.7854,4,Single clean target in frame
S006_SE01_CAP000220_CAM02,CAP000220,S006,CAM02,lateral,slouching,8,multiple_candidates,0.28439998626708984,0.9354,0.6368,4,Multiple candidates (8); Default YOLO correctly aligns with target
S006_SE01_CAP000221_CAM01,CAP000221,S006,CAM01,frontal,slouching,1,correct_target,0.24390000104904175,0.9388,0.781,4,Single clean target in frame
S006_SE01_CAP000221_CAM02,CAP000221,S006,CAM02,lateral,slouching,7,multiple_candidates,0.2872999906539917,0.9381,0.6401,4,Multiple candidates (7); Default YOLO correctly aligns with target
S006_SE01_CAP000222_CAM01,CAP000222,S006,CAM01,frontal,slouching,1,correct_target,0.24570000171661377,0.9387,0.785,4,Single clean target in frame
S006_SE01_CAP000222_CAM02,CAP000222,S006,CAM02,lateral,slouching,8,multiple_candidates,0.28519999980926514,0.9398,0.6441,4,Multiple candidates (8); Default YOLO correctly aligns with target
S006_SE01_CAP000223_CAM01,CAP000223,S006,CAM01,frontal,forward_head,1,correct_target,0.2851000130176544,0.9343,0.7968,4,Single clean target in frame
S006_SE01_CAP000223_CAM02,CAP000223,S006,CAM02,lateral,forward_head,9,multiple_candidates,0.27459999918937683,0.9504,0.6415,4,Multiple candidates (9); Default YOLO correctly aligns with target
S006_SE01_CAP000224_CAM01,CAP000224,S006,CAM01,frontal,forward_head,1,correct_target,0.27649998664855957,0.9339,0.7964,4,Single clean target in frame
S006_SE01_CAP000224_CAM02,CAP000224,S006,CAM02,lateral,forward_head,9,multiple_candidates,0.27399998903274536,0.947,0.645,4,Multiple candidates (9); Default YOLO correctly aligns with target
S006_SE01_CAP000225_CAM01,CAP000225,S006,CAM01,frontal,forward_head,1,correct_target,0.2766999900341034,0.9316,0.7962,4,Single clean target in frame
S006_SE01_CAP000225_CAM02,CAP000225,S006,CAM02,lateral,forward_head,8,multiple_candidates,0.27459999918937683,0.9487,0.6509,4,Multiple candidates (8); Default YOLO correctly aligns with target
S006_SE01_CAP000226_CAM01,CAP000226,S006,CAM01,frontal,forward_head,1,correct_target,0.275299996137619,0.9323,0.7966,4,Single clean target in frame
S006_SE01_CAP000226_CAM02,CAP000226,S006,CAM02,lateral,forward_head,8,multiple_candidates,0.27649998664855957,0.9335,0.6538,4,Multiple candidates (8); Default YOLO correctly aligns with target
S006_SE01_CAP000227_CAM01,CAP000227,S006,CAM01,frontal,forward_head,1,correct_target,0.2768000066280365,0.931,0.7949,4,Single clean target in frame
S006_SE01_CAP000227_CAM02,CAP000227,S006,CAM02,lateral,forward_head,9,multiple_candidates,0.2768999934196472,0.9426,0.6507,4,Multiple candidates (9); Default YOLO correctly aligns with target
S006_SE01_CAP000228_CAM01,CAP000228,S006,CAM01,frontal,reject,1,correct_target,0.2240000069141388,0.9308,0.8455,4,Single clean target in frame
S006_SE01_CAP000228_CAM02,CAP000228,S006,CAM02,lateral,reject,10,multiple_candidates,0.18940000236034393,0.9011,0.5364,4,Multiple candidates (10); Default YOLO correctly aligns with target
S007_SE01_CAP000229_CAM01,CAP000229,S007,CAM01,frontal,upright,2,multiple_candidates,0.2206999957561493,0.9268,0.8325,4,Multiple candidates (2); Default YOLO correctly aligns with target
S007_SE01_CAP000229_CAM02,CAP000229,S007,CAM02,lateral,upright,7,multiple_candidates,0.33799999952316284,0.9246,0.5923,4,Multiple candidates (7); Default YOLO correctly aligns with target
S007_SE01_CAP000230_CAM01,CAP000230,S007,CAM01,frontal,upright,2,multiple_candidates,0.2206999957561493,0.927,0.8317,4,Multiple candidates (2); Default YOLO correctly aligns with target
S007_SE01_CAP000230_CAM02,CAP000230,S007,CAM02,lateral,upright,7,multiple_candidates,0.3352999985218048,0.9218,0.5801,4,Multiple candidates (7); Default YOLO correctly aligns with target
S007_SE01_CAP000231_CAM01,CAP000231,S007,CAM01,frontal,upright,3,multiple_candidates,0.2207999974489212,0.9267,0.832,4,Multiple candidates (3); Default YOLO correctly aligns with target
S007_SE01_CAP000231_CAM02,CAP000231,S007,CAM02,lateral,upright,4,multiple_candidates,0.33629998564720154,0.9204,0.5828,4,Multiple candidates (4); Default YOLO correctly aligns with target
S007_SE01_CAP000232_CAM01,CAP000232,S007,CAM01,frontal,upright,3,multiple_candidates,0.22169999778270721,0.9278,0.8308,4,Multiple candidates (3); Default YOLO correctly aligns with target
S007_SE01_CAP000232_CAM02,CAP000232,S007,CAM02,lateral,upright,5,multiple_candidates,0.3334999978542328,0.9181,0.6098,4,Multiple candidates (5); Default YOLO correctly aligns with target
S007_SE01_CAP000233_CAM01,CAP000233,S007,CAM01,frontal,upright,2,multiple_candidates,0.22169999778270721,0.9259,0.8337,4,Multiple candidates (2); Default YOLO correctly aligns with target
S007_SE01_CAP000233_CAM02,CAP000233,S007,CAM02,lateral,upright,5,multiple_candidates,0.3337000012397766,0.9204,0.5721,4,Multiple candidates (5); Default YOLO correctly aligns with target
S007_SE01_CAP000234_CAM01,CAP000234,S007,CAM01,frontal,upright,2,multiple_candidates,0.22110000252723694,0.9267,0.8309,4,Multiple candidates (2); Default YOLO correctly aligns with target
S007_SE01_CAP000234_CAM02,CAP000234,S007,CAM02,lateral,upright,5,multiple_candidates,0.33730000257492065,0.9258,0.5961,4,Multiple candidates (5); Default YOLO correctly aligns with target
S007_SE01_CAP000235_CAM01,CAP000235,S007,CAM01,frontal,leaning_forward,2,multiple_candidates,0.24279999732971191,0.9341,0.7956,4,Multiple candidates (2); Default YOLO correctly aligns with target
S007_SE01_CAP000235_CAM02,CAP000235,S007,CAM02,lateral,leaning_forward,6,multiple_candidates,0.30730000138282776,0.9495,0.5995,4,Multiple candidates (6); Default YOLO correctly aligns with target
S007_SE01_CAP000236_CAM01,CAP000236,S007,CAM01,frontal,leaning_forward,2,multiple_candidates,0.2425999939441681,0.9318,0.7981,4,Multiple candidates (2); Default YOLO correctly aligns with target
S007_SE01_CAP000236_CAM02,CAP000236,S007,CAM02,lateral,leaning_forward,7,multiple_candidates,0.30869999527931213,0.9508,0.5898,4,Multiple candidates (7); Default YOLO correctly aligns with target
S007_SE01_CAP000237_CAM01,CAP000237,S007,CAM01,frontal,leaning_forward,2,multiple_candidates,0.2442999929189682,0.9318,0.806,4,Multiple candidates (2); Default YOLO correctly aligns with target
S007_SE01_CAP000237_CAM02,CAP000237,S007,CAM02,lateral,leaning_forward,5,multiple_candidates,0.3084999918937683,0.9508,0.6068,4,Multiple candidates (5); Default YOLO correctly aligns with target
S007_SE01_CAP000238_CAM01,CAP000238,S007,CAM01,frontal,leaning_forward,2,multiple_candidates,0.24469999969005585,0.9318,0.7872,4,Multiple candidates (2); Default YOLO correctly aligns with target
S007_SE01_CAP000238_CAM02,CAP000238,S007,CAM02,lateral,leaning_forward,5,multiple_candidates,0.3093999922275543,0.9507,0.6031,4,Multiple candidates (5); Default YOLO correctly aligns with target
S007_SE01_CAP000239_CAM01,CAP000239,S007,CAM01,frontal,leaning_forward,2,multiple_candidates,0.2443999946117401,0.9318,0.7968,4,Multiple candidates (2); Default YOLO correctly aligns with target
S007_SE01_CAP000239_CAM02,CAP000239,S007,CAM02,lateral,leaning_forward,5,multiple_candidates,0.30880001187324524,0.9482,0.5951,4,Multiple candidates (5); Default YOLO correctly aligns with target
S007_SE01_CAP000240_CAM01,CAP000240,S007,CAM01,frontal,leaning_backward,2,multiple_candidates,0.20020000636577606,0.9095,0.8206,4,Multiple candidates (2); Default YOLO correctly aligns with target
S007_SE01_CAP000240_CAM02,CAP000240,S007,CAM02,lateral,leaning_backward,4,multiple_candidates,0.38510000705718994,0.9286,0.6979,4,Multiple candidates (4); Default YOLO correctly aligns with target
S007_SE01_CAP000241_CAM01,CAP000241,S007,CAM01,frontal,leaning_backward,2,multiple_candidates,0.19949999451637268,0.9104,0.8163,4,Multiple candidates (2); Default YOLO correctly aligns with target
S007_SE01_CAP000241_CAM02,CAP000241,S007,CAM02,lateral,leaning_backward,3,multiple_candidates,0.38679999113082886,0.9265,0.6955,4,Multiple candidates (3); Default YOLO correctly aligns with target
S007_SE01_CAP000242_CAM01,CAP000242,S007,CAM01,frontal,leaning_backward,2,multiple_candidates,0.19859999418258667,0.9126,0.8184,4,Multiple candidates (2); Default YOLO correctly aligns with target
S007_SE01_CAP000242_CAM02,CAP000242,S007,CAM02,lateral,leaning_backward,4,multiple_candidates,0.3869999945163727,0.9304,0.6921,4,Multiple candidates (4); Default YOLO correctly aligns with target
S007_SE01_CAP000243_CAM01,CAP000243,S007,CAM01,frontal,leaning_backward,3,multiple_candidates,0.19750000536441803,0.9115,0.8215,4,Multiple candidates (3); Default YOLO correctly aligns with target
S007_SE01_CAP000243_CAM02,CAP000243,S007,CAM02,lateral,leaning_backward,4,multiple_candidates,0.38519999384880066,0.9307,0.6843,4,Multiple candidates (4); Default YOLO correctly aligns with target
S007_SE01_CAP000244_CAM01,CAP000244,S007,CAM01,frontal,leaning_backward,3,multiple_candidates,0.19779999554157257,0.911,0.8179,4,Multiple candidates (3); Default YOLO correctly aligns with target
S007_SE01_CAP000244_CAM02,CAP000244,S007,CAM02,lateral,leaning_backward,4,multiple_candidates,0.3840999901294708,0.931,0.69,4,Multiple candidates (4); Default YOLO correctly aligns with target
S007_SE01_CAP000245_CAM01,CAP000245,S007,CAM01,frontal,leaning_left,3,multiple_candidates,0.23720000684261322,0.909,0.8407,4,Multiple candidates (3); Default YOLO correctly aligns with target
S007_SE01_CAP000245_CAM02,CAP000245,S007,CAM02,lateral,leaning_left,6,multiple_candidates,0.2992999851703644,0.9425,0.7043,4,Multiple candidates (6); Default YOLO correctly aligns with target
S007_SE01_CAP000246_CAM01,CAP000246,S007,CAM01,frontal,leaning_left,3,multiple_candidates,0.23849999904632568,0.9059,0.8371,4,Multiple candidates (3); Default YOLO correctly aligns with target
S007_SE01_CAP000246_CAM02,CAP000246,S007,CAM02,lateral,leaning_left,6,multiple_candidates,0.2994000017642975,0.9408,0.713,4,Multiple candidates (6); Default YOLO correctly aligns with target
S007_SE01_CAP000247_CAM01,CAP000247,S007,CAM01,frontal,leaning_left,3,multiple_candidates,0.23559999465942383,0.9058,0.8428,4,Multiple candidates (3); Default YOLO correctly aligns with target
S007_SE01_CAP000247_CAM02,CAP000247,S007,CAM02,lateral,leaning_left,6,multiple_candidates,0.29760000109672546,0.94,0.7146,4,Multiple candidates (6); Default YOLO correctly aligns with target
S007_SE01_CAP000248_CAM01,CAP000248,S007,CAM01,frontal,leaning_left,3,multiple_candidates,0.23520000278949738,0.9098,0.8444,4,Multiple candidates (3); Default YOLO correctly aligns with target
S007_SE01_CAP000248_CAM02,CAP000248,S007,CAM02,lateral,leaning_left,4,multiple_candidates,0.29789999127388,0.9416,0.7187,4,Multiple candidates (4); Default YOLO correctly aligns with target
S007_SE01_CAP000249_CAM01,CAP000249,S007,CAM01,frontal,leaning_left,3,multiple_candidates,0.23729999363422394,0.9108,0.8384,4,Multiple candidates (3); Default YOLO correctly aligns with target
S007_SE01_CAP000249_CAM02,CAP000249,S007,CAM02,lateral,leaning_left,6,multiple_candidates,0.2980000078678131,0.9399,0.715,4,Multiple candidates (6); Default YOLO correctly aligns with target
S007_SE01_CAP000250_CAM01,CAP000250,S007,CAM01,frontal,leaning_right,3,multiple_candidates,0.21960000693798065,0.9231,0.8125,4,Multiple candidates (3); Default YOLO correctly aligns with target
S007_SE01_CAP000250_CAM02,CAP000250,S007,CAM02,lateral,leaning_right,5,multiple_candidates,0.36079999804496765,0.942,0.6656,4,Multiple candidates (5); Default YOLO correctly aligns with target
S007_SE01_CAP000251_CAM01,CAP000251,S007,CAM01,frontal,leaning_right,3,multiple_candidates,0.22460000216960907,0.9224,0.8159,4,Multiple candidates (3); Default YOLO correctly aligns with target
S007_SE01_CAP000251_CAM02,CAP000251,S007,CAM02,lateral,leaning_right,3,multiple_candidates,0.36149999499320984,0.9441,0.6651,4,Multiple candidates (3); Default YOLO correctly aligns with target
S007_SE01_CAP000252_CAM01,CAP000252,S007,CAM01,frontal,leaning_right,3,multiple_candidates,0.22429999709129333,0.9213,0.8139,4,Multiple candidates (3); Default YOLO correctly aligns with target
S007_SE01_CAP000252_CAM02,CAP000252,S007,CAM02,lateral,leaning_right,6,multiple_candidates,0.3637999892234802,0.9451,0.6724,4,Multiple candidates (6); Default YOLO correctly aligns with target
S007_SE01_CAP000253_CAM01,CAP000253,S007,CAM01,frontal,leaning_right,3,multiple_candidates,0.22390000522136688,0.9205,0.8113,4,Multiple candidates (3); Default YOLO correctly aligns with target
S007_SE01_CAP000253_CAM02,CAP000253,S007,CAM02,lateral,leaning_right,4,multiple_candidates,0.3603000044822693,0.9437,0.6732,4,Multiple candidates (4); Default YOLO correctly aligns with target
S007_SE01_CAP000254_CAM01,CAP000254,S007,CAM01,frontal,leaning_right,2,multiple_candidates,0.2248000055551529,0.9165,0.8083,4,Multiple candidates (2); Default YOLO correctly aligns with target
S007_SE01_CAP000254_CAM02,CAP000254,S007,CAM02,lateral,leaning_right,7,multiple_candidates,0.35989999771118164,0.9431,0.6634,4,Multiple candidates (7); Default YOLO correctly aligns with target
S007_SE01_CAP000255_CAM01,CAP000255,S007,CAM01,frontal,slouching,2,multiple_candidates,0.20659999549388885,0.9224,0.8187,4,Multiple candidates (2); Default YOLO correctly aligns with target
S007_SE01_CAP000255_CAM02,CAP000255,S007,CAM02,lateral,slouching,5,multiple_candidates,0.34060001373291016,0.9382,0.6838,4,Multiple candidates (5); Default YOLO correctly aligns with target
S007_SE01_CAP000256_CAM01,CAP000256,S007,CAM01,frontal,slouching,2,multiple_candidates,0.20559999346733093,0.9224,0.8176,4,Multiple candidates (2); Default YOLO correctly aligns with target
S007_SE01_CAP000256_CAM02,CAP000256,S007,CAM02,lateral,slouching,6,multiple_candidates,0.3391999900341034,0.9398,0.6884,4,Multiple candidates (6); Default YOLO correctly aligns with target
S007_SE01_CAP000257_CAM01,CAP000257,S007,CAM01,frontal,slouching,2,multiple_candidates,0.2062000036239624,0.9223,0.819,4,Multiple candidates (2); Default YOLO correctly aligns with target
S007_SE01_CAP000257_CAM02,CAP000257,S007,CAM02,lateral,slouching,5,multiple_candidates,0.3398999869823456,0.9385,0.6958,4,Multiple candidates (5); Default YOLO correctly aligns with target
S007_SE01_CAP000258_CAM01,CAP000258,S007,CAM01,frontal,slouching,2,multiple_candidates,0.2045000046491623,0.9233,0.8172,4,Multiple candidates (2); Default YOLO correctly aligns with target
S007_SE01_CAP000258_CAM02,CAP000258,S007,CAM02,lateral,slouching,5,multiple_candidates,0.33970001339912415,0.9398,0.6878,4,Multiple candidates (5); Default YOLO correctly aligns with target
S007_SE01_CAP000259_CAM01,CAP000259,S007,CAM01,frontal,slouching,2,multiple_candidates,0.20430000126361847,0.9225,0.8187,4,Multiple candidates (2); Default YOLO correctly aligns with target
S007_SE01_CAP000259_CAM02,CAP000259,S007,CAM02,lateral,slouching,5,multiple_candidates,0.3382999897003174,0.9373,0.69,4,Multiple candidates (5); Default YOLO correctly aligns with target
S007_SE01_CAP000260_CAM01,CAP000260,S007,CAM01,frontal,forward_head,2,multiple_candidates,0.225600004196167,0.9309,0.8038,4,Multiple candidates (2); Default YOLO correctly aligns with target
S007_SE01_CAP000260_CAM02,CAP000260,S007,CAM02,lateral,forward_head,5,multiple_candidates,0.3192000091075897,0.9494,0.6452,4,Multiple candidates (5); Default YOLO correctly aligns with target
S007_SE01_CAP000261_CAM01,CAP000261,S007,CAM01,frontal,forward_head,3,multiple_candidates,0.22370000183582306,0.9305,0.8105,4,Multiple candidates (3); Default YOLO correctly aligns with target
S007_SE01_CAP000261_CAM02,CAP000261,S007,CAM02,lateral,forward_head,5,multiple_candidates,0.3192000091075897,0.9504,0.6467,4,Multiple candidates (5); Default YOLO correctly aligns with target
S007_SE01_CAP000262_CAM01,CAP000262,S007,CAM01,frontal,forward_head,3,multiple_candidates,0.22429999709129333,0.9294,0.8122,4,Multiple candidates (3); Default YOLO correctly aligns with target
S007_SE01_CAP000262_CAM02,CAP000262,S007,CAM02,lateral,forward_head,4,multiple_candidates,0.3206000030040741,0.9504,0.6465,4,Multiple candidates (4); Default YOLO correctly aligns with target
S007_SE01_CAP000263_CAM01,CAP000263,S007,CAM01,frontal,forward_head,3,multiple_candidates,0.22509999573230743,0.9304,0.8153,4,Multiple candidates (3); Default YOLO correctly aligns with target
S007_SE01_CAP000263_CAM02,CAP000263,S007,CAM02,lateral,forward_head,5,multiple_candidates,0.31949999928474426,0.9516,0.6442,4,Multiple candidates (5); Default YOLO correctly aligns with target
S007_SE01_CAP000264_CAM01,CAP000264,S007,CAM01,frontal,forward_head,3,multiple_candidates,0.22619999945163727,0.9285,0.8109,4,Multiple candidates (3); Default YOLO correctly aligns with target
S007_SE01_CAP000264_CAM02,CAP000264,S007,CAM02,lateral,forward_head,5,multiple_candidates,0.3206000030040741,0.9506,0.6421,4,Multiple candidates (5); Default YOLO correctly aligns with target
S007_SE01_CAP000265_CAM01,CAP000265,S007,CAM01,frontal,reject,2,multiple_candidates,0.33239999413490295,0.9046,0.8733,4,Multiple candidates (2); Default YOLO correctly aligns with target
S007_SE01_CAP000265_CAM02,CAP000265,S007,CAM02,lateral,reject,5,multiple_candidates,0.19599999487400055,0.8884,0.6494,4,Multiple candidates (5); Default YOLO correctly aligns with target
S007_SE01_CAP000266_CAM01,CAP000266,S007,CAM01,frontal,reject,1,correct_target,0.35260000824928284,0.9102,0.7875,4,Single clean target in frame
S007_SE01_CAP000266_CAM02,CAP000266,S007,CAM02,lateral,reject,5,multiple_candidates,0.23080000281333923,0.8983,0.7315,4,Multiple candidates (5); Default YOLO correctly aligns with target
S007_SE01_CAP000267_CAM01,CAP000267,S007,CAM01,frontal,reject,2,multiple_candidates,0.2084999978542328,0.9287,0.8697,4,Multiple candidates (2); Default YOLO correctly aligns with target
S007_SE01_CAP000267_CAM02,CAP000267,S007,CAM02,lateral,reject,3,multiple_candidates,0.2071000039577484,0.892,0.5067,4,Multiple candidates (3); Default YOLO correctly aligns with target
S008_SE01_CAP000268_CAM01,CAP000268,S008,CAM01,frontal,upright,1,correct_target,0.1907999962568283,0.9373,0.772,4,Single clean target in frame
S008_SE01_CAP000268_CAM02,CAP000268,S008,CAM02,lateral,upright,2,wrong_person_risk,0.34310001134872437,0.8975,0.5913,4,Multiple candidates (2); Default YOLO picks non-target candidate 0!
S008_SE01_CAP000269_CAM01,CAP000269,S008,CAM01,frontal,upright,1,correct_target,0.19140000641345978,0.9381,0.7682,4,Single clean target in frame
S008_SE01_CAP000269_CAM02,CAP000269,S008,CAM02,lateral,upright,2,wrong_person_risk,0.34310001134872437,0.9019,0.6288,4,Multiple candidates (2); Default YOLO picks non-target candidate 0!
S008_SE01_CAP000270_CAM01,CAP000270,S008,CAM01,frontal,upright,1,correct_target,0.19050000607967377,0.938,0.767,4,Single clean target in frame
S008_SE01_CAP000270_CAM02,CAP000270,S008,CAM02,lateral,upright,2,wrong_person_risk,0.3425999879837036,0.8996,0.5984,4,Multiple candidates (2); Default YOLO picks non-target candidate 0!
S008_SE01_CAP000271_CAM01,CAP000271,S008,CAM01,frontal,upright,1,correct_target,0.19429999589920044,0.9355,0.7703,4,Single clean target in frame
S008_SE01_CAP000271_CAM02,CAP000271,S008,CAM02,lateral,upright,2,wrong_person_risk,0.3393000066280365,0.9007,0.6235,4,Multiple candidates (2); Default YOLO picks non-target candidate 0!
S008_SE01_CAP000272_CAM01,CAP000272,S008,CAM01,frontal,upright,1,correct_target,0.19120000302791595,0.9369,0.7717,4,Single clean target in frame
S008_SE01_CAP000272_CAM02,CAP000272,S008,CAM02,lateral,upright,2,wrong_person_risk,0.34150001406669617,0.8968,0.6128,4,Multiple candidates (2); Default YOLO picks non-target candidate 0!
S008_SE01_CAP000273_CAM01,CAP000273,S008,CAM01,frontal,leaning_forward,1,correct_target,0.2037000060081482,0.9273,0.7966,4,Single clean target in frame
S008_SE01_CAP000273_CAM02,CAP000273,S008,CAM02,lateral,leaning_forward,2,multiple_candidates,0.3050000071525574,0.923,0.6004,4,Multiple candidates (2); Default YOLO correctly aligns with target
S008_SE01_CAP000274_CAM01,CAP000274,S008,CAM01,frontal,leaning_forward,1,correct_target,0.19840000569820404,0.9285,0.7601,4,Single clean target in frame
S008_SE01_CAP000274_CAM02,CAP000274,S008,CAM02,lateral,leaning_forward,2,wrong_person_risk,0.30489999055862427,0.8993,0.633,4,Multiple candidates (2); Default YOLO picks non-target candidate 0!
S008_SE01_CAP000275_CAM01,CAP000275,S008,CAM01,frontal,leaning_forward,1,correct_target,0.20010000467300415,0.9267,0.7564,4,Single clean target in frame
S008_SE01_CAP000275_CAM02,CAP000275,S008,CAM02,lateral,leaning_forward,2,wrong_person_risk,0.29910001158714294,0.9038,0.6011,4,Multiple candidates (2); Default YOLO picks non-target candidate 0!
S008_SE01_CAP000276_CAM01,CAP000276,S008,CAM01,frontal,leaning_forward,2,multiple_candidates,0.20080000162124634,0.9249,0.7565,4,Multiple candidates (2); Default YOLO correctly aligns with target
S008_SE01_CAP000276_CAM02,CAP000276,S008,CAM02,lateral,leaning_forward,2,wrong_person_risk,0.2996000051498413,0.9056,0.5991,4,Multiple candidates (2); Default YOLO picks non-target candidate 0!
S008_SE01_CAP000277_CAM01,CAP000277,S008,CAM01,frontal,leaning_forward,2,multiple_candidates,0.1987999975681305,0.9283,0.7548,4,Multiple candidates (2); Default YOLO correctly aligns with target
S008_SE01_CAP000277_CAM02,CAP000277,S008,CAM02,lateral,leaning_forward,2,wrong_person_risk,0.30160000920295715,0.8961,0.5917,4,Multiple candidates (2); Default YOLO picks non-target candidate 0!
S008_SE01_CAP000278_CAM01,CAP000278,S008,CAM01,frontal,leaning_backward,1,correct_target,0.16110000014305115,0.9244,0.7784,4,Single clean target in frame
S008_SE01_CAP000278_CAM02,CAP000278,S008,CAM02,lateral,leaning_backward,2,wrong_person_risk,0.3871999979019165,0.8982,0.6206,4,Multiple candidates (2); Default YOLO picks non-target candidate 0!
S008_SE01_CAP000279_CAM01,CAP000279,S008,CAM01,frontal,leaning_backward,2,multiple_candidates,0.16449999809265137,0.9293,0.8026,4,Multiple candidates (2); Default YOLO correctly aligns with target
S008_SE01_CAP000279_CAM02,CAP000279,S008,CAM02,lateral,leaning_backward,2,wrong_person_risk,0.37869998812675476,0.8963,0.6208,4,Multiple candidates (2); Default YOLO picks non-target candidate 0!
S008_SE01_CAP000280_CAM01,CAP000280,S008,CAM01,frontal,leaning_backward,1,correct_target,0.16509999334812164,0.9283,0.7889,4,Single clean target in frame
S008_SE01_CAP000280_CAM02,CAP000280,S008,CAM02,lateral,leaning_backward,2,wrong_person_risk,0.3763999938964844,0.8992,0.6346,4,Multiple candidates (2); Default YOLO picks non-target candidate 0!
S008_SE01_CAP000281_CAM01,CAP000281,S008,CAM01,frontal,leaning_backward,2,multiple_candidates,0.16590000689029694,0.9303,0.7988,4,Multiple candidates (2); Default YOLO correctly aligns with target
S008_SE01_CAP000281_CAM02,CAP000281,S008,CAM02,lateral,leaning_backward,2,wrong_person_risk,0.375,0.9023,0.6225,4,Multiple candidates (2); Default YOLO picks non-target candidate 0!
S008_SE01_CAP000282_CAM01,CAP000282,S008,CAM01,frontal,leaning_backward,1,correct_target,0.1664000004529953,0.9304,0.7891,4,Single clean target in frame
S008_SE01_CAP000282_CAM02,CAP000282,S008,CAM02,lateral,leaning_backward,2,wrong_person_risk,0.37400001287460327,0.8973,0.6298,4,Multiple candidates (2); Default YOLO picks non-target candidate 0!
S008_SE01_CAP000283_CAM01,CAP000283,S008,CAM01,frontal,leaning_left,1,correct_target,0.19449999928474426,0.9156,0.7789,4,Single clean target in frame
S008_SE01_CAP000283_CAM02,CAP000283,S008,CAM02,lateral,leaning_left,2,wrong_person_risk,0.2994000017642975,0.9054,0.5977,4,Multiple candidates (2); Default YOLO picks non-target candidate 0!
S008_SE01_CAP000284_CAM01,CAP000284,S008,CAM01,frontal,leaning_left,2,multiple_candidates,0.19259999692440033,0.9201,0.7803,4,Multiple candidates (2); Default YOLO correctly aligns with target
S008_SE01_CAP000284_CAM02,CAP000284,S008,CAM02,lateral,leaning_left,2,wrong_person_risk,0.2969000041484833,0.9048,0.5925,4,Multiple candidates (2); Default YOLO picks non-target candidate 0!
S008_SE01_CAP000285_CAM01,CAP000285,S008,CAM01,frontal,leaning_left,2,multiple_candidates,0.1923999935388565,0.9119,0.7876,4,Multiple candidates (2); Default YOLO correctly aligns with target
S008_SE01_CAP000285_CAM02,CAP000285,S008,CAM02,lateral,leaning_left,2,wrong_person_risk,0.296099990606308,0.9054,0.5923,4,Multiple candidates (2); Default YOLO picks non-target candidate 0!
S008_SE01_CAP000286_CAM01,CAP000286,S008,CAM01,frontal,leaning_left,2,multiple_candidates,0.19130000472068787,0.9185,0.7834,4,Multiple candidates (2); Default YOLO correctly aligns with target
S008_SE01_CAP000286_CAM02,CAP000286,S008,CAM02,lateral,leaning_left,2,wrong_person_risk,0.2971000075340271,0.9067,0.597,4,Multiple candidates (2); Default YOLO picks non-target candidate 0!
S008_SE01_CAP000287_CAM01,CAP000287,S008,CAM01,frontal,leaning_left,1,correct_target,0.19210000336170197,0.9146,0.7732,4,Single clean target in frame
S008_SE01_CAP000287_CAM02,CAP000287,S008,CAM02,lateral,leaning_left,2,wrong_person_risk,0.2962000072002411,0.901,0.5917,4,Multiple candidates (2); Default YOLO picks non-target candidate 0!
S008_SE01_CAP000288_CAM01,CAP000288,S008,CAM01,frontal,leaning_right,2,multiple_candidates,0.20980000495910645,0.9109,0.815,4,Multiple candidates (2); Default YOLO correctly aligns with target
S008_SE01_CAP000288_CAM02,CAP000288,S008,CAM02,lateral,leaning_right,2,wrong_person_risk,0.3840999901294708,0.8642,0.6155,4,Multiple candidates (2); Default YOLO picks non-target candidate 0!
S008_SE01_CAP000289_CAM01,CAP000289,S008,CAM01,frontal,leaning_right,1,correct_target,0.2053000032901764,0.9134,0.7599,4,Single clean target in frame
S008_SE01_CAP000289_CAM02,CAP000289,S008,CAM02,lateral,leaning_right,2,wrong_person_risk,0.38100001215934753,0.8908,0.638,4,Multiple candidates (2); Default YOLO picks non-target candidate 0!
S008_SE01_CAP000290_CAM01,CAP000290,S008,CAM01,frontal,leaning_right,2,multiple_candidates,0.20010000467300415,0.9199,0.8052,4,Multiple candidates (2); Default YOLO correctly aligns with target
S008_SE01_CAP000290_CAM02,CAP000290,S008,CAM02,lateral,leaning_right,2,wrong_person_risk,0.3772999942302704,0.887,0.6142,4,Multiple candidates (2); Default YOLO picks non-target candidate 0!
S008_SE01_CAP000291_CAM01,CAP000291,S008,CAM01,frontal,leaning_right,1,correct_target,0.19820000231266022,0.9217,0.7931,4,Single clean target in frame
S008_SE01_CAP000291_CAM02,CAP000291,S008,CAM02,lateral,leaning_right,2,wrong_person_risk,0.37630000710487366,0.8954,0.6317,4,Multiple candidates (2); Default YOLO picks non-target candidate 0!
S008_SE01_CAP000292_CAM01,CAP000292,S008,CAM01,frontal,leaning_right,1,correct_target,0.19599999487400055,0.9229,0.7988,4,Single clean target in frame
S008_SE01_CAP000292_CAM02,CAP000292,S008,CAM02,lateral,leaning_right,2,wrong_person_risk,0.37549999356269836,0.8856,0.6137,4,Multiple candidates (2); Default YOLO picks non-target candidate 0!
S008_SE01_CAP000293_CAM01,CAP000293,S008,CAM01,frontal,slouching,1,correct_target,0.17399999499320984,0.9318,0.7611,4,Single clean target in frame
S008_SE01_CAP000293_CAM02,CAP000293,S008,CAM02,lateral,slouching,2,wrong_person_risk,0.334199994802475,0.8803,0.5942,4,Multiple candidates (2); Default YOLO picks non-target candidate 0!
S008_SE01_CAP000294_CAM01,CAP000294,S008,CAM01,frontal,slouching,1,correct_target,0.17180000245571136,0.936,0.819,4,Single clean target in frame
S008_SE01_CAP000294_CAM02,CAP000294,S008,CAM02,lateral,slouching,2,wrong_person_risk,0.3310000002384186,0.884,0.6145,4,Multiple candidates (2); Default YOLO picks non-target candidate 0!
S008_SE01_CAP000295_CAM01,CAP000295,S008,CAM01,frontal,slouching,1,correct_target,0.17239999771118164,0.9343,0.836,4,Single clean target in frame
S008_SE01_CAP000295_CAM02,CAP000295,S008,CAM02,lateral,slouching,2,wrong_person_risk,0.33239999413490295,0.893,0.6093,4,Multiple candidates (2); Default YOLO picks non-target candidate 0!
S008_SE01_CAP000296_CAM01,CAP000296,S008,CAM01,frontal,slouching,2,multiple_candidates,0.1736000031232834,0.9356,0.8101,4,Multiple candidates (2); Default YOLO correctly aligns with target
S008_SE01_CAP000296_CAM02,CAP000296,S008,CAM02,lateral,slouching,2,wrong_person_risk,0.33309999108314514,0.8951,0.6052,4,Multiple candidates (2); Default YOLO picks non-target candidate 0!
S008_SE01_CAP000297_CAM01,CAP000297,S008,CAM01,frontal,slouching,1,correct_target,0.17329999804496765,0.9354,0.8041,4,Single clean target in frame
S008_SE01_CAP000297_CAM02,CAP000297,S008,CAM02,lateral,slouching,2,wrong_person_risk,0.32989999651908875,0.8891,0.6018,4,Multiple candidates (2); Default YOLO picks non-target candidate 0!
S008_SE01_CAP000298_CAM01,CAP000298,S008,CAM01,frontal,forward_head,1,correct_target,0.19930000603199005,0.9192,0.7638,4,Single clean target in frame
S008_SE01_CAP000298_CAM02,CAP000298,S008,CAM02,lateral,forward_head,2,multiple_candidates,0.3393000066280365,0.9065,0.6079,4,Multiple candidates (2); Default YOLO correctly aligns with target
S008_SE01_CAP000299_CAM01,CAP000299,S008,CAM01,frontal,forward_head,2,multiple_candidates,0.20489999651908875,0.9262,0.7639,4,Multiple candidates (2); Default YOLO correctly aligns with target
S008_SE01_CAP000299_CAM02,CAP000299,S008,CAM02,lateral,forward_head,2,multiple_candidates,0.3303000032901764,0.9137,0.6126,4,Multiple candidates (2); Default YOLO correctly aligns with target
S008_SE01_CAP000300_CAM01,CAP000300,S008,CAM01,frontal,forward_head,1,correct_target,0.2029999941587448,0.9254,0.7685,4,Single clean target in frame
S008_SE01_CAP000300_CAM02,CAP000300,S008,CAM02,lateral,forward_head,2,multiple_candidates,0.3314000070095062,0.9235,0.6398,4,Multiple candidates (2); Default YOLO correctly aligns with target
S008_SE01_CAP000301_CAM01,CAP000301,S008,CAM01,frontal,forward_head,1,correct_target,0.2011999934911728,0.9268,0.7765,4,Single clean target in frame
S008_SE01_CAP000301_CAM02,CAP000301,S008,CAM02,lateral,forward_head,2,multiple_candidates,0.33250001072883606,0.9161,0.6242,4,Multiple candidates (2); Default YOLO correctly aligns with target
S008_SE01_CAP000302_CAM01,CAP000302,S008,CAM01,frontal,forward_head,1,correct_target,0.20319999754428864,0.9277,0.7746,4,Single clean target in frame
S008_SE01_CAP000302_CAM02,CAP000302,S008,CAM02,lateral,forward_head,2,multiple_candidates,0.33340001106262207,0.9193,0.619,4,Multiple candidates (2); Default YOLO correctly aligns with target
S008_SE01_CAP000303_CAM01,CAP000303,S008,CAM01,frontal,reject,1,correct_target,0.271699994802475,0.8393,0.611,4,Single clean target in frame
S008_SE01_CAP000303_CAM02,CAP000303,S008,CAM02,lateral,reject,2,multiple_candidates,0.3752000033855438,0.8989,0.4019,2,Multiple candidates (2); Default YOLO correctly aligns with target
S009_SE01_CAP000304_CAM01,CAP000304,S009,CAM01,frontal,upright,2,multiple_candidates,0.3100000023841858,0.9048,0.8131,4,Multiple candidates (2); Default YOLO correctly aligns with target
S009_SE01_CAP000304_CAM02,CAP000304,S009,CAM02,lateral,upright,2,multiple_candidates,0.41110000014305115,0.9208,0.5984,4,Multiple candidates (2); Default YOLO correctly aligns with target
S009_SE01_CAP000305_CAM01,CAP000305,S009,CAM01,frontal,upright,2,multiple_candidates,0.30660000443458557,0.9018,0.8074,4,Multiple candidates (2); Default YOLO correctly aligns with target
S009_SE01_CAP000305_CAM02,CAP000305,S009,CAM02,lateral,upright,2,multiple_candidates,0.4122999906539917,0.9232,0.5968,4,Multiple candidates (2); Default YOLO correctly aligns with target
S009_SE01_CAP000306_CAM01,CAP000306,S009,CAM01,frontal,upright,2,multiple_candidates,0.3050000071525574,0.897,0.8074,4,Multiple candidates (2); Default YOLO correctly aligns with target
S009_SE01_CAP000306_CAM02,CAP000306,S009,CAM02,lateral,upright,2,multiple_candidates,0.4099000096321106,0.9244,0.6072,4,Multiple candidates (2); Default YOLO correctly aligns with target
S009_SE01_CAP000307_CAM01,CAP000307,S009,CAM01,frontal,upright,2,multiple_candidates,0.30660000443458557,0.9077,0.8051,4,Multiple candidates (2); Default YOLO correctly aligns with target
S009_SE01_CAP000307_CAM02,CAP000307,S009,CAM02,lateral,upright,2,multiple_candidates,0.4097000062465668,0.9258,0.6051,4,Multiple candidates (2); Default YOLO correctly aligns with target
S009_SE01_CAP000308_CAM01,CAP000308,S009,CAM01,frontal,upright,2,multiple_candidates,0.30390000343322754,0.9104,0.8094,4,Multiple candidates (2); Default YOLO correctly aligns with target
S009_SE01_CAP000308_CAM02,CAP000308,S009,CAM02,lateral,upright,2,multiple_candidates,0.41040000319480896,0.9255,0.6045,4,Multiple candidates (2); Default YOLO correctly aligns with target
S009_SE01_CAP000309_CAM01,CAP000309,S009,CAM01,frontal,leaning_forward,1,correct_target,0.31369999051094055,0.8953,0.7608,4,Single clean target in frame
S009_SE01_CAP000309_CAM02,CAP000309,S009,CAM02,lateral,leaning_forward,2,multiple_candidates,0.41589999198913574,0.927,0.5801,4,Multiple candidates (2); Default YOLO correctly aligns with target
S009_SE01_CAP000310_CAM01,CAP000310,S009,CAM01,frontal,leaning_forward,1,correct_target,0.31450000405311584,0.8811,0.7723,4,Single clean target in frame
S009_SE01_CAP000310_CAM02,CAP000310,S009,CAM02,lateral,leaning_forward,2,multiple_candidates,0.415800005197525,0.9286,0.5764,4,Multiple candidates (2); Default YOLO correctly aligns with target
S009_SE01_CAP000311_CAM01,CAP000311,S009,CAM01,frontal,leaning_forward,1,correct_target,0.31060001254081726,0.8928,0.7697,4,Single clean target in frame
S009_SE01_CAP000311_CAM02,CAP000311,S009,CAM02,lateral,leaning_forward,2,multiple_candidates,0.4156999886035919,0.9282,0.5845,4,Multiple candidates (2); Default YOLO correctly aligns with target
S009_SE01_CAP000312_CAM01,CAP000312,S009,CAM01,frontal,leaning_forward,1,correct_target,0.3084999918937683,0.894,0.7693,4,Single clean target in frame
S009_SE01_CAP000312_CAM02,CAP000312,S009,CAM02,lateral,leaning_forward,2,multiple_candidates,0.4156999886035919,0.9237,0.5917,4,Multiple candidates (2); Default YOLO correctly aligns with target
S009_SE01_CAP000313_CAM01,CAP000313,S009,CAM01,frontal,leaning_forward,1,correct_target,0.30809998512268066,0.8963,0.7717,4,Single clean target in frame
S009_SE01_CAP000313_CAM02,CAP000313,S009,CAM02,lateral,leaning_forward,2,multiple_candidates,0.4165000021457672,0.9263,0.5836,4,Multiple candidates (2); Default YOLO correctly aligns with target
S009_SE01_CAP000314_CAM01,CAP000314,S009,CAM01,frontal,leaning_backward,1,correct_target,0.301800012588501,0.9162,0.7932,4,Single clean target in frame
S009_SE01_CAP000314_CAM02,CAP000314,S009,CAM02,lateral,leaning_backward,2,multiple_candidates,0.4413999915122986,0.9041,0.61,4,Multiple candidates (2); Default YOLO correctly aligns with target
S009_SE01_CAP000315_CAM01,CAP000315,S009,CAM01,frontal,leaning_backward,1,correct_target,0.3012999892234802,0.9129,0.7919,4,Single clean target in frame
S009_SE01_CAP000315_CAM02,CAP000315,S009,CAM02,lateral,leaning_backward,2,multiple_candidates,0.4413999915122986,0.9073,0.6144,4,Multiple candidates (2); Default YOLO correctly aligns with target
S009_SE01_CAP000316_CAM01,CAP000316,S009,CAM01,frontal,leaning_backward,1,correct_target,0.296099990606308,0.9143,0.7925,4,Single clean target in frame
S009_SE01_CAP000316_CAM02,CAP000316,S009,CAM02,lateral,leaning_backward,2,multiple_candidates,0.4426000118255615,0.9029,0.6125,4,Multiple candidates (2); Default YOLO correctly aligns with target
S009_SE01_CAP000317_CAM01,CAP000317,S009,CAM01,frontal,leaning_backward,1,correct_target,0.30149999260902405,0.9154,0.7919,4,Single clean target in frame
S009_SE01_CAP000317_CAM02,CAP000317,S009,CAM02,lateral,leaning_backward,2,multiple_candidates,0.44269999861717224,0.9029,0.612,4,Multiple candidates (2); Default YOLO correctly aligns with target
S009_SE01_CAP000318_CAM01,CAP000318,S009,CAM01,frontal,leaning_backward,1,correct_target,0.30169999599456787,0.9087,0.7946,4,Single clean target in frame
S009_SE01_CAP000318_CAM02,CAP000318,S009,CAM02,lateral,leaning_backward,2,multiple_candidates,0.43970000743865967,0.9045,0.6114,4,Multiple candidates (2); Default YOLO correctly aligns with target
S009_SE01_CAP000319_CAM01,CAP000319,S009,CAM01,frontal,leaning_left,1,correct_target,0.3091000020503998,0.8852,0.7921,4,Single clean target in frame
S009_SE01_CAP000319_CAM02,CAP000319,S009,CAM02,lateral,leaning_left,2,multiple_candidates,0.3677999973297119,0.9257,0.6574,4,Multiple candidates (2); Default YOLO correctly aligns with target
S009_SE01_CAP000320_CAM01,CAP000320,S009,CAM01,frontal,leaning_left,1,correct_target,0.30219998955726624,0.9065,0.7761,4,Single clean target in frame
S009_SE01_CAP000320_CAM02,CAP000320,S009,CAM02,lateral,leaning_left,2,multiple_candidates,0.3652999997138977,0.9232,0.6494,4,Multiple candidates (2); Default YOLO correctly aligns with target
S009_SE01_CAP000321_CAM01,CAP000321,S009,CAM01,frontal,leaning_left,1,correct_target,0.303600013256073,0.8995,0.7824,4,Single clean target in frame
S009_SE01_CAP000321_CAM02,CAP000321,S009,CAM02,lateral,leaning_left,2,multiple_candidates,0.36739999055862427,0.9242,0.6343,4,Multiple candidates (2); Default YOLO correctly aligns with target
S009_SE01_CAP000322_CAM01,CAP000322,S009,CAM01,frontal,leaning_left,1,correct_target,0.3009999990463257,0.8961,0.7832,4,Single clean target in frame
S009_SE01_CAP000322_CAM02,CAP000322,S009,CAM02,lateral,leaning_left,2,multiple_candidates,0.36629998683929443,0.9274,0.6524,4,Multiple candidates (2); Default YOLO correctly aligns with target
S009_SE01_CAP000323_CAM01,CAP000323,S009,CAM01,frontal,leaning_left,1,correct_target,0.2980000078678131,0.8999,0.7879,4,Single clean target in frame
S009_SE01_CAP000323_CAM02,CAP000323,S009,CAM02,lateral,leaning_left,2,multiple_candidates,0.3653999865055084,0.925,0.6527,4,Multiple candidates (2); Default YOLO correctly aligns with target
S009_SE01_CAP000324_CAM01,CAP000324,S009,CAM01,frontal,leaning_right,1,correct_target,0.29600000381469727,0.8983,0.7903,4,Single clean target in frame
S009_SE01_CAP000324_CAM02,CAP000324,S009,CAM02,lateral,leaning_right,2,multiple_candidates,0.43880000710487366,0.9204,0.5619,4,Multiple candidates (2); Default YOLO correctly aligns with target
S009_SE01_CAP000325_CAM01,CAP000325,S009,CAM01,frontal,leaning_right,1,correct_target,0.30230000615119934,0.8992,0.7853,4,Single clean target in frame
S009_SE01_CAP000325_CAM02,CAP000325,S009,CAM02,lateral,leaning_right,2,multiple_candidates,0.4366999864578247,0.9242,0.5942,4,Multiple candidates (2); Default YOLO correctly aligns with target
S009_SE01_CAP000326_CAM01,CAP000326,S009,CAM01,frontal,leaning_right,1,correct_target,0.30309998989105225,0.8983,0.7876,4,Single clean target in frame
S009_SE01_CAP000326_CAM02,CAP000326,S009,CAM02,lateral,leaning_right,2,multiple_candidates,0.4343999922275543,0.9193,0.5791,4,Multiple candidates (2); Default YOLO correctly aligns with target
S009_SE01_CAP000327_CAM01,CAP000327,S009,CAM01,frontal,leaning_right,1,correct_target,0.3003999888896942,0.9029,0.7892,4,Single clean target in frame
S009_SE01_CAP000327_CAM02,CAP000327,S009,CAM02,lateral,leaning_right,2,multiple_candidates,0.4332999885082245,0.919,0.5565,4,Multiple candidates (2); Default YOLO correctly aligns with target
S009_SE01_CAP000328_CAM01,CAP000328,S009,CAM01,frontal,leaning_right,1,correct_target,0.30480000376701355,0.8953,0.7927,4,Single clean target in frame
S009_SE01_CAP000328_CAM02,CAP000328,S009,CAM02,lateral,leaning_right,2,multiple_candidates,0.43380001187324524,0.9214,0.5699,4,Multiple candidates (2); Default YOLO correctly aligns with target
S009_SE01_CAP000329_CAM01,CAP000329,S009,CAM01,frontal,slouching,1,correct_target,0.2822999954223633,0.8755,0.8057,4,Single clean target in frame
S009_SE01_CAP000329_CAM02,CAP000329,S009,CAM02,lateral,slouching,2,multiple_candidates,0.42419999837875366,0.9179,0.6411,4,Multiple candidates (2); Default YOLO correctly aligns with target
S009_SE01_CAP000330_CAM01,CAP000330,S009,CAM01,frontal,slouching,1,correct_target,0.321399986743927,0.8881,0.8104,4,Single clean target in frame
S009_SE01_CAP000330_CAM02,CAP000330,S009,CAM02,lateral,slouching,2,multiple_candidates,0.42480000853538513,0.9144,0.6423,4,Multiple candidates (2); Default YOLO correctly aligns with target
S009_SE01_CAP000331_CAM01,CAP000331,S009,CAM01,frontal,slouching,1,correct_target,0.3222000002861023,0.8853,0.813,4,Single clean target in frame
S009_SE01_CAP000331_CAM02,CAP000331,S009,CAM02,lateral,slouching,2,multiple_candidates,0.42660000920295715,0.9149,0.6329,4,Multiple candidates (2); Default YOLO correctly aligns with target
S009_SE01_CAP000332_CAM01,CAP000332,S009,CAM01,frontal,slouching,1,correct_target,0.3107999861240387,0.8716,0.8155,4,Single clean target in frame
S009_SE01_CAP000332_CAM02,CAP000332,S009,CAM02,lateral,slouching,2,multiple_candidates,0.4253999888896942,0.9154,0.6355,4,Multiple candidates (2); Default YOLO correctly aligns with target
S009_SE01_CAP000333_CAM01,CAP000333,S009,CAM01,frontal,slouching,1,correct_target,0.32190001010894775,0.8886,0.8196,4,Single clean target in frame
S009_SE01_CAP000333_CAM02,CAP000333,S009,CAM02,lateral,slouching,2,multiple_candidates,0.42419999837875366,0.9184,0.6374,4,Multiple candidates (2); Default YOLO correctly aligns with target
S009_SE01_CAP000334_CAM01,CAP000334,S009,CAM01,frontal,forward_head,1,correct_target,0.30070000886917114,0.9034,0.7919,4,Single clean target in frame
S009_SE01_CAP000334_CAM02,CAP000334,S009,CAM02,lateral,forward_head,2,multiple_candidates,0.39570000767707825,0.9293,0.5787,4,Multiple candidates (2); Default YOLO correctly aligns with target
S009_SE01_CAP000335_CAM01,CAP000335,S009,CAM01,frontal,forward_head,1,correct_target,0.30160000920295715,0.9067,0.7875,4,Single clean target in frame
S009_SE01_CAP000335_CAM02,CAP000335,S009,CAM02,lateral,forward_head,2,multiple_candidates,0.39890000224113464,0.9249,0.6351,4,Multiple candidates (2); Default YOLO correctly aligns with target
S009_SE01_CAP000336_CAM01,CAP000336,S009,CAM01,frontal,forward_head,1,correct_target,0.2971000075340271,0.8967,0.7868,4,Single clean target in frame
S009_SE01_CAP000336_CAM02,CAP000336,S009,CAM02,lateral,forward_head,2,multiple_candidates,0.40310001373291016,0.9294,0.5891,4,Multiple candidates (2); Default YOLO correctly aligns with target
S009_SE01_CAP000337_CAM01,CAP000337,S009,CAM01,frontal,forward_head,1,correct_target,0.30379998683929443,0.9036,0.7799,4,Single clean target in frame
S009_SE01_CAP000337_CAM02,CAP000337,S009,CAM02,lateral,forward_head,2,multiple_candidates,0.4052000045776367,0.9298,0.5839,4,Multiple candidates (2); Default YOLO correctly aligns with target
S009_SE01_CAP000338_CAM01,CAP000338,S009,CAM01,frontal,forward_head,1,correct_target,0.3052999973297119,0.9047,0.7772,4,Single clean target in frame
S009_SE01_CAP000338_CAM02,CAP000338,S009,CAM02,lateral,forward_head,2,multiple_candidates,0.4059999883174896,0.9305,0.5856,4,Multiple candidates (2); Default YOLO correctly aligns with target
S009_SE01_CAP000339_CAM01,CAP000339,S009,CAM01,frontal,reject,2,multiple_candidates,0.30790001153945923,0.9271,0.528,4,Multiple candidates (2); Default YOLO correctly aligns with target
S009_SE01_CAP000339_CAM02,CAP000339,S009,CAM02,lateral,reject,2,multiple_candidates,0.25279998779296875,0.9085,0.3314,3,Multiple candidates (2); Default YOLO correctly aligns with target
S009_SE01_CAP000340_CAM01,CAP000340,S009,CAM01,frontal,reject,2,wrong_person_risk,0.2784000039100647,0.9049,0.8573,4,Multiple candidates (2); Default YOLO picks non-target candidate 0!
S009_SE01_CAP000340_CAM02,CAP000340,S009,CAM02,lateral,reject,2,multiple_candidates,0.2994000017642975,0.8983,0.5829,4,Multiple candidates (2); Default YOLO correctly aligns with target
S010_SE01_CAP000341_CAM01,CAP000341,S010,CAM01,frontal,upright,3,multiple_candidates,0.18299999833106995,0.9241,0.7624,4,Multiple candidates (3); Default YOLO correctly aligns with target
S010_SE01_CAP000341_CAM02,CAP000341,S010,CAM02,lateral,upright,2,multiple_candidates,0.33719998598098755,0.8928,0.5961,4,Multiple candidates (2); Default YOLO correctly aligns with target
S010_SE01_CAP000342_CAM01,CAP000342,S010,CAM01,frontal,upright,3,multiple_candidates,0.1817999929189682,0.9228,0.7555,4,Multiple candidates (3); Default YOLO correctly aligns with target
S010_SE01_CAP000342_CAM02,CAP000342,S010,CAM02,lateral,upright,2,wrong_person_risk,0.33469998836517334,0.8776,0.5994,4,Multiple candidates (2); Default YOLO picks non-target candidate 0!
S010_SE01_CAP000343_CAM01,CAP000343,S010,CAM01,frontal,upright,3,multiple_candidates,0.181099995970726,0.9222,0.7482,4,Multiple candidates (3); Default YOLO correctly aligns with target
S010_SE01_CAP000343_CAM02,CAP000343,S010,CAM02,lateral,upright,2,wrong_person_risk,0.33469998836517334,0.861,0.5894,4,Multiple candidates (2); Default YOLO picks non-target candidate 0!
S010_SE01_CAP000344_CAM01,CAP000344,S010,CAM01,frontal,upright,3,multiple_candidates,0.1835000067949295,0.9222,0.7512,4,Multiple candidates (3); Default YOLO correctly aligns with target
S010_SE01_CAP000344_CAM02,CAP000344,S010,CAM02,lateral,upright,2,multiple_candidates,0.3375999927520752,0.916,0.5932,4,Multiple candidates (2); Default YOLO correctly aligns with target
S010_SE01_CAP000345_CAM01,CAP000345,S010,CAM01,frontal,upright,2,multiple_candidates,0.18330000340938568,0.9228,0.7402,4,Multiple candidates (2); Default YOLO correctly aligns with target
S010_SE01_CAP000345_CAM02,CAP000345,S010,CAM02,lateral,upright,2,wrong_person_risk,0.33469998836517334,0.8176,0.5779,4,Multiple candidates (2); Default YOLO picks non-target candidate 0!
S010_SE01_CAP000346_CAM01,CAP000346,S010,CAM01,frontal,leaning_forward,2,multiple_candidates,0.20180000364780426,0.9349,0.7252,4,Multiple candidates (2); Default YOLO correctly aligns with target
S010_SE01_CAP000346_CAM02,CAP000346,S010,CAM02,lateral,leaning_forward,2,multiple_candidates,0.32440000772476196,0.907,0.5581,4,Multiple candidates (2); Default YOLO correctly aligns with target
S010_SE01_CAP000347_CAM01,CAP000347,S010,CAM01,frontal,leaning_forward,2,multiple_candidates,0.2020999938249588,0.9354,0.7277,4,Multiple candidates (2); Default YOLO correctly aligns with target
S010_SE01_CAP000347_CAM02,CAP000347,S010,CAM02,lateral,leaning_forward,2,multiple_candidates,0.3239000141620636,0.9255,0.5584,4,Multiple candidates (2); Default YOLO correctly aligns with target
S010_SE01_CAP000348_CAM01,CAP000348,S010,CAM01,frontal,leaning_forward,2,multiple_candidates,0.2013999968767166,0.9327,0.7257,4,Multiple candidates (2); Default YOLO correctly aligns with target
S010_SE01_CAP000348_CAM02,CAP000348,S010,CAM02,lateral,leaning_forward,2,multiple_candidates,0.32359999418258667,0.9284,0.5648,4,Multiple candidates (2); Default YOLO correctly aligns with target
S010_SE01_CAP000349_CAM01,CAP000349,S010,CAM01,frontal,leaning_forward,2,multiple_candidates,0.2012999951839447,0.9325,0.734,4,Multiple candidates (2); Default YOLO correctly aligns with target
S010_SE01_CAP000349_CAM02,CAP000349,S010,CAM02,lateral,leaning_forward,2,multiple_candidates,0.325300008058548,0.914,0.6019,4,Multiple candidates (2); Default YOLO correctly aligns with target
S010_SE01_CAP000350_CAM01,CAP000350,S010,CAM01,frontal,leaning_forward,2,multiple_candidates,0.20170000195503235,0.9306,0.7333,4,Multiple candidates (2); Default YOLO correctly aligns with target
S010_SE01_CAP000350_CAM02,CAP000350,S010,CAM02,lateral,leaning_forward,2,multiple_candidates,0.3264999985694885,0.9036,0.5997,4,Multiple candidates (2); Default YOLO correctly aligns with target
S010_SE01_CAP000351_CAM01,CAP000351,S010,CAM01,frontal,leaning_backward,3,multiple_candidates,0.1639000028371811,0.9182,0.7743,4,Multiple candidates (3); Default YOLO correctly aligns with target
S010_SE01_CAP000351_CAM02,CAP000351,S010,CAM02,lateral,leaning_backward,2,wrong_person_risk,0.36640000343322754,0.875,0.5888,4,Multiple candidates (2); Default YOLO picks non-target candidate 0!
S010_SE01_CAP000352_CAM01,CAP000352,S010,CAM01,frontal,leaning_backward,2,multiple_candidates,0.1648000031709671,0.9259,0.7639,4,Multiple candidates (2); Default YOLO correctly aligns with target
S010_SE01_CAP000352_CAM02,CAP000352,S010,CAM02,lateral,leaning_backward,2,wrong_person_risk,0.3589000105857849,0.8736,0.5766,4,Multiple candidates (2); Default YOLO picks non-target candidate 0!
S010_SE01_CAP000353_CAM01,CAP000353,S010,CAM01,frontal,leaning_backward,1,correct_target,0.17149999737739563,0.9172,0.7597,4,Single clean target in frame
S010_SE01_CAP000353_CAM02,CAP000353,S010,CAM02,lateral,leaning_backward,2,wrong_person_risk,0.35499998927116394,0.8313,0.5822,4,Multiple candidates (2); Default YOLO picks non-target candidate 0!
S010_SE01_CAP000354_CAM01,CAP000354,S010,CAM01,frontal,leaning_backward,1,correct_target,0.1729000061750412,0.9218,0.7663,4,Single clean target in frame
S010_SE01_CAP000354_CAM02,CAP000354,S010,CAM02,lateral,leaning_backward,2,wrong_person_risk,0.3481000065803528,0.8449,0.5845,4,Multiple candidates (2); Default YOLO picks non-target candidate 0!
S010_SE01_CAP000355_CAM01,CAP000355,S010,CAM01,frontal,leaning_backward,2,multiple_candidates,0.17239999771118164,0.9119,0.7692,4,Multiple candidates (2); Default YOLO correctly aligns with target
S010_SE01_CAP000355_CAM02,CAP000355,S010,CAM02,lateral,leaning_backward,2,wrong_person_risk,0.34049999713897705,0.8359,0.5828,4,Multiple candidates (2); Default YOLO picks non-target candidate 0!
S010_SE01_CAP000356_CAM01,CAP000356,S010,CAM01,frontal,leaning_left,1,correct_target,0.16820000112056732,0.9291,0.7355,4,Single clean target in frame
S010_SE01_CAP000356_CAM02,CAP000356,S010,CAM02,lateral,leaning_left,2,multiple_candidates,0.31450000405311584,0.9156,0.6134,4,Multiple candidates (2); Default YOLO correctly aligns with target
S010_SE01_CAP000357_CAM01,CAP000357,S010,CAM01,frontal,leaning_left,1,correct_target,0.16850000619888306,0.9246,0.7396,4,Single clean target in frame
S010_SE01_CAP000357_CAM02,CAP000357,S010,CAM02,lateral,leaning_left,2,multiple_candidates,0.3208000063896179,0.9171,0.6341,4,Multiple candidates (2); Default YOLO correctly aligns with target
S010_SE01_CAP000358_CAM01,CAP000358,S010,CAM01,frontal,leaning_left,1,correct_target,0.16850000619888306,0.9201,0.7485,4,Single clean target in frame
S010_SE01_CAP000358_CAM02,CAP000358,S010,CAM02,lateral,leaning_left,2,multiple_candidates,0.32030001282691956,0.9223,0.6435,4,Multiple candidates (2); Default YOLO correctly aligns with target
S010_SE01_CAP000359_CAM01,CAP000359,S010,CAM01,frontal,leaning_left,1,correct_target,0.21570000052452087,0.8995,0.783,4,Single clean target in frame
S010_SE01_CAP000359_CAM02,CAP000359,S010,CAM02,lateral,leaning_left,2,multiple_candidates,0.3215999901294708,0.9046,0.6555,4,Multiple candidates (2); Default YOLO correctly aligns with target
S010_SE01_CAP000360_CAM01,CAP000360,S010,CAM01,frontal,leaning_left,1,correct_target,0.2184000015258789,0.8686,0.7843,4,Single clean target in frame
S010_SE01_CAP000360_CAM02,CAP000360,S010,CAM02,lateral,leaning_left,2,multiple_candidates,0.320499986410141,0.9138,0.6373,4,Multiple candidates (2); Default YOLO correctly aligns with target
S010_SE01_CAP000361_CAM01,CAP000361,S010,CAM01,frontal,leaning_right,3,multiple_candidates,0.2345000058412552,0.9189,0.8018,4,Multiple candidates (3); Default YOLO correctly aligns with target
S010_SE01_CAP000361_CAM02,CAP000361,S010,CAM02,lateral,leaning_right,2,multiple_candidates,0.3716000020503998,0.9176,0.693,4,Multiple candidates (2); Default YOLO correctly aligns with target
S010_SE01_CAP000362_CAM01,CAP000362,S010,CAM01,frontal,leaning_right,3,multiple_candidates,0.19580000638961792,0.9273,0.7725,4,Multiple candidates (3); Default YOLO correctly aligns with target
S010_SE01_CAP000362_CAM02,CAP000362,S010,CAM02,lateral,leaning_right,2,wrong_person_risk,0.35359999537467957,0.9008,0.6043,4,Multiple candidates (2); Default YOLO picks non-target candidate 0!
S010_SE01_CAP000363_CAM01,CAP000363,S010,CAM01,frontal,leaning_right,3,multiple_candidates,0.21359999477863312,0.8913,0.8307,4,Multiple candidates (3); Default YOLO correctly aligns with target
S010_SE01_CAP000363_CAM02,CAP000363,S010,CAM02,lateral,leaning_right,2,multiple_candidates,0.3513999879360199,0.9294,0.668,4,Multiple candidates (2); Default YOLO correctly aligns with target
S010_SE01_CAP000364_CAM01,CAP000364,S010,CAM01,frontal,leaning_right,2,multiple_candidates,0.21770000457763672,0.8979,0.8251,4,Multiple candidates (2); Default YOLO correctly aligns with target
S010_SE01_CAP000364_CAM02,CAP000364,S010,CAM02,lateral,leaning_right,2,multiple_candidates,0.3504999876022339,0.9265,0.6446,4,Multiple candidates (2); Default YOLO correctly aligns with target
S010_SE01_CAP000365_CAM01,CAP000365,S010,CAM01,frontal,leaning_right,2,multiple_candidates,0.24210000038146973,0.9294,0.7987,4,Multiple candidates (2); Default YOLO correctly aligns with target
S010_SE01_CAP000365_CAM02,CAP000365,S010,CAM02,lateral,leaning_right,2,multiple_candidates,0.3626999855041504,0.9327,0.6917,4,Multiple candidates (2); Default YOLO correctly aligns with target
S010_SE01_CAP000366_CAM01,CAP000366,S010,CAM01,frontal,leaning_right,3,multiple_candidates,0.22779999673366547,0.9215,0.8168,4,Multiple candidates (3); Default YOLO correctly aligns with target
S010_SE01_CAP000366_CAM02,CAP000366,S010,CAM02,lateral,leaning_right,2,multiple_candidates,0.3490000069141388,0.929,0.6953,4,Multiple candidates (2); Default YOLO correctly aligns with target
S010_SE01_CAP000367_CAM01,CAP000367,S010,CAM01,frontal,slouching,2,multiple_candidates,0.17720000445842743,0.9182,0.7522,4,Multiple candidates (2); Default YOLO correctly aligns with target
S010_SE01_CAP000367_CAM02,CAP000367,S010,CAM02,lateral,slouching,2,multiple_candidates,0.329800009727478,0.9201,0.605,4,Multiple candidates (2); Default YOLO correctly aligns with target
S010_SE01_CAP000368_CAM01,CAP000368,S010,CAM01,frontal,slouching,2,multiple_candidates,0.1808999925851822,0.926,0.7525,4,Multiple candidates (2); Default YOLO correctly aligns with target
S010_SE01_CAP000368_CAM02,CAP000368,S010,CAM02,lateral,slouching,2,multiple_candidates,0.32670000195503235,0.9366,0.5998,4,Multiple candidates (2); Default YOLO correctly aligns with target
S010_SE01_CAP000369_CAM01,CAP000369,S010,CAM01,frontal,slouching,3,multiple_candidates,0.18289999663829803,0.9068,0.7554,4,Multiple candidates (3); Default YOLO correctly aligns with target
S010_SE01_CAP000369_CAM02,CAP000369,S010,CAM02,lateral,slouching,2,multiple_candidates,0.32899999618530273,0.9299,0.5839,4,Multiple candidates (2); Default YOLO correctly aligns with target
S010_SE01_CAP000370_CAM01,CAP000370,S010,CAM01,frontal,slouching,3,multiple_candidates,0.1851000040769577,0.9037,0.7651,4,Multiple candidates (3); Default YOLO correctly aligns with target
S010_SE01_CAP000370_CAM02,CAP000370,S010,CAM02,lateral,slouching,2,multiple_candidates,0.32989999651908875,0.9332,0.5804,4,Multiple candidates (2); Default YOLO correctly aligns with target
S010_SE01_CAP000371_CAM01,CAP000371,S010,CAM01,frontal,slouching,3,multiple_candidates,0.1956000030040741,0.8745,0.8218,4,Multiple candidates (3); Default YOLO correctly aligns with target
S010_SE01_CAP000371_CAM02,CAP000371,S010,CAM02,lateral,slouching,2,multiple_candidates,0.3321000039577484,0.9374,0.6475,4,Multiple candidates (2); Default YOLO correctly aligns with target
S010_SE01_CAP000372_CAM01,CAP000372,S010,CAM01,frontal,forward_head,2,multiple_candidates,0.18559999763965607,0.8942,0.7421,4,Multiple candidates (2); Default YOLO correctly aligns with target
S010_SE01_CAP000372_CAM02,CAP000372,S010,CAM02,lateral,forward_head,2,multiple_candidates,0.3244999945163727,0.9265,0.6122,4,Multiple candidates (2); Default YOLO correctly aligns with target
S010_SE01_CAP000373_CAM01,CAP000373,S010,CAM01,frontal,forward_head,3,multiple_candidates,0.17829999327659607,0.9107,0.7509,4,Multiple candidates (3); Default YOLO correctly aligns with target
S010_SE01_CAP000373_CAM02,CAP000373,S010,CAM02,lateral,forward_head,2,multiple_candidates,0.32739999890327454,0.9262,0.6261,4,Multiple candidates (2); Default YOLO correctly aligns with target
S010_SE01_CAP000374_CAM01,CAP000374,S010,CAM01,frontal,forward_head,2,multiple_candidates,0.1785999983549118,0.9051,0.7446,4,Multiple candidates (2); Default YOLO correctly aligns with target
S010_SE01_CAP000374_CAM02,CAP000374,S010,CAM02,lateral,forward_head,2,multiple_candidates,0.3278999924659729,0.9271,0.6117,4,Multiple candidates (2); Default YOLO correctly aligns with target
S010_SE01_CAP000375_CAM01,CAP000375,S010,CAM01,frontal,forward_head,3,multiple_candidates,0.1793999969959259,0.9049,0.7634,4,Multiple candidates (3); Default YOLO correctly aligns with target
S010_SE01_CAP000375_CAM02,CAP000375,S010,CAM02,lateral,forward_head,2,multiple_candidates,0.3280999958515167,0.9244,0.5958,4,Multiple candidates (2); Default YOLO correctly aligns with target
S010_SE01_CAP000376_CAM01,CAP000376,S010,CAM01,frontal,forward_head,2,multiple_candidates,0.17790000140666962,0.9119,0.7549,4,Multiple candidates (2); Default YOLO correctly aligns with target
S010_SE01_CAP000376_CAM02,CAP000376,S010,CAM02,lateral,forward_head,2,multiple_candidates,0.3278000056743622,0.9269,0.6055,4,Multiple candidates (2); Default YOLO correctly aligns with target
S010_SE01_CAP000377_CAM01,CAP000377,S010,CAM01,frontal,reject,3,multiple_candidates,0.3549000024795532,0.9343,0.6502,4,Multiple candidates (3); Default YOLO correctly aligns with target
S010_SE01_CAP000377_CAM02,CAP000377,S010,CAM02,lateral,reject,2,multiple_candidates,0.3215000033378601,0.9243,0.4667,4,Multiple candidates (2); Default YOLO correctly aligns with target
S010_SE01_CAP000378_CAM01,CAP000378,S010,CAM01,frontal,reject,3,multiple_candidates,0.29660001397132874,0.8637,0.9395,4,Multiple candidates (3); Default YOLO correctly aligns with target
S010_SE01_CAP000378_CAM02,CAP000378,S010,CAM02,lateral,reject,2,multiple_candidates,0.3248000144958496,0.9263,0.6084,4,Multiple candidates (2); Default YOLO correctly aligns with target
S011_SE01_CAP000379_CAM01,CAP000379,S011,CAM01,frontal,upright,2,multiple_candidates,0.14190000295639038,0.9274,0.7465,4,Multiple candidates (2); Default YOLO correctly aligns with target
S011_SE01_CAP000379_CAM02,CAP000379,S011,CAM02,lateral,upright,4,multiple_candidates,0.25690001249313354,0.883,0.5259,4,Multiple candidates (4); Default YOLO correctly aligns with target
S011_SE01_CAP000380_CAM01,CAP000380,S011,CAM01,frontal,upright,2,multiple_candidates,0.1412000060081482,0.9268,0.7327,4,Multiple candidates (2); Default YOLO correctly aligns with target
S011_SE01_CAP000380_CAM02,CAP000380,S011,CAM02,lateral,upright,4,wrong_person_risk,0.02199999988079071,0.6957,0.4581,4,Multiple candidates (4); Default YOLO picks non-target candidate 0!
S011_SE01_CAP000381_CAM01,CAP000381,S011,CAM01,frontal,upright,2,multiple_candidates,0.14090000092983246,0.9287,0.7431,4,Multiple candidates (2); Default YOLO correctly aligns with target
S011_SE01_CAP000381_CAM02,CAP000381,S011,CAM02,lateral,upright,4,multiple_candidates,0.2572999894618988,0.8821,0.5243,4,Multiple candidates (4); Default YOLO correctly aligns with target
S011_SE01_CAP000382_CAM01,CAP000382,S011,CAM01,frontal,upright,3,multiple_candidates,0.1404999941587448,0.9278,0.7447,4,Multiple candidates (3); Default YOLO correctly aligns with target
S011_SE01_CAP000382_CAM02,CAP000382,S011,CAM02,lateral,upright,5,multiple_candidates,0.2581999897956848,0.8881,0.5237,4,Multiple candidates (5); Default YOLO correctly aligns with target
S011_SE01_CAP000383_CAM01,CAP000383,S011,CAM01,frontal,upright,3,multiple_candidates,0.14079999923706055,0.9294,0.7399,4,Multiple candidates (3); Default YOLO correctly aligns with target
S011_SE01_CAP000383_CAM02,CAP000383,S011,CAM02,lateral,upright,4,wrong_person_risk,0.26010000705718994,0.8673,0.5197,4,Multiple candidates (4); Default YOLO picks non-target candidate 0!
S011_SE01_CAP000384_CAM01,CAP000384,S011,CAM01,frontal,leaning_forward,3,multiple_candidates,0.14630000293254852,0.9144,0.7413,4,Multiple candidates (3); Default YOLO correctly aligns with target
S011_SE01_CAP000384_CAM02,CAP000384,S011,CAM02,lateral,leaning_forward,4,multiple_candidates,0.1882999986410141,0.9214,0.4133,3,Multiple candidates (4); Default YOLO correctly aligns with target
S011_SE01_CAP000385_CAM01,CAP000385,S011,CAM01,frontal,leaning_forward,3,multiple_candidates,0.14669999480247498,0.9137,0.7239,4,Multiple candidates (3); Default YOLO correctly aligns with target
S011_SE01_CAP000385_CAM02,CAP000385,S011,CAM02,lateral,leaning_forward,4,multiple_candidates,0.18440000712871552,0.9215,0.4041,3,Multiple candidates (4); Default YOLO correctly aligns with target
S011_SE01_CAP000386_CAM01,CAP000386,S011,CAM01,frontal,leaning_forward,2,multiple_candidates,0.14499999582767487,0.9101,0.7226,4,Multiple candidates (2); Default YOLO correctly aligns with target
S011_SE01_CAP000386_CAM02,CAP000386,S011,CAM02,lateral,leaning_forward,6,multiple_candidates,0.1835000067949295,0.9174,0.4081,3,Multiple candidates (6); Default YOLO correctly aligns with target
S011_SE01_CAP000387_CAM01,CAP000387,S011,CAM01,frontal,leaning_forward,3,multiple_candidates,0.1459999978542328,0.9135,0.7185,4,Multiple candidates (3); Default YOLO correctly aligns with target
S011_SE01_CAP000387_CAM02,CAP000387,S011,CAM02,lateral,leaning_forward,4,wrong_person_risk,0.021900000050663948,0.6054,0.4516,4,Multiple candidates (4); Default YOLO picks non-target candidate 0!
S011_SE01_CAP000388_CAM01,CAP000388,S011,CAM01,frontal,leaning_forward,3,multiple_candidates,0.14589999616146088,0.9137,0.721,4,Multiple candidates (3); Default YOLO correctly aligns with target
S011_SE01_CAP000388_CAM02,CAP000388,S011,CAM02,lateral,leaning_forward,4,multiple_candidates,0.1817999929189682,0.9095,0.4323,3,Multiple candidates (4); Default YOLO correctly aligns with target
S011_SE01_CAP000389_CAM01,CAP000389,S011,CAM01,frontal,leaning_backward,3,multiple_candidates,0.14800000190734863,0.9054,0.76,4,Multiple candidates (3); Default YOLO correctly aligns with target
S011_SE01_CAP000389_CAM02,CAP000389,S011,CAM02,lateral,leaning_backward,5,multiple_candidates,0.23970000445842743,0.8614,0.5654,4,Multiple candidates (5); Default YOLO correctly aligns with target
S011_SE01_CAP000390_CAM01,CAP000390,S011,CAM01,frontal,leaning_backward,3,multiple_candidates,0.1453000009059906,0.9051,0.768,4,Multiple candidates (3); Default YOLO correctly aligns with target
S011_SE01_CAP000390_CAM02,CAP000390,S011,CAM02,lateral,leaning_backward,4,multiple_candidates,0.24070000648498535,0.909,0.5523,4,Multiple candidates (4); Default YOLO correctly aligns with target
S011_SE01_CAP000391_CAM01,CAP000391,S011,CAM01,frontal,leaning_backward,3,multiple_candidates,0.1428000032901764,0.9043,0.7576,4,Multiple candidates (3); Default YOLO correctly aligns with target
S011_SE01_CAP000391_CAM02,CAP000391,S011,CAM02,lateral,leaning_backward,5,multiple_candidates,0.2418999969959259,0.9175,0.5494,4,Multiple candidates (5); Default YOLO correctly aligns with target
S011_SE01_CAP000392_CAM01,CAP000392,S011,CAM01,frontal,leaning_backward,3,multiple_candidates,0.1445000022649765,0.9001,0.7433,4,Multiple candidates (3); Default YOLO correctly aligns with target
S011_SE01_CAP000392_CAM02,CAP000392,S011,CAM02,lateral,leaning_backward,4,multiple_candidates,0.23999999463558197,0.8796,0.5361,4,Multiple candidates (4); Default YOLO correctly aligns with target
S011_SE01_CAP000393_CAM01,CAP000393,S011,CAM01,frontal,leaning_backward,3,multiple_candidates,0.14190000295639038,0.907,0.7491,4,Multiple candidates (3); Default YOLO correctly aligns with target
S011_SE01_CAP000393_CAM02,CAP000393,S011,CAM02,lateral,leaning_backward,4,multiple_candidates,0.24150000512599945,0.8997,0.5573,4,Multiple candidates (4); Default YOLO correctly aligns with target
S011_SE01_CAP000394_CAM01,CAP000394,S011,CAM01,frontal,leaning_left,2,multiple_candidates,0.19059999287128448,0.9066,0.7081,4,Multiple candidates (2); Default YOLO correctly aligns with target
S011_SE01_CAP000394_CAM02,CAP000394,S011,CAM02,lateral,leaning_left,4,multiple_candidates,0.1793999969959259,0.9367,0.5706,4,Multiple candidates (4); Default YOLO correctly aligns with target
S011_SE01_CAP000395_CAM01,CAP000395,S011,CAM01,frontal,leaning_left,2,multiple_candidates,0.18870000541210175,0.8955,0.7124,4,Multiple candidates (2); Default YOLO correctly aligns with target
S011_SE01_CAP000395_CAM02,CAP000395,S011,CAM02,lateral,leaning_left,4,multiple_candidates,0.17949999868869781,0.931,0.5616,4,Multiple candidates (4); Default YOLO correctly aligns with target
S011_SE01_CAP000396_CAM01,CAP000396,S011,CAM01,frontal,leaning_left,2,multiple_candidates,0.18529999256134033,0.8833,0.7172,4,Multiple candidates (2); Default YOLO correctly aligns with target
S011_SE01_CAP000396_CAM02,CAP000396,S011,CAM02,lateral,leaning_left,4,multiple_candidates,0.18250000476837158,0.9386,0.5535,4,Multiple candidates (4); Default YOLO correctly aligns with target
S011_SE01_CAP000397_CAM01,CAP000397,S011,CAM01,frontal,leaning_left,2,multiple_candidates,0.18469999730587006,0.9,0.7143,4,Multiple candidates (2); Default YOLO correctly aligns with target
S011_SE01_CAP000397_CAM02,CAP000397,S011,CAM02,lateral,leaning_left,4,multiple_candidates,0.18330000340938568,0.9382,0.5529,4,Multiple candidates (4); Default YOLO correctly aligns with target
S011_SE01_CAP000398_CAM01,CAP000398,S011,CAM01,frontal,leaning_left,2,multiple_candidates,0.18279999494552612,0.8921,0.7155,4,Multiple candidates (2); Default YOLO correctly aligns with target
S011_SE01_CAP000398_CAM02,CAP000398,S011,CAM02,lateral,leaning_left,4,multiple_candidates,0.18240000307559967,0.9346,0.5621,4,Multiple candidates (4); Default YOLO correctly aligns with target
S011_SE01_CAP000399_CAM01,CAP000399,S011,CAM01,frontal,leaning_right,2,multiple_candidates,0.15320000052452087,0.8988,0.7414,4,Multiple candidates (2); Default YOLO correctly aligns with target
S011_SE01_CAP000399_CAM02,CAP000399,S011,CAM02,lateral,leaning_right,3,wrong_person_risk,0.018799999728798866,0.619,0.3472,4,Multiple candidates (3); Default YOLO picks non-target candidate 0!
S011_SE01_CAP000400_CAM01,CAP000400,S011,CAM01,frontal,leaning_right,2,multiple_candidates,0.1535000056028366,0.9007,0.7378,4,Multiple candidates (2); Default YOLO correctly aligns with target
S011_SE01_CAP000400_CAM02,CAP000400,S011,CAM02,lateral,leaning_right,6,multiple_candidates,0.2705000042915344,0.9068,0.4686,3,Multiple candidates (6); Default YOLO correctly aligns with target
S011_SE01_CAP000401_CAM01,CAP000401,S011,CAM01,frontal,leaning_right,2,multiple_candidates,0.15399999916553497,0.8967,0.7405,4,Multiple candidates (2); Default YOLO correctly aligns with target
S011_SE01_CAP000401_CAM02,CAP000401,S011,CAM02,lateral,leaning_right,4,wrong_person_risk,0.022299999371170998,0.6604,0.4081,4,Multiple candidates (4); Default YOLO picks non-target candidate 0!
S011_SE01_CAP000402_CAM01,CAP000402,S011,CAM01,frontal,leaning_right,2,multiple_candidates,0.15440000593662262,0.8896,0.7417,4,Multiple candidates (2); Default YOLO correctly aligns with target
S011_SE01_CAP000402_CAM02,CAP000402,S011,CAM02,lateral,leaning_right,4,wrong_person_risk,0.0203000009059906,0.692,0.4417,4,Multiple candidates (4); Default YOLO picks non-target candidate 0!
S011_SE01_CAP000403_CAM01,CAP000403,S011,CAM01,frontal,leaning_right,2,multiple_candidates,0.15289999544620514,0.8975,0.7386,4,Multiple candidates (2); Default YOLO correctly aligns with target
S011_SE01_CAP000403_CAM02,CAP000403,S011,CAM02,lateral,leaning_right,4,wrong_person_risk,0.0203000009059906,0.6391,0.4216,4,Multiple candidates (4); Default YOLO picks non-target candidate 0!
S011_SE01_CAP000404_CAM01,CAP000404,S011,CAM01,frontal,slouching,2,multiple_candidates,0.14980000257492065,0.9193,0.751,4,Multiple candidates (2); Default YOLO correctly aligns with target
S011_SE01_CAP000404_CAM02,CAP000404,S011,CAM02,lateral,slouching,4,multiple_candidates,0.2087000012397766,0.9289,0.4923,3,Multiple candidates (4); Default YOLO correctly aligns with target
S011_SE01_CAP000405_CAM01,CAP000405,S011,CAM01,frontal,slouching,2,multiple_candidates,0.14970000088214874,0.9222,0.7512,4,Multiple candidates (2); Default YOLO correctly aligns with target
S011_SE01_CAP000405_CAM02,CAP000405,S011,CAM02,lateral,slouching,4,multiple_candidates,0.20990000665187836,0.927,0.4881,3,Multiple candidates (4); Default YOLO correctly aligns with target
S011_SE01_CAP000406_CAM01,CAP000406,S011,CAM01,frontal,slouching,2,multiple_candidates,0.1500999927520752,0.922,0.7394,4,Multiple candidates (2); Default YOLO correctly aligns with target
S011_SE01_CAP000406_CAM02,CAP000406,S011,CAM02,lateral,slouching,4,multiple_candidates,0.21050000190734863,0.9301,0.487,3,Multiple candidates (4); Default YOLO correctly aligns with target
S011_SE01_CAP000407_CAM01,CAP000407,S011,CAM01,frontal,slouching,1,correct_target,0.15360000729560852,0.9226,0.7468,4,Single clean target in frame
S011_SE01_CAP000407_CAM02,CAP000407,S011,CAM02,lateral,slouching,4,multiple_candidates,0.2093999981880188,0.9257,0.5001,3,Multiple candidates (4); Default YOLO correctly aligns with target
S011_SE01_CAP000408_CAM01,CAP000408,S011,CAM01,frontal,slouching,2,multiple_candidates,0.15139999985694885,0.9235,0.7469,4,Multiple candidates (2); Default YOLO correctly aligns with target
S011_SE01_CAP000408_CAM02,CAP000408,S011,CAM02,lateral,slouching,5,multiple_candidates,0.2078000009059906,0.9287,0.4983,3,Multiple candidates (5); Default YOLO correctly aligns with target
S011_SE01_CAP000409_CAM01,CAP000409,S011,CAM01,frontal,forward_head,2,multiple_candidates,0.15209999680519104,0.915,0.7627,4,Multiple candidates (2); Default YOLO correctly aligns with target
S011_SE01_CAP000409_CAM02,CAP000409,S011,CAM02,lateral,forward_head,5,wrong_person_risk,0.021400000900030136,0.4689,0.333,4,Multiple candidates (5); Default YOLO picks non-target candidate 0!
S011_SE01_CAP000410_CAM01,CAP000410,S011,CAM01,frontal,forward_head,4,multiple_candidates,0.14790000021457672,0.916,0.7617,4,Multiple candidates (4); Default YOLO correctly aligns with target
S011_SE01_CAP000410_CAM02,CAP000410,S011,CAM02,lateral,forward_head,6,wrong_person_risk,0.0210999995470047,0.5177,0.3282,4,Multiple candidates (6); Default YOLO picks non-target candidate 0!
S011_SE01_CAP000411_CAM01,CAP000411,S011,CAM01,frontal,forward_head,3,multiple_candidates,0.15070000290870667,0.9145,0.7532,4,Multiple candidates (3); Default YOLO correctly aligns with target
S011_SE01_CAP000411_CAM02,CAP000411,S011,CAM02,lateral,forward_head,4,multiple_candidates,0.1597999930381775,0.8896,0.4537,3,Multiple candidates (4); Default YOLO correctly aligns with target
S011_SE01_CAP000412_CAM01,CAP000412,S011,CAM01,frontal,forward_head,4,multiple_candidates,0.14970000088214874,0.9145,0.746,4,Multiple candidates (4); Default YOLO correctly aligns with target
S011_SE01_CAP000412_CAM02,CAP000412,S011,CAM02,lateral,forward_head,5,multiple_candidates,0.16089999675750732,0.8926,0.4549,3,Multiple candidates (5); Default YOLO correctly aligns with target
S011_SE01_CAP000413_CAM01,CAP000413,S011,CAM01,frontal,forward_head,3,multiple_candidates,0.1501999944448471,0.9153,0.748,4,Multiple candidates (3); Default YOLO correctly aligns with target
S011_SE01_CAP000413_CAM02,CAP000413,S011,CAM02,lateral,forward_head,5,multiple_candidates,0.1623000055551529,0.884,0.4622,3,Multiple candidates (5); Default YOLO correctly aligns with target
S011_SE01_CAP000414_CAM01,CAP000414,S011,CAM01,frontal,reject,3,multiple_candidates,0.30160000920295715,0.9334,0.7994,4,Multiple candidates (3); Default YOLO correctly aligns with target
S011_SE01_CAP000414_CAM02,CAP000414,S011,CAM02,lateral,reject,3,multiple_candidates,0.2054000049829483,0.9135,0.5358,4,Multiple candidates (3); Default YOLO correctly aligns with target
S011_SE01_CAP000415_CAM01,CAP000415,S011,CAM01,frontal,reject,1,correct_target,0.2605000138282776,0.9321,0.7455,4,Single clean target in frame
S011_SE01_CAP000415_CAM02,CAP000415,S011,CAM02,lateral,reject,3,multiple_candidates,0.1964000016450882,0.895,0.5693,4,Multiple candidates (3); Default YOLO correctly aligns with target
S012_SE01_CAP000416_CAM01,CAP000416,S012,CAM01,frontal,upright,2,multiple_candidates,0.24889999628067017,0.9191,0.732,4,Multiple candidates (2); Default YOLO correctly aligns with target
S012_SE01_CAP000416_CAM02,CAP000416,S012,CAM02,lateral,upright,3,multiple_candidates,0.33709999918937683,0.8958,0.5003,4,Multiple candidates (3); Default YOLO correctly aligns with target
S012_SE01_CAP000417_CAM01,CAP000417,S012,CAM01,frontal,upright,3,multiple_candidates,0.24950000643730164,0.918,0.7329,4,Multiple candidates (3); Default YOLO correctly aligns with target
S012_SE01_CAP000417_CAM02,CAP000417,S012,CAM02,lateral,upright,3,multiple_candidates,0.3352999985218048,0.9012,0.487,4,Multiple candidates (3); Default YOLO correctly aligns with target
S012_SE01_CAP000418_CAM01,CAP000418,S012,CAM01,frontal,upright,2,multiple_candidates,0.25209999084472656,0.9204,0.7318,4,Multiple candidates (2); Default YOLO correctly aligns with target
S012_SE01_CAP000418_CAM02,CAP000418,S012,CAM02,lateral,upright,3,multiple_candidates,0.3321000039577484,0.8974,0.4845,4,Multiple candidates (3); Default YOLO correctly aligns with target
S012_SE01_CAP000419_CAM01,CAP000419,S012,CAM01,frontal,upright,3,multiple_candidates,0.2517000138759613,0.9183,0.7356,4,Multiple candidates (3); Default YOLO correctly aligns with target
S012_SE01_CAP000419_CAM02,CAP000419,S012,CAM02,lateral,upright,3,multiple_candidates,0.3312999904155731,0.9027,0.4743,4,Multiple candidates (3); Default YOLO correctly aligns with target
S012_SE01_CAP000420_CAM01,CAP000420,S012,CAM01,frontal,upright,2,multiple_candidates,0.25290000438690186,0.9165,0.7343,4,Multiple candidates (2); Default YOLO correctly aligns with target
S012_SE01_CAP000420_CAM02,CAP000420,S012,CAM02,lateral,upright,3,multiple_candidates,0.32910001277923584,0.9024,0.4649,4,Multiple candidates (3); Default YOLO correctly aligns with target
S012_SE01_CAP000421_CAM01,CAP000421,S012,CAM01,frontal,leaning_forward,3,multiple_candidates,0.24809999763965607,0.92,0.7651,4,Multiple candidates (3); Default YOLO correctly aligns with target
S012_SE01_CAP000421_CAM02,CAP000421,S012,CAM02,lateral,leaning_forward,4,wrong_person_risk,0.30149999260902405,0.859,0.5423,4,Multiple candidates (4); Default YOLO picks non-target candidate 0!
S012_SE01_CAP000422_CAM01,CAP000422,S012,CAM01,frontal,leaning_forward,2,multiple_candidates,0.2500999867916107,0.9239,0.7545,4,Multiple candidates (2); Default YOLO correctly aligns with target
S012_SE01_CAP000422_CAM02,CAP000422,S012,CAM02,lateral,leaning_forward,4,wrong_person_risk,0.3098999857902527,0.8385,0.5076,3,Multiple candidates (4); Default YOLO picks non-target candidate 0!
S012_SE01_CAP000423_CAM01,CAP000423,S012,CAM01,frontal,leaning_forward,4,multiple_candidates,0.2565999925136566,0.9231,0.7565,4,Multiple candidates (4); Default YOLO correctly aligns with target
S012_SE01_CAP000423_CAM02,CAP000423,S012,CAM02,lateral,leaning_forward,4,wrong_person_risk,0.29989999532699585,0.8241,0.5278,4,Multiple candidates (4); Default YOLO picks non-target candidate 0!
S012_SE01_CAP000424_CAM01,CAP000424,S012,CAM01,frontal,leaning_forward,2,multiple_candidates,0.25839999318122864,0.9256,0.7561,4,Multiple candidates (2); Default YOLO correctly aligns with target
S012_SE01_CAP000424_CAM02,CAP000424,S012,CAM02,lateral,leaning_forward,4,wrong_person_risk,0.2888000011444092,0.8648,0.531,4,Multiple candidates (4); Default YOLO picks non-target candidate 0!
S012_SE01_CAP000425_CAM01,CAP000425,S012,CAM01,frontal,leaning_forward,2,multiple_candidates,0.2567000091075897,0.9244,0.7587,4,Multiple candidates (2); Default YOLO correctly aligns with target
S012_SE01_CAP000425_CAM02,CAP000425,S012,CAM02,lateral,leaning_forward,4,wrong_person_risk,0.29919999837875366,0.8156,0.5104,4,Multiple candidates (4); Default YOLO picks non-target candidate 0!
S012_SE01_CAP000426_CAM01,CAP000426,S012,CAM01,frontal,leaning_backward,1,correct_target,0.21699999272823334,0.9105,0.8106,4,Single clean target in frame
S012_SE01_CAP000426_CAM02,CAP000426,S012,CAM02,lateral,leaning_backward,4,wrong_person_risk,0.3483999967575073,0.8731,0.5611,4,Multiple candidates (4); Default YOLO picks non-target candidate 0!
S012_SE01_CAP000427_CAM01,CAP000427,S012,CAM01,frontal,leaning_backward,3,multiple_candidates,0.21299999952316284,0.9079,0.798,4,Multiple candidates (3); Default YOLO correctly aligns with target
S012_SE01_CAP000427_CAM02,CAP000427,S012,CAM02,lateral,leaning_backward,4,wrong_person_risk,0.3447999954223633,0.8704,0.5626,4,Multiple candidates (4); Default YOLO picks non-target candidate 0!
S012_SE01_CAP000428_CAM01,CAP000428,S012,CAM01,frontal,leaning_backward,3,multiple_candidates,0.21490000188350677,0.9042,0.8079,4,Multiple candidates (3); Default YOLO correctly aligns with target
S012_SE01_CAP000428_CAM02,CAP000428,S012,CAM02,lateral,leaning_backward,4,wrong_person_risk,0.3402999937534332,0.8896,0.5731,4,Multiple candidates (4); Default YOLO picks non-target candidate 0!
S012_SE01_CAP000429_CAM01,CAP000429,S012,CAM01,frontal,leaning_backward,1,correct_target,0.21410000324249268,0.91,0.8092,4,Single clean target in frame
S012_SE01_CAP000429_CAM02,CAP000429,S012,CAM02,lateral,leaning_backward,4,wrong_person_risk,0.33399999141693115,0.8861,0.5698,4,Multiple candidates (4); Default YOLO picks non-target candidate 0!
S012_SE01_CAP000430_CAM01,CAP000430,S012,CAM01,frontal,leaning_backward,2,multiple_candidates,0.21490000188350677,0.9104,0.8075,4,Multiple candidates (2); Default YOLO correctly aligns with target
S012_SE01_CAP000430_CAM02,CAP000430,S012,CAM02,lateral,leaning_backward,5,multiple_candidates,0.3294999897480011,0.8975,0.5642,4,Multiple candidates (5); Default YOLO correctly aligns with target
S012_SE01_CAP000431_CAM01,CAP000431,S012,CAM01,frontal,leaning_left,2,multiple_candidates,0.21649999916553497,0.9167,0.8043,4,Multiple candidates (2); Default YOLO correctly aligns with target
S012_SE01_CAP000431_CAM02,CAP000431,S012,CAM02,lateral,leaning_left,5,wrong_person_risk,0.2937999963760376,0.8765,0.5048,3,Multiple candidates (5); Default YOLO picks non-target candidate 0!
S012_SE01_CAP000432_CAM01,CAP000432,S012,CAM01,frontal,leaning_left,2,multiple_candidates,0.21629999577999115,0.9097,0.8041,4,Multiple candidates (2); Default YOLO correctly aligns with target
S012_SE01_CAP000432_CAM02,CAP000432,S012,CAM02,lateral,leaning_left,4,multiple_candidates,0.2897000014781952,0.8826,0.5086,3,Multiple candidates (4); Default YOLO correctly aligns with target
S012_SE01_CAP000433_CAM01,CAP000433,S012,CAM01,frontal,leaning_left,2,multiple_candidates,0.22120000422000885,0.911,0.7967,4,Multiple candidates (2); Default YOLO correctly aligns with target
S012_SE01_CAP000433_CAM02,CAP000433,S012,CAM02,lateral,leaning_left,4,wrong_person_risk,0.3093000054359436,0.8669,0.5144,3,Multiple candidates (4); Default YOLO picks non-target candidate 0!
S012_SE01_CAP000434_CAM01,CAP000434,S012,CAM01,frontal,leaning_left,2,multiple_candidates,0.21639999747276306,0.9092,0.8001,4,Multiple candidates (2); Default YOLO correctly aligns with target
S012_SE01_CAP000434_CAM02,CAP000434,S012,CAM02,lateral,leaning_left,4,wrong_person_risk,0.30979999899864197,0.866,0.5099,3,Multiple candidates (4); Default YOLO picks non-target candidate 0!
S012_SE01_CAP000435_CAM01,CAP000435,S012,CAM01,frontal,leaning_left,2,multiple_candidates,0.226500004529953,0.9202,0.8007,4,Multiple candidates (2); Default YOLO correctly aligns with target
S012_SE01_CAP000435_CAM02,CAP000435,S012,CAM02,lateral,leaning_left,4,multiple_candidates,0.3066999912261963,0.8864,0.5172,3,Multiple candidates (4); Default YOLO correctly aligns with target
S012_SE01_CAP000436_CAM01,CAP000436,S012,CAM01,frontal,leaning_right,1,correct_target,0.22210000455379486,0.9236,0.7694,4,Single clean target in frame
S012_SE01_CAP000436_CAM02,CAP000436,S012,CAM02,lateral,leaning_right,5,multiple_candidates,0.3580000102519989,0.9145,0.598,4,Multiple candidates (5); Default YOLO correctly aligns with target
S012_SE01_CAP000437_CAM01,CAP000437,S012,CAM01,frontal,leaning_right,2,multiple_candidates,0.2224999964237213,0.9264,0.7775,4,Multiple candidates (2); Default YOLO correctly aligns with target
S012_SE01_CAP000437_CAM02,CAP000437,S012,CAM02,lateral,leaning_right,6,multiple_candidates,0.3564999997615814,0.9194,0.6088,4,Multiple candidates (6); Default YOLO correctly aligns with target
S012_SE01_CAP000438_CAM01,CAP000438,S012,CAM01,frontal,leaning_right,2,multiple_candidates,0.22169999778270721,0.9275,0.7785,4,Multiple candidates (2); Default YOLO correctly aligns with target
S012_SE01_CAP000438_CAM02,CAP000438,S012,CAM02,lateral,leaning_right,6,multiple_candidates,0.3537999987602234,0.9215,0.591,4,Multiple candidates (6); Default YOLO correctly aligns with target
S012_SE01_CAP000439_CAM01,CAP000439,S012,CAM01,frontal,leaning_right,2,multiple_candidates,0.22190000116825104,0.9282,0.7765,4,Multiple candidates (2); Default YOLO correctly aligns with target
S012_SE01_CAP000439_CAM02,CAP000439,S012,CAM02,lateral,leaning_right,5,multiple_candidates,0.3546999990940094,0.9144,0.6109,4,Multiple candidates (5); Default YOLO correctly aligns with target
S012_SE01_CAP000440_CAM01,CAP000440,S012,CAM01,frontal,leaning_right,1,correct_target,0.2215999960899353,0.9266,0.7746,4,Single clean target in frame
S012_SE01_CAP000440_CAM02,CAP000440,S012,CAM02,lateral,leaning_right,5,multiple_candidates,0.35019999742507935,0.925,0.5814,4,Multiple candidates (5); Default YOLO correctly aligns with target
S012_SE01_CAP000441_CAM01,CAP000441,S012,CAM01,frontal,slouching,3,multiple_candidates,0.22840000689029694,0.9235,0.781,4,Multiple candidates (3); Default YOLO correctly aligns with target
S012_SE01_CAP000441_CAM02,CAP000441,S012,CAM02,lateral,slouching,4,multiple_candidates,0.3165999948978424,0.9259,0.5723,4,Multiple candidates (4); Default YOLO correctly aligns with target
S012_SE01_CAP000442_CAM01,CAP000442,S012,CAM01,frontal,slouching,2,multiple_candidates,0.22609999775886536,0.9283,0.791,4,Multiple candidates (2); Default YOLO correctly aligns with target
S012_SE01_CAP000442_CAM02,CAP000442,S012,CAM02,lateral,slouching,4,multiple_candidates,0.31360000371932983,0.9237,0.562,4,Multiple candidates (4); Default YOLO correctly aligns with target
S012_SE01_CAP000443_CAM01,CAP000443,S012,CAM01,frontal,slouching,1,correct_target,0.22499999403953552,0.9267,0.788,4,Single clean target in frame
S012_SE01_CAP000443_CAM02,CAP000443,S012,CAM02,lateral,slouching,4,multiple_candidates,0.31610000133514404,0.9206,0.5695,4,Multiple candidates (4); Default YOLO correctly aligns with target
S012_SE01_CAP000444_CAM01,CAP000444,S012,CAM01,frontal,slouching,2,multiple_candidates,0.22550000250339508,0.9254,0.7878,4,Multiple candidates (2); Default YOLO correctly aligns with target
S012_SE01_CAP000444_CAM02,CAP000444,S012,CAM02,lateral,slouching,4,multiple_candidates,0.3172999918460846,0.9254,0.5693,4,Multiple candidates (4); Default YOLO correctly aligns with target
S012_SE01_CAP000445_CAM01,CAP000445,S012,CAM01,frontal,slouching,2,multiple_candidates,0.2257000058889389,0.9261,0.7863,4,Multiple candidates (2); Default YOLO correctly aligns with target
S012_SE01_CAP000445_CAM02,CAP000445,S012,CAM02,lateral,slouching,4,multiple_candidates,0.3174000084400177,0.9232,0.5683,4,Multiple candidates (4); Default YOLO correctly aligns with target
S012_SE01_CAP000446_CAM01,CAP000446,S012,CAM01,frontal,forward_head,1,correct_target,0.21699999272823334,0.9345,0.7744,4,Single clean target in frame
S012_SE01_CAP000446_CAM02,CAP000446,S012,CAM02,lateral,forward_head,4,multiple_candidates,0.28439998626708984,0.9186,0.5103,4,Multiple candidates (4); Default YOLO correctly aligns with target
S012_SE01_CAP000447_CAM01,CAP000447,S012,CAM01,frontal,forward_head,1,correct_target,0.2167000025510788,0.9307,0.7799,4,Single clean target in frame
S012_SE01_CAP000447_CAM02,CAP000447,S012,CAM02,lateral,forward_head,5,multiple_candidates,0.28790000081062317,0.9187,0.5276,4,Multiple candidates (5); Default YOLO correctly aligns with target
S012_SE01_CAP000448_CAM01,CAP000448,S012,CAM01,frontal,forward_head,1,correct_target,0.21860000491142273,0.9313,0.7707,4,Single clean target in frame
S012_SE01_CAP000448_CAM02,CAP000448,S012,CAM02,lateral,forward_head,4,multiple_candidates,0.2921000123023987,0.9115,0.5004,4,Multiple candidates (4); Default YOLO correctly aligns with target
S012_SE01_CAP000449_CAM01,CAP000449,S012,CAM01,frontal,forward_head,1,correct_target,0.22139999270439148,0.9336,0.7754,4,Single clean target in frame
S012_SE01_CAP000449_CAM02,CAP000449,S012,CAM02,lateral,forward_head,5,multiple_candidates,0.29339998960494995,0.9188,0.5224,4,Multiple candidates (5); Default YOLO correctly aligns with target
S012_SE01_CAP000450_CAM01,CAP000450,S012,CAM01,frontal,forward_head,2,multiple_candidates,0.22220000624656677,0.9397,0.7851,4,Multiple candidates (2); Default YOLO correctly aligns with target
S012_SE01_CAP000450_CAM02,CAP000450,S012,CAM02,lateral,forward_head,4,multiple_candidates,0.2930000126361847,0.9033,0.5054,4,Multiple candidates (4); Default YOLO correctly aligns with target
S012_SE01_CAP000451_CAM01,CAP000451,S012,CAM01,frontal,reject,3,multiple_candidates,0.39070001244544983,0.9311,0.7898,4,Multiple candidates (3); Default YOLO correctly aligns with target
S012_SE01_CAP000451_CAM02,CAP000451,S012,CAM02,lateral,reject,4,multiple_candidates,0.3181999921798706,0.9103,0.6667,4,Multiple candidates (4); Default YOLO correctly aligns with target
S012_SE01_CAP000452_CAM01,CAP000452,S012,CAM01,frontal,reject,1,correct_target,0.3499999940395355,0.917,0.5986,4,Single clean target in frame
S012_SE01_CAP000452_CAM02,CAP000452,S012,CAM02,lateral,reject,5,wrong_person_risk,0.5015000104904175,0.2732,0.4299,2,Multiple candidates (5); Default YOLO picks non-target candidate 0!
S013_SE01_CAP000453_CAM01,CAP000453,S013,CAM01,frontal,upright,4,multiple_candidates,0.23260000348091125,0.8961,0.8045,4,Multiple candidates (4); Default YOLO correctly aligns with target
S013_SE01_CAP000453_CAM02,CAP000453,S013,CAM02,lateral,upright,4,wrong_person_risk,0.22040000557899475,0.7625,0.4901,4,Multiple candidates (4); Default YOLO picks non-target candidate 0!
S013_SE01_CAP000454_CAM01,CAP000454,S013,CAM01,frontal,upright,3,multiple_candidates,0.2386000007390976,0.9012,0.7945,4,Multiple candidates (3); Default YOLO correctly aligns with target
S013_SE01_CAP000454_CAM02,CAP000454,S013,CAM02,lateral,upright,3,wrong_person_risk,0.4025999903678894,0.554,0.4473,4,Multiple candidates (3); Default YOLO picks non-target candidate 0!
S013_SE01_CAP000455_CAM01,CAP000455,S013,CAM01,frontal,upright,2,multiple_candidates,0.18729999661445618,0.9006,0.7922,4,Multiple candidates (2); Default YOLO correctly aligns with target
S013_SE01_CAP000455_CAM02,CAP000455,S013,CAM02,lateral,upright,6,multiple_candidates,0.3937000036239624,0.7742,0.6053,4,Multiple candidates (6); Default YOLO correctly aligns with target
S013_SE01_CAP000456_CAM01,CAP000456,S013,CAM01,frontal,upright,1,correct_target,0.18870000541210175,0.904,0.7819,4,Single clean target in frame
S013_SE01_CAP000456_CAM02,CAP000456,S013,CAM02,lateral,upright,5,multiple_candidates,0.39430001378059387,0.7719,0.587,4,Multiple candidates (5); Default YOLO correctly aligns with target
S013_SE01_CAP000457_CAM01,CAP000457,S013,CAM01,frontal,upright,3,multiple_candidates,0.1891999989748001,0.9047,0.7745,4,Multiple candidates (3); Default YOLO correctly aligns with target
S013_SE01_CAP000457_CAM02,CAP000457,S013,CAM02,lateral,upright,4,multiple_candidates,0.39570000767707825,0.8089,0.5996,4,Multiple candidates (4); Default YOLO correctly aligns with target
S013_SE01_CAP000458_CAM01,CAP000458,S013,CAM01,frontal,leaning_forward,2,multiple_candidates,0.22220000624656677,0.9242,0.7952,4,Multiple candidates (2); Default YOLO correctly aligns with target
S013_SE01_CAP000458_CAM02,CAP000458,S013,CAM02,lateral,leaning_forward,3,wrong_person_risk,0.29829999804496765,0.8813,0.5231,4,Multiple candidates (3); Default YOLO picks non-target candidate 0!
S013_SE01_CAP000459_CAM01,CAP000459,S013,CAM01,frontal,leaning_forward,2,multiple_candidates,0.2190999984741211,0.9123,0.7929,4,Multiple candidates (2); Default YOLO correctly aligns with target
S013_SE01_CAP000459_CAM02,CAP000459,S013,CAM02,lateral,leaning_forward,2,wrong_person_risk,0.2890999913215637,0.6343,0.411,4,Multiple candidates (2); Default YOLO picks non-target candidate 0!
S013_SE01_CAP000460_CAM01,CAP000460,S013,CAM01,frontal,leaning_forward,3,multiple_candidates,0.21719999611377716,0.9136,0.7824,4,Multiple candidates (3); Default YOLO correctly aligns with target
S013_SE01_CAP000460_CAM02,CAP000460,S013,CAM02,lateral,leaning_forward,2,wrong_person_risk,0.2809999883174896,0.6167,0.4139,4,Multiple candidates (2); Default YOLO picks non-target candidate 0!
S013_SE01_CAP000461_CAM01,CAP000461,S013,CAM01,frontal,leaning_forward,2,multiple_candidates,0.22139999270439148,0.919,0.7909,4,Multiple candidates (2); Default YOLO correctly aligns with target
S013_SE01_CAP000461_CAM02,CAP000461,S013,CAM02,lateral,leaning_forward,3,wrong_person_risk,0.3100000023841858,0.6803,0.4594,4,Multiple candidates (3); Default YOLO picks non-target candidate 0!
S013_SE01_CAP000462_CAM01,CAP000462,S013,CAM01,frontal,leaning_forward,3,multiple_candidates,0.21789999306201935,0.9174,0.7856,4,Multiple candidates (3); Default YOLO correctly aligns with target
S013_SE01_CAP000462_CAM02,CAP000462,S013,CAM02,lateral,leaning_forward,3,wrong_person_risk,0.3046000003814697,0.6919,0.4098,4,Multiple candidates (3); Default YOLO picks non-target candidate 0!
S013_SE01_CAP000463_CAM01,CAP000463,S013,CAM01,frontal,leaning_backward,3,multiple_candidates,0.1785999983549118,0.9329,0.7909,4,Multiple candidates (3); Default YOLO correctly aligns with target
S013_SE01_CAP000463_CAM02,CAP000463,S013,CAM02,lateral,leaning_backward,5,multiple_candidates,0.4052000045776367,0.8563,0.6365,4,Multiple candidates (5); Default YOLO correctly aligns with target
S013_SE01_CAP000464_CAM01,CAP000464,S013,CAM01,frontal,leaning_backward,3,multiple_candidates,0.17749999463558197,0.9323,0.7909,4,Multiple candidates (3); Default YOLO correctly aligns with target
S013_SE01_CAP000464_CAM02,CAP000464,S013,CAM02,lateral,leaning_backward,5,multiple_candidates,0.40939998626708984,0.8616,0.6532,4,Multiple candidates (5); Default YOLO correctly aligns with target
S013_SE01_CAP000465_CAM01,CAP000465,S013,CAM01,frontal,leaning_backward,3,multiple_candidates,0.17839999496936798,0.9314,0.7883,4,Multiple candidates (3); Default YOLO correctly aligns with target
S013_SE01_CAP000465_CAM02,CAP000465,S013,CAM02,lateral,leaning_backward,5,multiple_candidates,0.4065000116825104,0.8476,0.6905,4,Multiple candidates (5); Default YOLO correctly aligns with target
S013_SE01_CAP000466_CAM01,CAP000466,S013,CAM01,frontal,leaning_backward,3,multiple_candidates,0.179299995303154,0.927,0.7859,4,Multiple candidates (3); Default YOLO correctly aligns with target
S013_SE01_CAP000466_CAM02,CAP000466,S013,CAM02,lateral,leaning_backward,4,multiple_candidates,0.40549999475479126,0.8454,0.6368,4,Multiple candidates (4); Default YOLO correctly aligns with target
S013_SE01_CAP000467_CAM01,CAP000467,S013,CAM01,frontal,leaning_left,3,multiple_candidates,0.21379999816417694,0.9024,0.8103,4,Multiple candidates (3); Default YOLO correctly aligns with target
S013_SE01_CAP000467_CAM02,CAP000467,S013,CAM02,lateral,leaning_left,6,wrong_person_risk,0.32409998774528503,0.652,0.6103,4,Multiple candidates (6); Default YOLO picks non-target candidate 0!
S013_SE01_CAP000468_CAM01,CAP000468,S013,CAM01,frontal,leaning_left,3,multiple_candidates,0.21199999749660492,0.9001,0.8026,4,Multiple candidates (3); Default YOLO correctly aligns with target
S013_SE01_CAP000468_CAM02,CAP000468,S013,CAM02,lateral,leaning_left,5,wrong_person_risk,0.3325999975204468,0.6253,0.5601,4,Multiple candidates (5); Default YOLO picks non-target candidate 0!
S013_SE01_CAP000469_CAM01,CAP000469,S013,CAM01,frontal,leaning_left,1,correct_target,0.2085999995470047,0.9035,0.7828,4,Single clean target in frame
S013_SE01_CAP000469_CAM02,CAP000469,S013,CAM02,lateral,leaning_left,5,multiple_candidates,0.3314000070095062,0.7535,0.6028,4,Multiple candidates (5); Default YOLO correctly aligns with target
S013_SE01_CAP000470_CAM01,CAP000470,S013,CAM01,frontal,leaning_left,3,multiple_candidates,0.2110999971628189,0.9011,0.7901,4,Multiple candidates (3); Default YOLO correctly aligns with target
S013_SE01_CAP000470_CAM02,CAP000470,S013,CAM02,lateral,leaning_left,8,wrong_person_risk,0.32919999957084656,0.5818,0.5916,4,Multiple candidates (8); Default YOLO picks non-target candidate 0!
S013_SE01_CAP000471_CAM01,CAP000471,S013,CAM01,frontal,leaning_left,4,multiple_candidates,0.2079000025987625,0.9085,0.7793,4,Multiple candidates (4); Default YOLO correctly aligns with target
S013_SE01_CAP000471_CAM02,CAP000471,S013,CAM02,lateral,leaning_left,7,wrong_person_risk,0.34599998593330383,0.3971,0.5657,4,Multiple candidates (7); Default YOLO picks non-target candidate 0!
S013_SE01_CAP000472_CAM01,CAP000472,S013,CAM01,frontal,leaning_right,3,multiple_candidates,0.18379999697208405,0.918,0.7852,4,Multiple candidates (3); Default YOLO correctly aligns with target
S013_SE01_CAP000472_CAM02,CAP000472,S013,CAM02,lateral,leaning_right,5,wrong_person_risk,0.41940000653266907,0.8034,0.6176,4,Multiple candidates (5); Default YOLO picks non-target candidate 0!
S013_SE01_CAP000473_CAM01,CAP000473,S013,CAM01,frontal,leaning_right,4,multiple_candidates,0.1868000030517578,0.9113,0.7909,4,Multiple candidates (4); Default YOLO correctly aligns with target
S013_SE01_CAP000473_CAM02,CAP000473,S013,CAM02,lateral,leaning_right,5,wrong_person_risk,0.42669999599456787,0.6764,0.5382,4,Multiple candidates (5); Default YOLO picks non-target candidate 0!
S013_SE01_CAP000474_CAM01,CAP000474,S013,CAM01,frontal,leaning_right,4,multiple_candidates,0.1851000040769577,0.9041,0.8038,4,Multiple candidates (4); Default YOLO correctly aligns with target
S013_SE01_CAP000474_CAM02,CAP000474,S013,CAM02,lateral,leaning_right,2,multiple_candidates,0.4203000068664551,0.8172,0.5924,4,Multiple candidates (2); Default YOLO correctly aligns with target
S013_SE01_CAP000475_CAM01,CAP000475,S013,CAM01,frontal,leaning_right,6,multiple_candidates,0.18410000205039978,0.9116,0.7866,4,Multiple candidates (6); Default YOLO correctly aligns with target
S013_SE01_CAP000475_CAM02,CAP000475,S013,CAM02,lateral,leaning_right,4,multiple_candidates,0.4203999936580658,0.8238,0.6073,4,Multiple candidates (4); Default YOLO correctly aligns with target
S013_SE01_CAP000476_CAM01,CAP000476,S013,CAM01,frontal,leaning_right,5,multiple_candidates,0.18289999663829803,0.9119,0.783,4,Multiple candidates (5); Default YOLO correctly aligns with target
S013_SE01_CAP000476_CAM02,CAP000476,S013,CAM02,lateral,leaning_right,7,multiple_candidates,0.42260000109672546,0.7596,0.5691,4,Multiple candidates (7); Default YOLO correctly aligns with target
S013_SE01_CAP000477_CAM01,CAP000477,S013,CAM01,frontal,slouching,3,multiple_candidates,0.18060000240802765,0.9131,0.8383,4,Multiple candidates (3); Default YOLO correctly aligns with target
S013_SE01_CAP000477_CAM02,CAP000477,S013,CAM02,lateral,slouching,3,wrong_person_risk,0.3068000078201294,0.6619,0.4895,4,Multiple candidates (3); Default YOLO picks non-target candidate 0!
S013_SE01_CAP000478_CAM01,CAP000478,S013,CAM01,frontal,slouching,3,multiple_candidates,0.17960000038146973,0.9102,0.8249,4,Multiple candidates (3); Default YOLO correctly aligns with target
S013_SE01_CAP000478_CAM02,CAP000478,S013,CAM02,lateral,slouching,4,wrong_person_risk,0.2224999964237213,0.5195,0.4577,4,Multiple candidates (4); Default YOLO picks non-target candidate 0!
S013_SE01_CAP000479_CAM01,CAP000479,S013,CAM01,frontal,slouching,2,multiple_candidates,0.17810000479221344,0.919,0.8148,4,Multiple candidates (2); Default YOLO correctly aligns with target
S013_SE01_CAP000479_CAM02,CAP000479,S013,CAM02,lateral,slouching,3,wrong_person_risk,0.30149999260902405,0.2166,0.4611,4,Multiple candidates (3); Default YOLO picks non-target candidate 0!
S013_SE01_CAP000480_CAM01,CAP000480,S013,CAM01,frontal,slouching,2,multiple_candidates,0.17919999361038208,0.917,0.8314,4,Multiple candidates (2); Default YOLO correctly aligns with target
S013_SE01_CAP000480_CAM02,CAP000480,S013,CAM02,lateral,slouching,2,wrong_person_risk,0.30230000615119934,0.5144,0.4882,4,Multiple candidates (2); Default YOLO picks non-target candidate 0!
S013_SE01_CAP000481_CAM01,CAP000481,S013,CAM01,frontal,slouching,2,multiple_candidates,0.17829999327659607,0.9148,0.8366,4,Multiple candidates (2); Default YOLO correctly aligns with target
S013_SE01_CAP000481_CAM02,CAP000481,S013,CAM02,lateral,slouching,4,wrong_person_risk,0.2214999943971634,0.5027,0.4654,4,Multiple candidates (4); Default YOLO picks non-target candidate 0!
S013_SE01_CAP000482_CAM01,CAP000482,S013,CAM01,frontal,forward_head,2,multiple_candidates,0.1881999969482422,0.9046,0.8466,4,Multiple candidates (2); Default YOLO correctly aligns with target
S013_SE01_CAP000482_CAM02,CAP000482,S013,CAM02,lateral,forward_head,3,wrong_person_risk,0.2890999913215637,0.396,0.2794,3,Multiple candidates (3); Default YOLO picks non-target candidate 0!
S013_SE01_CAP000483_CAM01,CAP000483,S013,CAM01,frontal,forward_head,2,multiple_candidates,0.1973000019788742,0.9191,0.8228,4,Multiple candidates (2); Default YOLO correctly aligns with target
S013_SE01_CAP000483_CAM02,CAP000483,S013,CAM02,lateral,forward_head,3,wrong_person_risk,0.013000000268220901,0.2815,0.3966,4,Multiple candidates (3); Default YOLO picks non-target candidate 0!
S013_SE01_CAP000484_CAM01,CAP000484,S013,CAM01,frontal,forward_head,3,multiple_candidates,0.19380000233650208,0.9065,0.8325,4,Multiple candidates (3); Default YOLO correctly aligns with target
S013_SE01_CAP000484_CAM02,CAP000484,S013,CAM02,lateral,forward_head,2,wrong_person_risk,0.014999999664723873,0.1907,0.2326,3,Multiple candidates (2); Default YOLO picks non-target candidate 0!
S013_SE01_CAP000485_CAM01,CAP000485,S013,CAM01,frontal,forward_head,3,multiple_candidates,0.19539999961853027,0.9103,0.8207,4,Multiple candidates (3); Default YOLO correctly aligns with target
S013_SE01_CAP000485_CAM02,CAP000485,S013,CAM02,lateral,forward_head,1,correct_target,0.1388999968767166,0.8678,0.3209,3,Single clean target in frame
S013_SE01_CAP000486_CAM01,CAP000486,S013,CAM01,frontal,forward_head,3,multiple_candidates,0.19480000436306,0.9104,0.8275,4,Multiple candidates (3); Default YOLO correctly aligns with target
S013_SE01_CAP000486_CAM02,CAP000486,S013,CAM02,lateral,forward_head,2,wrong_person_risk,0.01489999983459711,0.2202,0.2175,3,Multiple candidates (2); Default YOLO picks non-target candidate 0!
S013_SE01_CAP000487_CAM01,CAP000487,S013,CAM01,frontal,reject,3,multiple_candidates,0.3644999861717224,0.9302,0.5095,4,Multiple candidates (3); Default YOLO correctly aligns with target
S013_SE01_CAP000487_CAM02,CAP000487,S013,CAM02,lateral,reject,4,multiple_candidates,0.33739998936653137,0.9321,0.3586,3,Multiple candidates (4); Default YOLO correctly aligns with target
S014_SE01_CAP000488_CAM01,CAP000488,S014,CAM01,frontal,upright,3,multiple_candidates,0.18520000576972961,0.9281,0.7336,4,Multiple candidates (3); Default YOLO correctly aligns with target
S014_SE01_CAP000488_CAM02,CAP000488,S014,CAM02,lateral,upright,4,multiple_candidates,0.3037000000476837,0.8986,0.4736,4,Multiple candidates (4); Default YOLO correctly aligns with target
S014_SE01_CAP000489_CAM01,CAP000489,S014,CAM01,frontal,upright,3,multiple_candidates,0.18449999392032623,0.9303,0.732,4,Multiple candidates (3); Default YOLO correctly aligns with target
S014_SE01_CAP000489_CAM02,CAP000489,S014,CAM02,lateral,upright,5,multiple_candidates,0.321399986743927,0.8848,0.4567,4,Multiple candidates (5); Default YOLO correctly aligns with target
S014_SE01_CAP000490_CAM01,CAP000490,S014,CAM01,frontal,upright,3,multiple_candidates,0.18469999730587006,0.9305,0.7338,4,Multiple candidates (3); Default YOLO correctly aligns with target
S014_SE01_CAP000490_CAM02,CAP000490,S014,CAM02,lateral,upright,3,multiple_candidates,0.3086000084877014,0.8816,0.5238,4,Multiple candidates (3); Default YOLO correctly aligns with target
S014_SE01_CAP000491_CAM01,CAP000491,S014,CAM01,frontal,upright,3,multiple_candidates,0.1850000023841858,0.931,0.7327,4,Multiple candidates (3); Default YOLO correctly aligns with target
S014_SE01_CAP000491_CAM02,CAP000491,S014,CAM02,lateral,upright,5,multiple_candidates,0.30660000443458557,0.8873,0.5682,4,Multiple candidates (5); Default YOLO correctly aligns with target
S014_SE01_CAP000492_CAM01,CAP000492,S014,CAM01,frontal,upright,2,multiple_candidates,0.18459999561309814,0.9302,0.7329,4,Multiple candidates (2); Default YOLO correctly aligns with target
S014_SE01_CAP000492_CAM02,CAP000492,S014,CAM02,lateral,upright,3,multiple_candidates,0.3012000024318695,0.8995,0.5364,4,Multiple candidates (3); Default YOLO correctly aligns with target
S014_SE01_CAP000493_CAM01,CAP000493,S014,CAM01,frontal,leaning_forward,3,multiple_candidates,0.19930000603199005,0.9219,0.7692,4,Multiple candidates (3); Default YOLO correctly aligns with target
S014_SE01_CAP000493_CAM02,CAP000493,S014,CAM02,lateral,leaning_forward,3,wrong_person_risk,0.2526000142097473,0.7831,0.5442,4,Multiple candidates (3); Default YOLO picks non-target candidate 0!
S014_SE01_CAP000494_CAM01,CAP000494,S014,CAM01,frontal,leaning_forward,3,multiple_candidates,0.19990000128746033,0.9238,0.7715,4,Multiple candidates (3); Default YOLO correctly aligns with target
S014_SE01_CAP000494_CAM02,CAP000494,S014,CAM02,lateral,leaning_forward,5,wrong_person_risk,0.295199990272522,0.7253,0.5251,4,Multiple candidates (5); Default YOLO picks non-target candidate 0!
S014_SE01_CAP000495_CAM01,CAP000495,S014,CAM01,frontal,leaning_forward,4,multiple_candidates,0.19859999418258667,0.9255,0.7725,4,Multiple candidates (4); Default YOLO correctly aligns with target
S014_SE01_CAP000495_CAM02,CAP000495,S014,CAM02,lateral,leaning_forward,5,multiple_candidates,0.2508000135421753,0.793,0.5614,4,Multiple candidates (5); Default YOLO correctly aligns with target
S014_SE01_CAP000496_CAM01,CAP000496,S014,CAM01,frontal,leaning_forward,4,multiple_candidates,0.1988999992609024,0.925,0.7712,4,Multiple candidates (4); Default YOLO correctly aligns with target
S014_SE01_CAP000496_CAM02,CAP000496,S014,CAM02,lateral,leaning_forward,5,multiple_candidates,0.2973000109195709,0.7876,0.4965,4,Multiple candidates (5); Default YOLO correctly aligns with target
S014_SE01_CAP000497_CAM01,CAP000497,S014,CAM01,frontal,leaning_backward,6,multiple_candidates,0.16779999434947968,0.9227,0.7351,4,Multiple candidates (6); Default YOLO correctly aligns with target
S014_SE01_CAP000497_CAM02,CAP000497,S014,CAM02,lateral,leaning_backward,2,multiple_candidates,0.33500000834465027,0.8952,0.4823,4,Multiple candidates (2); Default YOLO correctly aligns with target
S014_SE01_CAP000498_CAM01,CAP000498,S014,CAM01,frontal,leaning_backward,6,multiple_candidates,0.16539999842643738,0.92,0.7386,4,Multiple candidates (6); Default YOLO correctly aligns with target
S014_SE01_CAP000498_CAM02,CAP000498,S014,CAM02,lateral,leaning_backward,3,multiple_candidates,0.33660000562667847,0.8903,0.4935,3,Multiple candidates (3); Default YOLO correctly aligns with target
S014_SE01_CAP000499_CAM01,CAP000499,S014,CAM01,frontal,leaning_backward,6,multiple_candidates,0.16910000145435333,0.9189,0.7493,4,Multiple candidates (6); Default YOLO correctly aligns with target
S014_SE01_CAP000499_CAM02,CAP000499,S014,CAM02,lateral,leaning_backward,4,multiple_candidates,0.3221000134944916,0.8574,0.494,4,Multiple candidates (4); Default YOLO correctly aligns with target
S014_SE01_CAP000500_CAM01,CAP000500,S014,CAM01,frontal,leaning_backward,5,multiple_candidates,0.1696999967098236,0.9192,0.7371,4,Multiple candidates (5); Default YOLO correctly aligns with target
S014_SE01_CAP000500_CAM02,CAP000500,S014,CAM02,lateral,leaning_backward,2,multiple_candidates,0.3343999981880188,0.861,0.5047,3,Multiple candidates (2); Default YOLO correctly aligns with target
S014_SE01_CAP000501_CAM01,CAP000501,S014,CAM01,frontal,leaning_backward,6,multiple_candidates,0.1647000014781952,0.9208,0.7393,4,Multiple candidates (6); Default YOLO correctly aligns with target
S014_SE01_CAP000501_CAM02,CAP000501,S014,CAM02,lateral,leaning_backward,2,multiple_candidates,0.30889999866485596,0.9033,0.4915,4,Multiple candidates (2); Default YOLO correctly aligns with target
S014_SE01_CAP000502_CAM01,CAP000502,S014,CAM01,frontal,leaning_left,6,multiple_candidates,0.20909999310970306,0.9183,0.7463,4,Multiple candidates (6); Default YOLO correctly aligns with target
S014_SE01_CAP000502_CAM02,CAP000502,S014,CAM02,lateral,leaning_left,3,multiple_candidates,0.27160000801086426,0.8748,0.5721,4,Multiple candidates (3); Default YOLO correctly aligns with target
S014_SE01_CAP000503_CAM01,CAP000503,S014,CAM01,frontal,leaning_left,5,multiple_candidates,0.2045000046491623,0.9158,0.7396,4,Multiple candidates (5); Default YOLO correctly aligns with target
S014_SE01_CAP000503_CAM02,CAP000503,S014,CAM02,lateral,leaning_left,3,wrong_person_risk,0.2797999978065491,0.8362,0.6067,4,Multiple candidates (3); Default YOLO picks non-target candidate 0!
S014_SE01_CAP000504_CAM01,CAP000504,S014,CAM01,frontal,leaning_left,4,multiple_candidates,0.2004999965429306,0.9066,0.7465,4,Multiple candidates (4); Default YOLO correctly aligns with target
S014_SE01_CAP000504_CAM02,CAP000504,S014,CAM02,lateral,leaning_left,2,multiple_candidates,0.2791000008583069,0.8946,0.6111,4,Multiple candidates (2); Default YOLO correctly aligns with target
S014_SE01_CAP000505_CAM01,CAP000505,S014,CAM01,frontal,leaning_left,5,multiple_candidates,0.19349999725818634,0.8952,0.7614,4,Multiple candidates (5); Default YOLO correctly aligns with target
S014_SE01_CAP000505_CAM02,CAP000505,S014,CAM02,lateral,leaning_left,3,multiple_candidates,0.2741999924182892,0.9061,0.602,4,Multiple candidates (3); Default YOLO correctly aligns with target
S014_SE01_CAP000506_CAM01,CAP000506,S014,CAM01,frontal,leaning_left,3,multiple_candidates,0.20250000059604645,0.9219,0.7569,4,Multiple candidates (3); Default YOLO correctly aligns with target
S014_SE01_CAP000506_CAM02,CAP000506,S014,CAM02,lateral,leaning_left,3,multiple_candidates,0.27459999918937683,0.8952,0.6096,4,Multiple candidates (3); Default YOLO correctly aligns with target
S014_SE01_CAP000507_CAM01,CAP000507,S014,CAM01,frontal,leaning_right,3,multiple_candidates,0.20730000734329224,0.9126,0.7448,4,Multiple candidates (3); Default YOLO correctly aligns with target
S014_SE01_CAP000507_CAM02,CAP000507,S014,CAM02,lateral,leaning_right,2,multiple_candidates,0.35030001401901245,0.9097,0.4582,3,Multiple candidates (2); Default YOLO correctly aligns with target
S014_SE01_CAP000508_CAM01,CAP000508,S014,CAM01,frontal,leaning_right,3,multiple_candidates,0.2092999964952469,0.9186,0.744,4,Multiple candidates (3); Default YOLO correctly aligns with target
S014_SE01_CAP000508_CAM02,CAP000508,S014,CAM02,lateral,leaning_right,2,multiple_candidates,0.3479999899864197,0.901,0.4838,4,Multiple candidates (2); Default YOLO correctly aligns with target
S014_SE01_CAP000509_CAM01,CAP000509,S014,CAM01,frontal,leaning_right,3,multiple_candidates,0.2092999964952469,0.927,0.7414,4,Multiple candidates (3); Default YOLO correctly aligns with target
S014_SE01_CAP000509_CAM02,CAP000509,S014,CAM02,lateral,leaning_right,2,multiple_candidates,0.3476000130176544,0.8995,0.4906,4,Multiple candidates (2); Default YOLO correctly aligns with target
S014_SE01_CAP000510_CAM01,CAP000510,S014,CAM01,frontal,leaning_right,3,multiple_candidates,0.20880000293254852,0.9148,0.7453,4,Multiple candidates (3); Default YOLO correctly aligns with target
S014_SE01_CAP000510_CAM02,CAP000510,S014,CAM02,lateral,leaning_right,2,multiple_candidates,0.3499999940395355,0.8972,0.4747,4,Multiple candidates (2); Default YOLO correctly aligns with target
S014_SE01_CAP000511_CAM01,CAP000511,S014,CAM01,frontal,slouching,3,multiple_candidates,0.17560000717639923,0.9291,0.7411,4,Multiple candidates (3); Default YOLO correctly aligns with target
S014_SE01_CAP000511_CAM02,CAP000511,S014,CAM02,lateral,slouching,3,multiple_candidates,0.295199990272522,0.8729,0.4702,4,Multiple candidates (3); Default YOLO correctly aligns with target
S014_SE01_CAP000512_CAM01,CAP000512,S014,CAM01,frontal,slouching,3,multiple_candidates,0.17649999260902405,0.9301,0.744,4,Multiple candidates (3); Default YOLO correctly aligns with target
S014_SE01_CAP000512_CAM02,CAP000512,S014,CAM02,lateral,slouching,2,multiple_candidates,0.2906999886035919,0.8612,0.4975,4,Multiple candidates (2); Default YOLO correctly aligns with target
S014_SE01_CAP000513_CAM01,CAP000513,S014,CAM01,frontal,slouching,3,multiple_candidates,0.17730000615119934,0.9298,0.7618,4,Multiple candidates (3); Default YOLO correctly aligns with target
S014_SE01_CAP000513_CAM02,CAP000513,S014,CAM02,lateral,slouching,3,multiple_candidates,0.28110000491142273,0.8524,0.4704,4,Multiple candidates (3); Default YOLO correctly aligns with target
S014_SE01_CAP000514_CAM01,CAP000514,S014,CAM01,frontal,slouching,4,multiple_candidates,0.1770000010728836,0.9292,0.7571,4,Multiple candidates (4); Default YOLO correctly aligns with target
S014_SE01_CAP000514_CAM02,CAP000514,S014,CAM02,lateral,slouching,3,multiple_candidates,0.28859999775886536,0.8207,0.4241,4,Multiple candidates (3); Default YOLO correctly aligns with target
S014_SE01_CAP000515_CAM01,CAP000515,S014,CAM01,frontal,slouching,4,multiple_candidates,0.17730000615119934,0.9297,0.7628,4,Multiple candidates (4); Default YOLO correctly aligns with target
S014_SE01_CAP000515_CAM02,CAP000515,S014,CAM02,lateral,slouching,2,multiple_candidates,0.2759000062942505,0.8442,0.475,4,Multiple candidates (2); Default YOLO correctly aligns with target
S014_SE01_CAP000516_CAM01,CAP000516,S014,CAM01,frontal,forward_head,2,multiple_candidates,0.17569999396800995,0.9269,0.7719,4,Multiple candidates (2); Default YOLO correctly aligns with target
S014_SE01_CAP000516_CAM02,CAP000516,S014,CAM02,lateral,forward_head,4,multiple_candidates,0.2921000123023987,0.8511,0.4953,4,Multiple candidates (4); Default YOLO correctly aligns with target
S014_SE01_CAP000517_CAM01,CAP000517,S014,CAM01,frontal,forward_head,3,multiple_candidates,0.1770000010728836,0.9287,0.7876,4,Multiple candidates (3); Default YOLO correctly aligns with target
S014_SE01_CAP000517_CAM02,CAP000517,S014,CAM02,lateral,forward_head,3,wrong_person_risk,0.2971999943256378,0.8044,0.4907,4,Multiple candidates (3); Default YOLO picks non-target candidate 0!
S014_SE01_CAP000518_CAM01,CAP000518,S014,CAM01,frontal,forward_head,2,multiple_candidates,0.17739999294281006,0.927,0.7778,4,Multiple candidates (2); Default YOLO correctly aligns with target
S014_SE01_CAP000518_CAM02,CAP000518,S014,CAM02,lateral,forward_head,3,wrong_person_risk,0.2605000138282776,0.3836,0.3683,4,Multiple candidates (3); Default YOLO picks non-target candidate 0!
S014_SE01_CAP000519_CAM01,CAP000519,S014,CAM01,frontal,forward_head,2,multiple_candidates,0.17730000615119934,0.9285,0.795,4,Multiple candidates (2); Default YOLO correctly aligns with target
S014_SE01_CAP000519_CAM02,CAP000519,S014,CAM02,lateral,forward_head,3,wrong_person_risk,0.2168000042438507,0.5089,0.437,4,Multiple candidates (3); Default YOLO picks non-target candidate 0!
S014_SE01_CAP000520_CAM01,CAP000520,S014,CAM01,frontal,forward_head,3,multiple_candidates,0.17739999294281006,0.9284,0.7864,4,Multiple candidates (3); Default YOLO correctly aligns with target
S014_SE01_CAP000520_CAM02,CAP000520,S014,CAM02,lateral,forward_head,3,wrong_person_risk,0.24950000643730164,0.7009,0.4747,4,Multiple candidates (3); Default YOLO picks non-target candidate 0!
S014_SE01_CAP000521_CAM01,CAP000521,S014,CAM01,frontal,reject,3,multiple_candidates,0.30230000615119934,0.9361,0.558,4,Multiple candidates (3); Default YOLO correctly aligns with target
S014_SE01_CAP000521_CAM02,CAP000521,S014,CAM02,lateral,reject,2,multiple_candidates,0.265500009059906,0.8972,0.4535,4,Multiple candidates (2); Default YOLO correctly aligns with target
S014_SE01_CAP000522_CAM01,CAP000522,S014,CAM01,frontal,reject,2,multiple_candidates,0.26409998536109924,0.939,0.5712,4,Multiple candidates (2); Default YOLO correctly aligns with target
S014_SE01_CAP000522_CAM02,CAP000522,S014,CAM02,lateral,reject,2,multiple_candidates,0.21490000188350677,0.8994,0.4568,4,Multiple candidates (2); Default YOLO correctly aligns with target
S015_SE01_CAP000523_CAM01,CAP000523,S015,CAM01,frontal,upright,3,multiple_candidates,0.1850000023841858,0.8998,0.7829,4,Multiple candidates (3); Default YOLO correctly aligns with target
S015_SE01_CAP000523_CAM02,CAP000523,S015,CAM02,lateral,upright,2,multiple_candidates,0.32899999618530273,0.9013,0.5025,4,Multiple candidates (2); Default YOLO correctly aligns with target
S015_SE01_CAP000524_CAM01,CAP000524,S015,CAM01,frontal,upright,4,multiple_candidates,0.18549999594688416,0.8991,0.774,4,Multiple candidates (4); Default YOLO correctly aligns with target
S015_SE01_CAP000524_CAM02,CAP000524,S015,CAM02,lateral,upright,2,multiple_candidates,0.33180001378059387,0.9075,0.5069,4,Multiple candidates (2); Default YOLO correctly aligns with target
S015_SE01_CAP000525_CAM01,CAP000525,S015,CAM01,frontal,upright,4,multiple_candidates,0.18410000205039978,0.9019,0.7783,4,Multiple candidates (4); Default YOLO correctly aligns with target
S015_SE01_CAP000525_CAM02,CAP000525,S015,CAM02,lateral,upright,3,multiple_candidates,0.3305000066757202,0.9036,0.5019,4,Multiple candidates (3); Default YOLO correctly aligns with target
S015_SE01_CAP000526_CAM01,CAP000526,S015,CAM01,frontal,upright,5,multiple_candidates,0.18410000205039978,0.9012,0.7852,4,Multiple candidates (5); Default YOLO correctly aligns with target
S015_SE01_CAP000526_CAM02,CAP000526,S015,CAM02,lateral,upright,3,multiple_candidates,0.3314000070095062,0.907,0.5083,4,Multiple candidates (3); Default YOLO correctly aligns with target
S015_SE01_CAP000527_CAM01,CAP000527,S015,CAM01,frontal,upright,4,multiple_candidates,0.18400000035762787,0.897,0.7843,4,Multiple candidates (4); Default YOLO correctly aligns with target
S015_SE01_CAP000527_CAM02,CAP000527,S015,CAM02,lateral,upright,3,multiple_candidates,0.3314000070095062,0.9052,0.516,4,Multiple candidates (3); Default YOLO correctly aligns with target
S015_SE01_CAP000528_CAM01,CAP000528,S015,CAM01,frontal,leaning_forward,4,multiple_candidates,0.20630000531673431,0.8936,0.7561,4,Multiple candidates (4); Default YOLO correctly aligns with target
S015_SE01_CAP000528_CAM02,CAP000528,S015,CAM02,lateral,leaning_forward,3,multiple_candidates,0.3231000006198883,0.8971,0.5033,4,Multiple candidates (3); Default YOLO correctly aligns with target
S015_SE01_CAP000529_CAM01,CAP000529,S015,CAM01,frontal,leaning_forward,4,multiple_candidates,0.2070000022649765,0.9042,0.7574,4,Multiple candidates (4); Default YOLO correctly aligns with target
S015_SE01_CAP000529_CAM02,CAP000529,S015,CAM02,lateral,leaning_forward,3,multiple_candidates,0.3262999951839447,0.8898,0.5156,4,Multiple candidates (3); Default YOLO correctly aligns with target
S015_SE01_CAP000530_CAM01,CAP000530,S015,CAM01,frontal,leaning_forward,3,multiple_candidates,0.21570000052452087,0.8804,0.7484,4,Multiple candidates (3); Default YOLO correctly aligns with target
S015_SE01_CAP000530_CAM02,CAP000530,S015,CAM02,lateral,leaning_forward,2,multiple_candidates,0.326200008392334,0.9012,0.515,4,Multiple candidates (2); Default YOLO correctly aligns with target
S015_SE01_CAP000531_CAM01,CAP000531,S015,CAM01,frontal,leaning_forward,3,multiple_candidates,0.21279999613761902,0.8895,0.7502,4,Multiple candidates (3); Default YOLO correctly aligns with target
S015_SE01_CAP000531_CAM02,CAP000531,S015,CAM02,lateral,leaning_forward,2,multiple_candidates,0.3212999999523163,0.8951,0.4877,3,Multiple candidates (2); Default YOLO correctly aligns with target
S015_SE01_CAP000532_CAM01,CAP000532,S015,CAM01,frontal,leaning_forward,4,multiple_candidates,0.21289999783039093,0.8906,0.7478,4,Multiple candidates (4); Default YOLO correctly aligns with target
S015_SE01_CAP000532_CAM02,CAP000532,S015,CAM02,lateral,leaning_forward,3,multiple_candidates,0.32710000872612,0.892,0.5039,4,Multiple candidates (3); Default YOLO correctly aligns with target
S015_SE01_CAP000533_CAM01,CAP000533,S015,CAM01,frontal,leaning_backward,5,multiple_candidates,0.1768999993801117,0.9049,0.7974,4,Multiple candidates (5); Default YOLO correctly aligns with target
S015_SE01_CAP000533_CAM02,CAP000533,S015,CAM02,lateral,leaning_backward,2,multiple_candidates,0.36160001158714294,0.9244,0.4991,4,Multiple candidates (2); Default YOLO correctly aligns with target
S015_SE01_CAP000534_CAM01,CAP000534,S015,CAM01,frontal,leaning_backward,7,multiple_candidates,0.17980000376701355,0.8959,0.8091,4,Multiple candidates (7); Default YOLO correctly aligns with target
S015_SE01_CAP000534_CAM02,CAP000534,S015,CAM02,lateral,leaning_backward,3,wrong_person_risk,0.3901999890804291,0.8891,0.52,4,Multiple candidates (3); Default YOLO picks non-target candidate 0!
S015_SE01_CAP000535_CAM01,CAP000535,S015,CAM01,frontal,leaning_backward,6,multiple_candidates,0.17640000581741333,0.8997,0.7973,4,Multiple candidates (6); Default YOLO correctly aligns with target
S015_SE01_CAP000535_CAM02,CAP000535,S015,CAM02,lateral,leaning_backward,3,multiple_candidates,0.36070001125335693,0.9122,0.4828,4,Multiple candidates (3); Default YOLO correctly aligns with target
S015_SE01_CAP000536_CAM01,CAP000536,S015,CAM01,frontal,leaning_backward,6,multiple_candidates,0.1753000020980835,0.9058,0.7999,4,Multiple candidates (6); Default YOLO correctly aligns with target
S015_SE01_CAP000536_CAM02,CAP000536,S015,CAM02,lateral,leaning_backward,3,multiple_candidates,0.3555999994277954,0.9116,0.4963,4,Multiple candidates (3); Default YOLO correctly aligns with target
S015_SE01_CAP000537_CAM01,CAP000537,S015,CAM01,frontal,leaning_backward,5,multiple_candidates,0.17430000007152557,0.9061,0.7975,4,Multiple candidates (5); Default YOLO correctly aligns with target
S015_SE01_CAP000537_CAM02,CAP000537,S015,CAM02,lateral,leaning_backward,3,multiple_candidates,0.3499999940395355,0.9209,0.4957,4,Multiple candidates (3); Default YOLO correctly aligns with target
S015_SE01_CAP000538_CAM01,CAP000538,S015,CAM01,frontal,leaning_left,4,multiple_candidates,0.21379999816417694,0.9029,0.7668,4,Multiple candidates (4); Default YOLO correctly aligns with target
S015_SE01_CAP000538_CAM02,CAP000538,S015,CAM02,lateral,leaning_left,3,multiple_candidates,0.3109000027179718,0.9268,0.5621,4,Multiple candidates (3); Default YOLO correctly aligns with target
S015_SE01_CAP000539_CAM01,CAP000539,S015,CAM01,frontal,leaning_left,4,multiple_candidates,0.21170000731945038,0.9013,0.76,4,Multiple candidates (4); Default YOLO correctly aligns with target
S015_SE01_CAP000539_CAM02,CAP000539,S015,CAM02,lateral,leaning_left,4,multiple_candidates,0.3102000057697296,0.9287,0.5702,4,Multiple candidates (4); Default YOLO correctly aligns with target
S015_SE01_CAP000540_CAM01,CAP000540,S015,CAM01,frontal,leaning_left,4,multiple_candidates,0.21140000224113464,0.8768,0.7506,4,Multiple candidates (4); Default YOLO correctly aligns with target
S015_SE01_CAP000540_CAM02,CAP000540,S015,CAM02,lateral,leaning_left,3,multiple_candidates,0.30799999833106995,0.9263,0.5825,4,Multiple candidates (3); Default YOLO correctly aligns with target
S015_SE01_CAP000541_CAM01,CAP000541,S015,CAM01,frontal,leaning_left,5,multiple_candidates,0.21580000221729279,0.885,0.7616,4,Multiple candidates (5); Default YOLO correctly aligns with target
S015_SE01_CAP000541_CAM02,CAP000541,S015,CAM02,lateral,leaning_left,5,multiple_candidates,0.31049999594688416,0.9281,0.5879,4,Multiple candidates (5); Default YOLO correctly aligns with target
S015_SE01_CAP000542_CAM01,CAP000542,S015,CAM01,frontal,leaning_left,5,multiple_candidates,0.21490000188350677,0.9033,0.7645,4,Multiple candidates (5); Default YOLO correctly aligns with target
S015_SE01_CAP000542_CAM02,CAP000542,S015,CAM02,lateral,leaning_left,3,multiple_candidates,0.31470000743865967,0.9329,0.6031,4,Multiple candidates (3); Default YOLO correctly aligns with target
S015_SE01_CAP000543_CAM01,CAP000543,S015,CAM01,frontal,leaning_right,5,multiple_candidates,0.22300000488758087,0.8781,0.8041,4,Multiple candidates (5); Default YOLO correctly aligns with target
S015_SE01_CAP000543_CAM02,CAP000543,S015,CAM02,lateral,leaning_right,3,multiple_candidates,0.37279999256134033,0.9067,0.5318,4,Multiple candidates (3); Default YOLO correctly aligns with target
S015_SE01_CAP000544_CAM01,CAP000544,S015,CAM01,frontal,leaning_right,4,multiple_candidates,0.23589999973773956,0.8792,0.7832,4,Multiple candidates (4); Default YOLO correctly aligns with target
S015_SE01_CAP000544_CAM02,CAP000544,S015,CAM02,lateral,leaning_right,3,multiple_candidates,0.3709000051021576,0.9172,0.4984,2,Multiple candidates (3); Default YOLO correctly aligns with target
S015_SE01_CAP000545_CAM01,CAP000545,S015,CAM01,frontal,leaning_right,4,multiple_candidates,0.23350000381469727,0.8873,0.7941,4,Multiple candidates (4); Default YOLO correctly aligns with target
S015_SE01_CAP000545_CAM02,CAP000545,S015,CAM02,lateral,leaning_right,4,multiple_candidates,0.37540000677108765,0.9213,0.5252,4,Multiple candidates (4); Default YOLO correctly aligns with target
S015_SE01_CAP000546_CAM01,CAP000546,S015,CAM01,frontal,leaning_right,5,multiple_candidates,0.22220000624656677,0.8762,0.8055,4,Multiple candidates (5); Default YOLO correctly aligns with target
S015_SE01_CAP000546_CAM02,CAP000546,S015,CAM02,lateral,leaning_right,4,multiple_candidates,0.3910999894142151,0.9156,0.5343,3,Multiple candidates (4); Default YOLO correctly aligns with target
S015_SE01_CAP000547_CAM01,CAP000547,S015,CAM01,frontal,leaning_right,5,multiple_candidates,0.2337999939918518,0.8744,0.7683,4,Multiple candidates (5); Default YOLO correctly aligns with target
S015_SE01_CAP000547_CAM02,CAP000547,S015,CAM02,lateral,leaning_right,4,multiple_candidates,0.3700000047683716,0.9084,0.521,4,Multiple candidates (4); Default YOLO correctly aligns with target
S015_SE01_CAP000548_CAM01,CAP000548,S015,CAM01,frontal,slouching,5,multiple_candidates,0.19760000705718994,0.909,0.8167,4,Multiple candidates (5); Default YOLO correctly aligns with target
S015_SE01_CAP000548_CAM02,CAP000548,S015,CAM02,lateral,slouching,3,multiple_candidates,0.3361999988555908,0.9181,0.4682,2,Multiple candidates (3); Default YOLO correctly aligns with target
S015_SE01_CAP000549_CAM01,CAP000549,S015,CAM01,frontal,slouching,4,multiple_candidates,0.1932000070810318,0.908,0.7906,4,Multiple candidates (4); Default YOLO correctly aligns with target
S015_SE01_CAP000549_CAM02,CAP000549,S015,CAM02,lateral,slouching,2,multiple_candidates,0.33390000462532043,0.9053,0.4876,2,Multiple candidates (2); Default YOLO correctly aligns with target
S015_SE01_CAP000550_CAM01,CAP000550,S015,CAM01,frontal,slouching,4,multiple_candidates,0.1972000002861023,0.9086,0.83,4,Multiple candidates (4); Default YOLO correctly aligns with target
S015_SE01_CAP000550_CAM02,CAP000550,S015,CAM02,lateral,slouching,3,multiple_candidates,0.3361000120639801,0.8943,0.4841,2,Multiple candidates (3); Default YOLO correctly aligns with target
S015_SE01_CAP000551_CAM01,CAP000551,S015,CAM01,frontal,slouching,5,multiple_candidates,0.19179999828338623,0.9165,0.8196,4,Multiple candidates (5); Default YOLO correctly aligns with target
S015_SE01_CAP000551_CAM02,CAP000551,S015,CAM02,lateral,slouching,2,multiple_candidates,0.3255999982357025,0.9098,0.4861,2,Multiple candidates (2); Default YOLO correctly aligns with target
S015_SE01_CAP000552_CAM01,CAP000552,S015,CAM01,frontal,slouching,4,multiple_candidates,0.19040000438690186,0.9202,0.8252,4,Multiple candidates (4); Default YOLO correctly aligns with target
S015_SE01_CAP000552_CAM02,CAP000552,S015,CAM02,lateral,slouching,3,multiple_candidates,0.3278999924659729,0.9044,0.494,2,Multiple candidates (3); Default YOLO correctly aligns with target
S015_SE01_CAP000553_CAM01,CAP000553,S015,CAM01,frontal,forward_head,5,multiple_candidates,0.2240000069141388,0.9152,0.8173,4,Multiple candidates (5); Default YOLO correctly aligns with target
S015_SE01_CAP000553_CAM02,CAP000553,S015,CAM02,lateral,forward_head,3,multiple_candidates,0.2937999963760376,0.8959,0.4285,2,Multiple candidates (3); Default YOLO correctly aligns with target
S015_SE01_CAP000554_CAM01,CAP000554,S015,CAM01,frontal,forward_head,4,multiple_candidates,0.21060000360012054,0.9192,0.7963,4,Multiple candidates (4); Default YOLO correctly aligns with target
S015_SE01_CAP000554_CAM02,CAP000554,S015,CAM02,lateral,forward_head,2,multiple_candidates,0.27489998936653137,0.9058,0.4317,2,Multiple candidates (2); Default YOLO correctly aligns with target
S015_SE01_CAP000555_CAM01,CAP000555,S015,CAM01,frontal,forward_head,4,multiple_candidates,0.21870000660419464,0.908,0.7959,4,Multiple candidates (4); Default YOLO correctly aligns with target
S015_SE01_CAP000555_CAM02,CAP000555,S015,CAM02,lateral,forward_head,2,multiple_candidates,0.3012000024318695,0.8648,0.4429,2,Multiple candidates (2); Default YOLO correctly aligns with target
S015_SE01_CAP000556_CAM01,CAP000556,S015,CAM01,frontal,forward_head,4,multiple_candidates,0.21220000088214874,0.9214,0.7891,4,Multiple candidates (4); Default YOLO correctly aligns with target
S015_SE01_CAP000556_CAM02,CAP000556,S015,CAM02,lateral,forward_head,2,multiple_candidates,0.27399998903274536,0.9238,0.4185,2,Multiple candidates (2); Default YOLO correctly aligns with target
S015_SE01_CAP000557_CAM01,CAP000557,S015,CAM01,frontal,forward_head,3,multiple_candidates,0.210099995136261,0.9185,0.7965,4,Multiple candidates (3); Default YOLO correctly aligns with target
S015_SE01_CAP000557_CAM02,CAP000557,S015,CAM02,lateral,forward_head,2,multiple_candidates,0.2718999981880188,0.9219,0.4327,2,Multiple candidates (2); Default YOLO correctly aligns with target
S015_SE01_CAP000558_CAM01,CAP000558,S015,CAM01,frontal,forward_head,5,multiple_candidates,0.2125999927520752,0.9198,0.7821,4,Multiple candidates (5); Default YOLO correctly aligns with target
S015_SE01_CAP000558_CAM02,CAP000558,S015,CAM02,lateral,forward_head,3,multiple_candidates,0.27810001373291016,0.9128,0.4164,2,Multiple candidates (3); Default YOLO correctly aligns with target
S015_SE01_CAP000559_CAM01,CAP000559,S015,CAM01,frontal,reject,3,multiple_candidates,0.30090001225471497,0.9121,0.5749,4,Multiple candidates (3); Default YOLO correctly aligns with target
S015_SE01_CAP000559_CAM02,CAP000559,S015,CAM02,lateral,reject,2,multiple_candidates,0.2402999997138977,0.8898,0.5883,4,Multiple candidates (2); Default YOLO correctly aligns with target
S015_SE01_CAP000560_CAM01,CAP000560,S015,CAM01,frontal,reject,4,multiple_candidates,0.1784999966621399,0.8896,0.8757,4,Multiple candidates (4); Default YOLO correctly aligns with target
S015_SE01_CAP000560_CAM02,CAP000560,S015,CAM02,lateral,reject,2,wrong_person_risk,0.2590999901294708,0.8608,0.5434,4,Multiple candidates (2); Default YOLO picks non-target candidate 0!
S016_SE01_CAP000561_CAM01,CAP000561,S016,CAM01,frontal,upright,4,multiple_candidates,0.28999999165534973,0.9372,0.8695,4,Multiple candidates (4); Default YOLO correctly aligns with target
S016_SE01_CAP000561_CAM02,CAP000561,S016,CAM02,lateral,upright,5,multiple_candidates,0.32179999351501465,0.9366,0.6314,4,Multiple candidates (5); Default YOLO correctly aligns with target
S016_SE01_CAP000562_CAM01,CAP000562,S016,CAM01,frontal,upright,4,multiple_candidates,0.2849999964237213,0.9358,0.8546,4,Multiple candidates (4); Default YOLO correctly aligns with target
S016_SE01_CAP000562_CAM02,CAP000562,S016,CAM02,lateral,upright,3,multiple_candidates,0.3212999999523163,0.9357,0.6366,4,Multiple candidates (3); Default YOLO correctly aligns with target
S016_SE01_CAP000563_CAM01,CAP000563,S016,CAM01,frontal,upright,4,multiple_candidates,0.2854999899864197,0.9355,0.8531,4,Multiple candidates (4); Default YOLO correctly aligns with target
S016_SE01_CAP000563_CAM02,CAP000563,S016,CAM02,lateral,upright,2,multiple_candidates,0.3206000030040741,0.9351,0.6282,4,Multiple candidates (2); Default YOLO correctly aligns with target
S016_SE01_CAP000564_CAM01,CAP000564,S016,CAM01,frontal,upright,4,multiple_candidates,0.28540000319480896,0.9362,0.8513,4,Multiple candidates (4); Default YOLO correctly aligns with target
S016_SE01_CAP000564_CAM02,CAP000564,S016,CAM02,lateral,upright,2,multiple_candidates,0.32010000944137573,0.9348,0.6393,4,Multiple candidates (2); Default YOLO correctly aligns with target
S016_SE01_CAP000565_CAM01,CAP000565,S016,CAM01,frontal,upright,4,multiple_candidates,0.2851000130176544,0.9363,0.8496,4,Multiple candidates (4); Default YOLO correctly aligns with target
S016_SE01_CAP000565_CAM02,CAP000565,S016,CAM02,lateral,upright,3,multiple_candidates,0.31940001249313354,0.9362,0.6409,4,Multiple candidates (3); Default YOLO correctly aligns with target
S016_SE01_CAP000566_CAM01,CAP000566,S016,CAM01,frontal,leaning_forward,4,multiple_candidates,0.3199999928474426,0.9389,0.8498,4,Multiple candidates (4); Default YOLO correctly aligns with target
S016_SE01_CAP000566_CAM02,CAP000566,S016,CAM02,lateral,leaning_forward,4,multiple_candidates,0.3116999864578247,0.9295,0.6332,4,Multiple candidates (4); Default YOLO correctly aligns with target
S016_SE01_CAP000567_CAM01,CAP000567,S016,CAM01,frontal,leaning_forward,4,multiple_candidates,0.31850001215934753,0.9371,0.8466,4,Multiple candidates (4); Default YOLO correctly aligns with target
S016_SE01_CAP000567_CAM02,CAP000567,S016,CAM02,lateral,leaning_forward,2,multiple_candidates,0.313400000333786,0.9249,0.6169,4,Multiple candidates (2); Default YOLO correctly aligns with target
S016_SE01_CAP000568_CAM01,CAP000568,S016,CAM01,frontal,leaning_forward,4,multiple_candidates,0.3188999891281128,0.9378,0.8514,4,Multiple candidates (4); Default YOLO correctly aligns with target
S016_SE01_CAP000568_CAM02,CAP000568,S016,CAM02,lateral,leaning_forward,3,multiple_candidates,0.3109000027179718,0.928,0.6146,4,Multiple candidates (3); Default YOLO correctly aligns with target
S016_SE01_CAP000569_CAM01,CAP000569,S016,CAM01,frontal,leaning_forward,4,multiple_candidates,0.31859999895095825,0.9364,0.8491,4,Multiple candidates (4); Default YOLO correctly aligns with target
S016_SE01_CAP000569_CAM02,CAP000569,S016,CAM02,lateral,leaning_forward,3,multiple_candidates,0.31380000710487366,0.9268,0.6262,4,Multiple candidates (3); Default YOLO correctly aligns with target
S016_SE01_CAP000570_CAM01,CAP000570,S016,CAM01,frontal,leaning_forward,3,multiple_candidates,0.3174999952316284,0.9372,0.8478,4,Multiple candidates (3); Default YOLO correctly aligns with target
S016_SE01_CAP000570_CAM02,CAP000570,S016,CAM02,lateral,leaning_forward,3,multiple_candidates,0.31439998745918274,0.9275,0.6172,4,Multiple candidates (3); Default YOLO correctly aligns with target
S016_SE01_CAP000571_CAM01,CAP000571,S016,CAM01,frontal,leaning_backward,3,multiple_candidates,0.24230000376701355,0.9274,0.855,4,Multiple candidates (3); Default YOLO correctly aligns with target
S016_SE01_CAP000571_CAM02,CAP000571,S016,CAM02,lateral,leaning_backward,3,multiple_candidates,0.3621000051498413,0.9266,0.6709,4,Multiple candidates (3); Default YOLO correctly aligns with target
S016_SE01_CAP000572_CAM01,CAP000572,S016,CAM01,frontal,leaning_backward,3,multiple_candidates,0.2533999979496002,0.9269,0.8524,4,Multiple candidates (3); Default YOLO correctly aligns with target
S016_SE01_CAP000572_CAM02,CAP000572,S016,CAM02,lateral,leaning_backward,2,multiple_candidates,0.3625999987125397,0.924,0.6874,4,Multiple candidates (2); Default YOLO correctly aligns with target
S016_SE01_CAP000573_CAM01,CAP000573,S016,CAM01,frontal,leaning_backward,3,multiple_candidates,0.25380000472068787,0.9266,0.8503,4,Multiple candidates (3); Default YOLO correctly aligns with target
S016_SE01_CAP000573_CAM02,CAP000573,S016,CAM02,lateral,leaning_backward,2,multiple_candidates,0.3637000024318695,0.9278,0.6845,4,Multiple candidates (2); Default YOLO correctly aligns with target
S016_SE01_CAP000574_CAM01,CAP000574,S016,CAM01,frontal,leaning_backward,3,multiple_candidates,0.2538999915122986,0.9274,0.8488,4,Multiple candidates (3); Default YOLO correctly aligns with target
S016_SE01_CAP000574_CAM02,CAP000574,S016,CAM02,lateral,leaning_backward,3,multiple_candidates,0.3625999987125397,0.9229,0.6896,4,Multiple candidates (3); Default YOLO correctly aligns with target
S016_SE01_CAP000575_CAM01,CAP000575,S016,CAM01,frontal,leaning_backward,3,multiple_candidates,0.2529999911785126,0.9279,0.85,4,Multiple candidates (3); Default YOLO correctly aligns with target
S016_SE01_CAP000575_CAM02,CAP000575,S016,CAM02,lateral,leaning_backward,3,multiple_candidates,0.3612000048160553,0.9276,0.6898,4,Multiple candidates (3); Default YOLO correctly aligns with target
S016_SE01_CAP000576_CAM01,CAP000576,S016,CAM01,frontal,leaning_left,3,multiple_candidates,0.2718000113964081,0.9328,0.7943,4,Multiple candidates (3); Default YOLO correctly aligns with target
S016_SE01_CAP000576_CAM02,CAP000576,S016,CAM02,lateral,leaning_left,7,multiple_candidates,0.29440000653266907,0.9485,0.7053,4,Multiple candidates (7); Default YOLO correctly aligns with target
S016_SE01_CAP000577_CAM01,CAP000577,S016,CAM01,frontal,leaning_left,4,multiple_candidates,0.2768999934196472,0.9411,0.8117,4,Multiple candidates (4); Default YOLO correctly aligns with target
S016_SE01_CAP000577_CAM02,CAP000577,S016,CAM02,lateral,leaning_left,7,multiple_candidates,0.29580000042915344,0.9487,0.7042,4,Multiple candidates (7); Default YOLO correctly aligns with target
S016_SE01_CAP000578_CAM01,CAP000578,S016,CAM01,frontal,leaning_left,4,multiple_candidates,0.2745000123977661,0.9395,0.8037,4,Multiple candidates (4); Default YOLO correctly aligns with target
S016_SE01_CAP000578_CAM02,CAP000578,S016,CAM02,lateral,leaning_left,6,multiple_candidates,0.2955999970436096,0.9493,0.6949,4,Multiple candidates (6); Default YOLO correctly aligns with target
S016_SE01_CAP000579_CAM01,CAP000579,S016,CAM01,frontal,leaning_left,5,multiple_candidates,0.27630001306533813,0.9395,0.8045,4,Multiple candidates (5); Default YOLO correctly aligns with target
S016_SE01_CAP000579_CAM02,CAP000579,S016,CAM02,lateral,leaning_left,4,multiple_candidates,0.29589998722076416,0.949,0.6925,4,Multiple candidates (4); Default YOLO correctly aligns with target
S016_SE01_CAP000580_CAM01,CAP000580,S016,CAM01,frontal,leaning_left,7,multiple_candidates,0.27639999985694885,0.9387,0.8042,4,Multiple candidates (7); Default YOLO correctly aligns with target
S016_SE01_CAP000580_CAM02,CAP000580,S016,CAM02,lateral,leaning_left,4,multiple_candidates,0.29420000314712524,0.9487,0.6856,4,Multiple candidates (4); Default YOLO correctly aligns with target
S016_SE01_CAP000581_CAM01,CAP000581,S016,CAM01,frontal,leaning_right,6,multiple_candidates,0.28439998626708984,0.9324,0.8517,4,Multiple candidates (6); Default YOLO correctly aligns with target
S016_SE01_CAP000581_CAM02,CAP000581,S016,CAM02,lateral,leaning_right,4,multiple_candidates,0.3521000146865845,0.9304,0.5967,4,Multiple candidates (4); Default YOLO correctly aligns with target
S016_SE01_CAP000582_CAM01,CAP000582,S016,CAM01,frontal,leaning_right,4,multiple_candidates,0.27900001406669617,0.9338,0.8527,4,Multiple candidates (4); Default YOLO correctly aligns with target
S016_SE01_CAP000582_CAM02,CAP000582,S016,CAM02,lateral,leaning_right,3,multiple_candidates,0.3587999939918518,0.9316,0.5965,4,Multiple candidates (3); Default YOLO correctly aligns with target
S016_SE01_CAP000583_CAM01,CAP000583,S016,CAM01,frontal,leaning_right,5,multiple_candidates,0.2809999883174896,0.9349,0.8576,4,Multiple candidates (5); Default YOLO correctly aligns with target
S016_SE01_CAP000583_CAM02,CAP000583,S016,CAM02,lateral,leaning_right,5,multiple_candidates,0.3564999997615814,0.932,0.6121,4,Multiple candidates (5); Default YOLO correctly aligns with target
S016_SE01_CAP000584_CAM01,CAP000584,S016,CAM01,frontal,leaning_right,5,multiple_candidates,0.2793999910354614,0.9331,0.8558,4,Multiple candidates (5); Default YOLO correctly aligns with target
S016_SE01_CAP000584_CAM02,CAP000584,S016,CAM02,lateral,leaning_right,3,multiple_candidates,0.35690000653266907,0.9207,0.6097,4,Multiple candidates (3); Default YOLO correctly aligns with target
S016_SE01_CAP000585_CAM01,CAP000585,S016,CAM01,frontal,leaning_right,5,multiple_candidates,0.2809000015258789,0.9355,0.8596,4,Multiple candidates (5); Default YOLO correctly aligns with target
S016_SE01_CAP000585_CAM02,CAP000585,S016,CAM02,lateral,leaning_right,4,multiple_candidates,0.3538999855518341,0.9244,0.6111,4,Multiple candidates (4); Default YOLO correctly aligns with target
S016_SE01_CAP000586_CAM01,CAP000586,S016,CAM01,frontal,slouching,8,multiple_candidates,0.29170000553131104,0.9338,0.8582,4,Multiple candidates (8); Default YOLO correctly aligns with target
S016_SE01_CAP000586_CAM02,CAP000586,S016,CAM02,lateral,slouching,4,multiple_candidates,0.29910001158714294,0.9379,0.6974,4,Multiple candidates (4); Default YOLO correctly aligns with target
S016_SE01_CAP000587_CAM01,CAP000587,S016,CAM01,frontal,slouching,7,multiple_candidates,0.29760000109672546,0.9369,0.8568,4,Multiple candidates (7); Default YOLO correctly aligns with target
S016_SE01_CAP000587_CAM02,CAP000587,S016,CAM02,lateral,slouching,3,multiple_candidates,0.30059999227523804,0.9319,0.6568,4,Multiple candidates (3); Default YOLO correctly aligns with target
S016_SE01_CAP000588_CAM01,CAP000588,S016,CAM01,frontal,slouching,6,multiple_candidates,0.2996000051498413,0.9317,0.86,4,Multiple candidates (6); Default YOLO correctly aligns with target
S016_SE01_CAP000588_CAM02,CAP000588,S016,CAM02,lateral,slouching,2,multiple_candidates,0.3003000020980835,0.9314,0.66,4,Multiple candidates (2); Default YOLO correctly aligns with target
S016_SE01_CAP000589_CAM01,CAP000589,S016,CAM01,frontal,slouching,5,multiple_candidates,0.2985000014305115,0.9378,0.8618,4,Multiple candidates (5); Default YOLO correctly aligns with target
S016_SE01_CAP000589_CAM02,CAP000589,S016,CAM02,lateral,slouching,2,multiple_candidates,0.305400013923645,0.9274,0.662,4,Multiple candidates (2); Default YOLO correctly aligns with target
S016_SE01_CAP000590_CAM01,CAP000590,S016,CAM01,frontal,slouching,6,multiple_candidates,0.29789999127388,0.9368,0.8567,4,Multiple candidates (6); Default YOLO correctly aligns with target
S016_SE01_CAP000590_CAM02,CAP000590,S016,CAM02,lateral,slouching,3,multiple_candidates,0.301800012588501,0.9306,0.6588,4,Multiple candidates (3); Default YOLO correctly aligns with target
S016_SE01_CAP000591_CAM01,CAP000591,S016,CAM01,frontal,forward_head,7,multiple_candidates,0.29739999771118164,0.9386,0.8635,4,Multiple candidates (7); Default YOLO correctly aligns with target
S016_SE01_CAP000591_CAM02,CAP000591,S016,CAM02,lateral,forward_head,3,multiple_candidates,0.2799000144004822,0.9372,0.6653,4,Multiple candidates (3); Default YOLO correctly aligns with target
S016_SE01_CAP000592_CAM01,CAP000592,S016,CAM01,frontal,forward_head,7,multiple_candidates,0.30169999599456787,0.9388,0.8594,4,Multiple candidates (7); Default YOLO correctly aligns with target
S016_SE01_CAP000592_CAM02,CAP000592,S016,CAM02,lateral,forward_head,3,multiple_candidates,0.2840000092983246,0.928,0.6603,4,Multiple candidates (3); Default YOLO correctly aligns with target
S016_SE01_CAP000593_CAM01,CAP000593,S016,CAM01,frontal,forward_head,5,multiple_candidates,0.301800012588501,0.9394,0.8602,4,Multiple candidates (5); Default YOLO correctly aligns with target
S016_SE01_CAP000593_CAM02,CAP000593,S016,CAM02,lateral,forward_head,4,multiple_candidates,0.28290000557899475,0.9329,0.6675,4,Multiple candidates (4); Default YOLO correctly aligns with target
S016_SE01_CAP000594_CAM01,CAP000594,S016,CAM01,frontal,forward_head,5,multiple_candidates,0.3012999892234802,0.9375,0.8586,4,Multiple candidates (5); Default YOLO correctly aligns with target
S016_SE01_CAP000594_CAM02,CAP000594,S016,CAM02,lateral,forward_head,3,multiple_candidates,0.28299999237060547,0.9302,0.6581,4,Multiple candidates (3); Default YOLO correctly aligns with target
S016_SE01_CAP000595_CAM01,CAP000595,S016,CAM01,frontal,forward_head,6,multiple_candidates,0.30149999260902405,0.9384,0.8554,4,Multiple candidates (6); Default YOLO correctly aligns with target
S016_SE01_CAP000595_CAM02,CAP000595,S016,CAM02,lateral,forward_head,3,multiple_candidates,0.27950000762939453,0.9317,0.6667,4,Multiple candidates (3); Default YOLO correctly aligns with target
S016_SE01_CAP000596_CAM01,CAP000596,S016,CAM01,frontal,reject,5,multiple_candidates,0.2395000010728836,0.9176,0.9437,4,Multiple candidates (5); Default YOLO correctly aligns with target
S016_SE01_CAP000596_CAM02,CAP000596,S016,CAM02,lateral,reject,3,multiple_candidates,0.25929999351501465,0.92,0.6322,4,Multiple candidates (3); Default YOLO correctly aligns with target
S017_SE01_CAP000597_CAM01,CAP000597,S017,CAM01,frontal,upright,6,multiple_candidates,0.2078000009059906,0.923,0.7182,4,Multiple candidates (6); Default YOLO correctly aligns with target
S017_SE01_CAP000597_CAM02,CAP000597,S017,CAM02,lateral,upright,2,multiple_candidates,0.32659998536109924,0.8569,0.4806,4,Multiple candidates (2); Default YOLO correctly aligns with target
S017_SE01_CAP000598_CAM01,CAP000598,S017,CAM01,frontal,upright,6,multiple_candidates,0.20970000326633453,0.9246,0.7108,4,Multiple candidates (6); Default YOLO correctly aligns with target
S017_SE01_CAP000598_CAM02,CAP000598,S017,CAM02,lateral,upright,3,multiple_candidates,0.32710000872612,0.8244,0.4126,4,Multiple candidates (3); Default YOLO correctly aligns with target
S017_SE01_CAP000599_CAM01,CAP000599,S017,CAM01,frontal,upright,6,multiple_candidates,0.20640000700950623,0.9253,0.7306,4,Multiple candidates (6); Default YOLO correctly aligns with target
S017_SE01_CAP000599_CAM02,CAP000599,S017,CAM02,lateral,upright,2,multiple_candidates,0.3260999917984009,0.8835,0.4391,4,Multiple candidates (2); Default YOLO correctly aligns with target
S017_SE01_CAP000600_CAM01,CAP000600,S017,CAM01,frontal,upright,6,multiple_candidates,0.20649999380111694,0.9242,0.7268,4,Multiple candidates (6); Default YOLO correctly aligns with target
S017_SE01_CAP000600_CAM02,CAP000600,S017,CAM02,lateral,upright,4,multiple_candidates,0.32420000433921814,0.858,0.4612,4,Multiple candidates (4); Default YOLO correctly aligns with target
S017_SE01_CAP000601_CAM01,CAP000601,S017,CAM01,frontal,upright,6,multiple_candidates,0.20489999651908875,0.9253,0.724,4,Multiple candidates (6); Default YOLO correctly aligns with target
S017_SE01_CAP000601_CAM02,CAP000601,S017,CAM02,lateral,upright,2,multiple_candidates,0.3239000141620636,0.8743,0.4612,4,Multiple candidates (2); Default YOLO correctly aligns with target
S017_SE01_CAP000602_CAM01,CAP000602,S017,CAM01,frontal,leaning_forward,4,multiple_candidates,0.2282000035047531,0.922,0.722,4,Multiple candidates (4); Default YOLO correctly aligns with target
S017_SE01_CAP000602_CAM02,CAP000602,S017,CAM02,lateral,leaning_forward,3,multiple_candidates,0.25540000200271606,0.8409,0.4363,3,Multiple candidates (3); Default YOLO correctly aligns with target
S017_SE01_CAP000603_CAM01,CAP000603,S017,CAM01,frontal,leaning_forward,5,multiple_candidates,0.22849999368190765,0.9189,0.7228,4,Multiple candidates (5); Default YOLO correctly aligns with target
S017_SE01_CAP000603_CAM02,CAP000603,S017,CAM02,lateral,leaning_forward,3,multiple_candidates,0.2524000108242035,0.7714,0.455,3,Multiple candidates (3); Default YOLO correctly aligns with target
S017_SE01_CAP000604_CAM01,CAP000604,S017,CAM01,frontal,leaning_forward,5,multiple_candidates,0.2287999987602234,0.9192,0.7211,4,Multiple candidates (5); Default YOLO correctly aligns with target
S017_SE01_CAP000604_CAM02,CAP000604,S017,CAM02,lateral,leaning_forward,2,multiple_candidates,0.25540000200271606,0.7885,0.5177,4,Multiple candidates (2); Default YOLO correctly aligns with target
S017_SE01_CAP000605_CAM01,CAP000605,S017,CAM01,frontal,leaning_forward,4,multiple_candidates,0.23649999499320984,0.9205,0.7027,4,Multiple candidates (4); Default YOLO correctly aligns with target
S017_SE01_CAP000605_CAM02,CAP000605,S017,CAM02,lateral,leaning_forward,2,multiple_candidates,0.2558000087738037,0.8225,0.5261,4,Multiple candidates (2); Default YOLO correctly aligns with target
S017_SE01_CAP000606_CAM01,CAP000606,S017,CAM01,frontal,leaning_forward,5,multiple_candidates,0.23569999635219574,0.9229,0.6998,4,Multiple candidates (5); Default YOLO correctly aligns with target
S017_SE01_CAP000606_CAM02,CAP000606,S017,CAM02,lateral,leaning_forward,3,multiple_candidates,0.25769999623298645,0.8151,0.5133,4,Multiple candidates (3); Default YOLO correctly aligns with target
S017_SE01_CAP000607_CAM01,CAP000607,S017,CAM01,frontal,leaning_backward,6,multiple_candidates,0.17319999635219574,0.9276,0.7397,4,Multiple candidates (6); Default YOLO correctly aligns with target
S017_SE01_CAP000607_CAM02,CAP000607,S017,CAM02,lateral,leaning_backward,3,multiple_candidates,0.3995000123977661,0.8598,0.4656,4,Multiple candidates (3); Default YOLO correctly aligns with target
S017_SE01_CAP000608_CAM01,CAP000608,S017,CAM01,frontal,leaning_backward,3,multiple_candidates,0.17389999330043793,0.9261,0.7364,4,Multiple candidates (3); Default YOLO correctly aligns with target
S017_SE01_CAP000608_CAM02,CAP000608,S017,CAM02,lateral,leaning_backward,3,multiple_candidates,0.3962000012397766,0.8865,0.4287,3,Multiple candidates (3); Default YOLO correctly aligns with target
S017_SE01_CAP000609_CAM01,CAP000609,S017,CAM01,frontal,leaning_backward,6,multiple_candidates,0.1762000024318695,0.9249,0.7424,4,Multiple candidates (6); Default YOLO correctly aligns with target
S017_SE01_CAP000609_CAM02,CAP000609,S017,CAM02,lateral,leaning_backward,3,multiple_candidates,0.3930000066757202,0.8845,0.4342,4,Multiple candidates (3); Default YOLO correctly aligns with target
S017_SE01_CAP000610_CAM01,CAP000610,S017,CAM01,frontal,leaning_backward,5,multiple_candidates,0.17560000717639923,0.9252,0.7387,4,Multiple candidates (5); Default YOLO correctly aligns with target
S017_SE01_CAP000610_CAM02,CAP000610,S017,CAM02,lateral,leaning_backward,2,multiple_candidates,0.3952000141143799,0.8843,0.452,4,Multiple candidates (2); Default YOLO correctly aligns with target
S017_SE01_CAP000611_CAM01,CAP000611,S017,CAM01,frontal,leaning_backward,5,multiple_candidates,0.17669999599456787,0.9243,0.7416,4,Multiple candidates (5); Default YOLO correctly aligns with target
S017_SE01_CAP000611_CAM02,CAP000611,S017,CAM02,lateral,leaning_backward,3,multiple_candidates,0.39489999413490295,0.8762,0.4126,4,Multiple candidates (3); Default YOLO correctly aligns with target
S017_SE01_CAP000612_CAM01,CAP000612,S017,CAM01,frontal,leaning_left,4,multiple_candidates,0.2361000031232834,0.9055,0.7344,4,Multiple candidates (4); Default YOLO correctly aligns with target
S017_SE01_CAP000612_CAM02,CAP000612,S017,CAM02,lateral,leaning_left,2,multiple_candidates,0.2508000135421753,0.8702,0.5062,4,Multiple candidates (2); Default YOLO correctly aligns with target
S017_SE01_CAP000613_CAM01,CAP000613,S017,CAM01,frontal,leaning_left,5,multiple_candidates,0.24940000474452972,0.9251,0.7181,4,Multiple candidates (5); Default YOLO correctly aligns with target
S017_SE01_CAP000613_CAM02,CAP000613,S017,CAM02,lateral,leaning_left,3,multiple_candidates,0.2565999925136566,0.8709,0.4993,4,Multiple candidates (3); Default YOLO correctly aligns with target
S017_SE01_CAP000614_CAM01,CAP000614,S017,CAM01,frontal,leaning_left,4,multiple_candidates,0.24220000207424164,0.9225,0.7152,4,Multiple candidates (4); Default YOLO correctly aligns with target
S017_SE01_CAP000614_CAM02,CAP000614,S017,CAM02,lateral,leaning_left,5,multiple_candidates,0.2621999979019165,0.8464,0.4861,4,Multiple candidates (5); Default YOLO correctly aligns with target
S017_SE01_CAP000615_CAM01,CAP000615,S017,CAM01,frontal,leaning_left,5,multiple_candidates,0.2386000007390976,0.9258,0.7177,4,Multiple candidates (5); Default YOLO correctly aligns with target
S017_SE01_CAP000615_CAM02,CAP000615,S017,CAM02,lateral,leaning_left,3,multiple_candidates,0.2603999972343445,0.854,0.5169,4,Multiple candidates (3); Default YOLO correctly aligns with target
S017_SE01_CAP000616_CAM01,CAP000616,S017,CAM01,frontal,leaning_left,5,multiple_candidates,0.23810000717639923,0.9218,0.7083,4,Multiple candidates (5); Default YOLO correctly aligns with target
S017_SE01_CAP000616_CAM02,CAP000616,S017,CAM02,lateral,leaning_left,4,multiple_candidates,0.2644999921321869,0.8566,0.5034,4,Multiple candidates (4); Default YOLO correctly aligns with target
S017_SE01_CAP000617_CAM01,CAP000617,S017,CAM01,frontal,leaning_right,4,multiple_candidates,0.2533999979496002,0.7948,0.7022,4,Multiple candidates (4); Default YOLO correctly aligns with target
S017_SE01_CAP000617_CAM02,CAP000617,S017,CAM02,lateral,leaning_right,4,multiple_candidates,0.26330000162124634,0.8979,0.3561,2,Multiple candidates (4); Default YOLO correctly aligns with target
S017_SE01_CAP000618_CAM01,CAP000618,S017,CAM01,frontal,leaning_right,5,multiple_candidates,0.25859999656677246,0.8637,0.7217,4,Multiple candidates (5); Default YOLO correctly aligns with target
S017_SE01_CAP000618_CAM02,CAP000618,S017,CAM02,lateral,leaning_right,3,multiple_candidates,0.26899999380111694,0.8813,0.3637,2,Multiple candidates (3); Default YOLO correctly aligns with target
S017_SE01_CAP000619_CAM01,CAP000619,S017,CAM01,frontal,leaning_right,5,multiple_candidates,0.257099986076355,0.8291,0.7253,4,Multiple candidates (5); Default YOLO correctly aligns with target
S017_SE01_CAP000619_CAM02,CAP000619,S017,CAM02,lateral,leaning_right,3,multiple_candidates,0.2732999920845032,0.868,0.3244,2,Multiple candidates (3); Default YOLO correctly aligns with target
S017_SE01_CAP000620_CAM01,CAP000620,S017,CAM01,frontal,leaning_right,4,multiple_candidates,0.2542000114917755,0.87,0.7314,4,Multiple candidates (4); Default YOLO correctly aligns with target
S017_SE01_CAP000620_CAM02,CAP000620,S017,CAM02,lateral,leaning_right,4,multiple_candidates,0.2736000120639801,0.8916,0.3582,2,Multiple candidates (4); Default YOLO correctly aligns with target
S017_SE01_CAP000621_CAM01,CAP000621,S017,CAM01,frontal,leaning_right,5,multiple_candidates,0.2547000050544739,0.8807,0.7197,4,Multiple candidates (5); Default YOLO correctly aligns with target
S017_SE01_CAP000621_CAM02,CAP000621,S017,CAM02,lateral,leaning_right,3,multiple_candidates,0.26759999990463257,0.8471,0.3111,2,Multiple candidates (3); Default YOLO correctly aligns with target
S017_SE01_CAP000622_CAM01,CAP000622,S017,CAM01,frontal,slouching,5,multiple_candidates,0.19089999794960022,0.9091,0.7418,4,Multiple candidates (5); Default YOLO correctly aligns with target
S017_SE01_CAP000622_CAM02,CAP000622,S017,CAM02,lateral,slouching,2,multiple_candidates,0.3165999948978424,0.9129,0.4331,4,Multiple candidates (2); Default YOLO correctly aligns with target
S017_SE01_CAP000623_CAM01,CAP000623,S017,CAM01,frontal,slouching,5,multiple_candidates,0.1941000074148178,0.9076,0.7418,4,Multiple candidates (5); Default YOLO correctly aligns with target
S017_SE01_CAP000623_CAM02,CAP000623,S017,CAM02,lateral,slouching,3,multiple_candidates,0.31450000405311584,0.9154,0.4418,4,Multiple candidates (3); Default YOLO correctly aligns with target
S017_SE01_CAP000624_CAM01,CAP000624,S017,CAM01,frontal,slouching,5,multiple_candidates,0.19460000097751617,0.904,0.7364,4,Multiple candidates (5); Default YOLO correctly aligns with target
S017_SE01_CAP000624_CAM02,CAP000624,S017,CAM02,lateral,slouching,3,multiple_candidates,0.3165999948978424,0.9034,0.4036,4,Multiple candidates (3); Default YOLO correctly aligns with target
S017_SE01_CAP000625_CAM01,CAP000625,S017,CAM01,frontal,slouching,5,multiple_candidates,0.19689999520778656,0.9053,0.7359,4,Multiple candidates (5); Default YOLO correctly aligns with target
S017_SE01_CAP000625_CAM02,CAP000625,S017,CAM02,lateral,slouching,4,multiple_candidates,0.31369999051094055,0.91,0.4334,4,Multiple candidates (4); Default YOLO correctly aligns with target
S017_SE01_CAP000626_CAM01,CAP000626,S017,CAM01,frontal,slouching,5,multiple_candidates,0.1949000060558319,0.9082,0.7379,4,Multiple candidates (5); Default YOLO correctly aligns with target
S017_SE01_CAP000626_CAM02,CAP000626,S017,CAM02,lateral,slouching,4,multiple_candidates,0.314300000667572,0.9179,0.4391,4,Multiple candidates (4); Default YOLO correctly aligns with target
S017_SE01_CAP000627_CAM01,CAP000627,S017,CAM01,frontal,forward_head,5,multiple_candidates,0.23340000212192535,0.9082,0.7068,4,Multiple candidates (5); Default YOLO correctly aligns with target
S017_SE01_CAP000627_CAM02,CAP000627,S017,CAM02,lateral,forward_head,2,multiple_candidates,0.2630999982357025,0.8978,0.4316,2,Multiple candidates (2); Default YOLO correctly aligns with target
S017_SE01_CAP000628_CAM01,CAP000628,S017,CAM01,frontal,forward_head,4,multiple_candidates,0.22630000114440918,0.9168,0.7167,4,Multiple candidates (4); Default YOLO correctly aligns with target
S017_SE01_CAP000628_CAM02,CAP000628,S017,CAM02,lateral,forward_head,4,multiple_candidates,0.2603999972343445,0.8761,0.4371,2,Multiple candidates (4); Default YOLO correctly aligns with target
S017_SE01_CAP000629_CAM01,CAP000629,S017,CAM01,frontal,forward_head,5,multiple_candidates,0.22759999334812164,0.9145,0.7024,4,Multiple candidates (5); Default YOLO correctly aligns with target
S017_SE01_CAP000629_CAM02,CAP000629,S017,CAM02,lateral,forward_head,3,multiple_candidates,0.25029999017715454,0.8591,0.4027,2,Multiple candidates (3); Default YOLO correctly aligns with target
S017_SE01_CAP000630_CAM01,CAP000630,S017,CAM01,frontal,forward_head,5,multiple_candidates,0.22830000519752502,0.9101,0.7021,4,Multiple candidates (5); Default YOLO correctly aligns with target
S017_SE01_CAP000630_CAM02,CAP000630,S017,CAM02,lateral,forward_head,4,multiple_candidates,0.26030001044273376,0.7566,0.3023,2,Multiple candidates (4); Default YOLO correctly aligns with target
S017_SE01_CAP000631_CAM01,CAP000631,S017,CAM01,frontal,forward_head,5,multiple_candidates,0.23260000348091125,0.9089,0.6933,4,Multiple candidates (5); Default YOLO correctly aligns with target
S017_SE01_CAP000631_CAM02,CAP000631,S017,CAM02,lateral,forward_head,4,multiple_candidates,0.2508000135421753,0.8212,0.3973,2,Multiple candidates (4); Default YOLO correctly aligns with target
S017_SE01_CAP000632_CAM01,CAP000632,S017,CAM01,frontal,reject,5,multiple_candidates,0.17710000276565552,0.8813,0.8634,4,Multiple candidates (5); Default YOLO correctly aligns with target
S017_SE01_CAP000632_CAM02,CAP000632,S017,CAM02,lateral,reject,2,multiple_candidates,0.27300000190734863,0.9236,0.6598,4,Multiple candidates (2); Default YOLO correctly aligns with target
S018_SE01_CAP000633_CAM01,CAP000633,S018,CAM01,frontal,upright,4,multiple_candidates,0.2257000058889389,0.9192,0.7925,4,Multiple candidates (4); Default YOLO correctly aligns with target
S018_SE01_CAP000633_CAM02,CAP000633,S018,CAM02,lateral,upright,2,multiple_candidates,0.2888999879360199,0.9208,0.5348,4,Multiple candidates (2); Default YOLO correctly aligns with target
S018_SE01_CAP000634_CAM01,CAP000634,S018,CAM01,frontal,upright,5,multiple_candidates,0.22439999878406525,0.9185,0.7946,4,Multiple candidates (5); Default YOLO correctly aligns with target
S018_SE01_CAP000634_CAM02,CAP000634,S018,CAM02,lateral,upright,2,multiple_candidates,0.29010000824928284,0.927,0.5406,4,Multiple candidates (2); Default YOLO correctly aligns with target
S018_SE01_CAP000635_CAM01,CAP000635,S018,CAM01,frontal,upright,5,multiple_candidates,0.22439999878406525,0.9207,0.7931,4,Multiple candidates (5); Default YOLO correctly aligns with target
S018_SE01_CAP000635_CAM02,CAP000635,S018,CAM02,lateral,upright,2,multiple_candidates,0.2879999876022339,0.9203,0.5329,4,Multiple candidates (2); Default YOLO correctly aligns with target
S018_SE01_CAP000636_CAM01,CAP000636,S018,CAM01,frontal,upright,4,multiple_candidates,0.22349999845027924,0.9193,0.7749,4,Multiple candidates (4); Default YOLO correctly aligns with target
S018_SE01_CAP000636_CAM02,CAP000636,S018,CAM02,lateral,upright,2,multiple_candidates,0.28929999470710754,0.9142,0.534,4,Multiple candidates (2); Default YOLO correctly aligns with target
S018_SE01_CAP000637_CAM01,CAP000637,S018,CAM01,frontal,upright,5,multiple_candidates,0.22100000083446503,0.9216,0.7922,4,Multiple candidates (5); Default YOLO correctly aligns with target
S018_SE01_CAP000637_CAM02,CAP000637,S018,CAM02,lateral,upright,3,multiple_candidates,0.2849000096321106,0.9144,0.5556,4,Multiple candidates (3); Default YOLO correctly aligns with target
S018_SE01_CAP000638_CAM01,CAP000638,S018,CAM01,frontal,leaning_forward,4,multiple_candidates,0.26350000500679016,0.9423,0.7558,4,Multiple candidates (4); Default YOLO correctly aligns with target
S018_SE01_CAP000638_CAM02,CAP000638,S018,CAM02,lateral,leaning_forward,3,multiple_candidates,0.28929999470710754,0.8867,0.5496,4,Multiple candidates (3); Default YOLO correctly aligns with target
S018_SE01_CAP000639_CAM01,CAP000639,S018,CAM01,frontal,leaning_forward,6,multiple_candidates,0.46799999475479126,0.9308,0.7723,4,Multiple candidates (6); Default YOLO correctly aligns with target
S018_SE01_CAP000639_CAM02,CAP000639,S018,CAM02,lateral,leaning_forward,3,multiple_candidates,0.28859999775886536,0.9089,0.5987,4,Multiple candidates (3); Default YOLO correctly aligns with target
S018_SE01_CAP000640_CAM01,CAP000640,S018,CAM01,frontal,leaning_forward,4,multiple_candidates,0.48089998960494995,0.9238,0.7655,4,Multiple candidates (4); Default YOLO correctly aligns with target
S018_SE01_CAP000640_CAM02,CAP000640,S018,CAM02,lateral,leaning_forward,3,multiple_candidates,0.21709999442100525,0.8913,0.5531,4,Multiple candidates (3); Default YOLO correctly aligns with target
S018_SE01_CAP000641_CAM01,CAP000641,S018,CAM01,frontal,leaning_forward,5,multiple_candidates,0.23919999599456787,0.9429,0.7599,4,Multiple candidates (5); Default YOLO correctly aligns with target
S018_SE01_CAP000641_CAM02,CAP000641,S018,CAM02,lateral,leaning_forward,4,multiple_candidates,0.29280000925064087,0.8192,0.5392,4,Multiple candidates (4); Default YOLO correctly aligns with target
S018_SE01_CAP000642_CAM01,CAP000642,S018,CAM01,frontal,leaning_forward,4,multiple_candidates,0.23510000109672546,0.9429,0.7565,4,Multiple candidates (4); Default YOLO correctly aligns with target
S018_SE01_CAP000642_CAM02,CAP000642,S018,CAM02,lateral,leaning_forward,4,multiple_candidates,0.29019999504089355,0.7772,0.5375,4,Multiple candidates (4); Default YOLO correctly aligns with target
S018_SE01_CAP000643_CAM01,CAP000643,S018,CAM01,frontal,leaning_backward,4,multiple_candidates,0.22040000557899475,0.9132,0.8054,4,Multiple candidates (4); Default YOLO correctly aligns with target
S018_SE01_CAP000643_CAM02,CAP000643,S018,CAM02,lateral,leaning_backward,2,multiple_candidates,0.31769999861717224,0.9004,0.6312,4,Multiple candidates (2); Default YOLO correctly aligns with target
S018_SE01_CAP000644_CAM01,CAP000644,S018,CAM01,frontal,leaning_backward,4,multiple_candidates,0.218299999833107,0.9216,0.8112,4,Multiple candidates (4); Default YOLO correctly aligns with target
S018_SE01_CAP000644_CAM02,CAP000644,S018,CAM02,lateral,leaning_backward,3,multiple_candidates,0.3262999951839447,0.8917,0.615,4,Multiple candidates (3); Default YOLO correctly aligns with target
S018_SE01_CAP000645_CAM01,CAP000645,S018,CAM01,frontal,leaning_backward,4,multiple_candidates,0.2199999988079071,0.9235,0.8226,4,Multiple candidates (4); Default YOLO correctly aligns with target
S018_SE01_CAP000645_CAM02,CAP000645,S018,CAM02,lateral,leaning_backward,3,multiple_candidates,0.325300008058548,0.9065,0.6156,4,Multiple candidates (3); Default YOLO correctly aligns with target
S018_SE01_CAP000646_CAM01,CAP000646,S018,CAM01,frontal,leaning_backward,4,multiple_candidates,0.2168000042438507,0.9221,0.81,4,Multiple candidates (4); Default YOLO correctly aligns with target
S018_SE01_CAP000646_CAM02,CAP000646,S018,CAM02,lateral,leaning_backward,3,multiple_candidates,0.32499998807907104,0.8873,0.6079,4,Multiple candidates (3); Default YOLO correctly aligns with target
S018_SE01_CAP000647_CAM01,CAP000647,S018,CAM01,frontal,leaning_backward,4,multiple_candidates,0.21879999339580536,0.9216,0.825,4,Multiple candidates (4); Default YOLO correctly aligns with target
S018_SE01_CAP000647_CAM02,CAP000647,S018,CAM02,lateral,leaning_backward,3,multiple_candidates,0.3255000114440918,0.8664,0.6506,4,Multiple candidates (3); Default YOLO correctly aligns with target
S018_SE01_CAP000648_CAM01,CAP000648,S018,CAM01,frontal,leaning_left,4,multiple_candidates,0.2754000127315521,0.9229,0.8057,4,Multiple candidates (4); Default YOLO correctly aligns with target
S018_SE01_CAP000648_CAM02,CAP000648,S018,CAM02,lateral,leaning_left,3,multiple_candidates,0.24719999730587006,0.9047,0.6156,4,Multiple candidates (3); Default YOLO correctly aligns with target
S018_SE01_CAP000649_CAM01,CAP000649,S018,CAM01,frontal,leaning_left,4,multiple_candidates,0.272599995136261,0.9198,0.8053,4,Multiple candidates (4); Default YOLO correctly aligns with target
S018_SE01_CAP000649_CAM02,CAP000649,S018,CAM02,lateral,leaning_left,4,multiple_candidates,0.2513999938964844,0.9099,0.6081,4,Multiple candidates (4); Default YOLO correctly aligns with target
S018_SE01_CAP000650_CAM01,CAP000650,S018,CAM01,frontal,leaning_left,5,multiple_candidates,0.27379998564720154,0.9207,0.8084,4,Multiple candidates (5); Default YOLO correctly aligns with target
S018_SE01_CAP000650_CAM02,CAP000650,S018,CAM02,lateral,leaning_left,4,multiple_candidates,0.25270000100135803,0.9268,0.6202,4,Multiple candidates (4); Default YOLO correctly aligns with target
S018_SE01_CAP000651_CAM01,CAP000651,S018,CAM01,frontal,leaning_left,7,multiple_candidates,0.2745000123977661,0.9257,0.8183,4,Multiple candidates (7); Default YOLO correctly aligns with target
S018_SE01_CAP000651_CAM02,CAP000651,S018,CAM02,lateral,leaning_left,5,multiple_candidates,0.25200000405311584,0.9233,0.6213,4,Multiple candidates (5); Default YOLO correctly aligns with target
S018_SE01_CAP000652_CAM01,CAP000652,S018,CAM01,frontal,leaning_left,4,multiple_candidates,0.27410000562667847,0.932,0.8163,4,Multiple candidates (4); Default YOLO correctly aligns with target
S018_SE01_CAP000652_CAM02,CAP000652,S018,CAM02,lateral,leaning_left,3,multiple_candidates,0.2522999942302704,0.9278,0.6351,4,Multiple candidates (3); Default YOLO correctly aligns with target
S018_SE01_CAP000653_CAM01,CAP000653,S018,CAM01,frontal,leaning_right,6,multiple_candidates,0.28630000352859497,0.9328,0.8128,4,Multiple candidates (6); Default YOLO correctly aligns with target
S018_SE01_CAP000653_CAM02,CAP000653,S018,CAM02,lateral,leaning_right,3,multiple_candidates,0.30219998955726624,0.9407,0.5238,4,Multiple candidates (3); Default YOLO correctly aligns with target
S018_SE01_CAP000654_CAM01,CAP000654,S018,CAM01,frontal,leaning_right,6,multiple_candidates,0.28870001435279846,0.9341,0.8149,4,Multiple candidates (6); Default YOLO correctly aligns with target
S018_SE01_CAP000654_CAM02,CAP000654,S018,CAM02,lateral,leaning_right,3,multiple_candidates,0.3021000027656555,0.9391,0.5068,4,Multiple candidates (3); Default YOLO correctly aligns with target
S018_SE01_CAP000655_CAM01,CAP000655,S018,CAM01,frontal,leaning_right,5,multiple_candidates,0.28940001130104065,0.932,0.8151,4,Multiple candidates (5); Default YOLO correctly aligns with target
S018_SE01_CAP000655_CAM02,CAP000655,S018,CAM02,lateral,leaning_right,5,multiple_candidates,0.2992999851703644,0.941,0.5072,4,Multiple candidates (5); Default YOLO correctly aligns with target
S018_SE01_CAP000656_CAM01,CAP000656,S018,CAM01,frontal,leaning_right,4,multiple_candidates,0.289900004863739,0.9323,0.8165,4,Multiple candidates (4); Default YOLO correctly aligns with target
S018_SE01_CAP000656_CAM02,CAP000656,S018,CAM02,lateral,leaning_right,4,multiple_candidates,0.298799991607666,0.9445,0.5242,4,Multiple candidates (4); Default YOLO correctly aligns with target
S018_SE01_CAP000657_CAM01,CAP000657,S018,CAM01,frontal,leaning_right,7,multiple_candidates,0.29179999232292175,0.9332,0.8194,4,Multiple candidates (7); Default YOLO correctly aligns with target
S018_SE01_CAP000657_CAM02,CAP000657,S018,CAM02,lateral,leaning_right,5,multiple_candidates,0.2971999943256378,0.9398,0.5223,4,Multiple candidates (5); Default YOLO correctly aligns with target
S018_SE01_CAP000658_CAM01,CAP000658,S018,CAM01,frontal,slouching,5,multiple_candidates,0.2863999903202057,0.9154,0.8108,4,Multiple candidates (5); Default YOLO correctly aligns with target
S018_SE01_CAP000658_CAM02,CAP000658,S018,CAM02,lateral,slouching,3,multiple_candidates,0.27140000462532043,0.9302,0.578,4,Multiple candidates (3); Default YOLO correctly aligns with target
S018_SE01_CAP000659_CAM01,CAP000659,S018,CAM01,frontal,slouching,5,multiple_candidates,0.28630000352859497,0.9104,0.8147,4,Multiple candidates (5); Default YOLO correctly aligns with target
S018_SE01_CAP000659_CAM02,CAP000659,S018,CAM02,lateral,slouching,3,multiple_candidates,0.2745000123977661,0.9348,0.588,4,Multiple candidates (3); Default YOLO correctly aligns with target
S018_SE01_CAP000660_CAM01,CAP000660,S018,CAM01,frontal,slouching,4,multiple_candidates,0.2856000065803528,0.9126,0.8151,4,Multiple candidates (4); Default YOLO correctly aligns with target
S018_SE01_CAP000660_CAM02,CAP000660,S018,CAM02,lateral,slouching,3,multiple_candidates,0.2766000032424927,0.9307,0.6006,4,Multiple candidates (3); Default YOLO correctly aligns with target
S018_SE01_CAP000661_CAM01,CAP000661,S018,CAM01,frontal,slouching,4,multiple_candidates,0.2854999899864197,0.911,0.8225,4,Multiple candidates (4); Default YOLO correctly aligns with target
S018_SE01_CAP000661_CAM02,CAP000661,S018,CAM02,lateral,slouching,3,multiple_candidates,0.27160000801086426,0.9321,0.5828,4,Multiple candidates (3); Default YOLO correctly aligns with target
S018_SE01_CAP000662_CAM01,CAP000662,S018,CAM01,frontal,slouching,4,multiple_candidates,0.28459998965263367,0.9149,0.8199,4,Multiple candidates (4); Default YOLO correctly aligns with target
S018_SE01_CAP000662_CAM02,CAP000662,S018,CAM02,lateral,slouching,3,multiple_candidates,0.271699994802475,0.9247,0.57,4,Multiple candidates (3); Default YOLO correctly aligns with target
S018_SE01_CAP000663_CAM01,CAP000663,S018,CAM01,frontal,forward_head,4,multiple_candidates,0.28790000081062317,0.9023,0.8055,4,Multiple candidates (4); Default YOLO correctly aligns with target
S018_SE01_CAP000663_CAM02,CAP000663,S018,CAM02,lateral,forward_head,4,multiple_candidates,0.2671000063419342,0.9355,0.4894,4,Multiple candidates (4); Default YOLO correctly aligns with target
S018_SE01_CAP000664_CAM01,CAP000664,S018,CAM01,frontal,forward_head,5,multiple_candidates,0.28999999165534973,0.9068,0.8087,4,Multiple candidates (5); Default YOLO correctly aligns with target
S018_SE01_CAP000664_CAM02,CAP000664,S018,CAM02,lateral,forward_head,3,multiple_candidates,0.2667999863624573,0.9363,0.482,4,Multiple candidates (3); Default YOLO correctly aligns with target
S018_SE01_CAP000665_CAM01,CAP000665,S018,CAM01,frontal,forward_head,6,multiple_candidates,0.2906000018119812,0.909,0.8124,4,Multiple candidates (6); Default YOLO correctly aligns with target
S018_SE01_CAP000665_CAM02,CAP000665,S018,CAM02,lateral,forward_head,3,multiple_candidates,0.26930001378059387,0.931,0.4711,3,Multiple candidates (3); Default YOLO correctly aligns with target
S018_SE01_CAP000666_CAM01,CAP000666,S018,CAM01,frontal,forward_head,5,multiple_candidates,0.28999999165534973,0.9068,0.811,4,Multiple candidates (5); Default YOLO correctly aligns with target
S018_SE01_CAP000666_CAM02,CAP000666,S018,CAM02,lateral,forward_head,3,multiple_candidates,0.2703000009059906,0.9241,0.4823,4,Multiple candidates (3); Default YOLO correctly aligns with target
S018_SE01_CAP000667_CAM01,CAP000667,S018,CAM01,frontal,forward_head,5,multiple_candidates,0.2906000018119812,0.9074,0.817,4,Multiple candidates (5); Default YOLO correctly aligns with target
S018_SE01_CAP000667_CAM02,CAP000667,S018,CAM02,lateral,forward_head,4,multiple_candidates,0.2660999894142151,0.9316,0.4817,4,Multiple candidates (4); Default YOLO correctly aligns with target
S018_SE01_CAP000668_CAM01,CAP000668,S018,CAM01,frontal,reject,3,multiple_candidates,0.3749000132083893,0.9081,0.8424,4,Multiple candidates (3); Default YOLO correctly aligns with target
S018_SE01_CAP000668_CAM02,CAP000668,S018,CAM02,lateral,reject,3,multiple_candidates,0.29760000109672546,0.9436,0.6131,4,Multiple candidates (3); Default YOLO correctly aligns with target
S019_SE01_CAP000669_CAM01,CAP000669,S019,CAM01,frontal,upright,5,multiple_candidates,0.20280000567436218,0.9315,0.7404,4,Multiple candidates (5); Default YOLO correctly aligns with target
S019_SE01_CAP000669_CAM02,CAP000669,S019,CAM02,lateral,upright,3,multiple_candidates,0.31679999828338623,0.8929,0.5569,4,Multiple candidates (3); Default YOLO correctly aligns with target
S019_SE01_CAP000670_CAM01,CAP000670,S019,CAM01,frontal,upright,9,multiple_candidates,0.20260000228881836,0.9272,0.7419,4,Multiple candidates (9); Default YOLO correctly aligns with target
S019_SE01_CAP000670_CAM02,CAP000670,S019,CAM02,lateral,upright,3,multiple_candidates,0.31119999289512634,0.9046,0.5591,4,Multiple candidates (3); Default YOLO correctly aligns with target
S019_SE01_CAP000671_CAM01,CAP000671,S019,CAM01,frontal,upright,8,multiple_candidates,0.20100000500679016,0.9246,0.7493,4,Multiple candidates (8); Default YOLO correctly aligns with target
S019_SE01_CAP000671_CAM02,CAP000671,S019,CAM02,lateral,upright,5,multiple_candidates,0.3107999861240387,0.9007,0.5576,4,Multiple candidates (5); Default YOLO correctly aligns with target
S019_SE01_CAP000672_CAM01,CAP000672,S019,CAM01,frontal,upright,7,multiple_candidates,0.20110000669956207,0.9266,0.7487,4,Multiple candidates (7); Default YOLO correctly aligns with target
S019_SE01_CAP000672_CAM02,CAP000672,S019,CAM02,lateral,upright,4,multiple_candidates,0.31929999589920044,0.8935,0.5577,4,Multiple candidates (4); Default YOLO correctly aligns with target
S019_SE01_CAP000673_CAM01,CAP000673,S019,CAM01,frontal,upright,6,multiple_candidates,0.1996999979019165,0.926,0.7464,4,Multiple candidates (6); Default YOLO correctly aligns with target
S019_SE01_CAP000673_CAM02,CAP000673,S019,CAM02,lateral,upright,4,multiple_candidates,0.32350000739097595,0.8887,0.569,4,Multiple candidates (4); Default YOLO correctly aligns with target
S019_SE01_CAP000674_CAM01,CAP000674,S019,CAM01,frontal,leaning_forward,7,multiple_candidates,0.18719999492168427,0.933,0.7481,4,Multiple candidates (7); Default YOLO correctly aligns with target
S019_SE01_CAP000674_CAM02,CAP000674,S019,CAM02,lateral,leaning_forward,5,multiple_candidates,0.24809999763965607,0.9237,0.6549,4,Multiple candidates (5); Default YOLO correctly aligns with target
S019_SE01_CAP000675_CAM01,CAP000675,S019,CAM01,frontal,leaning_forward,7,multiple_candidates,0.18449999392032623,0.9306,0.746,4,Multiple candidates (7); Default YOLO correctly aligns with target
S019_SE01_CAP000675_CAM02,CAP000675,S019,CAM02,lateral,leaning_forward,4,multiple_candidates,0.25040000677108765,0.9194,0.6475,4,Multiple candidates (4); Default YOLO correctly aligns with target
S019_SE01_CAP000676_CAM01,CAP000676,S019,CAM01,frontal,leaning_forward,6,multiple_candidates,0.19609999656677246,0.9274,0.7399,4,Multiple candidates (6); Default YOLO correctly aligns with target
S019_SE01_CAP000676_CAM02,CAP000676,S019,CAM02,lateral,leaning_forward,3,multiple_candidates,0.2515999972820282,0.9282,0.6382,4,Multiple candidates (3); Default YOLO correctly aligns with target
S019_SE01_CAP000677_CAM01,CAP000677,S019,CAM01,frontal,leaning_forward,6,multiple_candidates,0.19439999759197235,0.925,0.7403,4,Multiple candidates (6); Default YOLO correctly aligns with target
S019_SE01_CAP000677_CAM02,CAP000677,S019,CAM02,lateral,leaning_forward,3,multiple_candidates,0.243599995970726,0.9317,0.6379,4,Multiple candidates (3); Default YOLO correctly aligns with target
S019_SE01_CAP000678_CAM01,CAP000678,S019,CAM01,frontal,leaning_forward,5,multiple_candidates,0.18960000574588776,0.9254,0.7408,4,Multiple candidates (5); Default YOLO correctly aligns with target
S019_SE01_CAP000678_CAM02,CAP000678,S019,CAM02,lateral,leaning_forward,3,multiple_candidates,0.24690000712871552,0.9237,0.6373,4,Multiple candidates (3); Default YOLO correctly aligns with target
S019_SE01_CAP000679_CAM01,CAP000679,S019,CAM01,frontal,leaning_backward,3,multiple_candidates,0.16500000655651093,0.9056,0.7478,4,Multiple candidates (3); Default YOLO correctly aligns with target
S019_SE01_CAP000679_CAM02,CAP000679,S019,CAM02,lateral,leaning_backward,3,multiple_candidates,0.26260000467300415,0.9018,0.6576,4,Multiple candidates (3); Default YOLO correctly aligns with target
S019_SE01_CAP000680_CAM01,CAP000680,S019,CAM01,frontal,leaning_backward,5,multiple_candidates,0.16429999470710754,0.9039,0.7567,4,Multiple candidates (5); Default YOLO correctly aligns with target
S019_SE01_CAP000680_CAM02,CAP000680,S019,CAM02,lateral,leaning_backward,3,multiple_candidates,0.2777999937534332,0.8679,0.656,4,Multiple candidates (3); Default YOLO correctly aligns with target
S019_SE01_CAP000681_CAM01,CAP000681,S019,CAM01,frontal,leaning_backward,5,multiple_candidates,0.16529999673366547,0.9035,0.7437,4,Multiple candidates (5); Default YOLO correctly aligns with target
S019_SE01_CAP000681_CAM02,CAP000681,S019,CAM02,lateral,leaning_backward,3,multiple_candidates,0.25870001316070557,0.9058,0.6563,4,Multiple candidates (3); Default YOLO correctly aligns with target
S019_SE01_CAP000682_CAM01,CAP000682,S019,CAM01,frontal,leaning_backward,5,multiple_candidates,0.1648000031709671,0.906,0.7473,4,Multiple candidates (5); Default YOLO correctly aligns with target
S019_SE01_CAP000682_CAM02,CAP000682,S019,CAM02,lateral,leaning_backward,3,multiple_candidates,0.2655999958515167,0.8711,0.6608,4,Multiple candidates (3); Default YOLO correctly aligns with target
S019_SE01_CAP000683_CAM01,CAP000683,S019,CAM01,frontal,leaning_backward,6,multiple_candidates,0.1639000028371811,0.9058,0.7483,4,Multiple candidates (6); Default YOLO correctly aligns with target
S019_SE01_CAP000683_CAM02,CAP000683,S019,CAM02,lateral,leaning_backward,3,multiple_candidates,0.26669999957084656,0.8783,0.6622,4,Multiple candidates (3); Default YOLO correctly aligns with target
S019_SE01_CAP000684_CAM01,CAP000684,S019,CAM01,frontal,leaning_left,1,correct_target,0.18140000104904175,0.9069,0.7525,4,Single clean target in frame
S019_SE01_CAP000684_CAM02,CAP000684,S019,CAM02,lateral,leaning_left,4,multiple_candidates,0.21220000088214874,0.9134,0.6314,4,Multiple candidates (4); Default YOLO correctly aligns with target
S019_SE01_CAP000685_CAM01,CAP000685,S019,CAM01,frontal,leaning_left,3,multiple_candidates,0.1800999939441681,0.906,0.7481,4,Multiple candidates (3); Default YOLO correctly aligns with target
S019_SE01_CAP000685_CAM02,CAP000685,S019,CAM02,lateral,leaning_left,5,multiple_candidates,0.21639999747276306,0.9133,0.6331,4,Multiple candidates (5); Default YOLO correctly aligns with target
S019_SE01_CAP000686_CAM01,CAP000686,S019,CAM01,frontal,leaning_left,5,multiple_candidates,0.17839999496936798,0.9066,0.7549,4,Multiple candidates (5); Default YOLO correctly aligns with target
S019_SE01_CAP000686_CAM02,CAP000686,S019,CAM02,lateral,leaning_left,4,multiple_candidates,0.21529999375343323,0.9134,0.6346,4,Multiple candidates (4); Default YOLO correctly aligns with target
S019_SE01_CAP000687_CAM01,CAP000687,S019,CAM01,frontal,leaning_left,4,multiple_candidates,0.1785999983549118,0.9071,0.7502,4,Multiple candidates (4); Default YOLO correctly aligns with target
S019_SE01_CAP000687_CAM02,CAP000687,S019,CAM02,lateral,leaning_left,6,multiple_candidates,0.21549999713897705,0.912,0.6349,4,Multiple candidates (6); Default YOLO correctly aligns with target
S019_SE01_CAP000688_CAM01,CAP000688,S019,CAM01,frontal,leaning_left,3,multiple_candidates,0.17870000004768372,0.9101,0.7569,4,Multiple candidates (3); Default YOLO correctly aligns with target
S019_SE01_CAP000688_CAM02,CAP000688,S019,CAM02,lateral,leaning_left,5,multiple_candidates,0.21639999747276306,0.9151,0.6379,4,Multiple candidates (5); Default YOLO correctly aligns with target
S019_SE01_CAP000689_CAM01,CAP000689,S019,CAM01,frontal,leaning_right,7,multiple_candidates,0.1915999948978424,0.9131,0.7374,4,Multiple candidates (7); Default YOLO correctly aligns with target
S019_SE01_CAP000689_CAM02,CAP000689,S019,CAM02,lateral,leaning_right,6,multiple_candidates,0.2705000042915344,0.9049,0.6102,4,Multiple candidates (6); Default YOLO correctly aligns with target
S019_SE01_CAP000690_CAM01,CAP000690,S019,CAM01,frontal,leaning_right,6,multiple_candidates,0.19059999287128448,0.9132,0.7373,4,Multiple candidates (6); Default YOLO correctly aligns with target
S019_SE01_CAP000690_CAM02,CAP000690,S019,CAM02,lateral,leaning_right,6,multiple_candidates,0.2676999866962433,0.8981,0.5957,4,Multiple candidates (6); Default YOLO correctly aligns with target
S019_SE01_CAP000691_CAM01,CAP000691,S019,CAM01,frontal,leaning_right,6,multiple_candidates,0.19130000472068787,0.9131,0.736,4,Multiple candidates (6); Default YOLO correctly aligns with target
S019_SE01_CAP000691_CAM02,CAP000691,S019,CAM02,lateral,leaning_right,6,multiple_candidates,0.27219998836517334,0.912,0.6022,4,Multiple candidates (6); Default YOLO correctly aligns with target
S019_SE01_CAP000692_CAM01,CAP000692,S019,CAM01,frontal,leaning_right,3,multiple_candidates,0.19189999997615814,0.9114,0.739,4,Multiple candidates (3); Default YOLO correctly aligns with target
S019_SE01_CAP000692_CAM02,CAP000692,S019,CAM02,lateral,leaning_right,6,multiple_candidates,0.2727000117301941,0.9094,0.6087,4,Multiple candidates (6); Default YOLO correctly aligns with target
S019_SE01_CAP000693_CAM01,CAP000693,S019,CAM01,frontal,leaning_right,7,multiple_candidates,0.1923999935388565,0.9115,0.7389,4,Multiple candidates (7); Default YOLO correctly aligns with target
S019_SE01_CAP000693_CAM02,CAP000693,S019,CAM02,lateral,leaning_right,7,multiple_candidates,0.2711000144481659,0.9058,0.6055,4,Multiple candidates (7); Default YOLO correctly aligns with target
S019_SE01_CAP000694_CAM01,CAP000694,S019,CAM01,frontal,slouching,5,multiple_candidates,0.17720000445842743,0.9177,0.7753,4,Multiple candidates (5); Default YOLO correctly aligns with target
S019_SE01_CAP000694_CAM02,CAP000694,S019,CAM02,lateral,slouching,4,multiple_candidates,0.2581000030040741,0.9042,0.6126,4,Multiple candidates (4); Default YOLO correctly aligns with target
S019_SE01_CAP000695_CAM01,CAP000695,S019,CAM01,frontal,slouching,7,multiple_candidates,0.1753000020980835,0.9189,0.7827,4,Multiple candidates (7); Default YOLO correctly aligns with target
S019_SE01_CAP000695_CAM02,CAP000695,S019,CAM02,lateral,slouching,4,multiple_candidates,0.25870001316070557,0.9064,0.6155,4,Multiple candidates (4); Default YOLO correctly aligns with target
S019_SE01_CAP000696_CAM01,CAP000696,S019,CAM01,frontal,slouching,4,multiple_candidates,0.17829999327659607,0.9147,0.778,4,Multiple candidates (4); Default YOLO correctly aligns with target
S019_SE01_CAP000696_CAM02,CAP000696,S019,CAM02,lateral,slouching,4,multiple_candidates,0.25440001487731934,0.9017,0.6074,4,Multiple candidates (4); Default YOLO correctly aligns with target
S019_SE01_CAP000697_CAM01,CAP000697,S019,CAM01,frontal,slouching,5,multiple_candidates,0.17560000717639923,0.9195,0.7812,4,Multiple candidates (5); Default YOLO correctly aligns with target
S019_SE01_CAP000697_CAM02,CAP000697,S019,CAM02,lateral,slouching,4,multiple_candidates,0.25220000743865967,0.9037,0.6044,4,Multiple candidates (4); Default YOLO correctly aligns with target
S019_SE01_CAP000698_CAM01,CAP000698,S019,CAM01,frontal,slouching,3,multiple_candidates,0.1761000007390976,0.9193,0.7787,4,Multiple candidates (3); Default YOLO correctly aligns with target
S019_SE01_CAP000698_CAM02,CAP000698,S019,CAM02,lateral,slouching,4,multiple_candidates,0.2590999901294708,0.9048,0.6325,4,Multiple candidates (4); Default YOLO correctly aligns with target
S019_SE01_CAP000699_CAM01,CAP000699,S019,CAM01,frontal,forward_head,6,multiple_candidates,0.179299995303154,0.9264,0.7774,4,Multiple candidates (6); Default YOLO correctly aligns with target
S019_SE01_CAP000699_CAM02,CAP000699,S019,CAM02,lateral,forward_head,4,multiple_candidates,0.23680000007152557,0.9091,0.6158,4,Multiple candidates (4); Default YOLO correctly aligns with target
S019_SE01_CAP000700_CAM01,CAP000700,S019,CAM01,frontal,forward_head,5,multiple_candidates,0.18000000715255737,0.9276,0.7717,4,Multiple candidates (5); Default YOLO correctly aligns with target
S019_SE01_CAP000700_CAM02,CAP000700,S019,CAM02,lateral,forward_head,4,multiple_candidates,0.23749999701976776,0.9178,0.6144,4,Multiple candidates (4); Default YOLO correctly aligns with target
S019_SE01_CAP000701_CAM01,CAP000701,S019,CAM01,frontal,forward_head,5,multiple_candidates,0.181099995970726,0.926,0.773,4,Multiple candidates (5); Default YOLO correctly aligns with target
S019_SE01_CAP000701_CAM02,CAP000701,S019,CAM02,lateral,forward_head,4,multiple_candidates,0.23720000684261322,0.9184,0.6112,4,Multiple candidates (4); Default YOLO correctly aligns with target
S019_SE01_CAP000702_CAM01,CAP000702,S019,CAM01,frontal,forward_head,5,multiple_candidates,0.1826000064611435,0.9282,0.7719,4,Multiple candidates (5); Default YOLO correctly aligns with target
S019_SE01_CAP000702_CAM02,CAP000702,S019,CAM02,lateral,forward_head,3,multiple_candidates,0.2361000031232834,0.9162,0.6203,4,Multiple candidates (3); Default YOLO correctly aligns with target
S019_SE01_CAP000703_CAM01,CAP000703,S019,CAM01,frontal,forward_head,5,multiple_candidates,0.1817999929189682,0.9289,0.7686,4,Multiple candidates (5); Default YOLO correctly aligns with target
S019_SE01_CAP000703_CAM02,CAP000703,S019,CAM02,lateral,forward_head,3,multiple_candidates,0.23800000548362732,0.9212,0.6148,4,Multiple candidates (3); Default YOLO correctly aligns with target
S020_SE01_CAP000704_CAM01,CAP000704,S020,CAM01,frontal,upright,5,multiple_candidates,0.21240000426769257,0.9269,0.8106,4,Multiple candidates (5); Default YOLO correctly aligns with target
S020_SE01_CAP000704_CAM02,CAP000704,S020,CAM02,lateral,upright,5,multiple_candidates,0.24369999766349792,0.9165,0.5674,4,Multiple candidates (5); Default YOLO correctly aligns with target
S020_SE01_CAP000705_CAM01,CAP000705,S020,CAM01,frontal,upright,5,multiple_candidates,0.2125999927520752,0.9293,0.8169,4,Multiple candidates (5); Default YOLO correctly aligns with target
S020_SE01_CAP000705_CAM02,CAP000705,S020,CAM02,lateral,upright,5,multiple_candidates,0.24500000476837158,0.9114,0.5546,4,Multiple candidates (5); Default YOLO correctly aligns with target
S020_SE01_CAP000706_CAM01,CAP000706,S020,CAM01,frontal,upright,6,multiple_candidates,0.2134999930858612,0.9276,0.8137,4,Multiple candidates (6); Default YOLO correctly aligns with target
S020_SE01_CAP000706_CAM02,CAP000706,S020,CAM02,lateral,upright,4,multiple_candidates,0.24269999563694,0.9252,0.5619,4,Multiple candidates (4); Default YOLO correctly aligns with target
S020_SE01_CAP000707_CAM01,CAP000707,S020,CAM01,frontal,upright,6,multiple_candidates,0.21320000290870667,0.9302,0.8136,4,Multiple candidates (6); Default YOLO correctly aligns with target
S020_SE01_CAP000707_CAM02,CAP000707,S020,CAM02,lateral,upright,4,multiple_candidates,0.24480000138282776,0.9229,0.5727,4,Multiple candidates (4); Default YOLO correctly aligns with target
S020_SE01_CAP000708_CAM01,CAP000708,S020,CAM01,frontal,upright,6,multiple_candidates,0.21279999613761902,0.926,0.8139,4,Multiple candidates (6); Default YOLO correctly aligns with target
S020_SE01_CAP000708_CAM02,CAP000708,S020,CAM02,lateral,upright,3,multiple_candidates,0.24289999902248383,0.9182,0.574,4,Multiple candidates (3); Default YOLO correctly aligns with target
S020_SE01_CAP000709_CAM01,CAP000709,S020,CAM01,frontal,leaning_forward,3,multiple_candidates,0.20819999277591705,0.9352,0.8051,4,Multiple candidates (3); Default YOLO correctly aligns with target
S020_SE01_CAP000709_CAM02,CAP000709,S020,CAM02,lateral,leaning_forward,7,multiple_candidates,0.21619999408721924,0.9065,0.6406,4,Multiple candidates (7); Default YOLO correctly aligns with target
S020_SE01_CAP000710_CAM01,CAP000710,S020,CAM01,frontal,leaning_forward,3,multiple_candidates,0.2079000025987625,0.9294,0.7991,4,Multiple candidates (3); Default YOLO correctly aligns with target
S020_SE01_CAP000710_CAM02,CAP000710,S020,CAM02,lateral,leaning_forward,8,multiple_candidates,0.22339999675750732,0.9265,0.5359,4,Multiple candidates (8); Default YOLO correctly aligns with target
S020_SE01_CAP000711_CAM01,CAP000711,S020,CAM01,frontal,leaning_forward,4,multiple_candidates,0.2076999992132187,0.9328,0.8015,4,Multiple candidates (4); Default YOLO correctly aligns with target
S020_SE01_CAP000711_CAM02,CAP000711,S020,CAM02,lateral,leaning_forward,6,multiple_candidates,0.22380000352859497,0.9185,0.5501,4,Multiple candidates (6); Default YOLO correctly aligns with target
S020_SE01_CAP000712_CAM01,CAP000712,S020,CAM01,frontal,leaning_forward,3,multiple_candidates,0.2079000025987625,0.9325,0.8011,4,Multiple candidates (3); Default YOLO correctly aligns with target
S020_SE01_CAP000712_CAM02,CAP000712,S020,CAM02,lateral,leaning_forward,6,multiple_candidates,0.22439999878406525,0.9162,0.5245,4,Multiple candidates (6); Default YOLO correctly aligns with target
S020_SE01_CAP000713_CAM01,CAP000713,S020,CAM01,frontal,leaning_forward,3,multiple_candidates,0.2078000009059906,0.9317,0.8042,4,Multiple candidates (3); Default YOLO correctly aligns with target
S020_SE01_CAP000713_CAM02,CAP000713,S020,CAM02,lateral,leaning_forward,9,multiple_candidates,0.22349999845027924,0.9173,0.612,4,Multiple candidates (9); Default YOLO correctly aligns with target
S020_SE01_CAP000714_CAM01,CAP000714,S020,CAM01,frontal,leaning_backward,6,multiple_candidates,0.16699999570846558,0.9302,0.7709,4,Multiple candidates (6); Default YOLO correctly aligns with target
S020_SE01_CAP000714_CAM02,CAP000714,S020,CAM02,lateral,leaning_backward,5,multiple_candidates,0.2451999932527542,0.9232,0.6229,4,Multiple candidates (5); Default YOLO correctly aligns with target
S020_SE01_CAP000715_CAM01,CAP000715,S020,CAM01,frontal,leaning_backward,4,multiple_candidates,0.1656000018119812,0.926,0.7778,4,Multiple candidates (4); Default YOLO correctly aligns with target
S020_SE01_CAP000715_CAM02,CAP000715,S020,CAM02,lateral,leaning_backward,4,multiple_candidates,0.24289999902248383,0.9287,0.6163,4,Multiple candidates (4); Default YOLO correctly aligns with target
S020_SE01_CAP000716_CAM01,CAP000716,S020,CAM01,frontal,leaning_backward,6,multiple_candidates,0.1670999974012375,0.9273,0.7713,4,Multiple candidates (6); Default YOLO correctly aligns with target
S020_SE01_CAP000716_CAM02,CAP000716,S020,CAM02,lateral,leaning_backward,4,multiple_candidates,0.24740000069141388,0.921,0.6302,4,Multiple candidates (4); Default YOLO correctly aligns with target
S020_SE01_CAP000717_CAM01,CAP000717,S020,CAM01,frontal,leaning_backward,5,multiple_candidates,0.16699999570846558,0.929,0.7705,4,Multiple candidates (5); Default YOLO correctly aligns with target
S020_SE01_CAP000717_CAM02,CAP000717,S020,CAM02,lateral,leaning_backward,3,multiple_candidates,0.24230000376701355,0.9264,0.6251,4,Multiple candidates (3); Default YOLO correctly aligns with target
S020_SE01_CAP000718_CAM01,CAP000718,S020,CAM01,frontal,leaning_backward,5,multiple_candidates,0.16740000247955322,0.9292,0.7752,4,Multiple candidates (5); Default YOLO correctly aligns with target
S020_SE01_CAP000718_CAM02,CAP000718,S020,CAM02,lateral,leaning_backward,5,multiple_candidates,0.2425999939441681,0.9245,0.6245,4,Multiple candidates (5); Default YOLO correctly aligns with target
S020_SE01_CAP000719_CAM01,CAP000719,S020,CAM01,frontal,leaning_left,7,multiple_candidates,0.20960000157356262,0.9316,0.7578,4,Multiple candidates (7); Default YOLO correctly aligns with target
S020_SE01_CAP000719_CAM02,CAP000719,S020,CAM02,lateral,leaning_left,5,multiple_candidates,0.20479999482631683,0.938,0.6326,4,Multiple candidates (5); Default YOLO correctly aligns with target
S020_SE01_CAP000720_CAM01,CAP000720,S020,CAM01,frontal,leaning_left,4,multiple_candidates,0.2092999964952469,0.9234,0.752,4,Multiple candidates (4); Default YOLO correctly aligns with target
S020_SE01_CAP000720_CAM02,CAP000720,S020,CAM02,lateral,leaning_left,6,multiple_candidates,0.20679999887943268,0.934,0.6317,4,Multiple candidates (6); Default YOLO correctly aligns with target
S020_SE01_CAP000721_CAM01,CAP000721,S020,CAM01,frontal,leaning_left,4,multiple_candidates,0.21089999377727509,0.9235,0.7646,4,Multiple candidates (4); Default YOLO correctly aligns with target
S020_SE01_CAP000721_CAM02,CAP000721,S020,CAM02,lateral,leaning_left,5,multiple_candidates,0.20749999582767487,0.937,0.6306,4,Multiple candidates (5); Default YOLO correctly aligns with target
S020_SE01_CAP000722_CAM01,CAP000722,S020,CAM01,frontal,leaning_left,6,multiple_candidates,0.2094999998807907,0.9236,0.7461,4,Multiple candidates (6); Default YOLO correctly aligns with target
S020_SE01_CAP000722_CAM02,CAP000722,S020,CAM02,lateral,leaning_left,4,multiple_candidates,0.20749999582767487,0.9403,0.6443,4,Multiple candidates (4); Default YOLO correctly aligns with target
S020_SE01_CAP000723_CAM01,CAP000723,S020,CAM01,frontal,leaning_left,6,multiple_candidates,0.2085999995470047,0.9248,0.7535,4,Multiple candidates (6); Default YOLO correctly aligns with target
S020_SE01_CAP000723_CAM02,CAP000723,S020,CAM02,lateral,leaning_left,4,multiple_candidates,0.20739999413490295,0.9407,0.6698,4,Multiple candidates (4); Default YOLO correctly aligns with target
S020_SE01_CAP000724_CAM01,CAP000724,S020,CAM01,frontal,leaning_right,6,multiple_candidates,0.22779999673366547,0.9161,0.7766,4,Multiple candidates (6); Default YOLO correctly aligns with target
S020_SE01_CAP000724_CAM02,CAP000724,S020,CAM02,lateral,leaning_right,4,multiple_candidates,0.251800000667572,0.929,0.5401,4,Multiple candidates (4); Default YOLO correctly aligns with target
S020_SE01_CAP000725_CAM01,CAP000725,S020,CAM01,frontal,leaning_right,5,multiple_candidates,0.2264000028371811,0.9163,0.771,4,Multiple candidates (5); Default YOLO correctly aligns with target
S020_SE01_CAP000725_CAM02,CAP000725,S020,CAM02,lateral,leaning_right,6,multiple_candidates,0.25429999828338623,0.9307,0.5453,4,Multiple candidates (6); Default YOLO correctly aligns with target
S020_SE01_CAP000726_CAM01,CAP000726,S020,CAM01,frontal,leaning_right,9,multiple_candidates,0.22550000250339508,0.915,0.7825,4,Multiple candidates (9); Default YOLO correctly aligns with target
S020_SE01_CAP000726_CAM02,CAP000726,S020,CAM02,lateral,leaning_right,4,multiple_candidates,0.2529999911785126,0.9303,0.5468,4,Multiple candidates (4); Default YOLO correctly aligns with target
S020_SE01_CAP000727_CAM01,CAP000727,S020,CAM01,frontal,leaning_right,5,multiple_candidates,0.225600004196167,0.9115,0.7874,4,Multiple candidates (5); Default YOLO correctly aligns with target
S020_SE01_CAP000727_CAM02,CAP000727,S020,CAM02,lateral,leaning_right,4,multiple_candidates,0.2517000138759613,0.9331,0.5379,4,Multiple candidates (4); Default YOLO correctly aligns with target
S020_SE01_CAP000728_CAM01,CAP000728,S020,CAM01,frontal,leaning_right,8,multiple_candidates,0.22499999403953552,0.9131,0.7918,4,Multiple candidates (8); Default YOLO correctly aligns with target
S020_SE01_CAP000728_CAM02,CAP000728,S020,CAM02,lateral,leaning_right,7,multiple_candidates,0.2513999938964844,0.9343,0.5532,4,Multiple candidates (7); Default YOLO correctly aligns with target
S020_SE01_CAP000729_CAM01,CAP000729,S020,CAM01,frontal,slouching,5,multiple_candidates,0.20880000293254852,0.9301,0.8362,4,Multiple candidates (5); Default YOLO correctly aligns with target
S020_SE01_CAP000729_CAM02,CAP000729,S020,CAM02,lateral,slouching,5,multiple_candidates,0.2442999929189682,0.9272,0.6311,4,Multiple candidates (5); Default YOLO correctly aligns with target
S020_SE01_CAP000730_CAM01,CAP000730,S020,CAM01,frontal,slouching,6,multiple_candidates,0.2094999998807907,0.933,0.8481,4,Multiple candidates (6); Default YOLO correctly aligns with target
S020_SE01_CAP000730_CAM02,CAP000730,S020,CAM02,lateral,slouching,5,multiple_candidates,0.2476000040769577,0.9241,0.6158,4,Multiple candidates (5); Default YOLO correctly aligns with target
S020_SE01_CAP000731_CAM01,CAP000731,S020,CAM01,frontal,slouching,4,multiple_candidates,0.2102999985218048,0.9342,0.85,4,Multiple candidates (4); Default YOLO correctly aligns with target
S020_SE01_CAP000731_CAM02,CAP000731,S020,CAM02,lateral,slouching,4,multiple_candidates,0.2485000044107437,0.9168,0.6251,4,Multiple candidates (4); Default YOLO correctly aligns with target
S020_SE01_CAP000732_CAM01,CAP000732,S020,CAM01,frontal,slouching,7,multiple_candidates,0.20990000665187836,0.9339,0.8518,4,Multiple candidates (7); Default YOLO correctly aligns with target
S020_SE01_CAP000732_CAM02,CAP000732,S020,CAM02,lateral,slouching,6,multiple_candidates,0.24889999628067017,0.9229,0.6294,4,Multiple candidates (6); Default YOLO correctly aligns with target
S020_SE01_CAP000733_CAM01,CAP000733,S020,CAM01,frontal,slouching,5,multiple_candidates,0.210999995470047,0.931,0.8558,4,Multiple candidates (5); Default YOLO correctly aligns with target
S020_SE01_CAP000733_CAM02,CAP000733,S020,CAM02,lateral,slouching,5,multiple_candidates,0.24699999392032623,0.9184,0.6015,4,Multiple candidates (5); Default YOLO correctly aligns with target
S020_SE01_CAP000734_CAM01,CAP000734,S020,CAM01,frontal,forward_head,7,multiple_candidates,0.20360000431537628,0.9399,0.8051,4,Multiple candidates (7); Default YOLO correctly aligns with target
S020_SE01_CAP000734_CAM02,CAP000734,S020,CAM02,lateral,forward_head,6,multiple_candidates,0.2214999943971634,0.9271,0.6043,4,Multiple candidates (6); Default YOLO correctly aligns with target
S020_SE01_CAP000735_CAM01,CAP000735,S020,CAM01,frontal,forward_head,6,multiple_candidates,0.20280000567436218,0.9363,0.8075,4,Multiple candidates (6); Default YOLO correctly aligns with target
S020_SE01_CAP000735_CAM02,CAP000735,S020,CAM02,lateral,forward_head,4,multiple_candidates,0.2224999964237213,0.9302,0.6076,4,Multiple candidates (4); Default YOLO correctly aligns with target
S020_SE01_CAP000736_CAM01,CAP000736,S020,CAM01,frontal,forward_head,8,multiple_candidates,0.2029999941587448,0.9378,0.8102,4,Multiple candidates (8); Default YOLO correctly aligns with target
S020_SE01_CAP000736_CAM02,CAP000736,S020,CAM02,lateral,forward_head,5,multiple_candidates,0.219200000166893,0.9331,0.6109,4,Multiple candidates (5); Default YOLO correctly aligns with target
S020_SE01_CAP000737_CAM01,CAP000737,S020,CAM01,frontal,forward_head,4,multiple_candidates,0.2020999938249588,0.9353,0.8045,4,Multiple candidates (4); Default YOLO correctly aligns with target
S020_SE01_CAP000737_CAM02,CAP000737,S020,CAM02,lateral,forward_head,5,multiple_candidates,0.21979999542236328,0.9327,0.6213,4,Multiple candidates (5); Default YOLO correctly aligns with target
S020_SE01_CAP000738_CAM01,CAP000738,S020,CAM01,frontal,forward_head,3,multiple_candidates,0.20280000567436218,0.9365,0.8061,4,Multiple candidates (3); Default YOLO correctly aligns with target
S020_SE01_CAP000738_CAM02,CAP000738,S020,CAM02,lateral,forward_head,7,multiple_candidates,0.21729999780654907,0.9325,0.6071,4,Multiple candidates (7); Default YOLO correctly aligns with target
S020_SE01_CAP000739_CAM01,CAP000739,S020,CAM01,frontal,reject,10,multiple_candidates,0.23899999260902405,0.9375,0.8782,4,Multiple candidates (10); Default YOLO correctly aligns with target
S020_SE01_CAP000739_CAM02,CAP000739,S020,CAM02,lateral,reject,5,multiple_candidates,0.20810000598430634,0.9168,0.6691,4,Multiple candidates (5); Default YOLO correctly aligns with target
S020_SE01_CAP000740_CAM01,CAP000740,S020,CAM01,frontal,reject,6,multiple_candidates,0.33489999175071716,0.9187,0.9118,4,Multiple candidates (6); Default YOLO correctly aligns with target
S020_SE01_CAP000740_CAM02,CAP000740,S020,CAM02,lateral,reject,5,multiple_candidates,0.2418999969959259,0.9323,0.7436,4,Multiple candidates (5); Default YOLO correctly aligns with target
S020_SE01_CAP000741_CAM01,CAP000741,S020,CAM01,frontal,reject,8,multiple_candidates,0.22339999675750732,0.8736,0.8355,4,Multiple candidates (8); Default YOLO correctly aligns with target
S020_SE01_CAP000741_CAM02,CAP000741,S020,CAM02,lateral,reject,4,multiple_candidates,0.27799999713897705,0.9019,0.6586,4,Multiple candidates (4); Default YOLO correctly aligns with target
S021_SE01_CAP000742_CAM01,CAP000742,S021,CAM01,frontal,upright,9,multiple_candidates,0.23600000143051147,0.9388,0.7858,4,Multiple candidates (9); Default YOLO correctly aligns with target
S021_SE01_CAP000742_CAM02,CAP000742,S021,CAM02,lateral,upright,5,wrong_person_risk,0.3939000070095062,0.8344,0.5094,4,Multiple candidates (5); Default YOLO picks non-target candidate 0!
S021_SE01_CAP000743_CAM01,CAP000743,S021,CAM01,frontal,upright,5,multiple_candidates,0.2363000065088272,0.9407,0.7886,4,Multiple candidates (5); Default YOLO correctly aligns with target
S021_SE01_CAP000743_CAM02,CAP000743,S021,CAM02,lateral,upright,5,wrong_person_risk,0.39820000529289246,0.8546,0.551,4,Multiple candidates (5); Default YOLO picks non-target candidate 0!
S021_SE01_CAP000744_CAM01,CAP000744,S021,CAM01,frontal,upright,6,multiple_candidates,0.23829999566078186,0.9381,0.7883,4,Multiple candidates (6); Default YOLO correctly aligns with target
S021_SE01_CAP000744_CAM02,CAP000744,S021,CAM02,lateral,upright,7,wrong_person_risk,0.38359999656677246,0.8396,0.5111,4,Multiple candidates (7); Default YOLO picks non-target candidate 0!
S021_SE01_CAP000745_CAM01,CAP000745,S021,CAM01,frontal,upright,6,multiple_candidates,0.23849999904632568,0.9353,0.7912,4,Multiple candidates (6); Default YOLO correctly aligns with target
S021_SE01_CAP000745_CAM02,CAP000745,S021,CAM02,lateral,upright,5,wrong_person_risk,0.39800000190734863,0.8439,0.5396,4,Multiple candidates (5); Default YOLO picks non-target candidate 0!
S021_SE01_CAP000746_CAM01,CAP000746,S021,CAM01,frontal,upright,8,multiple_candidates,0.2378000020980835,0.9376,0.7925,4,Multiple candidates (8); Default YOLO correctly aligns with target
S021_SE01_CAP000746_CAM02,CAP000746,S021,CAM02,lateral,upright,6,wrong_person_risk,0.37560001015663147,0.8592,0.4911,4,Multiple candidates (6); Default YOLO picks non-target candidate 0!
S021_SE01_CAP000747_CAM01,CAP000747,S021,CAM01,frontal,leaning_forward,7,multiple_candidates,0.25529998540878296,0.9393,0.7713,4,Multiple candidates (7); Default YOLO correctly aligns with target
S021_SE01_CAP000747_CAM02,CAP000747,S021,CAM02,lateral,leaning_forward,6,wrong_person_risk,0.5126000046730042,0.2541,0.5377,4,Multiple candidates (6); Default YOLO picks non-target candidate 0!
S021_SE01_CAP000748_CAM01,CAP000748,S021,CAM01,frontal,leaning_forward,9,multiple_candidates,0.25429999828338623,0.9387,0.7695,4,Multiple candidates (9); Default YOLO correctly aligns with target
S021_SE01_CAP000748_CAM02,CAP000748,S021,CAM02,lateral,leaning_forward,6,wrong_person_risk,0.3921999931335449,0.6835,0.4521,4,Multiple candidates (6); Default YOLO picks non-target candidate 0!
S021_SE01_CAP000749_CAM01,CAP000749,S021,CAM01,frontal,leaning_forward,9,multiple_candidates,0.2554999887943268,0.941,0.7808,4,Multiple candidates (9); Default YOLO correctly aligns with target
S021_SE01_CAP000749_CAM02,CAP000749,S021,CAM02,lateral,leaning_forward,8,wrong_person_risk,0.5108000040054321,0.2329,0.5836,4,Multiple candidates (8); Default YOLO picks non-target candidate 0!
S021_SE01_CAP000750_CAM01,CAP000750,S021,CAM01,frontal,leaning_forward,8,multiple_candidates,0.2551000118255615,0.9399,0.7786,4,Multiple candidates (8); Default YOLO correctly aligns with target
S021_SE01_CAP000750_CAM02,CAP000750,S021,CAM02,lateral,leaning_forward,8,wrong_person_risk,0.5228000283241272,0.4808,0.576,4,Multiple candidates (8); Default YOLO picks non-target candidate 0!
S021_SE01_CAP000751_CAM01,CAP000751,S021,CAM01,frontal,leaning_forward,10,multiple_candidates,0.25609999895095825,0.9388,0.7695,4,Multiple candidates (10); Default YOLO correctly aligns with target
S021_SE01_CAP000751_CAM02,CAP000751,S021,CAM02,lateral,leaning_forward,8,wrong_person_risk,0.34700000286102295,0.786,0.5443,4,Multiple candidates (8); Default YOLO picks non-target candidate 0!
S021_SE01_CAP000752_CAM01,CAP000752,S021,CAM01,frontal,leaning_backward,8,multiple_candidates,0.22460000216960907,0.937,0.7877,4,Multiple candidates (8); Default YOLO correctly aligns with target
S021_SE01_CAP000752_CAM02,CAP000752,S021,CAM02,lateral,leaning_backward,6,multiple_candidates,0.3555999994277954,0.8882,0.5207,4,Multiple candidates (6); Default YOLO correctly aligns with target
S021_SE01_CAP000753_CAM01,CAP000753,S021,CAM01,frontal,leaning_backward,7,multiple_candidates,0.2257000058889389,0.9372,0.8007,4,Multiple candidates (7); Default YOLO correctly aligns with target
S021_SE01_CAP000753_CAM02,CAP000753,S021,CAM02,lateral,leaning_backward,5,multiple_candidates,0.3546000123023987,0.8753,0.5642,4,Multiple candidates (5); Default YOLO correctly aligns with target
S021_SE01_CAP000754_CAM01,CAP000754,S021,CAM01,frontal,leaning_backward,8,multiple_candidates,0.225600004196167,0.9383,0.8015,4,Multiple candidates (8); Default YOLO correctly aligns with target
S021_SE01_CAP000754_CAM02,CAP000754,S021,CAM02,lateral,leaning_backward,5,wrong_person_risk,0.34940001368522644,0.8305,0.5107,4,Multiple candidates (5); Default YOLO picks non-target candidate 0!
S021_SE01_CAP000755_CAM01,CAP000755,S021,CAM01,frontal,leaning_backward,8,multiple_candidates,0.22630000114440918,0.9381,0.7957,4,Multiple candidates (8); Default YOLO correctly aligns with target
S021_SE01_CAP000755_CAM02,CAP000755,S021,CAM02,lateral,leaning_backward,6,wrong_person_risk,0.5386999845504761,0.1948,0.4625,4,Multiple candidates (6); Default YOLO picks non-target candidate 0!
S021_SE01_CAP000756_CAM01,CAP000756,S021,CAM01,frontal,leaning_backward,7,multiple_candidates,0.22689999639987946,0.935,0.8077,4,Multiple candidates (7); Default YOLO correctly aligns with target
S021_SE01_CAP000756_CAM02,CAP000756,S021,CAM02,lateral,leaning_backward,5,wrong_person_risk,0.37139999866485596,0.752,0.5086,4,Multiple candidates (5); Default YOLO picks non-target candidate 0!
S021_SE01_CAP000757_CAM01,CAP000757,S021,CAM01,frontal,leaning_left,7,multiple_candidates,0.24410000443458557,0.9369,0.7567,4,Multiple candidates (7); Default YOLO correctly aligns with target
S021_SE01_CAP000757_CAM02,CAP000757,S021,CAM02,lateral,leaning_left,4,multiple_candidates,0.39590001106262207,0.6335,0.5808,4,Multiple candidates (4); Default YOLO correctly aligns with target
S021_SE01_CAP000758_CAM01,CAP000758,S021,CAM01,frontal,leaning_left,7,multiple_candidates,0.24269999563694,0.9382,0.7381,4,Multiple candidates (7); Default YOLO correctly aligns with target
S021_SE01_CAP000758_CAM02,CAP000758,S021,CAM02,lateral,leaning_left,4,multiple_candidates,0.38909998536109924,0.6609,0.5699,4,Multiple candidates (4); Default YOLO correctly aligns with target
S021_SE01_CAP000759_CAM01,CAP000759,S021,CAM01,frontal,leaning_left,5,multiple_candidates,0.24320000410079956,0.9346,0.7669,4,Multiple candidates (5); Default YOLO correctly aligns with target
S021_SE01_CAP000759_CAM02,CAP000759,S021,CAM02,lateral,leaning_left,5,wrong_person_risk,0.4629000127315521,0.1827,0.5619,4,Multiple candidates (5); Default YOLO picks non-target candidate 0!
S021_SE01_CAP000760_CAM01,CAP000760,S021,CAM01,frontal,leaning_left,4,multiple_candidates,0.2425999939441681,0.9392,0.75,4,Multiple candidates (4); Default YOLO correctly aligns with target
S021_SE01_CAP000760_CAM02,CAP000760,S021,CAM02,lateral,leaning_left,4,multiple_candidates,0.39419999718666077,0.6372,0.5829,4,Multiple candidates (4); Default YOLO correctly aligns with target
S021_SE01_CAP000761_CAM01,CAP000761,S021,CAM01,frontal,leaning_left,5,multiple_candidates,0.24459999799728394,0.9327,0.7447,4,Multiple candidates (5); Default YOLO correctly aligns with target
S021_SE01_CAP000761_CAM02,CAP000761,S021,CAM02,lateral,leaning_left,5,multiple_candidates,0.38019999861717224,0.6394,0.5807,4,Multiple candidates (5); Default YOLO correctly aligns with target
S021_SE01_CAP000762_CAM01,CAP000762,S021,CAM01,frontal,leaning_right,7,multiple_candidates,0.25130000710487366,0.9331,0.7936,4,Multiple candidates (7); Default YOLO correctly aligns with target
S021_SE01_CAP000762_CAM02,CAP000762,S021,CAM02,lateral,leaning_right,5,multiple_candidates,0.41429999470710754,0.8066,0.477,4,Multiple candidates (5); Default YOLO correctly aligns with target
S021_SE01_CAP000763_CAM01,CAP000763,S021,CAM01,frontal,leaning_right,7,multiple_candidates,0.25290000438690186,0.9298,0.8029,4,Multiple candidates (7); Default YOLO correctly aligns with target
S021_SE01_CAP000763_CAM02,CAP000763,S021,CAM02,lateral,leaning_right,4,multiple_candidates,0.40939998626708984,0.8616,0.479,3,Multiple candidates (4); Default YOLO correctly aligns with target
S021_SE01_CAP000764_CAM01,CAP000764,S021,CAM01,frontal,leaning_right,6,multiple_candidates,0.25130000710487366,0.931,0.7978,4,Multiple candidates (6); Default YOLO correctly aligns with target
S021_SE01_CAP000764_CAM02,CAP000764,S021,CAM02,lateral,leaning_right,4,multiple_candidates,0.4154999852180481,0.8549,0.4877,4,Multiple candidates (4); Default YOLO correctly aligns with target
S021_SE01_CAP000765_CAM01,CAP000765,S021,CAM01,frontal,leaning_right,6,multiple_candidates,0.24869999289512634,0.927,0.8024,4,Multiple candidates (6); Default YOLO correctly aligns with target
S021_SE01_CAP000765_CAM02,CAP000765,S021,CAM02,lateral,leaning_right,4,multiple_candidates,0.4156000018119812,0.8574,0.4586,3,Multiple candidates (4); Default YOLO correctly aligns with target
S021_SE01_CAP000766_CAM01,CAP000766,S021,CAM01,frontal,leaning_right,7,multiple_candidates,0.2498999983072281,0.9297,0.7919,4,Multiple candidates (7); Default YOLO correctly aligns with target
S021_SE01_CAP000766_CAM02,CAP000766,S021,CAM02,lateral,leaning_right,4,multiple_candidates,0.4171999990940094,0.8657,0.4933,4,Multiple candidates (4); Default YOLO correctly aligns with target
S021_SE01_CAP000767_CAM01,CAP000767,S021,CAM01,frontal,slouching,5,multiple_candidates,0.24950000643730164,0.9284,0.8065,4,Multiple candidates (5); Default YOLO correctly aligns with target
S021_SE01_CAP000767_CAM02,CAP000767,S021,CAM02,lateral,slouching,4,multiple_candidates,0.4032000005245209,0.7251,0.5385,4,Multiple candidates (4); Default YOLO correctly aligns with target
S021_SE01_CAP000768_CAM01,CAP000768,S021,CAM01,frontal,slouching,4,multiple_candidates,0.24799999594688416,0.9333,0.7992,4,Multiple candidates (4); Default YOLO correctly aligns with target
S021_SE01_CAP000768_CAM02,CAP000768,S021,CAM02,lateral,slouching,4,multiple_candidates,0.34119999408721924,0.8099,0.4824,2,Multiple candidates (4); Default YOLO correctly aligns with target
S021_SE01_CAP000769_CAM01,CAP000769,S021,CAM01,frontal,slouching,4,multiple_candidates,0.24979999661445618,0.9333,0.7993,4,Multiple candidates (4); Default YOLO correctly aligns with target
S021_SE01_CAP000769_CAM02,CAP000769,S021,CAM02,lateral,slouching,5,wrong_person_risk,0.460099995136261,0.1974,0.5619,4,Multiple candidates (5); Default YOLO picks non-target candidate 0!
S021_SE01_CAP000770_CAM01,CAP000770,S021,CAM01,frontal,slouching,4,multiple_candidates,0.2498999983072281,0.9331,0.8048,4,Multiple candidates (4); Default YOLO correctly aligns with target
S021_SE01_CAP000770_CAM02,CAP000770,S021,CAM02,lateral,slouching,4,multiple_candidates,0.34869998693466187,0.737,0.478,2,Multiple candidates (4); Default YOLO correctly aligns with target
S021_SE01_CAP000771_CAM01,CAP000771,S021,CAM01,frontal,slouching,4,multiple_candidates,0.24869999289512634,0.9306,0.7957,4,Multiple candidates (4); Default YOLO correctly aligns with target
S021_SE01_CAP000771_CAM02,CAP000771,S021,CAM02,lateral,slouching,2,multiple_candidates,0.34549999237060547,0.7543,0.4835,2,Multiple candidates (2); Default YOLO correctly aligns with target
S021_SE01_CAP000772_CAM01,CAP000772,S021,CAM01,frontal,forward_head,5,multiple_candidates,0.2402999997138977,0.9351,0.7959,4,Multiple candidates (5); Default YOLO correctly aligns with target
S021_SE01_CAP000772_CAM02,CAP000772,S021,CAM02,lateral,forward_head,4,multiple_candidates,0.39160001277923584,0.7598,0.5516,4,Multiple candidates (4); Default YOLO correctly aligns with target
S021_SE01_CAP000773_CAM01,CAP000773,S021,CAM01,frontal,forward_head,5,multiple_candidates,0.23970000445842743,0.9325,0.7999,4,Multiple candidates (5); Default YOLO correctly aligns with target
S021_SE01_CAP000773_CAM02,CAP000773,S021,CAM02,lateral,forward_head,4,multiple_candidates,0.39259999990463257,0.7837,0.5724,4,Multiple candidates (4); Default YOLO correctly aligns with target
S021_SE01_CAP000774_CAM01,CAP000774,S021,CAM01,frontal,forward_head,5,multiple_candidates,0.24050000309944153,0.9342,0.7976,4,Multiple candidates (5); Default YOLO correctly aligns with target
S021_SE01_CAP000774_CAM02,CAP000774,S021,CAM02,lateral,forward_head,4,multiple_candidates,0.3882000148296356,0.7392,0.5572,4,Multiple candidates (4); Default YOLO correctly aligns with target
S021_SE01_CAP000775_CAM01,CAP000775,S021,CAM01,frontal,forward_head,5,multiple_candidates,0.24300000071525574,0.9364,0.8017,4,Multiple candidates (5); Default YOLO correctly aligns with target
S021_SE01_CAP000775_CAM02,CAP000775,S021,CAM02,lateral,forward_head,4,multiple_candidates,0.399399995803833,0.7626,0.5917,4,Multiple candidates (4); Default YOLO correctly aligns with target
S021_SE01_CAP000776_CAM01,CAP000776,S021,CAM01,frontal,forward_head,6,multiple_candidates,0.24070000648498535,0.9389,0.7974,4,Multiple candidates (6); Default YOLO correctly aligns with target
S021_SE01_CAP000776_CAM02,CAP000776,S021,CAM02,lateral,forward_head,4,multiple_candidates,0.3977999985218048,0.7867,0.5982,4,Multiple candidates (4); Default YOLO correctly aligns with target
S021_SE01_CAP000777_CAM01,CAP000777,S021,CAM01,frontal,reject,7,multiple_candidates,0.4124000072479248,0.8979,0.5119,4,Multiple candidates (7); Default YOLO correctly aligns with target
S021_SE01_CAP000777_CAM02,CAP000777,S021,CAM02,lateral,reject,2,multiple_candidates,0.314300000667572,0.8349,0.3459,2,Multiple candidates (2); Default YOLO correctly aligns with target
S021_SE01_CAP000778_CAM01,CAP000778,S021,CAM01,frontal,reject,6,multiple_candidates,0.2851000130176544,0.9042,0.5445,4,Multiple candidates (6); Default YOLO correctly aligns with target
S021_SE01_CAP000778_CAM02,CAP000778,S021,CAM02,lateral,reject,3,multiple_candidates,0.33469998836517334,0.9271,0.4483,4,Multiple candidates (3); Default YOLO correctly aligns with target
S022_SE01_CAP000779_CAM01,CAP000779,S022,CAM01,frontal,upright,7,multiple_candidates,0.3564000129699707,0.9172,0.7924,4,Multiple candidates (7); Default YOLO correctly aligns with target
S022_SE01_CAP000779_CAM02,CAP000779,S022,CAM02,lateral,upright,6,multiple_candidates,0.3003000020980835,0.9166,0.6195,4,Multiple candidates (6); Default YOLO correctly aligns with target
S022_SE01_CAP000780_CAM01,CAP000780,S022,CAM01,frontal,upright,6,multiple_candidates,0.3562999963760376,0.9198,0.7948,4,Multiple candidates (6); Default YOLO correctly aligns with target
S022_SE01_CAP000780_CAM02,CAP000780,S022,CAM02,lateral,upright,8,multiple_candidates,0.29589998722076416,0.9217,0.6607,4,Multiple candidates (8); Default YOLO correctly aligns with target
S022_SE01_CAP000781_CAM01,CAP000781,S022,CAM01,frontal,upright,4,multiple_candidates,0.3562999963760376,0.9173,0.789,4,Multiple candidates (4); Default YOLO correctly aligns with target
S022_SE01_CAP000781_CAM02,CAP000781,S022,CAM02,lateral,upright,5,multiple_candidates,0.2994999885559082,0.9134,0.6369,4,Multiple candidates (5); Default YOLO correctly aligns with target
S022_SE01_CAP000782_CAM01,CAP000782,S022,CAM01,frontal,upright,5,multiple_candidates,0.3571000099182129,0.9169,0.7889,4,Multiple candidates (5); Default YOLO correctly aligns with target
S022_SE01_CAP000782_CAM02,CAP000782,S022,CAM02,lateral,upright,6,multiple_candidates,0.295199990272522,0.9171,0.6569,4,Multiple candidates (6); Default YOLO correctly aligns with target
S022_SE01_CAP000783_CAM01,CAP000783,S022,CAM01,frontal,upright,5,multiple_candidates,0.3560999929904938,0.9183,0.7921,4,Multiple candidates (5); Default YOLO correctly aligns with target
S022_SE01_CAP000783_CAM02,CAP000783,S022,CAM02,lateral,upright,6,multiple_candidates,0.2994999885559082,0.9168,0.6173,4,Multiple candidates (6); Default YOLO correctly aligns with target
S022_SE01_CAP000784_CAM01,CAP000784,S022,CAM01,frontal,leaning_forward,5,multiple_candidates,0.3637999892234802,0.9141,0.7849,4,Multiple candidates (5); Default YOLO correctly aligns with target
S022_SE01_CAP000784_CAM02,CAP000784,S022,CAM02,lateral,leaning_forward,8,multiple_candidates,0.2824999988079071,0.9282,0.58,4,Multiple candidates (8); Default YOLO correctly aligns with target
S022_SE01_CAP000785_CAM01,CAP000785,S022,CAM01,frontal,leaning_forward,5,multiple_candidates,0.3653999865055084,0.9136,0.7899,4,Multiple candidates (5); Default YOLO correctly aligns with target
S022_SE01_CAP000785_CAM02,CAP000785,S022,CAM02,lateral,leaning_forward,7,multiple_candidates,0.28119999170303345,0.9283,0.5769,4,Multiple candidates (7); Default YOLO correctly aligns with target
S022_SE01_CAP000786_CAM01,CAP000786,S022,CAM01,frontal,leaning_forward,5,multiple_candidates,0.36570000648498535,0.9106,0.787,4,Multiple candidates (5); Default YOLO correctly aligns with target
S022_SE01_CAP000786_CAM02,CAP000786,S022,CAM02,lateral,leaning_forward,8,multiple_candidates,0.2831000089645386,0.9269,0.5724,4,Multiple candidates (8); Default YOLO correctly aligns with target
S022_SE01_CAP000787_CAM01,CAP000787,S022,CAM01,frontal,leaning_forward,5,multiple_candidates,0.3666999936103821,0.9109,0.7874,4,Multiple candidates (5); Default YOLO correctly aligns with target
S022_SE01_CAP000787_CAM02,CAP000787,S022,CAM02,lateral,leaning_forward,8,multiple_candidates,0.2825999855995178,0.9249,0.5648,4,Multiple candidates (8); Default YOLO correctly aligns with target
S022_SE01_CAP000788_CAM01,CAP000788,S022,CAM01,frontal,leaning_forward,5,multiple_candidates,0.36640000343322754,0.9097,0.7869,4,Multiple candidates (5); Default YOLO correctly aligns with target
S022_SE01_CAP000788_CAM02,CAP000788,S022,CAM02,lateral,leaning_forward,8,multiple_candidates,0.28380000591278076,0.9235,0.6171,4,Multiple candidates (8); Default YOLO correctly aligns with target
S022_SE01_CAP000789_CAM01,CAP000789,S022,CAM01,frontal,leaning_backward,4,multiple_candidates,0.34769999980926514,0.9214,0.7966,4,Multiple candidates (4); Default YOLO correctly aligns with target
S022_SE01_CAP000789_CAM02,CAP000789,S022,CAM02,lateral,leaning_backward,7,multiple_candidates,0.31850001215934753,0.8974,0.6254,4,Multiple candidates (7); Default YOLO correctly aligns with target
S022_SE01_CAP000790_CAM01,CAP000790,S022,CAM01,frontal,leaning_backward,4,multiple_candidates,0.3474999964237213,0.9226,0.7938,4,Multiple candidates (4); Default YOLO correctly aligns with target
S022_SE01_CAP000790_CAM02,CAP000790,S022,CAM02,lateral,leaning_backward,9,multiple_candidates,0.3160000145435333,0.908,0.6177,4,Multiple candidates (9); Default YOLO correctly aligns with target
S022_SE01_CAP000791_CAM01,CAP000791,S022,CAM01,frontal,leaning_backward,4,multiple_candidates,0.34790000319480896,0.9219,0.8014,4,Multiple candidates (4); Default YOLO correctly aligns with target
S022_SE01_CAP000791_CAM02,CAP000791,S022,CAM02,lateral,leaning_backward,9,multiple_candidates,0.3179999887943268,0.9012,0.6709,4,Multiple candidates (9); Default YOLO correctly aligns with target
S022_SE01_CAP000792_CAM01,CAP000792,S022,CAM01,frontal,leaning_backward,6,multiple_candidates,0.34880000352859497,0.9229,0.7974,4,Multiple candidates (6); Default YOLO correctly aligns with target
S022_SE01_CAP000792_CAM02,CAP000792,S022,CAM02,lateral,leaning_backward,9,multiple_candidates,0.31529998779296875,0.9058,0.6627,4,Multiple candidates (9); Default YOLO correctly aligns with target
S022_SE01_CAP000793_CAM01,CAP000793,S022,CAM01,frontal,leaning_backward,5,multiple_candidates,0.34860000014305115,0.9234,0.8011,4,Multiple candidates (5); Default YOLO correctly aligns with target
S022_SE01_CAP000793_CAM02,CAP000793,S022,CAM02,lateral,leaning_backward,8,multiple_candidates,0.31630000472068787,0.903,0.665,4,Multiple candidates (8); Default YOLO correctly aligns with target
S022_SE01_CAP000794_CAM01,CAP000794,S022,CAM01,frontal,leaning_left,5,multiple_candidates,0.34439998865127563,0.9103,0.7969,4,Multiple candidates (5); Default YOLO correctly aligns with target
S022_SE01_CAP000794_CAM02,CAP000794,S022,CAM02,lateral,leaning_left,9,multiple_candidates,0.27810001373291016,0.9175,0.6689,4,Multiple candidates (9); Default YOLO correctly aligns with target
S022_SE01_CAP000795_CAM01,CAP000795,S022,CAM01,frontal,leaning_left,5,multiple_candidates,0.3434999883174896,0.9143,0.7927,4,Multiple candidates (5); Default YOLO correctly aligns with target
S022_SE01_CAP000795_CAM02,CAP000795,S022,CAM02,lateral,leaning_left,9,multiple_candidates,0.28349998593330383,0.9174,0.6539,4,Multiple candidates (9); Default YOLO correctly aligns with target
S022_SE01_CAP000796_CAM01,CAP000796,S022,CAM01,frontal,leaning_left,5,multiple_candidates,0.34380000829696655,0.9114,0.7968,4,Multiple candidates (5); Default YOLO correctly aligns with target
S022_SE01_CAP000796_CAM02,CAP000796,S022,CAM02,lateral,leaning_left,7,multiple_candidates,0.2815999984741211,0.9178,0.6608,4,Multiple candidates (7); Default YOLO correctly aligns with target
S022_SE01_CAP000797_CAM01,CAP000797,S022,CAM01,frontal,leaning_left,5,multiple_candidates,0.34439998865127563,0.9078,0.7953,4,Multiple candidates (5); Default YOLO correctly aligns with target
S022_SE01_CAP000797_CAM02,CAP000797,S022,CAM02,lateral,leaning_left,11,multiple_candidates,0.2824000120162964,0.9254,0.6569,4,Multiple candidates (11); Default YOLO correctly aligns with target
S022_SE01_CAP000798_CAM01,CAP000798,S022,CAM01,frontal,leaning_left,4,multiple_candidates,0.3433000147342682,0.9096,0.7953,4,Multiple candidates (4); Default YOLO correctly aligns with target
S022_SE01_CAP000798_CAM02,CAP000798,S022,CAM02,lateral,leaning_left,8,multiple_candidates,0.2822999954223633,0.9227,0.6566,4,Multiple candidates (8); Default YOLO correctly aligns with target
S022_SE01_CAP000799_CAM01,CAP000799,S022,CAM01,frontal,leaning_right,4,multiple_candidates,0.34940001368522644,0.9068,0.7974,4,Multiple candidates (4); Default YOLO correctly aligns with target
S022_SE01_CAP000799_CAM02,CAP000799,S022,CAM02,lateral,leaning_right,11,multiple_candidates,0.33230000734329224,0.9178,0.6066,4,Multiple candidates (11); Default YOLO correctly aligns with target
S022_SE01_CAP000800_CAM01,CAP000800,S022,CAM01,frontal,leaning_right,3,multiple_candidates,0.3483000099658966,0.9106,0.8,4,Multiple candidates (3); Default YOLO correctly aligns with target
S022_SE01_CAP000800_CAM02,CAP000800,S022,CAM02,lateral,leaning_right,10,multiple_candidates,0.32910001277923584,0.9258,0.6173,4,Multiple candidates (10); Default YOLO correctly aligns with target
S022_SE01_CAP000801_CAM01,CAP000801,S022,CAM01,frontal,leaning_right,4,multiple_candidates,0.34860000014305115,0.9078,0.7956,4,Multiple candidates (4); Default YOLO correctly aligns with target
S022_SE01_CAP000801_CAM02,CAP000801,S022,CAM02,lateral,leaning_right,10,multiple_candidates,0.3280999958515167,0.9184,0.6117,4,Multiple candidates (10); Default YOLO correctly aligns with target
S022_SE01_CAP000802_CAM01,CAP000802,S022,CAM01,frontal,leaning_right,4,multiple_candidates,0.3481999933719635,0.9123,0.7968,4,Multiple candidates (4); Default YOLO correctly aligns with target
S022_SE01_CAP000802_CAM02,CAP000802,S022,CAM02,lateral,leaning_right,11,multiple_candidates,0.32910001277923584,0.9135,0.6355,4,Multiple candidates (11); Default YOLO correctly aligns with target
S022_SE01_CAP000803_CAM01,CAP000803,S022,CAM01,frontal,leaning_right,4,multiple_candidates,0.34869998693466187,0.9083,0.7994,4,Multiple candidates (4); Default YOLO correctly aligns with target
S022_SE01_CAP000803_CAM02,CAP000803,S022,CAM02,lateral,leaning_right,11,multiple_candidates,0.32760000228881836,0.9209,0.6301,4,Multiple candidates (11); Default YOLO correctly aligns with target
S022_SE01_CAP000804_CAM01,CAP000804,S022,CAM01,frontal,slouching,5,multiple_candidates,0.3328999876976013,0.9091,0.7943,4,Multiple candidates (5); Default YOLO correctly aligns with target
S022_SE01_CAP000804_CAM02,CAP000804,S022,CAM02,lateral,slouching,7,multiple_candidates,0.29019999504089355,0.9038,0.6043,4,Multiple candidates (7); Default YOLO correctly aligns with target
S022_SE01_CAP000805_CAM01,CAP000805,S022,CAM01,frontal,slouching,6,multiple_candidates,0.3314000070095062,0.9116,0.7878,4,Multiple candidates (6); Default YOLO correctly aligns with target
S022_SE01_CAP000805_CAM02,CAP000805,S022,CAM02,lateral,slouching,8,multiple_candidates,0.2955000102519989,0.8988,0.6368,4,Multiple candidates (8); Default YOLO correctly aligns with target
S022_SE01_CAP000806_CAM01,CAP000806,S022,CAM01,frontal,slouching,6,multiple_candidates,0.33469998836517334,0.91,0.7814,4,Multiple candidates (6); Default YOLO correctly aligns with target
S022_SE01_CAP000806_CAM02,CAP000806,S022,CAM02,lateral,slouching,9,multiple_candidates,0.2906999886035919,0.9039,0.6198,4,Multiple candidates (9); Default YOLO correctly aligns with target
S022_SE01_CAP000807_CAM01,CAP000807,S022,CAM01,frontal,slouching,4,multiple_candidates,0.33309999108314514,0.9088,0.7818,4,Multiple candidates (4); Default YOLO correctly aligns with target
S022_SE01_CAP000807_CAM02,CAP000807,S022,CAM02,lateral,slouching,8,multiple_candidates,0.29330000281333923,0.9028,0.6303,4,Multiple candidates (8); Default YOLO correctly aligns with target
S022_SE01_CAP000808_CAM01,CAP000808,S022,CAM01,frontal,slouching,4,multiple_candidates,0.335099995136261,0.9066,0.7803,4,Multiple candidates (4); Default YOLO correctly aligns with target
S022_SE01_CAP000808_CAM02,CAP000808,S022,CAM02,lateral,slouching,5,multiple_candidates,0.29260000586509705,0.8965,0.6264,4,Multiple candidates (5); Default YOLO correctly aligns with target
S022_SE01_CAP000809_CAM01,CAP000809,S022,CAM01,frontal,forward_head,5,multiple_candidates,0.33309999108314514,0.9139,0.7791,4,Multiple candidates (5); Default YOLO correctly aligns with target
S022_SE01_CAP000809_CAM02,CAP000809,S022,CAM02,lateral,forward_head,8,multiple_candidates,0.2678000032901764,0.9244,0.5909,4,Multiple candidates (8); Default YOLO correctly aligns with target
S022_SE01_CAP000810_CAM01,CAP000810,S022,CAM01,frontal,forward_head,5,multiple_candidates,0.3321000039577484,0.9182,0.7731,4,Multiple candidates (5); Default YOLO correctly aligns with target
S022_SE01_CAP000810_CAM02,CAP000810,S022,CAM02,lateral,forward_head,8,multiple_candidates,0.2687999904155731,0.926,0.5679,4,Multiple candidates (8); Default YOLO correctly aligns with target
S022_SE01_CAP000811_CAM01,CAP000811,S022,CAM01,frontal,forward_head,7,multiple_candidates,0.3328999876976013,0.915,0.783,4,Multiple candidates (7); Default YOLO correctly aligns with target
S022_SE01_CAP000811_CAM02,CAP000811,S022,CAM02,lateral,forward_head,8,multiple_candidates,0.2687999904155731,0.9273,0.5817,4,Multiple candidates (8); Default YOLO correctly aligns with target
S022_SE01_CAP000812_CAM01,CAP000812,S022,CAM01,frontal,forward_head,6,multiple_candidates,0.3352000117301941,0.9172,0.7781,4,Multiple candidates (6); Default YOLO correctly aligns with target
S022_SE01_CAP000812_CAM02,CAP000812,S022,CAM02,lateral,forward_head,7,multiple_candidates,0.26840001344680786,0.9279,0.5882,4,Multiple candidates (7); Default YOLO correctly aligns with target
S022_SE01_CAP000813_CAM01,CAP000813,S022,CAM01,frontal,forward_head,9,multiple_candidates,0.3395000100135803,0.916,0.7721,4,Multiple candidates (9); Default YOLO correctly aligns with target
S022_SE01_CAP000813_CAM02,CAP000813,S022,CAM02,lateral,forward_head,8,multiple_candidates,0.2689000070095062,0.9224,0.5966,4,Multiple candidates (8); Default YOLO correctly aligns with target
S022_SE01_CAP000814_CAM01,CAP000814,S022,CAM01,frontal,reject,6,multiple_candidates,0.23100000619888306,0.9367,0.5823,4,Multiple candidates (6); Default YOLO correctly aligns with target
S022_SE01_CAP000814_CAM02,CAP000814,S022,CAM02,lateral,reject,9,multiple_candidates,0.27070000767707825,0.865,0.3389,3,Multiple candidates (9); Default YOLO correctly aligns with target
S023_SE01_CAP000815_CAM01,CAP000815,S023,CAM01,frontal,upright,5,multiple_candidates,0.14259999990463257,0.9271,0.7123,4,Multiple candidates (5); Default YOLO correctly aligns with target
S023_SE01_CAP000815_CAM02,CAP000815,S023,CAM02,lateral,upright,7,multiple_candidates,0.24889999628067017,0.8573,0.6388,4,Multiple candidates (7); Default YOLO correctly aligns with target
S023_SE01_CAP000816_CAM01,CAP000816,S023,CAM01,frontal,upright,4,multiple_candidates,0.14249999821186066,0.926,0.7107,4,Multiple candidates (4); Default YOLO correctly aligns with target
S023_SE01_CAP000816_CAM02,CAP000816,S023,CAM02,lateral,upright,7,wrong_person_risk,0.24379999935626984,0.8456,0.651,4,Multiple candidates (7); Default YOLO picks non-target candidate 0!
S023_SE01_CAP000817_CAM01,CAP000817,S023,CAM01,frontal,upright,5,multiple_candidates,0.14219999313354492,0.9297,0.7065,4,Multiple candidates (5); Default YOLO correctly aligns with target
S023_SE01_CAP000817_CAM02,CAP000817,S023,CAM02,lateral,upright,7,wrong_person_risk,0.24770000576972961,0.8162,0.6528,4,Multiple candidates (7); Default YOLO picks non-target candidate 0!
S023_SE01_CAP000818_CAM01,CAP000818,S023,CAM01,frontal,upright,5,multiple_candidates,0.14339999854564667,0.9281,0.7107,4,Multiple candidates (5); Default YOLO correctly aligns with target
S023_SE01_CAP000818_CAM02,CAP000818,S023,CAM02,lateral,upright,8,multiple_candidates,0.24289999902248383,0.8713,0.6425,4,Multiple candidates (8); Default YOLO correctly aligns with target
S023_SE01_CAP000819_CAM01,CAP000819,S023,CAM01,frontal,upright,8,wrong_person_risk,0.004100000020116568,0.1578,0.5572,4,Multiple candidates (8); Default YOLO picks non-target candidate 0!
S023_SE01_CAP000819_CAM02,CAP000819,S023,CAM02,lateral,upright,8,wrong_person_risk,0.2401999980211258,0.8614,0.6281,4,Multiple candidates (8); Default YOLO picks non-target candidate 0!
S023_SE01_CAP000820_CAM01,CAP000820,S023,CAM01,frontal,leaning_forward,6,multiple_candidates,0.15129999816417694,0.9224,0.7243,4,Multiple candidates (6); Default YOLO correctly aligns with target
S023_SE01_CAP000820_CAM02,CAP000820,S023,CAM02,lateral,leaning_forward,7,multiple_candidates,0.20630000531673431,0.8891,0.6162,4,Multiple candidates (7); Default YOLO correctly aligns with target
S023_SE01_CAP000821_CAM01,CAP000821,S023,CAM01,frontal,leaning_forward,6,multiple_candidates,0.1509999930858612,0.9229,0.732,4,Multiple candidates (6); Default YOLO correctly aligns with target
S023_SE01_CAP000821_CAM02,CAP000821,S023,CAM02,lateral,leaning_forward,6,multiple_candidates,0.21070000529289246,0.9143,0.6177,4,Multiple candidates (6); Default YOLO correctly aligns with target
S023_SE01_CAP000822_CAM01,CAP000822,S023,CAM01,frontal,leaning_forward,5,multiple_candidates,0.15129999816417694,0.9255,0.7256,4,Multiple candidates (5); Default YOLO correctly aligns with target
S023_SE01_CAP000822_CAM02,CAP000822,S023,CAM02,lateral,leaning_forward,5,multiple_candidates,0.20980000495910645,0.9176,0.5988,4,Multiple candidates (5); Default YOLO correctly aligns with target
S023_SE01_CAP000823_CAM01,CAP000823,S023,CAM01,frontal,leaning_forward,5,multiple_candidates,0.15109999477863312,0.9257,0.7253,4,Multiple candidates (5); Default YOLO correctly aligns with target
S023_SE01_CAP000823_CAM02,CAP000823,S023,CAM02,lateral,leaning_forward,7,multiple_candidates,0.20900000631809235,0.9027,0.5999,4,Multiple candidates (7); Default YOLO correctly aligns with target
S023_SE01_CAP000824_CAM01,CAP000824,S023,CAM01,frontal,leaning_forward,7,multiple_candidates,0.1509000062942505,0.9215,0.7276,4,Multiple candidates (7); Default YOLO correctly aligns with target
S023_SE01_CAP000824_CAM02,CAP000824,S023,CAM02,lateral,leaning_forward,8,multiple_candidates,0.21050000190734863,0.9199,0.6005,4,Multiple candidates (8); Default YOLO correctly aligns with target
S023_SE01_CAP000825_CAM01,CAP000825,S023,CAM01,frontal,leaning_backward,5,multiple_candidates,0.12039999663829803,0.9194,0.7329,4,Multiple candidates (5); Default YOLO correctly aligns with target
S023_SE01_CAP000825_CAM02,CAP000825,S023,CAM02,lateral,leaning_backward,6,wrong_person_risk,0.2915000021457672,0.8589,0.6173,4,Multiple candidates (6); Default YOLO picks non-target candidate 0!
S023_SE01_CAP000826_CAM01,CAP000826,S023,CAM01,frontal,leaning_backward,6,wrong_person_risk,0.005100000184029341,0.1923,0.5451,4,Multiple candidates (6); Default YOLO picks non-target candidate 0!
S023_SE01_CAP000826_CAM02,CAP000826,S023,CAM02,lateral,leaning_backward,8,multiple_candidates,0.2822999954223633,0.8795,0.5954,4,Multiple candidates (8); Default YOLO correctly aligns with target
S023_SE01_CAP000827_CAM01,CAP000827,S023,CAM01,frontal,leaning_backward,8,multiple_candidates,0.12120000272989273,0.9153,0.7291,4,Multiple candidates (8); Default YOLO correctly aligns with target
S023_SE01_CAP000827_CAM02,CAP000827,S023,CAM02,lateral,leaning_backward,8,multiple_candidates,0.2888000011444092,0.874,0.6222,4,Multiple candidates (8); Default YOLO correctly aligns with target
S023_SE01_CAP000828_CAM01,CAP000828,S023,CAM01,frontal,leaning_backward,7,multiple_candidates,0.12129999697208405,0.9211,0.7401,4,Multiple candidates (7); Default YOLO correctly aligns with target
S023_SE01_CAP000828_CAM02,CAP000828,S023,CAM02,lateral,leaning_backward,8,multiple_candidates,0.29089999198913574,0.8667,0.6106,4,Multiple candidates (8); Default YOLO correctly aligns with target
S023_SE01_CAP000829_CAM01,CAP000829,S023,CAM01,frontal,leaning_backward,6,multiple_candidates,0.12060000002384186,0.9174,0.7194,4,Multiple candidates (6); Default YOLO correctly aligns with target
S023_SE01_CAP000829_CAM02,CAP000829,S023,CAM02,lateral,leaning_backward,10,multiple_candidates,0.28600001335144043,0.8697,0.6253,4,Multiple candidates (10); Default YOLO correctly aligns with target
S023_SE01_CAP000830_CAM01,CAP000830,S023,CAM01,frontal,leaning_left,10,wrong_person_risk,0.009200000204145908,0.2943,0.5057,4,Multiple candidates (10); Default YOLO picks non-target candidate 0!
S023_SE01_CAP000830_CAM02,CAP000830,S023,CAM02,lateral,leaning_left,7,multiple_candidates,0.21070000529289246,0.7864,0.6374,4,Multiple candidates (7); Default YOLO correctly aligns with target
S023_SE01_CAP000831_CAM01,CAP000831,S023,CAM01,frontal,leaning_left,9,wrong_person_risk,0.009399999864399433,0.2959,0.5105,4,Multiple candidates (9); Default YOLO picks non-target candidate 0!
S023_SE01_CAP000831_CAM02,CAP000831,S023,CAM02,lateral,leaning_left,9,multiple_candidates,0.21160000562667847,0.8073,0.65,4,Multiple candidates (9); Default YOLO correctly aligns with target
S023_SE01_CAP000832_CAM01,CAP000832,S023,CAM01,frontal,leaning_left,9,wrong_person_risk,0.004800000227987766,0.1559,0.5631,4,Multiple candidates (9); Default YOLO picks non-target candidate 0!
S023_SE01_CAP000832_CAM02,CAP000832,S023,CAM02,lateral,leaning_left,8,wrong_person_risk,0.22300000488758087,0.6089,0.6379,4,Multiple candidates (8); Default YOLO picks non-target candidate 0!
S023_SE01_CAP000833_CAM01,CAP000833,S023,CAM01,frontal,leaning_left,10,wrong_person_risk,0.005799999926239252,0.2382,0.576,4,Multiple candidates (10); Default YOLO picks non-target candidate 0!
S023_SE01_CAP000833_CAM02,CAP000833,S023,CAM02,lateral,leaning_left,8,multiple_candidates,0.20360000431537628,0.8209,0.6527,4,Multiple candidates (8); Default YOLO correctly aligns with target
S023_SE01_CAP000834_CAM01,CAP000834,S023,CAM01,frontal,leaning_left,11,wrong_person_risk,0.004800000227987766,0.1704,0.5345,4,Multiple candidates (11); Default YOLO picks non-target candidate 0!
S023_SE01_CAP000834_CAM02,CAP000834,S023,CAM02,lateral,leaning_left,7,multiple_candidates,0.20749999582767487,0.9007,0.654,4,Multiple candidates (7); Default YOLO correctly aligns with target
S023_SE01_CAP000835_CAM01,CAP000835,S023,CAM01,frontal,leaning_right,11,multiple_candidates,0.15919999778270721,0.8963,0.7293,4,Multiple candidates (11); Default YOLO correctly aligns with target
S023_SE01_CAP000835_CAM02,CAP000835,S023,CAM02,lateral,leaning_right,9,multiple_candidates,0.28540000319480896,0.8571,0.5735,4,Multiple candidates (9); Default YOLO correctly aligns with target
S023_SE01_CAP000836_CAM01,CAP000836,S023,CAM01,frontal,leaning_right,9,multiple_candidates,0.15889999270439148,0.889,0.7235,4,Multiple candidates (9); Default YOLO correctly aligns with target
S023_SE01_CAP000836_CAM02,CAP000836,S023,CAM02,lateral,leaning_right,9,multiple_candidates,0.2937999963760376,0.8278,0.6045,4,Multiple candidates (9); Default YOLO correctly aligns with target
S023_SE01_CAP000837_CAM01,CAP000837,S023,CAM01,frontal,leaning_right,10,multiple_candidates,0.15549999475479126,0.8774,0.729,4,Multiple candidates (10); Default YOLO correctly aligns with target
S023_SE01_CAP000837_CAM02,CAP000837,S023,CAM02,lateral,leaning_right,10,multiple_candidates,0.29490000009536743,0.8318,0.639,4,Multiple candidates (10); Default YOLO correctly aligns with target
S023_SE01_CAP000838_CAM01,CAP000838,S023,CAM01,frontal,leaning_right,7,multiple_candidates,0.15770000219345093,0.8741,0.7286,4,Multiple candidates (7); Default YOLO correctly aligns with target
S023_SE01_CAP000838_CAM02,CAP000838,S023,CAM02,lateral,leaning_right,8,multiple_candidates,0.27639999985694885,0.9023,0.6318,4,Multiple candidates (8); Default YOLO correctly aligns with target
S023_SE01_CAP000839_CAM01,CAP000839,S023,CAM01,frontal,leaning_right,10,multiple_candidates,0.1639000028371811,0.9002,0.728,4,Multiple candidates (10); Default YOLO correctly aligns with target
S023_SE01_CAP000839_CAM02,CAP000839,S023,CAM02,lateral,leaning_right,9,multiple_candidates,0.27469998598098755,0.8629,0.5966,4,Multiple candidates (9); Default YOLO correctly aligns with target
S023_SE01_CAP000840_CAM01,CAP000840,S023,CAM01,frontal,slouching,7,multiple_candidates,0.13189999759197235,0.929,0.7554,4,Multiple candidates (7); Default YOLO correctly aligns with target
S023_SE01_CAP000840_CAM02,CAP000840,S023,CAM02,lateral,slouching,7,multiple_candidates,0.22499999403953552,0.9061,0.6166,4,Multiple candidates (7); Default YOLO correctly aligns with target
S023_SE01_CAP000841_CAM01,CAP000841,S023,CAM01,frontal,slouching,9,multiple_candidates,0.1315000057220459,0.9298,0.7585,4,Multiple candidates (9); Default YOLO correctly aligns with target
S023_SE01_CAP000841_CAM02,CAP000841,S023,CAM02,lateral,slouching,7,multiple_candidates,0.22709999978542328,0.9211,0.6349,4,Multiple candidates (7); Default YOLO correctly aligns with target
S023_SE01_CAP000842_CAM01,CAP000842,S023,CAM01,frontal,slouching,10,multiple_candidates,0.13089999556541443,0.9261,0.7646,4,Multiple candidates (10); Default YOLO correctly aligns with target
S023_SE01_CAP000842_CAM02,CAP000842,S023,CAM02,lateral,slouching,7,multiple_candidates,0.22429999709129333,0.9054,0.6203,4,Multiple candidates (7); Default YOLO correctly aligns with target
S023_SE01_CAP000843_CAM01,CAP000843,S023,CAM01,frontal,slouching,10,wrong_person_risk,0.004399999976158142,0.1609,0.5582,4,Multiple candidates (10); Default YOLO picks non-target candidate 0!
S023_SE01_CAP000843_CAM02,CAP000843,S023,CAM02,lateral,slouching,8,multiple_candidates,0.2328999936580658,0.8988,0.6474,4,Multiple candidates (8); Default YOLO correctly aligns with target
S023_SE01_CAP000844_CAM01,CAP000844,S023,CAM01,frontal,slouching,8,wrong_person_risk,0.00430000014603138,0.1524,0.5745,4,Multiple candidates (8); Default YOLO picks non-target candidate 0!
S023_SE01_CAP000844_CAM02,CAP000844,S023,CAM02,lateral,slouching,5,multiple_candidates,0.22579999268054962,0.9145,0.6212,4,Multiple candidates (5); Default YOLO correctly aligns with target
S023_SE01_CAP000845_CAM01,CAP000845,S023,CAM01,frontal,forward_head,8,wrong_person_risk,0.009100000374019146,0.2937,0.3801,4,Multiple candidates (8); Default YOLO picks non-target candidate 0!
S023_SE01_CAP000845_CAM02,CAP000845,S023,CAM02,lateral,forward_head,9,multiple_candidates,0.2134999930858612,0.909,0.5768,4,Multiple candidates (9); Default YOLO correctly aligns with target
S023_SE01_CAP000846_CAM01,CAP000846,S023,CAM01,frontal,forward_head,9,wrong_person_risk,0.008799999952316284,0.3681,0.397,4,Multiple candidates (9); Default YOLO picks non-target candidate 0!
S023_SE01_CAP000846_CAM02,CAP000846,S023,CAM02,lateral,forward_head,8,multiple_candidates,0.21490000188350677,0.9235,0.6012,4,Multiple candidates (8); Default YOLO correctly aligns with target
S023_SE01_CAP000847_CAM01,CAP000847,S023,CAM01,frontal,forward_head,9,wrong_person_risk,0.004600000102072954,0.1882,0.589,4,Multiple candidates (9); Default YOLO picks non-target candidate 0!
S023_SE01_CAP000847_CAM02,CAP000847,S023,CAM02,lateral,forward_head,6,multiple_candidates,0.21469999849796295,0.9186,0.5872,4,Multiple candidates (6); Default YOLO correctly aligns with target
S023_SE01_CAP000848_CAM01,CAP000848,S023,CAM01,frontal,forward_head,10,wrong_person_risk,0.004800000227987766,0.1536,0.634,4,Multiple candidates (10); Default YOLO picks non-target candidate 0!
S023_SE01_CAP000848_CAM02,CAP000848,S023,CAM02,lateral,forward_head,7,multiple_candidates,0.2143000066280365,0.9185,0.5817,4,Multiple candidates (7); Default YOLO correctly aligns with target
S023_SE01_CAP000849_CAM01,CAP000849,S023,CAM01,frontal,forward_head,9,wrong_person_risk,0.004999999888241291,0.1737,0.6723,4,Multiple candidates (9); Default YOLO picks non-target candidate 0!
S023_SE01_CAP000849_CAM02,CAP000849,S023,CAM02,lateral,forward_head,7,multiple_candidates,0.2143000066280365,0.9164,0.5945,4,Multiple candidates (7); Default YOLO correctly aligns with target
S023_SE01_CAP000850_CAM01,CAP000850,S023,CAM01,frontal,reject,7,multiple_candidates,0.18060000240802765,0.9215,0.8114,4,Multiple candidates (7); Default YOLO correctly aligns with target
S023_SE01_CAP000850_CAM02,CAP000850,S023,CAM02,lateral,reject,5,multiple_candidates,0.1988999992609024,0.8896,0.5976,4,Multiple candidates (5); Default YOLO correctly aligns with target
S023_SE01_CAP000851_CAM01,CAP000851,S023,CAM01,frontal,reject,8,multiple_candidates,0.1542000025510788,0.9033,0.8599,4,Multiple candidates (8); Default YOLO correctly aligns with target
S023_SE01_CAP000851_CAM02,CAP000851,S023,CAM02,lateral,reject,7,wrong_person_risk,0.007199999876320362,0.2603,0.3832,4,Multiple candidates (7); Default YOLO picks non-target candidate 0!
