capture_id,subject_id,posture,calibration_id,correspondence_status,correspondence_score,status_3d,decision,valid_3d_joints_core,valid_3d_joints_total,core_reproj_error_640p_px,core_reproj_error_1080p_px,masked_joint_max_error_px,shoulder_width_m,torso_length_m,depth_z_m,reason
CAP000001,S001,upright,CAL_001,SAME_PERSON,0,PASS,INCLUDE_3D_FULL,11,14,35.01,105.03,77.77,0.196,0.438,0.832,"Full 3D: 11/17 core joints, core_err=35.0px, Z=0.83m"
CAP000002,S001,upright,CAL_001,SAME_PERSON,0,PASS,INCLUDE_3D_FULL,11,14,36.45,109.34,78.76,0.192,0.437,0.828,"Full 3D: 11/17 core joints, core_err=36.4px, Z=0.83m"
CAP000003,S001,upright,CAL_001,SAME_PERSON,0,PASS,INCLUDE_3D_FULL,11,14,35.6,106.81,79.2,0.194,0.433,0.829,"Full 3D: 11/17 core joints, core_err=35.6px, Z=0.83m"
CAP000004,S001,upright,CAL_001,SAME_PERSON,0,PASS,INCLUDE_3D_FULL,11,14,36.5,109.5,78.92,0.195,0.437,0.828,"Full 3D: 11/17 core joints, core_err=36.5px, Z=0.83m"
CAP000005,S001,upright,CAL_001,SAME_PERSON,0,PASS,INCLUDE_3D_FULL,11,14,35.73,107.2,78.16,0.195,0.433,0.829,"Full 3D: 11/17 core joints, core_err=35.7px, Z=0.83m"
CAP000006,S001,leaning_forward,CAL_001,SAME_PERSON,0,PASS,INCLUDE_3D_FULL,11,12,33.4,100.2,65.65,0.21,0.425,0.795,"Full 3D: 11/17 core joints, core_err=33.4px, Z=0.80m"
CAP000007,S001,leaning_forward,CAL_001,SAME_PERSON,0,PASS,INCLUDE_3D_FULL,11,12,33.39,100.18,65.38,0.205,0.423,0.793,"Full 3D: 11/17 core joints, core_err=33.4px, Z=0.79m"
CAP000008,S001,leaning_forward,CAL_001,SAME_PERSON,0,PASS,INCLUDE_3D_FULL,12,12,34.93,104.78,,0.207,0.426,0.79,"Full 3D: 12/17 core joints, core_err=34.9px, Z=0.79m"
CAP000009,S001,leaning_forward,CAL_001,SAME_PERSON,0,PASS,INCLUDE_3D_FULL,12,12,35.3,105.91,,0.206,0.425,0.787,"Full 3D: 12/17 core joints, core_err=35.3px, Z=0.79m"
CAP000010,S001,leaning_forward,CAL_001,SAME_PERSON,0,PASS,INCLUDE_3D_FULL,12,12,35.41,106.24,,0.206,0.424,0.786,"Full 3D: 12/17 core joints, core_err=35.4px, Z=0.79m"
CAP000011,S001,upright,CAL_001,SAME_PERSON,0,PASS,INCLUDE_3D_FULL,10,12,39.65,118.96,75.16,0.199,0.465,0.843,"Full 3D: 10/17 core joints, core_err=39.7px, Z=0.84m"
CAP000012,S001,upright,CAL_001,SAME_PERSON,0,PASS,INCLUDE_3D_FULL,11,12,38.84,116.52,70.91,0.206,0.442,0.848,"Full 3D: 11/17 core joints, core_err=38.8px, Z=0.85m"
CAP000013,S001,upright,CAL_001,SAME_PERSON,0,PASS,INCLUDE_3D_FULL,10,12,38.31,114.93,73.64,0.212,0.449,0.857,"Full 3D: 10/17 core joints, core_err=38.3px, Z=0.86m"
CAP000014,S001,upright,CAL_001,SAME_PERSON,0,PASS,INCLUDE_3D_FULL,11,12,39.53,118.6,71.92,0.217,0.45,0.858,"Full 3D: 11/17 core joints, core_err=39.5px, Z=0.86m"
CAP000015,S001,upright,CAL_001,SAME_PERSON,0,PASS,INCLUDE_3D_FULL,10,12,40.53,121.58,76.33,0.22,0.458,0.857,"Full 3D: 10/17 core joints, core_err=40.5px, Z=0.86m"
CAP000016,S001,leaning_forward,CAL_001,SAME_PERSON,0,PASS,INCLUDE_3D_FULL,12,12,17.57,52.72,,0.198,0.399,0.803,"Full 3D: 12/17 core joints, core_err=17.6px, Z=0.80m"
CAP000017,S001,leaning_forward,CAL_001,SAME_PERSON,0,PASS,INCLUDE_3D_FULL,12,12,18.64,55.93,,0.218,0.398,0.797,"Full 3D: 12/17 core joints, core_err=18.6px, Z=0.80m"
CAP000018,S001,leaning_forward,CAL_001,SAME_PERSON,0,PASS,INCLUDE_3D_FULL,12,12,23.43,70.28,,0.231,0.434,0.794,"Full 3D: 12/17 core joints, core_err=23.4px, Z=0.79m"
CAP000019,S001,leaning_forward,CAL_001,SAME_PERSON,0,PASS,INCLUDE_3D_FULL,11,11,20.1,60.3,,0.228,0.418,0.794,"Full 3D: 11/17 core joints, core_err=20.1px, Z=0.79m"
CAP000020,S001,leaning_forward,CAL_001,SAME_PERSON,0,PASS,INCLUDE_3D_FULL,12,12,24.28,72.84,,0.234,0.44,0.793,"Full 3D: 12/17 core joints, core_err=24.3px, Z=0.79m"
CAP000021,S001,leaning_backward,CAL_001,SAME_PERSON,0,PASS,INCLUDE_3D_FULL,11,12,36.0,107.99,65.39,0.228,0.432,0.867,"Full 3D: 11/17 core joints, core_err=36.0px, Z=0.87m"
CAP000022,S001,leaning_backward,CAL_001,SAME_PERSON,0,PASS,INCLUDE_3D_FULL,12,12,41.16,123.49,,0.214,0.43,0.852,"Full 3D: 12/17 core joints, core_err=41.2px, Z=0.85m"
CAP000023,S001,leaning_backward,CAL_001,SAME_PERSON,0,PASS,INCLUDE_3D_FULL,12,12,37.75,113.26,,0.209,0.435,0.859,"Full 3D: 12/17 core joints, core_err=37.8px, Z=0.86m"
CAP000024,S001,leaning_backward,CAL_001,SAME_PERSON,0,PASS,INCLUDE_3D_FULL,13,14,35.36,106.07,65.03,0.215,0.434,0.848,"Full 3D: 13/17 core joints, core_err=35.4px, Z=0.85m"
CAP000025,S001,leaning_backward,CAL_001,SAME_PERSON,0,PASS,INCLUDE_3D_FULL,12,12,36.29,108.86,,0.212,0.432,0.861,"Full 3D: 12/17 core joints, core_err=36.3px, Z=0.86m"
CAP000026,S001,leaning_left,CAL_001,SAME_PERSON,0,PASS,INCLUDE_3D_FULL,9,13,30.25,90.75,88.02,0.203,0.423,0.865,"Full 3D: 9/17 core joints, core_err=30.2px, Z=0.87m"
CAP000027,S001,leaning_left,CAL_001,SAME_PERSON,0,PASS,INCLUDE_3D_FULL,10,14,33.61,100.82,88.71,0.198,0.415,0.879,"Full 3D: 10/17 core joints, core_err=33.6px, Z=0.88m"
CAP000028,S001,leaning_left,CAL_001,SAME_PERSON,0,PASS,INCLUDE_3D_FULL,10,14,28.05,84.14,89.06,0.21,0.42,0.875,"Full 3D: 10/17 core joints, core_err=28.0px, Z=0.87m"
CAP000029,S001,leaning_left,CAL_001,SAME_PERSON,0,PASS,INCLUDE_3D_FULL,10,14,29.52,88.57,88.14,0.211,0.422,0.874,"Full 3D: 10/17 core joints, core_err=29.5px, Z=0.87m"
CAP000030,S001,leaning_left,CAL_001,SAME_PERSON,0,PASS,INCLUDE_3D_FULL,10,14,26.8,80.4,88.64,0.199,0.414,0.864,"Full 3D: 10/17 core joints, core_err=26.8px, Z=0.86m"
CAP000031,S001,leaning_right,CAL_001,LIKELY_SAME,1,PASS,INCLUDE_3D_FULL,12,12,18.89,56.66,,0.198,0.399,0.783,"Full 3D: 12/17 core joints, core_err=18.9px, Z=0.78m"
CAP000032,S001,leaning_right,CAL_001,LIKELY_SAME,1,PASS,INCLUDE_3D_FULL,12,12,20.3,60.89,,0.196,0.402,0.781,"Full 3D: 12/17 core joints, core_err=20.3px, Z=0.78m"
CAP000033,S001,leaning_right,CAL_001,LIKELY_SAME,1,PASS,INCLUDE_3D_FULL,12,12,21.57,64.71,,0.191,0.397,0.783,"Full 3D: 12/17 core joints, core_err=21.6px, Z=0.78m"
CAP000034,S001,leaning_right,CAL_001,SUSPICIOUS,3,PASS,INCLUDE_3D_FULL,11,11,22.26,66.78,,0.227,,0.789,"Full 3D: 11/17 core joints, core_err=22.3px, Z=0.79m"
CAP000035,S001,leaning_right,CAL_001,SUSPICIOUS,4,PASS,INCLUDE_3D_FULL,11,11,21.04,63.12,,0.228,,0.781,"Full 3D: 11/17 core joints, core_err=21.0px, Z=0.78m"
CAP000036,S001,slouching,CAL_001,SAME_PERSON,0,PASS,INCLUDE_3D_FULL,12,12,29.73,89.18,,0.211,0.406,0.829,"Full 3D: 12/17 core joints, core_err=29.7px, Z=0.83m"
CAP000037,S001,slouching,CAL_001,SAME_PERSON,0,PASS,INCLUDE_3D_FULL,14,14,30.18,90.54,,0.207,0.394,0.841,"Full 3D: 14/17 core joints, core_err=30.2px, Z=0.84m"
CAP000038,S001,slouching,CAL_001,SUSPICIOUS,3,PASS,INCLUDE_3D_FULL,12,12,25.84,77.52,,0.204,0.393,0.837,"Full 3D: 12/17 core joints, core_err=25.8px, Z=0.84m"
CAP000039,S001,slouching,CAL_001,SAME_PERSON,0,PASS,INCLUDE_3D_FULL,14,14,22.29,66.87,,0.205,0.361,0.833,"Full 3D: 14/17 core joints, core_err=22.3px, Z=0.83m"
CAP000040,S001,slouching,CAL_001,SAME_PERSON,0,PASS,INCLUDE_3D_FULL,14,14,31.26,93.77,,0.19,0.398,0.835,"Full 3D: 14/17 core joints, core_err=31.3px, Z=0.84m"
CAP000041,S001,forward_head,CAL_001,SAME_PERSON,0,PASS,INCLUDE_3D_FULL,14,14,32.17,96.51,,0.189,0.412,0.841,"Full 3D: 14/17 core joints, core_err=32.2px, Z=0.84m"
CAP000042,S001,forward_head,CAL_001,SAME_PERSON,0,PASS,INCLUDE_3D_FULL,14,14,32.51,97.52,,0.189,0.4,0.834,"Full 3D: 14/17 core joints, core_err=32.5px, Z=0.83m"
CAP000043,S001,forward_head,CAL_001,SAME_PERSON,0,PASS,INCLUDE_3D_FULL,14,14,32.2,96.61,,0.192,0.404,0.832,"Full 3D: 14/17 core joints, core_err=32.2px, Z=0.83m"
CAP000044,S001,forward_head,CAL_001,SAME_PERSON,0,PASS,INCLUDE_3D_FULL,14,14,28.61,85.84,,0.193,0.382,0.844,"Full 3D: 14/17 core joints, core_err=28.6px, Z=0.84m"
CAP000045,S001,forward_head,CAL_001,SAME_PERSON,0,PASS,INCLUDE_3D_FULL,13,13,31.5,94.51,,0.192,0.387,0.837,"Full 3D: 13/17 core joints, core_err=31.5px, Z=0.84m"
CAP000046,S001,reject,CAL_001,SAME_PERSON,0,REVIEW,INCLUDE_3D_WITH_MASKING,4,6,27.32,81.97,98.32,,,0.672,Partial 3D: 4/17 core joints - usable with NaN masking
CAP000047,S001,reject,CAL_001,NO_TARGET,0,PASS,EXCLUDE_3D,0,0,,,,,,,Clean negative sample (empty chair)
CAP000048,S002,upright,CAL_001,SAME_PERSON,0,PASS,INCLUDE_3D_FULL,12,12,29.68,89.04,,0.226,0.476,0.818,"Full 3D: 12/17 core joints, core_err=29.7px, Z=0.82m"
CAP000049,S002,upright,CAL_001,SAME_PERSON,0,PASS,INCLUDE_3D_FULL,12,12,28.53,85.59,,0.229,0.476,0.823,"Full 3D: 12/17 core joints, core_err=28.5px, Z=0.82m"
CAP000050,S002,upright,CAL_001,SAME_PERSON,0,PASS,INCLUDE_3D_FULL,12,12,28.92,86.77,,0.228,0.474,0.822,"Full 3D: 12/17 core joints, core_err=28.9px, Z=0.82m"
CAP000051,S002,upright,CAL_001,SAME_PERSON,0,PASS,INCLUDE_3D_FULL,12,12,27.38,82.13,,0.224,0.481,0.824,"Full 3D: 12/17 core joints, core_err=27.4px, Z=0.82m"
CAP000052,S002,upright,CAL_001,SAME_PERSON,0,PASS,INCLUDE_3D_FULL,12,12,28.05,84.16,,0.226,0.479,0.82,"Full 3D: 12/17 core joints, core_err=28.1px, Z=0.82m"
CAP000053,S002,leaning_forward,CAL_001,SAME_PERSON,0,PASS,INCLUDE_3D_FULL,12,12,26.3,78.91,,0.242,0.487,0.791,"Full 3D: 12/17 core joints, core_err=26.3px, Z=0.79m"
CAP000054,S002,leaning_forward,CAL_001,SAME_PERSON,0,PASS,INCLUDE_3D_FULL,12,12,29.1,87.31,,0.253,0.476,0.791,"Full 3D: 12/17 core joints, core_err=29.1px, Z=0.79m"
CAP000055,S002,leaning_forward,CAL_001,SAME_PERSON,0,PASS,INCLUDE_3D_FULL,12,12,28.07,84.2,,0.258,0.475,0.792,"Full 3D: 12/17 core joints, core_err=28.1px, Z=0.79m"
CAP000056,S002,leaning_forward,CAL_001,SAME_PERSON,0,PASS,INCLUDE_3D_FULL,12,12,28.76,86.27,,0.255,0.476,0.791,"Full 3D: 12/17 core joints, core_err=28.8px, Z=0.79m"
CAP000057,S002,leaning_forward,CAL_001,SAME_PERSON,0,PASS,INCLUDE_3D_FULL,12,12,28.92,86.77,,0.256,0.478,0.792,"Full 3D: 12/17 core joints, core_err=28.9px, Z=0.79m"
CAP000058,S002,leaning_backward,CAL_001,SAME_PERSON,0,PASS,INCLUDE_3D_FULL,12,12,24.15,72.44,,0.23,0.431,0.836,"Full 3D: 12/17 core joints, core_err=24.1px, Z=0.84m"
CAP000059,S002,leaning_backward,CAL_001,SAME_PERSON,0,PASS,INCLUDE_3D_FULL,12,12,24.71,74.12,,0.227,0.422,0.84,"Full 3D: 12/17 core joints, core_err=24.7px, Z=0.84m"
CAP000060,S002,leaning_backward,CAL_001,SAME_PERSON,0,PASS,INCLUDE_3D_FULL,12,12,24.39,73.16,,0.229,0.423,0.84,"Full 3D: 12/17 core joints, core_err=24.4px, Z=0.84m"
CAP000061,S002,leaning_backward,CAL_001,SAME_PERSON,0,PASS,INCLUDE_3D_FULL,12,12,24.46,73.39,,0.229,0.423,0.841,"Full 3D: 12/17 core joints, core_err=24.5px, Z=0.84m"
CAP000062,S002,leaning_backward,CAL_001,SAME_PERSON,0,PASS,INCLUDE_3D_FULL,12,12,24.44,73.33,,0.23,0.432,0.842,"Full 3D: 12/17 core joints, core_err=24.4px, Z=0.84m"
CAP000063,S002,leaning_left,CAL_001,SAME_PERSON,0,PASS,INCLUDE_3D_FULL,10,12,26.94,80.82,77.08,0.246,0.472,0.857,"Full 3D: 10/17 core joints, core_err=26.9px, Z=0.86m"
CAP000064,S002,leaning_left,CAL_001,SAME_PERSON,0,PASS,INCLUDE_3D_FULL,10,12,26.99,80.96,75.15,0.244,0.457,0.861,"Full 3D: 10/17 core joints, core_err=27.0px, Z=0.86m"
CAP000065,S002,leaning_left,CAL_001,SAME_PERSON,0,PASS,INCLUDE_3D_FULL,11,12,30.23,90.69,74.38,0.241,0.455,0.857,"Full 3D: 11/17 core joints, core_err=30.2px, Z=0.86m"
CAP000066,S002,leaning_left,CAL_001,SAME_PERSON,0,PASS,INCLUDE_3D_FULL,10,12,27.44,82.32,76.4,0.242,0.456,0.86,"Full 3D: 10/17 core joints, core_err=27.4px, Z=0.86m"
CAP000067,S002,leaning_left,CAL_001,SAME_PERSON,0,PASS,INCLUDE_3D_FULL,10,12,27.35,82.04,76.02,0.241,0.453,0.859,"Full 3D: 10/17 core joints, core_err=27.3px, Z=0.86m"
CAP000068,S002,leaning_right,CAL_001,SAME_PERSON,0,PASS,INCLUDE_3D_FULL,12,12,18.1,54.29,,0.223,0.433,0.782,"Full 3D: 12/17 core joints, core_err=18.1px, Z=0.78m"
CAP000069,S002,leaning_right,CAL_001,SAME_PERSON,0,PASS,INCLUDE_3D_FULL,12,12,19.05,57.14,,0.218,0.43,0.78,"Full 3D: 12/17 core joints, core_err=19.0px, Z=0.78m"
CAP000070,S002,leaning_right,CAL_001,SAME_PERSON,0,PASS,INCLUDE_3D_FULL,12,12,18.52,55.56,,0.224,0.431,0.784,"Full 3D: 12/17 core joints, core_err=18.5px, Z=0.78m"
CAP000071,S002,leaning_right,CAL_001,SAME_PERSON,0,PASS,INCLUDE_3D_FULL,12,12,18.6,55.81,,0.223,0.432,0.783,"Full 3D: 12/17 core joints, core_err=18.6px, Z=0.78m"
CAP000072,S002,leaning_right,CAL_001,SAME_PERSON,0,PASS,INCLUDE_3D_FULL,12,12,18.02,54.06,,0.222,0.429,0.783,"Full 3D: 12/17 core joints, core_err=18.0px, Z=0.78m"
CAP000073,S002,slouching,CAL_001,SAME_PERSON,0,PASS,INCLUDE_3D_FULL,12,12,23.37,70.11,,0.238,0.41,0.822,"Full 3D: 12/17 core joints, core_err=23.4px, Z=0.82m"
CAP000074,S002,slouching,CAL_001,SAME_PERSON,0,PASS,INCLUDE_3D_FULL,12,12,23.24,69.71,,0.24,0.41,0.823,"Full 3D: 12/17 core joints, core_err=23.2px, Z=0.82m"
CAP000075,S002,slouching,CAL_001,SAME_PERSON,0,PASS,INCLUDE_3D_FULL,12,12,23.08,69.23,,0.239,0.413,0.824,"Full 3D: 12/17 core joints, core_err=23.1px, Z=0.82m"
CAP000076,S002,slouching,CAL_001,SAME_PERSON,0,PASS,INCLUDE_3D_FULL,12,12,23.88,71.65,,0.234,0.408,0.819,"Full 3D: 12/17 core joints, core_err=23.9px, Z=0.82m"
CAP000077,S002,slouching,CAL_001,SAME_PERSON,0,PASS,INCLUDE_3D_FULL,12,12,23.23,69.68,,0.24,0.41,0.823,"Full 3D: 12/17 core joints, core_err=23.2px, Z=0.82m"
CAP000078,S002,forward_head,CAL_001,SAME_PERSON,0,PASS,INCLUDE_3D_FULL,12,12,22.89,68.67,,0.237,0.425,0.813,"Full 3D: 12/17 core joints, core_err=22.9px, Z=0.81m"
CAP000079,S002,forward_head,CAL_001,SAME_PERSON,0,PASS,INCLUDE_3D_FULL,12,12,21.72,65.15,,0.232,0.425,0.815,"Full 3D: 12/17 core joints, core_err=21.7px, Z=0.81m"
CAP000080,S002,forward_head,CAL_001,SAME_PERSON,0,PASS,INCLUDE_3D_FULL,12,12,23.67,71.01,,0.241,0.45,0.813,"Full 3D: 12/17 core joints, core_err=23.7px, Z=0.81m"
CAP000081,S002,forward_head,CAL_001,SAME_PERSON,0,PASS,INCLUDE_3D_FULL,12,12,23.65,70.94,,0.243,0.449,0.813,"Full 3D: 12/17 core joints, core_err=23.6px, Z=0.81m"
CAP000082,S002,forward_head,CAL_001,SAME_PERSON,0,PASS,INCLUDE_3D_FULL,12,12,23.78,71.35,,0.239,0.441,0.815,"Full 3D: 12/17 core joints, core_err=23.8px, Z=0.81m"
CAP000083,S003,upright,CAL_004,SAME_PERSON,0,REVIEW,INCLUDE_3D_WITH_MASKING,14,14,29.35,88.06,,0.147,0.556,1.446,Partial 3D: 14/17 core joints - usable with NaN masking
CAP000084,S003,upright,CAL_004,SAME_PERSON,0,REVIEW,INCLUDE_3D_WITH_MASKING,14,14,29.34,88.02,,0.146,0.554,1.445,Partial 3D: 14/17 core joints - usable with NaN masking
CAP000085,S003,upright,CAL_004,SAME_PERSON,0,REVIEW,INCLUDE_3D_WITH_MASKING,14,14,29.23,87.69,,0.147,0.553,1.444,Partial 3D: 14/17 core joints - usable with NaN masking
CAP000086,S003,upright,CAL_004,SAME_PERSON,0,REVIEW,INCLUDE_3D_WITH_MASKING,14,14,29.7,89.09,,0.149,0.556,1.444,Partial 3D: 14/17 core joints - usable with NaN masking
CAP000087,S003,upright,CAL_004,SAME_PERSON,0,REVIEW,INCLUDE_3D_WITH_MASKING,14,14,29.39,88.18,,0.148,0.559,1.446,Partial 3D: 14/17 core joints - usable with NaN masking
CAP000088,S003,leaning_forward,CAL_004,SAME_PERSON,0,REVIEW,INCLUDE_3D_WITH_MASKING,13,14,38.72,116.17,71.13,0.114,0.627,1.286,Partial 3D: 13/17 core joints - usable with NaN masking
CAP000089,S003,leaning_forward,CAL_004,SAME_PERSON,0,REVIEW,INCLUDE_3D_WITH_MASKING,13,14,38.05,114.14,70.89,0.113,0.633,1.289,Partial 3D: 13/17 core joints - usable with NaN masking
CAP000090,S003,leaning_forward,CAL_004,SAME_PERSON,0,REVIEW,INCLUDE_3D_WITH_MASKING,12,13,36.62,109.87,70.73,0.115,0.633,1.284,Partial 3D: 12/17 core joints - usable with NaN masking
CAP000091,S003,leaning_forward,CAL_004,SAME_PERSON,0,REVIEW,INCLUDE_3D_WITH_MASKING,12,14,36.26,108.78,70.93,0.116,0.627,1.285,Partial 3D: 12/17 core joints - usable with NaN masking
CAP000092,S003,leaning_forward,CAL_004,SAME_PERSON,0,REVIEW,INCLUDE_3D_WITH_MASKING,12,14,36.21,108.63,70.97,0.115,0.628,1.286,Partial 3D: 12/17 core joints - usable with NaN masking
CAP000093,S003,leaning_backward,CAL_004,SAME_PERSON,0,PASS,INCLUDE_3D_FULL,12,14,25.58,76.73,73.28,0.154,0.529,1.473,"Full 3D: 12/17 core joints, core_err=25.6px, Z=1.47m"
CAP000094,S003,leaning_backward,CAL_004,SAME_PERSON,0,PASS,INCLUDE_3D_FULL,13,15,27.94,83.81,72.02,0.172,0.526,1.453,"Full 3D: 13/17 core joints, core_err=27.9px, Z=1.45m"
CAP000095,S003,leaning_backward,CAL_004,SAME_PERSON,0,PASS,INCLUDE_3D_FULL,12,14,25.21,75.62,68.89,0.166,0.523,1.48,"Full 3D: 12/17 core joints, core_err=25.2px, Z=1.48m"
CAP000096,S003,leaning_backward,CAL_004,SAME_PERSON,0,PASS,INCLUDE_3D_FULL,12,14,25.25,75.75,71.45,0.162,0.531,1.481,"Full 3D: 12/17 core joints, core_err=25.2px, Z=1.48m"
CAP000097,S003,leaning_backward,CAL_004,SAME_PERSON,0,PASS,INCLUDE_3D_FULL,12,14,25.3,75.9,71.6,0.16,0.531,1.483,"Full 3D: 12/17 core joints, core_err=25.3px, Z=1.48m"
CAP000098,S003,leaning_left,CAL_004,SAME_PERSON,0,REVIEW,INCLUDE_3D_WITH_MASKING,12,12,30.57,91.71,,0.126,0.634,1.445,Partial 3D: 12/17 core joints - usable with NaN masking
CAP000099,S003,leaning_left,CAL_004,SAME_PERSON,0,REVIEW,INCLUDE_3D_WITH_MASKING,13,13,33.4,100.21,,0.127,0.624,1.422,Partial 3D: 13/17 core joints - usable with NaN masking
CAP000100,S003,leaning_left,CAL_004,SAME_PERSON,0,REVIEW,INCLUDE_3D_WITH_MASKING,13,13,33.59,100.77,,0.128,0.622,1.419,Partial 3D: 13/17 core joints - usable with NaN masking
CAP000101,S003,leaning_left,CAL_004,SAME_PERSON,0,REVIEW,INCLUDE_3D_WITH_MASKING,12,12,30.94,92.82,,0.126,0.628,1.443,Partial 3D: 12/17 core joints - usable with NaN masking
CAP000102,S003,leaning_left,CAL_004,SAME_PERSON,0,REVIEW,INCLUDE_3D_WITH_MASKING,12,12,31.09,93.26,,0.127,0.623,1.444,Partial 3D: 12/17 core joints - usable with NaN masking
CAP000103,S003,leaning_right,CAL_004,SAME_PERSON,0,PASS,INCLUDE_3D_FULL,14,14,31.0,93.0,,0.169,0.515,1.44,"Full 3D: 14/17 core joints, core_err=31.0px, Z=1.44m"
CAP000104,S003,leaning_right,CAL_004,SAME_PERSON,0,PASS,INCLUDE_3D_FULL,14,14,30.68,92.04,,0.172,0.511,1.442,"Full 3D: 14/17 core joints, core_err=30.7px, Z=1.44m"
CAP000105,S003,leaning_right,CAL_004,SAME_PERSON,0,PASS,INCLUDE_3D_FULL,14,14,30.34,91.03,,0.161,0.516,1.447,"Full 3D: 14/17 core joints, core_err=30.3px, Z=1.45m"
CAP000106,S003,leaning_right,CAL_004,SAME_PERSON,0,PASS,INCLUDE_3D_FULL,14,14,30.23,90.68,,0.175,0.509,1.442,"Full 3D: 14/17 core joints, core_err=30.2px, Z=1.44m"
CAP000107,S003,leaning_right,CAL_004,SAME_PERSON,0,PASS,INCLUDE_3D_FULL,14,14,30.82,92.45,,0.186,0.507,1.439,"Full 3D: 14/17 core joints, core_err=30.8px, Z=1.44m"
CAP000108,S003,slouching,CAL_004,SAME_PERSON,0,REVIEW,INCLUDE_3D_WITH_MASKING,9,12,39.67,119.02,83.13,0.112,,1.113,Partial 3D: 9/17 core joints - usable with NaN masking
CAP000109,S003,slouching,CAL_004,SAME_PERSON,0,REVIEW,INCLUDE_3D_WITH_MASKING,9,12,39.54,118.61,82.98,0.111,,1.117,Partial 3D: 9/17 core joints - usable with NaN masking
CAP000110,S003,slouching,CAL_004,SAME_PERSON,0,REVIEW,INCLUDE_3D_WITH_MASKING,10,12,41.95,125.84,82.35,0.112,,1.16,Partial 3D: 10/17 core joints - usable with NaN masking
CAP000111,S003,slouching,CAL_004,SAME_PERSON,0,REVIEW,INCLUDE_3D_WITH_MASKING,10,12,41.81,125.44,83.16,0.112,,1.161,Partial 3D: 10/17 core joints - usable with NaN masking
CAP000112,S003,slouching,CAL_004,SAME_PERSON,0,REVIEW,INCLUDE_3D_WITH_MASKING,9,12,39.76,119.27,82.89,0.11,,1.117,Partial 3D: 9/17 core joints - usable with NaN masking
CAP000113,S003,forward_head,CAL_004,SAME_PERSON,0,REVIEW,INCLUDE_3D_WITH_MASKING,10,14,43.37,130.11,81.15,0.112,0.57,1.164,Partial 3D: 10/17 core joints - usable with NaN masking
CAP000114,S003,forward_head,CAL_004,SAME_PERSON,0,REVIEW,INCLUDE_3D_WITH_MASKING,10,14,44.54,133.63,83.89,0.114,0.569,1.164,Partial 3D: 10/17 core joints - usable with NaN masking
CAP000115,S003,forward_head,CAL_004,SAME_PERSON,0,REVIEW,INCLUDE_3D_WITH_MASKING,10,14,44.01,132.03,83.47,0.113,0.573,1.166,Partial 3D: 10/17 core joints - usable with NaN masking
CAP000116,S003,forward_head,CAL_004,SAME_PERSON,0,REVIEW,INCLUDE_3D_WITH_MASKING,10,14,43.88,131.63,84.83,0.113,0.57,1.165,Partial 3D: 10/17 core joints - usable with NaN masking
CAP000117,S003,forward_head,CAL_004,SAME_PERSON,0,REVIEW,INCLUDE_3D_WITH_MASKING,10,13,44.34,133.03,80.65,0.113,0.576,1.167,Partial 3D: 10/17 core joints - usable with NaN masking
CAP000118,S003,reject,CAL_004,SUSPICIOUS,3,PASS,INCLUDE_3D_FULL,11,12,36.51,109.54,69.47,0.27,0.593,1.086,"Full 3D: 11/17 core joints, core_err=36.5px, Z=1.09m"
CAP000119,S003,reject,CAL_004,SAME_PERSON,0,REVIEW,INCLUDE_3D_WITH_MASKING,9,9,25.51,76.54,,0.321,0.858,1.296,Partial 3D: 9/17 core joints - usable with NaN masking
CAP000120,S003,reject,CAL_004,SAME_PERSON,0,REVIEW,INCLUDE_3D_WITH_MASKING,12,12,17.15,51.46,,0.142,0.792,1.48,Partial 3D: 12/17 core joints - usable with NaN masking
CAP000121,S003,reject,CAL_004,NO_TARGET,0,PASS,EXCLUDE_3D,0,0,,,,,,,Clean negative sample (empty chair)
CAP000122,S004,upright,CAL_004,SAME_PERSON,0,REVIEW,INCLUDE_3D_WITH_MASKING,11,14,31.46,94.38,75.26,0.141,0.575,1.152,Partial 3D: 11/17 core joints - usable with NaN masking
CAP000123,S004,upright,CAL_004,SAME_PERSON,0,REVIEW,INCLUDE_3D_WITH_MASKING,11,14,32.91,98.74,77.56,0.144,0.571,1.151,Partial 3D: 11/17 core joints - usable with NaN masking
CAP000124,S004,upright,CAL_004,SAME_PERSON,0,REVIEW,INCLUDE_3D_WITH_MASKING,11,14,33.13,99.38,77.2,0.141,0.581,1.155,Partial 3D: 11/17 core joints - usable with NaN masking
CAP000125,S004,upright,CAL_004,SAME_PERSON,0,REVIEW,INCLUDE_3D_WITH_MASKING,11,14,31.74,95.21,75.23,0.139,0.573,1.154,Partial 3D: 11/17 core joints - usable with NaN masking
CAP000126,S004,upright,CAL_004,SAME_PERSON,0,REVIEW,INCLUDE_3D_WITH_MASKING,11,14,32.43,97.3,75.65,0.139,0.58,1.154,Partial 3D: 11/17 core joints - usable with NaN masking
CAP000127,S004,leaning_forward,CAL_004,SAME_PERSON,0,REVIEW,INCLUDE_3D_WITH_MASKING,10,14,44.66,133.98,84.52,0.135,0.626,1.032,Partial 3D: 10/17 core joints - usable with NaN masking
CAP000128,S004,leaning_forward,CAL_004,SAME_PERSON,0,REVIEW,INCLUDE_3D_WITH_MASKING,10,14,44.13,132.38,88.11,0.136,0.636,1.038,Partial 3D: 10/17 core joints - usable with NaN masking
CAP000129,S004,leaning_forward,CAL_004,SAME_PERSON,0,REVIEW,INCLUDE_3D_WITH_MASKING,10,14,43.74,131.23,86.42,0.135,0.626,1.037,Partial 3D: 10/17 core joints - usable with NaN masking
CAP000130,S004,leaning_forward,CAL_004,SAME_PERSON,0,REVIEW,INCLUDE_3D_WITH_MASKING,10,14,44.2,132.6,86.68,0.136,0.63,1.038,Partial 3D: 10/17 core joints - usable with NaN masking
CAP000131,S004,leaning_forward,CAL_004,SAME_PERSON,0,REVIEW,INCLUDE_3D_WITH_MASKING,10,14,43.85,131.55,83.74,0.137,0.634,1.037,Partial 3D: 10/17 core joints - usable with NaN masking
CAP000132,S004,leaning_backward,CAL_004,SAME_PERSON,0,PASS,INCLUDE_3D_FULL,12,14,27.11,81.34,77.36,0.177,0.565,1.325,"Full 3D: 12/17 core joints, core_err=27.1px, Z=1.32m"
CAP000133,S004,leaning_backward,CAL_004,SAME_PERSON,0,PASS,INCLUDE_3D_FULL,12,14,26.37,79.1,75.64,0.176,0.566,1.33,"Full 3D: 12/17 core joints, core_err=26.4px, Z=1.33m"
CAP000134,S004,leaning_backward,CAL_004,SAME_PERSON,0,PASS,INCLUDE_3D_FULL,12,14,26.55,79.65,77.26,0.184,0.57,1.329,"Full 3D: 12/17 core joints, core_err=26.6px, Z=1.33m"
CAP000135,S004,leaning_backward,CAL_004,SAME_PERSON,0,PASS,INCLUDE_3D_FULL,12,14,26.71,80.14,74.88,0.186,0.565,1.332,"Full 3D: 12/17 core joints, core_err=26.7px, Z=1.33m"
CAP000136,S004,leaning_backward,CAL_004,SAME_PERSON,0,PASS,INCLUDE_3D_FULL,12,14,26.11,78.32,75.5,0.179,0.569,1.333,"Full 3D: 12/17 core joints, core_err=26.1px, Z=1.33m"
CAP000137,S004,leaning_left,CAL_004,SAME_PERSON,0,PASS,INCLUDE_3D_FULL,10,13,32.31,96.93,80.3,0.201,0.536,1.184,"Full 3D: 10/17 core joints, core_err=32.3px, Z=1.18m"
CAP000138,S004,leaning_left,CAL_004,SAME_PERSON,0,PASS,INCLUDE_3D_FULL,10,13,33.47,100.42,79.95,0.203,0.538,1.188,"Full 3D: 10/17 core joints, core_err=33.5px, Z=1.19m"
CAP000139,S004,leaning_left,CAL_004,SAME_PERSON,0,PASS,INCLUDE_3D_FULL,10,13,35.26,105.79,79.44,0.171,0.569,1.181,"Full 3D: 10/17 core joints, core_err=35.3px, Z=1.18m"
CAP000140,S004,leaning_left,CAL_004,SAME_PERSON,0,PASS,INCLUDE_3D_FULL,9,13,32.5,97.49,79.17,0.181,0.55,1.161,"Full 3D: 9/17 core joints, core_err=32.5px, Z=1.16m"
CAP000141,S004,leaning_left,CAL_004,SAME_PERSON,0,PASS,INCLUDE_3D_FULL,10,13,32.96,98.89,77.0,0.189,0.542,1.175,"Full 3D: 10/17 core joints, core_err=33.0px, Z=1.18m"
CAP000142,S004,leaning_right,CAL_004,SAME_PERSON,0,REVIEW,INCLUDE_3D_WITH_MASKING,12,13,31.18,93.53,71.52,0.147,0.561,1.262,Partial 3D: 12/17 core joints - usable with NaN masking
CAP000143,S004,leaning_right,CAL_004,SAME_PERSON,0,REVIEW,INCLUDE_3D_WITH_MASKING,13,14,30.04,90.12,69.75,0.134,0.547,1.241,Partial 3D: 13/17 core joints - usable with NaN masking
CAP000144,S004,leaning_right,CAL_004,SAME_PERSON,0,REVIEW,INCLUDE_3D_WITH_MASKING,13,14,30.39,91.18,71.0,0.133,0.545,1.24,Partial 3D: 13/17 core joints - usable with NaN masking
CAP000145,S004,leaning_right,CAL_004,SAME_PERSON,0,REVIEW,INCLUDE_3D_WITH_MASKING,13,14,30.6,91.81,71.54,0.135,0.554,1.242,Partial 3D: 13/17 core joints - usable with NaN masking
CAP000146,S004,leaning_right,CAL_004,SAME_PERSON,0,REVIEW,INCLUDE_3D_WITH_MASKING,12,14,27.97,83.92,70.0,0.137,0.549,1.244,Partial 3D: 12/17 core joints - usable with NaN masking
CAP000147,S004,slouching,CAL_004,SAME_PERSON,0,REVIEW,INCLUDE_3D_WITH_MASKING,12,14,43.18,129.55,72.01,0.139,0.656,1.139,Partial 3D: 12/17 core joints - usable with NaN masking
CAP000148,S004,slouching,CAL_004,SAME_PERSON,0,REVIEW,INCLUDE_3D_WITH_MASKING,11,14,34.06,102.18,71.36,0.141,0.594,1.153,Partial 3D: 11/17 core joints - usable with NaN masking
CAP000149,S004,slouching,CAL_004,SAME_PERSON,0,REVIEW,INCLUDE_3D_WITH_MASKING,11,13,35.58,106.74,70.71,0.141,0.603,1.151,Partial 3D: 11/17 core joints - usable with NaN masking
CAP000150,S004,slouching,CAL_004,SAME_PERSON,0,REVIEW,INCLUDE_3D_WITH_MASKING,11,14,34.92,104.77,74.43,0.139,0.602,1.149,Partial 3D: 11/17 core joints - usable with NaN masking
CAP000151,S004,slouching,CAL_004,SAME_PERSON,0,REVIEW,INCLUDE_3D_WITH_MASKING,11,13,35.59,106.78,72.7,0.139,0.594,1.147,Partial 3D: 11/17 core joints - usable with NaN masking
CAP000152,S004,forward_head,CAL_004,SAME_PERSON,0,REVIEW,INCLUDE_3D_WITH_MASKING,11,13,42.93,128.79,68.46,0.131,0.669,1.126,Partial 3D: 11/17 core joints - usable with NaN masking
CAP000153,S004,forward_head,CAL_004,SAME_PERSON,0,REVIEW,INCLUDE_3D_WITH_MASKING,10,12,47.08,141.24,75.22,0.13,0.663,1.134,Partial 3D: 10/17 core joints - usable with NaN masking
CAP000154,S004,forward_head,CAL_004,SAME_PERSON,0,REVIEW,INCLUDE_3D_WITH_MASKING,10,12,46.14,138.42,73.69,0.13,0.662,1.134,Partial 3D: 10/17 core joints - usable with NaN masking
CAP000155,S004,forward_head,CAL_004,SAME_PERSON,0,REVIEW,INCLUDE_3D_WITH_MASKING,11,13,45.46,136.39,72.94,0.128,0.668,1.106,Partial 3D: 11/17 core joints - usable with NaN masking
CAP000156,S004,forward_head,CAL_004,SAME_PERSON,0,REVIEW,INCLUDE_3D_WITH_MASKING,11,13,46.42,139.27,72.33,0.129,0.669,1.101,Partial 3D: 11/17 core joints - usable with NaN masking
CAP000157,S005,upright,CAL_005,SAME_PERSON,0,PASS,INCLUDE_3D_FULL,14,14,24.44,73.31,,0.566,0.463,0.982,"Full 3D: 14/17 core joints, core_err=24.4px, Z=0.98m"
CAP000158,S005,upright,CAL_005,SAME_PERSON,0,PASS,INCLUDE_3D_FULL,14,14,24.59,73.76,,0.566,0.461,0.978,"Full 3D: 14/17 core joints, core_err=24.6px, Z=0.98m"
CAP000159,S005,upright,CAL_005,SAME_PERSON,0,PASS,INCLUDE_3D_FULL,14,14,24.1,72.29,,0.559,0.458,0.981,"Full 3D: 14/17 core joints, core_err=24.1px, Z=0.98m"
CAP000160,S005,upright,CAL_005,SAME_PERSON,0,PASS,INCLUDE_3D_FULL,14,14,24.44,73.32,,0.567,0.46,0.983,"Full 3D: 14/17 core joints, core_err=24.4px, Z=0.98m"
CAP000161,S005,upright,CAL_005,SAME_PERSON,0,PASS,INCLUDE_3D_FULL,14,14,24.13,72.38,,0.565,0.461,0.981,"Full 3D: 14/17 core joints, core_err=24.1px, Z=0.98m"
CAP000162,S005,leaning_forward,CAL_005,SAME_PERSON,0,PASS,INCLUDE_3D_FULL,11,11,26.8,80.4,,0.566,0.436,0.978,"Full 3D: 11/17 core joints, core_err=26.8px, Z=0.98m"
CAP000163,S005,leaning_forward,CAL_005,SAME_PERSON,0,PASS,INCLUDE_3D_FULL,13,13,25.17,75.5,,0.528,0.42,0.985,"Full 3D: 13/17 core joints, core_err=25.2px, Z=0.99m"
CAP000164,S005,leaning_forward,CAL_005,SAME_PERSON,0,PASS,INCLUDE_3D_FULL,13,13,26.21,78.63,,0.534,0.425,0.988,"Full 3D: 13/17 core joints, core_err=26.2px, Z=0.99m"
CAP000165,S005,leaning_forward,CAL_005,SAME_PERSON,0,PASS,INCLUDE_3D_FULL,12,12,26.21,78.62,,0.544,0.435,0.965,"Full 3D: 12/17 core joints, core_err=26.2px, Z=0.97m"
CAP000166,S005,leaning_forward,CAL_005,SAME_PERSON,0,PASS,INCLUDE_3D_FULL,12,12,26.41,79.24,,0.54,0.43,0.966,"Full 3D: 12/17 core joints, core_err=26.4px, Z=0.97m"
CAP000167,S005,leaning_backward,CAL_005,SAME_PERSON,0,PASS,INCLUDE_3D_FULL,14,14,24.06,72.17,,0.491,0.443,1.013,"Full 3D: 14/17 core joints, core_err=24.1px, Z=1.01m"
CAP000168,S005,leaning_backward,CAL_005,SAME_PERSON,0,PASS,INCLUDE_3D_FULL,14,14,21.29,63.86,,0.515,0.467,1.002,"Full 3D: 14/17 core joints, core_err=21.3px, Z=1.00m"
CAP000169,S005,leaning_backward,CAL_005,SAME_PERSON,0,PASS,INCLUDE_3D_FULL,14,14,22.16,66.48,,0.582,0.486,1.018,"Full 3D: 14/17 core joints, core_err=22.2px, Z=1.02m"
CAP000170,S005,leaning_backward,CAL_005,SAME_PERSON,0,PASS,INCLUDE_3D_FULL,14,14,22.65,67.94,,0.583,0.476,1.017,"Full 3D: 14/17 core joints, core_err=22.6px, Z=1.02m"
CAP000171,S005,leaning_backward,CAL_005,SAME_PERSON,0,PASS,INCLUDE_3D_FULL,14,14,22.83,68.48,,0.574,0.484,1.021,"Full 3D: 14/17 core joints, core_err=22.8px, Z=1.02m"
CAP000172,S005,leaning_left,CAL_005,SAME_PERSON,0,REVIEW,INCLUDE_3D_WITH_MASKING,14,14,33.56,100.69,,0.702,0.554,1.162,Partial 3D: 14/17 core joints - usable with NaN masking
CAP000173,S005,leaning_left,CAL_005,SAME_PERSON,0,REVIEW,INCLUDE_3D_WITH_MASKING,14,14,33.38,100.13,,0.69,0.542,1.163,Partial 3D: 14/17 core joints - usable with NaN masking
CAP000174,S005,leaning_left,CAL_005,SAME_PERSON,0,REVIEW,INCLUDE_3D_WITH_MASKING,14,14,32.58,97.74,,0.671,0.539,1.156,Partial 3D: 14/17 core joints - usable with NaN masking
CAP000175,S005,leaning_left,CAL_005,SAME_PERSON,0,REVIEW,INCLUDE_3D_WITH_MASKING,14,14,33.49,100.46,,0.684,0.543,1.159,Partial 3D: 14/17 core joints - usable with NaN masking
CAP000176,S005,leaning_left,CAL_005,SAME_PERSON,0,REVIEW,INCLUDE_3D_WITH_MASKING,14,14,32.57,97.72,,0.677,0.527,1.157,Partial 3D: 14/17 core joints - usable with NaN masking
CAP000177,S005,leaning_right,CAL_005,SAME_PERSON,0,PASS,INCLUDE_3D_FULL,14,14,34.08,102.25,,0.358,0.397,0.875,"Full 3D: 14/17 core joints, core_err=34.1px, Z=0.87m"
CAP000178,S005,leaning_right,CAL_005,SAME_PERSON,0,PASS,INCLUDE_3D_FULL,14,14,33.71,101.12,,0.367,0.396,0.88,"Full 3D: 14/17 core joints, core_err=33.7px, Z=0.88m"
CAP000179,S005,leaning_right,CAL_005,SAME_PERSON,0,PASS,INCLUDE_3D_FULL,14,14,33.23,99.7,,0.367,0.394,0.879,"Full 3D: 14/17 core joints, core_err=33.2px, Z=0.88m"
CAP000180,S005,leaning_right,CAL_005,SAME_PERSON,0,PASS,INCLUDE_3D_FULL,14,14,33.98,101.94,,0.379,0.399,0.881,"Full 3D: 14/17 core joints, core_err=34.0px, Z=0.88m"
CAP000181,S005,leaning_right,CAL_005,SAME_PERSON,0,PASS,INCLUDE_3D_FULL,13,14,32.22,96.65,65.05,0.371,,0.862,"Full 3D: 13/17 core joints, core_err=32.2px, Z=0.86m"
CAP000182,S005,slouching,CAL_005,SAME_PERSON,0,PASS,INCLUDE_3D_FULL,14,14,21.97,65.92,,0.523,0.433,1.002,"Full 3D: 14/17 core joints, core_err=22.0px, Z=1.00m"
CAP000183,S005,slouching,CAL_005,SAME_PERSON,0,PASS,INCLUDE_3D_FULL,14,14,21.84,65.53,,0.526,0.437,1.002,"Full 3D: 14/17 core joints, core_err=21.8px, Z=1.00m"
CAP000184,S005,slouching,CAL_005,SAME_PERSON,0,PASS,INCLUDE_3D_FULL,14,14,21.55,64.64,,0.528,0.431,1.0,"Full 3D: 14/17 core joints, core_err=21.5px, Z=1.00m"
CAP000185,S005,slouching,CAL_005,SAME_PERSON,0,PASS,INCLUDE_3D_FULL,14,14,22.07,66.2,,0.52,0.432,0.999,"Full 3D: 14/17 core joints, core_err=22.1px, Z=1.00m"
CAP000186,S005,slouching,CAL_005,SAME_PERSON,0,PASS,INCLUDE_3D_FULL,14,14,21.93,65.78,,0.518,0.434,1.0,"Full 3D: 14/17 core joints, core_err=21.9px, Z=1.00m"
CAP000187,S005,forward_head,CAL_005,SAME_PERSON,0,PASS,INCLUDE_3D_FULL,14,14,22.11,66.33,,0.537,0.422,0.991,"Full 3D: 14/17 core joints, core_err=22.1px, Z=0.99m"
CAP000188,S005,forward_head,CAL_005,SAME_PERSON,0,PASS,INCLUDE_3D_FULL,14,14,21.76,65.27,,0.545,0.415,0.992,"Full 3D: 14/17 core joints, core_err=21.8px, Z=0.99m"
CAP000189,S005,forward_head,CAL_005,SAME_PERSON,0,PASS,INCLUDE_3D_FULL,14,14,22.12,66.37,,0.536,0.421,0.99,"Full 3D: 14/17 core joints, core_err=22.1px, Z=0.99m"
CAP000190,S005,forward_head,CAL_005,SAME_PERSON,0,PASS,INCLUDE_3D_FULL,14,14,22.38,67.15,,0.54,0.422,0.992,"Full 3D: 14/17 core joints, core_err=22.4px, Z=0.99m"
CAP000191,S005,forward_head,CAL_005,SAME_PERSON,0,PASS,INCLUDE_3D_FULL,14,14,21.78,65.35,,0.538,0.418,0.994,"Full 3D: 14/17 core joints, core_err=21.8px, Z=0.99m"
CAP000192,S005,reject,CAL_005,NO_TARGET,0,PASS,EXCLUDE_3D,0,0,,,,,,,Clean negative sample (empty chair)
CAP000193,S006,upright,CAL_005,SAME_PERSON,0,PASS,INCLUDE_3D_FULL,14,14,22.12,66.36,,0.482,0.455,0.978,"Full 3D: 14/17 core joints, core_err=22.1px, Z=0.98m"
CAP000194,S006,upright,CAL_005,SAME_PERSON,0,PASS,INCLUDE_3D_FULL,14,14,21.99,65.97,,0.488,0.455,0.981,"Full 3D: 14/17 core joints, core_err=22.0px, Z=0.98m"
CAP000195,S006,upright,CAL_005,SAME_PERSON,0,PASS,INCLUDE_3D_FULL,14,14,22.73,68.19,,0.487,0.454,0.981,"Full 3D: 14/17 core joints, core_err=22.7px, Z=0.98m"
CAP000196,S006,upright,CAL_005,SAME_PERSON,0,PASS,INCLUDE_3D_FULL,13,13,24.11,72.32,,0.487,0.453,0.977,"Full 3D: 13/17 core joints, core_err=24.1px, Z=0.98m"
CAP000197,S006,upright,CAL_005,SAME_PERSON,0,PASS,INCLUDE_3D_FULL,13,13,24.16,72.48,,0.489,0.456,0.98,"Full 3D: 13/17 core joints, core_err=24.2px, Z=0.98m"
CAP000198,S006,leaning_forward,CAL_005,SAME_PERSON,0,PASS,INCLUDE_3D_FULL,13,13,24.97,74.9,,0.48,0.432,0.96,"Full 3D: 13/17 core joints, core_err=25.0px, Z=0.96m"
CAP000199,S006,leaning_forward,CAL_005,SAME_PERSON,0,PASS,INCLUDE_3D_FULL,14,14,23.11,69.34,,0.457,0.432,0.959,"Full 3D: 14/17 core joints, core_err=23.1px, Z=0.96m"
CAP000200,S006,leaning_forward,CAL_005,SAME_PERSON,0,PASS,INCLUDE_3D_FULL,14,14,22.68,68.05,,0.458,0.429,0.962,"Full 3D: 14/17 core joints, core_err=22.7px, Z=0.96m"
CAP000201,S006,leaning_forward,CAL_005,SAME_PERSON,0,PASS,INCLUDE_3D_FULL,14,14,23.52,70.57,,0.467,0.437,0.963,"Full 3D: 14/17 core joints, core_err=23.5px, Z=0.96m"
CAP000202,S006,leaning_forward,CAL_005,SAME_PERSON,0,PASS,INCLUDE_3D_FULL,14,14,23.07,69.22,,0.469,0.424,0.964,"Full 3D: 14/17 core joints, core_err=23.1px, Z=0.96m"
CAP000203,S006,leaning_backward,CAL_005,SAME_PERSON,0,PASS,INCLUDE_3D_FULL,14,14,22.59,67.77,,0.399,0.464,1.0,"Full 3D: 14/17 core joints, core_err=22.6px, Z=1.00m"
CAP000204,S006,leaning_backward,CAL_005,SAME_PERSON,0,PASS,INCLUDE_3D_FULL,14,14,22.55,67.65,,0.401,0.46,0.997,"Full 3D: 14/17 core joints, core_err=22.6px, Z=1.00m"
CAP000205,S006,leaning_backward,CAL_005,SAME_PERSON,0,PASS,INCLUDE_3D_FULL,14,14,23.15,69.46,,0.401,0.464,0.996,"Full 3D: 14/17 core joints, core_err=23.2px, Z=1.00m"
CAP000206,S006,leaning_backward,CAL_005,SAME_PERSON,0,PASS,INCLUDE_3D_FULL,14,14,23.08,69.23,,0.409,0.462,0.995,"Full 3D: 14/17 core joints, core_err=23.1px, Z=0.99m"
CAP000207,S006,leaning_backward,CAL_005,SAME_PERSON,0,PASS,INCLUDE_3D_FULL,14,14,22.8,68.39,,0.406,0.455,0.995,"Full 3D: 14/17 core joints, core_err=22.8px, Z=0.99m"
CAP000208,S006,leaning_left,CAL_005,SAME_PERSON,0,PASS,INCLUDE_3D_FULL,14,14,26.81,80.44,,0.526,0.479,1.083,"Full 3D: 14/17 core joints, core_err=26.8px, Z=1.08m"
CAP000209,S006,leaning_left,CAL_005,SAME_PERSON,0,PASS,INCLUDE_3D_FULL,14,14,26.99,80.96,,0.528,0.485,1.077,"Full 3D: 14/17 core joints, core_err=27.0px, Z=1.08m"
CAP000210,S006,leaning_left,CAL_005,SAME_PERSON,0,PASS,INCLUDE_3D_FULL,14,14,26.39,79.16,,0.515,0.478,1.069,"Full 3D: 14/17 core joints, core_err=26.4px, Z=1.07m"
CAP000211,S006,leaning_left,CAL_005,SAME_PERSON,0,PASS,INCLUDE_3D_FULL,14,14,25.57,76.71,,0.501,0.469,1.056,"Full 3D: 14/17 core joints, core_err=25.6px, Z=1.06m"
CAP000212,S006,leaning_left,CAL_005,SAME_PERSON,0,PASS,INCLUDE_3D_FULL,14,14,25.78,77.35,,0.5,0.469,1.048,"Full 3D: 14/17 core joints, core_err=25.8px, Z=1.05m"
CAP000213,S006,leaning_right,CAL_005,SAME_PERSON,0,PASS,INCLUDE_3D_FULL,13,13,29.61,88.83,,0.352,0.416,0.907,"Full 3D: 13/17 core joints, core_err=29.6px, Z=0.91m"
CAP000214,S006,leaning_right,CAL_005,SAME_PERSON,0,PASS,INCLUDE_3D_FULL,13,13,29.67,89.0,,0.346,0.412,0.903,"Full 3D: 13/17 core joints, core_err=29.7px, Z=0.90m"
CAP000215,S006,leaning_right,CAL_005,SAME_PERSON,0,PASS,INCLUDE_3D_FULL,13,13,29.51,88.52,,0.339,0.41,0.901,"Full 3D: 13/17 core joints, core_err=29.5px, Z=0.90m"
CAP000216,S006,leaning_right,CAL_005,SAME_PERSON,0,PASS,INCLUDE_3D_FULL,13,13,29.38,88.13,,0.358,0.415,0.909,"Full 3D: 13/17 core joints, core_err=29.4px, Z=0.91m"
CAP000217,S006,leaning_right,CAL_005,SAME_PERSON,0,PASS,INCLUDE_3D_FULL,13,13,29.71,89.14,,0.357,0.415,0.906,"Full 3D: 13/17 core joints, core_err=29.7px, Z=0.91m"
CAP000218,S006,slouching,CAL_005,SAME_PERSON,0,PASS,INCLUDE_3D_FULL,13,13,27.23,81.69,,0.401,0.426,0.965,"Full 3D: 13/17 core joints, core_err=27.2px, Z=0.96m"
CAP000219,S006,slouching,CAL_005,SAME_PERSON,0,PASS,INCLUDE_3D_FULL,14,14,25.25,75.75,,0.421,0.433,0.971,"Full 3D: 14/17 core joints, core_err=25.3px, Z=0.97m"
CAP000220,S006,slouching,CAL_005,SAME_PERSON,0,PASS,INCLUDE_3D_FULL,13,14,22.72,68.15,65.21,0.432,,0.964,"Full 3D: 13/17 core joints, core_err=22.7px, Z=0.96m"
CAP000221,S006,slouching,CAL_005,SAME_PERSON,0,PASS,INCLUDE_3D_FULL,14,14,25.4,76.21,,0.432,0.432,0.971,"Full 3D: 14/17 core joints, core_err=25.4px, Z=0.97m"
CAP000222,S006,slouching,CAL_005,SAME_PERSON,0,PASS,INCLUDE_3D_FULL,14,14,25.27,75.81,,0.421,0.431,0.972,"Full 3D: 14/17 core joints, core_err=25.3px, Z=0.97m"
CAP000223,S006,forward_head,CAL_005,SAME_PERSON,0,PASS,INCLUDE_3D_FULL,11,13,21.25,63.76,71.14,0.473,,0.949,"Full 3D: 11/17 core joints, core_err=21.3px, Z=0.95m"
CAP000224,S006,forward_head,CAL_005,SAME_PERSON,0,PASS,INCLUDE_3D_FULL,12,13,24.03,72.08,68.99,0.46,,0.971,"Full 3D: 12/17 core joints, core_err=24.0px, Z=0.97m"
CAP000225,S006,forward_head,CAL_005,SAME_PERSON,0,PASS,INCLUDE_3D_FULL,12,13,24.1,72.29,67.93,0.46,,0.969,"Full 3D: 12/17 core joints, core_err=24.1px, Z=0.97m"
CAP000226,S006,forward_head,CAL_005,SAME_PERSON,0,PASS,INCLUDE_3D_FULL,13,14,22.89,68.66,67.92,0.45,,0.968,"Full 3D: 13/17 core joints, core_err=22.9px, Z=0.97m"
CAP000227,S006,forward_head,CAL_005,SAME_PERSON,0,PASS,INCLUDE_3D_FULL,12,13,24.03,72.09,66.72,0.454,,0.969,"Full 3D: 12/17 core joints, core_err=24.0px, Z=0.97m"
CAP000228,S006,reject,CAL_005,SAME_PERSON,0,PASS,INCLUDE_3D_FULL,12,13,31.14,93.43,81.92,0.471,0.482,0.94,"Full 3D: 12/17 core joints, core_err=31.1px, Z=0.94m"
CAP000229,S007,upright,CAL_006,SAME_PERSON,0,FAIL,EXCLUDE_3D_DEGENERATE_RIG,0,0,,,,,,,Rig CAL_006 excluded (Baseline=4.5m)
CAP000230,S007,upright,CAL_006,SAME_PERSON,0,FAIL,EXCLUDE_3D_DEGENERATE_RIG,0,0,,,,,,,Rig CAL_006 excluded (Baseline=4.5m)
CAP000231,S007,upright,CAL_006,SAME_PERSON,0,FAIL,EXCLUDE_3D_DEGENERATE_RIG,0,0,,,,,,,Rig CAL_006 excluded (Baseline=4.5m)
CAP000232,S007,upright,CAL_006,SAME_PERSON,0,FAIL,EXCLUDE_3D_DEGENERATE_RIG,0,0,,,,,,,Rig CAL_006 excluded (Baseline=4.5m)
CAP000233,S007,upright,CAL_006,SAME_PERSON,0,FAIL,EXCLUDE_3D_DEGENERATE_RIG,0,0,,,,,,,Rig CAL_006 excluded (Baseline=4.5m)
CAP000234,S007,upright,CAL_006,SAME_PERSON,0,FAIL,EXCLUDE_3D_DEGENERATE_RIG,0,0,,,,,,,Rig CAL_006 excluded (Baseline=4.5m)
CAP000235,S007,leaning_forward,CAL_006,SAME_PERSON,0,FAIL,EXCLUDE_3D_DEGENERATE_RIG,0,0,,,,,,,Rig CAL_006 excluded (Baseline=4.5m)
CAP000236,S007,leaning_forward,CAL_006,SAME_PERSON,0,FAIL,EXCLUDE_3D_DEGENERATE_RIG,0,0,,,,,,,Rig CAL_006 excluded (Baseline=4.5m)
CAP000237,S007,leaning_forward,CAL_006,SAME_PERSON,0,FAIL,EXCLUDE_3D_DEGENERATE_RIG,0,0,,,,,,,Rig CAL_006 excluded (Baseline=4.5m)
CAP000238,S007,leaning_forward,CAL_006,SAME_PERSON,0,FAIL,EXCLUDE_3D_DEGENERATE_RIG,0,0,,,,,,,Rig CAL_006 excluded (Baseline=4.5m)
CAP000239,S007,leaning_forward,CAL_006,SAME_PERSON,0,FAIL,EXCLUDE_3D_DEGENERATE_RIG,0,0,,,,,,,Rig CAL_006 excluded (Baseline=4.5m)
CAP000240,S007,leaning_backward,CAL_006,SAME_PERSON,0,FAIL,EXCLUDE_3D_DEGENERATE_RIG,0,0,,,,,,,Rig CAL_006 excluded (Baseline=4.5m)
CAP000241,S007,leaning_backward,CAL_006,SAME_PERSON,0,FAIL,EXCLUDE_3D_DEGENERATE_RIG,0,0,,,,,,,Rig CAL_006 excluded (Baseline=4.5m)
CAP000242,S007,leaning_backward,CAL_006,SAME_PERSON,0,FAIL,EXCLUDE_3D_DEGENERATE_RIG,0,0,,,,,,,Rig CAL_006 excluded (Baseline=4.5m)
CAP000243,S007,leaning_backward,CAL_006,SAME_PERSON,0,FAIL,EXCLUDE_3D_DEGENERATE_RIG,0,0,,,,,,,Rig CAL_006 excluded (Baseline=4.5m)
CAP000244,S007,leaning_backward,CAL_006,SAME_PERSON,0,FAIL,EXCLUDE_3D_DEGENERATE_RIG,0,0,,,,,,,Rig CAL_006 excluded (Baseline=4.5m)
CAP000245,S007,leaning_left,CAL_006,SAME_PERSON,0,FAIL,EXCLUDE_3D_DEGENERATE_RIG,0,0,,,,,,,Rig CAL_006 excluded (Baseline=4.5m)
CAP000246,S007,leaning_left,CAL_006,SAME_PERSON,0,FAIL,EXCLUDE_3D_DEGENERATE_RIG,0,0,,,,,,,Rig CAL_006 excluded (Baseline=4.5m)
CAP000247,S007,leaning_left,CAL_006,SAME_PERSON,0,FAIL,EXCLUDE_3D_DEGENERATE_RIG,0,0,,,,,,,Rig CAL_006 excluded (Baseline=4.5m)
CAP000248,S007,leaning_left,CAL_006,SAME_PERSON,0,FAIL,EXCLUDE_3D_DEGENERATE_RIG,0,0,,,,,,,Rig CAL_006 excluded (Baseline=4.5m)
CAP000249,S007,leaning_left,CAL_006,SAME_PERSON,0,FAIL,EXCLUDE_3D_DEGENERATE_RIG,0,0,,,,,,,Rig CAL_006 excluded (Baseline=4.5m)
CAP000250,S007,leaning_right,CAL_006,SAME_PERSON,0,FAIL,EXCLUDE_3D_DEGENERATE_RIG,0,0,,,,,,,Rig CAL_006 excluded (Baseline=4.5m)
CAP000251,S007,leaning_right,CAL_006,SAME_PERSON,0,FAIL,EXCLUDE_3D_DEGENERATE_RIG,0,0,,,,,,,Rig CAL_006 excluded (Baseline=4.5m)
CAP000252,S007,leaning_right,CAL_006,SAME_PERSON,0,FAIL,EXCLUDE_3D_DEGENERATE_RIG,0,0,,,,,,,Rig CAL_006 excluded (Baseline=4.5m)
CAP000253,S007,leaning_right,CAL_006,SAME_PERSON,0,FAIL,EXCLUDE_3D_DEGENERATE_RIG,0,0,,,,,,,Rig CAL_006 excluded (Baseline=4.5m)
CAP000254,S007,leaning_right,CAL_006,SAME_PERSON,0,FAIL,EXCLUDE_3D_DEGENERATE_RIG,0,0,,,,,,,Rig CAL_006 excluded (Baseline=4.5m)
CAP000255,S007,slouching,CAL_006,SAME_PERSON,0,FAIL,EXCLUDE_3D_DEGENERATE_RIG,0,0,,,,,,,Rig CAL_006 excluded (Baseline=4.5m)
CAP000256,S007,slouching,CAL_006,SAME_PERSON,0,FAIL,EXCLUDE_3D_DEGENERATE_RIG,0,0,,,,,,,Rig CAL_006 excluded (Baseline=4.5m)
CAP000257,S007,slouching,CAL_006,SAME_PERSON,0,FAIL,EXCLUDE_3D_DEGENERATE_RIG,0,0,,,,,,,Rig CAL_006 excluded (Baseline=4.5m)
CAP000258,S007,slouching,CAL_006,SAME_PERSON,0,FAIL,EXCLUDE_3D_DEGENERATE_RIG,0,0,,,,,,,Rig CAL_006 excluded (Baseline=4.5m)
CAP000259,S007,slouching,CAL_006,SAME_PERSON,0,FAIL,EXCLUDE_3D_DEGENERATE_RIG,0,0,,,,,,,Rig CAL_006 excluded (Baseline=4.5m)
CAP000260,S007,forward_head,CAL_006,SAME_PERSON,0,FAIL,EXCLUDE_3D_DEGENERATE_RIG,0,0,,,,,,,Rig CAL_006 excluded (Baseline=4.5m)
CAP000261,S007,forward_head,CAL_006,SAME_PERSON,0,FAIL,EXCLUDE_3D_DEGENERATE_RIG,0,0,,,,,,,Rig CAL_006 excluded (Baseline=4.5m)
CAP000262,S007,forward_head,CAL_006,SAME_PERSON,0,FAIL,EXCLUDE_3D_DEGENERATE_RIG,0,0,,,,,,,Rig CAL_006 excluded (Baseline=4.5m)
CAP000263,S007,forward_head,CAL_006,SAME_PERSON,0,FAIL,EXCLUDE_3D_DEGENERATE_RIG,0,0,,,,,,,Rig CAL_006 excluded (Baseline=4.5m)
CAP000264,S007,forward_head,CAL_006,SAME_PERSON,0,FAIL,EXCLUDE_3D_DEGENERATE_RIG,0,0,,,,,,,Rig CAL_006 excluded (Baseline=4.5m)
CAP000265,S007,reject,CAL_006,SAME_PERSON,0,FAIL,EXCLUDE_3D_DEGENERATE_RIG,0,0,,,,,,,Rig CAL_006 excluded (Baseline=4.5m)
CAP000266,S007,reject,CAL_006,SAME_PERSON,0,FAIL,EXCLUDE_3D_DEGENERATE_RIG,0,0,,,,,,,Rig CAL_006 excluded (Baseline=4.5m)
CAP000267,S007,reject,CAL_006,SAME_PERSON,0,FAIL,EXCLUDE_3D_DEGENERATE_RIG,0,0,,,,,,,Rig CAL_006 excluded (Baseline=4.5m)
CAP000268,S008,upright,CAL_008,SAME_PERSON,0,REVIEW,INCLUDE_3D_WITH_MASKING,6,12,25.58,76.75,152.59,0.25,,1.014,Partial 3D: 6/17 core joints - usable with NaN masking
CAP000269,S008,upright,CAL_008,SAME_PERSON,0,REVIEW,INCLUDE_3D_WITH_MASKING,6,12,25.83,77.48,157.49,0.247,,1.012,Partial 3D: 6/17 core joints - usable with NaN masking
CAP000270,S008,upright,CAL_008,SAME_PERSON,0,REVIEW,INCLUDE_3D_WITH_MASKING,6,12,25.32,75.97,154.16,0.249,,1.006,Partial 3D: 6/17 core joints - usable with NaN masking
CAP000271,S008,upright,CAL_008,SAME_PERSON,0,REVIEW,INCLUDE_3D_WITH_MASKING,6,12,25.61,76.82,162.47,0.258,,1.011,Partial 3D: 6/17 core joints - usable with NaN masking
CAP000272,S008,upright,CAL_008,SAME_PERSON,0,REVIEW,INCLUDE_3D_WITH_MASKING,6,12,25.47,76.41,157.41,0.25,,1.007,Partial 3D: 6/17 core joints - usable with NaN masking
CAP000273,S008,leaning_forward,CAL_008,SAME_PERSON,0,REVIEW,INCLUDE_3D_WITH_MASKING,6,12,20.29,60.86,151.54,0.357,,1.207,Partial 3D: 6/17 core joints - usable with NaN masking
CAP000274,S008,leaning_forward,CAL_008,SAME_PERSON,0,REVIEW,INCLUDE_3D_WITH_MASKING,6,13,17.83,53.5,174.82,0.326,,1.183,Partial 3D: 6/17 core joints - usable with NaN masking
CAP000275,S008,leaning_forward,CAL_008,SAME_PERSON,0,REVIEW,INCLUDE_3D_WITH_MASKING,6,12,18.81,56.43,175.37,0.357,,1.213,Partial 3D: 6/17 core joints - usable with NaN masking
CAP000276,S008,leaning_forward,CAL_008,SAME_PERSON,0,REVIEW,INCLUDE_3D_WITH_MASKING,6,12,18.81,56.44,172.21,0.35,,1.207,Partial 3D: 6/17 core joints - usable with NaN masking
CAP000277,S008,leaning_forward,CAL_008,SAME_PERSON,0,REVIEW,INCLUDE_3D_WITH_MASKING,6,12,18.91,56.74,174.49,0.339,,1.212,Partial 3D: 6/17 core joints - usable with NaN masking
CAP000278,S008,leaning_backward,CAL_008,LIKELY_SAME,1,REVIEW,INCLUDE_3D_WITH_MASKING,6,13,15.16,45.49,1613.25,0.182,,0.877,Partial 3D: 6/17 core joints - usable with NaN masking
CAP000279,S008,leaning_backward,CAL_008,LIKELY_SAME,1,REVIEW,INCLUDE_3D_WITH_MASKING,5,12,16.62,49.85,810.76,0.186,,0.885,Partial 3D: 5/17 core joints - usable with NaN masking
CAP000280,S008,leaning_backward,CAL_008,LIKELY_SAME,1,REVIEW,INCLUDE_3D_WITH_MASKING,6,13,14.89,44.68,2225.13,0.186,,0.894,Partial 3D: 6/17 core joints - usable with NaN masking
CAP000281,S008,leaning_backward,CAL_008,LIKELY_SAME,1,REVIEW,INCLUDE_3D_WITH_MASKING,6,13,13.81,41.43,1553.1,0.189,,0.894,Partial 3D: 6/17 core joints - usable with NaN masking
CAP000282,S008,leaning_backward,CAL_008,LIKELY_SAME,1,REVIEW,INCLUDE_3D_WITH_MASKING,6,13,14.19,42.57,1336.08,0.188,,0.902,Partial 3D: 6/17 core joints - usable with NaN masking
CAP000283,S008,leaning_left,CAL_008,SAME_PERSON,0,REVIEW,INCLUDE_3D_WITH_MASKING,6,13,33.11,99.33,312708.18,0.22,,0.918,Partial 3D: 6/17 core joints - usable with NaN masking
CAP000284,S008,leaning_left,CAL_008,SAME_PERSON,0,REVIEW,INCLUDE_3D_WITH_MASKING,6,13,31.71,95.14,6602425.82,0.212,,0.917,Partial 3D: 6/17 core joints - usable with NaN masking
CAP000285,S008,leaning_left,CAL_008,SAME_PERSON,0,REVIEW,INCLUDE_3D_WITH_MASKING,6,13,31.63,94.88,2538996.33,0.214,,0.917,Partial 3D: 6/17 core joints - usable with NaN masking
CAP000286,S008,leaning_left,CAL_008,SAME_PERSON,0,REVIEW,INCLUDE_3D_WITH_MASKING,6,13,33.04,99.11,46063.08,0.215,,0.915,Partial 3D: 6/17 core joints - usable with NaN masking
CAP000287,S008,leaning_left,CAL_008,SAME_PERSON,0,REVIEW,INCLUDE_3D_WITH_MASKING,6,13,32.6,97.79,343.5,0.217,,0.916,Partial 3D: 6/17 core joints - usable with NaN masking
CAP000288,S008,leaning_right,CAL_008,SAME_PERSON,0,REVIEW,INCLUDE_3D_WITH_MASKING,6,12,49.51,148.54,644.32,0.049,,1.034,Partial 3D: 6/17 core joints - usable with NaN masking
CAP000289,S008,leaning_right,CAL_008,SAME_PERSON,0,REVIEW,INCLUDE_3D_WITH_MASKING,4,13,41.8,125.41,1569878.22,0.041,,1.052,Partial 3D: 4/17 core joints - usable with NaN masking
CAP000290,S008,leaning_right,CAL_008,SAME_PERSON,0,REVIEW,INCLUDE_3D_WITH_MASKING,5,12,44.51,133.53,650.48,0.032,,1.066,Partial 3D: 5/17 core joints - usable with NaN masking
CAP000291,S008,leaning_right,CAL_008,SAME_PERSON,0,REVIEW,INCLUDE_3D_WITH_MASKING,5,12,43.72,131.17,676.1,0.04,,1.058,Partial 3D: 5/17 core joints - usable with NaN masking
CAP000292,S008,leaning_right,CAL_008,SAME_PERSON,0,REVIEW,INCLUDE_3D_WITH_MASKING,5,12,43.9,131.69,722.15,0.033,,1.055,Partial 3D: 5/17 core joints - usable with NaN masking
CAP000293,S008,slouching,CAL_008,SAME_PERSON,0,REVIEW,INCLUDE_3D_WITH_MASKING,6,11,24.39,73.18,195.13,0.212,,0.971,Partial 3D: 6/17 core joints - usable with NaN masking
CAP000294,S008,slouching,CAL_008,SAME_PERSON,0,REVIEW,INCLUDE_3D_WITH_MASKING,7,12,23.1,69.29,1329.53,0.215,,0.98,Partial 3D: 7/17 core joints - usable with NaN masking
CAP000295,S008,slouching,CAL_008,SAME_PERSON,0,REVIEW,INCLUDE_3D_WITH_MASKING,6,12,25.58,76.73,1037.64,0.215,,0.979,Partial 3D: 6/17 core joints - usable with NaN masking
CAP000296,S008,slouching,CAL_008,SAME_PERSON,0,REVIEW,INCLUDE_3D_WITH_MASKING,6,12,25.21,75.63,1769.26,0.216,,0.979,Partial 3D: 6/17 core joints - usable with NaN masking
CAP000297,S008,slouching,CAL_008,SAME_PERSON,0,REVIEW,INCLUDE_3D_WITH_MASKING,6,11,24.62,73.85,1452.85,0.218,,0.977,Partial 3D: 6/17 core joints - usable with NaN masking
CAP000298,S008,forward_head,CAL_008,SAME_PERSON,0,REVIEW,INCLUDE_3D_WITH_MASKING,6,12,26.83,80.5,178.6,0.277,,1.103,Partial 3D: 6/17 core joints - usable with NaN masking
CAP000299,S008,forward_head,CAL_008,SAME_PERSON,0,REVIEW,INCLUDE_3D_WITH_MASKING,6,12,25.96,77.87,190.06,0.295,,1.113,Partial 3D: 6/17 core joints - usable with NaN masking
CAP000300,S008,forward_head,CAL_008,SAME_PERSON,0,REVIEW,INCLUDE_3D_WITH_MASKING,6,12,25.95,77.86,184.2,0.276,,1.107,Partial 3D: 6/17 core joints - usable with NaN masking
CAP000301,S008,forward_head,CAL_008,SAME_PERSON,0,REVIEW,INCLUDE_3D_WITH_MASKING,6,12,25.35,76.06,186.14,0.277,,1.097,Partial 3D: 6/17 core joints - usable with NaN masking
CAP000302,S008,forward_head,CAL_008,SAME_PERSON,0,REVIEW,INCLUDE_3D_WITH_MASKING,7,13,26.43,79.3,188.49,0.276,,1.12,Partial 3D: 7/17 core joints - usable with NaN masking
CAP000303,S008,reject,CAL_008,SAME_PERSON,0,FAIL,EXCLUDE_3D,1,9,29.57,88.7,1373.73,,,1.513,Insufficient core joints (1/17) or depth anomaly (Z=1.51m)
CAP000304,S009,upright,CAL_008,SAME_PERSON,0,PASS,INCLUDE_3D_FULL,8,12,37.12,111.36,536.01,0.244,,1.021,"Full 3D: 8/17 core joints, core_err=37.1px, Z=1.02m"
CAP000305,S009,upright,CAL_008,SAME_PERSON,0,REVIEW,INCLUDE_3D_WITH_MASKING,7,12,32.89,98.68,568.1,0.253,,1.02,Partial 3D: 7/17 core joints - usable with NaN masking
CAP000306,S009,upright,CAL_008,SAME_PERSON,0,REVIEW,INCLUDE_3D_WITH_MASKING,7,12,31.33,93.99,642.57,0.249,,1.01,Partial 3D: 7/17 core joints - usable with NaN masking
CAP000307,S009,upright,CAL_008,SAME_PERSON,0,REVIEW,INCLUDE_3D_WITH_MASKING,7,12,31.74,95.23,577.69,0.248,,1.008,Partial 3D: 7/17 core joints - usable with NaN masking
CAP000308,S009,upright,CAL_008,SAME_PERSON,0,REVIEW,INCLUDE_3D_WITH_MASKING,7,12,31.48,94.45,619.67,0.249,,1.011,Partial 3D: 7/17 core joints - usable with NaN masking
CAP000309,S009,leaning_forward,CAL_008,SAME_PERSON,0,REVIEW,INCLUDE_3D_WITH_MASKING,7,12,36.48,109.44,11944.22,0.32,,1.21,Partial 3D: 7/17 core joints - usable with NaN masking
CAP000310,S009,leaning_forward,CAL_008,SAME_PERSON,0,REVIEW,INCLUDE_3D_WITH_MASKING,7,12,35.79,107.36,1051.78,0.313,,1.203,Partial 3D: 7/17 core joints - usable with NaN masking
CAP000311,S009,leaning_forward,CAL_008,SAME_PERSON,0,REVIEW,INCLUDE_3D_WITH_MASKING,7,12,35.82,107.46,1317.49,0.314,,1.202,Partial 3D: 7/17 core joints - usable with NaN masking
CAP000312,S009,leaning_forward,CAL_008,SAME_PERSON,0,REVIEW,INCLUDE_3D_WITH_MASKING,7,12,35.39,106.17,2066.61,0.312,,1.206,Partial 3D: 7/17 core joints - usable with NaN masking
CAP000313,S009,leaning_forward,CAL_008,SAME_PERSON,0,REVIEW,INCLUDE_3D_WITH_MASKING,7,12,36.05,108.16,1529.96,0.313,,1.208,Partial 3D: 7/17 core joints - usable with NaN masking
CAP000314,S009,leaning_backward,CAL_008,SAME_PERSON,0,PASS,INCLUDE_3D_FULL,8,12,35.44,106.31,2183.79,0.226,,0.948,"Full 3D: 8/17 core joints, core_err=35.4px, Z=0.95m"
CAP000315,S009,leaning_backward,CAL_008,SAME_PERSON,0,REVIEW,INCLUDE_3D_WITH_MASKING,7,12,31.59,94.77,1197.5,0.225,,0.948,Partial 3D: 7/17 core joints - usable with NaN masking
CAP000316,S009,leaning_backward,CAL_008,SAME_PERSON,0,REVIEW,INCLUDE_3D_WITH_MASKING,7,12,30.93,92.79,1188.89,0.222,,0.94,Partial 3D: 7/17 core joints - usable with NaN masking
CAP000317,S009,leaning_backward,CAL_008,SAME_PERSON,0,PASS,INCLUDE_3D_FULL,8,12,35.14,105.42,1136.0,0.223,,0.935,"Full 3D: 8/17 core joints, core_err=35.1px, Z=0.94m"
CAP000318,S009,leaning_backward,CAL_008,SAME_PERSON,0,REVIEW,INCLUDE_3D_WITH_MASKING,7,12,30.94,92.83,1037.96,0.228,,0.952,Partial 3D: 7/17 core joints - usable with NaN masking
CAP000319,S009,leaning_left,CAL_008,SAME_PERSON,0,REVIEW,INCLUDE_3D_WITH_MASKING,7,13,15.1,45.31,2295643.94,0.275,,0.947,Partial 3D: 7/17 core joints - usable with NaN masking
CAP000320,S009,leaning_left,CAL_008,SAME_PERSON,0,REVIEW,INCLUDE_3D_WITH_MASKING,7,13,16.64,49.93,2865.84,0.265,,0.948,Partial 3D: 7/17 core joints - usable with NaN masking
CAP000321,S009,leaning_left,CAL_008,SAME_PERSON,0,PASS,INCLUDE_3D_FULL,8,12,20.48,61.44,1254.88,0.266,,0.962,"Full 3D: 8/17 core joints, core_err=20.5px, Z=0.96m"
CAP000322,S009,leaning_left,CAL_008,SAME_PERSON,0,PASS,INCLUDE_3D_FULL,8,13,20.34,61.02,98495.41,0.264,,0.958,"Full 3D: 8/17 core joints, core_err=20.3px, Z=0.96m"
CAP000323,S009,leaning_left,CAL_008,SAME_PERSON,0,PASS,INCLUDE_3D_FULL,8,13,20.35,61.04,368.95,0.265,,0.958,"Full 3D: 8/17 core joints, core_err=20.3px, Z=0.96m"
CAP000324,S009,leaning_right,CAL_008,SAME_PERSON,0,REVIEW,INCLUDE_3D_WITH_MASKING,5,12,47.96,143.88,776.15,0.081,,1.031,Partial 3D: 5/17 core joints - usable with NaN masking
CAP000325,S009,leaning_right,CAL_008,SAME_PERSON,0,REVIEW,INCLUDE_3D_WITH_MASKING,5,11,45.11,135.34,655.89,0.068,,1.036,Partial 3D: 5/17 core joints - usable with NaN masking
CAP000326,S009,leaning_right,CAL_008,SAME_PERSON,0,REVIEW,INCLUDE_3D_WITH_MASKING,5,11,47.47,142.41,664.04,0.085,,1.04,Partial 3D: 5/17 core joints - usable with NaN masking
CAP000327,S009,leaning_right,CAL_008,SAME_PERSON,0,REVIEW,INCLUDE_3D_WITH_MASKING,4,11,46.23,138.7,923.68,0.079,,1.011,Partial 3D: 4/17 core joints - usable with NaN masking
CAP000328,S009,leaning_right,CAL_008,SAME_PERSON,0,REVIEW,INCLUDE_3D_WITH_MASKING,4,10,45.38,136.15,991.49,0.087,,1.01,Partial 3D: 4/17 core joints - usable with NaN masking
CAP000329,S009,slouching,CAL_008,SAME_PERSON,0,REVIEW,INCLUDE_3D_WITH_MASKING,7,13,28.71,86.12,632.93,0.244,,1.014,Partial 3D: 7/17 core joints - usable with NaN masking
CAP000330,S009,slouching,CAL_008,SAME_PERSON,0,REVIEW,INCLUDE_3D_WITH_MASKING,6,13,22.51,67.52,531.71,0.249,,1.023,Partial 3D: 6/17 core joints - usable with NaN masking
CAP000331,S009,slouching,CAL_008,SAME_PERSON,0,REVIEW,INCLUDE_3D_WITH_MASKING,6,13,21.66,64.98,618.21,0.248,,1.012,Partial 3D: 6/17 core joints - usable with NaN masking
CAP000332,S009,slouching,CAL_008,SAME_PERSON,0,REVIEW,INCLUDE_3D_WITH_MASKING,7,13,27.36,82.08,612.23,0.23,,0.991,Partial 3D: 7/17 core joints - usable with NaN masking
CAP000333,S009,slouching,CAL_008,SAME_PERSON,0,REVIEW,INCLUDE_3D_WITH_MASKING,6,13,22.19,66.58,525.01,0.248,,1.009,Partial 3D: 6/17 core joints - usable with NaN masking
CAP000334,S009,forward_head,CAL_008,SAME_PERSON,0,REVIEW,INCLUDE_3D_WITH_MASKING,6,12,29.23,87.68,4339.13,0.326,,1.254,Partial 3D: 6/17 core joints - usable with NaN masking
CAP000335,S009,forward_head,CAL_008,SAME_PERSON,0,PASS,INCLUDE_3D_FULL,8,12,25.53,76.59,1113.9,0.287,,1.189,"Full 3D: 8/17 core joints, core_err=25.5px, Z=1.19m"
CAP000336,S009,forward_head,CAL_008,SAME_PERSON,0,REVIEW,INCLUDE_3D_WITH_MASKING,6,12,27.86,83.57,1445.89,0.304,,1.211,Partial 3D: 6/17 core joints - usable with NaN masking
CAP000337,S009,forward_head,CAL_008,SAME_PERSON,0,REVIEW,INCLUDE_3D_WITH_MASKING,7,12,32.88,98.63,2969.12,0.308,,1.177,Partial 3D: 7/17 core joints - usable with NaN masking
CAP000338,S009,forward_head,CAL_008,SAME_PERSON,0,REVIEW,INCLUDE_3D_WITH_MASKING,6,12,27.55,82.66,3533.06,0.304,,1.207,Partial 3D: 6/17 core joints - usable with NaN masking
CAP000339,S009,reject,CAL_008,SAME_PERSON,0,REVIEW,INCLUDE_3D_WITH_MASKING,5,8,35.9,107.69,280.93,,,1.06,Partial 3D: 5/17 core joints - usable with NaN masking
CAP000340,S009,reject,CAL_008,SAME_PERSON,0,REVIEW,INCLUDE_3D_WITH_MASKING,7,11,40.4,121.19,812.02,0.215,,0.845,Partial 3D: 7/17 core joints - usable with NaN masking
CAP000341,S010,upright,CAL_008,SAME_PERSON,0,REVIEW,INCLUDE_3D_WITH_MASKING,7,12,25.16,75.48,181.89,0.212,,1.02,Partial 3D: 7/17 core joints - usable with NaN masking
CAP000342,S010,upright,CAL_008,SAME_PERSON,0,REVIEW,INCLUDE_3D_WITH_MASKING,7,12,25.31,75.92,186.44,0.205,,1.011,Partial 3D: 7/17 core joints - usable with NaN masking
CAP000343,S010,upright,CAL_008,SAME_PERSON,0,REVIEW,INCLUDE_3D_WITH_MASKING,7,12,24.74,74.22,190.75,0.206,,1.006,Partial 3D: 7/17 core joints - usable with NaN masking
CAP000344,S010,upright,CAL_008,SAME_PERSON,0,REVIEW,INCLUDE_3D_WITH_MASKING,7,12,25.66,76.98,190.48,0.207,,1.012,Partial 3D: 7/17 core joints - usable with NaN masking
CAP000345,S010,upright,CAL_008,SAME_PERSON,0,REVIEW,INCLUDE_3D_WITH_MASKING,7,12,25.49,76.46,191.71,0.208,,1.016,Partial 3D: 7/17 core joints - usable with NaN masking
CAP000346,S010,leaning_forward,CAL_008,SAME_PERSON,0,REVIEW,INCLUDE_3D_WITH_MASKING,6,11,28.22,84.65,200.11,0.297,,1.125,Partial 3D: 6/17 core joints - usable with NaN masking
CAP000347,S010,leaning_forward,CAL_008,SAME_PERSON,0,REVIEW,INCLUDE_3D_WITH_MASKING,6,11,27.67,83.0,195.76,0.301,,1.13,Partial 3D: 6/17 core joints - usable with NaN masking
CAP000348,S010,leaning_forward,CAL_008,SAME_PERSON,0,REVIEW,INCLUDE_3D_WITH_MASKING,6,11,27.89,83.66,196.69,0.289,,1.13,Partial 3D: 6/17 core joints - usable with NaN masking
CAP000349,S010,leaning_forward,CAL_008,SAME_PERSON,0,REVIEW,INCLUDE_3D_WITH_MASKING,7,12,28.39,85.17,221.43,0.289,,1.137,Partial 3D: 7/17 core joints - usable with NaN masking
CAP000350,S010,leaning_forward,CAL_008,SAME_PERSON,0,REVIEW,INCLUDE_3D_WITH_MASKING,7,12,28.2,84.6,228.31,0.299,,1.131,Partial 3D: 7/17 core joints - usable with NaN masking
CAP000351,S010,leaning_backward,CAL_008,LIKELY_SAME,1,REVIEW,INCLUDE_3D_WITH_MASKING,6,11,24.16,72.47,176.32,0.18,,0.896,Partial 3D: 6/17 core joints - usable with NaN masking
CAP000352,S010,leaning_backward,CAL_008,LIKELY_SAME,1,REVIEW,INCLUDE_3D_WITH_MASKING,7,12,24.56,73.68,187.71,0.179,,0.917,Partial 3D: 7/17 core joints - usable with NaN masking
CAP000353,S010,leaning_backward,CAL_008,LIKELY_SAME,1,REVIEW,INCLUDE_3D_WITH_MASKING,7,12,24.29,72.87,194.58,0.182,,0.928,Partial 3D: 7/17 core joints - usable with NaN masking
CAP000354,S010,leaning_backward,CAL_008,LIKELY_SAME,1,REVIEW,INCLUDE_3D_WITH_MASKING,7,12,24.49,73.48,204.68,0.184,,0.943,Partial 3D: 7/17 core joints - usable with NaN masking
CAP000355,S010,leaning_backward,CAL_008,SAME_PERSON,0,REVIEW,INCLUDE_3D_WITH_MASKING,7,12,25.06,75.19,206.59,0.186,,0.947,Partial 3D: 7/17 core joints - usable with NaN masking
CAP000356,S010,leaning_left,CAL_008,SAME_PERSON,0,REVIEW,INCLUDE_3D_WITH_MASKING,6,11,15.87,47.6,169.61,0.202,,1.022,Partial 3D: 6/17 core joints - usable with NaN masking
CAP000357,S010,leaning_left,CAL_008,SAME_PERSON,0,REVIEW,INCLUDE_3D_WITH_MASKING,6,12,19.06,57.17,165.11,0.206,,1.005,Partial 3D: 6/17 core joints - usable with NaN masking
CAP000358,S010,leaning_left,CAL_008,SAME_PERSON,0,REVIEW,INCLUDE_3D_WITH_MASKING,6,13,19.53,58.59,167.19,0.204,,1.011,Partial 3D: 6/17 core joints - usable with NaN masking
CAP000359,S010,leaning_left,CAL_008,SAME_PERSON,0,PASS,INCLUDE_3D_FULL,8,13,20.73,62.18,218.13,0.22,,1.085,"Full 3D: 8/17 core joints, core_err=20.7px, Z=1.09m"
CAP000360,S010,leaning_left,CAL_008,SAME_PERSON,0,REVIEW,INCLUDE_3D_WITH_MASKING,6,13,19.54,58.63,182.02,0.223,,0.997,Partial 3D: 6/17 core joints - usable with NaN masking
CAP000361,S010,leaning_right,CAL_008,SAME_PERSON,0,PASS,INCLUDE_3D_FULL,9,14,39.39,118.17,276.18,0.211,,1.007,"Full 3D: 9/17 core joints, core_err=39.4px, Z=1.01m"
CAP000362,S010,leaning_right,CAL_008,SAME_PERSON,0,REVIEW,INCLUDE_3D_WITH_MASKING,7,11,28.52,85.57,239.69,0.21,,1.082,Partial 3D: 7/17 core joints - usable with NaN masking
CAP000363,S010,leaning_right,CAL_008,SAME_PERSON,0,REVIEW,INCLUDE_3D_WITH_MASKING,7,13,28.9,86.69,738.0,,,1.062,Partial 3D: 7/17 core joints - usable with NaN masking
CAP000364,S010,leaning_right,CAL_008,SAME_PERSON,0,REVIEW,INCLUDE_3D_WITH_MASKING,7,13,28.56,85.69,859.95,,,1.062,Partial 3D: 7/17 core joints - usable with NaN masking
CAP000365,S010,leaning_right,CAL_008,SAME_PERSON,0,REVIEW,INCLUDE_3D_WITH_MASKING,7,14,42.42,127.27,25373.19,,,1.041,Partial 3D: 7/17 core joints - usable with NaN masking
CAP000366,S010,leaning_right,CAL_008,SAME_PERSON,0,PASS,INCLUDE_3D_FULL,9,14,37.98,113.93,1568.43,0.23,,1.03,"Full 3D: 9/17 core joints, core_err=38.0px, Z=1.03m"
CAP000367,S010,slouching,CAL_008,SAME_PERSON,0,REVIEW,INCLUDE_3D_WITH_MASKING,6,12,22.16,66.49,199.5,0.214,,1.03,Partial 3D: 6/17 core joints - usable with NaN masking
CAP000368,S010,slouching,CAL_008,SAME_PERSON,0,REVIEW,INCLUDE_3D_WITH_MASKING,6,11,23.71,71.14,242.0,0.213,,1.043,Partial 3D: 6/17 core joints - usable with NaN masking
CAP000369,S010,slouching,CAL_008,SAME_PERSON,0,REVIEW,INCLUDE_3D_WITH_MASKING,6,11,22.78,68.35,246.94,0.209,,1.031,Partial 3D: 6/17 core joints - usable with NaN masking
CAP000370,S010,slouching,CAL_008,SAME_PERSON,0,REVIEW,INCLUDE_3D_WITH_MASKING,7,12,22.25,66.75,252.31,0.209,,1.034,Partial 3D: 7/17 core joints - usable with NaN masking
CAP000371,S010,slouching,CAL_008,SAME_PERSON,0,PASS,INCLUDE_3D_FULL,8,13,29.92,89.75,18666.53,0.222,,1.049,"Full 3D: 8/17 core joints, core_err=29.9px, Z=1.05m"
CAP000372,S010,forward_head,CAL_008,SAME_PERSON,0,REVIEW,INCLUDE_3D_WITH_MASKING,6,12,22.47,67.42,191.38,0.238,,1.089,Partial 3D: 6/17 core joints - usable with NaN masking
CAP000373,S010,forward_head,CAL_008,SAME_PERSON,0,REVIEW,INCLUDE_3D_WITH_MASKING,6,12,22.13,66.38,196.61,0.215,,1.074,Partial 3D: 6/17 core joints - usable with NaN masking
CAP000374,S010,forward_head,CAL_008,SAME_PERSON,0,REVIEW,INCLUDE_3D_WITH_MASKING,6,12,21.85,65.54,189.38,0.217,,1.076,Partial 3D: 6/17 core joints - usable with NaN masking
CAP000375,S010,forward_head,CAL_008,SAME_PERSON,0,REVIEW,INCLUDE_3D_WITH_MASKING,6,12,22.25,66.75,177.77,0.22,,1.081,Partial 3D: 6/17 core joints - usable with NaN masking
CAP000376,S010,forward_head,CAL_008,SAME_PERSON,0,REVIEW,INCLUDE_3D_WITH_MASKING,6,12,21.15,63.46,178.73,0.228,,1.085,Partial 3D: 6/17 core joints - usable with NaN masking
CAP000377,S010,reject,CAL_008,SAME_PERSON,0,REVIEW,INCLUDE_3D_WITH_MASKING,6,10,35.06,105.18,598.21,0.28,,0.983,Partial 3D: 6/17 core joints - usable with NaN masking
CAP000378,S010,reject,CAL_008,SUSPICIOUS,3,PASS,INCLUDE_3D_FULL,10,13,36.81,110.44,5797.54,0.155,,0.7,"Full 3D: 10/17 core joints, core_err=36.8px, Z=0.70m"
CAP000379,S011,upright,CAL_009,SAME_PERSON,0,PASS,INCLUDE_3D_FULL,12,12,23.14,69.42,,0.305,0.265,0.902,"Full 3D: 12/17 core joints, core_err=23.1px, Z=0.90m"
CAP000380,S011,upright,CAL_009,SAME_PERSON,0,PASS,INCLUDE_3D_FULL,10,10,22.67,68.01,,0.307,,0.901,"Full 3D: 10/17 core joints, core_err=22.7px, Z=0.90m"
CAP000381,S011,upright,CAL_009,SAME_PERSON,0,PASS,INCLUDE_3D_FULL,12,12,22.96,68.87,,0.304,0.265,0.902,"Full 3D: 12/17 core joints, core_err=23.0px, Z=0.90m"
CAP000382,S011,upright,CAL_009,SAME_PERSON,0,PASS,INCLUDE_3D_FULL,12,12,23.19,69.56,,0.304,0.265,0.903,"Full 3D: 12/17 core joints, core_err=23.2px, Z=0.90m"
CAP000383,S011,upright,CAL_009,SAME_PERSON,0,PASS,INCLUDE_3D_FULL,12,12,23.32,69.97,,0.304,0.265,0.903,"Full 3D: 12/17 core joints, core_err=23.3px, Z=0.90m"
CAP000384,S011,leaning_forward,CAL_009,SAME_PERSON,0,PASS,INCLUDE_3D_FULL,10,10,23.84,71.53,,0.328,0.239,0.867,"Full 3D: 10/17 core joints, core_err=23.8px, Z=0.87m"
CAP000385,S011,leaning_forward,CAL_009,SAME_PERSON,0,PASS,INCLUDE_3D_FULL,9,9,21.5,64.51,,0.324,,0.852,"Full 3D: 9/17 core joints, core_err=21.5px, Z=0.85m"
CAP000386,S011,leaning_forward,CAL_009,SAME_PERSON,0,PASS,INCLUDE_3D_FULL,9,9,20.29,60.88,,0.325,,0.854,"Full 3D: 9/17 core joints, core_err=20.3px, Z=0.85m"
CAP000387,S011,leaning_forward,CAL_009,SAME_PERSON,0,PASS,INCLUDE_3D_FULL,9,9,21.46,64.39,,0.329,,0.855,"Full 3D: 9/17 core joints, core_err=21.5px, Z=0.85m"
CAP000388,S011,leaning_forward,CAL_009,SAME_PERSON,0,PASS,INCLUDE_3D_FULL,10,10,21.69,65.08,,0.325,0.242,0.867,"Full 3D: 10/17 core joints, core_err=21.7px, Z=0.87m"
CAP000389,S011,leaning_backward,CAL_009,SAME_PERSON,0,PASS,INCLUDE_3D_FULL,12,12,39.6,118.8,,0.29,0.261,0.941,"Full 3D: 12/17 core joints, core_err=39.6px, Z=0.94m"
CAP000390,S011,leaning_backward,CAL_009,SAME_PERSON,0,PASS,INCLUDE_3D_FULL,12,12,38.15,114.46,,0.291,0.258,0.931,"Full 3D: 12/17 core joints, core_err=38.2px, Z=0.93m"
CAP000391,S011,leaning_backward,CAL_009,SAME_PERSON,0,PASS,INCLUDE_3D_FULL,12,12,37.89,113.68,,0.286,0.258,0.931,"Full 3D: 12/17 core joints, core_err=37.9px, Z=0.93m"
CAP000392,S011,leaning_backward,CAL_009,SAME_PERSON,0,PASS,INCLUDE_3D_FULL,12,12,37.64,112.92,,0.281,0.255,0.931,"Full 3D: 12/17 core joints, core_err=37.6px, Z=0.93m"
CAP000393,S011,leaning_backward,CAL_009,SAME_PERSON,0,PASS,INCLUDE_3D_FULL,12,12,37.95,113.86,,0.283,0.257,0.931,"Full 3D: 12/17 core joints, core_err=38.0px, Z=0.93m"
CAP000394,S011,leaning_left,CAL_009,SAME_PERSON,0,PASS,INCLUDE_3D_FULL,11,11,35.68,107.03,,0.318,0.33,1.05,"Full 3D: 11/17 core joints, core_err=35.7px, Z=1.05m"
CAP000395,S011,leaning_left,CAL_009,SAME_PERSON,0,PASS,INCLUDE_3D_FULL,11,11,34.26,102.77,,0.325,0.326,1.049,"Full 3D: 11/17 core joints, core_err=34.3px, Z=1.05m"
CAP000396,S011,leaning_left,CAL_009,SAME_PERSON,0,PASS,INCLUDE_3D_FULL,11,11,33.61,100.82,,0.295,0.326,1.038,"Full 3D: 11/17 core joints, core_err=33.6px, Z=1.04m"
CAP000397,S011,leaning_left,CAL_009,SAME_PERSON,0,PASS,INCLUDE_3D_FULL,11,11,32.96,98.87,,0.294,0.326,1.037,"Full 3D: 11/17 core joints, core_err=33.0px, Z=1.04m"
CAP000398,S011,leaning_left,CAL_009,SAME_PERSON,0,PASS,INCLUDE_3D_FULL,12,12,33.67,101.0,,0.291,0.325,1.054,"Full 3D: 12/17 core joints, core_err=33.7px, Z=1.05m"
CAP000399,S011,leaning_right,CAL_009,SAME_PERSON,0,PASS,INCLUDE_3D_FULL,10,10,19.29,57.87,,0.285,,0.756,"Full 3D: 10/17 core joints, core_err=19.3px, Z=0.76m"
CAP000400,S011,leaning_right,CAL_009,SAME_PERSON,0,PASS,INCLUDE_3D_FULL,11,11,16.71,50.13,,0.281,,0.756,"Full 3D: 11/17 core joints, core_err=16.7px, Z=0.76m"
CAP000401,S011,leaning_right,CAL_009,SAME_PERSON,0,PASS,INCLUDE_3D_FULL,11,11,17.5,52.5,,0.284,,0.755,"Full 3D: 11/17 core joints, core_err=17.5px, Z=0.75m"
CAP000402,S011,leaning_right,CAL_009,SAME_PERSON,0,PASS,INCLUDE_3D_FULL,11,11,18.28,54.85,,0.281,,0.751,"Full 3D: 11/17 core joints, core_err=18.3px, Z=0.75m"
CAP000403,S011,leaning_right,CAL_009,SAME_PERSON,0,PASS,INCLUDE_3D_FULL,10,10,17.78,53.35,,0.282,,0.739,"Full 3D: 10/17 core joints, core_err=17.8px, Z=0.74m"
CAP000404,S011,slouching,CAL_009,SAME_PERSON,0,PASS,INCLUDE_3D_FULL,12,12,20.2,60.6,,0.318,0.253,0.9,"Full 3D: 12/17 core joints, core_err=20.2px, Z=0.90m"
CAP000405,S011,slouching,CAL_009,SAME_PERSON,0,PASS,INCLUDE_3D_FULL,12,12,20.03,60.09,,0.317,0.256,0.902,"Full 3D: 12/17 core joints, core_err=20.0px, Z=0.90m"
CAP000406,S011,slouching,CAL_009,SAME_PERSON,0,PASS,INCLUDE_3D_FULL,12,12,20.23,60.69,,0.318,0.258,0.901,"Full 3D: 12/17 core joints, core_err=20.2px, Z=0.90m"
CAP000407,S011,slouching,CAL_009,SAME_PERSON,0,PASS,INCLUDE_3D_FULL,12,12,19.74,59.23,,0.319,0.255,0.901,"Full 3D: 12/17 core joints, core_err=19.7px, Z=0.90m"
CAP000408,S011,slouching,CAL_009,SAME_PERSON,0,PASS,INCLUDE_3D_FULL,12,12,20.01,60.04,,0.319,0.257,0.904,"Full 3D: 12/17 core joints, core_err=20.0px, Z=0.90m"
CAP000409,S011,forward_head,CAL_009,SAME_PERSON,0,PASS,INCLUDE_3D_FULL,10,10,15.79,47.38,,0.336,,0.909,"Full 3D: 10/17 core joints, core_err=15.8px, Z=0.91m"
CAP000410,S011,forward_head,CAL_009,SAME_PERSON,0,PASS,INCLUDE_3D_FULL,10,10,17.04,51.11,,0.333,,0.929,"Full 3D: 10/17 core joints, core_err=17.0px, Z=0.93m"
CAP000411,S011,forward_head,CAL_009,SAME_PERSON,0,PASS,INCLUDE_3D_FULL,10,10,17.9,53.7,,0.329,,0.916,"Full 3D: 10/17 core joints, core_err=17.9px, Z=0.92m"
CAP000412,S011,forward_head,CAL_009,SAME_PERSON,0,PASS,INCLUDE_3D_FULL,11,11,17.26,51.79,,0.33,,0.923,"Full 3D: 11/17 core joints, core_err=17.3px, Z=0.92m"
CAP000413,S011,forward_head,CAL_009,SAME_PERSON,0,PASS,INCLUDE_3D_FULL,11,11,17.54,52.62,,0.329,,0.923,"Full 3D: 11/17 core joints, core_err=17.5px, Z=0.92m"
CAP000414,S011,reject,CAL_009,SAME_PERSON,0,PASS,INCLUDE_3D_FULL,11,11,21.55,64.64,,0.412,0.396,0.921,"Full 3D: 11/17 core joints, core_err=21.5px, Z=0.92m"
CAP000415,S011,reject,CAL_009,SAME_PERSON,0,PASS,INCLUDE_3D_FULL,11,11,17.78,53.35,,0.425,0.404,0.887,"Full 3D: 11/17 core joints, core_err=17.8px, Z=0.89m"
CAP000416,S012,upright,CAL_009,SAME_PERSON,0,PASS,INCLUDE_3D_FULL,11,11,18.16,54.48,,0.463,0.386,0.947,"Full 3D: 11/17 core joints, core_err=18.2px, Z=0.95m"
CAP000417,S012,upright,CAL_009,SAME_PERSON,0,PASS,INCLUDE_3D_FULL,12,12,17.54,52.62,,0.464,0.384,0.953,"Full 3D: 12/17 core joints, core_err=17.5px, Z=0.95m"
CAP000418,S012,upright,CAL_009,SAME_PERSON,0,PASS,INCLUDE_3D_FULL,11,11,18.82,56.45,,0.466,0.39,0.947,"Full 3D: 11/17 core joints, core_err=18.8px, Z=0.95m"
CAP000419,S012,upright,CAL_009,SAME_PERSON,0,PASS,INCLUDE_3D_FULL,11,11,18.96,56.89,,0.466,0.386,0.948,"Full 3D: 11/17 core joints, core_err=19.0px, Z=0.95m"
CAP000420,S012,upright,CAL_009,SAME_PERSON,0,PASS,INCLUDE_3D_FULL,10,10,20.32,60.96,,0.465,0.386,0.939,"Full 3D: 10/17 core joints, core_err=20.3px, Z=0.94m"
CAP000421,S012,leaning_forward,CAL_009,SAME_PERSON,0,PASS,INCLUDE_3D_FULL,11,12,16.07,48.2,66.86,0.44,0.372,0.943,"Full 3D: 11/17 core joints, core_err=16.1px, Z=0.94m"
CAP000422,S012,leaning_forward,CAL_009,SAME_PERSON,0,PASS,INCLUDE_3D_FULL,11,12,19.3,57.9,71.66,0.436,0.382,0.943,"Full 3D: 11/17 core joints, core_err=19.3px, Z=0.94m"
CAP000423,S012,leaning_forward,CAL_009,SAME_PERSON,0,PASS,INCLUDE_3D_FULL,11,12,16.36,49.07,65.79,0.436,0.374,0.942,"Full 3D: 11/17 core joints, core_err=16.4px, Z=0.94m"
CAP000424,S012,leaning_forward,CAL_009,SAME_PERSON,0,PASS,INCLUDE_3D_FULL,11,12,16.02,48.06,69.02,0.44,0.37,0.941,"Full 3D: 11/17 core joints, core_err=16.0px, Z=0.94m"
CAP000425,S012,leaning_forward,CAL_009,SAME_PERSON,0,PASS,INCLUDE_3D_FULL,11,12,15.95,47.86,68.57,0.438,0.376,0.94,"Full 3D: 11/17 core joints, core_err=16.0px, Z=0.94m"
CAP000426,S012,leaning_backward,CAL_009,SAME_PERSON,0,PASS,INCLUDE_3D_FULL,9,12,38.52,115.56,83.23,,,0.926,"Full 3D: 9/17 core joints, core_err=38.5px, Z=0.93m"
CAP000427,S012,leaning_backward,CAL_009,SAME_PERSON,0,PASS,INCLUDE_3D_FULL,9,12,38.72,116.15,83.13,,,0.935,"Full 3D: 9/17 core joints, core_err=38.7px, Z=0.93m"
CAP000428,S012,leaning_backward,CAL_009,SAME_PERSON,0,PASS,INCLUDE_3D_FULL,9,12,39.62,118.86,82.92,,,0.93,"Full 3D: 9/17 core joints, core_err=39.6px, Z=0.93m"
CAP000429,S012,leaning_backward,CAL_009,SAME_PERSON,0,PASS,INCLUDE_3D_FULL,9,12,39.23,117.69,83.32,,,0.929,"Full 3D: 9/17 core joints, core_err=39.2px, Z=0.93m"
CAP000430,S012,leaning_backward,CAL_009,SAME_PERSON,0,PASS,INCLUDE_3D_FULL,10,12,41.11,123.34,82.87,0.363,,0.955,"Full 3D: 10/17 core joints, core_err=41.1px, Z=0.95m"
CAP000431,S012,leaning_left,CAL_009,SAME_PERSON,0,PASS,INCLUDE_3D_FULL,10,11,36.46,109.38,89.01,0.399,,1.01,"Full 3D: 10/17 core joints, core_err=36.5px, Z=1.01m"
CAP000432,S012,leaning_left,CAL_009,SAME_PERSON,0,PASS,INCLUDE_3D_FULL,10,12,36.45,109.36,89.91,0.393,,1.013,"Full 3D: 10/17 core joints, core_err=36.5px, Z=1.01m"
CAP000433,S012,leaning_left,CAL_009,SAME_PERSON,0,PASS,INCLUDE_3D_FULL,10,12,35.9,107.71,83.74,0.389,,1.016,"Full 3D: 10/17 core joints, core_err=35.9px, Z=1.02m"
CAP000434,S012,leaning_left,CAL_009,SAME_PERSON,0,PASS,INCLUDE_3D_FULL,10,12,35.85,107.55,85.26,0.396,,1.012,"Full 3D: 10/17 core joints, core_err=35.8px, Z=1.01m"
CAP000435,S012,leaning_left,CAL_009,SAME_PERSON,0,PASS,INCLUDE_3D_FULL,10,12,35.37,106.11,84.31,0.392,,1.011,"Full 3D: 10/17 core joints, core_err=35.4px, Z=1.01m"
CAP000436,S012,leaning_right,CAL_009,SAME_PERSON,0,PASS,INCLUDE_3D_FULL,11,12,21.65,64.96,68.22,0.393,0.327,0.896,"Full 3D: 11/17 core joints, core_err=21.7px, Z=0.90m"
CAP000437,S012,leaning_right,CAL_009,SAME_PERSON,0,PASS,INCLUDE_3D_FULL,11,12,21.03,63.1,67.76,0.396,0.324,0.895,"Full 3D: 11/17 core joints, core_err=21.0px, Z=0.90m"
CAP000438,S012,leaning_right,CAL_009,SAME_PERSON,0,PASS,INCLUDE_3D_FULL,11,12,21.76,65.28,69.94,0.394,0.324,0.897,"Full 3D: 11/17 core joints, core_err=21.8px, Z=0.90m"
CAP000439,S012,leaning_right,CAL_009,SAME_PERSON,0,PASS,INCLUDE_3D_FULL,11,12,21.42,64.25,67.78,0.394,0.322,0.898,"Full 3D: 11/17 core joints, core_err=21.4px, Z=0.90m"
CAP000440,S012,leaning_right,CAL_009,SAME_PERSON,0,PASS,INCLUDE_3D_FULL,11,12,21.61,64.83,69.46,0.394,0.324,0.896,"Full 3D: 11/17 core joints, core_err=21.6px, Z=0.90m"
CAP000441,S012,slouching,CAL_009,SAME_PERSON,0,PASS,INCLUDE_3D_FULL,11,12,22.98,68.94,71.77,0.407,0.337,0.952,"Full 3D: 11/17 core joints, core_err=23.0px, Z=0.95m"
CAP000442,S012,slouching,CAL_009,SAME_PERSON,0,PASS,INCLUDE_3D_FULL,11,12,22.15,66.45,72.93,0.41,0.332,0.954,"Full 3D: 11/17 core joints, core_err=22.2px, Z=0.95m"
CAP000443,S012,slouching,CAL_009,SAME_PERSON,0,PASS,INCLUDE_3D_FULL,11,12,22.15,66.45,72.08,0.406,0.33,0.951,"Full 3D: 11/17 core joints, core_err=22.2px, Z=0.95m"
CAP000444,S012,slouching,CAL_009,SAME_PERSON,0,PASS,INCLUDE_3D_FULL,11,12,22.24,66.71,72.71,0.409,0.33,0.951,"Full 3D: 11/17 core joints, core_err=22.2px, Z=0.95m"
CAP000445,S012,slouching,CAL_009,SAME_PERSON,0,PASS,INCLUDE_3D_FULL,11,12,21.62,64.86,71.2,0.408,0.328,0.95,"Full 3D: 11/17 core joints, core_err=21.6px, Z=0.95m"
CAP000446,S012,forward_head,CAL_009,SAME_PERSON,0,PASS,INCLUDE_3D_FULL,9,11,14.29,42.86,72.66,0.436,,0.915,"Full 3D: 9/17 core joints, core_err=14.3px, Z=0.91m"
CAP000447,S012,forward_head,CAL_009,SAME_PERSON,0,PASS,INCLUDE_3D_FULL,10,12,13.85,41.55,73.25,0.435,,0.922,"Full 3D: 10/17 core joints, core_err=13.9px, Z=0.92m"
CAP000448,S012,forward_head,CAL_009,SAME_PERSON,0,PASS,INCLUDE_3D_FULL,9,11,14.67,44.02,74.34,0.436,,0.914,"Full 3D: 9/17 core joints, core_err=14.7px, Z=0.91m"
CAP000449,S012,forward_head,CAL_009,SAME_PERSON,0,PASS,INCLUDE_3D_FULL,9,11,15.34,46.03,71.4,0.436,,0.916,"Full 3D: 9/17 core joints, core_err=15.3px, Z=0.92m"
CAP000450,S012,forward_head,CAL_009,SAME_PERSON,0,PASS,INCLUDE_3D_FULL,9,11,15.79,47.38,72.24,0.436,,0.916,"Full 3D: 9/17 core joints, core_err=15.8px, Z=0.92m"
CAP000451,S012,reject,CAL_009,SAME_PERSON,0,REVIEW,INCLUDE_3D_WITH_MASKING,11,13,29.8,89.41,76.71,0.726,,1.268,Partial 3D: 11/17 core joints - usable with NaN masking
CAP000452,S012,reject,CAL_009,SAME_PERSON,0,PASS,INCLUDE_3D_FULL,9,9,24.06,72.17,,,,1.041,"Full 3D: 9/17 core joints, core_err=24.1px, Z=1.04m"
CAP000453,S013,upright,CAL_009,LIKELY_SAME,1,PASS,INCLUDE_3D_FULL,11,11,18.85,56.56,,0.381,0.342,0.894,"Full 3D: 11/17 core joints, core_err=18.9px, Z=0.89m"
CAP000454,S013,upright,CAL_009,SAME_PERSON,0,PASS,INCLUDE_3D_FULL,11,11,17.65,52.95,,0.376,0.354,0.904,"Full 3D: 11/17 core joints, core_err=17.6px, Z=0.90m"
CAP000455,S013,upright,CAL_009,LIKELY_SAME,1,PASS,INCLUDE_3D_FULL,12,13,18.81,56.42,96.81,0.355,0.323,0.892,"Full 3D: 12/17 core joints, core_err=18.8px, Z=0.89m"
CAP000456,S013,upright,CAL_009,LIKELY_SAME,1,PASS,INCLUDE_3D_FULL,12,13,18.77,56.3,89.53,0.354,0.323,0.887,"Full 3D: 12/17 core joints, core_err=18.8px, Z=0.89m"
CAP000457,S013,upright,CAL_009,LIKELY_SAME,1,PASS,INCLUDE_3D_FULL,12,13,16.03,48.09,90.7,0.352,0.328,0.891,"Full 3D: 12/17 core joints, core_err=16.0px, Z=0.89m"
CAP000458,S013,leaning_forward,CAL_009,SAME_PERSON,0,PASS,INCLUDE_3D_FULL,11,12,24.3,72.89,95.67,0.44,0.3,0.864,"Full 3D: 11/17 core joints, core_err=24.3px, Z=0.86m"
CAP000459,S013,leaning_forward,CAL_009,SAME_PERSON,0,PASS,INCLUDE_3D_FULL,10,10,24.85,74.56,,0.446,0.282,0.858,"Full 3D: 10/17 core joints, core_err=24.9px, Z=0.86m"
CAP000460,S013,leaning_forward,CAL_009,SUSPICIOUS,3,PASS,INCLUDE_3D_FULL,10,10,33.84,101.52,,0.436,0.271,0.858,"Full 3D: 10/17 core joints, core_err=33.8px, Z=0.86m"
CAP000461,S013,leaning_forward,CAL_009,SAME_PERSON,0,PASS,INCLUDE_3D_FULL,9,9,28.91,86.72,,0.434,0.277,0.861,"Full 3D: 9/17 core joints, core_err=28.9px, Z=0.86m"
CAP000462,S013,leaning_forward,CAL_009,SAME_PERSON,0,PASS,INCLUDE_3D_FULL,10,10,28.48,85.44,,0.433,0.28,0.846,"Full 3D: 10/17 core joints, core_err=28.5px, Z=0.85m"
CAP000463,S013,leaning_backward,CAL_009,LIKELY_SAME,1,PASS,INCLUDE_3D_FULL,12,13,21.73,65.18,83.65,0.364,0.328,0.882,"Full 3D: 12/17 core joints, core_err=21.7px, Z=0.88m"
CAP000464,S013,leaning_backward,CAL_009,LIKELY_SAME,1,PASS,INCLUDE_3D_FULL,12,13,22.5,67.49,85.57,0.362,0.321,0.881,"Full 3D: 12/17 core joints, core_err=22.5px, Z=0.88m"
CAP000465,S013,leaning_backward,CAL_009,LIKELY_SAME,1,PASS,INCLUDE_3D_FULL,12,13,23.79,71.36,89.95,0.36,0.32,0.88,"Full 3D: 12/17 core joints, core_err=23.8px, Z=0.88m"
CAP000466,S013,leaning_backward,CAL_009,LIKELY_SAME,1,PASS,INCLUDE_3D_FULL,12,13,21.66,64.98,83.66,0.361,0.321,0.878,"Full 3D: 12/17 core joints, core_err=21.7px, Z=0.88m"
CAP000467,S013,leaning_left,CAL_009,SAME_PERSON,0,PASS,INCLUDE_3D_FULL,11,11,24.95,74.86,,0.402,0.356,0.994,"Full 3D: 11/17 core joints, core_err=25.0px, Z=0.99m"
CAP000468,S013,leaning_left,CAL_009,SAME_PERSON,0,PASS,INCLUDE_3D_FULL,11,11,26.33,78.98,,0.415,0.369,1.001,"Full 3D: 11/17 core joints, core_err=26.3px, Z=1.00m"
CAP000469,S013,leaning_left,CAL_009,SAME_PERSON,0,PASS,INCLUDE_3D_FULL,12,13,24.6,73.79,83.64,0.371,0.355,0.973,"Full 3D: 12/17 core joints, core_err=24.6px, Z=0.97m"
CAP000470,S013,leaning_left,CAL_009,LIKELY_SAME,1,PASS,INCLUDE_3D_FULL,11,11,26.46,79.37,,0.383,0.366,0.988,"Full 3D: 11/17 core joints, core_err=26.5px, Z=0.99m"
CAP000471,S013,leaning_left,CAL_009,SAME_PERSON,0,PASS,INCLUDE_3D_FULL,11,11,23.5,70.5,,0.399,0.345,0.99,"Full 3D: 11/17 core joints, core_err=23.5px, Z=0.99m"
CAP000472,S013,leaning_right,CAL_009,SAME_PERSON,0,PASS,INCLUDE_3D_FULL,11,11,24.83,74.49,,0.366,0.321,0.821,"Full 3D: 11/17 core joints, core_err=24.8px, Z=0.82m"
CAP000473,S013,leaning_right,CAL_009,LIKELY_SAME,1,PASS,INCLUDE_3D_FULL,11,11,21.54,64.63,,0.36,0.323,0.826,"Full 3D: 11/17 core joints, core_err=21.5px, Z=0.83m"
CAP000474,S013,leaning_right,CAL_009,LIKELY_SAME,1,PASS,INCLUDE_3D_FULL,12,13,20.88,62.63,88.67,0.348,0.32,0.829,"Full 3D: 12/17 core joints, core_err=20.9px, Z=0.83m"
CAP000475,S013,leaning_right,CAL_009,LIKELY_SAME,1,PASS,INCLUDE_3D_FULL,12,13,20.76,62.29,86.02,0.352,0.322,0.832,"Full 3D: 12/17 core joints, core_err=20.8px, Z=0.83m"
CAP000476,S013,leaning_right,CAL_009,LIKELY_SAME,1,PASS,INCLUDE_3D_FULL,11,12,21.52,64.57,92.23,0.372,0.327,0.825,"Full 3D: 11/17 core joints, core_err=21.5px, Z=0.82m"
CAP000477,S013,slouching,CAL_009,SAME_PERSON,0,PASS,INCLUDE_3D_FULL,10,11,17.26,51.77,96.79,0.392,0.351,0.875,"Full 3D: 10/17 core joints, core_err=17.3px, Z=0.88m"
CAP000478,S013,slouching,CAL_009,SAME_PERSON,0,PASS,INCLUDE_3D_FULL,11,11,20.2,60.61,,0.378,0.334,0.881,"Full 3D: 11/17 core joints, core_err=20.2px, Z=0.88m"
CAP000479,S013,slouching,CAL_009,SAME_PERSON,0,PASS,INCLUDE_3D_FULL,11,11,17.52,52.56,,0.364,0.319,0.873,"Full 3D: 11/17 core joints, core_err=17.5px, Z=0.87m"
CAP000480,S013,slouching,CAL_009,SAME_PERSON,0,PASS,INCLUDE_3D_FULL,11,11,17.95,53.84,,0.362,0.324,0.868,"Full 3D: 11/17 core joints, core_err=17.9px, Z=0.87m"
CAP000481,S013,slouching,CAL_009,SAME_PERSON,0,PASS,INCLUDE_3D_FULL,11,11,18.9,56.69,,0.383,0.323,0.876,"Full 3D: 11/17 core joints, core_err=18.9px, Z=0.88m"
CAP000482,S013,forward_head,CAL_009,SAME_PERSON,0,REVIEW,INCLUDE_3D_WITH_MASKING,6,6,21.85,65.55,,0.418,0.254,0.904,Partial 3D: 6/17 core joints - usable with NaN masking
CAP000483,S013,forward_head,CAL_009,SAME_PERSON,0,FAIL,EXCLUDE_3D,0,7,,,155.66,,,,Insufficient core joints (0/17) or depth anomaly (Z=0.00m)
CAP000484,S013,forward_head,CAL_009,SAME_PERSON,0,FAIL,EXCLUDE_3D,0,6,,,155.17,,,,Insufficient core joints (0/17) or depth anomaly (Z=0.00m)
CAP000485,S013,forward_head,CAL_009,SAME_PERSON,0,FAIL,EXCLUDE_3D,0,8,,,155.12,,,,Insufficient core joints (0/17) or depth anomaly (Z=0.00m)
CAP000486,S013,forward_head,CAL_009,SAME_PERSON,0,FAIL,EXCLUDE_3D,0,6,,,155.48,,,,Insufficient core joints (0/17) or depth anomaly (Z=0.00m)
CAP000487,S013,reject,CAL_009,SAME_PERSON,0,REVIEW,INCLUDE_3D_WITH_MASKING,6,7,20.75,62.24,94.8,,,0.918,Partial 3D: 6/17 core joints - usable with NaN masking
CAP000488,S014,upright,CAL_009,SUSPICIOUS,3,PASS,INCLUDE_3D_FULL,11,11,24.69,74.06,,0.394,0.366,0.911,"Full 3D: 11/17 core joints, core_err=24.7px, Z=0.91m"
CAP000489,S014,upright,CAL_009,SUSPICIOUS,3,PASS,INCLUDE_3D_FULL,10,11,23.46,70.37,69.66,0.385,0.37,0.889,"Full 3D: 10/17 core joints, core_err=23.5px, Z=0.89m"
CAP000490,S014,upright,CAL_009,SAME_PERSON,0,PASS,INCLUDE_3D_FULL,11,11,24.48,73.44,,0.385,0.37,0.917,"Full 3D: 11/17 core joints, core_err=24.5px, Z=0.92m"
CAP000491,S014,upright,CAL_009,SAME_PERSON,0,PASS,INCLUDE_3D_FULL,10,11,18.24,54.72,71.89,0.388,0.358,0.903,"Full 3D: 10/17 core joints, core_err=18.2px, Z=0.90m"
CAP000492,S014,upright,CAL_009,SAME_PERSON,0,PASS,INCLUDE_3D_FULL,11,11,21.85,65.54,,0.382,0.362,0.912,"Full 3D: 11/17 core joints, core_err=21.8px, Z=0.91m"
CAP000493,S014,leaning_forward,CAL_009,SAME_PERSON,0,PASS,INCLUDE_3D_FULL,10,11,11.12,33.36,82.47,0.409,0.295,0.875,"Full 3D: 10/17 core joints, core_err=11.1px, Z=0.87m"
CAP000494,S014,leaning_forward,CAL_009,SAME_PERSON,0,PASS,INCLUDE_3D_FULL,10,11,11.37,34.1,93.34,0.412,0.296,0.876,"Full 3D: 10/17 core joints, core_err=11.4px, Z=0.88m"
CAP000495,S014,leaning_forward,CAL_009,SAME_PERSON,0,PASS,INCLUDE_3D_FULL,10,11,11.12,33.37,90.38,0.412,0.297,0.876,"Full 3D: 10/17 core joints, core_err=11.1px, Z=0.88m"
CAP000496,S014,leaning_forward,CAL_009,SAME_PERSON,0,PASS,INCLUDE_3D_FULL,11,11,15.37,46.1,,0.411,0.299,0.89,"Full 3D: 11/17 core joints, core_err=15.4px, Z=0.89m"
CAP000497,S014,leaning_backward,CAL_009,SAME_PERSON,0,PASS,INCLUDE_3D_FULL,9,11,29.76,89.27,70.98,0.339,,0.879,"Full 3D: 9/17 core joints, core_err=29.8px, Z=0.88m"
CAP000498,S014,leaning_backward,CAL_009,LIKELY_SAME,1,PASS,INCLUDE_3D_FULL,8,11,27.38,82.13,80.22,,,0.844,"Full 3D: 8/17 core joints, core_err=27.4px, Z=0.84m"
CAP000499,S014,leaning_backward,CAL_009,SAME_PERSON,0,PASS,INCLUDE_3D_FULL,8,11,27.44,82.31,77.79,,,0.844,"Full 3D: 8/17 core joints, core_err=27.4px, Z=0.84m"
CAP000500,S014,leaning_backward,CAL_009,SAME_PERSON,0,PASS,INCLUDE_3D_FULL,8,11,26.35,79.06,83.11,,,0.846,"Full 3D: 8/17 core joints, core_err=26.4px, Z=0.85m"
CAP000501,S014,leaning_backward,CAL_009,SAME_PERSON,0,PASS,INCLUDE_3D_FULL,8,11,25.22,75.65,74.73,,,0.847,"Full 3D: 8/17 core joints, core_err=25.2px, Z=0.85m"
CAP000502,S014,leaning_left,CAL_009,SAME_PERSON,0,PASS,INCLUDE_3D_FULL,12,12,30.5,91.49,,0.393,0.365,1.014,"Full 3D: 12/17 core joints, core_err=30.5px, Z=1.01m"
CAP000503,S014,leaning_left,CAL_009,SAME_PERSON,0,PASS,INCLUDE_3D_FULL,12,12,30.37,91.1,,0.402,0.363,1.015,"Full 3D: 12/17 core joints, core_err=30.4px, Z=1.02m"
CAP000504,S014,leaning_left,CAL_009,SAME_PERSON,0,PASS,INCLUDE_3D_FULL,12,12,29.61,88.82,,0.392,0.364,1.039,"Full 3D: 12/17 core joints, core_err=29.6px, Z=1.04m"
CAP000505,S014,leaning_left,CAL_009,SAME_PERSON,0,PASS,INCLUDE_3D_FULL,12,12,28.48,85.43,,0.392,0.355,1.034,"Full 3D: 12/17 core joints, core_err=28.5px, Z=1.03m"
CAP000506,S014,leaning_left,CAL_009,SAME_PERSON,0,PASS,INCLUDE_3D_FULL,12,12,29.76,89.28,,0.383,0.37,1.037,"Full 3D: 12/17 core joints, core_err=29.8px, Z=1.04m"
CAP000507,S014,leaning_right,CAL_009,SAME_PERSON,0,PASS,INCLUDE_3D_FULL,11,11,18.66,55.98,,0.319,0.345,0.809,"Full 3D: 11/17 core joints, core_err=18.7px, Z=0.81m"
CAP000508,S014,leaning_right,CAL_009,SAME_PERSON,0,PASS,INCLUDE_3D_FULL,11,11,18.43,55.29,,0.318,0.35,0.81,"Full 3D: 11/17 core joints, core_err=18.4px, Z=0.81m"
CAP000509,S014,leaning_right,CAL_009,SAME_PERSON,0,PASS,INCLUDE_3D_FULL,11,11,17.75,53.25,,0.321,0.352,0.811,"Full 3D: 11/17 core joints, core_err=17.7px, Z=0.81m"
CAP000510,S014,leaning_right,CAL_009,SAME_PERSON,0,PASS,INCLUDE_3D_FULL,11,11,19.14,57.41,,0.318,0.349,0.809,"Full 3D: 11/17 core joints, core_err=19.1px, Z=0.81m"
CAP000511,S014,slouching,CAL_009,SAME_PERSON,0,PASS,INCLUDE_3D_FULL,10,11,21.94,65.81,65.88,0.383,0.353,0.881,"Full 3D: 10/17 core joints, core_err=21.9px, Z=0.88m"
CAP000512,S014,slouching,CAL_009,SAME_PERSON,0,PASS,INCLUDE_3D_FULL,11,11,24.65,73.94,,0.379,0.333,0.9,"Full 3D: 11/17 core joints, core_err=24.6px, Z=0.90m"
CAP000513,S014,slouching,CAL_009,SAME_PERSON,0,PASS,INCLUDE_3D_FULL,11,11,22.69,68.07,,0.383,0.335,0.898,"Full 3D: 11/17 core joints, core_err=22.7px, Z=0.90m"
CAP000514,S014,slouching,CAL_009,SAME_PERSON,0,PASS,INCLUDE_3D_FULL,9,11,18.13,54.39,72.16,0.389,,0.861,"Full 3D: 9/17 core joints, core_err=18.1px, Z=0.86m"
CAP000515,S014,slouching,CAL_009,SAME_PERSON,0,PASS,INCLUDE_3D_FULL,9,11,16.51,49.54,66.22,0.386,,0.862,"Full 3D: 9/17 core joints, core_err=16.5px, Z=0.86m"
CAP000516,S014,forward_head,CAL_009,SAME_PERSON,0,PASS,INCLUDE_3D_FULL,10,11,18.96,56.87,78.38,0.375,0.326,0.892,"Full 3D: 10/17 core joints, core_err=19.0px, Z=0.89m"
CAP000517,S014,forward_head,CAL_009,SAME_PERSON,0,PASS,INCLUDE_3D_FULL,10,11,19.74,59.22,71.23,0.379,,0.882,"Full 3D: 10/17 core joints, core_err=19.7px, Z=0.88m"
CAP000518,S014,forward_head,CAL_009,SAME_PERSON,0,REVIEW,INCLUDE_3D_WITH_MASKING,7,9,22.5,67.49,67.13,0.356,,0.845,Partial 3D: 7/17 core joints - usable with NaN masking
CAP000519,S014,forward_head,CAL_009,SAME_PERSON,0,PASS,INCLUDE_3D_FULL,10,11,25.09,75.27,72.78,0.365,,0.878,"Full 3D: 10/17 core joints, core_err=25.1px, Z=0.88m"
CAP000520,S014,forward_head,CAL_009,SAME_PERSON,0,PASS,INCLUDE_3D_FULL,10,11,19.53,58.6,72.19,0.376,,0.882,"Full 3D: 10/17 core joints, core_err=19.5px, Z=0.88m"
CAP000521,S014,reject,CAL_009,SAME_PERSON,0,PASS,INCLUDE_3D_FULL,9,9,26.97,80.9,,0.534,0.457,0.919,"Full 3D: 9/17 core joints, core_err=27.0px, Z=0.92m"
CAP000522,S014,reject,CAL_009,SAME_PERSON,0,PASS,INCLUDE_3D_FULL,9,9,21.28,63.83,,0.454,0.44,0.91,"Full 3D: 9/17 core joints, core_err=21.3px, Z=0.91m"
CAP000523,S015,upright,CAL_009,SAME_PERSON,0,PASS,INCLUDE_3D_FULL,9,11,23.67,71.0,78.76,0.376,,0.922,"Full 3D: 9/17 core joints, core_err=23.7px, Z=0.92m"
CAP000524,S015,upright,CAL_009,SAME_PERSON,0,PASS,INCLUDE_3D_FULL,9,11,23.01,69.04,78.01,0.371,,0.922,"Full 3D: 9/17 core joints, core_err=23.0px, Z=0.92m"
CAP000525,S015,upright,CAL_009,SAME_PERSON,0,PASS,INCLUDE_3D_FULL,9,11,21.81,65.44,76.0,0.369,,0.92,"Full 3D: 9/17 core joints, core_err=21.8px, Z=0.92m"
CAP000526,S015,upright,CAL_009,SAME_PERSON,0,PASS,INCLUDE_3D_FULL,10,12,20.8,62.41,71.52,0.37,,0.928,"Full 3D: 10/17 core joints, core_err=20.8px, Z=0.93m"
CAP000527,S015,upright,CAL_009,SAME_PERSON,0,PASS,INCLUDE_3D_FULL,9,11,22.24,66.72,78.6,0.373,,0.923,"Full 3D: 9/17 core joints, core_err=22.2px, Z=0.92m"
CAP000528,S015,leaning_forward,CAL_009,SAME_PERSON,0,PASS,INCLUDE_3D_FULL,10,11,20.76,62.28,67.34,0.387,0.365,0.928,"Full 3D: 10/17 core joints, core_err=20.8px, Z=0.93m"
CAP000529,S015,leaning_forward,CAL_009,SAME_PERSON,0,PASS,INCLUDE_3D_FULL,10,11,21.15,63.46,66.79,0.406,0.368,0.93,"Full 3D: 10/17 core joints, core_err=21.2px, Z=0.93m"
CAP000530,S015,leaning_forward,CAL_009,SAME_PERSON,0,PASS,INCLUDE_3D_FULL,10,11,21.76,65.27,70.57,0.395,0.366,0.929,"Full 3D: 10/17 core joints, core_err=21.8px, Z=0.93m"
CAP000531,S015,leaning_forward,CAL_009,SAME_PERSON,0,PASS,INCLUDE_3D_FULL,10,11,21.4,64.19,71.85,0.401,0.373,0.928,"Full 3D: 10/17 core joints, core_err=21.4px, Z=0.93m"
CAP000532,S015,leaning_forward,CAL_009,SAME_PERSON,0,PASS,INCLUDE_3D_FULL,10,11,22.58,67.75,67.93,0.404,0.371,0.929,"Full 3D: 10/17 core joints, core_err=22.6px, Z=0.93m"
CAP000533,S015,leaning_backward,CAL_009,LIKELY_SAME,1,PASS,INCLUDE_3D_FULL,8,11,24.35,73.06,82.58,,,0.893,"Full 3D: 8/17 core joints, core_err=24.4px, Z=0.89m"
CAP000534,S015,leaning_backward,CAL_009,LIKELY_SAME,1,PASS,INCLUDE_3D_FULL,9,12,26.08,78.25,90.85,,,0.909,"Full 3D: 9/17 core joints, core_err=26.1px, Z=0.91m"
CAP000535,S015,leaning_backward,CAL_009,LIKELY_SAME,1,PASS,INCLUDE_3D_FULL,8,11,25.87,77.6,83.33,,,0.893,"Full 3D: 8/17 core joints, core_err=25.9px, Z=0.89m"
CAP000536,S015,leaning_backward,CAL_009,LIKELY_SAME,1,PASS,INCLUDE_3D_FULL,8,11,27.39,82.16,90.32,,,0.895,"Full 3D: 8/17 core joints, core_err=27.4px, Z=0.90m"
CAP000537,S015,leaning_backward,CAL_009,LIKELY_SAME,1,PASS,INCLUDE_3D_FULL,8,11,26.85,80.54,85.79,,,0.892,"Full 3D: 8/17 core joints, core_err=26.8px, Z=0.89m"
CAP000538,S015,leaning_left,CAL_009,SAME_PERSON,0,PASS,INCLUDE_3D_FULL,11,12,35.16,105.48,69.63,0.371,,1.054,"Full 3D: 11/17 core joints, core_err=35.2px, Z=1.05m"
CAP000539,S015,leaning_left,CAL_009,SAME_PERSON,0,PASS,INCLUDE_3D_FULL,11,12,34.09,102.27,70.52,0.37,,1.051,"Full 3D: 11/17 core joints, core_err=34.1px, Z=1.05m"
CAP000540,S015,leaning_left,CAL_009,SAME_PERSON,0,PASS,INCLUDE_3D_FULL,11,12,34.54,103.63,67.62,0.376,,1.059,"Full 3D: 11/17 core joints, core_err=34.5px, Z=1.06m"
CAP000541,S015,leaning_left,CAL_009,SAME_PERSON,0,PASS,INCLUDE_3D_FULL,11,12,35.29,105.87,69.59,0.381,,1.061,"Full 3D: 11/17 core joints, core_err=35.3px, Z=1.06m"
CAP000542,S015,leaning_left,CAL_009,SAME_PERSON,0,PASS,INCLUDE_3D_FULL,11,12,35.75,107.24,65.29,0.37,,1.06,"Full 3D: 11/17 core joints, core_err=35.7px, Z=1.06m"
CAP000543,S015,leaning_right,CAL_009,SAME_PERSON,0,PASS,INCLUDE_3D_FULL,11,12,15.14,45.42,65.09,0.313,,0.84,"Full 3D: 11/17 core joints, core_err=15.1px, Z=0.84m"
CAP000544,S015,leaning_right,CAL_009,SAME_PERSON,0,PASS,INCLUDE_3D_FULL,11,12,15.11,45.32,65.37,0.334,,0.836,"Full 3D: 11/17 core joints, core_err=15.1px, Z=0.84m"
CAP000545,S015,leaning_right,CAL_009,SAME_PERSON,0,PASS,INCLUDE_3D_FULL,12,12,18.12,54.37,,0.338,0.352,0.85,"Full 3D: 12/17 core joints, core_err=18.1px, Z=0.85m"
CAP000546,S015,leaning_right,CAL_009,SAME_PERSON,0,PASS,INCLUDE_3D_FULL,12,12,19.69,59.06,,0.317,0.35,0.853,"Full 3D: 12/17 core joints, core_err=19.7px, Z=0.85m"
CAP000547,S015,leaning_right,CAL_009,SAME_PERSON,0,PASS,INCLUDE_3D_FULL,11,11,18.78,56.33,,0.314,0.358,0.855,"Full 3D: 11/17 core joints, core_err=18.8px, Z=0.86m"
CAP000548,S015,slouching,CAL_009,SAME_PERSON,0,PASS,INCLUDE_3D_FULL,11,11,14.43,43.29,,0.344,,0.904,"Full 3D: 11/17 core joints, core_err=14.4px, Z=0.90m"
CAP000549,S015,slouching,CAL_009,SAME_PERSON,0,PASS,INCLUDE_3D_FULL,11,11,14.47,43.41,,0.346,,0.907,"Full 3D: 11/17 core joints, core_err=14.5px, Z=0.91m"
CAP000550,S015,slouching,CAL_009,SAME_PERSON,0,PASS,INCLUDE_3D_FULL,10,10,14.22,42.66,,0.345,,0.917,"Full 3D: 10/17 core joints, core_err=14.2px, Z=0.92m"
CAP000551,S015,slouching,CAL_009,SAME_PERSON,0,PASS,INCLUDE_3D_FULL,10,10,15.33,45.98,,0.349,,0.922,"Full 3D: 10/17 core joints, core_err=15.3px, Z=0.92m"
CAP000552,S015,slouching,CAL_009,SAME_PERSON,0,PASS,INCLUDE_3D_FULL,10,11,17.94,53.82,71.83,0.369,,0.908,"Full 3D: 10/17 core joints, core_err=17.9px, Z=0.91m"
CAP000553,S015,forward_head,CAL_009,SAME_PERSON,0,PASS,INCLUDE_3D_FULL,8,8,19.3,57.9,,0.401,,0.888,"Full 3D: 8/17 core joints, core_err=19.3px, Z=0.89m"
CAP000554,S015,forward_head,CAL_009,SAME_PERSON,0,PASS,INCLUDE_3D_FULL,9,9,16.74,50.21,,0.402,,0.913,"Full 3D: 9/17 core joints, core_err=16.7px, Z=0.91m"
CAP000555,S015,forward_head,CAL_009,SAME_PERSON,0,PASS,INCLUDE_3D_FULL,9,9,16.22,48.65,,0.403,,0.918,"Full 3D: 9/17 core joints, core_err=16.2px, Z=0.92m"
CAP000556,S015,forward_head,CAL_009,SAME_PERSON,0,PASS,INCLUDE_3D_FULL,8,8,20.0,60.01,,0.41,,0.905,"Full 3D: 8/17 core joints, core_err=20.0px, Z=0.90m"
CAP000557,S015,forward_head,CAL_009,SAME_PERSON,0,PASS,INCLUDE_3D_FULL,9,9,17.23,51.7,,0.392,,0.909,"Full 3D: 9/17 core joints, core_err=17.2px, Z=0.91m"
CAP000558,S015,forward_head,CAL_009,SAME_PERSON,0,PASS,INCLUDE_3D_FULL,8,8,19.46,58.37,,0.407,,0.904,"Full 3D: 8/17 core joints, core_err=19.5px, Z=0.90m"
CAP000559,S015,reject,CAL_009,LIKELY_SAME,1,PASS,INCLUDE_3D_FULL,9,9,12.74,38.23,,0.424,0.466,0.951,"Full 3D: 9/17 core joints, core_err=12.7px, Z=0.95m"
CAP000560,S015,reject,CAL_009,SAME_PERSON,0,REVIEW,INCLUDE_3D_WITH_MASKING,7,11,47.5,142.51,89.33,0.301,,0.832,Partial 3D: 7/17 core joints - usable with NaN masking
CAP000561,S016,upright,CAL_009,SAME_PERSON,0,PASS,INCLUDE_3D_FULL,12,14,40.01,120.04,79.0,0.444,,1.091,"Full 3D: 12/17 core joints, core_err=40.0px, Z=1.09m"
CAP000562,S016,upright,CAL_009,SAME_PERSON,0,PASS,INCLUDE_3D_FULL,12,14,39.86,119.57,79.42,0.443,,1.086,"Full 3D: 12/17 core joints, core_err=39.9px, Z=1.09m"
CAP000563,S016,upright,CAL_009,SAME_PERSON,0,PASS,INCLUDE_3D_FULL,11,14,37.09,111.28,79.29,0.448,,1.063,"Full 3D: 11/17 core joints, core_err=37.1px, Z=1.06m"
CAP000564,S016,upright,CAL_009,SAME_PERSON,0,PASS,INCLUDE_3D_FULL,12,14,39.12,117.36,77.73,0.447,,1.085,"Full 3D: 12/17 core joints, core_err=39.1px, Z=1.09m"
CAP000565,S016,upright,CAL_009,SAME_PERSON,0,PASS,INCLUDE_3D_FULL,12,14,39.2,117.59,77.7,0.449,,1.087,"Full 3D: 12/17 core joints, core_err=39.2px, Z=1.09m"
CAP000566,S016,leaning_forward,CAL_009,SAME_PERSON,0,PASS,INCLUDE_3D_FULL,11,13,28.33,84.99,71.55,0.487,,1.055,"Full 3D: 11/17 core joints, core_err=28.3px, Z=1.05m"
CAP000567,S016,leaning_forward,CAL_009,SAME_PERSON,0,PASS,INCLUDE_3D_FULL,11,13,28.62,85.86,71.41,0.486,,1.053,"Full 3D: 11/17 core joints, core_err=28.6px, Z=1.05m"
CAP000568,S016,leaning_forward,CAL_009,SAME_PERSON,0,PASS,INCLUDE_3D_FULL,12,14,28.64,85.91,69.75,0.486,,1.077,"Full 3D: 12/17 core joints, core_err=28.6px, Z=1.08m"
CAP000569,S016,leaning_forward,CAL_009,SAME_PERSON,0,PASS,INCLUDE_3D_FULL,12,14,28.46,85.38,66.32,0.483,,1.081,"Full 3D: 12/17 core joints, core_err=28.5px, Z=1.08m"
CAP000570,S016,leaning_forward,CAL_009,SAME_PERSON,0,PASS,INCLUDE_3D_FULL,11,13,28.36,85.09,67.77,0.486,,1.055,"Full 3D: 11/17 core joints, core_err=28.4px, Z=1.05m"
CAP000571,S016,leaning_backward,CAL_009,SAME_PERSON,0,REVIEW,INCLUDE_3D_WITH_MASKING,10,14,46.39,139.16,93.0,,,1.04,Partial 3D: 10/17 core joints - usable with NaN masking
CAP000572,S016,leaning_backward,CAL_009,SAME_PERSON,0,REVIEW,INCLUDE_3D_WITH_MASKING,10,14,46.66,139.98,88.9,,,1.038,Partial 3D: 10/17 core joints - usable with NaN masking
CAP000573,S016,leaning_backward,CAL_009,SAME_PERSON,0,REVIEW,INCLUDE_3D_WITH_MASKING,10,14,47.27,141.8,90.23,,,1.037,Partial 3D: 10/17 core joints - usable with NaN masking
CAP000574,S016,leaning_backward,CAL_009,SAME_PERSON,0,REVIEW,INCLUDE_3D_WITH_MASKING,10,14,47.88,143.65,90.74,,,1.04,Partial 3D: 10/17 core joints - usable with NaN masking
CAP000575,S016,leaning_backward,CAL_009,SAME_PERSON,0,REVIEW,INCLUDE_3D_WITH_MASKING,10,14,47.88,143.65,92.23,,,1.044,Partial 3D: 10/17 core joints - usable with NaN masking
CAP000576,S016,leaning_left,CAL_009,SAME_PERSON,0,REVIEW,INCLUDE_3D_WITH_MASKING,11,14,47.1,141.3,75.57,,,1.174,Partial 3D: 11/17 core joints - usable with NaN masking
CAP000577,S016,leaning_left,CAL_009,SAME_PERSON,0,REVIEW,INCLUDE_3D_WITH_MASKING,11,14,45.72,137.15,73.96,,,1.17,Partial 3D: 11/17 core joints - usable with NaN masking
CAP000578,S016,leaning_left,CAL_009,SAME_PERSON,0,REVIEW,INCLUDE_3D_WITH_MASKING,11,14,46.14,138.41,72.07,,,1.17,Partial 3D: 11/17 core joints - usable with NaN masking
CAP000579,S016,leaning_left,CAL_009,SAME_PERSON,0,REVIEW,INCLUDE_3D_WITH_MASKING,11,14,46.59,139.78,73.81,,,1.171,Partial 3D: 11/17 core joints - usable with NaN masking
CAP000580,S016,leaning_left,CAL_009,SAME_PERSON,0,REVIEW,INCLUDE_3D_WITH_MASKING,11,14,46.34,139.02,72.34,,,1.171,Partial 3D: 11/17 core joints - usable with NaN masking
CAP000581,S016,leaning_right,CAL_009,SAME_PERSON,0,PASS,INCLUDE_3D_FULL,10,13,26.39,79.18,84.23,0.388,,0.896,"Full 3D: 10/17 core joints, core_err=26.4px, Z=0.90m"
CAP000582,S016,leaning_right,CAL_009,SAME_PERSON,0,PASS,INCLUDE_3D_FULL,10,13,25.99,77.98,84.15,0.38,,0.882,"Full 3D: 10/17 core joints, core_err=26.0px, Z=0.88m"
CAP000583,S016,leaning_right,CAL_009,SAME_PERSON,0,PASS,INCLUDE_3D_FULL,11,13,29.67,89.0,82.13,0.387,0.337,0.91,"Full 3D: 11/17 core joints, core_err=29.7px, Z=0.91m"
CAP000584,S016,leaning_right,CAL_009,SAME_PERSON,0,PASS,INCLUDE_3D_FULL,10,13,27.83,83.48,85.3,0.402,,0.889,"Full 3D: 10/17 core joints, core_err=27.8px, Z=0.89m"
CAP000585,S016,leaning_right,CAL_009,SAME_PERSON,0,PASS,INCLUDE_3D_FULL,11,13,30.6,91.79,81.18,0.393,0.339,0.913,"Full 3D: 11/17 core joints, core_err=30.6px, Z=0.91m"
CAP000586,S016,slouching,CAL_009,SAME_PERSON,0,PASS,INCLUDE_3D_FULL,12,14,27.61,82.84,83.31,0.459,,1.051,"Full 3D: 12/17 core joints, core_err=27.6px, Z=1.05m"
CAP000587,S016,slouching,CAL_009,SAME_PERSON,0,PASS,INCLUDE_3D_FULL,11,13,28.71,86.14,83.06,0.463,,1.053,"Full 3D: 11/17 core joints, core_err=28.7px, Z=1.05m"
CAP000588,S016,slouching,CAL_009,SAME_PERSON,0,PASS,INCLUDE_3D_FULL,12,14,27.35,82.04,82.11,0.46,,1.055,"Full 3D: 12/17 core joints, core_err=27.3px, Z=1.06m"
CAP000589,S016,slouching,CAL_009,SAME_PERSON,0,PASS,INCLUDE_3D_FULL,12,14,28.97,86.9,86.57,0.457,,1.059,"Full 3D: 12/17 core joints, core_err=29.0px, Z=1.06m"
CAP000590,S016,slouching,CAL_009,SAME_PERSON,0,PASS,INCLUDE_3D_FULL,12,14,28.73,86.2,85.78,0.456,,1.059,"Full 3D: 12/17 core joints, core_err=28.7px, Z=1.06m"
CAP000591,S016,forward_head,CAL_009,SAME_PERSON,0,PASS,INCLUDE_3D_FULL,12,14,22.89,68.68,83.67,0.467,,1.068,"Full 3D: 12/17 core joints, core_err=22.9px, Z=1.07m"
CAP000592,S016,forward_head,CAL_009,SAME_PERSON,0,PASS,INCLUDE_3D_FULL,12,14,21.33,63.98,87.64,0.477,,1.07,"Full 3D: 12/17 core joints, core_err=21.3px, Z=1.07m"
CAP000593,S016,forward_head,CAL_009,SAME_PERSON,0,PASS,INCLUDE_3D_FULL,12,14,21.01,63.02,86.87,0.476,,1.071,"Full 3D: 12/17 core joints, core_err=21.0px, Z=1.07m"
CAP000594,S016,forward_head,CAL_009,SAME_PERSON,0,PASS,INCLUDE_3D_FULL,12,14,21.11,63.33,89.42,0.474,,1.066,"Full 3D: 12/17 core joints, core_err=21.1px, Z=1.07m"
CAP000595,S016,forward_head,CAL_009,SAME_PERSON,0,PASS,INCLUDE_3D_FULL,12,14,21.27,63.82,87.53,0.479,,1.067,"Full 3D: 12/17 core joints, core_err=21.3px, Z=1.07m"
CAP000596,S016,reject,CAL_009,SAME_PERSON,0,FAIL,EXCLUDE_3D,3,13,60.94,182.81,135.85,,,1.201,Insufficient core joints (3/17) or depth anomaly (Z=1.20m)
CAP000597,S017,upright,CAL_009,SAME_PERSON,0,REVIEW,INCLUDE_3D_WITH_MASKING,7,9,18.96,56.89,130.66,0.438,0.409,0.961,Partial 3D: 7/17 core joints - usable with NaN masking
CAP000598,S017,upright,CAL_009,SAME_PERSON,0,PASS,INCLUDE_3D_FULL,9,9,19.11,57.34,,0.445,0.401,0.935,"Full 3D: 9/17 core joints, core_err=19.1px, Z=0.93m"
CAP000599,S017,upright,CAL_009,SAME_PERSON,0,PASS,INCLUDE_3D_FULL,9,9,16.94,50.81,,0.447,0.397,0.931,"Full 3D: 9/17 core joints, core_err=16.9px, Z=0.93m"
CAP000600,S017,upright,CAL_009,SAME_PERSON,0,PASS,INCLUDE_3D_FULL,9,10,17.18,51.55,77.64,0.444,0.389,0.936,"Full 3D: 9/17 core joints, core_err=17.2px, Z=0.94m"
CAP000601,S017,upright,CAL_009,SAME_PERSON,0,PASS,INCLUDE_3D_FULL,9,9,17.1,51.29,,0.437,0.387,0.933,"Full 3D: 9/17 core joints, core_err=17.1px, Z=0.93m"
CAP000602,S017,leaning_forward,CAL_009,SAME_PERSON,0,PASS,INCLUDE_3D_FULL,9,9,16.2,48.59,,0.493,,0.934,"Full 3D: 9/17 core joints, core_err=16.2px, Z=0.93m"
CAP000603,S017,leaning_forward,CAL_009,SAME_PERSON,0,PASS,INCLUDE_3D_FULL,10,10,15.25,45.76,,0.491,0.403,0.955,"Full 3D: 10/17 core joints, core_err=15.3px, Z=0.95m"
CAP000604,S017,leaning_forward,CAL_009,SAME_PERSON,0,PASS,INCLUDE_3D_FULL,10,11,16.02,48.05,114.12,0.49,0.401,0.955,"Full 3D: 10/17 core joints, core_err=16.0px, Z=0.96m"
CAP000605,S017,leaning_forward,CAL_009,SAME_PERSON,0,PASS,INCLUDE_3D_FULL,10,11,18.02,54.06,120.4,0.515,0.425,0.962,"Full 3D: 10/17 core joints, core_err=18.0px, Z=0.96m"
CAP000606,S017,leaning_forward,CAL_009,SAME_PERSON,0,PASS,INCLUDE_3D_FULL,10,11,20.93,62.8,113.76,0.503,0.416,0.963,"Full 3D: 10/17 core joints, core_err=20.9px, Z=0.96m"
CAP000607,S017,leaning_backward,CAL_009,LIKELY_SAME,1,PASS,INCLUDE_3D_FULL,9,9,27.89,83.66,,0.376,0.38,0.939,"Full 3D: 9/17 core joints, core_err=27.9px, Z=0.94m"
CAP000608,S017,leaning_backward,CAL_009,LIKELY_SAME,1,PASS,INCLUDE_3D_FULL,9,9,29.77,89.31,,0.376,0.379,0.934,"Full 3D: 9/17 core joints, core_err=29.8px, Z=0.93m"
CAP000609,S017,leaning_backward,CAL_009,LIKELY_SAME,1,PASS,INCLUDE_3D_FULL,9,9,28.46,85.38,,0.387,0.383,0.935,"Full 3D: 9/17 core joints, core_err=28.5px, Z=0.93m"
CAP000610,S017,leaning_backward,CAL_009,LIKELY_SAME,1,PASS,INCLUDE_3D_FULL,9,10,27.84,83.51,91.62,0.38,0.381,0.935,"Full 3D: 9/17 core joints, core_err=27.8px, Z=0.93m"
CAP000611,S017,leaning_backward,CAL_009,LIKELY_SAME,1,PASS,INCLUDE_3D_FULL,9,9,28.33,84.98,,0.377,0.382,0.93,"Full 3D: 9/17 core joints, core_err=28.3px, Z=0.93m"
CAP000612,S017,leaning_left,CAL_009,SAME_PERSON,0,PASS,INCLUDE_3D_FULL,12,12,23.07,69.21,,0.432,0.427,1.083,"Full 3D: 12/17 core joints, core_err=23.1px, Z=1.08m"
CAP000613,S017,leaning_left,CAL_009,SAME_PERSON,0,PASS,INCLUDE_3D_FULL,11,11,25.02,75.06,,0.468,0.446,1.105,"Full 3D: 11/17 core joints, core_err=25.0px, Z=1.11m"
CAP000614,S017,leaning_left,CAL_009,SAME_PERSON,0,PASS,INCLUDE_3D_FULL,10,10,24.79,74.37,,0.442,0.442,1.086,"Full 3D: 10/17 core joints, core_err=24.8px, Z=1.09m"
CAP000615,S017,leaning_left,CAL_009,SAME_PERSON,0,PASS,INCLUDE_3D_FULL,11,11,20.88,62.65,,0.432,0.43,1.077,"Full 3D: 11/17 core joints, core_err=20.9px, Z=1.08m"
CAP000616,S017,leaning_left,CAL_009,SAME_PERSON,0,PASS,INCLUDE_3D_FULL,11,11,22.16,66.47,,0.429,0.436,1.079,"Full 3D: 11/17 core joints, core_err=22.2px, Z=1.08m"
CAP000617,S017,leaning_right,CAL_009,SUSPICIOUS,3,REVIEW,INCLUDE_3D_WITH_MASKING,7,7,22.67,68.01,,0.342,,0.744,Partial 3D: 7/17 core joints - usable with NaN masking
CAP000618,S017,leaning_right,CAL_009,SUSPICIOUS,3,REVIEW,INCLUDE_3D_WITH_MASKING,7,7,22.97,68.91,,0.322,,0.738,Partial 3D: 7/17 core joints - usable with NaN masking
CAP000619,S017,leaning_right,CAL_009,SAME_PERSON,0,REVIEW,INCLUDE_3D_WITH_MASKING,7,7,21.61,64.84,,0.315,,0.738,Partial 3D: 7/17 core joints - usable with NaN masking
CAP000620,S017,leaning_right,CAL_009,SAME_PERSON,0,REVIEW,INCLUDE_3D_WITH_MASKING,7,7,22.51,67.53,,0.315,,0.735,Partial 3D: 7/17 core joints - usable with NaN masking
CAP000621,S017,leaning_right,CAL_009,SAME_PERSON,0,REVIEW,INCLUDE_3D_WITH_MASKING,7,7,21.43,64.3,,0.318,,0.741,Partial 3D: 7/17 core joints - usable with NaN masking
CAP000622,S017,slouching,CAL_009,SAME_PERSON,0,PASS,INCLUDE_3D_FULL,9,10,14.73,44.19,70.95,0.432,0.345,0.934,"Full 3D: 9/17 core joints, core_err=14.7px, Z=0.93m"
CAP000623,S017,slouching,CAL_009,SAME_PERSON,0,PASS,INCLUDE_3D_FULL,9,9,15.39,46.18,,0.432,0.35,0.936,"Full 3D: 9/17 core joints, core_err=15.4px, Z=0.94m"
CAP000624,S017,slouching,CAL_009,SAME_PERSON,0,PASS,INCLUDE_3D_FULL,9,9,14.67,44.0,,0.429,0.353,0.934,"Full 3D: 9/17 core joints, core_err=14.7px, Z=0.93m"
CAP000625,S017,slouching,CAL_009,SAME_PERSON,0,PASS,INCLUDE_3D_FULL,9,9,16.06,48.17,,0.423,0.354,0.934,"Full 3D: 9/17 core joints, core_err=16.1px, Z=0.93m"
CAP000626,S017,slouching,CAL_009,SAME_PERSON,0,PASS,INCLUDE_3D_FULL,9,9,16.01,48.02,,0.43,0.351,0.932,"Full 3D: 9/17 core joints, core_err=16.0px, Z=0.93m"
CAP000627,S017,forward_head,CAL_009,SAME_PERSON,0,PASS,INCLUDE_3D_FULL,9,10,12.97,38.91,106.16,0.444,,0.93,"Full 3D: 9/17 core joints, core_err=13.0px, Z=0.93m"
CAP000628,S017,forward_head,CAL_009,SAME_PERSON,0,PASS,INCLUDE_3D_FULL,10,10,15.85,47.56,,0.445,,0.918,"Full 3D: 10/17 core joints, core_err=15.9px, Z=0.92m"
CAP000629,S017,forward_head,CAL_009,SAME_PERSON,0,PASS,INCLUDE_3D_FULL,8,9,15.52,46.55,106.55,0.448,,0.924,"Full 3D: 8/17 core joints, core_err=15.5px, Z=0.92m"
CAP000630,S017,forward_head,CAL_009,SAME_PERSON,0,REVIEW,INCLUDE_3D_WITH_MASKING,7,7,18.18,54.55,,0.429,,0.922,Partial 3D: 7/17 core joints - usable with NaN masking
CAP000631,S017,forward_head,CAL_009,SAME_PERSON,0,PASS,INCLUDE_3D_FULL,9,9,22.43,67.29,,0.445,,0.929,"Full 3D: 9/17 core joints, core_err=22.4px, Z=0.93m"
CAP000632,S017,reject,CAL_009,SAME_PERSON,0,PASS,INCLUDE_3D_FULL,11,13,43.04,129.12,73.16,0.331,,1.013,"Full 3D: 11/17 core joints, core_err=43.0px, Z=1.01m"
CAP000633,S018,upright,CAL_009,SAME_PERSON,0,PASS,INCLUDE_3D_FULL,12,12,23.8,71.41,,0.42,0.349,0.955,"Full 3D: 12/17 core joints, core_err=23.8px, Z=0.96m"
CAP000634,S018,upright,CAL_009,SAME_PERSON,0,PASS,INCLUDE_3D_FULL,12,12,21.94,65.81,,0.42,0.347,0.955,"Full 3D: 12/17 core joints, core_err=21.9px, Z=0.96m"
CAP000635,S018,upright,CAL_009,SAME_PERSON,0,PASS,INCLUDE_3D_FULL,12,12,23.34,70.03,,0.423,0.35,0.957,"Full 3D: 12/17 core joints, core_err=23.3px, Z=0.96m"
CAP000636,S018,upright,CAL_009,SAME_PERSON,0,PASS,INCLUDE_3D_FULL,12,12,22.24,66.72,,0.41,0.348,0.951,"Full 3D: 12/17 core joints, core_err=22.2px, Z=0.95m"
CAP000637,S018,upright,CAL_009,SAME_PERSON,0,PASS,INCLUDE_3D_FULL,12,12,23.11,69.33,,0.413,0.347,0.955,"Full 3D: 12/17 core joints, core_err=23.1px, Z=0.96m"
CAP000638,S018,leaning_forward,CAL_009,SAME_PERSON,0,PASS,INCLUDE_3D_FULL,12,12,24.05,72.16,,0.404,0.345,0.974,"Full 3D: 12/17 core joints, core_err=24.1px, Z=0.97m"
CAP000639,S018,leaning_forward,CAL_009,SAME_PERSON,0,PASS,INCLUDE_3D_FULL,10,13,21.6,64.81,99.52,0.375,0.332,0.923,"Full 3D: 10/17 core joints, core_err=21.6px, Z=0.92m"
CAP000640,S018,leaning_forward,CAL_009,LIKELY_SAME,1,PASS,INCLUDE_3D_FULL,11,12,26.71,80.12,76.84,0.366,0.341,0.929,"Full 3D: 11/17 core joints, core_err=26.7px, Z=0.93m"
CAP000641,S018,leaning_forward,CAL_009,SAME_PERSON,0,PASS,INCLUDE_3D_FULL,12,12,19.87,59.6,,0.409,0.344,0.977,"Full 3D: 12/17 core joints, core_err=19.9px, Z=0.98m"
CAP000642,S018,leaning_forward,CAL_009,SAME_PERSON,0,PASS,INCLUDE_3D_FULL,11,11,19.08,57.25,,0.411,0.34,0.975,"Full 3D: 11/17 core joints, core_err=19.1px, Z=0.98m"
CAP000643,S018,leaning_backward,CAL_009,SAME_PERSON,0,PASS,INCLUDE_3D_FULL,12,12,36.51,109.52,,0.362,0.313,0.934,"Full 3D: 12/17 core joints, core_err=36.5px, Z=0.93m"
CAP000644,S018,leaning_backward,CAL_009,SAME_PERSON,0,PASS,INCLUDE_3D_FULL,12,13,34.72,104.16,69.21,0.357,0.313,0.96,"Full 3D: 12/17 core joints, core_err=34.7px, Z=0.96m"
CAP000645,S018,leaning_backward,CAL_009,SAME_PERSON,0,PASS,INCLUDE_3D_FULL,12,12,36.33,109.0,,0.358,0.317,0.966,"Full 3D: 12/17 core joints, core_err=36.3px, Z=0.97m"
CAP000646,S018,leaning_backward,CAL_009,SAME_PERSON,0,PASS,INCLUDE_3D_FULL,12,12,36.06,108.17,,0.358,0.317,0.963,"Full 3D: 12/17 core joints, core_err=36.1px, Z=0.96m"
CAP000647,S018,leaning_backward,CAL_009,SAME_PERSON,0,PASS,INCLUDE_3D_FULL,14,14,36.28,108.83,,0.354,0.311,0.961,"Full 3D: 14/17 core joints, core_err=36.3px, Z=0.96m"
CAP000648,S018,leaning_left,CAL_009,SAME_PERSON,0,PASS,INCLUDE_3D_FULL,11,12,29.96,89.87,79.58,0.454,0.364,1.084,"Full 3D: 11/17 core joints, core_err=30.0px, Z=1.08m"
CAP000649,S018,leaning_left,CAL_009,SAME_PERSON,0,PASS,INCLUDE_3D_FULL,11,12,31.53,94.59,79.28,0.44,0.349,1.075,"Full 3D: 11/17 core joints, core_err=31.5px, Z=1.07m"
CAP000650,S018,leaning_left,CAL_009,SAME_PERSON,0,PASS,INCLUDE_3D_FULL,11,12,32.55,97.64,73.85,0.446,0.351,1.076,"Full 3D: 11/17 core joints, core_err=32.5px, Z=1.08m"
CAP000651,S018,leaning_left,CAL_009,SAME_PERSON,0,PASS,INCLUDE_3D_FULL,11,12,32.46,97.37,70.99,0.454,0.353,1.079,"Full 3D: 11/17 core joints, core_err=32.5px, Z=1.08m"
CAP000652,S018,leaning_left,CAL_009,SAME_PERSON,0,PASS,INCLUDE_3D_FULL,12,13,32.94,98.81,74.4,0.455,0.358,1.1,"Full 3D: 12/17 core joints, core_err=32.9px, Z=1.10m"
CAP000653,S018,leaning_right,CAL_009,SAME_PERSON,0,PASS,INCLUDE_3D_FULL,11,11,18.85,56.55,,0.381,0.329,0.83,"Full 3D: 11/17 core joints, core_err=18.8px, Z=0.83m"
CAP000654,S018,leaning_right,CAL_009,SAME_PERSON,0,PASS,INCLUDE_3D_FULL,11,11,18.89,56.67,,0.375,0.329,0.828,"Full 3D: 11/17 core joints, core_err=18.9px, Z=0.83m"
CAP000655,S018,leaning_right,CAL_009,SAME_PERSON,0,PASS,INCLUDE_3D_FULL,11,11,19.08,57.23,,0.377,0.323,0.828,"Full 3D: 11/17 core joints, core_err=19.1px, Z=0.83m"
CAP000656,S018,leaning_right,CAL_009,SAME_PERSON,0,PASS,INCLUDE_3D_FULL,12,12,17.93,53.8,,0.38,0.322,0.829,"Full 3D: 12/17 core joints, core_err=17.9px, Z=0.83m"
CAP000657,S018,leaning_right,CAL_009,SAME_PERSON,0,PASS,INCLUDE_3D_FULL,12,12,17.95,53.85,,0.384,0.324,0.832,"Full 3D: 12/17 core joints, core_err=17.9px, Z=0.83m"
CAP000658,S018,slouching,CAL_009,SAME_PERSON,0,PASS,INCLUDE_3D_FULL,12,12,22.0,66.0,,0.408,0.297,0.949,"Full 3D: 12/17 core joints, core_err=22.0px, Z=0.95m"
CAP000659,S018,slouching,CAL_009,SAME_PERSON,0,PASS,INCLUDE_3D_FULL,12,12,21.5,64.49,,0.407,0.295,0.947,"Full 3D: 12/17 core joints, core_err=21.5px, Z=0.95m"
CAP000660,S018,slouching,CAL_009,SAME_PERSON,0,PASS,INCLUDE_3D_FULL,12,12,21.25,63.76,,0.406,0.3,0.947,"Full 3D: 12/17 core joints, core_err=21.3px, Z=0.95m"
CAP000661,S018,slouching,CAL_009,SAME_PERSON,0,PASS,INCLUDE_3D_FULL,12,12,20.58,61.73,,0.412,0.294,0.946,"Full 3D: 12/17 core joints, core_err=20.6px, Z=0.95m"
CAP000662,S018,slouching,CAL_009,SAME_PERSON,0,PASS,INCLUDE_3D_FULL,12,12,20.9,62.71,,0.409,0.296,0.946,"Full 3D: 12/17 core joints, core_err=20.9px, Z=0.95m"
CAP000663,S018,forward_head,CAL_009,SAME_PERSON,0,PASS,INCLUDE_3D_FULL,11,11,21.08,63.23,,0.442,0.321,0.922,"Full 3D: 11/17 core joints, core_err=21.1px, Z=0.92m"
CAP000664,S018,forward_head,CAL_009,SAME_PERSON,0,PASS,INCLUDE_3D_FULL,11,11,21.28,63.84,,0.447,0.324,0.923,"Full 3D: 11/17 core joints, core_err=21.3px, Z=0.92m"
CAP000665,S018,forward_head,CAL_009,SAME_PERSON,0,PASS,INCLUDE_3D_FULL,11,11,21.17,63.51,,0.45,0.325,0.923,"Full 3D: 11/17 core joints, core_err=21.2px, Z=0.92m"
CAP000666,S018,forward_head,CAL_009,SAME_PERSON,0,PASS,INCLUDE_3D_FULL,11,11,21.05,63.15,,0.445,0.323,0.92,"Full 3D: 11/17 core joints, core_err=21.1px, Z=0.92m"
CAP000667,S018,forward_head,CAL_009,SAME_PERSON,0,PASS,INCLUDE_3D_FULL,11,11,20.56,61.67,,0.45,0.321,0.924,"Full 3D: 11/17 core joints, core_err=20.6px, Z=0.92m"
CAP000668,S018,reject,CAL_009,SAME_PERSON,0,PASS,INCLUDE_3D_FULL,12,12,30.71,92.14,,0.405,0.424,0.975,"Full 3D: 12/17 core joints, core_err=30.7px, Z=0.97m"
CAP000669,S019,upright,CAL_009,SAME_PERSON,0,PASS,INCLUDE_3D_FULL,11,11,17.93,53.8,,0.387,0.336,0.889,"Full 3D: 11/17 core joints, core_err=17.9px, Z=0.89m"
CAP000670,S019,upright,CAL_009,SAME_PERSON,0,PASS,INCLUDE_3D_FULL,12,12,15.77,47.3,,0.385,0.332,0.888,"Full 3D: 12/17 core joints, core_err=15.8px, Z=0.89m"
CAP000671,S019,upright,CAL_009,SAME_PERSON,0,PASS,INCLUDE_3D_FULL,11,11,16.78,50.33,,0.386,0.331,0.886,"Full 3D: 11/17 core joints, core_err=16.8px, Z=0.89m"
CAP000672,S019,upright,CAL_009,SAME_PERSON,0,PASS,INCLUDE_3D_FULL,11,11,17.59,52.78,,0.384,0.334,0.887,"Full 3D: 11/17 core joints, core_err=17.6px, Z=0.89m"
CAP000673,S019,upright,CAL_009,SAME_PERSON,0,PASS,INCLUDE_3D_FULL,12,12,16.62,49.87,,0.382,0.332,0.888,"Full 3D: 12/17 core joints, core_err=16.6px, Z=0.89m"
CAP000674,S019,leaning_forward,CAL_009,SAME_PERSON,0,PASS,INCLUDE_3D_FULL,9,13,40.83,122.48,96.48,,,1.178,"Full 3D: 9/17 core joints, core_err=40.8px, Z=1.18m"
CAP000675,S019,leaning_forward,CAL_009,SAME_PERSON,0,PASS,INCLUDE_3D_FULL,10,13,42.69,128.08,93.98,,,1.164,"Full 3D: 10/17 core joints, core_err=42.7px, Z=1.16m"
CAP000676,S019,leaning_forward,CAL_009,SAME_PERSON,0,PASS,INCLUDE_3D_FULL,10,13,38.93,116.79,89.78,,,1.148,"Full 3D: 10/17 core joints, core_err=38.9px, Z=1.15m"
CAP000677,S019,leaning_forward,CAL_009,SAME_PERSON,0,PASS,INCLUDE_3D_FULL,10,13,39.44,118.33,89.06,,,1.148,"Full 3D: 10/17 core joints, core_err=39.4px, Z=1.15m"
CAP000678,S019,leaning_forward,CAL_009,SAME_PERSON,0,PASS,INCLUDE_3D_FULL,10,13,39.84,119.51,89.97,,,1.146,"Full 3D: 10/17 core joints, core_err=39.8px, Z=1.15m"
CAP000679,S019,leaning_backward,CAL_009,SAME_PERSON,0,REVIEW,INCLUDE_3D_WITH_MASKING,7,13,52.69,158.06,97.17,,,1.096,Partial 3D: 7/17 core joints - usable with NaN masking
CAP000680,S019,leaning_backward,CAL_009,SAME_PERSON,0,REVIEW,INCLUDE_3D_WITH_MASKING,5,13,48.42,145.27,96.94,,,1.108,Partial 3D: 5/17 core joints - usable with NaN masking
CAP000681,S019,leaning_backward,CAL_009,SAME_PERSON,0,REVIEW,INCLUDE_3D_WITH_MASKING,4,12,56.23,168.68,98.68,,,1.124,Partial 3D: 4/17 core joints - usable with NaN masking
CAP000682,S019,leaning_backward,CAL_009,SAME_PERSON,0,REVIEW,INCLUDE_3D_WITH_MASKING,7,13,53.22,159.66,97.47,,,1.108,Partial 3D: 7/17 core joints - usable with NaN masking
CAP000683,S019,leaning_backward,CAL_009,SAME_PERSON,0,REVIEW,INCLUDE_3D_WITH_MASKING,6,13,51.09,153.27,96.02,,,1.119,Partial 3D: 6/17 core joints - usable with NaN masking
CAP000684,S019,leaning_left,CAL_009,SAME_PERSON,0,FAIL,EXCLUDE_3D,1,12,44.76,134.28,97.46,,,1.101,Insufficient core joints (1/17) or depth anomaly (Z=1.10m)
CAP000685,S019,leaning_left,CAL_009,SAME_PERSON,0,FAIL,EXCLUDE_3D,3,13,37.7,113.11,95.29,,,1.071,Insufficient core joints (3/17) or depth anomaly (Z=1.07m)
CAP000686,S019,leaning_left,CAL_009,SAME_PERSON,0,FAIL,EXCLUDE_3D,3,13,38.07,114.21,94.85,,,1.067,Insufficient core joints (3/17) or depth anomaly (Z=1.07m)
CAP000687,S019,leaning_left,CAL_009,SAME_PERSON,0,FAIL,EXCLUDE_3D,3,13,38.92,116.75,95.92,,,1.068,Insufficient core joints (3/17) or depth anomaly (Z=1.07m)
CAP000688,S019,leaning_left,CAL_009,SAME_PERSON,0,FAIL,EXCLUDE_3D,3,13,39.31,117.92,95.85,,,1.068,Insufficient core joints (3/17) or depth anomaly (Z=1.07m)
CAP000689,S019,leaning_right,CAL_009,SAME_PERSON,0,REVIEW,INCLUDE_3D_WITH_MASKING,7,12,41.08,123.23,94.84,,,1.043,Partial 3D: 7/17 core joints - usable with NaN masking
CAP000690,S019,leaning_right,CAL_009,SAME_PERSON,0,REVIEW,INCLUDE_3D_WITH_MASKING,7,12,41.22,123.65,95.86,,,1.046,Partial 3D: 7/17 core joints - usable with NaN masking
CAP000691,S019,leaning_right,CAL_009,SAME_PERSON,0,REVIEW,INCLUDE_3D_WITH_MASKING,7,12,41.85,125.54,95.56,,,1.047,Partial 3D: 7/17 core joints - usable with NaN masking
CAP000692,S019,leaning_right,CAL_009,SAME_PERSON,0,REVIEW,INCLUDE_3D_WITH_MASKING,7,12,40.74,122.22,94.19,,,1.043,Partial 3D: 7/17 core joints - usable with NaN masking
CAP000693,S019,leaning_right,CAL_009,SAME_PERSON,0,REVIEW,INCLUDE_3D_WITH_MASKING,7,12,40.89,122.68,94.15,,,1.044,Partial 3D: 7/17 core joints - usable with NaN masking
CAP000694,S019,slouching,CAL_009,SAME_PERSON,0,REVIEW,INCLUDE_3D_WITH_MASKING,7,12,49.57,148.7,102.65,,,1.123,Partial 3D: 7/17 core joints - usable with NaN masking
CAP000695,S019,slouching,CAL_009,SAME_PERSON,0,REVIEW,INCLUDE_3D_WITH_MASKING,7,12,49.03,147.08,101.41,,,1.124,Partial 3D: 7/17 core joints - usable with NaN masking
CAP000696,S019,slouching,CAL_009,SAME_PERSON,0,REVIEW,INCLUDE_3D_WITH_MASKING,7,12,49.95,149.84,101.15,,,1.122,Partial 3D: 7/17 core joints - usable with NaN masking
CAP000697,S019,slouching,CAL_009,SAME_PERSON,0,REVIEW,INCLUDE_3D_WITH_MASKING,7,12,49.27,147.8,101.61,,,1.127,Partial 3D: 7/17 core joints - usable with NaN masking
CAP000698,S019,slouching,CAL_009,SAME_PERSON,0,REVIEW,INCLUDE_3D_WITH_MASKING,7,12,49.59,148.78,102.72,,,1.126,Partial 3D: 7/17 core joints - usable with NaN masking
CAP000699,S019,forward_head,CAL_009,SAME_PERSON,0,REVIEW,INCLUDE_3D_WITH_MASKING,7,12,46.72,140.16,99.63,,,1.134,Partial 3D: 7/17 core joints - usable with NaN masking
CAP000700,S019,forward_head,CAL_009,SAME_PERSON,0,REVIEW,INCLUDE_3D_WITH_MASKING,7,12,46.66,139.97,96.68,,,1.132,Partial 3D: 7/17 core joints - usable with NaN masking
CAP000701,S019,forward_head,CAL_009,SAME_PERSON,0,REVIEW,INCLUDE_3D_WITH_MASKING,7,12,46.77,140.3,97.52,,,1.134,Partial 3D: 7/17 core joints - usable with NaN masking
CAP000702,S019,forward_head,CAL_009,SAME_PERSON,0,REVIEW,INCLUDE_3D_WITH_MASKING,7,12,46.91,140.74,96.98,,,1.135,Partial 3D: 7/17 core joints - usable with NaN masking
CAP000703,S019,forward_head,CAL_009,SAME_PERSON,0,REVIEW,INCLUDE_3D_WITH_MASKING,7,12,46.91,140.72,95.94,,,1.135,Partial 3D: 7/17 core joints - usable with NaN masking
CAP000704,S020,upright,CAL_009,SAME_PERSON,0,PASS,INCLUDE_3D_FULL,8,12,42.4,127.2,110.58,,,1.175,"Full 3D: 8/17 core joints, core_err=42.4px, Z=1.18m"
CAP000705,S020,upright,CAL_009,SAME_PERSON,0,REVIEW,INCLUDE_3D_WITH_MASKING,6,11,49.69,149.08,115.43,,,1.135,Partial 3D: 6/17 core joints - usable with NaN masking
CAP000706,S020,upright,CAL_009,SAME_PERSON,0,REVIEW,INCLUDE_3D_WITH_MASKING,7,12,51.24,153.73,115.35,,,1.168,Partial 3D: 7/17 core joints - usable with NaN masking
CAP000707,S020,upright,CAL_009,SAME_PERSON,0,REVIEW,INCLUDE_3D_WITH_MASKING,7,12,50.88,152.63,114.03,,,1.168,Partial 3D: 7/17 core joints - usable with NaN masking
CAP000708,S020,upright,CAL_009,SAME_PERSON,0,REVIEW,INCLUDE_3D_WITH_MASKING,7,12,51.43,154.29,113.97,,,1.163,Partial 3D: 7/17 core joints - usable with NaN masking
CAP000709,S020,leaning_forward,CAL_009,SAME_PERSON,0,PASS,INCLUDE_3D_FULL,11,13,37.16,111.49,100.31,0.496,,1.259,"Full 3D: 11/17 core joints, core_err=37.2px, Z=1.26m"
CAP000710,S020,leaning_forward,CAL_009,SAME_PERSON,0,REVIEW,INCLUDE_3D_WITH_MASKING,7,11,43.66,130.99,101.76,,,1.168,Partial 3D: 7/17 core joints - usable with NaN masking
CAP000711,S020,leaning_forward,CAL_009,SAME_PERSON,0,REVIEW,INCLUDE_3D_WITH_MASKING,7,11,38.88,116.65,99.32,,,1.18,Partial 3D: 7/17 core joints - usable with NaN masking
CAP000712,S020,leaning_forward,CAL_009,SAME_PERSON,0,REVIEW,INCLUDE_3D_WITH_MASKING,7,11,42.55,127.64,102.14,,,1.173,Partial 3D: 7/17 core joints - usable with NaN masking
CAP000713,S020,leaning_forward,CAL_009,SAME_PERSON,0,PASS,INCLUDE_3D_FULL,8,13,37.66,112.99,104.02,,,1.15,"Full 3D: 8/17 core joints, core_err=37.7px, Z=1.15m"
CAP000714,S020,leaning_backward,CAL_009,SAME_PERSON,0,REVIEW,INCLUDE_3D_WITH_MASKING,6,13,54.15,162.45,103.45,,,1.148,Partial 3D: 6/17 core joints - usable with NaN masking
CAP000715,S020,leaning_backward,CAL_009,SAME_PERSON,0,REVIEW,INCLUDE_3D_WITH_MASKING,4,12,58.27,174.81,104.25,,,1.137,Partial 3D: 4/17 core joints - usable with NaN masking
CAP000716,S020,leaning_backward,CAL_009,SAME_PERSON,0,FAIL,EXCLUDE_3D,3,12,55.97,167.92,105.15,,,1.188,Insufficient core joints (3/17) or depth anomaly (Z=1.19m)
CAP000717,S020,leaning_backward,CAL_009,SAME_PERSON,0,FAIL,EXCLUDE_3D,3,12,56.3,168.91,104.86,,,1.188,Insufficient core joints (3/17) or depth anomaly (Z=1.19m)
CAP000718,S020,leaning_backward,CAL_009,SAME_PERSON,0,FAIL,EXCLUDE_3D,3,12,56.09,168.27,106.3,,,1.189,Insufficient core joints (3/17) or depth anomaly (Z=1.19m)
CAP000719,S020,leaning_left,CAL_009,SAME_PERSON,0,REVIEW,INCLUDE_3D_WITH_MASKING,4,13,38.24,114.73,96.94,,,1.125,Partial 3D: 4/17 core joints - usable with NaN masking
CAP000720,S020,leaning_left,CAL_009,SAME_PERSON,0,REVIEW,INCLUDE_3D_WITH_MASKING,4,13,38.47,115.42,97.87,,,1.13,Partial 3D: 4/17 core joints - usable with NaN masking
CAP000721,S020,leaning_left,CAL_009,SAME_PERSON,0,REVIEW,INCLUDE_3D_WITH_MASKING,4,13,40.18,120.53,100.57,,,1.128,Partial 3D: 4/17 core joints - usable with NaN masking
CAP000722,S020,leaning_left,CAL_009,SAME_PERSON,0,REVIEW,INCLUDE_3D_WITH_MASKING,4,13,40.4,121.2,98.55,,,1.131,Partial 3D: 4/17 core joints - usable with NaN masking
CAP000723,S020,leaning_left,CAL_009,SAME_PERSON,0,FAIL,EXCLUDE_3D,3,13,32.42,97.27,94.53,,,1.081,Insufficient core joints (3/17) or depth anomaly (Z=1.08m)
CAP000724,S020,leaning_right,CAL_009,SAME_PERSON,0,REVIEW,INCLUDE_3D_WITH_MASKING,6,11,39.53,118.6,101.61,,,1.025,Partial 3D: 6/17 core joints - usable with NaN masking
CAP000725,S020,leaning_right,CAL_009,SAME_PERSON,0,REVIEW,INCLUDE_3D_WITH_MASKING,6,11,38.91,116.74,102.76,,,1.023,Partial 3D: 6/17 core joints - usable with NaN masking
CAP000726,S020,leaning_right,CAL_009,SAME_PERSON,0,REVIEW,INCLUDE_3D_WITH_MASKING,6,11,39.05,117.16,101.59,,,1.027,Partial 3D: 6/17 core joints - usable with NaN masking
CAP000727,S020,leaning_right,CAL_009,SAME_PERSON,0,REVIEW,INCLUDE_3D_WITH_MASKING,6,11,40.07,120.22,103.82,,,1.032,Partial 3D: 6/17 core joints - usable with NaN masking
CAP000728,S020,leaning_right,CAL_009,SAME_PERSON,0,REVIEW,INCLUDE_3D_WITH_MASKING,7,12,41.19,123.57,104.99,,,1.053,Partial 3D: 7/17 core joints - usable with NaN masking
CAP000729,S020,slouching,CAL_009,SAME_PERSON,0,PASS,INCLUDE_3D_FULL,8,12,39.21,117.62,108.24,,,1.18,"Full 3D: 8/17 core joints, core_err=39.2px, Z=1.18m"
CAP000730,S020,slouching,CAL_009,SAME_PERSON,0,REVIEW,INCLUDE_3D_WITH_MASKING,8,13,47.34,142.01,109.98,,,1.163,Partial 3D: 8/17 core joints - usable with NaN masking
CAP000731,S020,slouching,CAL_009,SAME_PERSON,0,REVIEW,INCLUDE_3D_WITH_MASKING,8,13,47.06,141.17,109.88,,,1.16,Partial 3D: 8/17 core joints - usable with NaN masking
CAP000732,S020,slouching,CAL_009,SAME_PERSON,0,REVIEW,INCLUDE_3D_WITH_MASKING,8,13,47.12,141.37,111.09,,,1.162,Partial 3D: 8/17 core joints - usable with NaN masking
CAP000733,S020,slouching,CAL_009,SAME_PERSON,0,REVIEW,INCLUDE_3D_WITH_MASKING,8,13,47.28,141.85,113.25,,,1.164,Partial 3D: 8/17 core joints - usable with NaN masking
CAP000734,S020,forward_head,CAL_009,SAME_PERSON,0,PASS,INCLUDE_3D_FULL,9,13,40.98,122.93,109.43,,,1.181,"Full 3D: 9/17 core joints, core_err=41.0px, Z=1.18m"
CAP000735,S020,forward_head,CAL_009,SAME_PERSON,0,PASS,INCLUDE_3D_FULL,9,13,41.84,125.52,105.41,,,1.18,"Full 3D: 9/17 core joints, core_err=41.8px, Z=1.18m"
CAP000736,S020,forward_head,CAL_009,SAME_PERSON,0,PASS,INCLUDE_3D_FULL,8,13,41.12,123.36,108.36,,,1.159,"Full 3D: 8/17 core joints, core_err=41.1px, Z=1.16m"
CAP000737,S020,forward_head,CAL_009,SAME_PERSON,0,PASS,INCLUDE_3D_FULL,8,13,40.56,121.68,108.3,,,1.16,"Full 3D: 8/17 core joints, core_err=40.6px, Z=1.16m"
CAP000738,S020,forward_head,CAL_009,SAME_PERSON,0,PASS,INCLUDE_3D_FULL,8,13,41.09,123.28,109.39,,,1.163,"Full 3D: 8/17 core joints, core_err=41.1px, Z=1.16m"
CAP000739,S020,reject,CAL_009,SAME_PERSON,0,REVIEW,INCLUDE_3D_WITH_MASKING,5,14,61.51,184.54,100.0,,,1.266,Partial 3D: 5/17 core joints - usable with NaN masking
CAP000740,S020,reject,CAL_009,SUSPICIOUS,3,REVIEW,INCLUDE_3D_WITH_MASKING,5,14,55.73,167.18,91.85,,,1.216,Partial 3D: 5/17 core joints - usable with NaN masking
CAP000741,S020,reject,CAL_009,SAME_PERSON,0,REVIEW,INCLUDE_3D_WITH_MASKING,7,13,42.76,128.28,118.16,,,1.272,Partial 3D: 7/17 core joints - usable with NaN masking
CAP000742,S021,upright,CAL_009,SAME_PERSON,0,PASS,INCLUDE_3D_FULL,11,11,25.31,75.92,,0.453,0.376,0.933,"Full 3D: 11/17 core joints, core_err=25.3px, Z=0.93m"
CAP000743,S021,upright,CAL_009,SAME_PERSON,0,PASS,INCLUDE_3D_FULL,12,12,26.64,79.93,,0.466,0.387,0.921,"Full 3D: 12/17 core joints, core_err=26.6px, Z=0.92m"
CAP000744,S021,upright,CAL_009,SAME_PERSON,0,PASS,INCLUDE_3D_FULL,11,11,23.46,70.37,,0.442,0.381,0.937,"Full 3D: 11/17 core joints, core_err=23.5px, Z=0.94m"
CAP000745,S021,upright,CAL_009,SAME_PERSON,0,PASS,INCLUDE_3D_FULL,12,12,25.41,76.24,,0.452,0.387,0.931,"Full 3D: 12/17 core joints, core_err=25.4px, Z=0.93m"
CAP000746,S021,upright,CAL_009,SAME_PERSON,0,PASS,INCLUDE_3D_FULL,11,11,26.99,80.98,,0.451,0.384,0.935,"Full 3D: 11/17 core joints, core_err=27.0px, Z=0.94m"
CAP000747,S021,leaning_forward,CAL_009,SAME_PERSON,0,PASS,INCLUDE_3D_FULL,11,11,23.37,70.1,,0.46,0.379,0.932,"Full 3D: 11/17 core joints, core_err=23.4px, Z=0.93m"
CAP000748,S021,leaning_forward,CAL_009,SAME_PERSON,0,PASS,INCLUDE_3D_FULL,11,11,24.83,74.49,,0.464,0.385,0.933,"Full 3D: 11/17 core joints, core_err=24.8px, Z=0.93m"
CAP000749,S021,leaning_forward,CAL_009,SAME_PERSON,0,PASS,INCLUDE_3D_FULL,11,11,26.59,79.77,,0.458,0.386,0.926,"Full 3D: 11/17 core joints, core_err=26.6px, Z=0.93m"
CAP000750,S021,leaning_forward,CAL_009,SAME_PERSON,0,PASS,INCLUDE_3D_FULL,11,11,23.35,70.06,,0.459,0.389,0.935,"Full 3D: 11/17 core joints, core_err=23.4px, Z=0.94m"
CAP000751,S021,leaning_forward,CAL_009,SAME_PERSON,0,PASS,INCLUDE_3D_FULL,11,11,26.13,78.4,,0.455,0.387,0.925,"Full 3D: 11/17 core joints, core_err=26.1px, Z=0.93m"
CAP000752,S021,leaning_backward,CAL_009,SAME_PERSON,0,PASS,INCLUDE_3D_FULL,11,11,28.73,86.2,,0.452,0.388,0.941,"Full 3D: 11/17 core joints, core_err=28.7px, Z=0.94m"
CAP000753,S021,leaning_backward,CAL_009,SAME_PERSON,0,PASS,INCLUDE_3D_FULL,11,11,27.24,81.73,,0.44,0.378,0.944,"Full 3D: 11/17 core joints, core_err=27.2px, Z=0.94m"
CAP000754,S021,leaning_backward,CAL_009,SAME_PERSON,0,PASS,INCLUDE_3D_FULL,11,11,27.71,83.13,,0.442,0.378,0.946,"Full 3D: 11/17 core joints, core_err=27.7px, Z=0.95m"
CAP000755,S021,leaning_backward,CAL_009,SAME_PERSON,0,PASS,INCLUDE_3D_FULL,12,12,28.38,85.13,,0.454,0.391,0.95,"Full 3D: 12/17 core joints, core_err=28.4px, Z=0.95m"
CAP000756,S021,leaning_backward,CAL_009,SAME_PERSON,0,PASS,INCLUDE_3D_FULL,11,11,28.87,86.6,,0.458,0.385,0.946,"Full 3D: 11/17 core joints, core_err=28.9px, Z=0.95m"
CAP000757,S021,leaning_left,CAL_009,SAME_PERSON,0,PASS,INCLUDE_3D_FULL,10,11,35.12,105.36,68.43,0.471,0.397,1.002,"Full 3D: 10/17 core joints, core_err=35.1px, Z=1.00m"
CAP000758,S021,leaning_left,CAL_009,SAME_PERSON,0,PASS,INCLUDE_3D_FULL,10,11,35.57,106.71,73.56,0.473,0.405,1.007,"Full 3D: 10/17 core joints, core_err=35.6px, Z=1.01m"
CAP000759,S021,leaning_left,CAL_009,SAME_PERSON,0,PASS,INCLUDE_3D_FULL,10,11,34.99,104.98,65.68,0.476,,1.021,"Full 3D: 10/17 core joints, core_err=35.0px, Z=1.02m"
CAP000760,S021,leaning_left,CAL_009,SAME_PERSON,0,PASS,INCLUDE_3D_FULL,10,11,35.52,106.55,69.2,0.474,0.407,1.006,"Full 3D: 10/17 core joints, core_err=35.5px, Z=1.01m"
CAP000761,S021,leaning_left,CAL_009,SAME_PERSON,0,PASS,INCLUDE_3D_FULL,10,11,35.62,106.85,72.93,0.478,0.407,1.005,"Full 3D: 10/17 core joints, core_err=35.6px, Z=1.01m"
CAP000762,S021,leaning_right,CAL_009,SAME_PERSON,0,PASS,INCLUDE_3D_FULL,11,11,18.64,55.93,,0.397,0.367,0.783,"Full 3D: 11/17 core joints, core_err=18.6px, Z=0.78m"
CAP000763,S021,leaning_right,CAL_009,SAME_PERSON,0,PASS,INCLUDE_3D_FULL,11,11,17.94,53.81,,0.382,0.366,0.784,"Full 3D: 11/17 core joints, core_err=17.9px, Z=0.78m"
CAP000764,S021,leaning_right,CAL_009,SAME_PERSON,0,PASS,INCLUDE_3D_FULL,11,11,19.41,58.24,,0.395,0.364,0.787,"Full 3D: 11/17 core joints, core_err=19.4px, Z=0.79m"
CAP000765,S021,leaning_right,CAL_009,SAME_PERSON,0,PASS,INCLUDE_3D_FULL,11,11,19.35,58.06,,0.385,0.357,0.785,"Full 3D: 11/17 core joints, core_err=19.4px, Z=0.79m"
CAP000766,S021,leaning_right,CAL_009,SAME_PERSON,0,PASS,INCLUDE_3D_FULL,11,11,18.7,56.09,,0.388,0.36,0.791,"Full 3D: 11/17 core joints, core_err=18.7px, Z=0.79m"
CAP000767,S021,slouching,CAL_009,SAME_PERSON,0,PASS,INCLUDE_3D_FULL,12,12,21.63,64.9,,0.441,0.354,0.912,"Full 3D: 12/17 core joints, core_err=21.6px, Z=0.91m"
CAP000768,S021,slouching,CAL_009,SAME_PERSON,0,PASS,INCLUDE_3D_FULL,12,12,20.85,62.55,,0.45,0.341,0.913,"Full 3D: 12/17 core joints, core_err=20.9px, Z=0.91m"
CAP000769,S021,slouching,CAL_009,SAME_PERSON,0,PASS,INCLUDE_3D_FULL,10,11,17.63,52.9,68.46,0.456,0.337,0.882,"Full 3D: 10/17 core joints, core_err=17.6px, Z=0.88m"
CAP000770,S021,slouching,CAL_009,SAME_PERSON,0,PASS,INCLUDE_3D_FULL,11,11,18.33,54.99,,0.452,,0.9,"Full 3D: 11/17 core joints, core_err=18.3px, Z=0.90m"
CAP000771,S021,slouching,CAL_009,SAME_PERSON,0,PASS,INCLUDE_3D_FULL,11,12,18.4,55.2,65.05,0.443,,0.897,"Full 3D: 11/17 core joints, core_err=18.4px, Z=0.90m"
CAP000772,S021,forward_head,CAL_009,SAME_PERSON,0,PASS,INCLUDE_3D_FULL,9,11,15.16,45.47,67.88,0.418,,0.863,"Full 3D: 9/17 core joints, core_err=15.2px, Z=0.86m"
CAP000773,S021,forward_head,CAL_009,SAME_PERSON,0,PASS,INCLUDE_3D_FULL,11,11,24.28,72.83,,0.42,0.329,0.911,"Full 3D: 11/17 core joints, core_err=24.3px, Z=0.91m"
CAP000774,S021,forward_head,CAL_009,SAME_PERSON,0,PASS,INCLUDE_3D_FULL,9,11,15.24,45.72,68.21,0.411,,0.867,"Full 3D: 9/17 core joints, core_err=15.2px, Z=0.87m"
CAP000775,S021,forward_head,CAL_009,SAME_PERSON,0,PASS,INCLUDE_3D_FULL,11,11,22.1,66.29,,0.442,0.327,0.903,"Full 3D: 11/17 core joints, core_err=22.1px, Z=0.90m"
CAP000776,S021,forward_head,CAL_009,SAME_PERSON,0,PASS,INCLUDE_3D_FULL,11,11,22.97,68.91,,0.426,0.332,0.905,"Full 3D: 11/17 core joints, core_err=23.0px, Z=0.91m"
CAP000777,S021,reject,CAL_009,SAME_PERSON,0,REVIEW,INCLUDE_3D_WITH_MASKING,7,8,10.99,32.96,74.87,,,0.789,Partial 3D: 7/17 core joints - usable with NaN masking
CAP000778,S021,reject,CAL_009,SAME_PERSON,0,PASS,INCLUDE_3D_FULL,10,10,17.7,53.1,,0.481,0.391,0.826,"Full 3D: 10/17 core joints, core_err=17.7px, Z=0.83m"
CAP000779,S022,upright,CAL_009,SAME_PERSON,0,PASS,INCLUDE_3D_FULL,12,13,41.47,124.4,73.81,0.522,0.418,1.08,"Full 3D: 12/17 core joints, core_err=41.5px, Z=1.08m"
CAP000780,S022,upright,CAL_009,SAME_PERSON,0,PASS,INCLUDE_3D_FULL,11,13,39.02,117.06,77.92,0.521,,1.061,"Full 3D: 11/17 core joints, core_err=39.0px, Z=1.06m"
CAP000781,S022,upright,CAL_009,SAME_PERSON,0,PASS,INCLUDE_3D_FULL,13,13,38.82,116.47,,0.529,0.413,1.106,"Full 3D: 13/17 core joints, core_err=38.8px, Z=1.11m"
CAP000782,S022,upright,CAL_009,SAME_PERSON,0,PASS,INCLUDE_3D_FULL,11,13,38.35,115.06,71.36,0.52,,1.061,"Full 3D: 11/17 core joints, core_err=38.4px, Z=1.06m"
CAP000783,S022,upright,CAL_009,SAME_PERSON,0,PASS,INCLUDE_3D_FULL,12,13,41.34,124.02,74.46,0.518,0.413,1.077,"Full 3D: 12/17 core joints, core_err=41.3px, Z=1.08m"
CAP000784,S022,leaning_forward,CAL_009,SAME_PERSON,0,PASS,INCLUDE_3D_FULL,11,13,30.22,90.66,75.13,0.533,,1.055,"Full 3D: 11/17 core joints, core_err=30.2px, Z=1.06m"
CAP000785,S022,leaning_forward,CAL_009,SAME_PERSON,0,PASS,INCLUDE_3D_FULL,11,13,30.6,91.79,74.53,0.532,,1.053,"Full 3D: 11/17 core joints, core_err=30.6px, Z=1.05m"
CAP000786,S022,leaning_forward,CAL_009,SAME_PERSON,0,PASS,INCLUDE_3D_FULL,11,13,31.46,94.37,78.88,0.502,,1.053,"Full 3D: 11/17 core joints, core_err=31.5px, Z=1.05m"
CAP000787,S022,leaning_forward,CAL_009,SAME_PERSON,0,PASS,INCLUDE_3D_FULL,11,13,31.27,93.81,78.69,0.504,,1.054,"Full 3D: 11/17 core joints, core_err=31.3px, Z=1.05m"
CAP000788,S022,leaning_forward,CAL_009,SAME_PERSON,0,PASS,INCLUDE_3D_FULL,11,13,31.31,93.93,81.34,0.502,,1.055,"Full 3D: 11/17 core joints, core_err=31.3px, Z=1.05m"
CAP000789,S022,leaning_backward,CAL_009,SAME_PERSON,0,PASS,INCLUDE_3D_FULL,10,13,42.23,126.69,77.68,,,1.04,"Full 3D: 10/17 core joints, core_err=42.2px, Z=1.04m"
CAP000790,S022,leaning_backward,CAL_009,SAME_PERSON,0,PASS,INCLUDE_3D_FULL,10,13,42.84,128.53,81.68,,,1.039,"Full 3D: 10/17 core joints, core_err=42.8px, Z=1.04m"
CAP000791,S022,leaning_backward,CAL_009,SAME_PERSON,0,PASS,INCLUDE_3D_FULL,11,14,40.68,122.05,75.52,,,1.073,"Full 3D: 11/17 core joints, core_err=40.7px, Z=1.07m"
CAP000792,S022,leaning_backward,CAL_009,SAME_PERSON,0,PASS,INCLUDE_3D_FULL,11,14,41.21,123.63,80.52,,,1.072,"Full 3D: 11/17 core joints, core_err=41.2px, Z=1.07m"
CAP000793,S022,leaning_backward,CAL_009,SAME_PERSON,0,PASS,INCLUDE_3D_FULL,11,14,41.23,123.68,82.18,,,1.073,"Full 3D: 11/17 core joints, core_err=41.2px, Z=1.07m"
CAP000794,S022,leaning_left,CAL_009,SAME_PERSON,0,REVIEW,INCLUDE_3D_WITH_MASKING,11,14,48.18,144.53,86.1,,,1.172,Partial 3D: 11/17 core joints - usable with NaN masking
CAP000795,S022,leaning_left,CAL_009,SAME_PERSON,0,REVIEW,INCLUDE_3D_WITH_MASKING,11,14,46.99,140.98,87.25,,,1.17,Partial 3D: 11/17 core joints - usable with NaN masking
CAP000796,S022,leaning_left,CAL_009,SAME_PERSON,0,REVIEW,INCLUDE_3D_WITH_MASKING,11,14,46.41,139.22,83.57,,,1.169,Partial 3D: 11/17 core joints - usable with NaN masking
CAP000797,S022,leaning_left,CAL_009,SAME_PERSON,0,REVIEW,INCLUDE_3D_WITH_MASKING,10,13,47.7,143.11,79.47,,,1.142,Partial 3D: 10/17 core joints - usable with NaN masking
CAP000798,S022,leaning_left,CAL_009,SAME_PERSON,0,REVIEW,INCLUDE_3D_WITH_MASKING,10,13,48.4,145.21,79.86,,,1.142,Partial 3D: 10/17 core joints - usable with NaN masking
CAP000799,S022,leaning_right,CAL_009,SAME_PERSON,0,PASS,INCLUDE_3D_FULL,10,12,28.8,86.4,72.05,0.446,,0.977,"Full 3D: 10/17 core joints, core_err=28.8px, Z=0.98m"
CAP000800,S022,leaning_right,CAL_009,SAME_PERSON,0,PASS,INCLUDE_3D_FULL,11,13,32.01,96.04,76.51,0.442,,0.961,"Full 3D: 11/17 core joints, core_err=32.0px, Z=0.96m"
CAP000801,S022,leaning_right,CAL_009,SAME_PERSON,0,PASS,INCLUDE_3D_FULL,11,13,32.06,96.19,74.95,0.443,,0.961,"Full 3D: 11/17 core joints, core_err=32.1px, Z=0.96m"
CAP000802,S022,leaning_right,CAL_009,SAME_PERSON,0,PASS,INCLUDE_3D_FULL,12,13,32.95,98.84,68.48,0.45,,0.989,"Full 3D: 12/17 core joints, core_err=32.9px, Z=0.99m"
CAP000803,S022,leaning_right,CAL_009,SAME_PERSON,0,PASS,INCLUDE_3D_FULL,11,13,31.89,95.66,72.12,0.442,,0.961,"Full 3D: 11/17 core joints, core_err=31.9px, Z=0.96m"
CAP000804,S022,slouching,CAL_009,SAME_PERSON,0,PASS,INCLUDE_3D_FULL,13,13,38.34,115.03,,0.48,0.38,1.089,"Full 3D: 13/17 core joints, core_err=38.3px, Z=1.09m"
CAP000805,S022,slouching,CAL_009,SAME_PERSON,0,PASS,INCLUDE_3D_FULL,13,13,36.42,109.26,,0.475,0.375,1.097,"Full 3D: 13/17 core joints, core_err=36.4px, Z=1.10m"
CAP000806,S022,slouching,CAL_009,SAME_PERSON,0,PASS,INCLUDE_3D_FULL,13,13,37.1,111.31,,0.471,0.374,1.092,"Full 3D: 13/17 core joints, core_err=37.1px, Z=1.09m"
CAP000807,S022,slouching,CAL_009,SAME_PERSON,0,PASS,INCLUDE_3D_FULL,13,13,37.46,112.38,,0.474,0.375,1.093,"Full 3D: 13/17 core joints, core_err=37.5px, Z=1.09m"
CAP000808,S022,slouching,CAL_009,SAME_PERSON,0,PASS,INCLUDE_3D_FULL,13,13,37.12,111.35,,0.474,0.38,1.092,"Full 3D: 13/17 core joints, core_err=37.1px, Z=1.09m"
CAP000809,S022,forward_head,CAL_009,SAME_PERSON,0,PASS,INCLUDE_3D_FULL,11,12,27.14,81.41,66.9,0.508,,1.062,"Full 3D: 11/17 core joints, core_err=27.1px, Z=1.06m"
CAP000810,S022,forward_head,CAL_009,SAME_PERSON,0,PASS,INCLUDE_3D_FULL,9,11,22.7,68.09,67.68,0.495,,1.057,"Full 3D: 9/17 core joints, core_err=22.7px, Z=1.06m"
CAP000811,S022,forward_head,CAL_009,SAME_PERSON,0,PASS,INCLUDE_3D_FULL,11,12,27.96,83.89,66.66,0.492,,1.062,"Full 3D: 11/17 core joints, core_err=28.0px, Z=1.06m"
CAP000812,S022,forward_head,CAL_009,SAME_PERSON,0,PASS,INCLUDE_3D_FULL,11,12,28.67,86.01,65.81,0.494,,1.061,"Full 3D: 11/17 core joints, core_err=28.7px, Z=1.06m"
CAP000813,S022,forward_head,CAL_009,SAME_PERSON,0,PASS,INCLUDE_3D_FULL,12,13,26.79,80.36,67.81,0.516,,1.069,"Full 3D: 12/17 core joints, core_err=26.8px, Z=1.07m"
CAP000814,S022,reject,CAL_009,SAME_PERSON,0,REVIEW,INCLUDE_3D_WITH_MASKING,7,7,23.98,71.94,,,,0.781,Partial 3D: 7/17 core joints - usable with NaN masking
CAP000815,S023,upright,CAL_010,SAME_PERSON,0,FAIL,EXCLUDE_3D_DEGENERATE_RIG,0,0,,,,,,,Rig CAL_010 excluded (Baseline=124.8m)
CAP000816,S023,upright,CAL_010,SAME_PERSON,0,FAIL,EXCLUDE_3D_DEGENERATE_RIG,0,0,,,,,,,Rig CAL_010 excluded (Baseline=124.8m)
CAP000817,S023,upright,CAL_010,SAME_PERSON,0,FAIL,EXCLUDE_3D_DEGENERATE_RIG,0,0,,,,,,,Rig CAL_010 excluded (Baseline=124.8m)
CAP000818,S023,upright,CAL_010,SAME_PERSON,0,FAIL,EXCLUDE_3D_DEGENERATE_RIG,0,0,,,,,,,Rig CAL_010 excluded (Baseline=124.8m)
CAP000819,S023,upright,CAL_010,SAME_PERSON,0,FAIL,EXCLUDE_3D_DEGENERATE_RIG,0,0,,,,,,,Rig CAL_010 excluded (Baseline=124.8m)
CAP000820,S023,leaning_forward,CAL_010,SAME_PERSON,0,FAIL,EXCLUDE_3D_DEGENERATE_RIG,0,0,,,,,,,Rig CAL_010 excluded (Baseline=124.8m)
CAP000821,S023,leaning_forward,CAL_010,SAME_PERSON,0,FAIL,EXCLUDE_3D_DEGENERATE_RIG,0,0,,,,,,,Rig CAL_010 excluded (Baseline=124.8m)
CAP000822,S023,leaning_forward,CAL_010,SAME_PERSON,0,FAIL,EXCLUDE_3D_DEGENERATE_RIG,0,0,,,,,,,Rig CAL_010 excluded (Baseline=124.8m)
CAP000823,S023,leaning_forward,CAL_010,SAME_PERSON,0,FAIL,EXCLUDE_3D_DEGENERATE_RIG,0,0,,,,,,,Rig CAL_010 excluded (Baseline=124.8m)
CAP000824,S023,leaning_forward,CAL_010,SAME_PERSON,0,FAIL,EXCLUDE_3D_DEGENERATE_RIG,0,0,,,,,,,Rig CAL_010 excluded (Baseline=124.8m)
CAP000825,S023,leaning_backward,CAL_010,LIKELY_SAME,1,FAIL,EXCLUDE_3D_DEGENERATE_RIG,0,0,,,,,,,Rig CAL_010 excluded (Baseline=124.8m)
CAP000826,S023,leaning_backward,CAL_010,LIKELY_SAME,1,FAIL,EXCLUDE_3D_DEGENERATE_RIG,0,0,,,,,,,Rig CAL_010 excluded (Baseline=124.8m)
CAP000827,S023,leaning_backward,CAL_010,LIKELY_SAME,1,FAIL,EXCLUDE_3D_DEGENERATE_RIG,0,0,,,,,,,Rig CAL_010 excluded (Baseline=124.8m)
CAP000828,S023,leaning_backward,CAL_010,LIKELY_SAME,1,FAIL,EXCLUDE_3D_DEGENERATE_RIG,0,0,,,,,,,Rig CAL_010 excluded (Baseline=124.8m)
CAP000829,S023,leaning_backward,CAL_010,LIKELY_SAME,1,FAIL,EXCLUDE_3D_DEGENERATE_RIG,0,0,,,,,,,Rig CAL_010 excluded (Baseline=124.8m)
CAP000830,S023,leaning_left,CAL_010,SAME_PERSON,0,FAIL,EXCLUDE_3D_DEGENERATE_RIG,0,0,,,,,,,Rig CAL_010 excluded (Baseline=124.8m)
CAP000831,S023,leaning_left,CAL_010,SAME_PERSON,0,FAIL,EXCLUDE_3D_DEGENERATE_RIG,0,0,,,,,,,Rig CAL_010 excluded (Baseline=124.8m)
CAP000832,S023,leaning_left,CAL_010,SAME_PERSON,0,FAIL,EXCLUDE_3D_DEGENERATE_RIG,0,0,,,,,,,Rig CAL_010 excluded (Baseline=124.8m)
CAP000833,S023,leaning_left,CAL_010,SAME_PERSON,0,FAIL,EXCLUDE_3D_DEGENERATE_RIG,0,0,,,,,,,Rig CAL_010 excluded (Baseline=124.8m)
CAP000834,S023,leaning_left,CAL_010,SAME_PERSON,0,FAIL,EXCLUDE_3D_DEGENERATE_RIG,0,0,,,,,,,Rig CAL_010 excluded (Baseline=124.8m)
CAP000835,S023,leaning_right,CAL_010,SAME_PERSON,0,FAIL,EXCLUDE_3D_DEGENERATE_RIG,0,0,,,,,,,Rig CAL_010 excluded (Baseline=124.8m)
CAP000836,S023,leaning_right,CAL_010,SAME_PERSON,0,FAIL,EXCLUDE_3D_DEGENERATE_RIG,0,0,,,,,,,Rig CAL_010 excluded (Baseline=124.8m)
CAP000837,S023,leaning_right,CAL_010,SAME_PERSON,0,FAIL,EXCLUDE_3D_DEGENERATE_RIG,0,0,,,,,,,Rig CAL_010 excluded (Baseline=124.8m)
CAP000838,S023,leaning_right,CAL_010,SAME_PERSON,0,FAIL,EXCLUDE_3D_DEGENERATE_RIG,0,0,,,,,,,Rig CAL_010 excluded (Baseline=124.8m)
CAP000839,S023,leaning_right,CAL_010,SAME_PERSON,0,FAIL,EXCLUDE_3D_DEGENERATE_RIG,0,0,,,,,,,Rig CAL_010 excluded (Baseline=124.8m)
CAP000840,S023,slouching,CAL_010,SAME_PERSON,0,FAIL,EXCLUDE_3D_DEGENERATE_RIG,0,0,,,,,,,Rig CAL_010 excluded (Baseline=124.8m)
CAP000841,S023,slouching,CAL_010,SAME_PERSON,0,FAIL,EXCLUDE_3D_DEGENERATE_RIG,0,0,,,,,,,Rig CAL_010 excluded (Baseline=124.8m)
CAP000842,S023,slouching,CAL_010,SAME_PERSON,0,FAIL,EXCLUDE_3D_DEGENERATE_RIG,0,0,,,,,,,Rig CAL_010 excluded (Baseline=124.8m)
CAP000843,S023,slouching,CAL_010,SAME_PERSON,0,FAIL,EXCLUDE_3D_DEGENERATE_RIG,0,0,,,,,,,Rig CAL_010 excluded (Baseline=124.8m)
CAP000844,S023,slouching,CAL_010,SAME_PERSON,0,FAIL,EXCLUDE_3D_DEGENERATE_RIG,0,0,,,,,,,Rig CAL_010 excluded (Baseline=124.8m)
CAP000845,S023,forward_head,CAL_010,SAME_PERSON,0,FAIL,EXCLUDE_3D_DEGENERATE_RIG,0,0,,,,,,,Rig CAL_010 excluded (Baseline=124.8m)
CAP000846,S023,forward_head,CAL_010,SAME_PERSON,0,FAIL,EXCLUDE_3D_DEGENERATE_RIG,0,0,,,,,,,Rig CAL_010 excluded (Baseline=124.8m)
CAP000847,S023,forward_head,CAL_010,SAME_PERSON,0,FAIL,EXCLUDE_3D_DEGENERATE_RIG,0,0,,,,,,,Rig CAL_010 excluded (Baseline=124.8m)
CAP000848,S023,forward_head,CAL_010,SAME_PERSON,0,FAIL,EXCLUDE_3D_DEGENERATE_RIG,0,0,,,,,,,Rig CAL_010 excluded (Baseline=124.8m)
CAP000849,S023,forward_head,CAL_010,SAME_PERSON,0,FAIL,EXCLUDE_3D_DEGENERATE_RIG,0,0,,,,,,,Rig CAL_010 excluded (Baseline=124.8m)
CAP000850,S023,reject,CAL_010,SAME_PERSON,0,FAIL,EXCLUDE_3D_DEGENERATE_RIG,0,0,,,,,,,Rig CAL_010 excluded (Baseline=124.8m)
CAP000851,S023,reject,CAL_010,SAME_PERSON,0,FAIL,EXCLUDE_3D_DEGENERATE_RIG,0,0,,,,,,,Rig CAL_010 excluded (Baseline=124.8m)
