split,annotation_id,image_id,image_filename,category_id,category_name,bbox_x,bbox_y,bbox_w,bbox_h,area,bbox_valid,bbox_issue,num_keypoints_defined,num_keypoints_visible,num_keypoints_clearly_visible,keypoints_raw
test,0,0,image_20241010_170701_jpg.rf.49fdc76dca86b56ced0aaeb90d08d15c.jpg,1,Bad,81,22,347,525.5,182348.5,True,,4,4,4,"[253.915, 487.609, 2, 183.832, 208.927, 2, 232.586, 103.85, 2, 101.333, 315, 2]"
test,1,1,good_posture_20241013_222709_png.rf.386ecd5c794be23aae3e99047f519f92.jpg,2,Good,166,13,266,467.5,124355,True,,4,4,4,"[246.298, 441.923, 2, 249.345, 163.241, 2, 281.34, 84.433, 2, 176, 250, 2]"
test,2,2,bad_posture_20241021_144934_png.rf.1681bacbb1c8a2a85bebce05970e8df7.jpg,1,Bad,67,193,360.5,379,136629.5,True,,4,4,4,"[154.884, 535.579, 2, 194.497, 307.151, 2, 304.193, 262.607, 2, 100, 382, 2]"
test,3,3,image_20241007_210806_jpg.rf.4ceb030c1b5cc5636214465aaaabda90.jpg,2,Good,48,65,382.5,523.5,200238.75,True,,4,4,4,"[191.45, 532.153, 2, 191.45, 218.064, 2, 194.497, 128.977, 2, 96, 324, 2]"
test,4,4,image_20241007_225721_jpg.rf.ec0e896adc125d807a5b6672333205ef.jpg,1,Bad,42,87,359.5,489.5,175975.25,True,,4,4,4,"[216.298, 518.08, 2, 159.455, 247.76, 2, 199.067, 180.373, 2, 53.333, 363, 2]"
test,5,5,bad_posture_20241021_142354_png.rf.910bcb6597e9df7893db256e36faa67d.jpg,1,Bad,145,162,319,435.5,138924.5,True,,4,4,4,"[250.868, 536.721, 2, 270.675, 307.151, 2, 348.376, 243.191, 2, 177.333, 387, 2]"
test,6,6,bad_posture_20241021_145524_png.rf.9b06e38e78350843b6ef4344258ab5fb.jpg,1,Bad,113,172,398.5,410.5,163584.25,True,,4,4,4,"[221.921, 555.138, 2, 240.203, 333.562, 2, 336.188, 250.186, 2, 132, 392, 2]"
test,7,7,bad_posture_20241021_142701_png.rf.671d36bfb00dce753d083e2a6d0f8a37.jpg,1,Bad,155,150,323,428.5,138405.5,True,,4,4,4,"[255.439, 531.01, 2, 263.057, 298.014, 2, 330.093, 231.77, 2, 174.667, 396, 2]"
test,8,8,bad_posture_20241021_144526_png.rf.14bcfa158ef2885700810367bf39be4a.jpg,1,Bad,126,185,329,396.5,130448.5,True,,4,4,4,"[229.539, 534.437, 2, 234.109, 333.42, 2, 349.9, 270.602, 2, 141.333, 395, 2]"
test,9,9,image_20241008_200500_jpg.rf.a3e1abe37c7047be08fd3db08c3982c7.jpg,2,Good,62,56,572,499,285428,True,,4,4,4,"[217.35, 520.731, 2, 176.214, 235.196, 2, 212.779, 128.977, 2, 112, 329, 2]"
test,10,10,bad_posture_20241013_222749_png.rf.1a6f8d4d825c94003cd061a799ceaaa9.jpg,1,Bad,118,48,321.5,447,143710.5,True,,4,4,4,"[255.439, 435.071, 2, 218.874, 188.368, 2, 316.381, 127.835, 2, 129.333, 297, 2]"
test,11,11,image_20241008_200613_jpg.rf.531a35da0b7cda2b9dfc66866d3c6fb3.jpg,2,Good,79,72,372,482,179304,True,,4,4,4,"[202.115, 529.868, 2, 196.02, 231.77, 2, 235.633, 141.54, 2, 137.333, 336, 2]"
test,12,12,bad_posture_20241021_145205_png.rf.f14d47aa70fa3f230e09d869e2c344a7.jpg,1,Bad,107,200,514,400.5,205857,True,,4,4,4,"[182.308, 536.721, 2, 362.088, 328.852, 2, 477.878, 294.587, 2, 213.333, 379, 2]"
test,13,13,bad_posture_20241021_143452_png.rf.d349c06e3ff26ad1e62826b0276ed52a.jpg,1,Bad,117,164,319.5,411,131314.5,True,,4,4,4,"[212.779, 526.442, 2, 260.01, 317.43, 2, 331.617, 243.191, 2, 149.333, 385, 2]"
test,14,14,bad_posture_20241012_174220_png.rf.9ddba68fb2504d13324bdff2612f9126.jpg,1,Bad,96,72,376,454.5,170892,True,,4,4,4,"[203.638, 488.751, 2, 183.832, 239.765, 2, 279.816, 140.398, 2, 136, 320, 2]"
test,15,15,good_posture_20241012_174159_png.rf.0d2d05bc40b1e26ce482756ee7891799.jpg,2,Good,101,56,347.5,469.5,163151.25,True,,4,4,4,"[174.691, 459.056, 2, 165.549, 226.059, 2, 218.874, 127.835, 2, 116, 301, 2]"
test,16,16,image_20241010_170835_jpg.rf.c0e054dabafb7192e9e79e142bc33cde.jpg,2,Good,111,9,330.5,525.5,173677.75,True,,4,4,4,"[228.015, 459.056, 2, 218.874, 180.373, 2, 267.627, 87.86, 2, 137.333, 294, 2]"
test,17,17,image_20241007_193055_jpg.rf.f0149ffe4facc6c0a86b206f8d572fd3.jpg,2,Good,43,68,306,466,142596,True,,4,4,4,"[142.696, 496.746, 2, 127.46, 224.917, 2, 154.884, 115.271, 2, 54.667, 343, 2]"
test,18,18,image_20241008_210940_jpg.rf.2aec852a508796ec39b3f6fbf6230067.jpg,1,Bad,58,112,365.5,425,155337.5,True,,4,4,4,"[234.486, 485.804, 2, 174.691, 253.47, 2, 260.01, 186.084, 2, 70.667, 351, 2]"
test,19,19,good_posture_20241021_141554_png.rf.619fa86d083a2092f85ed3146c8c3dd9.jpg,2,Good,119,110,319.5,478.5,152880.75,True,,4,4,4,"[217.35, 528.726, 2, 209.732, 299.156, 2, 217.35, 189.51, 2, 154.667, 374, 2]"
test,20,20,bad_posture_20241012_174058_png.rf.09ed9018c8ed440c95ea4b529de4e4e1.jpg,1,Bad,90,103,333,438,145854,True,,4,4,4,"[186.879, 478.472, 2, 243.251, 247.76, 2, 331.617, 178.089, 2, 117.333, 322, 2]"
test,21,21,bad_posture_20241021_142117_png.rf.de94348d74c4109ef0128fc64e610d88.jpg,1,Bad,126,200,362.5,391.5,141918.75,True,,4,4,4,"[215.827, 545.858, 2, 284.387, 326.567, 2, 384.941, 285.45, 2, 173.333, 374, 2]"
test,22,22,good_posture_20241012_174128_png.rf.7b70d5ce397ba6d0f6c73a6ffe55b575.jpg,2,Good,103,61,342.5,447.5,153268.75,True,,4,4,4,"[182.308, 469.335, 2, 186.879, 212.353, 2, 220.397, 116.413, 2, 129.333, 292, 2]"
test,23,23,bad_posture_20241013_225802_png.rf.34dd19fba4a0606a0af4f1ef545c1d26.jpg,1,Bad,122,49,308.5,432,133272,True,,4,4,4,"[235.633, 422.507, 2, 247.821, 194.079, 2, 319.429, 125.55, 2, 124, 296, 2]"
test,24,24,bad_posture_20241013_220804_png.rf.d26014a7fa46be0769b8bb1977083fb0.jpg,1,Bad,135,35,311,451,140261,True,,4,4,4,"[264.58, 441.923, 2, 250.868, 196.363, 2, 311.811, 111.845, 2, 154.667, 276, 2]"
test,25,25,image_20241007_191052_jpg.rf.fb41f9fa31c02b6115588cc204762ff8.jpg,1,Bad,107,97,307,464.5,142601.5,True,,4,4,4,"[255.606, 506.209, 2, 223.444, 254.612, 2, 287.434, 166.668, 2, 110.667, 345, 2]"
test,26,26,good_posture_20241021_141329_png.rf.ff15b6917f26885a4a837bf0afd5b7e9.jpg,2,Good,140,95,292.5,501.5,146688.75,True,,4,4,4,"[223.444, 549.285, 2, 217.35, 288.877, 2, 241.727, 196.363, 2, 164, 365, 2]"
train,0,0,bad_posture_20241021_142856_png.rf.d63238b8aa0715cda8e88f5ecaef0e2f.jpg,1,Bad,102,170,317,402,127434,True,,4,4,4,"[231.062, 542.432, 2, 229.539, 332.278, 2, 319.429, 246.617, 2, 140, 367, 2]"
train,1,1,good_posture_20241013_222712_png.rf.d4260da6ca2e54e87b93742653249b2b.jpg,2,Good,156,15,255,482,122910,True,,4,4,4,"[240.203, 411.086, 2, 235.633, 163.241, 2, 288.957, 61.591, 2, 180, 239, 2]"
train,2,2,bad_posture_20241013_225750_png.rf.daa920390fdfc539db263e20cfef43ef.jpg,1,Bad,103,39,359.5,444,159618,True,,4,4,4,"[237.156, 422.507, 2, 223.444, 189.51, 2, 339.235, 125.55, 2, 136, 254, 2]"
train,3,3,bad_posture_20241021_142448_png.rf.d33dd9f9f893e9afb7e761de880c9371.jpg,1,Bad,160,215,380.5,356.5,135648.25,True,,4,4,4,"[256.963, 534.437, 2, 351.423, 328.852, 2, 439.789, 274.029, 2, 226.667, 340, 2]"
train,4,4,bad_posture_20241013_225714_png.rf.d2c1738f716f13eb44311e3ea1d89477.jpg,1,Bad,130,38,383,439,168137,True,,4,4,4,"[217.35, 430.502, 2, 307.24, 183.8, 2, 372.753, 112.987, 2, 225.333, 222, 2]"
train,5,5,image_20241008_203730_jpg.rf.db22bb8d251335e4b0098ff677b77b70.jpg,1,Bad,4,87,399,483.5,192916.5,True,,4,4,4,"[171.643, 517.163, 2, 96.989, 268.176, 2, 182.308, 161.957, 2, 18.667, 332, 2]"
train,6,6,good_posture_20241021_141536_png.rf.d3f0e943b02c7be763e6cf54d93d567f.jpg,2,Good,139,102,251.5,485.5,122103.25,True,,4,4,4,"[234.109, 531.01, 2, 226.491, 307.151, 2, 260.01, 192.937, 2, 166.667, 350, 2]"
train,7,7,good_posture_20241013_225734_png.rf.d9808e2e835c5aa353fe9631a6258afb.jpg,2,Good,96,0,344,476,163744,True,,4,4,4,"[182.308, 432.786, 2, 176.214, 173.52, 2, 203.638, 63.875, 2, 120, 223, 2]"
train,8,8,good_posture_20241021_141341_png.rf.d8f8602154db4e80d92f4cd2f119a846.jpg,2,Good,130,113,281,469.5,131929.5,True,,4,4,4,"[214.303, 540.148, 2, 215.827, 298.014, 2, 249.345, 194.079, 2, 162.667, 344, 2]"
train,9,9,bad_posture_20241021_143008_png.rf.d9c1ef0798864f8bfa499de7693cc403.jpg,1,Bad,109,182,356.5,427,152225.5,True,,4,4,4,"[206.875, 543.574, 2, 229.729, 320.857, 2, 328.76, 266.034, 2, 126.667, 365, 2]"
train,10,10,good_posture_20241021_142342_png.rf.d7977438f1a429a0c4f3e34cd03074e1.jpg,2,Good,181,124,288,465,133920,True,,4,4,4,"[260.01, 548, 2, 256.963, 291.019, 2, 305.716, 196.221, 2, 197.333, 379, 2]"
train,11,11,good_posture_20241021_144124_png.rf.d1fc5160ed82325c329aaaf90ef09fd4.jpg,2,Good,140,103,288,462,133056,True,,4,4,4,"[223.444, 524.158, 2, 214.303, 291.161, 2, 235.633, 197.505, 2, 174.667, 356, 2]"
train,12,12,bad_posture_20241021_142856_png.rf.d4683811d3b2e345171fee3e044ee2f0.jpg,1,Bad,102,170,317,402,127434,True,,4,4,4,"[231.062, 542.432, 2, 229.539, 332.278, 2, 319.429, 246.617, 2, 140, 367, 2]"
train,13,13,image_20241008_200913_jpg.rf.d5692304206ef908694a131f59cd4ce7.jpg,1,Bad,65,85,348.5,466,162401,True,,4,4,4,"[211.256, 499.031, 2, 148.79, 240.907, 2, 237.156, 160.957, 2, 82.667, 333, 2]"
train,14,14,good_posture_20241013_225742_png.rf.d33f51690b5f0b8d693c2cd787bf8808.jpg,2,Good,126,0,304.5,465,141592.5,True,,4,4,4,"[212.779, 411.086, 2, 205.162, 163.241, 2, 250.868, 67.301, 2, 156, 275, 2]"
train,15,15,good_posture_20241021_180607_png.rf.d0e2520a5d55463255fdbfe0196973f3.jpg,2,Good,174,106,344,512,176128,True,,4,4,4,"[276.769, 584.691, 2, 269.151, 321.999, 2, 314.858, 191.795, 2, 200, 399, 2]"
train,16,16,bad_posture_20241021_180513_png.rf.d84928495a9e069e0b719fb4b2f83f4e.jpg,1,Bad,166,122,296.5,495,146767.5,True,,4,4,4,"[247.821, 576.696, 2, 331.617, 303.724, 2, 378.847, 213.495, 2, 225.333, 370, 2]"
train,17,17,good_posture_20241021_141454_png.rf.d7da762e5bde110e2e736c424fdbbd03.jpg,2,Good,149,105,275.5,478,131689,True,,4,4,4,"[244.774, 539.006, 2, 241.727, 290.019, 2, 264.58, 186.084, 2, 185.333, 339, 2]"
train,18,18,bad_posture_20241021_143227_png.rf.d47fb2984e45e06df89cca454d075518.jpg,1,Bad,117,183,353.5,398,140693,True,,4,4,4,"[197.544, 542.432, 2, 241.727, 318.572, 2, 351.423, 263.75, 2, 152, 357, 2]"
train,19,19,good_posture_20241021_142318_png.rf.d9232b17db88f20ba4907f59d38abb25.jpg,2,Good,157,119,234.5,452.5,106111.25,True,,4,4,4,"[246.298, 542.432, 2, 238.68, 296.872, 2, 252.392, 197.505, 2, 201.333, 356, 2]"
train,20,20,good_posture_20241021_142330_png.rf.d4be117b0eb5892d616618a89a77bf6f.jpg,2,Good,171,27,215.5,574.5,123804.75,True,,4,4,4,"[247.821, 564.133, 2, 241.727, 298.014, 2, 278.755, 196.822, 2, 200, 364, 2]"
train,21,21,image_20241007_215802_jpg.rf.dbdb54ba63ed92b744009950b4bdbff8.jpg,2,Good,27,66,412.5,496,204600,True,,4,4,4,"[154.884, 534.437, 2, 135.078, 227.201, 2, 136.602, 123.266, 2, 61.333, 302, 2]"
train,22,22,bad_posture_20241021_144100_png.rf.d6f4e4bdff8b3b8caac4a51b8ef9f50c.jpg,1,Bad,116,183,329.5,391.5,128999.25,True,,4,4,4,"[208.209, 559.564, 2, 266.104, 327.709, 2, 340.758, 260.323, 2, 161.333, 358, 2]"
train,23,23,bad_posture_20241021_143948_png.rf.d48d2917df4c400c127a1435cc580624.jpg,1,Bad,119,185,323,406,131138,True,,4,4,4,"[255.439, 542.432, 2, 258.486, 332.278, 2, 349.9, 258.039, 2, 150.667, 368, 2]"
train,24,24,good_posture_20241021_141630_png.rf.d6b3a72f5d321b47ddcd7ae9b33ab2af.jpg,2,Good,149,113,252.5,461.5,116528.75,True,,4,4,4,"[224.968, 519.589, 2, 220.397, 286.592, 2, 269.151, 196.363, 2, 174.667, 355, 2]"
train,25,25,image_20241009_224730_jpg.rf.dc5962d0a6506d889d394912c37c2831.jpg,2,Good,103,5,377.5,518.5,195733.75,True,,4,4,4,"[243.251, 485.325, 2, 221.921, 186.084, 2, 224.968, 93.57, 2, 146.667, 270, 2]"
train,26,26,image_20241009_224235_jpg.rf.dcb0c6c6bf6276f47836883b24387513.jpg,1,Bad,137,49,343.5,454.5,156120.75,True,,4,4,4,"[298.099, 448.776, 2, 255.439, 205.5, 2, 311.811, 136.972, 2, 162.667, 276, 2]"
train,27,27,image_20241009_143702_jpg.rf.dd4731183ae5628a64ed6244dbb55b48.jpg,1,Bad,79,105,353,414,146142,True,,4,4,4,"[255.439, 469.324, 2, 209.732, 240.896, 2, 313.334, 175.794, 2, 112, 318, 2]"
train,28,28,good_posture_20241013_222757_png.rf.dde627f4ad54320fb1a7f1f6755e0fb3.jpg,2,Good,164,16,292.5,468,136890,True,,4,4,4,"[247.821, 446.492, 2, 256.963, 168.952, 2, 316.381, 91.286, 2, 172, 260, 2]"
train,29,29,bad_posture_20241021_143008_png.rf.e4219080ea89fe4c65fce8c779f2a3f4.jpg,1,Bad,109,182,356.5,427,152225.5,True,,4,4,4,"[206.875, 543.574, 2, 229.729, 320.857, 2, 328.76, 266.034, 2, 126.667, 365, 2]"
train,30,30,good_posture_20241021_142153_png.rf.e06a2ffac509cb1cc9c1a852ace0cdb6.jpg,2,Good,193,118,280.5,472,132396,True,,4,4,4,"[275.245, 545.858, 2, 273.722, 294.587, 2, 301.146, 202.074, 2, 220, 364, 2]"
train,31,31,bad_posture_20241021_142555_png.rf.e313463ebdee7eea418ec43162fcd683.jpg,1,Bad,166,209,374,379.5,141933,True,,4,4,4,"[237.156, 523.016, 2, 325.523, 332.278, 2, 439.789, 285.45, 2, 206.667, 362, 2]"
train,32,32,good_posture_20241013_225737_png.rf.e1c15d7f07506d6650761e065d27409d.jpg,2,Good,98,16,336,474,159264,True,,4,4,4,"[180.785, 422.507, 2, 176.214, 183.8, 2, 223.444, 87.86, 2, 116, 280, 2]"
train,33,33,image_20241008_201334_jpg.rf.e742353a85cfddcbe8cb5bd96c8db275.jpg,2,Good,103,42,364,512,186368,True,,4,4,4,"[229.539, 503.599, 2, 234.109, 218.064, 2, 258.486, 138.114, 2, 160, 291, 2]"
train,34,34,good_posture_20241012_174139_png.rf.e820667afa93896a51f53c1dfc11f41d.jpg,2,Good,109,56,309.5,464.5,143762.75,True,,4,4,4,"[192.973, 480.756, 2, 188.403, 229.485, 2, 215.827, 119.84, 2, 134.667, 273, 2]"
train,35,35,bad_posture_20241013_222600_png.rf.e3bbbd81cbad152f54f470ee95ffdd17.jpg,1,Bad,115,55,371,416,154336,True,,4,4,4,"[260.01, 430.502, 2, 228.015, 207.785, 2, 330.093, 134.688, 2, 144, 279, 2]"
train,36,36,good_posture_20241021_180549_png.rf.df4763572605f1adce89580b52af8c75.jpg,2,Good,160,96,320.5,507,162493.5,True,,4,4,4,"[272.198, 541.29, 2, 285.91, 295.729, 2, 328.57, 190.653, 2, 216, 368, 2]"
train,37,37,bad_posture_20241021_143245_png.rf.e182e517d8fbba0a6f1da3597693b1b9.jpg,1,Bad,120,189,363.5,422,153397,True,,4,4,4,"[199.067, 545.858, 2, 264.58, 320.857, 2, 357.517, 264.892, 2, 152, 371, 2]"
train,38,38,image_20241008_205601_jpg.rf.dfbb727b39a24d63a7339b8458c76403.jpg,2,Good,56,23,399.5,545.5,217927.25,True,,4,4,4,"[192.973, 501.315, 2, 186.879, 231.77, 2, 205.162, 125.55, 2, 110.667, 316, 2]"
train,39,39,image_20241007_215802_jpg.rf.e5a92a843b04789f63bab3bca2dfcbfb.jpg,2,Good,27,66,412.5,496,204600,True,,4,4,4,"[154.884, 534.437, 2, 135.078, 227.201, 2, 136.602, 123.266, 2, 61.333, 302, 2]"
train,40,40,image_20241009_225822_jpg.rf.de5e20aaab1341db95b6df0ffb16cd6d.jpg,1,Bad,85,45,360,450,162000,True,,4,4,4,"[249.333, 443, 2, 191.45, 214.637, 2, 243.251, 122.124, 2, 112, 270, 2]"
train,41,41,bad_posture_20241021_180437_png.rf.dc6b37401fc09622a7a83ca31f0d00e7.jpg,1,Bad,158,183,421.5,423.5,178505.25,True,,4,4,4,"[267.627, 570.843, 2, 351.423, 327.567, 2, 458.072, 267.034, 2, 225.333, 365, 2]"
train,42,42,good_posture_20241021_142205_png.rf.e6b1271d5b97553fd11b79e8f6a7fd46.jpg,2,Good,180,125,219,446.5,97783.5,True,,4,4,4,"[256.963, 534.437, 2, 263.057, 307.151, 2, 293.528, 198.648, 2, 208, 351, 2]"
train,43,43,bad_posture_20241021_143853_png.rf.e3d52257219aede77d89bfbcd6f43220.jpg,1,Bad,117,179,374.5,396.5,148489.25,True,,4,4,4,"[229.729, 540.29, 2, 257.153, 320.999, 2, 324.189, 268.46, 2, 160, 363, 2]"
train,44,44,image_20241008_210224_jpg.rf.de71181b87b246d9e5938dd0950cf09e.jpg,1,Bad,37,95,380.5,474,180357,True,,4,4,4,"[211.256, 501.315, 2, 176.214, 262.607, 2, 275.245, 187.226, 2, 77.333, 336, 2]"
train,45,45,bad_posture_20241012_173243_png.rf.e7f0383f72da060d1eef964fc5aa463e.jpg,1,Bad,174,100,351.5,464,163096,True,,4,4,4,"[278.292, 503.599, 2, 292.004, 242.049, 2, 365.135, 180.373, 2, 213.333, 328, 2]"
train,46,46,image_20241008_205202_jpg.rf.e1740bbe1c03691d901528cd9ef4dce9.jpg,2,Good,56,53,373.5,495,184882.5,True,,4,4,4,"[231.062, 517.305, 2, 180.785, 240.907, 2, 179.261, 127.835, 2, 120, 318, 2]"
train,47,47,bad_posture_20241013_222740_png.rf.e8c8ca5209b2a23b87dcf419aaac4a21.jpg,1,Bad,134,36,289.5,417.5,120866.25,True,,4,4,4,"[266.104, 429.36, 2, 232.586, 182.658, 2, 301.146, 101.566, 2, 138.667, 277, 2]"
train,48,48,bad_posture_20241021_142555_png.rf.e556ca0952c2259fb392b373fdc479ba.jpg,1,Bad,166,209,374,379.5,141933,True,,4,4,4,"[237.156, 523.016, 2, 325.523, 332.278, 2, 439.789, 285.45, 2, 206.667, 362, 2]"
train,49,49,bad_posture_20241013_221218_png.rf.e5217e924397ca5e2727880291313b91.jpg,1,Bad,112,33,368.5,437.5,161218.75,True,,4,4,4,"[258.486, 414.512, 2, 232.586, 190.653, 2, 292.004, 117.555, 2, 126.667, 233, 2]"
train,50,50,image_20241008_200801_jpg.rf.de40fa9292fbeb3b79a1e2390e71ce3a.jpg,2,Good,63,67,325,487.5,158437.5,True,,4,4,4,"[191.45, 525.3, 2, 191.45, 226.059, 2, 223.444, 151.82, 2, 136, 290, 2]"
train,51,51,bad_posture_20241021_144118_png.rf.ece80e777476ee0de4a99a37680eabf6.jpg,2,Good,134,136,294,471.5,138621,True,,4,4,4,"[232.586, 515.021, 2, 212.779, 291.161, 2, 273.722, 204.358, 2, 177.333, 378, 2]"
train,52,52,bad_posture_20241012_173121_png.rf.ec6ba94e66b786a035b8fbe653a089b3.jpg,1,Bad,88,125,347,431.5,149730.5,True,,4,4,4,"[173.167, 515.021, 2, 177.738, 268.318, 2, 264.58, 197.505, 2, 106.667, 350, 2]"
train,53,53,bad_posture_20241021_143641_png.rf.ea6c252145d940577205cc91e4374c22.jpg,1,Bad,120,182,316.5,418,132297,True,,4,4,4,"[240.203, 537.863, 2, 288.957, 324.283, 2, 345.329, 255.755, 2, 168, 352, 2]"
train,54,54,good_posture_20241021_142159_png.rf.f1fa4579559fd4ecb7a6ad8061547111.jpg,2,Good,182,103,303.5,477.5,144921.25,True,,4,4,4,"[281.34, 543.574, 2, 272.198, 295.729, 2, 308.763, 197.505, 2, 210.667, 369, 2]"
train,55,55,bad_posture_20241021_145052_png.rf.ea493141ec32fb18b7bc3c7616db058a.jpg,1,Bad,90,162,386.5,448,173152,True,,4,4,4,"[221.921, 552.711, 2, 199.067, 340.273, 2, 276.769, 259.181, 2, 121.333, 382, 2]"
train,56,56,good_posture_20241021_142330_png.rf.ee893cf99d03ac67f71b40b3ec608328.jpg,2,Good,171,27,215.5,574.5,123804.75,True,,4,4,4,"[247.821, 564.133, 2, 241.727, 298.014, 2, 278.755, 196.822, 2, 200, 364, 2]"
train,57,57,image_20241007_210150_jpg.rf.eb00cdb45a29b5c2aae969e153b0fc51.jpg,2,Good,54,75,378.5,504.5,190953.25,True,,4,4,4,"[160.979, 535.579, 2, 159.455, 224.917, 2, 182.308, 136.972, 2, 94.667, 286, 2]"
train,58,58,bad_posture_20241021_143139_png.rf.ea1a53ed56f0282bc1fe25bad848457e.jpg,1,Bad,92,175,341.5,418,142747,True,,4,4,4,"[180.975, 533.295, 2, 182.499, 333.42, 2, 255.629, 247.76, 2, 97.333, 382, 2]"
train,59,59,bad_posture_20241012_174037_png.rf.ed42a931d35ac793968ad39d77fa992c.jpg,1,Bad,99,93,328.5,445.5,146346.75,True,,4,4,4,"[180.785, 485.325, 2, 269.151, 230.627, 2, 310.287, 175.805, 2, 133.333, 284, 2]"
train,60,60,image_20241008_202735_jpg.rf.edb3da9c33fff3ad166ea9b6bd3cb8e4.jpg,1,Bad,13,61,390.5,548.5,214189.25,True,,4,4,4,"[182.308, 521.873, 2, 98.513, 243.191, 2, 164.026, 134.688, 2, 38.667, 340, 2]"
train,61,61,bad_posture_20241021_144100_png.rf.ebf008e461617492a59e7075a6cc2814.jpg,1,Bad,116,183,329.5,391.5,128999.25,True,,4,4,4,"[208.209, 559.564, 2, 266.104, 327.709, 2, 340.758, 260.323, 2, 161.333, 358, 2]"
train,62,62,good_posture_20241021_142336_png.rf.e9c0605e1ef61453fc5b498a093e9d24.jpg,2,Good,166,126,333,455.5,151681.5,True,,4,4,4,"[252.392, 547, 2, 240.203, 296.872, 2, 285.91, 205.5, 2, 194.667, 380, 2]"
train,63,63,bad_posture_20241021_180437_png.rf.f2c5e87510d565cc280af6904f62a1ae.jpg,1,Bad,158,183,421.5,423.5,178505.25,True,,4,4,4,"[267.627, 570.843, 2, 351.423, 327.567, 2, 458.072, 267.034, 2, 225.333, 365, 2]"
train,64,64,good_posture_20241013_222655_png.rf.eea38fe9371bd3278e00ee729b402653.jpg,1,Bad,126,57,331,416.5,137861.5,True,,4,4,4,"[253.915, 429.36, 2, 218.874, 203.216, 2, 317.905, 131.261, 2, 142.667, 282, 2]"
train,65,65,bad_posture_20241021_144550_png.rf.f05717560cb461708608bc9e06788860.jpg,1,Bad,115,191,345,391,134895,True,,4,4,4,"[229.539, 532.153, 2, 231.062, 328.852, 2, 357.517, 270.602, 2, 136, 399, 2]"
train,66,66,bad_posture_20241021_143020_png.rf.f307ba23ff4a17822ff5b64783c8b96f.jpg,1,Bad,103,191,321.5,390.5,125545.75,True,,4,4,4,"[194.497, 521.873, 2, 220.397, 332.278, 2, 330.093, 255.755, 2, 129.333, 372, 2]"
train,67,67,bad_posture_20241021_142713_png.rf.efe8c12388966a59518e2a570cceacdb.jpg,1,Bad,147,153,398,429.5,170941,True,,4,4,4,"[266.104, 537.863, 2, 270.675, 319.714, 2, 343.805, 245.475, 2, 176, 360, 2]"
train,68,68,image_20241008_202338_jpg.rf.ef4b87637bf07005a97394f1410d5ded.jpg,2,Good,42,50,416,470.5,195728,True,,4,4,4,"[162.502, 493.32, 2, 162.502, 220.348, 2, 183.832, 124.408, 2, 109.333, 277, 2]"
train,69,69,bad_posture_20241021_144538_png.rf.edc0c0e5bfdc28b873284fa499e2446c.jpg,1,Bad,124,191,331,406.5,134551.5,True,,4,4,4,"[212.779, 544.716, 2, 235.633, 336.847, 2, 355.994, 274.029, 2, 142.667, 384, 2]"
train,70,70,bad_posture_20241013_221208_png.rf.f2ec5da19278a24514ce20a5ff9f9dfd.jpg,1,Bad,105,40,321,460,147660,True,,4,4,4,"[224.968, 406.517, 2, 206.685, 199.79, 2, 266.104, 101.566, 2, 118.667, 256, 2]"
train,71,71,bad_posture_20241021_143853_png.rf.ef3747494971fc058e8d7513c463fe7f.jpg,1,Bad,117,179,374.5,396.5,148489.25,True,,4,4,4,"[229.729, 540.29, 2, 257.153, 320.999, 2, 324.189, 268.46, 2, 160, 363, 2]"
train,72,72,bad_posture_20241021_145052_png.rf.f389bc74390fb91c7ae0927c87de0b5f.jpg,1,Bad,90,162,386.5,448,173152,True,,4,4,4,"[221.921, 552.711, 2, 199.067, 340.273, 2, 276.769, 259.181, 2, 121.333, 382, 2]"
train,73,73,image_20241009_225721_jpg.rf.f33f6061f5485d84fd9e01babde47069.jpg,1,Bad,65,39,370,504.5,186665,True,,4,4,4,"[226.491, 479.614, 2, 138.125, 224.917, 2, 208.209, 128.977, 2, 81.333, 294, 2]"
train,74,74,good_posture_20241012_174331_png.rf.f2b9fe1d473a7dfe004f8525003bdbd5.jpg,2,Good,111,53,473.5,518,245273,True,,4,4,4,"[176.214, 467.051, 2, 176.214, 231.77, 2, 206.685, 118.698, 2, 142.667, 324, 2]"
train,75,75,bad_posture_20241013_215714_png.rf.f349c9621eb7217e238cc5e6b23a2a74.jpg,1,Bad,58,51,301.5,437.5,131906.25,True,,4,4,4,"[208.209, 425.934, 2, 107.654, 214.637, 2, 186.879, 127.835, 2, 61.333, 291, 2]"
train,76,76,bad_posture_20241021_143504_png.rf.e937beb5ee8b56583aae19e685e5943b.jpg,1,Bad,119,172,282.5,417.5,117943.75,True,,4,4,4,"[218.874, 543.574, 2, 226.492, 310.577, 2, 310.287, 244.333, 2, 129.333, 378, 2]"
train,77,77,image_20241008_210538_jpg.rf.f3cb2123ff63eacbdb6ed49eb42b6fe0.jpg,1,Bad,39,86,333,481.5,160339.5,True,,4,4,4,"[185.355, 513.878, 2, 142.696, 246.617, 2, 200.591, 162.099, 2, 60, 332, 2]"
train,78,78,image_20241007_193153_jpg.rf.f3fef5e7170671e81482e38e394a237b.jpg,2,Good,43,52,347,495.5,171938.5,True,,4,4,4,"[151.837, 499.031, 2, 151.837, 226.059, 2, 202.115, 130.119, 2, 82.667, 297, 2]"
train,79,79,good_posture_20241021_142053_png.rf.f92853fe64ced1e2dc89a574b320af0e.jpg,2,Good,77,93,262.5,462,121275,True,,4,4,4,"[215.827, 519.589, 2, 217.35, 291.161, 2, 260.01, 196.363, 2, 173.333, 343, 2]"
train,80,80,image_20241009_142917_jpg.rf.fb0a0b469f692507e6e27313cc8813dd.jpg,1,Bad,16,73,349,431.5,150593.5,True,,4,4,4,"[185.036, 453.034, 2, 113.748, 231.77, 2, 167.073, 147.251, 2, 41.333, 304, 2]"
train,81,81,good_posture_20241013_225721_png.rf.fc829bf0c43f345124e0cf4c649013ab.jpg,2,Good,118,5,266.5,486,129519,True,,4,4,4,"[182.308, 422.507, 2, 177.738, 180.373, 2, 232.586, 68.444, 2, 150.667, 224, 2]"
train,82,82,bad_posture_20241012_174240_png.rf.f80f91fed4f49cab3b62493a0a0be712.jpg,1,Bad,126,62,480,492,236160,True,,4,4,4,"[211.256, 470.477, 2, 215.827, 221.49, 2, 296.575, 135.83, 2, 169.333, 301, 2]"
train,83,83,good_posture_20241021_141707_png.rf.f9f21b893af868635c0e9345f8a9ce06.jpg,1,Bad,124,132,274.5,463.5,127230.75,True,,4,4,4,"[257.073, 539.471, 2, 186.879, 308.293, 2, 292.004, 219.206, 2, 149.333, 399, 2]"
train,84,84,bad_posture_20241021_143817_png.rf.fce9931214aba09f752c25071ec4fed4.jpg,1,Bad,126,192,344,388.5,133644,True,,4,4,4,"[247.821, 534.437, 2, 308.763, 318.572, 2, 375.8, 267.176, 2, 178.667, 348, 2]"
train,85,85,good_posture_20241012_174341_png.rf.fcb36e161afe196f2d337ac81f7a0eb8.jpg,2,Good,111,53,288,502,144576,True,,4,4,4,"[208.209, 478.472, 2, 176.214, 242.049, 2, 206.685, 127.835, 2, 133.333, 303, 2]"
train,86,86,image_20241007_225038_jpg.rf.f4383e7779f57cf16eb99203ee85bc6c.jpg,1,Bad,75,109,354.5,449.5,159347.75,True,,4,4,4,"[246.279, 504.562, 2, 209.732, 256.897, 2, 304.193, 189.51, 2, 117.333, 318, 2]"
train,87,87,image_20241007_230212_jpg.rf.f5fa1be50ad414568d876054634dbf1e.jpg,1,Bad,62,69,392,480.5,188356,True,,4,4,4,"[209.732, 517.305, 2, 182.308, 236.338, 2, 258.486, 142.683, 2, 116, 339, 2]"
train,88,88,bad_posture_20241013_222753_png.rf.f4479323bacdba1c4bebfd64ffb274f1.jpg,1,Bad,140,52,311,461,143371,True,,4,4,4,"[258.486, 433.929, 2, 273.722, 181.515, 2, 348.376, 120.982, 2, 166.667, 250, 2]"
train,89,89,good_posture_20241021_141454_png.rf.fbc52ca1393f47f07c04a4c8b628f2cf.jpg,2,Good,149,105,275.5,478,131689,True,,4,4,4,"[244.774, 539.006, 2, 241.727, 290.019, 2, 264.58, 186.084, 2, 185.333, 339, 2]"
train,90,90,good_posture_20241013_222724_png.rf.fb6d8a669da29eded4d85eeeb3430dd0.jpg,2,Good,153,5,261,476,124236,True,,4,4,4,"[229.539, 441.923, 2, 231.062, 168.952, 2, 275.245, 76.438, 2, 184, 224, 2]"
train,91,91,bad_posture_20241013_221410_png.rf.f7d3de0ebaa9d1fab842b5a3fa34b488.jpg,1,Bad,138,33,348,446.5,155382,True,,4,4,4,"[269.151, 455.629, 2, 256.963, 210.069, 2, 337.711, 118.698, 2, 162.667, 295, 2]"
train,92,92,good_posture_20241013_222741_png.rf.ff1ac68a3734ace377a3933d70f66edf.jpg,2,Good,144,9,263,486.5,127949.5,True,,4,4,4,"[238.68, 483.041, 2, 232.586, 173.52, 2, 272.198, 71.87, 2, 176, 236, 2]"
train,93,93,bad_posture_20241013_222753_png.rf.f6f12156a10a5dfda824997b58722b2d.jpg,1,Bad,140,52,311,461,143371,True,,4,4,4,"[258.486, 433.929, 2, 273.722, 181.515, 2, 348.376, 120.982, 2, 166.667, 250, 2]"
train,94,94,bad_posture_20241012_173243_png.rf.f8c08381facf73050fe1ed988bce0d77.jpg,1,Bad,174,100,351.5,464,163096,True,,4,4,4,"[278.292, 503.599, 2, 292.004, 242.049, 2, 365.135, 180.373, 2, 213.333, 328, 2]"
train,95,95,good_posture_20241012_174331_png.rf.fc8417ffb2dfb41dcbbdce5e0fc421d5.jpg,2,Good,111,53,473.5,518,245273,True,,4,4,4,"[176.214, 467.051, 2, 176.214, 231.77, 2, 206.685, 118.698, 2, 142.667, 324, 2]"
train,96,96,bad_posture_20241013_225803_png.rf.fe9f632c24aa7899ce995c70c476f485.jpg,1,Bad,96,45,335,427,143045,True,,4,4,4,"[217.35, 424.791, 2, 229.539, 188.368, 2, 311.811, 116.413, 2, 134.667, 254, 2]"
train,97,97,good_posture_20241021_141548_png.rf.fe437b70d46340ecf1f31223f4a0c8b5.jpg,2,Good,134,104,275.5,468,128934,True,,4,4,4,"[206.685, 524.016, 2, 202.115, 301.298, 2, 220.397, 197.363, 2, 157.333, 344, 2]"
train,98,98,bad_posture_20241012_172310_png.rf.ffebb843d5de7bda8fcbbd234c98db30.jpg,1,Bad,160,117,400,443.5,177400,True,,4,4,4,"[258.486, 504.741, 2, 314.858, 274.029, 2, 371.229, 188.368, 2, 221.333, 307, 2]"
train,99,99,good_posture_20241012_172239_png.rf.fe1d25262987db371a4c9db72053e1f6.jpg,1,Bad,115,129,357,419.5,149761.5,True,,4,4,4,"[260.01, 509.31, 2, 247.821, 266.034, 2, 298.099, 207.785, 2, 145.333, 344, 2]"
train,100,100,good_posture_20241013_222738_png.rf.008882c9aa85b771e709a46d49a626f6.jpg,2,Good,155,16,270,466,125820,True,,4,4,4,"[246.298, 433.929, 2, 235.633, 176.947, 2, 290.481, 86.718, 2, 176, 261, 2]"
train,101,101,bad_posture_20241013_225746_png.rf.00bca5ddd713327a77a4fe56abaebbc8.jpg,1,Bad,107,9,364.5,471,171679.5,True,,4,4,4,"[249.345, 427.076, 2, 197.544, 164.383, 2, 311.811, 102.708, 2, 130.667, 290, 2]"
train,102,102,good_posture_20241013_225734_png.rf.01f5a532b2236e18e40d1c0277df1503.jpg,2,Good,96,0,344,476,163744,True,,4,4,4,"[182.308, 432.786, 2, 176.214, 173.52, 2, 203.638, 63.875, 2, 120, 223, 2]"
train,103,103,image_20241009_152252_jpg.rf.05159dd80bce18fabafd910e692d3745.jpg,1,Bad,71,60,401,445.5,178645.5,True,,4,4,4,"[237.156, 468.193, 2, 189.926, 236.338, 2, 241.727, 128.977, 2, 120, 313, 2]"
train,104,104,image_20241008_202917_jpg.rf.09f2be5d2de5c7782811ea081e9fe7c9.jpg,1,Bad,0,57,408,488.5,199308,True,,4,4,4,"[197.436, 487.343, 2, 93.942, 242.049, 2, 157.931, 135.83, 2, 13.333, 296, 2]"
train,105,105,image_20241007_191348_jpg.rf.01a829bb16fb5df9a298fb34ba31f9cb.jpg,2,Good,77,65,291.5,494,144001,True,,4,4,4,"[177.738, 527.584, 2, 171.643, 227.201, 2, 189.926, 131.261, 2, 106.667, 302, 2]"
train,106,106,image_20241007_192901_jpg.rf.0ccc4f843148404a65a2e5e59e33d16f.jpg,2,Good,63,53,299.5,496.5,148701.75,True,,4,4,4,"[168.596, 509.31, 2, 170.12, 221.49, 2, 214.303, 126.693, 2, 84, 320, 2]"
train,107,107,bad_posture_20241013_215926_png.rf.02e19c1d7c62f92e49e71042bae02010.jpg,1,Bad,118,29,330.5,469,155004.5,True,,4,4,4,"[232.586, 446.492, 2, 266.104, 199.79, 2, 333.14, 125.55, 2, 165.333, 244, 2]"
train,108,108,bad_posture_20241021_142111_png.rf.02367bda57a66d8c96143c384d8c8406.jpg,1,Bad,137,159,302.5,434,131285,True,,4,4,4,"[203.638, 554.996, 2, 218.874, 306.009, 2, 345.329, 248.902, 2, 152, 368, 2]"
train,109,109,image_20241008_201334_jpg.rf.075a491404808971616b7108b4091284.jpg,2,Good,103,42,364,512,186368,True,,4,4,4,"[229.539, 503.599, 2, 234.109, 218.064, 2, 258.486, 138.114, 2, 160, 291, 2]"
train,110,110,bad_posture_20241021_144036_png.rf.0a11af034bde8ffdf878ab957fecd65f.jpg,1,Bad,118,200,350.5,379,132839.5,True,,4,4,4,"[241.727, 526.442, 2, 260.01, 331.136, 2, 365.135, 275.171, 2, 153.333, 379, 2]"
train,111,111,good_posture_20241021_141707_png.rf.08e8ffb733b628d90daed863558dc6b8.jpg,1,Bad,124,132,274.5,463.5,127230.75,True,,4,4,4,"[257.073, 539.471, 2, 186.879, 308.293, 2, 292.004, 219.206, 2, 149.333, 399, 2]"
train,112,112,good_posture_20241013_222757_png.rf.09fcb8e4234c74ec91d3bd18ad5bd278.jpg,2,Good,164,16,292.5,468,136890,True,,4,4,4,"[247.821, 446.492, 2, 256.963, 168.952, 2, 316.381, 91.286, 2, 172, 260, 2]"
train,113,113,bad_posture_20241021_144143_png.rf.07364ba117e900cedaad8b00ca4c4274.jpg,1,Bad,174,121,222,440.5,97791,True,,4,4,4,"[237.156, 535.579, 2, 269.151, 304.867, 2, 310.287, 207.785, 2, 201.333, 344, 2]"
train,114,114,image_20241007_225757_jpg.rf.03fa76ef2445df7f6bb3c4508e8420a3.jpg,1,Bad,58,105,364,448,163072,True,,4,4,4,"[233.748, 499.022, 2, 200.591, 255.755, 2, 284.387, 181.515, 2, 82.667, 319, 2]"
train,115,115,bad_posture_20241021_142530_png.rf.0ca8e6860f91ad4ad288ca9d197b1bc0.jpg,1,Bad,152,215,366.5,362,132673,True,,4,4,4,"[247.821, 521.873, 2, 357.517, 337.989, 2, 444.36, 292.303, 2, 228, 350, 2]"
train,116,116,bad_posture_20241021_143735_png.rf.0926faead1e11c2672d213274767c0bc.jpg,1,Bad,118,187,356.5,374.5,133509.25,True,,4,4,4,"[224.968, 533.295, 2, 272.198, 317.43, 2, 346.852, 260.323, 2, 161.333, 368, 2]"
train,117,117,bad_posture_20241012_172726_png.rf.0bce91947d14834930406f05ad33a94e.jpg,1,Bad,96,114,344,451,155144,True,,4,4,4,"[234.109, 496.604, 2, 196.02, 261.323, 2, 276.769, 191.653, 2, 137.333, 332, 2]"
train,118,118,bad_posture_20241021_141436_png.rf.0d5bccb27fcb3b7ab2190c664bd47ce4.jpg,1,Bad,135,153,306.5,448,137312,True,,4,4,4,"[255.439, 536.721, 2, 267.627, 320.857, 2, 337.711, 248.902, 2, 153.333, 387, 2]"
train,119,119,bad_posture_20241013_215926_png.rf.02b6e6f8710d6ab2ce880049cfed4044.jpg,1,Bad,118,29,330.5,469,155004.5,True,,4,4,4,"[232.586, 446.492, 2, 266.104, 199.79, 2, 333.14, 125.55, 2, 165.333, 244, 2]"
train,120,120,good_posture_20241012_172219_png.rf.07ff56c17fc6b6d4c0604b4d7baa0db5.jpg,1,Bad,143,125,306,416.5,127449,True,,4,4,4,"[258.486, 509.31, 2, 217.35, 267.176, 2, 281.34, 208.927, 2, 150.667, 339, 2]"
train,121,121,good_posture_20241013_222750_png.rf.04fb6ba4e51294084790a147927b549e.jpg,2,Good,161,6,240,478,114720,True,,4,4,4,"[243.251, 431.644, 2, 238.68, 163.241, 2, 264.58, 74.154, 2, 186.667, 222, 2]"
train,122,122,good_posture_20241013_222728_png.rf.07307dbb63313f0c7bf4b3ceb5fad78b.jpg,2,Good,166,9,244.5,483.5,118215.75,True,,4,4,4,"[237.156, 453.345, 2, 235.633, 173.52, 2, 284.387, 78.723, 2, 180, 240, 2]"
train,123,123,image_20241007_220813_jpg.rf.0a46d8f558d03313da9a96c4b7185dbc.jpg,1,Bad,71,112,355.5,453.5,161219.25,True,,4,4,4,"[247.821, 532.153, 2, 218.874, 262.607, 2, 317.905, 182.658, 2, 118.667, 342, 2]"
train,124,124,good_posture_20241012_174401_png.rf.0f6e06ae18bddb1336e4398fb49f112e.jpg,2,Good,127,56,379,481.5,182488.5,True,,4,4,4,"[199.067, 461.34, 2, 192.973, 216.922, 2, 244.774, 109.561, 2, 152, 308, 2]"
train,125,125,bad_posture_20241021_144048_png.rf.00f192433451b129f2ea7e14573658ba.jpg,1,Bad,125,182,317,408.5,129494.5,True,,4,4,4,"[223.444, 545.858, 2, 272.198, 331.136, 2, 337.711, 255.755, 2, 165.333, 361, 2]"
train,126,126,image_20241008_205202_jpg.rf.0e051db1f64b7dca8dcda6cc66626d24.jpg,2,Good,56,53,373.5,495,184882.5,True,,4,4,4,"[231.062, 517.305, 2, 180.785, 240.907, 2, 179.261, 127.835, 2, 120, 318, 2]"
train,127,127,good_posture_20241012_172239_png.rf.0d5fa05915d80dbafeb38b33ad8c5f89.jpg,1,Bad,115,129,357,419.5,149761.5,True,,4,4,4,"[260.01, 509.31, 2, 247.821, 266.034, 2, 298.099, 207.785, 2, 145.333, 344, 2]"
train,128,128,image_20241007_225757_jpg.rf.0dc88205859cfb224908421a6f02d85d.jpg,1,Bad,58,105,364,448,163072,True,,4,4,4,"[233.748, 499.022, 2, 200.591, 255.755, 2, 284.387, 181.515, 2, 82.667, 319, 2]"
train,129,129,bad_posture_20241013_221410_png.rf.1462324397bad87281de1223a4700ed6.jpg,1,Bad,138,33,348,446.5,155382,True,,4,4,4,"[269.151, 455.629, 2, 256.963, 210.069, 2, 337.711, 118.698, 2, 162.667, 295, 2]"
train,130,130,bad_posture_20241021_144000_png.rf.10bc47d5edcc1de0db39070028a7cbba.jpg,1,Bad,121,183,359,384.5,138035.5,True,,4,4,4,"[214.303, 532.153, 2, 253.915, 316.288, 2, 337.711, 261.465, 2, 153.333, 369, 2]"
train,131,131,good_posture_20241021_141536_png.rf.10abc6f80a2023fd6d396fb5fa39faf9.jpg,2,Good,139,102,251.5,485.5,122103.25,True,,4,4,4,"[234.109, 531.01, 2, 226.491, 307.151, 2, 260.01, 192.937, 2, 166.667, 350, 2]"
train,132,132,good_posture_20241021_141317_png.rf.143d3b61858157968900a8c13538eb10.jpg,1,Bad,154,116,285.5,472,134756,True,,4,4,4,"[231.062, 550.427, 2, 235.633, 300.298, 2, 290.481, 205.5, 2, 173.333, 371, 2]"
train,133,133,bad_posture_20241021_142034_png.rf.181e8501eed44959acc31aa8d5908166.jpg,1,Bad,132,129,308,461.5,142142,True,,4,4,4,"[244.774, 542.432, 2, 224.968, 306.009, 2, 316.381, 215.78, 2, 162.667, 405, 2]"
train,134,134,image_20241009_225822_jpg.rf.15a942561d1fa6bedcd6ad1c9b655a66.jpg,1,Bad,85,45,360,450,162000,True,,4,4,4,"[249.333, 443, 2, 191.45, 214.637, 2, 243.251, 122.124, 2, 112, 270, 2]"
train,135,135,good_posture_20241013_222757_png.rf.158e2a81acd9080355e0d3173cfd7631.jpg,2,Good,164,16,292.5,468,136890,True,,4,4,4,"[247.821, 446.492, 2, 256.963, 168.952, 2, 316.381, 91.286, 2, 172, 260, 2]"
train,136,136,good_posture_20241013_225741_png.rf.0f6e0805ceb97255223dda717c90e691.jpg,2,Good,122,3,284.5,463,131723.5,True,,4,4,4,"[208.209, 408.801, 2, 206.685, 159.815, 2, 249.345, 62.733, 2, 156, 213, 2]"
train,137,137,good_posture_20241021_144124_png.rf.169b43b20680f8bbc6869083d8de0cd3.jpg,2,Good,140,103,288,462,133056,True,,4,4,4,"[223.444, 524.158, 2, 214.303, 291.161, 2, 235.633, 197.505, 2, 174.667, 356, 2]"
train,138,138,bad_posture_20241021_143133_png.rf.16101387826b56802447a8f38ed5e229.jpg,1,Bad,99,174,352.5,426,150165,True,,4,4,4,"[228.015, 557.28, 2, 221.921, 339.131, 2, 314.858, 255.755, 2, 124, 391, 2]"
train,139,139,image_20241007_191654_jpg.rf.1627e2a68f784d8fb2b62b5e8be48aed.jpg,2,Good,42,84,320,469.5,150240,True,,4,4,4,"[148.79, 515.021, 2, 118.319, 238.622, 2, 148.79, 150.678, 2, 58.667, 349, 2]"
train,140,140,bad_posture_20241021_143936_png.rf.1216115a3da476143740b03d217626a6.jpg,1,Bad,117,193,318.5,399.5,127240.75,True,,4,4,4,"[240.203, 534.437, 2, 264.58, 315.146, 2, 352.947, 261.465, 2, 153.333, 365, 2]"
train,141,141,bad_posture_20241021_143653_png.rf.1977af11028def8eef9ff6e90049b904.jpg,1,Bad,113,181,321,401,128721,True,,4,4,4,"[244, 534, 2, 298.099, 315.146, 2, 342.282, 250.044, 2, 162.667, 361, 2]"
train,142,142,bad_posture_20241013_222737_png.rf.16831ea30539ddc385c1c572a58e6475.jpg,1,Bad,136,36,302.5,430,130075,True,,4,4,4,"[241.727, 435.071, 2, 241.727, 179.231, 2, 308.763, 110.703, 2, 138.667, 268, 2]"
train,143,143,bad_posture_20241013_225750_png.rf.1917a0638ba149579efc519fa34ae05a.jpg,1,Bad,103,39,359.5,444,159618,True,,4,4,4,"[237.156, 422.507, 2, 223.444, 189.51, 2, 339.235, 125.55, 2, 136, 254, 2]"
train,144,144,good_posture_20241021_180318_png.rf.133186cd108deb8f2e3271a55afa1523.jpg,2,Good,191,103,290,497.5,144275,True,,4,4,4,"[270.675, 549.285, 2, 267.627, 290.019, 2, 301.146, 184.942, 2, 218.667, 351, 2]"
train,145,145,image_20241007_192602_jpg.rf.17e4312f1fba8ad360a73924cd5e39be.jpg,1,Bad,23,105,347,461.5,160140.5,True,,4,4,4,"[154.884, 512.736, 2, 179.261, 243.191, 2, 261.533, 174.663, 2, 48, 320, 2]"
train,146,146,bad_posture_20241021_142536_png.rf.17b90531204f27f95a49d3779d44106a.jpg,1,Bad,172,212,365.5,343.5,125549.25,True,,4,4,4,"[215.827, 527.584, 2, 340.758, 321.999, 2, 451.978, 293.445, 2, 220, 358, 2]"
train,147,147,bad_posture_20241013_222747_png.rf.175039e33f542453b4ea0793f8d709b2.jpg,1,Bad,104,33,325.5,468,152334,True,,4,4,4,"[224.968, 441.923, 2, 209.732, 186.084, 2, 295.051, 116.413, 2, 134.667, 267, 2]"
train,148,148,bad_posture_20241021_143534_png.rf.16ed6c5211c54ad0d2d33615f9a4342e.jpg,1,Bad,113,195,292,385.5,112566,True,,4,4,4,"[186.879, 551.569, 2, 234.109, 312.862, 2, 308.763, 256.897, 2, 130.667, 382, 2]"
train,149,149,bad_posture_20241013_220642_png.rf.1823a120268980c62c40582e0092cfd4.jpg,1,Bad,141,41,360,462,166320,True,,4,4,4,"[273.722, 432.786, 2, 255.439, 181.515, 2, 334.664, 108.418, 2, 165.333, 256, 2]"
train,150,150,bad_posture_20241013_221208_png.rf.19b785cf3ba5b3ec4709c27478822249.jpg,1,Bad,105,40,321,460,147660,True,,4,4,4,"[224.968, 406.517, 2, 206.685, 199.79, 2, 266.104, 101.566, 2, 118.667, 256, 2]"
train,151,151,image_20241007_192901_jpg.rf.13f21c0f954fddf069479ae625bbbf36.jpg,2,Good,63,53,299.5,496.5,148701.75,True,,4,4,4,"[168.596, 509.31, 2, 170.12, 221.49, 2, 214.303, 126.693, 2, 84, 320, 2]"
train,152,152,bad_posture_20241021_145052_png.rf.0f9b2d7246a66c661c9deea38013f491.jpg,1,Bad,90,162,386.5,448,173152,True,,4,4,4,"[221.921, 552.711, 2, 199.067, 340.273, 2, 276.769, 259.181, 2, 121.333, 382, 2]"
train,153,153,image_20241010_173545_jpg.rf.119c8f401094e3f32dffe5e09a54b9f1.jpg,1,Bad,136,89,371,485.5,180120.5,True,,4,4,4,"[295.051, 479.614, 2, 275.245, 230.627, 2, 362.088, 160.957, 2, 161.333, 295, 2]"
train,154,154,good_posture_20241012_174311_png.rf.1de863b5332aecad0ffbfab24d506262.jpg,2,Good,62,51,325.5,460.5,149892.75,True,,4,4,4,"[188.403, 459.056, 2, 177.738, 222.632, 2, 217.35, 126.693, 2, 137.333, 268, 2]"
train,155,155,bad_posture_20241021_142034_png.rf.1c19934f2746708b9a534d1869da23b5.jpg,1,Bad,132,129,308,461.5,142142,True,,4,4,4,"[244.774, 542.432, 2, 224.968, 306.009, 2, 316.381, 215.78, 2, 162.667, 405, 2]"
train,156,156,good_posture_20241021_180318_png.rf.1e0e835cd147d84e8e7df14277dd743a.jpg,2,Good,191,103,290,497.5,144275,True,,4,4,4,"[270.675, 549.285, 2, 267.627, 290.019, 2, 301.146, 184.942, 2, 218.667, 351, 2]"
train,157,157,bad_posture_20241021_142022_png.rf.1b3fca639b24d05d49a29631c1a44353.jpg,1,Bad,122,119,343.5,461.5,158525.25,True,,4,4,4,"[235.633, 541.29, 2, 214.303, 292.303, 2, 313.334, 216.922, 2, 152, 384, 2]"
train,158,158,bad_posture_20241013_220309_png.rf.1e1557ba92be5f96b43b28d38123ac08.jpg,1,Bad,145,43,384.5,473,181868.5,True,,4,4,4,"[284.387, 433.929, 2, 279.816, 200.932, 2, 337.711, 122.124, 2, 168, 256, 2]"
train,159,159,bad_posture_20241021_143239_png.rf.1e9edcb64c798c52c94b24839d8f4bd6.jpg,1,Bad,119,180,336,412,138432,True,,4,4,4,"[218.874, 544.716, 2, 263.057, 319.714, 2, 359.041, 267.176, 2, 165.333, 352, 2]"
train,160,160,bad_posture_20241021_143504_png.rf.1ec56cdae4c4fe28484358762066f289.jpg,1,Bad,119,172,282.5,417.5,117943.75,True,,4,4,4,"[218.874, 543.574, 2, 226.492, 310.577, 2, 310.287, 244.333, 2, 129.333, 378, 2]"
train,161,161,bad_posture_20241021_143227_png.rf.2151dd927af9a4d88c5bcca89b0c2353.jpg,1,Bad,117,183,353.5,398,140693,True,,4,4,4,"[197.544, 542.432, 2, 241.727, 318.572, 2, 351.423, 263.75, 2, 152, 357, 2]"
train,162,162,bad_posture_20241021_144426_png.rf.26f9741e4294bbd8fab76349f737be3d.jpg,1,Bad,128,162,358,407,145706,True,,4,4,4,"[247.821, 527.584, 2, 246.298, 341.415, 2, 317.905, 254.612, 2, 146.667, 374, 2]"
train,163,163,good_posture_20241021_142336_png.rf.224fcb237b3cc6e8117d2e95fb857ed0.jpg,2,Good,166,126,333,455.5,151681.5,True,,4,4,4,"[252.392, 547, 2, 240.203, 296.872, 2, 285.91, 205.5, 2, 194.667, 380, 2]"
train,164,164,good_posture_20241021_141958_png.rf.21821f098d55042152ebb5a6091b441a.jpg,2,Good,147,101,270,472.5,127575,True,,4,4,4,"[229.539, 521.873, 2, 226.491, 291.161, 2, 241.727, 188.368, 2, 198.667, 361, 2]"
train,165,165,image_20241007_214451_jpg.rf.202678c11a54a756d9d229c7becd5dc9.jpg,2,Good,60,62,356,519.5,184942,True,,4,4,4,"[182.308, 529.868, 2, 182.308, 226.059, 2, 199.067, 131.261, 2, 117.333, 303, 2]"
train,166,166,bad_posture_20241021_143629_png.rf.21ed1ffca310c55664a27a02d4897437.jpg,1,Bad,111,180,321.5,403.5,129725.25,True,,4,4,4,"[199.067, 527.584, 2, 264.58, 316.288, 2, 336.188, 263.75, 2, 158.667, 372, 2]"
train,167,167,bad_posture_20241021_143747_png.rf.1bacd9310f30a4ec29b84dd12e691db8.jpg,1,Bad,111,175,338,430.5,145509,True,,4,4,4,"[224.968, 532.153, 2, 238.68, 318.572, 2, 331.617, 242.049, 2, 145.333, 354, 2]"
train,168,168,bad_posture_20241021_143853_png.rf.1ad5d0c0859170939c230423288e4802.jpg,1,Bad,117,179,374.5,396.5,148489.25,True,,4,4,4,"[229.729, 540.29, 2, 257.153, 320.999, 2, 324.189, 268.46, 2, 160, 363, 2]"
train,169,169,bad_posture_20241013_220642_png.rf.26f8f633b7ae6c3f2449bd3c010e925f.jpg,1,Bad,141,41,360,462,166320,True,,4,4,4,"[273.722, 432.786, 2, 255.439, 181.515, 2, 334.664, 108.418, 2, 165.333, 256, 2]"
train,170,170,bad_posture_20241012_174037_png.rf.27645d09380e2859d26c39b2054c5861.jpg,1,Bad,99,93,328.5,445.5,146346.75,True,,4,4,4,"[180.785, 485.325, 2, 269.151, 230.627, 2, 310.287, 175.805, 2, 133.333, 284, 2]"
train,171,171,bad_posture_20241012_172807_png.rf.24ee6b515389b83e08aa80e3d30293e3.jpg,1,Bad,118,139,363,412.5,149737.5,True,,4,4,4,"[234.109, 494.462, 2, 256.963, 275.171, 2, 328.57, 208.927, 2, 156, 328, 2]"
train,172,172,bad_posture_20241021_142418_png.rf.298ec47e47279138eb987d4ca7748061.jpg,1,Bad,155,204,370.5,368.5,136529.25,True,,4,4,4,"[217.35, 541.29, 2, 327.046, 310.577, 2, 419.983, 279.74, 2, 208, 369, 2]"
train,173,173,bad_posture_20241012_174240_png.rf.26eb808ca24854c41b152bff88b36a6d.jpg,1,Bad,126,62,480,492,236160,True,,4,4,4,"[211.256, 470.477, 2, 215.827, 221.49, 2, 296.575, 135.83, 2, 169.333, 301, 2]"
train,174,174,bad_posture_20241021_142123_png.rf.2915ef0b695521b14e64d7d46a3dc2aa.jpg,1,Bad,111,180,403.5,422.5,170478.75,True,,4,4,4,"[179.261, 541.29, 2, 250.868, 320.857, 2, 366.659, 269.46, 2, 157.333, 368, 2]"
train,175,175,image_20241007_191348_jpg.rf.1f93aa497ec954dd6acd9bed32482134.jpg,2,Good,77,65,291.5,494,144001,True,,4,4,4,"[177.738, 527.584, 2, 171.643, 227.201, 2, 189.926, 131.261, 2, 106.667, 302, 2]"
train,176,176,good_posture_20241013_222738_png.rf.29a0f3857680447eeb2d8ee58e2ed27a.jpg,2,Good,155,16,270,466,125820,True,,4,4,4,"[246.298, 433.929, 2, 235.633, 176.947, 2, 290.481, 86.718, 2, 176, 261, 2]"
train,177,177,bad_posture_20241012_173222_png.rf.2a74e0757872dfa17534eb32b9b9070c.jpg,1,Bad,132,85,363,488.5,177325.5,True,,4,4,4,"[229.539, 501.315, 2, 221.921, 252.328, 2, 288.957, 158.673, 2, 156, 336, 2]"
train,178,178,image_20241008_210224_jpg.rf.286656b6f4925d76da38f6a54104e0b0.jpg,1,Bad,37,95,380.5,474,180357,True,,4,4,4,"[211.256, 501.315, 2, 176.214, 262.607, 2, 275.245, 187.226, 2, 77.333, 336, 2]"
train,179,179,good_posture_20241021_141713_png.rf.2a6b10c430ef8db6685e310b31fcbf11.jpg,1,Bad,119,130,347,439.5,152506.5,True,,4,4,4,"[255.439, 535.579, 2, 202.115, 295.729, 2, 302.669, 220.348, 2, 138.667, 373, 2]"
train,180,180,image_20241009_142917_jpg.rf.2ea2b3f5f7e7dfa2df4b0158f8072614.jpg,1,Bad,16,73,349,431.5,150593.5,True,,4,4,4,"[185.036, 453.034, 2, 113.748, 231.77, 2, 167.073, 147.251, 2, 41.333, 304, 2]"
train,181,181,good_posture_20241013_225738_png.rf.2d1e4913b095c6c59009f39c339495c9.jpg,2,Good,117,6,311,452,140572,True,,4,4,4,"[189.926, 429.36, 2, 196.02, 167.81, 2, 231.062, 67.301, 2, 136, 211, 2]"
train,182,182,image_20241009_225721_jpg.rf.267e65374993f552a87320148960acbc.jpg,1,Bad,65,39,370,504.5,186665,True,,4,4,4,"[226.491, 479.614, 2, 138.125, 224.917, 2, 208.209, 128.977, 2, 81.333, 294, 2]"
train,183,183,bad_posture_20241021_141737_png.rf.297eb92485c979df3b2568df663656cb.jpg,1,Bad,128,170,301,424.5,127774.5,True,,4,4,4,"[215.827, 541.29, 2, 290.481, 332.278, 2, 359.041, 258.039, 2, 161.333, 357, 2]"
train,184,184,good_posture_20241013_222655_png.rf.2d94bc32518db6f59bf8ede47e414792.jpg,1,Bad,126,57,331,416.5,137861.5,True,,4,4,4,"[253.915, 429.36, 2, 218.874, 203.216, 2, 317.905, 131.261, 2, 142.667, 282, 2]"
train,185,185,image_20241007_220813_jpg.rf.2b3e6a64495f4de4c995a8f6e240750d.jpg,1,Bad,71,112,355.5,453.5,161219.25,True,,4,4,4,"[247.821, 532.153, 2, 218.874, 262.607, 2, 317.905, 182.658, 2, 118.667, 342, 2]"
train,186,186,bad_posture_20241021_145122_png.rf.2ece5bfdc76a246a46f889795dc9640c.jpg,1,Bad,111,193,448,383.5,171808,True,,4,4,4,"[218.874, 525.3, 2, 384.941, 325.425, 2, 462.643, 268.318, 2, 246.667, 359, 2]"
train,187,187,image_20241007_215802_jpg.rf.2fae486f260ef252dca3638666183304.jpg,2,Good,27,66,412.5,496,204600,True,,4,4,4,"[154.884, 534.437, 2, 135.078, 227.201, 2, 136.602, 123.266, 2, 61.333, 302, 2]"
train,188,188,bad_posture_20241021_142601_png.rf.2ef6f87c60bd017e1ce417e612156416.jpg,1,Bad,142,143,277,428,118556,True,,4,4,4,"[258.486, 541.29, 2, 244.774, 318.572, 2, 295.051, 224.917, 2, 165.333, 361, 2]"
train,189,189,bad_posture_20241021_143817_png.rf.30073a36a17282f03ed8ce181862afba.jpg,1,Bad,126,192,344,388.5,133644,True,,4,4,4,"[247.821, 534.437, 2, 308.763, 318.572, 2, 375.8, 267.176, 2, 178.667, 348, 2]"
train,190,190,bad_posture_20241012_174037_png.rf.32059e1c7a9cb1eb1a875644bac16dd9.jpg,1,Bad,99,93,328.5,445.5,146346.75,True,,4,4,4,"[180.785, 485.325, 2, 269.151, 230.627, 2, 310.287, 175.805, 2, 133.333, 284, 2]"
train,191,191,bad_posture_20241021_144407_png.rf.31a56fd9d4d898212f675c88639d68df.jpg,1,Bad,126,163,353.5,406.5,143697.75,True,,4,4,4,"[256.963, 537.863, 2, 267.627, 327.709, 2, 295.051, 251.186, 2, 150.667, 368, 2]"
train,192,192,good_posture_20241013_222638_png.rf.32c28bcc9ec05e5c169bcaf9558bb899.jpg,1,Bad,119,56,335,409,137015,True,,4,4,4,"[264.58, 419.081, 2, 205.162, 203.216, 2, 292.004, 133.546, 2, 133.333, 253, 2]"
train,193,193,good_posture_20241021_141630_png.rf.33f7a760d5db4e5381b0eddf65b94d42.jpg,2,Good,149,113,252.5,461.5,116528.75,True,,4,4,4,"[224.968, 519.589, 2, 220.397, 286.592, 2, 269.151, 196.363, 2, 174.667, 355, 2]"
train,194,194,bad_posture_20241021_141737_png.rf.33a26ef127c90265de90fa9e3aaabcf3.jpg,1,Bad,128,170,301,424.5,127774.5,True,,4,4,4,"[215.827, 541.29, 2, 290.481, 332.278, 2, 359.041, 258.039, 2, 161.333, 357, 2]"
train,195,195,image_20241009_224235_jpg.rf.2d2c0a23f69b0dcf93a0bbf3be5ea7a0.jpg,1,Bad,137,49,343.5,454.5,156120.75,True,,4,4,4,"[298.099, 448.776, 2, 255.439, 205.5, 2, 311.811, 136.972, 2, 162.667, 276, 2]"
train,196,196,bad_posture_20241013_222736_png.rf.33f9145d1e68fb8731feb77dff09f27c.jpg,1,Bad,117,36,326,453,147678,True,,4,4,4,"[260.01, 438.497, 2, 238.68, 181.515, 2, 308.763, 112.987, 2, 138.667, 271, 2]"
train,197,197,good_posture_20241012_174351_png.rf.2e30b27f031e99e702f180d255d86044.jpg,2,Good,111,53,348.5,460.5,160484.25,True,,4,4,4,"[189.926, 471.619, 2, 183.832, 219.206, 2, 208.209, 120.982, 2, 133.333, 264, 2]"
train,198,198,bad_posture_20241021_143616_png.rf.332dc9cabecffe9e3e4f5a10edf4c98a.jpg,1,Bad,128,176,302.5,412,124630,True,,4,4,4,"[224.968, 516.163, 2, 267.627, 311.719, 2, 348.376, 255.755, 2, 156, 366, 2]"
train,199,199,bad_posture_20241021_141725_png.rf.2f5d2755b7b58cdab695a3b597766de2.jpg,1,Bad,136,139,292,456,133152,True,,4,4,4,"[229.539, 519.589, 2, 208.209, 284.308, 2, 316.381, 222.632, 2, 145.333, 370, 2]"
train,200,200,good_posture_20241012_174351_png.rf.3047769fc04c650c20a7c3be12bfa694.jpg,2,Good,111,53,348.5,460.5,160484.25,True,,4,4,4,"[189.926, 471.619, 2, 183.832, 219.206, 2, 208.209, 120.982, 2, 133.333, 264, 2]"
train,201,201,image_20241007_230643_jpg.rf.3635a6fbd002709241fc250ea92ad142.jpg,1,Bad,78,111,368,462.5,170200,True,,4,4,4,"[260.01, 517.305, 2, 234.109, 256.897, 2, 316.381, 174.663, 2, 122.667, 329, 2]"
train,202,202,bad_posture_20241012_172807_png.rf.29f57464ac586b6e93ae29230fbbc1db.jpg,1,Bad,118,139,363,412.5,149737.5,True,,4,4,4,"[234.109, 494.462, 2, 256.963, 275.171, 2, 328.57, 208.927, 2, 156, 328, 2]"
train,203,203,bad_posture_20241012_172107_png.rf.32fa87db9887c89def7ec63fecbb7968.jpg,1,Bad,144,143,368,407.5,149960,True,,4,4,4,"[244.774, 505.884, 2, 247.821, 264.892, 2, 317.905, 210.069, 2, 157.333, 321, 2]"
train,204,204,image_20241007_192602_jpg.rf.3425c8783abe8a0b0d6cbe29a8184dfe.jpg,1,Bad,23,105,347,461.5,160140.5,True,,4,4,4,"[154.884, 512.736, 2, 179.261, 243.191, 2, 261.533, 174.663, 2, 48, 320, 2]"
train,205,205,bad_posture_20241013_225714_png.rf.3210b84c449ff501406d17a5aa244415.jpg,1,Bad,130,38,383,439,168137,True,,4,4,4,"[217.35, 430.502, 2, 307.24, 183.8, 2, 372.753, 112.987, 2, 225.333, 222, 2]"
train,206,206,good_posture_20241021_141636_png.rf.32c564f884f7666e633d31bcf5e35843.jpg,2,Good,134,109,338,470,158860,True,,4,4,4,"[224.968, 536.721, 2, 208.209, 301.44, 2, 237.156, 190.653, 2, 164, 390, 2]"
train,207,207,image_20241007_230212_jpg.rf.38a12739416503ae6c83c534b2d84c11.jpg,1,Bad,62,69,392,480.5,188356,True,,4,4,4,"[209.732, 517.305, 2, 182.308, 236.338, 2, 258.486, 142.683, 2, 116, 339, 2]"
train,208,208,bad_posture_20241012_173222_png.rf.37f9d34cf8ee49f6058c758b40fcdcff.jpg,1,Bad,132,85,363,488.5,177325.5,True,,4,4,4,"[229.539, 501.315, 2, 221.921, 252.328, 2, 288.957, 158.673, 2, 156, 336, 2]"
train,209,209,image_20241007_222646_jpg.rf.36753081069edfad4aa003115328f6d1.jpg,2,Good,126,62,388.5,509.5,197940.75,True,,4,4,4,"[276.769, 548.143, 2, 255.439, 224.917, 2, 269.151, 130.119, 2, 173.333, 310, 2]"
train,210,210,good_posture_20241013_222712_png.rf.3731d4225d69436f21124bea42e47d9e.jpg,2,Good,156,15,255,482,122910,True,,4,4,4,"[240.203, 411.086, 2, 235.633, 163.241, 2, 288.957, 61.591, 2, 180, 239, 2]"
train,211,211,bad_posture_20241021_141755_png.rf.3486647c4a4c92ceafe97a60bf4b8222.jpg,1,Bad,126,188,330.5,410,135505,True,,4,4,4,"[215.827, 541.29, 2, 272.198, 327.709, 2, 369.706, 276.313, 2, 157.333, 376, 2]"
train,212,212,bad_posture_20241012_174240_png.rf.327bb600c93faad947fa8cd167cfb456.jpg,1,Bad,126,62,480,492,236160,True,,4,4,4,"[211.256, 470.477, 2, 215.827, 221.49, 2, 296.575, 135.83, 2, 169.333, 301, 2]"
train,213,213,image_20241007_191348_jpg.rf.38ce18118d987080490c0f8a28ca1102.jpg,2,Good,77,65,291.5,494,144001,True,,4,4,4,"[177.738, 527.584, 2, 171.643, 227.201, 2, 189.926, 131.261, 2, 106.667, 302, 2]"
train,214,214,image_20241008_201104_jpg.rf.38fea24d8a74207f7e5f9c269d42f0c5.jpg,1,Bad,22,85,417,474,197658,True,,4,4,4,"[223.193, 501.653, 2, 98.513, 256.897, 2, 160.979, 160.957, 2, 45.333, 346, 2]"
train,215,215,bad_posture_20241021_143653_png.rf.38ecbc3672dfa92fef4f0c74d4971574.jpg,1,Bad,113,181,321,401,128721,True,,4,4,4,"[244, 534, 2, 298.099, 315.146, 2, 342.282, 250.044, 2, 162.667, 361, 2]"
train,216,216,good_posture_20241013_222741_png.rf.3965b00d5d1cbce84957ffe611485af4.jpg,2,Good,144,9,263,486.5,127949.5,True,,4,4,4,"[238.68, 483.041, 2, 232.586, 173.52, 2, 272.198, 71.87, 2, 176, 236, 2]"
train,217,217,bad_posture_20241021_144638_png.rf.3c1f2ba9178a59285da3cbeb8154e7a5.jpg,1,Bad,132,216,376.5,338,127257,True,,4,4,4,"[226.491, 533.295, 2, 299.622, 332.278, 2, 412.365, 288.877, 2, 176, 366, 2]"
train,218,218,bad_posture_20241021_142123_png.rf.3935e954e723b14204ade1e76de90d28.jpg,1,Bad,111,180,403.5,422.5,170478.75,True,,4,4,4,"[179.261, 541.29, 2, 250.868, 320.857, 2, 366.659, 269.46, 2, 157.333, 368, 2]"
train,219,219,bad_posture_20241021_142530_png.rf.3a694c19a94333d4a65bf6ce44ffddc8.jpg,1,Bad,152,215,366.5,362,132673,True,,4,4,4,"[247.821, 521.873, 2, 357.517, 337.989, 2, 444.36, 292.303, 2, 228, 350, 2]"
train,220,220,bad_posture_20241021_142111_png.rf.3bf68ce6dd612e0a0178a814ee471d3e.jpg,1,Bad,137,159,302.5,434,131285,True,,4,4,4,"[203.638, 554.996, 2, 218.874, 306.009, 2, 345.329, 248.902, 2, 152, 368, 2]"
train,221,221,image_20241009_142917_jpg.rf.3e7f8fb19edc4be36f10d4bbd3e8f2ce.jpg,1,Bad,16,73,349,431.5,150593.5,True,,4,4,4,"[185.036, 453.034, 2, 113.748, 231.77, 2, 167.073, 147.251, 2, 41.333, 304, 2]"
train,222,222,image_20241007_230212_jpg.rf.3e2f978c1810e70df074d912a716d08a.jpg,1,Bad,62,69,392,480.5,188356,True,,4,4,4,"[209.732, 517.305, 2, 182.308, 236.338, 2, 258.486, 142.683, 2, 116, 339, 2]"
train,223,223,image_20241008_205601_jpg.rf.3c259c2652b28c600755443c50c0a336.jpg,2,Good,56,23,399.5,545.5,217927.25,True,,4,4,4,"[192.973, 501.315, 2, 186.879, 231.77, 2, 205.162, 125.55, 2, 110.667, 316, 2]"
train,224,224,bad_posture_20241021_144550_png.rf.3f64bacc0e064f11a89913b59cd9b5d6.jpg,1,Bad,115,191,345,391,134895,True,,4,4,4,"[229.539, 532.153, 2, 231.062, 328.852, 2, 357.517, 270.602, 2, 136, 399, 2]"
train,225,225,bad_posture_20241021_142406_png.rf.38d1dd24d4964d9ebfcdc3446a5b0acb.jpg,1,Bad,153,183,374,382,142868,True,,4,4,4,"[240.203, 507.026, 2, 314.858, 316.288, 2, 406.271, 266.034, 2, 197.333, 369, 2]"
train,226,226,bad_posture_20241021_145335_png.rf.435f0b82fd832565cbf6ee1e2a9f5b84.jpg,1,Bad,143,186,321.5,402,129243,True,,4,4,4,"[215.827, 551.569, 2, 288.957, 314.004, 2, 372.753, 260.323, 2, 172, 372, 2]"
train,227,227,bad_posture_20241021_145211_png.rf.43ef51223cb60a15dcaa94bc3d2f6daf.jpg,1,Bad,104,209,496,394,195424,True,,4,4,4,"[182.499, 539.006, 2, 365.325, 326.567, 2, 467.404, 291.161, 2, 244, 352, 2]"
train,228,228,bad_posture_20241021_143924_png.rf.3d6e2e2bcc99dda3cebcf3c029447012.jpg,1,Bad,115,182,322,405.5,130571,True,,4,4,4,"[234.109, 543.574, 2, 252.392, 318.572, 2, 336.188, 259.181, 2, 152, 370, 2]"
train,229,229,bad_posture_20241021_143948_png.rf.3f8e32747c7b5a6af3f5b45aef4dd8bc.jpg,1,Bad,119,185,323,406,131138,True,,4,4,4,"[255.439, 542.432, 2, 258.486, 332.278, 2, 349.9, 258.039, 2, 150.667, 368, 2]"
train,230,230,image_20241008_200649_jpg.rf.42792422e5ed0f570f959b6cb7d76779.jpg,2,Good,86,52,355,494,175370,True,,4,4,4,"[223.444, 510.452, 2, 185.355, 237.48, 2, 211.256, 127.835, 2, 133.333, 323, 2]"
train,231,231,good_posture_20241021_141636_png.rf.40c0cf5ae5241fff3bfc3d1eac885786.jpg,2,Good,134,109,338,470,158860,True,,4,4,4,"[224.968, 536.721, 2, 208.209, 301.44, 2, 237.156, 190.653, 2, 164, 390, 2]"
train,232,232,image_20241008_201334_jpg.rf.400d290f0ab9dbf2bf39aa94aae3e964.jpg,2,Good,103,42,364,512,186368,True,,4,4,4,"[229.539, 503.599, 2, 234.109, 218.064, 2, 258.486, 138.114, 2, 160, 291, 2]"
train,233,233,good_posture_20241013_225743_png.rf.3b812ccf74f235b49209ce40410ccd4d.jpg,2,Good,123,3,315,464,146160,True,,4,4,4,"[203.638, 435.071, 2, 197.544, 175.805, 2, 244.774, 63.875, 2, 154.667, 269, 2]"
train,234,234,bad_posture_20241021_142448_png.rf.3d1d4eaf6f4bcf9693c12ec03f558b6c.jpg,1,Bad,160,215,380.5,356.5,135648.25,True,,4,4,4,"[256.963, 534.437, 2, 351.423, 328.852, 2, 439.789, 274.029, 2, 226.667, 340, 2]"
train,235,235,bad_posture_20241021_141725_png.rf.413be557d70af63d6167cb7aafd54cc6.jpg,1,Bad,136,139,292,456,133152,True,,4,4,4,"[229.539, 519.589, 2, 208.209, 284.308, 2, 316.381, 222.632, 2, 145.333, 370, 2]"
train,236,236,good_posture_20241012_174341_png.rf.3ff07b605a1398058f9ff2a54572a31a.jpg,2,Good,111,53,288,502,144576,True,,4,4,4,"[208.209, 478.472, 2, 176.214, 242.049, 2, 206.685, 127.835, 2, 133.333, 303, 2]"
train,237,237,bad_posture_20241021_145134_png.rf.39ef3cc31258fb61e2ec3c7790d72e77.jpg,1,Bad,119,163,451,439.5,198214.5,True,,4,4,4,"[208.209, 547, 2, 384.941, 316.288, 2, 467.213, 260.323, 2, 253.333, 351, 2]"
train,238,238,bad_posture_20241021_142601_png.rf.37ffa45d5fc89944a645eb1a0a1d8757.jpg,1,Bad,142,143,277,428,118556,True,,4,4,4,"[258.486, 541.29, 2, 244.774, 318.572, 2, 295.051, 224.917, 2, 165.333, 361, 2]"
train,239,239,bad_posture_20241021_143705_png.rf.443355501ea968ca5a43241a8ffa22c2.jpg,1,Bad,119,186,326,379.5,123717,True,,4,4,4,"[220.397, 536.721, 2, 266.104, 331.136, 2, 352.947, 262.607, 2, 157.333, 369, 2]"
train,240,240,bad_posture_20241021_180513_png.rf.40db3268c827839853278b39eb8bc96f.jpg,1,Bad,166,122,296.5,495,146767.5,True,,4,4,4,"[247.821, 576.696, 2, 331.617, 303.724, 2, 378.847, 213.495, 2, 225.333, 370, 2]"
train,241,241,good_posture_20241013_222638_png.rf.44f12601fc184bab83639a4eeedfcc7e.jpg,1,Bad,119,56,335,409,137015,True,,4,4,4,"[264.58, 419.081, 2, 205.162, 203.216, 2, 292.004, 133.546, 2, 133.333, 253, 2]"
train,242,242,image_20241008_201104_jpg.rf.451575ce4c9e1338b56ca9e927507e1d.jpg,1,Bad,22,85,417,474,197658,True,,4,4,4,"[223.193, 501.653, 2, 98.513, 256.897, 2, 160.979, 160.957, 2, 45.333, 346, 2]"
train,243,243,bad_posture_20241021_144118_png.rf.45fd4518616a023f1bf4ff52c81a7b2f.jpg,2,Good,134,136,294,471.5,138621,True,,4,4,4,"[232.586, 515.021, 2, 212.779, 291.161, 2, 273.722, 204.358, 2, 177.333, 378, 2]"
train,244,244,bad_posture_20241012_173222_png.rf.45f3af8f3bc40181e99426f39d41ca21.jpg,1,Bad,132,85,363,488.5,177325.5,True,,4,4,4,"[229.539, 501.315, 2, 221.921, 252.328, 2, 288.957, 158.673, 2, 156, 336, 2]"
train,245,245,bad_posture_20241013_225714_png.rf.443b5909f523c9ee7a4810ef024ed433.jpg,1,Bad,130,38,383,439,168137,True,,4,4,4,"[217.35, 430.502, 2, 307.24, 183.8, 2, 372.753, 112.987, 2, 225.333, 222, 2]"
train,246,246,image_20241009_152252_jpg.rf.46f6c82023b018890e463115dcdd5733.jpg,1,Bad,71,60,401,445.5,178645.5,True,,4,4,4,"[237.156, 468.193, 2, 189.926, 236.338, 2, 241.727, 128.977, 2, 120, 313, 2]"
train,247,247,good_posture_20241021_142755_png.rf.44e116974e67cbfd8d381eeae5c3b9bf.jpg,2,Good,134,126,289.5,463.5,134183.25,True,,4,4,4,"[214.303, 561.848, 2, 211.256, 301.44, 2, 266.104, 205.5, 2, 153.333, 376, 2]"
train,248,248,bad_posture_20241012_172726_png.rf.4444747c5424449649beb55da4e0a1d2.jpg,1,Bad,96,114,344,451,155144,True,,4,4,4,"[234.109, 496.604, 2, 196.02, 261.323, 2, 276.769, 191.653, 2, 137.333, 332, 2]"
train,249,249,good_posture_20241021_142330_png.rf.45f44a5ce97e9ae414b99bf0f7d294f7.jpg,2,Good,171,27,215.5,574.5,123804.75,True,,4,4,4,"[247.821, 564.133, 2, 241.727, 298.014, 2, 278.755, 196.822, 2, 200, 364, 2]"
train,250,250,bad_posture_20241021_143653_png.rf.47a601d44514682ce563d73814eb1c55.jpg,1,Bad,113,181,321,401,128721,True,,4,4,4,"[244, 534, 2, 298.099, 315.146, 2, 342.282, 250.044, 2, 162.667, 361, 2]"
train,251,251,image_20241008_203730_jpg.rf.49ba9d7f6ad83b2be111590e76f4f391.jpg,1,Bad,4,87,399,483.5,192916.5,True,,4,4,4,"[171.643, 517.163, 2, 96.989, 268.176, 2, 182.308, 161.957, 2, 18.667, 332, 2]"
train,252,252,image_20241007_222736_jpg.rf.4a80cc5abd1055b3c8b1d475972c2093.jpg,1,Bad,29,106,406.5,458,186177,True,,4,4,4,"[225.648, 509.247, 2, 153.361, 254.612, 2, 243.251, 170.094, 2, 50.667, 331, 2]"
train,253,253,bad_posture_20241021_142856_png.rf.49044eb99b48026de58a4d6de343be2c.jpg,1,Bad,102,170,317,402,127434,True,,4,4,4,"[231.062, 542.432, 2, 229.539, 332.278, 2, 319.429, 246.617, 2, 140, 367, 2]"
train,254,254,image_20241009_224659_jpg.rf.455cdd67f9795c08ba1be20a12d4cda4.jpg,2,Good,76,20,401.5,510.5,204965.75,True,,4,4,4,"[244.774, 488.751, 2, 235.633, 180.373, 2, 224.968, 84.433, 2, 161.333, 237, 2]"
train,255,255,image_20241007_214451_jpg.rf.4c57b5c34d81a150fec002d5150059c1.jpg,2,Good,60,62,356,519.5,184942,True,,4,4,4,"[182.308, 529.868, 2, 182.308, 226.059, 2, 199.067, 131.261, 2, 117.333, 303, 2]"
train,256,256,bad_posture_20241013_221128_png.rf.4614d89c343542e5a722b26a16b6f2e0.jpg,1,Bad,117,33,300.5,426,128013,True,,4,4,4,"[253.915, 413.37, 2, 208.209, 192.937, 2, 304.193, 122.124, 2, 130.667, 242, 2]"
train,257,257,bad_posture_20241021_143534_png.rf.4d1e01ad50bd8647799c72dac25cb570.jpg,1,Bad,113,195,292,385.5,112566,True,,4,4,4,"[186.879, 551.569, 2, 234.109, 312.862, 2, 308.763, 256.897, 2, 130.667, 382, 2]"
train,258,258,image_20241007_222736_jpg.rf.4c36390a9cb9d070de7da6dd0cb7eca9.jpg,1,Bad,29,106,406.5,458,186177,True,,4,4,4,"[225.648, 509.247, 2, 153.361, 254.612, 2, 243.251, 170.094, 2, 50.667, 331, 2]"
train,259,259,good_posture_20241021_142205_png.rf.4b4460e0a4bbe41d8a8ccb5464f43fa8.jpg,2,Good,180,125,219,446.5,97783.5,True,,4,4,4,"[256.963, 534.437, 2, 263.057, 307.151, 2, 293.528, 198.648, 2, 208, 351, 2]"
train,260,260,bad_posture_20241021_143616_png.rf.4d4f84aa93e3559c5bc143d31a6137c3.jpg,1,Bad,128,176,302.5,412,124630,True,,4,4,4,"[224.968, 516.163, 2, 267.627, 311.719, 2, 348.376, 255.755, 2, 156, 366, 2]"
train,261,261,bad_posture_20241013_221410_png.rf.510f8559bc222475e7db1b83ef672964.jpg,1,Bad,138,33,348,446.5,155382,True,,4,4,4,"[269.151, 455.629, 2, 256.963, 210.069, 2, 337.711, 118.698, 2, 162.667, 295, 2]"
train,262,262,good_posture_20241013_222721_png.rf.4a46a1fabe1d7a7bb8653a2e66d5c66a.jpg,2,Good,164,5,246.5,502.5,123866.25,True,,4,4,4,"[238.68, 446.492, 2, 232, 170, 2, 278.292, 71.87, 2, 180, 204, 2]"
train,263,263,good_posture_20241021_142223_png.rf.516d63215380864b7c20ba229f3a7eb4.jpg,2,Good,151,123,324,457,148068,True,,4,4,4,"[250.868, 532.153, 2, 235.633, 299.156, 2, 253.915, 195.221, 2, 177.333, 379, 2]"
train,264,264,good_posture_20241021_142336_png.rf.4ba02b00727131e88ad643249f0ea804.jpg,2,Good,166,126,333,455.5,151681.5,True,,4,4,4,"[252.392, 547, 2, 240.203, 296.872, 2, 285.91, 205.5, 2, 194.667, 380, 2]"
train,265,265,bad_posture_20241021_145555_png.rf.4aa979b00eea7b0d6c07c7b119897c74.jpg,1,Bad,113,170,333,431.5,143689.5,True,,4,4,4,"[199.067, 554.996, 2, 228.015, 310.577, 2, 328.57, 255.755, 2, 132, 364, 2]"
train,266,266,good_posture_20241013_222750_png.rf.4ef90e53e27b6d11907e1347da058ecd.jpg,2,Good,161,6,240,478,114720,True,,4,4,4,"[243.251, 431.644, 2, 238.68, 163.241, 2, 264.58, 74.154, 2, 186.667, 222, 2]"
train,267,267,bad_posture_20241021_144048_png.rf.516b88b5e1de56614ad3f5de8ea27668.jpg,1,Bad,125,182,317,408.5,129494.5,True,,4,4,4,"[223.444, 545.858, 2, 272.198, 331.136, 2, 337.711, 255.755, 2, 165.333, 361, 2]"
train,268,268,good_posture_20241013_222710_png.rf.4cc366f4c8eb868e12e7f89bbc453c45.jpg,2,Good,168,0,249,507,126243,True,,4,4,4,"[255.439, 447.634, 2, 256.963, 163.241, 2, 288.957, 79.865, 2, 202.667, 226, 2]"
train,269,269,bad_posture_20241021_145122_png.rf.4b252421de3caaec047094d88f869e0b.jpg,1,Bad,111,193,448,383.5,171808,True,,4,4,4,"[218.874, 525.3, 2, 384.941, 325.425, 2, 462.643, 268.318, 2, 246.667, 359, 2]"
train,270,270,bad_posture_20241021_144100_png.rf.4d04a646cabc534f056cba47c67a12a9.jpg,1,Bad,116,183,329.5,391.5,128999.25,True,,4,4,4,"[208.209, 559.564, 2, 266.104, 327.709, 2, 340.758, 260.323, 2, 161.333, 358, 2]"
train,271,271,bad_posture_20241021_143747_png.rf.5262fcbd048d2bc8ffc9369ab8f72686.jpg,1,Bad,111,175,338,430.5,145509,True,,4,4,4,"[224.968, 532.153, 2, 238.68, 318.572, 2, 331.617, 242.049, 2, 145.333, 354, 2]"
train,272,272,bad_posture_20241021_144000_png.rf.4fedd1b61395d6e05ce01e40238cc886.jpg,1,Bad,121,183,359,384.5,138035.5,True,,4,4,4,"[214.303, 532.153, 2, 253.915, 316.288, 2, 337.711, 261.465, 2, 153.333, 369, 2]"
train,273,273,bad_posture_20241013_225746_png.rf.52f4fc9c9c985068481194616632bef9.jpg,1,Bad,107,9,364.5,471,171679.5,True,,4,4,4,"[249.345, 427.076, 2, 197.544, 164.383, 2, 311.811, 102.708, 2, 130.667, 290, 2]"
train,274,274,good_posture_20241013_225738_png.rf.49dde5bf40504ae348c3d05d4a75d82f.jpg,2,Good,117,6,311,452,140572,True,,4,4,4,"[189.926, 429.36, 2, 196.02, 167.81, 2, 231.062, 67.301, 2, 136, 211, 2]"
train,275,275,bad_posture_20241021_145335_png.rf.521e2285ad314459480aa08f152379c3.jpg,1,Bad,143,186,321.5,402,129243,True,,4,4,4,"[215.827, 551.569, 2, 288.957, 314.004, 2, 372.753, 260.323, 2, 172, 372, 2]"
train,276,276,bad_posture_20241021_143020_png.rf.51bd6b7c7983855b05cdcdccaf456370.jpg,1,Bad,103,191,321.5,390.5,125545.75,True,,4,4,4,"[194.497, 521.873, 2, 220.397, 332.278, 2, 330.093, 255.755, 2, 129.333, 372, 2]"
train,277,277,image_20241009_135224_jpg.rf.5501dcaa0a41a41a9e5dd65b70a671bb.jpg,2,Good,92,49,340.5,472,160716,True,,4,4,4,"[223.444, 479.614, 2, 171.643, 205.5, 2, 196.02, 103.85, 2, 145.333, 310, 2]"
train,278,278,good_posture_20241021_141707_png.rf.52c4ae2019f1a34b9f61654abcb6b3d0.jpg,1,Bad,124,132,274.5,463.5,127230.75,True,,4,4,4,"[257.073, 539.471, 2, 186.879, 308.293, 2, 292.004, 219.206, 2, 149.333, 399, 2]"
train,279,279,good_posture_20241021_142342_png.rf.4fdad88c2fe0431dc2ef26c8f0b27587.jpg,2,Good,181,124,288,465,133920,True,,4,4,4,"[260.01, 548, 2, 256.963, 291.019, 2, 305.716, 196.221, 2, 197.333, 379, 2]"
train,280,280,good_posture_20241012_174311_png.rf.50aa111915d5696ae52a9a9f4fdea858.jpg,2,Good,62,51,325.5,460.5,149892.75,True,,4,4,4,"[188.403, 459.056, 2, 177.738, 222.632, 2, 217.35, 126.693, 2, 137.333, 268, 2]"
train,281,281,good_posture_20241021_142153_png.rf.53ff9cef124a7c432308ec8797d6b7e9.jpg,2,Good,193,118,280.5,472,132396,True,,4,4,4,"[275.245, 545.858, 2, 273.722, 294.587, 2, 301.146, 202.074, 2, 220, 364, 2]"
train,282,282,image_20241009_225721_jpg.rf.5236c77f62c8492e23c7e1beb59dbf4f.jpg,1,Bad,65,39,370,504.5,186665,True,,4,4,4,"[226.491, 479.614, 2, 138.125, 224.917, 2, 208.209, 128.977, 2, 81.333, 294, 2]"
train,283,283,good_posture_20241021_141649_png.rf.55228561beba275e28e11a82e618a08a.jpg,2,Good,153,112,246,466,114636,True,,4,4,4,"[221.921, 540.148, 2, 221.921, 294.587, 2, 246.298, 196.363, 2, 165.333, 337, 2]"
train,284,284,bad_posture_20241021_180513_png.rf.554e806fdbaf4244392d7b4959e6d1a7.jpg,1,Bad,166,122,296.5,495,146767.5,True,,4,4,4,"[247.821, 576.696, 2, 331.617, 303.724, 2, 378.847, 213.495, 2, 225.333, 370, 2]"
train,285,285,good_posture_20241021_180555_png.rf.571494939c14ef7f2e2a3a20e01ef43a.jpg,2,Good,174,103,315,505.5,159232.5,True,,4,4,4,"[273.722, 566.417, 2, 276.769, 298.014, 2, 323.999, 192.937, 2, 206.667, 382, 2]"
train,286,286,bad_posture_20241021_143245_png.rf.5444765c2b95f70b79738dbd52068113.jpg,1,Bad,120,189,363.5,422,153397,True,,4,4,4,"[199.067, 545.858, 2, 264.58, 320.857, 2, 357.517, 264.892, 2, 152, 371, 2]"
train,287,287,good_posture_20241021_180549_png.rf.55ad771bf0e6b6a29d4a0185a09ddb9d.jpg,2,Good,160,96,320.5,507,162493.5,True,,4,4,4,"[272.198, 541.29, 2, 285.91, 295.729, 2, 328.57, 190.653, 2, 216, 368, 2]"
train,288,288,good_posture_20241021_141958_png.rf.55da3a2ce06cbec85597d828547b8dba.jpg,2,Good,147,101,270,472.5,127575,True,,4,4,4,"[229.539, 521.873, 2, 226.491, 291.161, 2, 241.727, 188.368, 2, 198.667, 361, 2]"
train,289,289,good_posture_20241013_222732_png.rf.593e5b73ee082fa508f3b041265236af.jpg,2,Good,159,11,260,483,125580,True,,4,4,4,"[238.68, 433.929, 2, 234.109, 170.094, 2, 272.198, 78.723, 2, 182.667, 235, 2]"
train,290,290,good_posture_20241021_141335_png.rf.529c2f79c2e3de57f14d4634ac9b841d.jpg,2,Good,134,102,268,485.5,130114,True,,4,4,4,"[228.015, 525.3, 2, 214.303, 299.156, 2, 247.821, 199.79, 2, 158.667, 349, 2]"
train,291,291,bad_posture_20241012_173040_png.rf.5a625be41364d000b584793957654a32.jpg,1,Bad,111,136,377.5,436,164590,True,,4,4,4,"[180.785, 504.741, 2, 231.062, 269.46, 2, 302.669, 203.216, 2, 144, 329, 2]"
train,292,292,good_posture_20241021_142159_png.rf.5a1152d976abbafa61d09e6bead31579.jpg,2,Good,182,103,303.5,477.5,144921.25,True,,4,4,4,"[281.34, 543.574, 2, 272.198, 295.729, 2, 308.763, 197.505, 2, 210.667, 369, 2]"
train,293,293,bad_posture_20241012_172807_png.rf.5c14c298dfada9c74703a7d383131e14.jpg,1,Bad,118,139,363,412.5,149737.5,True,,4,4,4,"[234.109, 494.462, 2, 256.963, 275.171, 2, 328.57, 208.927, 2, 156, 328, 2]"
train,294,294,good_posture_20241021_180312_png.rf.5cb65bcda8dd67d68094b757c67d9553.jpg,2,Good,189,102,289,500,144500,True,,4,4,4,"[270.675, 552.711, 2, 260.01, 301.44, 2, 301.146, 183.8, 2, 221.333, 338, 2]"
train,295,295,good_posture_20241012_174401_png.rf.550aa8e214ee50aee8aff425ebff79ff.jpg,2,Good,127,56,379,481.5,182488.5,True,,4,4,4,"[199.067, 461.34, 2, 192.973, 216.922, 2, 244.774, 109.561, 2, 152, 308, 2]"
train,296,296,bad_posture_20241013_220329_png.rf.5c5271e230a21472e624992741635b28.jpg,1,Bad,143,44,356,485.5,172838,True,,4,4,4,"[288.957, 443.066, 2, 253.915, 204.358, 2, 342.282, 127.835, 2, 160, 281, 2]"
train,297,297,bad_posture_20241012_172107_png.rf.60103f979a2b233515d7e6b699b97b95.jpg,1,Bad,144,143,368,407.5,149960,True,,4,4,4,"[244.774, 505.884, 2, 247.821, 264.892, 2, 317.905, 210.069, 2, 157.333, 321, 2]"
train,298,298,image_20241008_202735_jpg.rf.5f402ec511205630b53ae6b1021d2e18.jpg,1,Bad,13,61,390.5,548.5,214189.25,True,,4,4,4,"[182.308, 521.873, 2, 98.513, 243.191, 2, 164.026, 134.688, 2, 38.667, 340, 2]"
train,299,299,good_posture_20241021_180549_png.rf.5d1e28c84ced36cab22c2e986b16380c.jpg,2,Good,160,96,320.5,507,162493.5,True,,4,4,4,"[272.198, 541.29, 2, 285.91, 295.729, 2, 328.57, 190.653, 2, 216, 368, 2]"
train,300,300,bad_posture_20241021_142536_png.rf.5f76ec6d5c76b42cbac61a7bbfb3da77.jpg,1,Bad,172,212,365.5,343.5,125549.25,True,,4,4,4,"[215.827, 527.584, 2, 340.758, 321.999, 2, 451.978, 293.445, 2, 220, 358, 2]"
train,301,301,bad_posture_20241012_173040_png.rf.5d6e0d54e52876cadafaa4203399786c.jpg,1,Bad,111,136,377.5,436,164590,True,,4,4,4,"[180.785, 504.741, 2, 231.062, 269.46, 2, 302.669, 203.216, 2, 144, 329, 2]"
train,302,302,bad_posture_20241013_215714_png.rf.61485122e412febf1c3fe18bee58aa9c.jpg,1,Bad,58,51,301.5,437.5,131906.25,True,,4,4,4,"[208.209, 425.934, 2, 107.654, 214.637, 2, 186.879, 127.835, 2, 61.333, 291, 2]"
train,303,303,bad_posture_20241021_141737_png.rf.6306ca9f641b1006206b9780812b47e5.jpg,1,Bad,128,170,301,424.5,127774.5,True,,4,4,4,"[215.827, 541.29, 2, 290.481, 332.278, 2, 359.041, 258.039, 2, 161.333, 357, 2]"
train,304,304,good_posture_20241012_174311_png.rf.5e4e2e6420b9e00113316e95dbc4fff1.jpg,2,Good,62,51,325.5,460.5,149892.75,True,,4,4,4,"[188.403, 459.056, 2, 177.738, 222.632, 2, 217.35, 126.693, 2, 137.333, 268, 2]"
train,305,305,good_posture_20241021_141624_png.rf.5cb6ce0a45f72bf778b064662ec74007.jpg,2,Good,136,112,270.5,462,124971,True,,4,4,4,"[220.397, 531.868, 2, 203.638, 278.313, 2, 231.062, 193.795, 2, 169.333, 335, 2]"
train,306,306,image_20241007_214451_jpg.rf.64209af8177995b45e898b7c76f09ba9.jpg,2,Good,60,62,356,519.5,184942,True,,4,4,4,"[182.308, 529.868, 2, 182.308, 226.059, 2, 199.067, 131.261, 2, 117.333, 303, 2]"
train,307,307,bad_posture_20241021_143245_png.rf.6435d4f113fb77b9e049c95ca74e0486.jpg,1,Bad,120,189,363.5,422,153397,True,,4,4,4,"[199.067, 545.858, 2, 264.58, 320.857, 2, 357.517, 264.892, 2, 152, 371, 2]"
train,308,308,bad_posture_20241013_220329_png.rf.5f40e71c2621db7d27e479d0d0aa1d31.jpg,1,Bad,143,44,356,485.5,172838,True,,4,4,4,"[288.957, 443.066, 2, 253.915, 204.358, 2, 342.282, 127.835, 2, 160, 281, 2]"
train,309,309,bad_posture_20241013_220037_png.rf.64d618dae3a200e4532e264c4840e7a2.jpg,1,Bad,120,35,344,496.5,170796,True,,4,4,4,"[226.491, 433.929, 2, 209.732, 202.074, 2, 299.622, 117.555, 2, 136, 277, 2]"
train,310,310,good_posture_20241012_174321_png.rf.5f4746ac40af223d1a9ef233f4130e10.jpg,2,Good,111,64,320,457.5,146400,True,,4,4,4,"[186.879, 465.909, 2, 180.785, 231.77, 2, 199.067, 130.119, 2, 136, 285, 2]"
train,311,311,image_20241008_210538_jpg.rf.61c23e5cc2177c674d00cdb1ae173569.jpg,1,Bad,39,86,333,481.5,160339.5,True,,4,4,4,"[185.355, 513.878, 2, 142.696, 246.617, 2, 200.591, 162.099, 2, 60, 332, 2]"
train,312,312,good_posture_20241013_225742_png.rf.6430fcfab1acf9edf6291ff79575fc6d.jpg,2,Good,126,0,304.5,465,141592.5,True,,4,4,4,"[212.779, 411.086, 2, 205.162, 163.241, 2, 250.868, 67.301, 2, 156, 275, 2]"
train,313,313,image_20241009_224659_jpg.rf.5a48d40426c04c843c9628b70fc55f1a.jpg,2,Good,76,20,401.5,510.5,204965.75,True,,4,4,4,"[244.774, 488.751, 2, 235.633, 180.373, 2, 224.968, 84.433, 2, 161.333, 237, 2]"
train,314,314,bad_posture_20241012_172310_png.rf.65d35caf1021a314b6188990a8f926d9.jpg,1,Bad,160,117,400,443.5,177400,True,,4,4,4,"[258.486, 504.741, 2, 314.858, 274.029, 2, 371.229, 188.368, 2, 221.333, 307, 2]"
train,315,315,bad_posture_20241013_221218_png.rf.5401eaed6ea732be35b6ec74913afd54.jpg,1,Bad,112,33,368.5,437.5,161218.75,True,,4,4,4,"[258.486, 414.512, 2, 232.586, 190.653, 2, 292.004, 117.555, 2, 126.667, 233, 2]"
train,316,316,bad_posture_20241021_141755_png.rf.65a2e58d31958a39d23d16c8ceab9ae6.jpg,1,Bad,126,188,330.5,410,135505,True,,4,4,4,"[215.827, 541.29, 2, 272.198, 327.709, 2, 369.706, 276.313, 2, 157.333, 376, 2]"
train,317,317,bad_posture_20241013_221128_png.rf.64b10ef13174ecba5f0f719dad089d86.jpg,1,Bad,117,33,300.5,426,128013,True,,4,4,4,"[253.915, 413.37, 2, 208.209, 192.937, 2, 304.193, 122.124, 2, 130.667, 242, 2]"
train,318,318,good_posture_20241021_180607_png.rf.6739ab1edb782b8dfe90e7251b927491.jpg,2,Good,174,106,344,512,176128,True,,4,4,4,"[276.769, 584.691, 2, 269.151, 321.999, 2, 314.858, 191.795, 2, 200, 399, 2]"
train,319,319,bad_posture_20241021_141436_png.rf.65e7c4c15eb2c23a561ccdd39fbfcb93.jpg,1,Bad,135,153,306.5,448,137312,True,,4,4,4,"[255.439, 536.721, 2, 267.627, 320.857, 2, 337.711, 248.902, 2, 153.333, 387, 2]"
train,320,320,good_posture_20241021_142755_png.rf.64e169efe292b0d92226c1b95eee3d45.jpg,2,Good,134,126,289.5,463.5,134183.25,True,,4,4,4,"[214.303, 561.848, 2, 211.256, 301.44, 2, 266.104, 205.5, 2, 153.333, 376, 2]"
train,321,321,good_posture_20241021_142755_png.rf.66cd3b00eb8c2d26c3a0dc04927b4bc9.jpg,2,Good,134,126,289.5,463.5,134183.25,True,,4,4,4,"[214.303, 561.848, 2, 211.256, 301.44, 2, 266.104, 205.5, 2, 153.333, 376, 2]"
train,322,322,bad_posture_20241021_142601_png.rf.6589eeec635e63a58b1c6dbcf4e740e1.jpg,1,Bad,142,143,277,428,118556,True,,4,4,4,"[258.486, 541.29, 2, 244.774, 318.572, 2, 295.051, 224.917, 2, 165.333, 361, 2]"
train,323,323,good_posture_20241013_225741_png.rf.6941bcbb04993866436d3312ea1aa44f.jpg,2,Good,122,3,284.5,463,131723.5,True,,4,4,4,"[208.209, 408.801, 2, 206.685, 159.815, 2, 249.345, 62.733, 2, 156, 213, 2]"
train,324,324,bad_posture_20241021_143817_png.rf.6764145f0dab336544ad024f14901db1.jpg,1,Bad,126,192,344,388.5,133644,True,,4,4,4,"[247.821, 534.437, 2, 308.763, 318.572, 2, 375.8, 267.176, 2, 178.667, 348, 2]"
train,325,325,bad_posture_20241021_143239_png.rf.68ff3dabef8ffa88deaec22dee2cf2d5.jpg,1,Bad,119,180,336,412,138432,True,,4,4,4,"[218.874, 544.716, 2, 263.057, 319.714, 2, 359.041, 267.176, 2, 165.333, 352, 2]"
train,326,326,image_20241008_203730_jpg.rf.6b6062891c1d98f37417e6c159a73b81.jpg,1,Bad,4,87,399,483.5,192916.5,True,,4,4,4,"[171.643, 517.163, 2, 96.989, 268.176, 2, 182.308, 161.957, 2, 18.667, 332, 2]"
train,327,327,bad_posture_20241021_142123_png.rf.70ce01198ac54f6f1294bc55f7054c38.jpg,1,Bad,111,180,403.5,422.5,170478.75,True,,4,4,4,"[179.261, 541.29, 2, 250.868, 320.857, 2, 366.659, 269.46, 2, 157.333, 368, 2]"
train,328,328,bad_posture_20241012_172310_png.rf.7062f60fe56b920ecc719d3f3b83862a.jpg,1,Bad,160,117,400,443.5,177400,True,,4,4,4,"[258.486, 504.741, 2, 314.858, 274.029, 2, 371.229, 188.368, 2, 221.333, 307, 2]"
train,329,329,good_posture_20241021_142318_png.rf.6a1f27ab2a247590de810e827ee6b731.jpg,2,Good,157,119,234.5,452.5,106111.25,True,,4,4,4,"[246.298, 542.432, 2, 238.68, 296.872, 2, 252.392, 197.505, 2, 201.333, 356, 2]"
train,330,330,bad_posture_20241021_144638_png.rf.6ed2a45f820cb156bc418731a9f11d0d.jpg,1,Bad,132,216,376.5,338,127257,True,,4,4,4,"[226.491, 533.295, 2, 299.622, 332.278, 2, 412.365, 288.877, 2, 176, 366, 2]"
train,331,331,bad_posture_20241021_143008_png.rf.6cd9b1e6f3b75c8246be9c8880822b6b.jpg,1,Bad,109,182,356.5,427,152225.5,True,,4,4,4,"[206.875, 543.574, 2, 229.729, 320.857, 2, 328.76, 266.034, 2, 126.667, 365, 2]"
train,332,332,good_posture_20241012_172057_png.rf.71b7627c08bdb8d2fe852d499e0c9cff.jpg,1,Bad,136,135,304,442.5,134520,True,,4,4,4,"[244.964, 509.31, 2, 240.394, 270.602, 2, 330.283, 213.495, 2, 148, 352, 2]"
train,333,333,good_posture_20241013_222638_png.rf.696d0c1fed86072e02257c39016c2528.jpg,1,Bad,119,56,335,409,137015,True,,4,4,4,"[264.58, 419.081, 2, 205.162, 203.216, 2, 292.004, 133.546, 2, 133.333, 253, 2]"
train,334,334,good_posture_20241021_141542_png.rf.674e053d01aacf3117aed4bfa338fe05.jpg,2,Good,147,105,262.5,480,126000,True,,4,4,4,"[226.491, 524.158, 2, 217.35, 294.587, 2, 253.915, 192.937, 2, 172, 355, 2]"
train,335,335,bad_posture_20241021_142914_png.rf.6f9b9047c25e931496da93ffa18e5752.jpg,1,Bad,128,186,360.5,421.5,151950.75,True,,4,4,4,"[209.732, 528.726, 2, 237.156, 321.999, 2, 354.47, 264.892, 2, 140, 417, 2]"
train,336,336,image_20241008_202917_jpg.rf.6ef80c65011a334d84e3469a03e88036.jpg,1,Bad,0,57,408,488.5,199308,True,,4,4,4,"[197.436, 487.343, 2, 93.942, 242.049, 2, 157.931, 135.83, 2, 13.333, 296, 2]"
train,337,337,bad_posture_20241013_222740_png.rf.6ee53ef53b06a6c43df4ace82be23d7a.jpg,1,Bad,134,36,289.5,417.5,120866.25,True,,4,4,4,"[266.104, 429.36, 2, 232.586, 182.658, 2, 301.146, 101.566, 2, 138.667, 277, 2]"
train,338,338,image_20241009_143702_jpg.rf.71a50439f29c4ffcc7e0511d8a2c0de9.jpg,1,Bad,79,105,353,414,146142,True,,4,4,4,"[255.439, 469.324, 2, 209.732, 240.896, 2, 313.334, 175.794, 2, 112, 318, 2]"
train,339,339,bad_posture_20241021_144407_png.rf.6b070a07b32d4d8424a75b3eca4176c0.jpg,1,Bad,126,163,353.5,406.5,143697.75,True,,4,4,4,"[256.963, 537.863, 2, 267.627, 327.709, 2, 295.051, 251.186, 2, 150.667, 368, 2]"
train,340,340,good_posture_20241013_225743_png.rf.6c388dc051c17698b210c6cfc763413e.jpg,2,Good,123,3,315,464,146160,True,,4,4,4,"[203.638, 435.071, 2, 197.544, 175.805, 2, 244.774, 63.875, 2, 154.667, 269, 2]"
train,341,341,bad_posture_20241021_143139_png.rf.6d21c903edefbb5159ae78a9f01b3269.jpg,1,Bad,92,175,341.5,418,142747,True,,4,4,4,"[180.975, 533.295, 2, 182.499, 333.42, 2, 255.629, 247.76, 2, 97.333, 382, 2]"
train,342,342,bad_posture_20241021_145211_png.rf.6c0a085f979a3d09d8dc8bcd28a4ee9d.jpg,1,Bad,104,209,496,394,195424,True,,4,4,4,"[182.499, 539.006, 2, 365.325, 326.567, 2, 467.404, 291.161, 2, 244, 352, 2]"
train,343,343,good_posture_20241013_222750_png.rf.6bf1375bbcf78b64e80849c2db4d63c9.jpg,2,Good,161,6,240,478,114720,True,,4,4,4,"[243.251, 431.644, 2, 238.68, 163.241, 2, 264.58, 74.154, 2, 186.667, 222, 2]"
train,344,344,good_posture_20241021_141713_png.rf.6c89ea9fbde0debbc90169020fd15f02.jpg,1,Bad,119,130,347,439.5,152506.5,True,,4,4,4,"[255.439, 535.579, 2, 202.115, 295.729, 2, 302.669, 220.348, 2, 138.667, 373, 2]"
train,345,345,good_posture_20241021_142153_png.rf.6b8b9daa24766b0fd7dfe081ba5c504c.jpg,2,Good,193,118,280.5,472,132396,True,,4,4,4,"[275.245, 545.858, 2, 273.722, 294.587, 2, 301.146, 202.074, 2, 220, 364, 2]"
train,346,346,good_posture_20241012_174331_png.rf.69218c897265290334bcd3e8e236c690.jpg,2,Good,111,53,473.5,518,245273,True,,4,4,4,"[176.214, 467.051, 2, 176.214, 231.77, 2, 206.685, 118.698, 2, 142.667, 324, 2]"
train,347,347,bad_posture_20241012_172726_png.rf.6f7eed2cd768313d4443c71399348e49.jpg,1,Bad,96,114,344,451,155144,True,,4,4,4,"[234.109, 496.604, 2, 196.02, 261.323, 2, 276.769, 191.653, 2, 137.333, 332, 2]"
train,348,348,bad_posture_20241021_144143_png.rf.71e440995484c622c1fd840aec7bb841.jpg,1,Bad,174,121,222,440.5,97791,True,,4,4,4,"[237.156, 535.579, 2, 269.151, 304.867, 2, 310.287, 207.785, 2, 201.333, 344, 2]"
train,349,349,bad_posture_20241021_142111_png.rf.71eb50bb399a72995b18a75eea2b6792.jpg,1,Bad,137,159,302.5,434,131285,True,,4,4,4,"[203.638, 554.996, 2, 218.874, 306.009, 2, 345.329, 248.902, 2, 152, 368, 2]"
train,350,350,bad_posture_20241013_220329_png.rf.7391747e35777b9cccc99d03692c3c7b.jpg,1,Bad,143,44,356,485.5,172838,True,,4,4,4,"[288.957, 443.066, 2, 253.915, 204.358, 2, 342.282, 127.835, 2, 160, 281, 2]"
train,351,351,bad_posture_20241021_145122_png.rf.760013fe9c2eeb4d5f703d6590cc7671.jpg,1,Bad,111,193,448,383.5,171808,True,,4,4,4,"[218.874, 525.3, 2, 384.941, 325.425, 2, 462.643, 268.318, 2, 246.667, 359, 2]"
train,352,352,bad_posture_20241021_145134_png.rf.78072d79cfba79b3449ee462a531f36c.jpg,1,Bad,119,163,451,439.5,198214.5,True,,4,4,4,"[208.209, 547, 2, 384.941, 316.288, 2, 467.213, 260.323, 2, 253.333, 351, 2]"
train,353,353,good_posture_20241021_141317_png.rf.77704611f833f0d7dbf7605448d54924.jpg,1,Bad,154,116,285.5,472,134756,True,,4,4,4,"[231.062, 550.427, 2, 235.633, 300.298, 2, 290.481, 205.5, 2, 173.333, 371, 2]"
train,354,354,good_posture_20241013_225734_png.rf.78b82102bae51ef864317a1cc846fb0d.jpg,2,Good,96,0,344,476,163744,True,,4,4,4,"[182.308, 432.786, 2, 176.214, 173.52, 2, 203.638, 63.875, 2, 120, 223, 2]"
train,355,355,bad_posture_20241021_144036_png.rf.71c800aaccc03f2287eff9ed7d86c867.jpg,1,Bad,118,200,350.5,379,132839.5,True,,4,4,4,"[241.727, 526.442, 2, 260.01, 331.136, 2, 365.135, 275.171, 2, 153.333, 379, 2]"
train,356,356,bad_posture_20241021_143924_png.rf.7407a4ef46d060a76172d18a47aef81c.jpg,1,Bad,115,182,322,405.5,130571,True,,4,4,4,"[234.109, 543.574, 2, 252.392, 318.572, 2, 336.188, 259.181, 2, 152, 370, 2]"
train,357,357,bad_posture_20241013_221128_png.rf.759122f47838c06d9e88472ffd56d0da.jpg,1,Bad,117,33,300.5,426,128013,True,,4,4,4,"[253.915, 413.37, 2, 208.209, 192.937, 2, 304.193, 122.124, 2, 130.667, 242, 2]"
train,358,358,bad_posture_20241013_222600_png.rf.763b02ea322cdbe107e1a4f76e08a272.jpg,1,Bad,115,55,371,416,154336,True,,4,4,4,"[260.01, 430.502, 2, 228.015, 207.785, 2, 330.093, 134.688, 2, 144, 279, 2]"
train,359,359,good_posture_20241021_141317_png.rf.74badd80ae03fafb0c84215a63bf501f.jpg,1,Bad,154,116,285.5,472,134756,True,,4,4,4,"[231.062, 550.427, 2, 235.633, 300.298, 2, 290.481, 205.5, 2, 173.333, 371, 2]"
train,360,360,good_posture_20241021_141649_png.rf.78d8401f4668f337aefdded3207aa1a2.jpg,2,Good,153,112,246,466,114636,True,,4,4,4,"[221.921, 540.148, 2, 221.921, 294.587, 2, 246.298, 196.363, 2, 165.333, 337, 2]"
train,361,361,bad_posture_20241021_141755_png.rf.77281eb66e0a303481e338fcbb50b18d.jpg,1,Bad,126,188,330.5,410,135505,True,,4,4,4,"[215.827, 541.29, 2, 272.198, 327.709, 2, 369.706, 276.313, 2, 157.333, 376, 2]"
train,362,362,bad_posture_20241021_142418_png.rf.77bdb020915a6f13a95e0d60558be3bf.jpg,1,Bad,155,204,370.5,368.5,136529.25,True,,4,4,4,"[217.35, 541.29, 2, 327.046, 310.577, 2, 419.983, 279.74, 2, 208, 369, 2]"
train,363,363,bad_posture_20241021_180437_png.rf.733d0fa44df28d50eab6bf25d4bb8627.jpg,1,Bad,158,183,421.5,423.5,178505.25,True,,4,4,4,"[267.627, 570.843, 2, 351.423, 327.567, 2, 458.072, 267.034, 2, 225.333, 365, 2]"
train,364,364,good_posture_20241021_142223_png.rf.793ed03aa3d467da6073664b3895b884.jpg,2,Good,151,123,324,457,148068,True,,4,4,4,"[250.868, 532.153, 2, 235.633, 299.156, 2, 253.915, 195.221, 2, 177.333, 379, 2]"
train,365,365,bad_posture_20241021_143747_png.rf.780456714bcdce33dffa26ed74c81696.jpg,1,Bad,111,175,338,430.5,145509,True,,4,4,4,"[224.968, 532.153, 2, 238.68, 318.572, 2, 331.617, 242.049, 2, 145.333, 354, 2]"
train,366,366,image_20241007_230643_jpg.rf.75048b5d0ac48caaf18479242b6ba6cb.jpg,1,Bad,78,111,368,462.5,170200,True,,4,4,4,"[260.01, 517.305, 2, 234.109, 256.897, 2, 316.381, 174.663, 2, 122.667, 329, 2]"
train,367,367,image_20241008_202917_jpg.rf.789046235e1e117ee7023035c3d2b0ad.jpg,1,Bad,0,57,408,488.5,199308,True,,4,4,4,"[197.436, 487.343, 2, 93.942, 242.049, 2, 157.931, 135.83, 2, 13.333, 296, 2]"
train,368,368,image_20241007_230643_jpg.rf.7c12ab5f5b0666f535cfa8439b32ce10.jpg,1,Bad,78,111,368,462.5,170200,True,,4,4,4,"[260.01, 517.305, 2, 234.109, 256.897, 2, 316.381, 174.663, 2, 122.667, 329, 2]"
train,369,369,good_posture_20241013_222732_png.rf.7b06fe602f93f4e02b9a1afa3a2bae98.jpg,2,Good,159,11,260,483,125580,True,,4,4,4,"[238.68, 433.929, 2, 234.109, 170.094, 2, 272.198, 78.723, 2, 182.667, 235, 2]"
train,370,370,bad_posture_20241021_142536_png.rf.77bc1f619145f0f2651c4ba4cb72ed83.jpg,1,Bad,172,212,365.5,343.5,125549.25,True,,4,4,4,"[215.827, 527.584, 2, 340.758, 321.999, 2, 451.978, 293.445, 2, 220, 358, 2]"
train,371,371,image_20241007_191654_jpg.rf.75329e0160a1967e9f641fd993435eff.jpg,2,Good,42,84,320,469.5,150240,True,,4,4,4,"[148.79, 515.021, 2, 118.319, 238.622, 2, 148.79, 150.678, 2, 58.667, 349, 2]"
train,372,372,good_posture_20241012_172239_png.rf.7c176ae9790f83cc55532fe9cec2eba9.jpg,1,Bad,115,129,357,419.5,149761.5,True,,4,4,4,"[260.01, 509.31, 2, 247.821, 266.034, 2, 298.099, 207.785, 2, 145.333, 344, 2]"
train,373,373,bad_posture_20241013_215714_png.rf.743c06dcd0ee0068aa36835d30f8a981.jpg,1,Bad,58,51,301.5,437.5,131906.25,True,,4,4,4,"[208.209, 425.934, 2, 107.654, 214.637, 2, 186.879, 127.835, 2, 61.333, 291, 2]"
train,374,374,bad_posture_20241021_144000_png.rf.7607af798e516b125b6c30696e008b3d.jpg,1,Bad,121,183,359,384.5,138035.5,True,,4,4,4,"[214.303, 532.153, 2, 253.915, 316.288, 2, 337.711, 261.465, 2, 153.333, 369, 2]"
train,375,375,image_20241007_192602_jpg.rf.7c86836745671731c35e28b26cec54ab.jpg,1,Bad,23,105,347,461.5,160140.5,True,,4,4,4,"[154.884, 512.736, 2, 179.261, 243.191, 2, 261.533, 174.663, 2, 48, 320, 2]"
train,376,376,bad_posture_20241021_142034_png.rf.7c3f7dce02b6e9844fb06e787615aa42.jpg,1,Bad,132,129,308,461.5,142142,True,,4,4,4,"[244.774, 542.432, 2, 224.968, 306.009, 2, 316.381, 215.78, 2, 162.667, 405, 2]"
train,377,377,good_posture_20241021_141958_png.rf.7d683a5556ed27e1e91cdecb2bfe0a34.jpg,2,Good,147,101,270,472.5,127575,True,,4,4,4,"[229.539, 521.873, 2, 226.491, 291.161, 2, 241.727, 188.368, 2, 198.667, 361, 2]"
train,378,378,good_posture_20241012_174401_png.rf.7d395a14338e8b9b211b52055ba66434.jpg,2,Good,127,56,379,481.5,182488.5,True,,4,4,4,"[199.067, 461.34, 2, 192.973, 216.922, 2, 244.774, 109.561, 2, 152, 308, 2]"
train,379,379,good_posture_20241013_222738_png.rf.802542d1e3ce772121b5f1a8143e063c.jpg,2,Good,155,16,270,466,125820,True,,4,4,4,"[246.298, 433.929, 2, 235.633, 176.947, 2, 290.481, 86.718, 2, 176, 261, 2]"
train,380,380,bad_posture_20241021_143504_png.rf.7dd987a7a58246fcf4b641c634f34873.jpg,1,Bad,119,172,282.5,417.5,117943.75,True,,4,4,4,"[218.874, 543.574, 2, 226.492, 310.577, 2, 310.287, 244.333, 2, 129.333, 378, 2]"
train,381,381,image_20241010_173545_jpg.rf.84cabeeeae008f6fd995e00701a0ef6b.jpg,1,Bad,136,89,371,485.5,180120.5,True,,4,4,4,"[295.051, 479.614, 2, 275.245, 230.627, 2, 362.088, 160.957, 2, 161.333, 295, 2]"
train,382,382,good_posture_20241021_141341_png.rf.8325f57b29ea50c2c3e67a858acf3515.jpg,2,Good,130,113,281,469.5,131929.5,True,,4,4,4,"[214.303, 540.148, 2, 215.827, 298.014, 2, 249.345, 194.079, 2, 162.667, 344, 2]"
train,383,383,bad_posture_20241013_222600_png.rf.7e73545ae43cce7684fc53739713ba62.jpg,1,Bad,115,55,371,416,154336,True,,4,4,4,"[260.01, 430.502, 2, 228.015, 207.785, 2, 330.093, 134.688, 2, 144, 279, 2]"
train,384,384,bad_posture_20241021_142713_png.rf.87157b3020aee9f4282845be342a2fc5.jpg,1,Bad,147,153,398,429.5,170941,True,,4,4,4,"[266.104, 537.863, 2, 270.675, 319.714, 2, 343.805, 245.475, 2, 176, 360, 2]"
train,385,385,bad_posture_20241021_143705_png.rf.7f47dd181b955ea5e84725676554a67b.jpg,1,Bad,119,186,326,379.5,123717,True,,4,4,4,"[220.397, 536.721, 2, 266.104, 331.136, 2, 352.947, 262.607, 2, 157.333, 369, 2]"
train,386,386,bad_posture_20241013_222753_png.rf.88af96fc0629eff51c94b24160be93d4.jpg,1,Bad,140,52,311,461,143371,True,,4,4,4,"[258.486, 433.929, 2, 273.722, 181.515, 2, 348.376, 120.982, 2, 166.667, 250, 2]"
train,387,387,good_posture_20241013_225737_png.rf.81ca6efab9eb150c00a5ce58cfe1e158.jpg,2,Good,98,16,336,474,159264,True,,4,4,4,"[180.785, 422.507, 2, 176.214, 183.8, 2, 223.444, 87.86, 2, 116, 280, 2]"
train,388,388,good_posture_20241012_172057_png.rf.7d5c37f992746962648f3100e54f7ed9.jpg,1,Bad,136,135,304,442.5,134520,True,,4,4,4,"[244.964, 509.31, 2, 240.394, 270.602, 2, 330.283, 213.495, 2, 148, 352, 2]"
train,389,389,bad_posture_20241021_141448_png.rf.8819c1af78fe753ddaa6b78b4a03c483.jpg,1,Bad,111,139,344,443.5,152564,True,,4,4,4,"[231.062, 542.432, 2, 260.01, 320.857, 2, 328.57, 234.054, 2, 156, 381, 2]"
train,390,390,good_posture_20241021_180607_png.rf.82c94bce337c0f8f94135ed87e3fb330.jpg,2,Good,174,106,344,512,176128,True,,4,4,4,"[276.769, 584.691, 2, 269.151, 321.999, 2, 314.858, 191.795, 2, 200, 399, 2]"
train,391,391,good_posture_20241021_142342_png.rf.86dbd23c7dcfe98d6434d1d919b75be5.jpg,2,Good,181,124,288,465,133920,True,,4,4,4,"[260.01, 548, 2, 256.963, 291.019, 2, 305.716, 196.221, 2, 197.333, 379, 2]"
train,392,392,bad_posture_20241021_143948_png.rf.8a78740d6419c7e478c725d3e032b326.jpg,1,Bad,119,185,323,406,131138,True,,4,4,4,"[255.439, 542.432, 2, 258.486, 332.278, 2, 349.9, 258.039, 2, 150.667, 368, 2]"
train,393,393,bad_posture_20241021_143133_png.rf.7f5408add9ab7433fd1fac7213b0347b.jpg,1,Bad,99,174,352.5,426,150165,True,,4,4,4,"[228.015, 557.28, 2, 221.921, 339.131, 2, 314.858, 255.755, 2, 124, 391, 2]"
train,394,394,good_posture_20241013_222741_png.rf.886bce7ad7e6447aef32e54682b92ea5.jpg,2,Good,144,9,263,486.5,127949.5,True,,4,4,4,"[238.68, 483.041, 2, 232.586, 173.52, 2, 272.198, 71.87, 2, 176, 236, 2]"
train,395,395,bad_posture_20241013_221208_png.rf.8b01f77b9bf904b9fbf7435f4771859c.jpg,1,Bad,105,40,321,460,147660,True,,4,4,4,"[224.968, 406.517, 2, 206.685, 199.79, 2, 266.104, 101.566, 2, 118.667, 256, 2]"
train,396,396,image_20241008_202338_jpg.rf.880f1dbc0ae468e6e5bb84aee35cd653.jpg,2,Good,42,50,416,470.5,195728,True,,4,4,4,"[162.502, 493.32, 2, 162.502, 220.348, 2, 183.832, 124.408, 2, 109.333, 277, 2]"
train,397,397,image_20241007_225038_jpg.rf.7c94c95bfb81aee6c1384a266a0b7c7c.jpg,1,Bad,75,109,354.5,449.5,159347.75,True,,4,4,4,"[246.279, 504.562, 2, 209.732, 256.897, 2, 304.193, 189.51, 2, 117.333, 318, 2]"
train,398,398,bad_posture_20241013_222754_png.rf.847dd82db5d401a756d0bcce048ea83a.jpg,1,Bad,146,49,363,425.5,154456.5,True,,4,4,4,"[256.963, 451.061, 2, 298.099, 203.216, 2, 398.653, 146.109, 2, 173.333, 280, 2]"
train,399,399,good_posture_20241021_141630_png.rf.854284226e2e4d012111a9a31f0c0b07.jpg,2,Good,149,113,252.5,461.5,116528.75,True,,4,4,4,"[224.968, 519.589, 2, 220.397, 286.592, 2, 269.151, 196.363, 2, 174.667, 355, 2]"
train,400,400,image_20241007_225757_jpg.rf.7f4da08ca691354b06ca62313ddaf9a3.jpg,1,Bad,58,105,364,448,163072,True,,4,4,4,"[233.748, 499.022, 2, 200.591, 255.755, 2, 284.387, 181.515, 2, 82.667, 319, 2]"
train,401,401,good_posture_20241013_222721_png.rf.86ce085ca542c141df3cc00fd51b62f0.jpg,2,Good,164,5,246.5,502.5,123866.25,True,,4,4,4,"[238.68, 446.492, 2, 232, 170, 2, 278.292, 71.87, 2, 180, 204, 2]"
train,402,402,image_20241008_200913_jpg.rf.8c784481f51810b72c844bc0572f08bb.jpg,1,Bad,65,85,348.5,466,162401,True,,4,4,4,"[211.256, 499.031, 2, 148.79, 240.907, 2, 237.156, 160.957, 2, 82.667, 333, 2]"
train,403,403,bad_posture_20241013_220642_png.rf.8c77797e06bf42d612b3efbfc31be99b.jpg,1,Bad,141,41,360,462,166320,True,,4,4,4,"[273.722, 432.786, 2, 255.439, 181.515, 2, 334.664, 108.418, 2, 165.333, 256, 2]"
train,404,404,image_20241008_202338_jpg.rf.8bbea81c544f57a5d87e782a69b95aa6.jpg,2,Good,42,50,416,470.5,195728,True,,4,4,4,"[162.502, 493.32, 2, 162.502, 220.348, 2, 183.832, 124.408, 2, 109.333, 277, 2]"
train,405,405,good_posture_20241013_225737_png.rf.8c0f09f957e00bf40bda0bb61ce633b3.jpg,2,Good,98,16,336,474,159264,True,,4,4,4,"[180.785, 422.507, 2, 176.214, 183.8, 2, 223.444, 87.86, 2, 116, 280, 2]"
train,406,406,good_posture_20241021_142318_png.rf.8c8b7dc1d00e13f8e3f47d7a615e838f.jpg,2,Good,157,119,234.5,452.5,106111.25,True,,4,4,4,"[246.298, 542.432, 2, 238.68, 296.872, 2, 252.392, 197.505, 2, 201.333, 356, 2]"
train,407,407,image_20241009_135224_jpg.rf.9347e3e6f465d22ec07415e2d23c7d01.jpg,2,Good,92,49,340.5,472,160716,True,,4,4,4,"[223.444, 479.614, 2, 171.643, 205.5, 2, 196.02, 103.85, 2, 145.333, 310, 2]"
train,408,408,bad_posture_20241021_143735_png.rf.928b5ee96f406558dc8346336dd341c3.jpg,1,Bad,118,187,356.5,374.5,133509.25,True,,4,4,4,"[224.968, 533.295, 2, 272.198, 317.43, 2, 346.852, 260.323, 2, 161.333, 368, 2]"
train,409,409,good_posture_20241021_180318_png.rf.8fcae1e5e845a5ef98c375d3e9f956a3.jpg,2,Good,191,103,290,497.5,144275,True,,4,4,4,"[270.675, 549.285, 2, 267.627, 290.019, 2, 301.146, 184.942, 2, 218.667, 351, 2]"
train,410,410,bad_posture_20241021_145211_png.rf.8ff52e566f058c3103bb3bbcc314b289.jpg,1,Bad,104,209,496,394,195424,True,,4,4,4,"[182.499, 539.006, 2, 365.325, 326.567, 2, 467.404, 291.161, 2, 244, 352, 2]"
train,411,411,image_20241008_210224_jpg.rf.90dbedb9732abf7ac91506b6d094d2cd.jpg,1,Bad,37,95,380.5,474,180357,True,,4,4,4,"[211.256, 501.315, 2, 176.214, 262.607, 2, 275.245, 187.226, 2, 77.333, 336, 2]"
train,412,412,image_20241009_143702_jpg.rf.8d37312188e202c0b36067c3776fa086.jpg,1,Bad,79,105,353,414,146142,True,,4,4,4,"[255.439, 469.324, 2, 209.732, 240.896, 2, 313.334, 175.794, 2, 112, 318, 2]"
train,413,413,good_posture_20241013_225721_png.rf.909f3d00f43f47ec1f2cd75a2fcc0c2e.jpg,2,Good,118,5,266.5,486,129519,True,,4,4,4,"[182.308, 422.507, 2, 177.738, 180.373, 2, 232.586, 68.444, 2, 150.667, 224, 2]"
train,414,414,image_20241010_173545_jpg.rf.8c9d2ff1e3c858c97f0fff32ca07dde5.jpg,1,Bad,136,89,371,485.5,180120.5,True,,4,4,4,"[295.051, 479.614, 2, 275.245, 230.627, 2, 362.088, 160.957, 2, 161.333, 295, 2]"
train,415,415,good_posture_20241021_180312_png.rf.8f76e7a4e744eeb16671143f26b51e7f.jpg,2,Good,189,102,289,500,144500,True,,4,4,4,"[270.675, 552.711, 2, 260.01, 301.44, 2, 301.146, 183.8, 2, 221.333, 338, 2]"
train,416,416,bad_posture_20241012_173020_png.rf.8d79b500ec4c19c51b9b7b5a30aecae0.jpg,1,Bad,120,133,366.5,448,164192,True,,4,4,4,"[151.837, 512.736, 2, 304.193, 284.308, 2, 352.947, 210.069, 2, 172, 311, 2]"
train,417,417,image_20241007_214540_jpg.rf.8d780431f2350ebc24db83907fed2779.jpg,1,Bad,37,116,357.5,433.5,154976.25,True,,4,4,4,"[209.662, 497.376, 2, 174.691, 253.47, 2, 270.675, 184.942, 2, 46.667, 344, 2]"
train,418,418,bad_posture_20241013_225803_png.rf.90e4071704885311db2d15cd3b0f28c4.jpg,1,Bad,96,45,335,427,143045,True,,4,4,4,"[217.35, 424.791, 2, 229.539, 188.368, 2, 311.811, 116.413, 2, 134.667, 254, 2]"
train,419,419,bad_posture_20241012_173121_png.rf.8cc4198c1a6e5345fd7f90aee1623be7.jpg,1,Bad,88,125,347,431.5,149730.5,True,,4,4,4,"[173.167, 515.021, 2, 177.738, 268.318, 2, 264.58, 197.505, 2, 106.667, 350, 2]"
train,420,420,good_posture_20241021_141548_png.rf.93d88491c98c64539eb18a672ca602bd.jpg,2,Good,134,104,275.5,468,128934,True,,4,4,4,"[206.685, 524.016, 2, 202.115, 301.298, 2, 220.397, 197.363, 2, 157.333, 344, 2]"
train,421,421,bad_posture_20241021_145555_png.rf.936915797edffea36afe4ec4d2611c62.jpg,1,Bad,113,170,333,431.5,143689.5,True,,4,4,4,"[199.067, 554.996, 2, 228.015, 310.577, 2, 328.57, 255.755, 2, 132, 364, 2]"
train,422,422,bad_posture_20241021_143020_png.rf.9367a38629df1415fdfaf035b30dc30c.jpg,1,Bad,103,191,321.5,390.5,125545.75,True,,4,4,4,"[194.497, 521.873, 2, 220.397, 332.278, 2, 330.093, 255.755, 2, 129.333, 372, 2]"
train,423,423,bad_posture_20241021_142406_png.rf.8f1717b359d80c1269b5277da17e8190.jpg,1,Bad,153,183,374,382,142868,True,,4,4,4,"[240.203, 507.026, 2, 314.858, 316.288, 2, 406.271, 266.034, 2, 197.333, 369, 2]"
train,424,424,bad_posture_20241021_142713_png.rf.93fb445a76b73a44d59993e1f14e4b4d.jpg,1,Bad,147,153,398,429.5,170941,True,,4,4,4,"[266.104, 537.863, 2, 270.675, 319.714, 2, 343.805, 245.475, 2, 176, 360, 2]"
train,425,425,bad_posture_20241021_143139_png.rf.9529c920c84e0db94d20a880c14e2987.jpg,1,Bad,92,175,341.5,418,142747,True,,4,4,4,"[180.975, 533.295, 2, 182.499, 333.42, 2, 255.629, 247.76, 2, 97.333, 382, 2]"
train,426,426,good_posture_20241021_141636_png.rf.940d97c7c5bd1ce3c28d23aa13568763.jpg,2,Good,134,109,338,470,158860,True,,4,4,4,"[224.968, 536.721, 2, 208.209, 301.44, 2, 237.156, 190.653, 2, 164, 390, 2]"
train,427,427,bad_posture_20241021_141436_png.rf.93c725a830ed17c3381e4aaceae353d6.jpg,1,Bad,135,153,306.5,448,137312,True,,4,4,4,"[255.439, 536.721, 2, 267.627, 320.857, 2, 337.711, 248.902, 2, 153.333, 387, 2]"
train,428,428,image_20241008_200801_jpg.rf.9323fb7b0bfb9d85a2b52d2100a08e86.jpg,2,Good,63,67,325,487.5,158437.5,True,,4,4,4,"[191.45, 525.3, 2, 191.45, 226.059, 2, 223.444, 151.82, 2, 136, 290, 2]"
train,429,429,good_posture_20241012_172057_png.rf.8cf09a1c15886ad2d8ab28a0ab3026db.jpg,1,Bad,136,135,304,442.5,134520,True,,4,4,4,"[244.964, 509.31, 2, 240.394, 270.602, 2, 330.283, 213.495, 2, 148, 352, 2]"
train,430,430,good_posture_20241013_222728_png.rf.96eb01cc4f14a64928ac2c7c47df0157.jpg,2,Good,166,9,244.5,483.5,118215.75,True,,4,4,4,"[237.156, 453.345, 2, 235.633, 173.52, 2, 284.387, 78.723, 2, 180, 240, 2]"
train,431,431,bad_posture_20241013_220037_png.rf.9835fc37db994151b55e3851f630b9db.jpg,1,Bad,120,35,344,496.5,170796,True,,4,4,4,"[226.491, 433.929, 2, 209.732, 202.074, 2, 299.622, 117.555, 2, 136, 277, 2]"
train,432,432,good_posture_20241013_225742_png.rf.9887319a4ab3e806cd152ec90be0ae8b.jpg,2,Good,126,0,304.5,465,141592.5,True,,4,4,4,"[212.779, 411.086, 2, 205.162, 163.241, 2, 250.868, 67.301, 2, 156, 275, 2]"
train,433,433,good_posture_20241013_225743_png.rf.94df5776b8bc24155e9d24025cd7dcd8.jpg,2,Good,123,3,315,464,146160,True,,4,4,4,"[203.638, 435.071, 2, 197.544, 175.805, 2, 244.774, 63.875, 2, 154.667, 269, 2]"
train,434,434,good_posture_20241013_222724_png.rf.8f952983e191f904b9dfd08b0fdce4e0.jpg,2,Good,153,5,261,476,124236,True,,4,4,4,"[229.539, 441.923, 2, 231.062, 168.952, 2, 275.245, 76.438, 2, 184, 224, 2]"
train,435,435,good_posture_20241021_144124_png.rf.97ce31bc7e76c2d5ba79338e624810cb.jpg,2,Good,140,103,288,462,133056,True,,4,4,4,"[223.444, 524.158, 2, 214.303, 291.161, 2, 235.633, 197.505, 2, 174.667, 356, 2]"
train,436,436,good_posture_20241012_174351_png.rf.96ab7848341ad28a70bef1ded07aa28d.jpg,2,Good,111,53,348.5,460.5,160484.25,True,,4,4,4,"[189.926, 471.619, 2, 183.832, 219.206, 2, 208.209, 120.982, 2, 133.333, 264, 2]"
train,437,437,bad_posture_20241021_144550_png.rf.9ac4bec871831e02235fa7b4f9905b5e.jpg,1,Bad,115,191,345,391,134895,True,,4,4,4,"[229.539, 532.153, 2, 231.062, 328.852, 2, 357.517, 270.602, 2, 136, 399, 2]"
train,438,438,bad_posture_20241021_143705_png.rf.9ac72a6d98a120402f3eeac7c75acb33.jpg,1,Bad,119,186,326,379.5,123717,True,,4,4,4,"[220.397, 536.721, 2, 266.104, 331.136, 2, 352.947, 262.607, 2, 157.333, 369, 2]"
train,439,439,bad_posture_20241013_222747_png.rf.99f0e8ad63d232855edb266940a98f61.jpg,1,Bad,104,33,325.5,468,152334,True,,4,4,4,"[224.968, 441.923, 2, 209.732, 186.084, 2, 295.051, 116.413, 2, 134.667, 267, 2]"
train,440,440,bad_posture_20241021_141725_png.rf.98af94cf0bc0e1d47018166ebd0c2b1e.jpg,1,Bad,136,139,292,456,133152,True,,4,4,4,"[229.539, 519.589, 2, 208.209, 284.308, 2, 316.381, 222.632, 2, 145.333, 370, 2]"
train,441,441,good_posture_20241012_174321_png.rf.9b8c5ab17e52b9b0576f2e6a3114bf1e.jpg,2,Good,111,64,320,457.5,146400,True,,4,4,4,"[186.879, 465.909, 2, 180.785, 231.77, 2, 199.067, 130.119, 2, 136, 285, 2]"
train,442,442,bad_posture_20241021_144036_png.rf.9a5b608e3a60fe77f594a55763063d91.jpg,1,Bad,118,200,350.5,379,132839.5,True,,4,4,4,"[241.727, 526.442, 2, 260.01, 331.136, 2, 365.135, 275.171, 2, 153.333, 379, 2]"
train,443,443,good_posture_20241021_141713_png.rf.9aa2010af11962bbcbb24beb7d3d3036.jpg,1,Bad,119,130,347,439.5,152506.5,True,,4,4,4,"[255.439, 535.579, 2, 202.115, 295.729, 2, 302.669, 220.348, 2, 138.667, 373, 2]"
train,444,444,good_posture_20241021_141649_png.rf.9b8ef55b31b631f8f70e6df62df84bae.jpg,2,Good,153,112,246,466,114636,True,,4,4,4,"[221.921, 540.148, 2, 221.921, 294.587, 2, 246.298, 196.363, 2, 165.333, 337, 2]"
train,445,445,image_20241007_193153_jpg.rf.9b6f97eadf424763cb1837b9fb155af6.jpg,2,Good,43,52,347,495.5,171938.5,True,,4,4,4,"[151.837, 499.031, 2, 151.837, 226.059, 2, 202.115, 130.119, 2, 82.667, 297, 2]"
train,446,446,image_20241008_210538_jpg.rf.9a90f5af36655da794b76a54b01341c1.jpg,1,Bad,39,86,333,481.5,160339.5,True,,4,4,4,"[185.355, 513.878, 2, 142.696, 246.617, 2, 200.591, 162.099, 2, 60, 332, 2]"
train,447,447,good_posture_20241021_142205_png.rf.9aaa7242582014b4ba40b8b04a0515f0.jpg,2,Good,180,125,219,446.5,97783.5,True,,4,4,4,"[256.963, 534.437, 2, 263.057, 307.151, 2, 293.528, 198.648, 2, 208, 351, 2]"
train,448,448,image_20241009_152252_jpg.rf.9d0242b8961e63682fce304db0d4e2c8.jpg,1,Bad,71,60,401,445.5,178645.5,True,,4,4,4,"[237.156, 468.193, 2, 189.926, 236.338, 2, 241.727, 128.977, 2, 120, 313, 2]"
train,449,449,good_posture_20241013_222728_png.rf.9d58f269b9834e43da282c68a8030068.jpg,2,Good,166,9,244.5,483.5,118215.75,True,,4,4,4,"[237.156, 453.345, 2, 235.633, 173.52, 2, 284.387, 78.723, 2, 180, 240, 2]"
train,450,450,bad_posture_20241012_173243_png.rf.9514d78593da1b63f8217780275a8077.jpg,1,Bad,174,100,351.5,464,163096,True,,4,4,4,"[278.292, 503.599, 2, 292.004, 242.049, 2, 365.135, 180.373, 2, 213.333, 328, 2]"
train,451,451,image_20241007_214540_jpg.rf.a1f83c44d5d1a94827726f6809d9a972.jpg,1,Bad,37,116,357.5,433.5,154976.25,True,,4,4,4,"[209.662, 497.376, 2, 174.691, 253.47, 2, 270.675, 184.942, 2, 46.667, 344, 2]"
train,452,452,good_posture_20241013_222710_png.rf.a0e3b19d5ab3ee04cfead95d3c79d3bd.jpg,2,Good,168,0,249,507,126243,True,,4,4,4,"[255.439, 447.634, 2, 256.963, 163.241, 2, 288.957, 79.865, 2, 202.667, 226, 2]"
train,453,453,bad_posture_20241021_145555_png.rf.9a5ba5f8b4b955e842b48abb50b34540.jpg,1,Bad,113,170,333,431.5,143689.5,True,,4,4,4,"[199.067, 554.996, 2, 228.015, 310.577, 2, 328.57, 255.755, 2, 132, 364, 2]"
train,454,454,image_20241008_200649_jpg.rf.9e6b4dd5b91d05745eb70e64230d7592.jpg,2,Good,86,52,355,494,175370,True,,4,4,4,"[223.444, 510.452, 2, 185.355, 237.48, 2, 211.256, 127.835, 2, 133.333, 323, 2]"
train,455,455,image_20241008_205601_jpg.rf.9e1430db2a6e98fbed4a14888f0eb406.jpg,2,Good,56,23,399.5,545.5,217927.25,True,,4,4,4,"[192.973, 501.315, 2, 186.879, 231.77, 2, 205.162, 125.55, 2, 110.667, 316, 2]"
train,456,456,image_20241007_210150_jpg.rf.a12c9c67ba2ccd79acc31a35aa0b5d96.jpg,2,Good,54,75,378.5,504.5,190953.25,True,,4,4,4,"[160.979, 535.579, 2, 159.455, 224.917, 2, 182.308, 136.972, 2, 94.667, 286, 2]"
train,457,457,image_20241007_222646_jpg.rf.a176c976ce3d11211ac67e44a9cbb0e5.jpg,2,Good,126,62,388.5,509.5,197940.75,True,,4,4,4,"[276.769, 548.143, 2, 255.439, 224.917, 2, 269.151, 130.119, 2, 173.333, 310, 2]"
train,458,458,bad_posture_20241013_215926_png.rf.a1a1505841e8c51aac1eee9856087134.jpg,1,Bad,118,29,330.5,469,155004.5,True,,4,4,4,"[232.586, 446.492, 2, 266.104, 199.79, 2, 333.14, 125.55, 2, 165.333, 244, 2]"
train,459,459,bad_posture_20241012_173020_png.rf.9f087317150b4d7d282c643688138b40.jpg,1,Bad,120,133,366.5,448,164192,True,,4,4,4,"[151.837, 512.736, 2, 304.193, 284.308, 2, 352.947, 210.069, 2, 172, 311, 2]"
train,460,460,bad_posture_20241021_142555_png.rf.9c8b62b77387faa9882f3e2cc7944ce3.jpg,1,Bad,166,209,374,379.5,141933,True,,4,4,4,"[237.156, 523.016, 2, 325.523, 332.278, 2, 439.789, 285.45, 2, 206.667, 362, 2]"
train,461,461,good_posture_20241021_141542_png.rf.a23c5c4d5569be20ab94a15e481b928e.jpg,2,Good,147,105,262.5,480,126000,True,,4,4,4,"[226.491, 524.158, 2, 217.35, 294.587, 2, 253.915, 192.937, 2, 172, 355, 2]"
train,462,462,image_20241009_224235_jpg.rf.a3000c49ad1e06daab36ff2daaccea2e.jpg,1,Bad,137,49,343.5,454.5,156120.75,True,,4,4,4,"[298.099, 448.776, 2, 255.439, 205.5, 2, 311.811, 136.972, 2, 162.667, 276, 2]"
train,463,463,image_20241008_200649_jpg.rf.a2d59a3f094447ce23872df0097d6b3b.jpg,2,Good,86,52,355,494,175370,True,,4,4,4,"[223.444, 510.452, 2, 185.355, 237.48, 2, 211.256, 127.835, 2, 133.333, 323, 2]"
train,464,464,image_20241007_195632_jpg.rf.a24a2d49268a653c6d4b22aa5aada499.jpg,1,Bad,71,109,349,437,152513,True,,4,4,4,"[217.35, 499.031, 2, 183.832, 264.892, 2, 243.251, 171.236, 2, 100, 320, 2]"
train,465,465,bad_posture_20241013_222754_png.rf.a50ea15a5154d867e1996043910f090f.jpg,1,Bad,146,49,363,425.5,154456.5,True,,4,4,4,"[256.963, 451.061, 2, 298.099, 203.216, 2, 398.653, 146.109, 2, 173.333, 280, 2]"
train,466,466,bad_posture_20241012_172107_png.rf.a79ddce07fa48982c5a016108152febb.jpg,1,Bad,144,143,368,407.5,149960,True,,4,4,4,"[244.774, 505.884, 2, 247.821, 264.892, 2, 317.905, 210.069, 2, 157.333, 321, 2]"
train,467,467,image_20241007_222646_jpg.rf.a72df40e3c45cae57eb1e7076b1e841f.jpg,2,Good,126,62,388.5,509.5,197940.75,True,,4,4,4,"[276.769, 548.143, 2, 255.439, 224.917, 2, 269.151, 130.119, 2, 173.333, 310, 2]"
train,468,468,good_posture_20241021_180312_png.rf.a893536a353e2c9f6b08e833fb0d5677.jpg,2,Good,189,102,289,500,144500,True,,4,4,4,"[270.675, 552.711, 2, 260.01, 301.44, 2, 301.146, 183.8, 2, 221.333, 338, 2]"
train,469,469,good_posture_20241021_141624_png.rf.a53e51e739d1fe721c858d334a9906bb.jpg,2,Good,136,112,270.5,462,124971,True,,4,4,4,"[220.397, 531.868, 2, 203.638, 278.313, 2, 231.062, 193.795, 2, 169.333, 335, 2]"
train,470,470,good_posture_20241013_225741_png.rf.a69f8700aebefc4893551646084d3814.jpg,2,Good,122,3,284.5,463,131723.5,True,,4,4,4,"[208.209, 408.801, 2, 206.685, 159.815, 2, 249.345, 62.733, 2, 156, 213, 2]"
train,471,471,bad_posture_20241021_142418_png.rf.ab00940f4ea6f60537aba85322730ecb.jpg,1,Bad,155,204,370.5,368.5,136529.25,True,,4,4,4,"[217.35, 541.29, 2, 327.046, 310.577, 2, 419.983, 279.74, 2, 208, 369, 2]"
train,472,472,bad_posture_20241021_143641_png.rf.a8941ee26f1e13a679c8adead79bb323.jpg,1,Bad,120,182,316.5,418,132297,True,,4,4,4,"[240.203, 537.863, 2, 288.957, 324.283, 2, 345.329, 255.755, 2, 168, 352, 2]"
train,473,473,good_posture_20241021_141542_png.rf.a6f95c5f9fc9c09ec5d68f72ad3b7b86.jpg,2,Good,147,105,262.5,480,126000,True,,4,4,4,"[226.491, 524.158, 2, 217.35, 294.587, 2, 253.915, 192.937, 2, 172, 355, 2]"
train,474,474,bad_posture_20241021_145335_png.rf.aadd597d1b2b7e920dab866370d4f8cf.jpg,1,Bad,143,186,321.5,402,129243,True,,4,4,4,"[215.827, 551.569, 2, 288.957, 314.004, 2, 372.753, 260.323, 2, 172, 372, 2]"
train,475,475,good_posture_20241021_141335_png.rf.a81dc77a07c0966d51bf41ecf229425a.jpg,2,Good,134,102,268,485.5,130114,True,,4,4,4,"[228.015, 525.3, 2, 214.303, 299.156, 2, 247.821, 199.79, 2, 158.667, 349, 2]"
train,476,476,bad_posture_20241021_142022_png.rf.a4bc63b1587abeffae3cbba632a599f9.jpg,1,Bad,122,119,343.5,461.5,158525.25,True,,4,4,4,"[235.633, 541.29, 2, 214.303, 292.303, 2, 313.334, 216.922, 2, 152, 384, 2]"
train,477,477,bad_posture_20241021_141406_png.rf.a8db8e2abe0e70f840b1da8e45ba6aa5.jpg,1,Bad,109,130,313.5,450,141075,True,,4,4,4,"[237.156, 540.148, 2, 194.497, 285.45, 2, 284.387, 219.206, 2, 140, 358, 2]"
train,478,478,image_20241007_210150_jpg.rf.a9c93b3915bb9a04f30dec09b051e79e.jpg,2,Good,54,75,378.5,504.5,190953.25,True,,4,4,4,"[160.979, 535.579, 2, 159.455, 224.917, 2, 182.308, 136.972, 2, 94.667, 286, 2]"
train,479,479,good_posture_20241021_141548_png.rf.a972d9d11869fd5a0b45643a00b53dae.jpg,2,Good,134,104,275.5,468,128934,True,,4,4,4,"[206.685, 524.016, 2, 202.115, 301.298, 2, 220.397, 197.363, 2, 157.333, 344, 2]"
train,480,480,bad_posture_20241021_143641_png.rf.a94810840302b3f19ec114826a7f7472.jpg,1,Bad,120,182,316.5,418,132297,True,,4,4,4,"[240.203, 537.863, 2, 288.957, 324.283, 2, 345.329, 255.755, 2, 168, 352, 2]"
train,481,481,good_posture_20241021_141624_png.rf.a7d5937ee7191318d69b5ae2d82b77d8.jpg,2,Good,136,112,270.5,462,124971,True,,4,4,4,"[220.397, 531.868, 2, 203.638, 278.313, 2, 231.062, 193.795, 2, 169.333, 335, 2]"
train,482,482,bad_posture_20241013_220309_png.rf.a6c64954914caacad5047d05941d018d.jpg,1,Bad,145,43,384.5,473,181868.5,True,,4,4,4,"[284.387, 433.929, 2, 279.816, 200.932, 2, 337.711, 122.124, 2, 168, 256, 2]"
train,483,483,good_posture_20241013_225738_png.rf.ac158a0554f2be5d2e167894b04b1633.jpg,2,Good,117,6,311,452,140572,True,,4,4,4,"[189.926, 429.36, 2, 196.02, 167.81, 2, 231.062, 67.301, 2, 136, 211, 2]"
train,484,484,image_20241009_225822_jpg.rf.9c5084f5a453bb8f46f3503a6de6db60.jpg,1,Bad,85,45,360,450,162000,True,,4,4,4,"[249.333, 443, 2, 191.45, 214.637, 2, 243.251, 122.124, 2, 112, 270, 2]"
train,485,485,bad_posture_20241021_141448_png.rf.a8b32782ad7871e5db7fae46571dd32e.jpg,1,Bad,111,139,344,443.5,152564,True,,4,4,4,"[231.062, 542.432, 2, 260.01, 320.857, 2, 328.57, 234.054, 2, 156, 381, 2]"
train,486,486,image_20241007_220813_jpg.rf.aca8104a756549a3752bcc2c8ed250f6.jpg,1,Bad,71,112,355.5,453.5,161219.25,True,,4,4,4,"[247.821, 532.153, 2, 218.874, 262.607, 2, 317.905, 182.658, 2, 118.667, 342, 2]"
train,487,487,good_posture_20241013_222655_png.rf.a4d29e82da2c880dd6cbdd2a561f72ee.jpg,1,Bad,126,57,331,416.5,137861.5,True,,4,4,4,"[253.915, 429.36, 2, 218.874, 203.216, 2, 317.905, 131.261, 2, 142.667, 282, 2]"
train,488,488,image_20241007_195632_jpg.rf.acf91e79bb69930057b4cc0572ca5ce1.jpg,1,Bad,71,109,349,437,152513,True,,4,4,4,"[217.35, 499.031, 2, 183.832, 264.892, 2, 243.251, 171.236, 2, 100, 320, 2]"
train,489,489,bad_posture_20241021_145134_png.rf.ad24bf3c5bfb5390fce524578666ea24.jpg,1,Bad,119,163,451,439.5,198214.5,True,,4,4,4,"[208.209, 547, 2, 384.941, 316.288, 2, 467.213, 260.323, 2, 253.333, 351, 2]"
train,490,490,bad_posture_20241021_143936_png.rf.b50ed89046f9e9ddfa1a8d5c8e128c14.jpg,1,Bad,117,193,318.5,399.5,127240.75,True,,4,4,4,"[240.203, 534.437, 2, 264.58, 315.146, 2, 352.947, 261.465, 2, 153.333, 365, 2]"
train,491,491,good_posture_20241013_222724_png.rf.aeb9fdcd36427d1335113a3f815ede49.jpg,2,Good,153,5,261,476,124236,True,,4,4,4,"[229.539, 441.923, 2, 231.062, 168.952, 2, 275.245, 76.438, 2, 184, 224, 2]"
train,492,492,image_20241008_201104_jpg.rf.abb14ce6d851978dd9d9292780ea7065.jpg,1,Bad,22,85,417,474,197658,True,,4,4,4,"[223.193, 501.653, 2, 98.513, 256.897, 2, 160.979, 160.957, 2, 45.333, 346, 2]"
train,493,493,good_posture_20241021_142053_png.rf.adff34018faf8aaae6899bf7ea5f4286.jpg,2,Good,77,93,262.5,462,121275,True,,4,4,4,"[215.827, 519.589, 2, 217.35, 291.161, 2, 260.01, 196.363, 2, 173.333, 343, 2]"
train,494,494,image_20241009_135224_jpg.rf.b08a0b7700c4e373b0200ad3992cebc1.jpg,2,Good,92,49,340.5,472,160716,True,,4,4,4,"[223.444, 479.614, 2, 171.643, 205.5, 2, 196.02, 103.85, 2, 145.333, 310, 2]"
train,495,495,bad_posture_20241021_143227_png.rf.adeaf8264e282d84706f8d445203ec0a.jpg,1,Bad,117,183,353.5,398,140693,True,,4,4,4,"[197.544, 542.432, 2, 241.727, 318.572, 2, 351.423, 263.75, 2, 152, 357, 2]"
train,496,496,bad_posture_20241013_221218_png.rf.b30876059c36c13c339c01a473f2c4f9.jpg,1,Bad,112,33,368.5,437.5,161218.75,True,,4,4,4,"[258.486, 414.512, 2, 232.586, 190.653, 2, 292.004, 117.555, 2, 126.667, 233, 2]"
train,497,497,bad_posture_20241021_144048_png.rf.ae24d4c911f2acdb01b2cc3387d5000f.jpg,1,Bad,125,182,317,408.5,129494.5,True,,4,4,4,"[223.444, 545.858, 2, 272.198, 331.136, 2, 337.711, 255.755, 2, 165.333, 361, 2]"
train,498,498,bad_posture_20241021_144143_png.rf.ae1684eef8b013ba25d7291af27da0b6.jpg,1,Bad,174,121,222,440.5,97791,True,,4,4,4,"[237.156, 535.579, 2, 269.151, 304.867, 2, 310.287, 207.785, 2, 201.333, 344, 2]"
train,499,499,good_posture_20241021_142053_png.rf.b09026b7069f9ebf8a2131fb83f6b063.jpg,2,Good,77,93,262.5,462,121275,True,,4,4,4,"[215.827, 519.589, 2, 217.35, 291.161, 2, 260.01, 196.363, 2, 173.333, 343, 2]"
train,500,500,good_posture_20241021_141454_png.rf.afd47e33757f5d3b130ecf172e4a66ab.jpg,2,Good,149,105,275.5,478,131689,True,,4,4,4,"[244.774, 539.006, 2, 241.727, 290.019, 2, 264.58, 186.084, 2, 185.333, 339, 2]"
train,501,501,bad_posture_20241021_143133_png.rf.af9db85147607d4b10f3712c71d58039.jpg,1,Bad,99,174,352.5,426,150165,True,,4,4,4,"[228.015, 557.28, 2, 221.921, 339.131, 2, 314.858, 255.755, 2, 124, 391, 2]"
train,502,502,good_posture_20241021_142159_png.rf.afa82e59e2ccb8a5b2ed7b77860d6209.jpg,2,Good,182,103,303.5,477.5,144921.25,True,,4,4,4,"[281.34, 543.574, 2, 272.198, 295.729, 2, 308.763, 197.505, 2, 210.667, 369, 2]"
train,503,503,bad_posture_20241013_225803_png.rf.b43e09286fc59b59da0d276d9d1c42b5.jpg,1,Bad,96,45,335,427,143045,True,,4,4,4,"[217.35, 424.791, 2, 229.539, 188.368, 2, 311.811, 116.413, 2, 134.667, 254, 2]"
train,504,504,bad_posture_20241021_144426_png.rf.b44c62a97c2086643ed84de5ea76bb25.jpg,1,Bad,128,162,358,407,145706,True,,4,4,4,"[247.821, 527.584, 2, 246.298, 341.415, 2, 317.905, 254.612, 2, 146.667, 374, 2]"
train,505,505,bad_posture_20241021_144118_png.rf.b14216f513c7128abd20bd48b5de171a.jpg,2,Good,134,136,294,471.5,138621,True,,4,4,4,"[232.586, 515.021, 2, 212.779, 291.161, 2, 273.722, 204.358, 2, 177.333, 378, 2]"
train,506,506,bad_posture_20241021_141448_png.rf.ae98b99ea614404ef5d0952be0b9f26a.jpg,1,Bad,111,139,344,443.5,152564,True,,4,4,4,"[231.062, 542.432, 2, 260.01, 320.857, 2, 328.57, 234.054, 2, 156, 381, 2]"
train,507,507,bad_posture_20241013_222740_png.rf.b0f6f4e85b37023fb40a93d9a3814ce1.jpg,1,Bad,134,36,289.5,417.5,120866.25,True,,4,4,4,"[266.104, 429.36, 2, 232.586, 182.658, 2, 301.146, 101.566, 2, 138.667, 277, 2]"
train,508,508,bad_posture_20241013_225746_png.rf.af6cf87a571b0899dafa2c21e9b2e0c0.jpg,1,Bad,107,9,364.5,471,171679.5,True,,4,4,4,"[249.345, 427.076, 2, 197.544, 164.383, 2, 311.811, 102.708, 2, 130.667, 290, 2]"
train,509,509,bad_posture_20241021_144426_png.rf.b53e667d5ba19866b36c6cbbf7e2c168.jpg,1,Bad,128,162,358,407,145706,True,,4,4,4,"[247.821, 527.584, 2, 246.298, 341.415, 2, 317.905, 254.612, 2, 146.667, 374, 2]"
train,510,510,bad_posture_20241013_222736_png.rf.b35e2e26f41879d410a98af3ee4fde87.jpg,1,Bad,117,36,326,453,147678,True,,4,4,4,"[260.01, 438.497, 2, 238.68, 181.515, 2, 308.763, 112.987, 2, 138.667, 271, 2]"
train,511,511,image_20241007_191654_jpg.rf.b3bd593f850ebb1f7e32dd1a0724de90.jpg,2,Good,42,84,320,469.5,150240,True,,4,4,4,"[148.79, 515.021, 2, 118.319, 238.622, 2, 148.79, 150.678, 2, 58.667, 349, 2]"
train,512,512,image_20241007_214540_jpg.rf.b5772911865973d960f00a2ca302e018.jpg,1,Bad,37,116,357.5,433.5,154976.25,True,,4,4,4,"[209.662, 497.376, 2, 174.691, 253.47, 2, 270.675, 184.942, 2, 46.667, 344, 2]"
train,513,513,good_posture_20241012_174139_png.rf.b5e5d92a320ba968f26b83e45e2744c9.jpg,2,Good,109,56,309.5,464.5,143762.75,True,,4,4,4,"[192.973, 480.756, 2, 188.403, 229.485, 2, 215.827, 119.84, 2, 134.667, 273, 2]"
train,514,514,image_20241009_224659_jpg.rf.b43731e000ee52edf5ffc536f30ab1a3.jpg,2,Good,76,20,401.5,510.5,204965.75,True,,4,4,4,"[244.774, 488.751, 2, 235.633, 180.373, 2, 224.968, 84.433, 2, 161.333, 237, 2]"
train,515,515,bad_posture_20241013_220037_png.rf.b2aa7d6094b092cc374cc9d275846c8b.jpg,1,Bad,120,35,344,496.5,170796,True,,4,4,4,"[226.491, 433.929, 2, 209.732, 202.074, 2, 299.622, 117.555, 2, 136, 277, 2]"
train,516,516,bad_posture_20241013_222737_png.rf.b7497c224be569c828ad608fd3e48eb5.jpg,1,Bad,136,36,302.5,430,130075,True,,4,4,4,"[241.727, 435.071, 2, 241.727, 179.231, 2, 308.763, 110.703, 2, 138.667, 268, 2]"
train,517,517,bad_posture_20241021_142530_png.rf.b57d7592ed96d1f9d5e5217437c7247e.jpg,1,Bad,152,215,366.5,362,132673,True,,4,4,4,"[247.821, 521.873, 2, 357.517, 337.989, 2, 444.36, 292.303, 2, 228, 350, 2]"
train,518,518,image_20241008_200801_jpg.rf.bf513bb0899a66f1db4646e816d58a9b.jpg,2,Good,63,67,325,487.5,158437.5,True,,4,4,4,"[191.45, 525.3, 2, 191.45, 226.059, 2, 223.444, 151.82, 2, 136, 290, 2]"
train,519,519,bad_posture_20241012_173121_png.rf.b7ab18538e71d40cf924212907a37cde.jpg,1,Bad,88,125,347,431.5,149730.5,True,,4,4,4,"[173.167, 515.021, 2, 177.738, 268.318, 2, 264.58, 197.505, 2, 106.667, 350, 2]"
train,520,520,bad_posture_20241013_222747_png.rf.b8815d4b6ef6d8e14966e8bce519ad12.jpg,1,Bad,104,33,325.5,468,152334,True,,4,4,4,"[224.968, 441.923, 2, 209.732, 186.084, 2, 295.051, 116.413, 2, 134.667, 267, 2]"
train,521,521,good_posture_20241012_172219_png.rf.bde0d3917a64c528baf7bf44bb3385d8.jpg,1,Bad,143,125,306,416.5,127449,True,,4,4,4,"[258.486, 509.31, 2, 217.35, 267.176, 2, 281.34, 208.927, 2, 150.667, 339, 2]"
train,522,522,image_20241008_202735_jpg.rf.b8bffc35f47175d750f3ec19d2f65f4a.jpg,1,Bad,13,61,390.5,548.5,214189.25,True,,4,4,4,"[182.308, 521.873, 2, 98.513, 243.191, 2, 164.026, 134.688, 2, 38.667, 340, 2]"
train,523,523,bad_posture_20241021_143629_png.rf.bff3d42020972939182f4b03f511b209.jpg,1,Bad,111,180,321.5,403.5,129725.25,True,,4,4,4,"[199.067, 527.584, 2, 264.58, 316.288, 2, 336.188, 263.75, 2, 158.667, 372, 2]"
train,524,524,image_20241007_193153_jpg.rf.bf2a7e5b22627441b6a6280df5775ea9.jpg,2,Good,43,52,347,495.5,171938.5,True,,4,4,4,"[151.837, 499.031, 2, 151.837, 226.059, 2, 202.115, 130.119, 2, 82.667, 297, 2]"
train,525,525,good_posture_20241013_222721_png.rf.bed95269cdad25613c2a8ce954682a0a.jpg,2,Good,164,5,246.5,502.5,123866.25,True,,4,4,4,"[238.68, 446.492, 2, 232, 170, 2, 278.292, 71.87, 2, 180, 204, 2]"
train,526,526,bad_posture_20241013_225750_png.rf.bd985a489f256be69ec509a31abba520.jpg,1,Bad,103,39,359.5,444,159618,True,,4,4,4,"[237.156, 422.507, 2, 223.444, 189.51, 2, 339.235, 125.55, 2, 136, 254, 2]"
train,527,527,bad_posture_20241021_144538_png.rf.bfbed52151fd1c44add981b2a4a0dd69.jpg,1,Bad,124,191,331,406.5,134551.5,True,,4,4,4,"[212.779, 544.716, 2, 235.633, 336.847, 2, 355.994, 274.029, 2, 142.667, 384, 2]"
train,528,528,good_posture_20241021_180555_png.rf.c0d1ec6f612e72dcef30e3206d8c3586.jpg,2,Good,174,103,315,505.5,159232.5,True,,4,4,4,"[273.722, 566.417, 2, 276.769, 298.014, 2, 323.999, 192.937, 2, 206.667, 382, 2]"
train,529,529,bad_posture_20241021_143936_png.rf.b81734fab3e22e3234fe90010b67aa9a.jpg,1,Bad,117,193,318.5,399.5,127240.75,True,,4,4,4,"[240.203, 534.437, 2, 264.58, 315.146, 2, 352.947, 261.465, 2, 153.333, 365, 2]"
train,530,530,good_posture_20241012_172219_png.rf.bbdb49cf00efd11423a25f041d6f2426.jpg,1,Bad,143,125,306,416.5,127449,True,,4,4,4,"[258.486, 509.31, 2, 217.35, 267.176, 2, 281.34, 208.927, 2, 150.667, 339, 2]"
train,531,531,bad_posture_20241021_142406_png.rf.bec5c17241cd52b8d2d835a3f3b8eec8.jpg,1,Bad,153,183,374,382,142868,True,,4,4,4,"[240.203, 507.026, 2, 314.858, 316.288, 2, 406.271, 266.034, 2, 197.333, 369, 2]"
train,532,532,good_posture_20241012_174321_png.rf.bea0be0ba4fdf85408db7fd03d1a8ead.jpg,2,Good,111,64,320,457.5,146400,True,,4,4,4,"[186.879, 465.909, 2, 180.785, 231.77, 2, 199.067, 130.119, 2, 136, 285, 2]"
train,533,533,good_posture_20241021_180555_png.rf.bcaa833584baaf4aaf01fb0cc8374198.jpg,2,Good,174,103,315,505.5,159232.5,True,,4,4,4,"[273.722, 566.417, 2, 276.769, 298.014, 2, 323.999, 192.937, 2, 206.667, 382, 2]"
train,534,534,good_posture_20241013_222710_png.rf.be5c5027c9fc00b647b84a5ae59da915.jpg,2,Good,168,0,249,507,126243,True,,4,4,4,"[255.439, 447.634, 2, 256.963, 163.241, 2, 288.957, 79.865, 2, 202.667, 226, 2]"
train,535,535,image_20241009_224730_jpg.rf.bb78f4848611573c3293c059c0303dd2.jpg,2,Good,103,5,377.5,518.5,195733.75,True,,4,4,4,"[243.251, 485.325, 2, 221.921, 186.084, 2, 224.968, 93.57, 2, 146.667, 270, 2]"
train,536,536,bad_posture_20241013_220309_png.rf.c0ffe42a728a9081be9cb2b5630679d6.jpg,1,Bad,145,43,384.5,473,181868.5,True,,4,4,4,"[284.387, 433.929, 2, 279.816, 200.932, 2, 337.711, 122.124, 2, 168, 256, 2]"
train,537,537,good_posture_20241021_141341_png.rf.c10194d8d89ee9d39e1d6ca6b1674537.jpg,2,Good,130,113,281,469.5,131929.5,True,,4,4,4,"[214.303, 540.148, 2, 215.827, 298.014, 2, 249.345, 194.079, 2, 162.667, 344, 2]"
train,538,538,image_20241009_224730_jpg.rf.c4fa4b23cf4391163afd6b91e83be053.jpg,2,Good,103,5,377.5,518.5,195733.75,True,,4,4,4,"[243.251, 485.325, 2, 221.921, 186.084, 2, 224.968, 93.57, 2, 146.667, 270, 2]"
train,539,539,image_20241007_222736_jpg.rf.c1b39a1a532b52aa9defa91af729071b.jpg,1,Bad,29,106,406.5,458,186177,True,,4,4,4,"[225.648, 509.247, 2, 153.361, 254.612, 2, 243.251, 170.094, 2, 50.667, 331, 2]"
train,540,540,image_20241008_205202_jpg.rf.bd23a72ecfbb02f709b9070904d65adf.jpg,2,Good,56,53,373.5,495,184882.5,True,,4,4,4,"[231.062, 517.305, 2, 180.785, 240.907, 2, 179.261, 127.835, 2, 120, 318, 2]"
train,541,541,good_posture_20241021_142223_png.rf.bf1ec2e043c5851942d24a3c593bade4.jpg,2,Good,151,123,324,457,148068,True,,4,4,4,"[250.868, 532.153, 2, 235.633, 299.156, 2, 253.915, 195.221, 2, 177.333, 379, 2]"
train,542,542,good_posture_20241013_222732_png.rf.c3a61f68349b32f542dcb1dfc8506431.jpg,2,Good,159,11,260,483,125580,True,,4,4,4,"[238.68, 433.929, 2, 234.109, 170.094, 2, 272.198, 78.723, 2, 182.667, 235, 2]"
train,543,543,image_20241008_200913_jpg.rf.c258486a82aa25849047baa06c626243.jpg,1,Bad,65,85,348.5,466,162401,True,,4,4,4,"[211.256, 499.031, 2, 148.79, 240.907, 2, 237.156, 160.957, 2, 82.667, 333, 2]"
train,544,544,bad_posture_20241013_222737_png.rf.c5dbb74662f0ea3c0185fc597adbbfe9.jpg,1,Bad,136,36,302.5,430,130075,True,,4,4,4,"[241.727, 435.071, 2, 241.727, 179.231, 2, 308.763, 110.703, 2, 138.667, 268, 2]"
train,545,545,bad_posture_20241021_143735_png.rf.c6259c8e8a59d437d91a58e43af0dc98.jpg,1,Bad,118,187,356.5,374.5,133509.25,True,,4,4,4,"[224.968, 533.295, 2, 272.198, 317.43, 2, 346.852, 260.323, 2, 161.333, 368, 2]"
train,546,546,good_posture_20241013_222712_png.rf.bc6a8460e3e138921b384e37a3e39f9c.jpg,2,Good,156,15,255,482,122910,True,,4,4,4,"[240.203, 411.086, 2, 235.633, 163.241, 2, 288.957, 61.591, 2, 180, 239, 2]"
train,547,547,bad_posture_20241021_142448_png.rf.c818b0307f5a61935ad0f5608486c37c.jpg,1,Bad,160,215,380.5,356.5,135648.25,True,,4,4,4,"[256.963, 534.437, 2, 351.423, 328.852, 2, 439.789, 274.029, 2, 226.667, 340, 2]"
train,548,548,bad_posture_20241021_142914_png.rf.c5028d66fa259939010103883e9ae1b0.jpg,1,Bad,128,186,360.5,421.5,151950.75,True,,4,4,4,"[209.732, 528.726, 2, 237.156, 321.999, 2, 354.47, 264.892, 2, 140, 417, 2]"
train,549,549,bad_posture_20241013_222754_png.rf.c9117d9014735cde9b3dc3e784877604.jpg,1,Bad,146,49,363,425.5,154456.5,True,,4,4,4,"[256.963, 451.061, 2, 298.099, 203.216, 2, 398.653, 146.109, 2, 173.333, 280, 2]"
train,550,550,good_posture_20241021_141536_png.rf.c256605213a1a1e1e56d26c9b5c424f5.jpg,2,Good,139,102,251.5,485.5,122103.25,True,,4,4,4,"[234.109, 531.01, 2, 226.491, 307.151, 2, 260.01, 192.937, 2, 166.667, 350, 2]"
train,551,551,image_20241007_192901_jpg.rf.c8b848728515bd0020dcbac01a4effc7.jpg,2,Good,63,53,299.5,496.5,148701.75,True,,4,4,4,"[168.596, 509.31, 2, 170.12, 221.49, 2, 214.303, 126.693, 2, 84, 320, 2]"
train,552,552,bad_posture_20241012_173020_png.rf.c9cd7cebd6e0a385ea620ae714c69037.jpg,1,Bad,120,133,366.5,448,164192,True,,4,4,4,"[151.837, 512.736, 2, 304.193, 284.308, 2, 352.947, 210.069, 2, 172, 311, 2]"
train,553,553,bad_posture_20241021_144407_png.rf.c10b78f5dfd573e3110a950ce185c8da.jpg,1,Bad,126,163,353.5,406.5,143697.75,True,,4,4,4,"[256.963, 537.863, 2, 267.627, 327.709, 2, 295.051, 251.186, 2, 150.667, 368, 2]"
train,554,554,good_posture_20241012_174341_png.rf.c9e5a014001e295a89f1c5d072a78d73.jpg,2,Good,111,53,288,502,144576,True,,4,4,4,"[208.209, 478.472, 2, 176.214, 242.049, 2, 206.685, 127.835, 2, 133.333, 303, 2]"
train,555,555,bad_posture_20241021_143924_png.rf.cb7c62652f314e93470d977d93898dd3.jpg,1,Bad,115,182,322,405.5,130571,True,,4,4,4,"[234.109, 543.574, 2, 252.392, 318.572, 2, 336.188, 259.181, 2, 152, 370, 2]"
train,556,556,bad_posture_20241021_143629_png.rf.c92b5b6218b7650b0fa9ba70e3de0099.jpg,1,Bad,111,180,321.5,403.5,129725.25,True,,4,4,4,"[199.067, 527.584, 2, 264.58, 316.288, 2, 336.188, 263.75, 2, 158.667, 372, 2]"
train,557,557,bad_posture_20241021_141406_png.rf.cbb23cb216e4fa8f6f951c9f8b39675b.jpg,1,Bad,109,130,313.5,450,141075,True,,4,4,4,"[237.156, 540.148, 2, 194.497, 285.45, 2, 284.387, 219.206, 2, 140, 358, 2]"
train,558,558,bad_posture_20241021_144538_png.rf.ca3aa8a4935d005c1e0461c8edc34bfd.jpg,1,Bad,124,191,331,406.5,134551.5,True,,4,4,4,"[212.779, 544.716, 2, 235.633, 336.847, 2, 355.994, 274.029, 2, 142.667, 384, 2]"
train,559,559,good_posture_20241021_141335_png.rf.ce1e579991c7bd2bf0e527d3cbd3d1bd.jpg,2,Good,134,102,268,485.5,130114,True,,4,4,4,"[228.015, 525.3, 2, 214.303, 299.156, 2, 247.821, 199.79, 2, 158.667, 349, 2]"
train,560,560,good_posture_20241012_174139_png.rf.ccb88f8ae777633e30ec6f350378d704.jpg,2,Good,109,56,309.5,464.5,143762.75,True,,4,4,4,"[192.973, 480.756, 2, 188.403, 229.485, 2, 215.827, 119.84, 2, 134.667, 273, 2]"
train,561,561,good_posture_20241013_225721_png.rf.c950a5e7f17e52f2023f72421f5453f3.jpg,2,Good,118,5,266.5,486,129519,True,,4,4,4,"[182.308, 422.507, 2, 177.738, 180.373, 2, 232.586, 68.444, 2, 150.667, 224, 2]"
train,562,562,bad_posture_20241021_143616_png.rf.cf3a1b2c340b95b554321163b185102f.jpg,1,Bad,128,176,302.5,412,124630,True,,4,4,4,"[224.968, 516.163, 2, 267.627, 311.719, 2, 348.376, 255.755, 2, 156, 366, 2]"
train,563,563,bad_posture_20241021_141406_png.rf.c77ce0bb6370f3e45b0dd4b8e6eec7ff.jpg,1,Bad,109,130,313.5,450,141075,True,,4,4,4,"[237.156, 540.148, 2, 194.497, 285.45, 2, 284.387, 219.206, 2, 140, 358, 2]"
train,564,564,image_20241007_225038_jpg.rf.cf7c74c6b1d4cc8f34fd4eea18cab53a.jpg,1,Bad,75,109,354.5,449.5,159347.75,True,,4,4,4,"[246.279, 504.562, 2, 209.732, 256.897, 2, 304.193, 189.51, 2, 117.333, 318, 2]"
train,565,565,bad_posture_20241012_173040_png.rf.cd4113a3939a3d2f84fd7b7e6e7db8c4.jpg,1,Bad,111,136,377.5,436,164590,True,,4,4,4,"[180.785, 504.741, 2, 231.062, 269.46, 2, 302.669, 203.216, 2, 144, 329, 2]"
train,566,566,bad_posture_20241021_142022_png.rf.c860daa9a0b79c7d7aab3f022268e4e8.jpg,1,Bad,122,119,343.5,461.5,158525.25,True,,4,4,4,"[235.633, 541.29, 2, 214.303, 292.303, 2, 313.334, 216.922, 2, 152, 384, 2]"
train,567,567,bad_posture_20241021_144638_png.rf.d0207b0fd4925756fc38c00fc7b1961d.jpg,1,Bad,132,216,376.5,338,127257,True,,4,4,4,"[226.491, 533.295, 2, 299.622, 332.278, 2, 412.365, 288.877, 2, 176, 366, 2]"
train,568,568,image_20241007_195632_jpg.rf.cef0060d2914f6050906e604b054ea82.jpg,1,Bad,71,109,349,437,152513,True,,4,4,4,"[217.35, 499.031, 2, 183.832, 264.892, 2, 243.251, 171.236, 2, 100, 320, 2]"
train,569,569,bad_posture_20241013_222736_png.rf.cea7cc18e9303b2f06e8e3a7201005a1.jpg,1,Bad,117,36,326,453,147678,True,,4,4,4,"[260.01, 438.497, 2, 238.68, 181.515, 2, 308.763, 112.987, 2, 138.667, 271, 2]"
train,570,570,bad_posture_20241021_143534_png.rf.d031547cd93c3b95ce4d2a700ee820ba.jpg,1,Bad,113,195,292,385.5,112566,True,,4,4,4,"[186.879, 551.569, 2, 234.109, 312.862, 2, 308.763, 256.897, 2, 130.667, 382, 2]"
train,571,571,bad_posture_20241021_142914_png.rf.cf95d953afb2dfc1055642d279d9fb3e.jpg,1,Bad,128,186,360.5,421.5,151950.75,True,,4,4,4,"[209.732, 528.726, 2, 237.156, 321.999, 2, 354.47, 264.892, 2, 140, 417, 2]"
train,572,572,bad_posture_20241021_143239_png.rf.cecce2ea79229b096efe3df9e9d15010.jpg,1,Bad,119,180,336,412,138432,True,,4,4,4,"[218.874, 544.716, 2, 263.057, 319.714, 2, 359.041, 267.176, 2, 165.333, 352, 2]"
valid,0,0,bad_posture_20241021_141940_png.rf.0cc1ca7337195ba5ff65c89742bba619.jpg,1,Bad,134,117,342.5,476.5,163201.25,True,,4,4,4,"[238.87, 548, 2, 237.347, 292.161, 2, 298.289, 206.5, 2, 162.667, 363, 2]"
valid,1,1,good_posture_20241013_222654_png.rf.01b75b5b10d5ac421515108d868dd143.jpg,1,Bad,121,62,344,431.5,148436,True,,4,4,4,"[264.58, 433.929, 2, 223.444, 192.937, 2, 316.381, 140.398, 2, 129.333, 304, 2]"
valid,2,2,bad_posture_20241021_145323_png.rf.15d2fb6fd4594f860816f07d5efc5f43.jpg,1,Bad,126,176,438.5,420,184170,True,,4,4,4,"[243.251, 552.711, 2, 285.91, 320.857, 2, 357.517, 258.039, 2, 166.667, 378, 2]"
valid,3,3,bad_posture_20241012_172300_png.rf.387e7a4e13bcab82718a4c6ed9acdaa8.jpg,1,Bad,180,153,313.5,391.5,122735.25,True,,4,4,4,"[240.203, 508.168, 2, 333.14, 271.745, 2, 378.847, 215.78, 2, 213.333, 310, 2]"
valid,4,4,bad_posture_20241021_144438_png.rf.010cd2106346a202376b80bd3ce760aa.jpg,1,Bad,124,164,312,412.5,128700,True,,4,4,4,"[203.638, 531.01, 2, 253.915, 340.273, 2, 301.146, 260.323, 2, 141.333, 384, 2]"
valid,5,5,bad_posture_20241012_172208_png.rf.48229f7be52ada812710ba974db248e5.jpg,1,Bad,130,126,332.5,423.5,140813.75,True,,4,4,4,"[224.968, 509.31, 2, 228.015, 267.176, 2, 298.099, 208.927, 2, 142.667, 348, 2]"
valid,6,6,good_posture_20241012_172138_png.rf.1d652aa910b07b18122b879cd348ef29.jpg,1,Bad,143,130,327.5,418,136895,True,,4,4,4,"[256.963, 496.746, 2, 237.156, 278.597, 2, 304.193, 212.353, 2, 153.333, 331, 2]"
valid,7,7,bad_posture_20241013_215755_png.rf.450ed4f1ca4e141e7a77f52ffc54b2ec.jpg,1,Bad,50,50,396,496.5,196614,True,,4,4,4,"[197.544, 438.497, 2, 101.56, 224.917, 2, 180.785, 130.119, 2, 58.667, 278, 2]"
valid,8,8,image_20241010_170628_jpg.rf.2a8e3cdd0428bc0925a3098a95fcc635.jpg,1,Bad,63,30,335.5,494,165737,True,,4,4,4,"[235.633, 483.041, 2, 148.79, 206.643, 2, 205.162, 120.982, 2, 61.333, 320, 2]"
valid,9,9,bad_posture_20241021_143257_png.rf.447218d738f6546dd3846920e8ea8f08.jpg,1,Bad,117,192,344,408,140352,True,,4,4,4,"[214.493, 544.716, 2, 258.676, 323.141, 2, 360.755, 271.745, 2, 152, 378, 2]"
valid,10,10,good_posture_20241013_225725_png.rf.38030f14b5f0ebc56a35aab0c1ac2905.jpg,2,Good,59,0,288,464,133632,True,,4,4,4,"[186.879, 421.365, 2, 183.832, 166.668, 2, 211.256, 74.154, 2, 138.667, 257, 2]"
valid,11,11,image_20241010_174356_jpg.rf.60ecdeac21e5b834c066cc886fe9b376.jpg,2,Good,168,27,377,527.5,198867.5,True,,4,4,4,"[313.334, 503.599, 2, 313.334, 192.937, 2, 307.24, 104.992, 2, 230.667, 279, 2]"
valid,12,12,good_posture_20241021_142311_png.rf.3c7fc28eb44e459ce853a84161985351.jpg,2,Good,153,119,256.5,458,117477,True,,4,4,4,"[223.444, 537.863, 2, 224.968, 301.44, 2, 237.156, 190.653, 2, 189.333, 375, 2]"
valid,13,13,image_20241007_231315_jpg.rf.89555976eb263ab74acd7d306b62ded6.jpg,1,Bad,56,93,384,476.5,182976,True,,4,4,4,"[241.617, 512.733, 2, 189.926, 235.196, 2, 276.769, 173.52, 2, 65.333, 339, 2]"
valid,14,14,good_posture_20241012_172046_png.rf.7ddc8484e31bf697521f85b1bc4d55f1.jpg,1,Bad,118,124,356.5,440.5,157038.25,True,,4,4,4,"[238.68, 496.746, 2, 250.868, 264.892, 2, 328.57, 206.643, 2, 161.333, 320, 2]"
valid,15,15,bad_posture_20241021_145040_png.rf.71b6d30627c45e7acfa0d71c480e6220.jpg,1,Bad,120,171,380.5,445,169322.5,True,,4,4,4,"[247.821, 543.574, 2, 264.58, 334.562, 2, 355.994, 270.602, 2, 149.333, 382, 2]"
valid,16,16,bad_posture_20241021_143050_png.rf.858b889323198ba4bcb818e3f6ff0574.jpg,1,Bad,113,181,315,417,131355,True,,4,4,4,"[220.397, 544.716, 2, 240.203, 337.989, 2, 323.999, 267.176, 2, 130.667, 373, 2]"
valid,17,17,good_posture_20241021_141323_png.rf.7304f802a86cff7d35edde55c845c300.jpg,2,Good,163,113,253,471.5,119289.5,True,,4,4,4,"[231.062, 532.153, 2, 231.062, 304.867, 2, 279.816, 195.221, 2, 169.333, 360, 2]"
valid,18,18,bad_posture_20241012_172818_png.rf.518b6ff6909df2778da2aa8c2210ddb8.jpg,1,Bad,141,149,353.5,404,142814,True,,4,4,4,"[217.35, 508.168, 2, 302.669, 284.308, 2, 378.847, 214.637, 2, 189.333, 314, 2]"
valid,19,19,good_posture_20241021_180406_png.rf.494909663881dee3c1624c12f28e234b.jpg,1,Bad,149,145,347,448,155456,True,,4,4,4,"[279.816, 568.701, 2, 288.957, 318.572, 2, 360.564, 235.196, 2, 178.667, 386, 2]"
valid,20,20,image_20241007_231554_jpg.rf.1544e56815fe48dcf75556066ea3c1e8.jpg,1,Bad,16,92,471,474.5,223489.5,True,,4,4,4,"[176.404, 528.726, 2, 103.274, 250.044, 2, 176.404, 158.673, 2, 32, 337, 2]"
valid,21,21,image_20241007_220021_jpg.rf.23403cfe04b08ffa7fbebea64866d9f8.jpg,2,Good,58,55,377.5,560,211400,True,,4,4,4,"[174.691, 524.158, 2, 165.549, 226.059, 2, 171.643, 112.987, 2, 96, 304, 2]"
valid,22,22,good_posture_20241021_141612_png.rf.8e59f42a0a7416c410ff1a2a0b7058a6.jpg,2,Good,141,103,342.5,487.5,166968.75,True,,4,4,4,"[220.397, 526.442, 2, 215.827, 300.298, 2, 243.251, 183.8, 2, 170.667, 380, 2]"
valid,23,23,bad_posture_20241013_221249_png.rf.6b10d66913e6989b0f94edcf4b4c4102.jpg,1,Bad,134,52,358,422,151076,True,,4,4,4,"[234.109, 413.37, 2, 292.004, 188.368, 2, 375.8, 142.683, 2, 164, 254, 2]"
valid,24,24,good_posture_20241021_142010_png.rf.8f12abe2470a4c3f37a02c14c0ccf11b.jpg,2,Good,149,104,236,473.5,111746,True,,4,4,4,"[220.397, 542.432, 2, 218.874, 293.445, 2, 240.203, 191.795, 2, 172, 369, 2]"
valid,25,25,bad_posture_20241013_220400_png.rf.3095fdf360fe071832dfce60f022ec9c.jpg,1,Bad,126,43,348.5,477.5,166408.75,True,,4,4,4,"[272.198, 433.929, 2, 224.968, 189.51, 2, 288.957, 112.987, 2, 138.667, 293, 2]"
valid,26,26,bad_posture_20241013_215654_png.rf.6e717746e4f46e40b16f82e187327edd.jpg,1,Bad,39,36,348,471,163908,True,,4,4,4,"[191.45, 446.492, 2, 110.701, 212.353, 2, 182.308, 123.266, 2, 66.667, 303, 2]"
valid,27,27,bad_posture_20241013_221510_png.rf.94892aac33e34758cf7e8b9312a66b98.jpg,1,Bad,111,29,348.5,443,154385.5,True,,4,4,4,"[249.345, 423.649, 2, 217.35, 194.079, 2, 299.622, 126.693, 2, 132, 273, 2]"
valid,28,28,bad_posture_20241021_143900_png.rf.4bf5b029065b09fb7af0c88c91e7951f.jpg,1,Bad,120,186,342.5,397.5,136143.75,True,,4,4,4,"[229.539, 532.153, 2, 253.915, 312.862, 2, 348.376, 262.607, 2, 149.333, 372, 2]"
valid,29,29,bad_posture_20241021_142524_png.rf.1f868d88e5bbf819cbc94844a28a4b7d.jpg,1,Bad,150,217,371,352.5,130777.5,True,,4,4,4,"[260.2, 527.584, 2, 351.613, 326.567, 2, 449.121, 286.592, 2, 228, 350, 2]"
valid,30,30,good_posture_20241013_222734_png.rf.c882b3e33ab8c95e4a8d58d07af8a314.jpg,1,Bad,139,34,350.5,458,160529,True,,4,4,4,"[258.486, 427.076, 2, 212.779, 191.795, 2, 299.622, 98.139, 2, 142.667, 266, 2]"
valid,31,31,good_posture_20241021_142348_png.rf.99f90638448057ed522ec0303ce0d466.jpg,2,Good,154,110,332,486.5,161518,True,,4,4,4,"[247.821, 529.868, 2, 243.251, 299.156, 2, 292.004, 198.648, 2, 185.333, 360, 2]"
valid,32,32,image_20241009_140300_jpg.rf.cc7c0564c0e46216616797e358c20f17.jpg,1,Bad,5,87,297.5,454.5,135213.75,True,,4,4,4,"[110.701, 473.904, 2, 87.848, 228.343, 2, 147.267, 155.246, 2, 5.333, 335, 2]"
valid,33,33,image_20241007_225532_jpg.rf.a3689cb0f2aee673f9d0c13103bf39b2.jpg,1,Bad,86,73,433,478.5,207190.5,True,,4,4,4,"[228.015, 521.873, 2, 220.397, 245.475, 2, 267.627, 163.241, 2, 104, 314, 2]"
valid,34,34,good_posture_20241012_172340_png.rf.c583c2f7309d94e907e8b5ea22f12105.jpg,2,Good,153,90,329.5,480.5,158324.75,True,,4,4,4,"[237.156, 512.736, 2, 232.586, 256.897, 2, 255.439, 152.962, 2, 169.333, 330, 2]"
valid,35,35,good_posture_20241013_222745_png.rf.bd4339b7b02b56c60da1834998296a75.jpg,2,Good,136,20,313.5,470.5,147501.75,True,,4,4,4,"[256.963, 449.918, 2, 228.015, 173.52, 2, 287.434, 91.286, 2, 152, 262, 2]"
valid,36,36,bad_posture_20241012_172401_png.rf.a6e630dcf18c66ac1a45aa702144c62a.jpg,1,Bad,164,86,305,440.5,134352.5,True,,4,4,4,"[276.769, 509.31, 2, 240.203, 263.75, 2, 299.622, 165.525, 2, 173.333, 319, 2]"
valid,37,37,bad_posture_20241013_220652_png.rf.b08260eef00a04a4d105a5f8f3fede45.jpg,1,Bad,113,22,377.5,479.5,181011.25,True,,4,4,4,"[256.963, 433.929, 2, 241.727, 196.363, 2, 299.622, 116.413, 2, 144, 267, 2]"
valid,38,38,bad_posture_20241021_141928_png.rf.af0d07ebed3fe6a325e0f1ef209f63b4.jpg,1,Bad,107,151,320.5,432,138456,True,,4,4,4,"[200.591, 547, 2, 202.115, 304.867, 2, 310.287, 250.044, 2, 132, 385, 2]"
valid,39,39,bad_posture_20241021_141412_png.rf.d6e50f481e495a7558b2b4b2275f52e7.jpg,1,Bad,115,146,337.5,450,151875,True,,4,4,4,"[215.827, 545.858, 2, 217.35, 307.151, 2, 334.664, 238.622, 2, 153.333, 376, 2]"
valid,40,40,bad_posture_20241021_180449_png.rf.f5b1011174080e0d888acebc1b29a6d5.jpg,1,Bad,162,138,411.5,462.5,190318.75,True,,4,4,4,"[311.811, 554.996, 2, 327.046, 323.141, 2, 413.889, 235.196, 2, 217.333, 379, 2]"
valid,41,41,good_posture_20241013_225739_png.rf.e4c5481075e5e649548b013cf633be49.jpg,2,Good,120,5,275,471.5,129662.5,True,,4,4,4,"[173.547, 438.497, 2, 172.024, 159.815, 2, 223.825, 66.159, 2, 133.333, 247, 2]"
valid,42,42,bad_posture_20241021_142424_png.rf.eaafe3abc338f75e9f65caca5da9b359.jpg,1,Bad,164,194,384,382,146688,True,,4,4,4,"[263.057, 539.006, 2, 342.282, 317.43, 2, 424.554, 274.029, 2, 209.333, 360, 2]"
valid,43,43,good_posture_20241013_222743_png.rf.f5da25a3abd019a0ff4cbbbd784f5649.jpg,2,Good,147,16,320,473,151360,True,,4,4,4,"[238.68, 440.639, 2, 238.68, 172.236, 2, 279.816, 86.576, 2, 162.667, 272, 2]"
valid,44,44,bad_posture_20241021_144502_png.rf.f41ef58c38e6ef2d09c8323e98a115ff.jpg,1,Bad,122,168,355.5,407,144688.5,True,,4,4,4,"[266.104, 547, 2, 253.915, 332.278, 2, 304.193, 259.181, 2, 144, 372, 2]"
valid,45,45,image_20241007_191607_jpg.rf.95551df22ad262109e71cdb282c80c1b.jpg,2,Good,90,85,321,488.5,156808.5,True,,4,4,4,"[220.397, 537.863, 2, 224.968, 244.333, 2, 269.151, 147.251, 2, 114.667, 325, 2]"
valid,46,46,bad_posture_20241012_173404_png.rf.e3b50a195c4c628563bc2f6b8d60a82b.jpg,1,Bad,137,131,323,414.5,133883.5,True,,4,4,4,"[235.633, 499.031, 2, 252.392, 262.607, 2, 314.858, 191.795, 2, 149.333, 330, 2]"
valid,47,47,image_20241007_191516_jpg.rf.f830cfbb09055b26c628088163fee7a7.jpg,2,Good,90,69,307,476,146132,True,,4,4,4,"[202.115, 516.163, 2, 197.544, 238.622, 2, 235.633, 140.398, 2, 118.667, 322, 2]"
valid,48,48,image_20241010_175016_jpg.rf.cc04d2a7d11f55af49754df630c26227.jpg,2,Good,139,21,367.5,505,185587.5,True,,4,4,4,"[264.58, 492.178, 2, 260.01, 196.363, 2, 307.24, 111.845, 2, 185.333, 290, 2]"
valid,49,49,image_20241007_192301_jpg.rf.fa66c9b3bc5dce6eddbcd80cff3b46ab.jpg,1,Bad,3,157,310.5,482.5,149816.25,True,,4,4,4,"[203.638, 594.971, 2, 69.565, 342.557, 2, 141.172, 235.196, 2, 4, 420, 2]"
valid,50,50,good_posture_20241021_143309_png.rf.fa2a4fada518ad47cf4a1988645aca7d.jpg,2,Good,88,116,320,464,148480,True,,4,4,4,"[194.497, 525.3, 2, 176.214, 314.004, 2, 188.403, 208.927, 2, 117.333, 384, 2]"
valid,51,51,bad_posture_20241012_173454_png.rf.bdbfce623dcbdf2e900b7ccfc6a18ebc.jpg,1,Bad,128,118,347,461.5,160140.5,True,,4,4,4,"[241.727, 513.878, 2, 244.774, 266.034, 2, 331.617, 189.51, 2, 158.667, 331, 2]"
valid,52,52,image_20241009_231522_jpg.rf.d8beb48d1faa1f7f8f8dc02f5e4df92c.jpg,1,Bad,59,52,360.5,472,170156,True,,4,4,4,"[233.993, 467.593, 2, 139.649, 236.338, 2, 221.921, 140.398, 2, 90.667, 330, 2]"
valid,53,53,good_posture_20241021_180543_png.rf.fd3550ecd26422c9a2146b47da422983.jpg,2,Good,174,105,296.5,494,146471,True,,4,4,4,"[252.392, 553.853, 2, 256.963, 304.867, 2, 285.91, 190.653, 2, 205.333, 378, 2]"
valid,54,54,image_20241008_201603_jpg.rf.9ffe399688ff92d24c345a09b96129f6.jpg,2,Good,73,69,342.5,525,179812.5,True,,4,4,4,"[199.067, 527.584, 2, 189.926, 227.201, 2, 231.062, 139.256, 2, 120, 332, 2]"
