split,image_id,filename,relative_path,width,height,file_size_bytes,sha256,dhash64,brightness_mean,edge_variance,is_corrupt,has_annotation,annotation_count,error
test,0,image_20241010_170701_jpg.rf.49fdc76dca86b56ced0aaeb90d08d15c.jpg,test/image_20241010_170701_jpg.rf.49fdc76dca86b56ced0aaeb90d08d15c.jpg,640,640,38549,cd492a0d441040453be085fa04f6078c96b97db6697aa0295fc6a9c958bdce1c,9298d0c1c1e5c023,104.1759,518.5316,False,True,1,
test,1,good_posture_20241013_222709_png.rf.386ecd5c794be23aae3e99047f519f92.jpg,test/good_posture_20241013_222709_png.rf.386ecd5c794be23aae3e99047f519f92.jpg,640,640,33238,6def5fa298e00642701242a800b819e838f9e86e3f33efe3f680abad79da2f68,d8dce0e0632c1607,60.3308,298.9674,False,True,1,
test,2,bad_posture_20241021_144934_png.rf.1681bacbb1c8a2a85bebce05970e8df7.jpg,test/bad_posture_20241021_144934_png.rf.1681bacbb1c8a2a85bebce05970e8df7.jpg,640,640,33676,01032fabc5757317f4c363277794d57b7a34ad381f88d4d6d59180734363dd05,83b7cf0e31bbb48f,134.5127,508.5868,False,True,1,
test,3,image_20241007_210806_jpg.rf.4ceb030c1b5cc5636214465aaaabda90.jpg,test/image_20241007_210806_jpg.rf.4ceb030c1b5cc5636214465aaaabda90.jpg,640,640,35328,b179622f8db982be088274f108c7afa8951e8cb121e27d20ca114621bb116c22,b4343031380c15cd,83.0159,505.8421,False,True,1,
test,4,image_20241007_225721_jpg.rf.ec0e896adc125d807a5b6672333205ef.jpg,test/image_20241007_225721_jpg.rf.ec0e896adc125d807a5b6672333205ef.jpg,640,640,36160,b5de74bb357482af30a6dd66c37702f104ed47accecec28d6f17225303798ab6,a4b43031332f8585,83.685,580.5463,False,True,1,
test,5,bad_posture_20241021_142354_png.rf.910bcb6597e9df7893db256e36faa67d.jpg,test/bad_posture_20241021_142354_png.rf.910bcb6597e9df7893db256e36faa67d.jpg,640,640,31507,0fe7545b85e29dae84d04c9f6af64e95c829e093e3c71bae35313c4531884873,8387efce98898f9f,135.1161,442.0937,False,True,1,
test,6,bad_posture_20241021_145524_png.rf.9b06e38e78350843b6ef4344258ab5fb.jpg,test/bad_posture_20241021_145524_png.rf.9b06e38e78350843b6ef4344258ab5fb.jpg,640,640,32492,9c2ff6bee9c47704e511adb851b2ec59f46635c73ab7cdd2fe335e471b164f79,83b3cfcc99918d0f,130.6041,441.4178,False,True,1,
test,7,bad_posture_20241021_142701_png.rf.671d36bfb00dce753d083e2a6d0f8a37.jpg,test/bad_posture_20241021_142701_png.rf.671d36bfb00dce753d083e2a6d0f8a37.jpg,640,640,31843,f524a40ffe91f688a438f18eea02b59744501605d4185c1ee4b9c510912bffee,82afcfce99898f9f,132.0541,451.4147,False,True,1,
test,8,bad_posture_20241021_144526_png.rf.14bcfa158ef2885700810367bf39be4a.jpg,test/bad_posture_20241021_144526_png.rf.14bcfa158ef2885700810367bf39be4a.jpg,640,640,31410,88bc4f37ad60da2658214717ef00966bde0eeb8b0be3ef65284aca3e62348e52,83b3cf8c99998d9e,133.9879,460.9065,False,True,1,
test,9,image_20241008_200500_jpg.rf.a3e1abe37c7047be08fd3db08c3982c7.jpg,test/image_20241008_200500_jpg.rf.a3e1abe37c7047be08fd3db08c3982c7.jpg,640,640,37194,bb74972be5d66c6997cd003951390183fd52cb1004851c33a697728821f2da4e,b4b4b031f9264764,83.2048,576.2414,False,True,1,
test,10,bad_posture_20241013_222749_png.rf.1a6f8d4d825c94003cd061a799ceaaa9.jpg,test/bad_posture_20241013_222749_png.rf.1a6f8d4d825c94003cd061a799ceaaa9.jpg,640,640,32923,679be9bb74ef49281c590fb195e31d72626b621a5970f833324c165b297277f8,cccccce8624c3627,59.6486,297.766,False,True,1,
test,11,image_20241008_200613_jpg.rf.531a35da0b7cda2b9dfc66866d3c6fb3.jpg,test/image_20241008_200613_jpg.rf.531a35da0b7cda2b9dfc66866d3c6fb3.jpg,640,640,36560,1429875c2cb3eff189980c6bbf4c2fe908f4bed7f9dba0e58fafb230a1c24b7d,949898b131264764,84.2408,545.024,False,True,1,
test,12,bad_posture_20241021_145205_png.rf.f14d47aa70fa3f230e09d869e2c344a7.jpg,test/bad_posture_20241021_145205_png.rf.f14d47aa70fa3f230e09d869e2c344a7.jpg,640,640,31326,acaba7b10e61edfb69e32ff915b0c3d3554c8c3bb936877fa7ba33ad3d7eca2c,83c6cbc38b898d3f,132.1301,468.77,False,True,1,
test,13,bad_posture_20241021_143452_png.rf.d349c06e3ff26ad1e62826b0276ed52a.jpg,test/bad_posture_20241021_143452_png.rf.d349c06e3ff26ad1e62826b0276ed52a.jpg,640,640,31854,98f1016ade93e44b60a74e0ec9c62f97cf6daa245ea362bf4d4e236c70c68bd6,83b2cfcb9a8d999f,131.6229,441.3622,False,True,1,
test,14,bad_posture_20241012_174220_png.rf.9ddba68fb2504d13324bdff2612f9126.jpg,test/bad_posture_20241012_174220_png.rf.9ddba68fb2504d13324bdff2612f9126.jpg,640,640,40524,c23bef00c02f45505ec9c45761625d03af04b3c081dd23c373cf9fc9ce0f9024,309c985888dec603,134.5237,703.0653,False,True,1,
test,15,good_posture_20241012_174159_png.rf.0d2d05bc40b1e26ce482756ee7891799.jpg,test/good_posture_20241012_174159_png.rf.0d2d05bc40b1e26ce482756ee7891799.jpg,640,640,40919,09fadd7036bbf1367a251b99a7a89707862f20a513b66974f1d5535adb2ca67e,303838d098f6c603,136.1135,709.3688,False,True,1,
test,16,image_20241010_170835_jpg.rf.c0e054dabafb7192e9e79e142bc33cde.jpg,test/image_20241010_170835_jpg.rf.c0e054dabafb7192e9e79e142bc33cde.jpg,640,640,38646,ad4c8494e72bf9862a6390b2e16bdc097eaef9e788b306cfcf97dca9b5e887ed,9a98c0e1c3e6a063,102.7941,508.813,False,True,1,
test,17,image_20241007_193055_jpg.rf.f0149ffe4facc6c0a86b206f8d572fd3.jpg,test/image_20241007_193055_jpg.rf.f0149ffe4facc6c0a86b206f8d572fd3.jpg,640,640,40131,703056d75af8e52163bde09538e6cfae73d5facd12533bd04e8339a4d210675a,a43130a1b1808685,102.8351,645.9231,False,True,1,
test,18,image_20241008_210940_jpg.rf.2aec852a508796ec39b3f6fbf6230067.jpg,test/image_20241008_210940_jpg.rf.2aec852a508796ec39b3f6fbf6230067.jpg,640,640,36371,cb336fc70e4aa40f5ba17fccbf33dd7045d18e0a37930b83f9b786f07a7ab981,a49c983959460764,83.5621,556.7343,False,True,1,
test,19,good_posture_20241021_141554_png.rf.619fa86d083a2092f85ed3146c8c3dd9.jpg,test/good_posture_20241021_141554_png.rf.619fa86d083a2092f85ed3146c8c3dd9.jpg,640,640,32307,dcfba90efc7ef6c3c4005c9478329d9fc088cdc558eed799c3b83ee48daa2dd1,c3979f9eb39dcf1f,131.4268,503.0461,False,True,1,
test,20,bad_posture_20241012_174058_png.rf.09ed9018c8ed440c95ea4b529de4e4e1.jpg,test/bad_posture_20241012_174058_png.rf.09ed9018c8ed440c95ea4b529de4e4e1.jpg,640,640,40305,e02036df4c1581601a2835ca2318008f9808504b11e1ae82726121ecf8cd5500,306c8cb890cec603,132.5919,716.669,False,True,1,
test,21,bad_posture_20241021_142117_png.rf.de94348d74c4109ef0128fc64e610d88.jpg,test/bad_posture_20241021_142117_png.rf.de94348d74c4109ef0128fc64e610d88.jpg,640,640,30659,c5964e546a42b2ce4731f8c1a11f65a9af58ea4c0ff4b67ab5e9ec5702eb8bb1,83cba7c68391cd0f,132.5113,447.1731,False,True,1,
test,22,good_posture_20241012_174128_png.rf.7b70d5ce397ba6d0f6c73a6ffe55b575.jpg,test/good_posture_20241012_174128_png.rf.7b70d5ce397ba6d0f6c73a6ffe55b575.jpg,640,640,40792,8741466f7c63f7ee0d4d6c6e7b09fc3aefacd1a815707e4e9c74a822661760a2,30b8b8d898dec603,135.3407,719.7514,False,True,1,
test,23,bad_posture_20241013_225802_png.rf.34dd19fba4a0606a0af4f1ef545c1d26.jpg,test/bad_posture_20241013_225802_png.rf.34dd19fba4a0606a0af4f1ef545c1d26.jpg,640,640,30589,e954508e01f893a29162cc524bd40f51f7fe710394c9b341108c5ae049854ded,c8cccca0c0812626,57.5745,313.2652,False,True,1,
test,24,bad_posture_20241013_220804_png.rf.d26014a7fa46be0769b8bb1977083fb0.jpg,test/bad_posture_20241013_220804_png.rf.d26014a7fa46be0769b8bb1977083fb0.jpg,640,640,38185,bb8f4a00c33ccca1a7c20c15ca1de2a6c0c8786aa414bb39ce2c84521741009d,ceccccc8420a3607,94.3755,518.2396,False,True,1,
test,25,image_20241007_191052_jpg.rf.fb41f9fa31c02b6115588cc204762ff8.jpg,test/image_20241007_191052_jpg.rf.fb41f9fa31c02b6115588cc204762ff8.jpg,640,640,39886,6999917573a8a76a8d87f74ff85b64afd69d2299c9538e84adf2a8cf3ae194c4,a4999891d9664365,102.2679,598.1995,False,True,1,
test,26,good_posture_20241021_141329_png.rf.ff15b6917f26885a4a837bf0afd5b7e9.jpg,test/good_posture_20241021_141329_png.rf.ff15b6917f26885a4a837bf0afd5b7e9.jpg,640,640,31865,152d53d0a3bd274870eb79eaab5682f2d79d82f115cf68134543514633331350,63979f9e938ccd8f,128.0743,514.4427,False,True,1,
train,0,bad_posture_20241021_142856_png.rf.d63238b8aa0715cda8e88f5ecaef0e2f.jpg,train/bad_posture_20241021_142856_png.rf.d63238b8aa0715cda8e88f5ecaef0e2f.jpg,640,640,64569,311c5f31b11f997f80db0573ee6c0a65d006423829b71db746c065aad959d74a,82b3cf8cba91999f,136.3591,1805.3824,False,True,1,
train,1,good_posture_20241013_222712_png.rf.d4260da6ca2e54e87b93742653249b2b.jpg,train/good_posture_20241013_222712_png.rf.d4260da6ca2e54e87b93742653249b2b.jpg,640,640,79725,51a597ea32254b5b756f0e824e864631e747d5601d1340c68057df93e72730b4,dcdce8e0622c3617,60.8037,1761.848,False,True,1,
train,2,bad_posture_20241013_225750_png.rf.daa920390fdfc539db263e20cfef43ef.jpg,train/bad_posture_20241013_225750_png.rf.daa920390fdfc539db263e20cfef43ef.jpg,640,640,30923,002d4877664528e78d022e63110095f1610aea9936d1038df35f1695d997c1a2,ccccccc0c081a626,56.0477,314.481,False,True,1,
train,3,bad_posture_20241021_142448_png.rf.d33dd9f9f893e9afb7e761de880c9371.jpg,train/bad_posture_20241021_142448_png.rf.d33dd9f9f893e9afb7e761de880c9371.jpg,640,640,33766,616af096d1088996cc40e7c715359b4f5618c47e0852c03f20ed59cdad261c44,82cfd3c292898f9f,137.6209,576.6271,False,True,1,
train,4,bad_posture_20241013_225714_png.rf.d2c1738f716f13eb44311e3ea1d89477.jpg,train/bad_posture_20241013_225714_png.rf.d2c1738f716f13eb44311e3ea1d89477.jpg,640,640,30478,deac7096deaf34a42aabd27c0d30355256c2bbebbd75b6153a951e4991452803,c6c6e4a4c0894e46,55.1258,306.9066,False,True,1,
train,5,image_20241008_203730_jpg.rf.db22bb8d251335e4b0098ff677b77b70.jpg,train/image_20241008_203730_jpg.rf.db22bb8d251335e4b0098ff677b77b70.jpg,640,640,83762,94cf556480037a994ecab64becf5c9da556fe361be4d3fe18a8a821f7970e6b3,a4343031d9661784,80.754,2093.1414,False,True,1,
train,6,good_posture_20241021_141536_png.rf.d3f0e943b02c7be763e6cf54d93d567f.jpg,train/good_posture_20241021_141536_png.rf.d3f0e943b02c7be763e6cf54d93d567f.jpg,640,640,76797,360187668b70d4229042742da4a08c0236cd7cd8d279dd37cb766535d4e0b4b8,e29b9b9eb39dcd9f,130.4798,2447.6931,False,True,1,
train,7,good_posture_20241013_225734_png.rf.d9808e2e835c5aa353fe9631a6258afb.jpg,train/good_posture_20241013_225734_png.rf.d9808e2e835c5aa353fe9631a6258afb.jpg,640,640,37443,4fa3d36a7fcd2912be2d2893ec83216ffb0bb7a2512b84cca050d0dc939b5a3f,b0b0d458c0854646,55.3936,508.6617,False,True,1,
train,8,good_posture_20241021_141341_png.rf.d8f8602154db4e80d92f4cd2f119a846.jpg,train/good_posture_20241021_141341_png.rf.d8f8602154db4e80d92f4cd2f119a846.jpg,640,640,81202,cebc5de593e2f53bc7e21242adab9057f731eba3f17b1130b4ffc97925ebffa3,e39b9b9eb394cf9f,128.4115,2506.7925,False,True,1,
train,9,bad_posture_20241021_143008_png.rf.d9c1ef0798864f8bfa499de7693cc403.jpg,train/bad_posture_20241021_143008_png.rf.d9c1ef0798864f8bfa499de7693cc403.jpg,640,640,32130,a84a4b38f4fed03af94d8911d180d80ab7af4bfcd49bbbff37c0ecf66e010628,8393cf8e92a9999f,136.7487,500.2902,False,True,1,
train,10,good_posture_20241021_142342_png.rf.d7977438f1a429a0c4f3e34cd03074e1.jpg,train/good_posture_20241021_142342_png.rf.d7977438f1a429a0c4f3e34cd03074e1.jpg,640,640,30989,03e60e373384f0e8f94247e442e8d544bdbe7e3cab5ff5df3f80662a0d774ffe,b2cfcf9e92938d9f,137.131,431.3259,False,True,1,
train,11,good_posture_20241021_144124_png.rf.d1fc5160ed82325c329aaaf90ef09fd4.jpg,train/good_posture_20241021_144124_png.rf.d1fc5160ed82325c329aaaf90ef09fd4.jpg,640,640,31713,f9684856a60cb841885f68fff45c4a4c5443c263fec47bf36e4505c6f49ae6a6,639f9f9e998b8d9f,132.613,422.8741,False,True,1,
train,12,bad_posture_20241021_142856_png.rf.d4683811d3b2e345171fee3e044ee2f0.jpg,train/bad_posture_20241021_142856_png.rf.d4683811d3b2e345171fee3e044ee2f0.jpg,640,640,31571,741cf857c56be10a34cca45246e04602a07e51cbfff38fa5b0fd5174c76e773d,82b3cf8cba99999f,136.4113,404.0728,False,True,1,
train,13,image_20241008_200913_jpg.rf.d5692304206ef908694a131f59cd4ce7.jpg,train/image_20241008_200913_jpg.rf.d5692304206ef908694a131f59cd4ce7.jpg,640,640,36881,220b1079dcfcbdddd9e326c23997e82e4ae5d8bd597d33f0315fddbb71b19c11,a49c9831714e4764,85.4641,560.2156,False,True,1,
train,14,good_posture_20241013_225742_png.rf.d33f51690b5f0b8d693c2cd787bf8808.jpg,train/good_posture_20241013_225742_png.rf.d33f51690b5f0b8d693c2cd787bf8808.jpg,640,640,77918,32312a3d246d986ff3b46490dd1202aa1f8d4fd120f553f1586a8b5ff2a5b5f8,9898c0c8c081a626,56.668,1714.7869,False,True,1,
train,15,good_posture_20241021_180607_png.rf.d0e2520a5d55463255fdbfe0196973f3.jpg,train/good_posture_20241021_180607_png.rf.d0e2520a5d55463255fdbfe0196973f3.jpg,640,640,39837,eb51ab8511094eeaacd652890a65fc3681d9bef7952e99bbd9b9a4cd6d8feca5,f3cf4d8f9ecfc69f,132.6086,653.9064,False,True,1,
train,16,bad_posture_20241021_180513_png.rf.d84928495a9e069e0b719fb4b2f83f4e.jpg,train/bad_posture_20241021_180513_png.rf.d84928495a9e069e0b719fb4b2f83f4e.jpg,640,640,33904,a54c718ebe0c9594783d33c6eff1f00bbff3a7b0947d7b0e5c43b03954bd81ee,d9e7a786cccfc69f,132.5285,407.2268,False,True,1,
train,17,good_posture_20241021_141454_png.rf.d7da762e5bde110e2e736c424fdbbd03.jpg,train/good_posture_20241021_141454_png.rf.d7da762e5bde110e2e736c424fdbbd03.jpg,640,640,89127,6b8afc4fd45acadb5f3f0136be5e8a97ff0b8be2672924cfb0b0732ddf1a01c9,a3db9f9e939dcf9f,129.3334,2775.1118,False,True,1,
train,18,bad_posture_20241021_143227_png.rf.d47fb2984e45e06df89cca454d075518.jpg,train/bad_posture_20241021_143227_png.rf.d47fb2984e45e06df89cca454d075518.jpg,640,640,52852,c0580ea2a1bf2383ed91cd4f3f511094e6878082b9211a1aedf3e5782110c460,82d3e78e9a91999f,136.0771,1310.4011,False,True,1,
train,19,good_posture_20241021_142318_png.rf.d9232b17db88f20ba4907f59d38abb25.jpg,train/good_posture_20241021_142318_png.rf.d9232b17db88f20ba4907f59d38abb25.jpg,640,640,31006,321df152f3efbba77461ef05d4e373ebec41f590e347692e0294e4ffe6edd979,e29f9b9e90898d9f,136.8163,423.116,False,True,1,
train,20,good_posture_20241021_142330_png.rf.d4be117b0eb5892d616618a89a77bf6f.jpg,train/good_posture_20241021_142330_png.rf.d4be117b0eb5892d616618a89a77bf6f.jpg,640,640,30679,2419aa1bca79169ad0b612104b93bfd977b4e53afdf03898f61e6d500d8aa287,a3cfcf9e92838d9e,135.1985,415.7102,False,True,1,
train,21,image_20241007_215802_jpg.rf.dbdb54ba63ed92b744009950b4bdbff8.jpg,train/image_20241007_215802_jpg.rf.dbdb54ba63ed92b744009950b4bdbff8.jpg,640,640,51074,2172145d6cf8e168aa9cae38d41816a5579ff815b65cef7b4c16ea6a10086788,a4347061315e0585,82.6224,1065.7198,False,True,1,
train,22,bad_posture_20241021_144100_png.rf.d6f4e4bdff8b3b8caac4a51b8ef9f50c.jpg,train/bad_posture_20241021_144100_png.rf.d6f4e4bdff8b3b8caac4a51b8ef9f50c.jpg,640,640,65229,7406ed8421f8f0063e1c531b3ea0dd27e7face28687d55214bbf90521eccb29c,8393efce98938d97,130.4599,1957.0244,False,True,1,
train,23,bad_posture_20241021_143948_png.rf.d48d2917df4c400c127a1435cc580624.jpg,train/bad_posture_20241021_143948_png.rf.d48d2917df4c400c127a1435cc580624.jpg,640,640,57926,3b9a9f516cfbdf9b364de9c57e8c63de3d5d37686b3ec1501113e951d3b09d91,8393cfce98938d9f,130.5,1536.4691,False,True,1,
train,24,good_posture_20241021_141630_png.rf.d6b3a72f5d321b47ddcd7ae9b33ab2af.jpg,train/good_posture_20241021_141630_png.rf.d6b3a72f5d321b47ddcd7ae9b33ab2af.jpg,640,640,31939,eee767fd1b2ef51b93559d9b2fceef302682cba1503e9882031fcc15a67f2865,a3db9f9e9382cf9f,130.3643,505.7149,False,True,1,
train,25,image_20241009_224730_jpg.rf.dc5962d0a6506d889d394912c37c2831.jpg,train/image_20241009_224730_jpg.rf.dc5962d0a6506d889d394912c37c2831.jpg,640,640,39208,ba535785a29a23ed30d21a9f88114e69111514123e5572c772a91a79d80bc2d3,b29890d8e1454073,94.2065,519.765,False,True,1,
train,26,image_20241009_224235_jpg.rf.dcb0c6c6bf6276f47836883b24387513.jpg,train/image_20241009_224235_jpg.rf.dcb0c6c6bf6276f47836883b24387513.jpg,640,640,91620,b1f02f5b84d5af70489e00e358b9c9f9164d80366c7e79be4b200b2dade65132,8cccc8e873070033,99.4611,2466.3413,False,True,1,
train,27,image_20241009_143702_jpg.rf.dd4731183ae5628a64ed6244dbb55b48.jpg,train/image_20241009_143702_jpg.rf.dd4731183ae5628a64ed6244dbb55b48.jpg,640,640,87464,0e13778fed15c64132b2e852511938dc3ead0321398627a779b1e6d5df52d637,a0cd8db1524f2514,112.8839,2557.9258,False,True,1,
train,28,good_posture_20241013_222757_png.rf.dde627f4ad54320fb1a7f1f6755e0fb3.jpg,train/good_posture_20241013_222757_png.rf.dde627f4ad54320fb1a7f1f6755e0fb3.jpg,640,640,64542,b7d00a987e2a41c916061962b2921a89fd7df399b1063be7aaad43e2f8d6cae8,cccce8e0626c3627,60.4466,1325.2426,False,True,1,
train,29,bad_posture_20241021_143008_png.rf.e4219080ea89fe4c65fce8c779f2a3f4.jpg,train/bad_posture_20241021_143008_png.rf.e4219080ea89fe4c65fce8c779f2a3f4.jpg,640,640,74976,b0db923792219ed08cfe8f151c057fdabe039b0228b7798ebfca20f4eca8d2d7,8393cf8e92a1999f,136.7218,2264.1138,False,True,1,
train,30,good_posture_20241021_142153_png.rf.e06a2ffac509cb1cc9c1a852ace0cdb6.jpg,train/good_posture_20241021_142153_png.rf.e06a2ffac509cb1cc9c1a852ace0cdb6.jpg,640,640,92327,4901185440217c785add4fa99fd0a31ed40f4d711da40ddcb129c3d2476e8826,a3cfcfce93818d9f,137.6792,2994.0293,False,True,1,
train,31,bad_posture_20241021_142555_png.rf.e313463ebdee7eea418ec43162fcd683.jpg,train/bad_posture_20241021_142555_png.rf.e313463ebdee7eea418ec43162fcd683.jpg,640,640,82241,10592f42605006911d97489b03dc0c791112c7d4933f12cbef1972d572751f18,82cfd3c292998f9f,137.5798,2570.0566,False,True,1,
train,32,good_posture_20241013_225737_png.rf.e1c15d7f07506d6650761e065d27409d.jpg,train/good_posture_20241013_225737_png.rf.e1c15d7f07506d6650761e065d27409d.jpg,640,640,30944,b717591ae4c666080413482280dcb7278425780a5b65778ce9c58943ac51018f,9898d0d080854e46,55.8528,315.9075,False,True,1,
train,33,image_20241008_201334_jpg.rf.e742353a85cfddcbe8cb5bd96c8db275.jpg,train/image_20241008_201334_jpg.rf.e742353a85cfddcbe8cb5bd96c8db275.jpg,640,640,59448,31aebecffab95173da942c5d8111e9b5ccbe2d64cbc72231bbe0fea1201b6ab5,90989891b9364f64,85.0245,1327.2919,False,True,1,
train,34,good_posture_20241012_174139_png.rf.e820667afa93896a51f53c1dfc11f41d.jpg,train/good_posture_20241012_174139_png.rf.e820667afa93896a51f53c1dfc11f41d.jpg,640,640,41155,fd47bad0918c84bc361aa731784f2d06ba77a43a7d75c1adbcf1b1ff6d6461e7,30b8b8d098dec603,135.6801,715.6122,False,True,1,
train,35,bad_posture_20241013_222600_png.rf.e3bbbd81cbad152f54f470ee95ffdd17.jpg,train/bad_posture_20241013_222600_png.rf.e3bbbd81cbad152f54f470ee95ffdd17.jpg,640,640,29204,ddde3a4641d4748b9fc65b0df2bce313394de8f0e37b56732fe674a3bc8387fc,c8cccccc24113617,48.6274,257.5181,False,True,1,
train,36,good_posture_20241021_180549_png.rf.df4763572605f1adce89580b52af8c75.jpg,train/good_posture_20241021_180549_png.rf.df4763572605f1adce89580b52af8c75.jpg,640,640,65909,e7fabe8647865391885e1d902885751ce4d9ec06932cee9381121604552acdd3,f3cfcd8e9ecfc69f,132.4615,1751.1324,False,True,1,
train,37,bad_posture_20241021_143245_png.rf.e182e517d8fbba0a6f1da3597693b1b9.jpg,train/bad_posture_20241021_143245_png.rf.e182e517d8fbba0a6f1da3597693b1b9.jpg,640,640,83681,3ebd3f7a227050925fd4aa4c7fd10ed4f5ae4f8548020c0083ebf35f6c88064b,82dbe7868491999f,136.4147,2562.5564,False,True,1,
train,38,image_20241008_205601_jpg.rf.dfbb727b39a24d63a7339b8458c76403.jpg,train/image_20241008_205601_jpg.rf.dfbb727b39a24d63a7339b8458c76403.jpg,640,640,50255,8b30bf4fe8b34cf968698198f5b2773cc6fce876489ccbd72404570ca9b5a0df,b4b4b03119368344,76.8673,1039.0345,False,True,1,
train,39,image_20241007_215802_jpg.rf.e5a92a843b04789f63bab3bca2dfcbfb.jpg,train/image_20241007_215802_jpg.rf.e5a92a843b04789f63bab3bca2dfcbfb.jpg,640,640,84907,5a429f9f78335fd5ec4aa02adca785ad4a00ea22fd3935117968b80efd621956,a4347061315e0585,83.1497,2226.8352,False,True,1,
train,40,image_20241009_225822_jpg.rf.de5e20aaab1341db95b6df0ffb16cd6d.jpg,train/image_20241009_225822_jpg.rf.de5e20aaab1341db95b6df0ffb16cd6d.jpg,640,640,66371,4a4c378a209982f55c390b166cd67c2f8a5ae76d749ce13f241475fbd4bcbb64,929898d0f1854267,95.3167,1617.2063,False,True,1,
train,41,bad_posture_20241021_180437_png.rf.dc6b37401fc09622a7a83ca31f0d00e7.jpg,train/bad_posture_20241021_180437_png.rf.dc6b37401fc09622a7a83ca31f0d00e7.jpg,640,640,33532,db21ea3275a0a8216e69e0fae7c9940d19e61cbdc3db274338d8cbee12534a8b,c3cdd383cecdc69f,131.9793,404.7137,False,True,1,
train,42,good_posture_20241021_142205_png.rf.e6b1271d5b97553fd11b79e8f6a7fd46.jpg,train/good_posture_20241021_142205_png.rf.e6b1271d5b97553fd11b79e8f6a7fd46.jpg,640,640,31183,3a0c5f63ee3d9e14c7757987aef0d0c613d5ac6e198856863fbaeb5491fe65b7,b2cfcf8e93998d9f,137.882,463.8792,False,True,1,
train,43,bad_posture_20241021_143853_png.rf.e3d52257219aede77d89bfbcd6f43220.jpg,train/bad_posture_20241021_143853_png.rf.e3d52257219aede77d89bfbcd6f43220.jpg,640,640,80125,95a08e3a84f90c86d9ebefd7628912baa983c491c6b9ce2731e2308b4b67f0f8,83d3cfcc98938d9f,132.0463,2438.1768,False,True,1,
train,44,image_20241008_210224_jpg.rf.de71181b87b246d9e5938dd0950cf09e.jpg,train/image_20241008_210224_jpg.rf.de71181b87b246d9e5938dd0950cf09e.jpg,640,640,92096,159d0f842a423cdac8b1ea36716f82b72c5a2104dea4c892ca32aec69ff2ceb0,a49c9839796287c4,82.0647,2403.3069,False,True,1,
train,45,bad_posture_20241012_173243_png.rf.e7f0383f72da060d1eef964fc5aa463e.jpg,train/bad_posture_20241012_173243_png.rf.e7f0383f72da060d1eef964fc5aa463e.jpg,640,640,38954,5f81d9b169579c3d4f03658d8f08bc3f15df79f3a7e21fb9ad852bdba5f7da2b,30b6a6aeec6eb623,122.5463,622.7428,False,True,1,
train,46,image_20241008_205202_jpg.rf.e1740bbe1c03691d901528cd9ef4dce9.jpg,train/image_20241008_205202_jpg.rf.e1740bbe1c03691d901528cd9ef4dce9.jpg,640,640,90455,a4338c9b6c579d1f79f5d4b0be63f7c2d7dd6c2d9f084d713804a795c652c054,b434b0b1391b4664,83.1189,2347.8652,False,True,1,
train,47,bad_posture_20241013_222740_png.rf.e8c8ca5209b2a23b87dcf419aaac4a21.jpg,train/bad_posture_20241013_222740_png.rf.e8c8ca5209b2a23b87dcf419aaac4a21.jpg,640,640,33726,f35367e1f036e0734cfe5519dfcb76656c260fe8c2705186cf1d47e009d9fd02,cccce8e8624c3627,58.5499,434.171,False,True,1,
train,48,bad_posture_20241021_142555_png.rf.e556ca0952c2259fb392b373fdc479ba.jpg,train/bad_posture_20241021_142555_png.rf.e556ca0952c2259fb392b373fdc479ba.jpg,640,640,30076,62a9a13f6323eb177566ec0e7c92bdfb4d742e0f5dd436f42a15ac756715a21c,83c7d3c292998f9f,137.638,430.0166,False,True,1,
train,49,bad_posture_20241013_221218_png.rf.e5217e924397ca5e2727880291313b91.jpg,train/bad_posture_20241013_221218_png.rf.e5217e924397ca5e2727880291313b91.jpg,640,640,94285,fa2c0b19311cfe450b00a60dbf3c4bab64a1f14f5c2343305f2768ac39ab40c2,caccc8c446082607,93.8652,2606.6968,False,True,1,
train,50,image_20241008_200801_jpg.rf.de40fa9292fbeb3b79a1e2390e71ce3a.jpg,train/image_20241008_200801_jpg.rf.de40fa9292fbeb3b79a1e2390e71ce3a.jpg,640,640,84962,75447976673943cdc5084be33a391a56078ceb06d0e9594eab1551c5927aca0a,949898b199c60344,85.0229,2202.3679,False,True,1,
train,51,bad_posture_20241021_144118_png.rf.ece80e777476ee0de4a99a37680eabf6.jpg,train/bad_posture_20241021_144118_png.rf.ece80e777476ee0de4a99a37680eabf6.jpg,640,640,31825,12f6b7335b062555bf061d948f1d0d7a694a0e2e56d4a46a3f9bd48fa34d1902,a3df9f9eb9898d9f,130.8732,444.7455,False,True,1,
train,52,bad_posture_20241012_173121_png.rf.ec6ba94e66b786a035b8fbe653a089b3.jpg,train/bad_posture_20241012_173121_png.rf.ec6ba94e66b786a035b8fbe653a089b3.jpg,640,640,68873,80184f05ab27ceed982ebc1fd41c96e51741fba7a5a9b920ff1921bbe7c55538,309898d8d8e6e633,133.9604,1869.5574,False,True,1,
train,53,bad_posture_20241021_143641_png.rf.ea6c252145d940577205cc91e4374c22.jpg,train/bad_posture_20241021_143641_png.rf.ea6c252145d940577205cc91e4374c22.jpg,640,640,31242,e38c81d73944f92f2e5122f007f34edd9ad683eeecccfb81a6a34ebee8543e88,8293cfce98938d9f,136.3276,431.1691,False,True,1,
train,54,good_posture_20241021_142159_png.rf.f1fa4579559fd4ecb7a6ad8061547111.jpg,train/good_posture_20241021_142159_png.rf.f1fa4579559fd4ecb7a6ad8061547111.jpg,640,640,92206,637a7b0d07a09cf194875e5d11b7594ab2e3882234d765e942483bf56ecb06e9,b2cfcfce93918d9f,137.7472,2968.1414,False,True,1,
train,55,bad_posture_20241021_145052_png.rf.ea493141ec32fb18b7bc3c7616db058a.jpg,train/bad_posture_20241021_145052_png.rf.ea493141ec32fb18b7bc3c7616db058a.jpg,640,640,92250,a12bb2e449bfe47ee3810f896212f2ebc65ae77ec4d62016850abdc866624a14,83e7cf8cb8b3999e,130.993,2897.3301,False,True,1,
train,56,good_posture_20241021_142330_png.rf.ee893cf99d03ac67f71b40b3ec608328.jpg,train/good_posture_20241021_142330_png.rf.ee893cf99d03ac67f71b40b3ec608328.jpg,640,640,78195,4de80b19a5adc230ae864eb9d72132654c4e9ac182ad39c9dbd656a09a1be9c9,a3cfcf9e92838d9e,134.3731,2518.5422,False,True,1,
train,57,image_20241007_210150_jpg.rf.eb00cdb45a29b5c2aae969e153b0fc51.jpg,train/image_20241007_210150_jpg.rf.eb00cdb45a29b5c2aae969e153b0fc51.jpg,640,640,58932,1bd549a6a01747aaf308f0df5d07628151e4902439f00ddd531e3e7e8ea04c5a,a4343031310c93c5,82.8895,1320.351,False,True,1,
train,58,bad_posture_20241021_143139_png.rf.ea1a53ed56f0282bc1fe25bad848457e.jpg,train/bad_posture_20241021_143139_png.rf.ea1a53ed56f0282bc1fe25bad848457e.jpg,640,640,86689,0baf6451ad03f0f03957e05fe12caa07d7e5cfa3961937c01dd50c94cbde1926,83e79b9e328b999f,134.6551,2713.5544,False,True,1,
train,59,bad_posture_20241012_174037_png.rf.ed42a931d35ac793968ad39d77fa992c.jpg,train/bad_posture_20241012_174037_png.rf.ed42a931d35ac793968ad39d77fa992c.jpg,640,640,40543,9e3963fc819cbb8b8ed5188ce6da6e07be5954ea5679ffe2b927b5b36a1a6e96,304c8cb890dec603,131.494,718.3278,False,True,1,
train,60,image_20241008_202735_jpg.rf.edb3da9c33fff3ad166ea9b6bd3cb8e4.jpg,train/image_20241008_202735_jpg.rf.edb3da9c33fff3ad166ea9b6bd3cb8e4.jpg,640,640,92195,1e8b99532a477951b5551039aa654adf4e6fabd9b75477498b4c08c5b100739f,a4343061614207c4,82.1238,2413.3464,False,True,1,
train,61,bad_posture_20241021_144100_png.rf.ebf008e461617492a59e7075a6cc2814.jpg,train/bad_posture_20241021_144100_png.rf.ebf008e461617492a59e7075a6cc2814.jpg,640,640,68229,bd397a7354f72f54de558b30820a6530c6cc7b21f5a06066f805073dedc57f59,83d3efce98938d9f,131.1628,1934.7538,False,True,1,
train,62,good_posture_20241021_142336_png.rf.e9c0605e1ef61453fc5b498a093e9d24.jpg,train/good_posture_20241021_142336_png.rf.e9c0605e1ef61453fc5b498a093e9d24.jpg,640,640,31087,ac871a9e775d9222e4d567932d1cfdf2340b68fe9eb45216989e76b584c3064c,a2cfcf9e92818d9e,136.5458,449.078,False,True,1,
train,63,bad_posture_20241021_180437_png.rf.f2c5e87510d565cc280af6904f62a1ae.jpg,train/bad_posture_20241021_180437_png.rf.f2c5e87510d565cc280af6904f62a1ae.jpg,640,640,71141,3d76a7ca3ce53c4191a70513e94144b444b75240f42a668b0fb488e3d70364fd,c3cdd383cecdc69f,131.9766,1961.6488,False,True,1,
train,64,good_posture_20241013_222655_png.rf.eea38fe9371bd3278e00ee729b402653.jpg,train/good_posture_20241013_222655_png.rf.eea38fe9371bd3278e00ee729b402653.jpg,640,640,65784,6c8849b568220ec42a0d69d845430008cc0e4ee2257e5aed74aed78bdbf6fd92,c8ccccd864133607,49.4623,1385.3022,False,True,1,
train,65,bad_posture_20241021_144550_png.rf.f05717560cb461708608bc9e06788860.jpg,train/bad_posture_20241021_144550_png.rf.f05717560cb461708608bc9e06788860.jpg,640,640,55751,b0b71c84f57d7d294920be4b149888fd50e5f40da1b047f607ac741318696bab,83d3cf8c999b8d9f,133.9289,1586.6919,False,True,1,
train,66,bad_posture_20241021_143020_png.rf.f307ba23ff4a17822ff5b64783c8b96f.jpg,train/bad_posture_20241021_143020_png.rf.f307ba23ff4a17822ff5b64783c8b96f.jpg,640,640,32061,2bb6cc91ebf6d17dcc3e36a74f12f20ceab72802a313607afa0c671efb28c4d4,8393cf8c92a1999f,137.3128,498.6664,False,True,1,
train,67,bad_posture_20241021_142713_png.rf.efe8c12388966a59518e2a570cceacdb.jpg,train/bad_posture_20241021_142713_png.rf.efe8c12388966a59518e2a570cceacdb.jpg,640,640,35006,ebe1d5191462989f511a3140a9e28f61c0cd6bbb43a3c38bed482f31e78bf48c,8387cfce99898d9e,131.6256,706.7042,False,True,1,
train,68,image_20241008_202338_jpg.rf.ef4b87637bf07005a97394f1410d5ded.jpg,train/image_20241008_202338_jpg.rf.ef4b87637bf07005a97394f1410d5ded.jpg,640,640,35779,260c7881338d007a0fcc49fa21837f9bddbe84248d34812da34f6638a0175f20,b4b4b03171660684,82.1546,516.7813,False,True,1,
train,69,bad_posture_20241021_144538_png.rf.edc0c0e5bfdc28b873284fa499e2446c.jpg,train/bad_posture_20241021_144538_png.rf.edc0c0e5bfdc28b873284fa499e2446c.jpg,640,640,31528,561e1fb193d7318cc38e033c65f83100cd137ced1afd9cf7d9786af5c9f19f21,8393cf8c98998d9f,133.7545,468.7422,False,True,1,
train,70,bad_posture_20241013_221208_png.rf.f2ec5da19278a24514ce20a5ff9f9dfd.jpg,train/bad_posture_20241013_221208_png.rf.f2ec5da19278a24514ce20a5ff9f9dfd.jpg,640,640,43702,a92c6de5c2e20129376148b457baa344b6c7685d027c433ee435095cd89ae16e,da9ad8d0540a2607,94.0866,733.6691,False,True,1,
train,71,bad_posture_20241021_143853_png.rf.ef3747494971fc058e8d7513c463fe7f.jpg,train/bad_posture_20241021_143853_png.rf.ef3747494971fc058e8d7513c463fe7f.jpg,640,640,35988,bab36a6792854dfda2866b8497c2b244851b1a96d9eb1a043c7e0bced4829b56,8393cfce98938d9e,131.1672,772.4305,False,True,1,
train,72,bad_posture_20241021_145052_png.rf.f389bc74390fb91c7ae0927c87de0b5f.jpg,train/bad_posture_20241021_145052_png.rf.f389bc74390fb91c7ae0927c87de0b5f.jpg,640,640,33082,f96be9856da5b61149f5c704f17a05b326e6eb3380368e451486b40ef1e378ed,83e7cf8cb8b3999e,131.067,497.7462,False,True,1,
train,73,image_20241009_225721_jpg.rf.f33f6061f5485d84fd9e01babde47069.jpg,train/image_20241009_225721_jpg.rf.f33f6061f5485d84fd9e01babde47069.jpg,640,640,74160,3c8a20a732dda5c42cfd034cbc8672ad854292e7a9b470a66fef9ecf454ad564,b2b8b0d0e1a18263,94.2299,1820.6285,False,True,1,
train,74,good_posture_20241012_174331_png.rf.f2b9fe1d473a7dfe004f8525003bdbd5.jpg,train/good_posture_20241012_174331_png.rf.f2b9fe1d473a7dfe004f8525003bdbd5.jpg,640,640,40097,608b9ef2b31ca0fc8857bc3f685a3c1dde08d7234b3d8ee82e885d1987b8a67c,3038b0d888cec603,135.8673,677.0157,False,True,1,
train,75,bad_posture_20241013_215714_png.rf.f349c9621eb7217e238cc5e6b23a2a74.jpg,train/bad_posture_20241013_215714_png.rf.f349c9621eb7217e238cc5e6b23a2a74.jpg,640,640,79606,614c055ea3384f416637ebf4e9741d4cc43b36a0068fb65469a938933e821e43,b2b2b494c492660f,94.3764,2093.3608,False,True,1,
train,76,bad_posture_20241021_143504_png.rf.e937beb5ee8b56583aae19e685e5943b.jpg,train/bad_posture_20241021_143504_png.rf.e937beb5ee8b56583aae19e685e5943b.jpg,640,640,92553,ab27ba9ac134bed6a9e936dcc117aacee59b8b904f014f5df808819aa55fd48f,82a3cf8ebab1999e,134.9475,2884.9182,False,True,1,
train,77,image_20241008_210538_jpg.rf.f3cb2123ff63eacbdb6ed49eb42b6fe0.jpg,train/image_20241008_210538_jpg.rf.f3cb2123ff63eacbdb6ed49eb42b6fe0.jpg,640,640,36374,d3bfdb21b02dc24c4cfc4c36fa95ea0ae31ae29584a7f20d91a1ca82c1c2d90f,a4b43031616686c4,84.6486,553.7031,False,True,1,
train,78,image_20241007_193153_jpg.rf.f3fef5e7170671e81482e38e394a237b.jpg,train/image_20241007_193153_jpg.rf.f3fef5e7170671e81482e38e394a237b.jpg,640,640,42295,08981957ad8088d87e024dc928bb191083e40bd046096d006d0a34a7eb49abce,b431b0b1b1c48685,102.7537,864.2067,False,True,1,
train,79,good_posture_20241021_142053_png.rf.f92853fe64ced1e2dc89a574b320af0e.jpg,train/good_posture_20241021_142053_png.rf.f92853fe64ced1e2dc89a574b320af0e.jpg,640,640,72069,afe31eca053ea2a627cf92ffbb550e74e9f716328e4ef173ccbc23a5c374249c,e39b9f9eb39dcd1f,130.827,2120.7988,False,True,1,
train,80,image_20241009_142917_jpg.rf.fb0a0b469f692507e6e27313cc8813dd.jpg,train/image_20241009_142917_jpg.rf.fb0a0b469f692507e6e27313cc8813dd.jpg,640,640,45462,5b9784d78f48e1410903ccb29034d90f781de1ac9e06b41fedafa0535fdf22da,24317161e49b5764,121.563,923.5628,False,True,1,
train,81,good_posture_20241013_225721_png.rf.fc829bf0c43f345124e0cf4c649013ab.jpg,train/good_posture_20241013_225721_png.rf.fc829bf0c43f345124e0cf4c649013ab.jpg,640,640,52763,6daa0527878bc95604c061ef4b5cab2dd7d22ead86327e04f3d4dae86af58116,9898d0c880804e46,54.6533,1046.9792,False,True,1,
train,82,bad_posture_20241012_174240_png.rf.f80f91fed4f49cab3b62493a0a0be712.jpg,train/bad_posture_20241012_174240_png.rf.f80f91fed4f49cab3b62493a0a0be712.jpg,640,640,66650,eda9bf8d01e584ff30de75d9870e403c3e5401229e6a71f0cf148419b8437270,384c9cd88cc6c603,132.2396,1847.0128,False,True,1,
train,83,good_posture_20241021_141707_png.rf.f9f21b893af868635c0e9345f8a9ce06.jpg,train/good_posture_20241021_141707_png.rf.f9f21b893af868635c0e9345f8a9ce06.jpg,640,640,32038,705d6e6968a199e5fc43aae31a02dba9d5884a5f00ae2ea9d938eef3149e48b4,b3cfcf1eb39ccf9f,130.6641,473.1973,False,True,1,
train,84,bad_posture_20241021_143817_png.rf.fce9931214aba09f752c25071ec4fed4.jpg,train/bad_posture_20241021_143817_png.rf.fce9931214aba09f752c25071ec4fed4.jpg,640,640,31105,27b2f9ffd377dcf04c87e9cf1414f226511a49801e063506bcd0cecd3e2b2a9f,82dbe78694918d9f,137.9721,436.6132,False,True,1,
train,85,good_posture_20241012_174341_png.rf.fcb36e161afe196f2d337ac81f7a0eb8.jpg,train/good_posture_20241012_174341_png.rf.fcb36e161afe196f2d337ac81f7a0eb8.jpg,640,640,40488,3ba3c3bc985cab17f37b80e451a4540d9208b931fa91233014363e1369e43809,303830d888cec603,135.9328,697.3334,False,True,1,
train,86,image_20241007_225038_jpg.rf.f4383e7779f57cf16eb99203ee85bc6c.jpg,train/image_20241007_225038_jpg.rf.f4383e7779f57cf16eb99203ee85bc6c.jpg,640,640,37419,83cbeadaa124b9b8bd42439394e3bb20d841eaf0aa7a0b44807a0eee612e832d,a48c983939164935,85.4731,586.65,False,True,1,
train,87,image_20241007_230212_jpg.rf.f5fa1be50ad414568d876054634dbf1e.jpg,train/image_20241007_230212_jpg.rf.f5fa1be50ad414568d876054634dbf1e.jpg,640,640,91375,d2360c75fa472b5d67204d5819071205a5c3cc2e33b26f75c13872999c89088d,9498b8b12d2b8185,76.648,2367.6509,False,True,1,
train,88,bad_posture_20241013_222753_png.rf.f4479323bacdba1c4bebfd64ffb274f1.jpg,train/bad_posture_20241013_222753_png.rf.f4479323bacdba1c4bebfd64ffb274f1.jpg,640,640,67169,22a15328ed8d9561d7661ac5860bf56d52c476eed65016c6a748641a795540c8,c4cce4e0624c3627,62.3062,1408.7957,False,True,1,
train,89,good_posture_20241021_141454_png.rf.fbc52ca1393f47f07c04a4c8b628f2cf.jpg,train/good_posture_20241021_141454_png.rf.fbc52ca1393f47f07c04a4c8b628f2cf.jpg,640,640,37656,30df9d9f14f05e1d9a00203c37da7dba2c1364b0c01410351c7119862b3a4374,a3db9f9e939dcf9f,129.2784,725.2046,False,True,1,
train,90,good_posture_20241013_222724_png.rf.fb6d8a669da29eded4d85eeeb3430dd0.jpg,train/good_posture_20241013_222724_png.rf.fb6d8a669da29eded4d85eeeb3430dd0.jpg,640,640,93325,eacee9c2197f7eba478b41a66a47bf4bbfe8b9f80e7a7d5d520cd0d3406c8e29,98d8e8e0726c3627,60.052,2111.5093,False,True,1,
train,91,bad_posture_20241013_221410_png.rf.f7d3de0ebaa9d1fab842b5a3fa34b488.jpg,train/bad_posture_20241013_221410_png.rf.f7d3de0ebaa9d1fab842b5a3fa34b488.jpg,640,640,29394,bef5cd6610945b13933097fd8d70212aecfd05bf64c42195ed5fa4ced131a9a1,ccccc4cc24093607,49.2065,218.9404,False,True,1,
train,92,good_posture_20241013_222741_png.rf.ff1ac68a3734ace377a3933d70f66edf.jpg,train/good_posture_20241013_222741_png.rf.ff1ac68a3734ace377a3933d70f66edf.jpg,640,640,89987,488cf54928ac7327cc7ef7b25370f856582f231ac8d56dee8cd7285662ceb065,98d8e8e0626c3627,59.9202,2032.9509,False,True,1,
train,93,bad_posture_20241013_222753_png.rf.f6f12156a10a5dfda824997b58722b2d.jpg,train/bad_posture_20241013_222753_png.rf.f6f12156a10a5dfda824997b58722b2d.jpg,640,640,74868,386982ad37335383dac3b5626718b6319f7fc80f585a78bca050530a02e044a5,c4cce4e0624c3627,62.5232,1622.7781,False,True,1,
train,94,bad_posture_20241012_173243_png.rf.f8c08381facf73050fe1ed988bce0d77.jpg,train/bad_posture_20241012_173243_png.rf.f8c08381facf73050fe1ed988bce0d77.jpg,640,640,56070,7ecd9ef8e158cf2d792dcf373cb24c19bc9c9ea2deeb9c2bdd9509d3d92d2044,b0b6a6aeec6eb623,122.585,1321.746,False,True,1,
train,95,good_posture_20241012_174331_png.rf.fc8417ffb2dfb41dcbbdce5e0fc421d5.jpg,train/good_posture_20241012_174331_png.rf.fc8417ffb2dfb41dcbbdce5e0fc421d5.jpg,640,640,85379,ba5f7528794c92ed903df1d0b7f739dfdff9956501f9342ba7736d53e9f46129,3038b0d888cec603,135.7789,2612.0562,False,True,1,
train,96,bad_posture_20241013_225803_png.rf.fe9f632c24aa7899ce995c70c476f485.jpg,train/bad_posture_20241013_225803_png.rf.fe9f632c24aa7899ce995c70c476f485.jpg,640,640,42764,ddbf86d2a4dc0a4f7974e07dda4c65968b861bb02c1f0e1f430d9d00eaff6a29,c8ccc8a0c2812626,57.4439,694.1286,False,True,1,
train,97,good_posture_20241021_141548_png.rf.fe437b70d46340ecf1f31223f4a0c8b5.jpg,train/good_posture_20241021_141548_png.rf.fe437b70d46340ecf1f31223f4a0c8b5.jpg,640,640,62953,f026a81c277c4c6f1e47853b2a94b077bbde098141f7341ae4709b28e6a40a01,c2b79f9eb39dcf9f,130.9101,1746.2131,False,True,1,
train,98,bad_posture_20241012_172310_png.rf.ffebb843d5de7bda8fcbbd234c98db30.jpg,train/bad_posture_20241012_172310_png.rf.ffebb843d5de7bda8fcbbd234c98db30.jpg,640,640,52044,45bb91972f8534956df7be4c6d2c5845529458f6067a321dea56f4e03efb9514,30b6a6b4e4ee9623,125.1508,1214.0221,False,True,1,
train,99,good_posture_20241012_172239_png.rf.fe1d25262987db371a4c9db72053e1f6.jpg,train/good_posture_20241012_172239_png.rf.fe1d25262987db371a4c9db72053e1f6.jpg,640,640,39489,c7fdfc5a8455564b320e525ec3ef3245f0423e961a655ce887bd03b24a8ef5e2,30b88cbad2deb623,128.6529,690.8193,False,True,1,
train,100,good_posture_20241013_222738_png.rf.008882c9aa85b771e709a46d49a626f6.jpg,train/good_posture_20241013_222738_png.rf.008882c9aa85b771e709a46d49a626f6.jpg,640,640,63984,6ea8ee9bbce715de6eb6116a4fe6470ae89169cd29eb5623f140d833939028db,ccdce8e0624c3627,59.5858,1250.7522,False,True,1,
train,101,bad_posture_20241013_225746_png.rf.00bca5ddd713327a77a4fe56abaebbc8.jpg,train/bad_posture_20241013_225746_png.rf.00bca5ddd713327a77a4fe56abaebbc8.jpg,640,640,93086,b701d0785445b0debfae16c8ab2d4732ce4d9db2d0ce3da20fcd334fdb181ecb,ccccccc88081a626,56.676,2136.3245,False,True,1,
train,102,good_posture_20241013_225734_png.rf.01f5a532b2236e18e40d1c0277df1503.jpg,train/good_posture_20241013_225734_png.rf.01f5a532b2236e18e40d1c0277df1503.jpg,640,640,50232,b82788d239a363b28389e6f8553bbeacc10a94ee9f1d6b803b1e956c07de28f3,b0b0d058c0854646,54.801,966.5736,False,True,1,
train,103,image_20241009_152252_jpg.rf.05159dd80bce18fabafd910e692d3745.jpg,train/image_20241009_152252_jpg.rf.05159dd80bce18fabafd910e692d3745.jpg,640,640,41795,9fbb1e589a8be5443d6ea5af7d4e3387ccc8897b0530583a4152244314edf3bb,949891b1d8075524,99.6169,779.9814,False,True,1,
train,104,image_20241008_202917_jpg.rf.09f2be5d2de5c7782811ea081e9fe7c9.jpg,train/image_20241008_202917_jpg.rf.09f2be5d2de5c7782811ea081e9fe7c9.jpg,640,640,78496,ab144e64c4d6772f9d54d91328edd33db6d1fe6636beef5b865ee44d34234abe,a4343061e14607c4,82.638,1948.6073,False,True,1,
train,105,image_20241007_191348_jpg.rf.01a829bb16fb5df9a298fb34ba31f9cb.jpg,train/image_20241007_191348_jpg.rf.01a829bb16fb5df9a298fb34ba31f9cb.jpg,640,640,54794,445f74d8abd3dc3ade8250e0f2143f9eb04e326cf424a6f7286ef17411fa1c1d,b431b0b191e64a44,102.2887,1198.8024,False,True,1,
train,106,image_20241007_192901_jpg.rf.0ccc4f843148404a65a2e5e59e33d16f.jpg,train/image_20241007_192901_jpg.rf.0ccc4f843148404a65a2e5e59e33d16f.jpg,640,640,58740,b1977b51416142364111a47f90e6da3576e549cc79df0dff1378535b65a47be6,b4b1b0b1b1cc8685,103.6343,1511.5747,False,True,1,
train,107,bad_posture_20241013_215926_png.rf.02e19c1d7c62f92e49e71042bae02010.jpg,train/bad_posture_20241013_215926_png.rf.02e19c1d7c62f92e49e71042bae02010.jpg,640,640,51146,8afcfc37e32c47180172170e78648e9c9ae3540ef83122b3ecdbd6c7000e3246,ceccccc84404260f,91.7681,1044.24,False,True,1,
train,108,bad_posture_20241021_142111_png.rf.02367bda57a66d8c96143c384d8c8406.jpg,train/bad_posture_20241021_142111_png.rf.02367bda57a66d8c96143c384d8c8406.jpg,640,640,55490,29602ca58ad9fbdfbf5a064a56bd6a180d48e70726fdba5f770ef0af27b9889a,83a7cf8eb391cd0f,131.4213,1451.7426,False,True,1,
train,109,image_20241008_201334_jpg.rf.075a491404808971616b7108b4091284.jpg,train/image_20241008_201334_jpg.rf.075a491404808971616b7108b4091284.jpg,640,640,36460,cfdb22a5e3a9b64a068f2e846286dd5478a218bb7de6877ebd804fb0f1c88578,90989891b9364764,84.6962,524.8759,False,True,1,
train,110,bad_posture_20241021_144036_png.rf.0a11af034bde8ffdf878ab957fecd65f.jpg,train/bad_posture_20241021_144036_png.rf.0a11af034bde8ffdf878ab957fecd65f.jpg,640,640,43803,9da4b865f1f1f44a60e1e92e838d3a8006a28d6dc2760232c2a5c662b7cd69c0,83dbe78698938d9e,131.089,946.2509,False,True,1,
train,111,good_posture_20241021_141707_png.rf.08e8ffb733b628d90daed863558dc6b8.jpg,train/good_posture_20241021_141707_png.rf.08e8ffb733b628d90daed863558dc6b8.jpg,640,640,68015,c2fa88b351598d17ed1f8759eff2c920034025315894fdd6fd6e2ece546b2c92,92cfcf1eb39ccf9f,130.6727,1953.7875,False,True,1,
train,112,good_posture_20241013_222757_png.rf.09fcb8e4234c74ec91d3bd18ad5bd278.jpg,train/good_posture_20241013_222757_png.rf.09fcb8e4234c74ec91d3bd18ad5bd278.jpg,640,640,32949,b01a2b2329c8d710047f01f5323eeb4b5ac188f6fefc6e79bfd2f6e69c4f92a4,cccce8e0626c3627,59.8055,301.8076,False,True,1,
train,113,bad_posture_20241021_144143_png.rf.07364ba117e900cedaad8b00ca4c4274.jpg,train/bad_posture_20241021_144143_png.rf.07364ba117e900cedaad8b00ca4c4274.jpg,640,640,39763,ec997c09ce30f639e404ac52f962d535d47a24d92283b6c9ec4e96822d6faedc,b3cfcf8a9b8b8d9f,131.1901,772.6855,False,True,1,
train,114,image_20241007_225757_jpg.rf.03fa76ef2445df7f6bb3c4508e8420a3.jpg,train/image_20241007_225757_jpg.rf.03fa76ef2445df7f6bb3c4508e8420a3.jpg,640,640,54488,2a55ae33f0fa2beb952386ac3f17a932d8474c8db72ff35a2b4849c06768f014,a49c9839592f8145,83.9249,1225.5812,False,True,1,
train,115,bad_posture_20241021_142530_png.rf.0ca8e6860f91ad4ad288ca9d197b1bc0.jpg,train/bad_posture_20241021_142530_png.rf.0ca8e6860f91ad4ad288ca9d197b1bc0.jpg,640,640,29972,16249cf769701768e7f67feb70570f965830166cca571f64bf72b37be899680f,82c793c392898f9f,137.5669,419.0663,False,True,1,
train,116,bad_posture_20241021_143735_png.rf.0926faead1e11c2672d213274767c0bc.jpg,train/bad_posture_20241021_143735_png.rf.0926faead1e11c2672d213274767c0bc.jpg,640,640,88070,1b8ba3d880368f030bf7c17c1ebfe9f3fafc6b46b9afec9146beeafa158d39fc,83d3efce98938d9e,133.2511,2744.1292,False,True,1,
train,117,bad_posture_20241012_172726_png.rf.0bce91947d14834930406f05ad33a94e.jpg,train/bad_posture_20241012_172726_png.rf.0bce91947d14834930406f05ad33a94e.jpg,640,640,37209,af49221e46ad2b2ad2c81c2478722c1f7dd2d6d44114a14a75824b1bae5a9c25,b0b8985850eeb627,131.8596,718.0106,False,True,1,
train,118,bad_posture_20241021_141436_png.rf.0d5bccb27fcb3b7ab2190c664bd47ce4.jpg,train/bad_posture_20241021_141436_png.rf.0d5bccb27fcb3b7ab2190c664bd47ce4.jpg,640,640,89544,b4c274a9f0a59ddd534813af6fbff64f0f0a4f860048117cc10854d87becef9e,83a7cf4e9391cd8f,129.7411,2823.0557,False,True,1,
train,119,bad_posture_20241013_215926_png.rf.02b6e6f8710d6ab2ce880049cfed4044.jpg,train/bad_posture_20241013_215926_png.rf.02b6e6f8710d6ab2ce880049cfed4044.jpg,640,640,38343,8d46d03e43aeaaee5023b85d490ba5a716d1ea71b3c5355d14c8293d82bccab1,ceccccc84404260f,91.6326,560.4639,False,True,1,
train,120,good_posture_20241012_172219_png.rf.07ff56c17fc6b6d4c0604b4d7baa0db5.jpg,train/good_posture_20241012_172219_png.rf.07ff56c17fc6b6d4c0604b4d7baa0db5.jpg,640,640,39357,45fef9dc970598d98b61849a8974ea414235fa1af042c1584fc766aa9cac1e27,30b89cbad2deb623,128.8943,683.4102,False,True,1,
train,121,good_posture_20241013_222750_png.rf.04fb6ba4e51294084790a147927b549e.jpg,train/good_posture_20241013_222750_png.rf.04fb6ba4e51294084790a147927b549e.jpg,640,640,33083,a2a1cbfe862f3ada0dfcd87b1cfe488a454047abea8aeac229236cf369445da9,98d8e0e0626c3627,59.0102,299.5895,False,True,1,
train,122,good_posture_20241013_222728_png.rf.07307dbb63313f0c7bf4b3ceb5fad78b.jpg,train/good_posture_20241013_222728_png.rf.07307dbb63313f0c7bf4b3ceb5fad78b.jpg,640,640,70949,32a2109759c1573f9c47751a59cd4657a0bdf0c0e278627a65dde3182b61247e,98d8e8e0624c3627,59.4285,1492.1,False,True,1,
train,123,image_20241007_220813_jpg.rf.0a46d8f558d03313da9a96c4b7185dbc.jpg,train/image_20241007_220813_jpg.rf.0a46d8f558d03313da9a96c4b7185dbc.jpg,640,640,82522,4e4a11e577d813ad18c0ddcc630c12fa948a4cf618bc0224f7bdb59d9867f5d2,b48c8c3939378945,83.7374,2147.5613,False,True,1,
train,124,good_posture_20241012_174401_png.rf.0f6e06ae18bddb1336e4398fb49f112e.jpg,train/good_posture_20241012_174401_png.rf.0f6e06ae18bddb1336e4398fb49f112e.jpg,640,640,92136,c1b54b073643d272e69cd6cb2a49308788a8fa27d5e73fa28a81aabafb60e840,b89898d888cec603,134.4298,2880.3318,False,True,1,
train,125,bad_posture_20241021_144048_png.rf.00f192433451b129f2ea7e14573658ba.jpg,train/bad_posture_20241021_144048_png.rf.00f192433451b129f2ea7e14573658ba.jpg,640,640,47059,0a3dc4f3cf2d9eac30e1314ca0a52112791dca32badeb93c7dea4eb45549eddd,83d3e7ce98938d9e,131.2525,1236.08,False,True,1,
train,126,image_20241008_205202_jpg.rf.0e051db1f64b7dca8dcda6cc66626d24.jpg,train/image_20241008_205202_jpg.rf.0e051db1f64b7dca8dcda6cc66626d24.jpg,640,640,86224,b01a153f07c4ee64d58d4de0fda9e3d1ad0d7037130ed7185be36f04b5a853a8,b434b0b1391b4764,82.9603,2249.0952,False,True,1,
train,127,good_posture_20241012_172239_png.rf.0d5fa05915d80dbafeb38b33ad8c5f89.jpg,train/good_posture_20241012_172239_png.rf.0d5fa05915d80dbafeb38b33ad8c5f89.jpg,640,640,85048,c5c4576f778358d5ee3fc975dfc5395e1ff8ab431c1353da4ddac1c408f04fb3,30b88cbad2deb623,128.6858,2535.2998,False,True,1,
train,128,image_20241007_225757_jpg.rf.0dc88205859cfb224908421a6f02d85d.jpg,train/image_20241007_225757_jpg.rf.0dc88205859cfb224908421a6f02d85d.jpg,640,640,64221,2e76d1f4d928a4c6fdc87afd45cc0afdd6f9e9e53a7b38ee8d9592adb2ae09b3,a49c9839592f8145,84.0859,1529.8682,False,True,1,
train,129,bad_posture_20241013_221410_png.rf.1462324397bad87281de1223a4700ed6.jpg,train/bad_posture_20241013_221410_png.rf.1462324397bad87281de1223a4700ed6.jpg,640,640,82422,e48991856e3d8b409b2d4d5f747de7242075022a7139de4293f9bf67e644c78a,ccccc4cc240b3217,50.5639,1765.7556,False,True,1,
train,130,bad_posture_20241021_144000_png.rf.10bc47d5edcc1de0db39070028a7cbba.jpg,train/bad_posture_20241021_144000_png.rf.10bc47d5edcc1de0db39070028a7cbba.jpg,640,640,63647,2e0fa40a86609a91eebf2a846d8c1925f716c0270d8fd8c07bdd7102fa716444,83d3cfce98938d9e,130.1094,1765.2286,False,True,1,
train,131,good_posture_20241021_141536_png.rf.10abc6f80a2023fd6d396fb5fa39faf9.jpg,train/good_posture_20241021_141536_png.rf.10abc6f80a2023fd6d396fb5fa39faf9.jpg,640,640,32042,b647c608075af5b1bf594522539c0849528318bff7de8f851039cc1a89c513a4,e39b9b9eb39dcf9f,131.2175,502.0334,False,True,1,
train,132,good_posture_20241021_141317_png.rf.143d3b61858157968900a8c13538eb10.jpg,train/good_posture_20241021_141317_png.rf.143d3b61858157968900a8c13538eb10.jpg,640,640,71321,15ab344db408314653515073f3313541874061050743fc32e6e5db2f0b67cc3b,b3cfcf9e939ccd9f,127.35,2136.0249,False,True,1,
train,133,bad_posture_20241021_142034_png.rf.181e8501eed44959acc31aa8d5908166.jpg,train/bad_posture_20241021_142034_png.rf.181e8501eed44959acc31aa8d5908166.jpg,640,640,77772,6f49f78d38d268fde2c824e4d2d3be938037f9a001459aab8bad691c6eb2a906,92cfcf9eb399cf9f,130.5423,2335.8564,False,True,1,
train,134,image_20241009_225822_jpg.rf.15a942561d1fa6bedcd6ad1c9b655a66.jpg,train/image_20241009_225822_jpg.rf.15a942561d1fa6bedcd6ad1c9b655a66.jpg,640,640,39340,a9ed7e7a078b635e4357a62d279417d6eb83b4c0684ac36f9831a9cc789efadb,929898d0f1854067,95.5434,508.7665,False,True,1,
train,135,good_posture_20241013_222757_png.rf.158e2a81acd9080355e0d3173cfd7631.jpg,train/good_posture_20241013_222757_png.rf.158e2a81acd9080355e0d3173cfd7631.jpg,640,640,90897,ea0dd37a30febcc99cb8eb3e1ef67d4828ab5bef099a4614b25f2867a99c48dd,cccce8e0624c3627,61.1291,2102.8921,False,True,1,
train,136,good_posture_20241013_225741_png.rf.0f6e0805ceb97255223dda717c90e691.jpg,train/good_posture_20241013_225741_png.rf.0f6e0805ceb97255223dda717c90e691.jpg,640,640,75529,0a8976d66b0f5cc9a919863fb8c475e04ae5421caa412f72c376b5c402068dc1,9898c0c8c081a626,56.6867,1634.8916,False,True,1,
train,137,good_posture_20241021_144124_png.rf.169b43b20680f8bbc6869083d8de0cd3.jpg,train/good_posture_20241021_144124_png.rf.169b43b20680f8bbc6869083d8de0cd3.jpg,640,640,46097,8bc90085f4ed6f44c18d69fb7165daca29fc538110439b52a3a7efdaebdb9847,e39f9b9e998b8d9f,131.9621,1156.3386,False,True,1,
train,138,bad_posture_20241021_143133_png.rf.16101387826b56802447a8f38ed5e229.jpg,train/bad_posture_20241021_143133_png.rf.16101387826b56802447a8f38ed5e229.jpg,640,640,32463,e4332abf47ee4af080aab0c10a56039906286a90737528545c977f94656c48a8,83b3cfce9aab999f,134.241,513.5178,False,True,1,
train,139,image_20241007_191654_jpg.rf.1627e2a68f784d8fb2b62b5e8be48aed.jpg,train/image_20241007_191654_jpg.rf.1627e2a68f784d8fb2b62b5e8be48aed.jpg,640,640,95913,54327906cdeb18a20d48ca3399e1e625a8cb7a4d8383e1567963379962c8789e,a47130a191c4c2c5,101.9526,2720.3049,False,True,1,
train,140,bad_posture_20241021_143936_png.rf.1216115a3da476143740b03d217626a6.jpg,train/bad_posture_20241021_143936_png.rf.1216115a3da476143740b03d217626a6.jpg,640,640,41313,cb6fd575ad682a1d8c1cc99364e1cffad85b6cf8b21ec40de73c1ade8b0b30a6,83d3e7ce98938d9f,130.101,852.675,False,True,1,
train,141,bad_posture_20241021_143653_png.rf.1977af11028def8eef9ff6e90049b904.jpg,train/bad_posture_20241021_143653_png.rf.1977af11028def8eef9ff6e90049b904.jpg,640,640,31172,996644bfcb493fe759ffb2ed24d3dc2da590ca9ccec466d86ae75196f87fd9ec,83d3efce989b8d9f,135.3242,432.5662,False,True,1,
train,142,bad_posture_20241013_222737_png.rf.16831ea30539ddc385c1c572a58e6475.jpg,train/bad_posture_20241013_222737_png.rf.16831ea30539ddc385c1c572a58e6475.jpg,640,640,47901,4f2ede0fdd930ee6af02e824ea3aa2737c37e4fbfbf86b0152d66112c98f0a7e,cccce8e0624c3627,59.5647,787.4903,False,True,1,
train,143,bad_posture_20241013_225750_png.rf.1917a0638ba149579efc519fa34ae05a.jpg,train/bad_posture_20241013_225750_png.rf.1917a0638ba149579efc519fa34ae05a.jpg,640,640,56897,eaef0680742d0636980a51d597d9e387457e2ccdb3a8998fbde11aa5a8a7b865,ccccccc0c0812626,56.5892,1130.1163,False,True,1,
train,144,good_posture_20241021_180318_png.rf.133186cd108deb8f2e3271a55afa1523.jpg,train/good_posture_20241021_180318_png.rf.133186cd108deb8f2e3271a55afa1523.jpg,640,640,49599,0ec80bbde6a7b32b997d8791b4cf8e400a0d77add4e0f635ebfc014f782fe551,f3cfcd8f9ecbc69f,131.4416,1232.4164,False,True,1,
train,145,image_20241007_192602_jpg.rf.17e4312f1fba8ad360a73924cd5e39be.jpg,train/image_20241007_192602_jpg.rf.17e4312f1fba8ad360a73924cd5e39be.jpg,640,640,39785,af38c9c33f38d80ef6a371efea246ac671dc754b1102b68de65ac908b0f881d2,a49998b1a188868d,103.3092,638.545,False,True,1,
train,146,bad_posture_20241021_142536_png.rf.17b90531204f27f95a49d3779d44106a.jpg,train/bad_posture_20241021_142536_png.rf.17b90531204f27f95a49d3779d44106a.jpg,640,640,81004,a1b6d416a942f6fd798ae359fe0c2231083d3bc8db94ea6c71ed470b50eda6c4,82c7d3c382898f9f,136.8382,2527.696,False,True,1,
train,147,bad_posture_20241013_222747_png.rf.175039e33f542453b4ea0793f8d709b2.jpg,train/bad_posture_20241013_222747_png.rf.175039e33f542453b4ea0793f8d709b2.jpg,640,640,32860,657cfea6cf23cca5431d56440d3296bd0a6656764e8e5ac582f41fc639d9bd2c,c8dcc8e8624c3627,59.7714,292.9361,False,True,1,
train,148,bad_posture_20241021_143534_png.rf.16ed6c5211c54ad0d2d33615f9a4342e.jpg,train/bad_posture_20241021_143534_png.rf.16ed6c5211c54ad0d2d33615f9a4342e.jpg,640,640,57753,277ca4d012cbfa80fa93955ff06c8d88a8630336599c65223e200307f9aece4c,82b7cf8cb28b999f,136.0167,1523.6084,False,True,1,
train,149,bad_posture_20241013_220642_png.rf.1823a120268980c62c40582e0092cfd4.jpg,train/bad_posture_20241013_220642_png.rf.1823a120268980c62c40582e0092cfd4.jpg,640,640,56942,b8adc3144416b7879b3d0dfe61dedb7a420ebaceb80442e2ec7595f4d8ae24a6,cecccccc46023607,94.1772,1246.5406,False,True,1,
train,150,bad_posture_20241013_221208_png.rf.19b785cf3ba5b3ec4709c27478822249.jpg,train/bad_posture_20241013_221208_png.rf.19b785cf3ba5b3ec4709c27478822249.jpg,640,640,37879,7515346ee54c9676492bb36dafc6661a99131e60ffa651fa885c3424ccd1dad5,da9ad8d0540a2607,94.0228,506.8228,False,True,1,
train,151,image_20241007_192901_jpg.rf.13f21c0f954fddf069479ae625bbbf36.jpg,train/image_20241007_192901_jpg.rf.13f21c0f954fddf069479ae625bbbf36.jpg,640,640,91402,50eca1fa0d67a1d73698c1f3a491a84f84b834b54d26671c13ba8c5e25ee4d43,b4b1b0b1b1cc868d,104.0375,2734.9568,False,True,1,
train,152,bad_posture_20241021_145052_png.rf.0f9b2d7246a66c661c9deea38013f491.jpg,train/bad_posture_20241021_145052_png.rf.0f9b2d7246a66c661c9deea38013f491.jpg,640,640,53050,a864171309e8eede09914cb18d925600952fd3a38efeeaa1c922f09806ed357e,83e7cf8cb8b3999e,131.059,1325.7019,False,True,1,
train,153,image_20241010_173545_jpg.rf.119c8f401094e3f32dffe5e09a54b9f1.jpg,train/image_20241010_173545_jpg.rf.119c8f401094e3f32dffe5e09a54b9f1.jpg,640,640,38749,8ffb42a25890f9a720b3a145b1262285e0c873f19d6bd6b0ffc4e57e81ee9418,9084c4e07327003b,101.0919,554.2034,False,True,1,
train,154,good_posture_20241012_174311_png.rf.1de863b5332aecad0ffbfab24d506262.jpg,train/good_posture_20241012_174311_png.rf.1de863b5332aecad0ffbfab24d506262.jpg,640,640,92316,32698f520eb7d5d0d227fb30b06e86202b2594ff6e1d2d3f05f71e0a58ab5b1c,b038b8d888cec603,134.9326,2901.9287,False,True,1,
train,155,bad_posture_20241021_142034_png.rf.1c19934f2746708b9a534d1869da23b5.jpg,train/bad_posture_20241021_142034_png.rf.1c19934f2746708b9a534d1869da23b5.jpg,640,640,31537,b2f150a4581abce11b212766aae223a38443fb02b0dfe77438d6be85c52bce08,92cfcf9eb399cf9f,130.4705,476.379,False,True,1,
train,156,good_posture_20241021_180318_png.rf.1e0e835cd147d84e8e7df14277dd743a.jpg,train/good_posture_20241021_180318_png.rf.1e0e835cd147d84e8e7df14277dd743a.jpg,640,640,62471,5ea7fcaf368785c1ba577c3a95d99cf8e0d38adc7459828c1dca942089e0aed6,f1cfcd8e9ecbc69f,132.3252,1634.1572,False,True,1,
train,157,bad_posture_20241021_142022_png.rf.1b3fca639b24d05d49a29631c1a44353.jpg,train/bad_posture_20241021_142022_png.rf.1b3fca639b24d05d49a29631c1a44353.jpg,640,640,63419,2f131a31867e7e13094a324b22938237835c47f639214b3278e674063869ddb1,93cfcf9eb399cd9f,130.6541,1742.8281,False,True,1,
train,158,bad_posture_20241013_220309_png.rf.1e1557ba92be5f96b43b28d38123ac08.jpg,train/bad_posture_20241013_220309_png.rf.1e1557ba92be5f96b43b28d38123ac08.jpg,640,640,79936,dea4ceaf4a49882ff55cc07a0a0e45cff0d27c016013b5e4c521e55c91183daa,ceccc4c4420a3607,92.0905,2178.6274,False,True,1,
train,159,bad_posture_20241021_143239_png.rf.1e9edcb64c798c52c94b24839d8f4bd6.jpg,train/bad_posture_20241021_143239_png.rf.1e9edcb64c798c52c94b24839d8f4bd6.jpg,640,640,81187,ab9a4db0b28d95bdf3d0512f96fb8a17a105bde5f08e178d0643cce533f8164b,82dba7868491999f,135.9924,2468.1467,False,True,1,
train,160,bad_posture_20241021_143504_png.rf.1ec56cdae4c4fe28484358762066f289.jpg,train/bad_posture_20241021_143504_png.rf.1ec56cdae4c4fe28484358762066f289.jpg,640,640,31465,def3a391cf1e4e47f2287297a7399c914ddd0c5c718a53715f5cb12662c39d77,83a3cf8ebab1999e,134.9573,416.0778,False,True,1,
train,161,bad_posture_20241021_143227_png.rf.2151dd927af9a4d88c5bcca89b0c2353.jpg,train/bad_posture_20241021_143227_png.rf.2151dd927af9a4d88c5bcca89b0c2353.jpg,640,640,31223,b600b61403ca7cbe118c01882fbf31fe2d3316696c03515cfba9e21f9cecea9e,83d3e78e9a91999f,136.1096,400.2039,False,True,1,
train,162,bad_posture_20241021_144426_png.rf.26f9741e4294bbd8fab76349f737be3d.jpg,train/bad_posture_20241021_144426_png.rf.26f9741e4294bbd8fab76349f737be3d.jpg,640,640,32159,53cc0652b0aa03716e18a663ff71ca65dad9adbd4615d239985f39ff62b9f72e,83e7cfce9a898d9f,132.2169,478.8175,False,True,1,
train,163,good_posture_20241021_142336_png.rf.224fcb237b3cc6e8117d2e95fb857ed0.jpg,train/good_posture_20241021_142336_png.rf.224fcb237b3cc6e8117d2e95fb857ed0.jpg,640,640,81468,98f26bf9e148f4d112937830b7642a012effc34569ad3b5e45ff66089fd178d6,a2cfcf9e92818d9e,136.4342,2538.6807,False,True,1,
train,164,good_posture_20241021_141958_png.rf.21821f098d55042152ebb5a6091b441a.jpg,train/good_posture_20241021_141958_png.rf.21821f098d55042152ebb5a6091b441a.jpg,640,640,31596,e246ad6cb849d05676ccb6fc9e37dc5100fd2ec356410fc2d3c9de6614efbfac,e39f9f9e939dcf9f,130.3192,468.7191,False,True,1,
train,165,image_20241007_214451_jpg.rf.202678c11a54a756d9d229c7becd5dc9.jpg,train/image_20241007_214451_jpg.rf.202678c11a54a756d9d229c7becd5dc9.jpg,640,640,93896,00d99b0bdeaa6f1b4a0c193b8296827a58727507dd3ee057aadfc06287efa16d,b4b43031312c83c5,84.9749,2456.6904,False,True,1,
train,166,bad_posture_20241021_143629_png.rf.21ed1ffca310c55664a27a02d4897437.jpg,train/bad_posture_20241021_143629_png.rf.21ed1ffca310c55664a27a02d4897437.jpg,640,640,72518,762e084121b956830d62270c4a6fc81b7fd6fe28f87123b5fbfc45973efed518,8293cfcc98938d9e,136.4791,2151.6638,False,True,1,
train,167,bad_posture_20241021_143747_png.rf.1bacd9310f30a4ec29b84dd12e691db8.jpg,train/bad_posture_20241021_143747_png.rf.1bacd9310f30a4ec29b84dd12e691db8.jpg,640,640,31756,012b807c4b23e6239b85af2424dfdcecb9a413fb8ad78aef2ff5034c4abdcb42,83b3cf8cb8938d9f,133.595,479.3474,False,True,1,
train,168,bad_posture_20241021_143853_png.rf.1ad5d0c0859170939c230423288e4802.jpg,train/bad_posture_20241021_143853_png.rf.1ad5d0c0859170939c230423288e4802.jpg,640,640,31232,3344b38d9802256debb63fdc07e8c6733b7f9f6db6c552fdbfdac3a2c0c80fc8,8393cfcc98938d9f,132.0836,441.3875,False,True,1,
train,169,bad_posture_20241013_220642_png.rf.26f8f633b7ae6c3f2449bd3c010e925f.jpg,train/bad_posture_20241013_220642_png.rf.26f8f633b7ae6c3f2449bd3c010e925f.jpg,640,640,38288,51fb889dd378ae5820f6d47999253a241ff095bb56e3e2e8b030b0e1eb67e8db,cecccccc46023607,93.9995,534.816,False,True,1,
train,170,bad_posture_20241012_174037_png.rf.27645d09380e2859d26c39b2054c5861.jpg,train/bad_posture_20241012_174037_png.rf.27645d09380e2859d26c39b2054c5861.jpg,640,640,89655,656281dfcbf7179842a346752c342f37af7e1c491417896ebc133a0babd597b1,304c8cb890dec603,130.8029,2909.5293,False,True,1,
train,171,bad_posture_20241012_172807_png.rf.24ee6b515389b83e08aa80e3d30293e3.jpg,train/bad_posture_20241012_172807_png.rf.24ee6b515389b83e08aa80e3d30293e3.jpg,640,640,39745,6ded8c7a245a01c096b04ed1ec5c86b55bb234558a8de0e5eddf12c0a2cfc5c5,30bcccacecfeb623,130.3833,715.314,False,True,1,
train,172,bad_posture_20241021_142418_png.rf.298ec47e47279138eb987d4ca7748061.jpg,train/bad_posture_20241021_142418_png.rf.298ec47e47279138eb987d4ca7748061.jpg,640,640,30389,73cb9a20b87dcc33a2bbd79a666c3d2f4a5447111379fbc7475eaa83c4f8aade,82cfd3c694998f9f,136.732,423.551,False,True,1,
train,173,bad_posture_20241012_174240_png.rf.26eb808ca24854c41b152bff88b36a6d.jpg,train/bad_posture_20241012_174240_png.rf.26eb808ca24854c41b152bff88b36a6d.jpg,640,640,40334,935d2844bf4e18d0058dfd81dfb47f1ec4e4d04a28c6e082db53c9becea63ba8,384c9cd88cc6c603,132.2851,704.6575,False,True,1,
train,174,bad_posture_20241021_142123_png.rf.2915ef0b695521b14e64d7d46a3dc2aa.jpg,train/bad_posture_20241021_142123_png.rf.2915ef0b695521b14e64d7d46a3dc2aa.jpg,640,640,65842,8801523171326db8965a9dd21d9550f8f8ed1c4f30486307b3f30441c45d2393,83dba7868391dd1f,132.978,1878.4733,False,True,1,
train,175,image_20241007_191348_jpg.rf.1f93aa497ec954dd6acd9bed32482134.jpg,train/image_20241007_191348_jpg.rf.1f93aa497ec954dd6acd9bed32482134.jpg,640,640,89814,afa52870ef0a9a9aec036c6690eafe70da5eb2b6113e0b02354e33debfc152e5,b431b0b191e64245,102.6564,2493.0195,False,True,1,
train,176,good_posture_20241013_222738_png.rf.29a0f3857680447eeb2d8ee58e2ed27a.jpg,train/good_posture_20241013_222738_png.rf.29a0f3857680447eeb2d8ee58e2ed27a.jpg,640,640,32966,a4c3be037b5f243f82653db1bb09a4e1121f8a3c69dd71bbc5f3575ba2666193,ccdce8e0624c3627,58.915,289.2288,False,True,1,
train,177,bad_posture_20241012_173222_png.rf.2a74e0757872dfa17534eb32b9b9070c.jpg,train/bad_posture_20241012_173222_png.rf.2a74e0757872dfa17534eb32b9b9070c.jpg,640,640,89411,8ef7b79c0b85d4e4e08cfb1becb2c40a0c6b0f647c7d0b4e6d5e9cc1991e6d6f,30dc9cd8e8e6b623,126.2399,2688.7781,False,True,1,
train,178,image_20241008_210224_jpg.rf.286656b6f4925d76da38f6a54104e0b0.jpg,train/image_20241008_210224_jpg.rf.286656b6f4925d76da38f6a54104e0b0.jpg,640,640,79510,96fe2f1fb0676cd1867e3828c369c34d03d0a0e2b131098d1cdc61d5ccca9b45,a49c9839796287c4,81.7959,1972.1775,False,True,1,
train,179,good_posture_20241021_141713_png.rf.2a6b10c430ef8db6685e310b31fcbf11.jpg,train/good_posture_20241021_141713_png.rf.2a6b10c430ef8db6685e310b31fcbf11.jpg,640,640,32108,481b4958a11f08800af705c406eebc1f198eb4f158d883d7dcb61c204e353a91,93cfcf1eb39cce9f,130.5436,471.2811,False,True,1,
train,180,image_20241009_142917_jpg.rf.2ea2b3f5f7e7dfa2df4b0158f8072614.jpg,train/image_20241009_142917_jpg.rf.2ea2b3f5f7e7dfa2df4b0158f8072614.jpg,640,640,89278,82da44aa3e5a938198ebf52556cdffd0df9ac9888064a9104e400070f06c5c1d,24317161e49b5764,121.5127,2646.8215,False,True,1,
train,181,good_posture_20241013_225738_png.rf.2d1e4913b095c6c59009f39c339495c9.jpg,train/good_posture_20241013_225738_png.rf.2d1e4913b095c6c59009f39c339495c9.jpg,640,640,31257,6f16c63a824aaec690bcd4ea359f4e458549281880b7e743b1b52401dd71ad56,9898d048c0814e46,55.1793,308.1285,False,True,1,
train,182,image_20241009_225721_jpg.rf.267e65374993f552a87320148960acbc.jpg,train/image_20241009_225721_jpg.rf.267e65374993f552a87320148960acbc.jpg,640,640,39160,5820409ae3476220098d7798094b06117fc682b94c9b70b48e4f2a580e5f351b,b2b8b0d0e1a18063,93.8157,498.1246,False,True,1,
train,183,bad_posture_20241021_141737_png.rf.297eb92485c979df3b2568df663656cb.jpg,train/bad_posture_20241021_141737_png.rf.297eb92485c979df3b2568df663656cb.jpg,640,640,30434,65f2c55cf879888abb6c4f1d505742a6a977f963f7f61d588196371c701ee4f8,83d3e78e93a4cd0f,133.4918,467.586,False,True,1,
train,184,good_posture_20241013_222655_png.rf.2d94bc32518db6f59bf8ede47e414792.jpg,train/good_posture_20241013_222655_png.rf.2d94bc32518db6f59bf8ede47e414792.jpg,640,640,61856,f2b9b6ef63364616b04bf63d113901b4cd8d33b31e1b40a6ad2cb08e3ee1d6f6,c8ccccd864123627,49.8904,1213.5349,False,True,1,
train,185,image_20241007_220813_jpg.rf.2b3e6a64495f4de4c995a8f6e240750d.jpg,train/image_20241007_220813_jpg.rf.2b3e6a64495f4de4c995a8f6e240750d.jpg,640,640,62295,dd181782b4f4c021fbd7f40cb934ef8221d3a450a076199d2f046e7babf1d174,b48c8c3939378345,83.4397,1445.2522,False,True,1,
train,186,bad_posture_20241021_145122_png.rf.2ece5bfdc76a246a46f889795dc9640c.jpg,train/bad_posture_20241021_145122_png.rf.2ece5bfdc76a246a46f889795dc9640c.jpg,640,640,69925,dc0129d75571da4bca11c7c612235428aa1a6a0857d83a670dc32660da76aba1,83ced3c3cc898d3f,134.2057,2050.5085,False,True,1,
train,187,image_20241007_215802_jpg.rf.2fae486f260ef252dca3638666183304.jpg,train/image_20241007_215802_jpg.rf.2fae486f260ef252dca3638666183304.jpg,640,640,36956,1848d26b84228e8ebdb66a753576115231cb67cf2c9f2f7bba05051f8d307e07,a4347061315e0585,82.4298,566.6093,False,True,1,
train,188,bad_posture_20241021_142601_png.rf.2ef6f87c60bd017e1ce417e612156416.jpg,train/bad_posture_20241021_142601_png.rf.2ef6f87c60bd017e1ce417e612156416.jpg,640,640,30657,6412682c06be2008e3b2ad3551380b31cf08a8bd90de77317f0194a76ac1a4ff,82cfcf8e9a938d9f,135.8539,425.6638,False,True,1,
train,189,bad_posture_20241021_143817_png.rf.30073a36a17282f03ed8ce181862afba.jpg,train/bad_posture_20241021_143817_png.rf.30073a36a17282f03ed8ce181862afba.jpg,640,640,66469,66e3aaed77ca06b4eeea5164fac6055a7256bfa52b402e01eb71e956c98460be,82dba78694938d9f,137.9184,1915.6105,False,True,1,
train,190,bad_posture_20241012_174037_png.rf.32059e1c7a9cb1eb1a875644bac16dd9.jpg,train/bad_posture_20241012_174037_png.rf.32059e1c7a9cb1eb1a875644bac16dd9.jpg,640,640,89479,4afa70a4a5a58da6f503acc027882cbd861038e42ad72f7a125651a1f29aac30,304c8cb890dec603,130.8622,2881.531,False,True,1,
train,191,bad_posture_20241021_144407_png.rf.31a56fd9d4d898212f675c88639d68df.jpg,train/bad_posture_20241021_144407_png.rf.31a56fd9d4d898212f675c88639d68df.jpg,640,640,84995,65fc7ea3b749d1167500b45a7f3d2ecc9d0585c4f3778870f33595c3db30272f,83e7cf8e9a898d9e,132.6073,2619.7395,False,True,1,
train,192,good_posture_20241013_222638_png.rf.32c28bcc9ec05e5c169bcaf9558bb899.jpg,train/good_posture_20241013_222638_png.rf.32c28bcc9ec05e5c169bcaf9558bb899.jpg,640,640,88538,221e7b9655b112d94158d6d729bfc651bf18c2f350b53611098da761b38e6b6b,d8cccccc64033617,51.0567,1947.5167,False,True,1,
train,193,good_posture_20241021_141630_png.rf.33f7a760d5db4e5381b0eddf65b94d42.jpg,train/good_posture_20241021_141630_png.rf.33f7a760d5db4e5381b0eddf65b94d42.jpg,640,640,37492,5b24e5cecce7fad5675969b6bff2fe504fd46026ec4d2de9a22a5c722e5749fe,a3db9f9e9382cf9f,130.3612,743.5042,False,True,1,
train,194,bad_posture_20241021_141737_png.rf.33a26ef127c90265de90fa9e3aaabcf3.jpg,train/bad_posture_20241021_141737_png.rf.33a26ef127c90265de90fa9e3aaabcf3.jpg,640,640,50861,79a5548de5192c5c99d60595ace5cc5678f92e8bebeb5402f883943d365ec216,83d3e78e93a4cd8f,133.5216,1299.8521,False,True,1,
train,195,image_20241009_224235_jpg.rf.2d2c0a23f69b0dcf93a0bbf3be5ea7a0.jpg,train/image_20241009_224235_jpg.rf.2d2c0a23f69b0dcf93a0bbf3be5ea7a0.jpg,640,640,39782,0ddcdd49e6469a149c06063126de1b04a9299199f46cc746db088c80570fccde,8cccc8e873070013,98.8197,552.3394,False,True,1,
train,196,bad_posture_20241013_222736_png.rf.33f9145d1e68fb8731feb77dff09f27c.jpg,train/bad_posture_20241013_222736_png.rf.33f9145d1e68fb8731feb77dff09f27c.jpg,640,640,47711,2637641b2865f33eaf8ee564432552f6b6e511bc605aed54e1d3d98e538b7e15,ccccece0624c3627,59.5353,785.5645,False,True,1,
train,197,good_posture_20241012_174351_png.rf.2e30b27f031e99e702f180d255d86044.jpg,train/good_posture_20241012_174351_png.rf.2e30b27f031e99e702f180d255d86044.jpg,640,640,40236,1af83151ab569f1221afd8aea2c889f0becdd937659f6d73c4f5ca76562bf48b,303830d888cec603,136.0787,674.7085,False,True,1,
train,198,bad_posture_20241021_143616_png.rf.332dc9cabecffe9e3e4f5a10edf4c98a.jpg,train/bad_posture_20241021_143616_png.rf.332dc9cabecffe9e3e4f5a10edf4c98a.jpg,640,640,60967,92206dd901a8510453ae1f8567abd176c46632089a4ed4e1cd852853eec53e13,83d3cf8e98938d9f,136.6177,1691.4292,False,True,1,
train,199,bad_posture_20241021_141725_png.rf.2f5d2755b7b58cdab695a3b597766de2.jpg,train/bad_posture_20241021_141725_png.rf.2f5d2755b7b58cdab695a3b597766de2.jpg,640,640,40481,c276b0d29ccc61d123bb680453d0e6eb785bc0e3a0b0bb9f80d0e294df0e98bf,93c7cf9e9398cc8f,130.1721,984.5793,False,True,1,
train,200,good_posture_20241012_174351_png.rf.3047769fc04c650c20a7c3be12bfa694.jpg,train/good_posture_20241012_174351_png.rf.3047769fc04c650c20a7c3be12bfa694.jpg,640,640,52669,5f73aa628112a2ac53bf2ca8370173c22dd1b29f0cfc00a748a1c8d5869332e2,3038b0d888cec603,136.0527,1211.4049,False,True,1,
train,201,image_20241007_230643_jpg.rf.3635a6fbd002709241fc250ea92ad142.jpg,train/image_20241007_230643_jpg.rf.3635a6fbd002709241fc250ea92ad142.jpg,640,640,55506,4c5e11efb13d627f62c3182ae9ed004cfd1d79b3820f76028f2ea5f0b05c67fc,b08c9cb939060165,85.4752,1258.9243,False,True,1,
train,202,bad_posture_20241012_172807_png.rf.29f57464ac586b6e93ae29230fbbc1db.jpg,train/bad_posture_20241012_172807_png.rf.29f57464ac586b6e93ae29230fbbc1db.jpg,640,640,68683,d882f750b75b9767ed22ed6d6c687c87ce60fe8d6209a87928dae54254f637a1,30bcccacecfeb623,130.3336,1935.4773,False,True,1,
train,203,bad_posture_20241012_172107_png.rf.32fa87db9887c89def7ec63fecbb7968.jpg,train/bad_posture_20241012_172107_png.rf.32fa87db9887c89def7ec63fecbb7968.jpg,640,640,77672,3d1777de7fbdecb4ab8563581ba71b9bbb09d3613666e423502d837a5585df45,30b8ccbad2deb623,127.6482,2259.0891,False,True,1,
train,204,image_20241007_192602_jpg.rf.3425c8783abe8a0b0d6cbe29a8184dfe.jpg,train/image_20241007_192602_jpg.rf.3425c8783abe8a0b0d6cbe29a8184dfe.jpg,640,640,70777,d6c3b6e28e837954eba1078db30f50cacf8e5102e31e79bab0de436cb70a2b5d,a49998b1a188868d,103.6217,1816.1511,False,True,1,
train,205,bad_posture_20241013_225714_png.rf.3210b84c449ff501406d17a5aa244415.jpg,train/bad_posture_20241013_225714_png.rf.3210b84c449ff501406d17a5aa244415.jpg,640,640,87419,12e6d6025375b6e13770b9414fe2dd59c297bb41aabdd2f9340f8993b4600df2,c6c6e4a4c0884e46,56.4543,2020.6635,False,True,1,
train,206,good_posture_20241021_141636_png.rf.32c564f884f7666e633d31bcf5e35843.jpg,train/good_posture_20241021_141636_png.rf.32c564f884f7666e633d31bcf5e35843.jpg,640,640,44833,75e65e4696cd825d18eb6d3dbf18d48f8aae0f1bc1838d85162024d1f8944359,e39f9f1eb39cce9f,131.7322,1005.5952,False,True,1,
train,207,image_20241007_230212_jpg.rf.38a12739416503ae6c83c534b2d84c11.jpg,train/image_20241007_230212_jpg.rf.38a12739416503ae6c83c534b2d84c11.jpg,640,640,69625,1d7d63f4e4e7d2d32e7302589df35ce65680e99cf0abdd6af1697b33652c27d6,9498b8b12d2b8185,76.2347,1667.1758,False,True,1,
train,208,bad_posture_20241012_173222_png.rf.37f9d34cf8ee49f6058c758b40fcdcff.jpg,train/bad_posture_20241012_173222_png.rf.37f9d34cf8ee49f6058c758b40fcdcff.jpg,640,640,50385,5096beb4df40c5a48796ba169bf46fd3fa7f884895000f46c3b36a7793249132,30dc9cd8e8e6b623,125.5334,1231.162,False,True,1,
train,209,image_20241007_222646_jpg.rf.36753081069edfad4aa003115328f6d1.jpg,train/image_20241007_222646_jpg.rf.36753081069edfad4aa003115328f6d1.jpg,640,640,86620,808914c327bea2b6872bae81c15db891440b81cce7ad59e8a06dae9becf56fb1,849c9899291e0145,81.7686,2232.4863,False,True,1,
train,210,good_posture_20241013_222712_png.rf.3731d4225d69436f21124bea42e47d9e.jpg,train/good_posture_20241013_222712_png.rf.3731d4225d69436f21124bea42e47d9e.jpg,640,640,33555,2acf57258346fab4928b9ff714ff6771ff4dcbca0c1ba3ef2687dbfc45dab0aa,dcdce8e0622c3627,59.786,304.1895,False,True,1,
train,211,bad_posture_20241021_141755_png.rf.3486647c4a4c92ceafe97a60bf4b8222.jpg,train/bad_posture_20241021_141755_png.rf.3486647c4a4c92ceafe97a60bf4b8222.jpg,640,640,30931,e5ed5b5345430ce604e1bb09ab53417ead809092995230964e73937a089f912f,83dba7c683b1cd8f,131.9108,458.6214,False,True,1,
train,212,bad_posture_20241012_174240_png.rf.327bb600c93faad947fa8cd167cfb456.jpg,train/bad_posture_20241012_174240_png.rf.327bb600c93faad947fa8cd167cfb456.jpg,640,640,87533,39ae14d4ad4948fca516779cdbcbf83b4b6fc9676be9c1e3ecafc45fa4bc6e0d,384c9cd88cc6c603,131.614,2800.4075,False,True,1,
train,213,image_20241007_191348_jpg.rf.38ce18118d987080490c0f8a28ca1102.jpg,train/image_20241007_191348_jpg.rf.38ce18118d987080490c0f8a28ca1102.jpg,640,640,40075,c705238fb80c4fc34ec44d4ea0f90436d17bef62acd26669e68276f1b281bc5f,b431b0b191e64244,102.1589,623.7221,False,True,1,
train,214,image_20241008_201104_jpg.rf.38fea24d8a74207f7e5f9c269d42f0c5.jpg,train/image_20241008_201104_jpg.rf.38fea24d8a74207f7e5f9c269d42f0c5.jpg,640,640,51386,0635ed2dc564dba72092b1a2a28d2fde0d3041a2ad5464f1972061d7b4fb371f,a4343061e1460764,86.3838,1067.4017,False,True,1,
train,215,bad_posture_20241021_143653_png.rf.38ecbc3672dfa92fef4f0c74d4971574.jpg,train/bad_posture_20241021_143653_png.rf.38ecbc3672dfa92fef4f0c74d4971574.jpg,640,640,70168,bf7e103de87c7f31f601b5df7a468dc4e4cf67394724ee231ae0bc4e8aeb95a4,83d3ef8e989b8d9e,134.508,2174.7268,False,True,1,
train,216,good_posture_20241013_222741_png.rf.3965b00d5d1cbce84957ffe611485af4.jpg,train/good_posture_20241013_222741_png.rf.3965b00d5d1cbce84957ffe611485af4.jpg,640,640,33100,8d6b3eaf801cff0971d4f412b82a6171993613a1f8ffe9a605593ab34519d4ad,98d8e8e0624c3627,58.6196,290.7093,False,True,1,
train,217,bad_posture_20241021_144638_png.rf.3c1f2ba9178a59285da3cbeb8154e7a5.jpg,train/bad_posture_20241021_144638_png.rf.3c1f2ba9178a59285da3cbeb8154e7a5.jpg,640,640,31852,2bdefceb147b4f67705f88e43a497f28925a70e0fab3729af688d6f4c955001c,83cfc7c69d898d9f,134.4438,474.7603,False,True,1,
train,218,bad_posture_20241021_142123_png.rf.3935e954e723b14204ade1e76de90d28.jpg,train/bad_posture_20241021_142123_png.rf.3935e954e723b14204ade1e76de90d28.jpg,640,640,31580,1acdcc1269310f888694c9bec87b169369f942c36bb7c296d25acc8fd271a4f7,83dba7868391dd1f,133.0025,463.3614,False,True,1,
train,219,bad_posture_20241021_142530_png.rf.3a694c19a94333d4a65bf6ce44ffddc8.jpg,train/bad_posture_20241021_142530_png.rf.3a694c19a94333d4a65bf6ce44ffddc8.jpg,640,640,39949,f04f04563815f055d42c72e20c476d41d04d7f8eba26eb1698e89ad45975ef19,82c793c392898f9f,137.5494,845.62,False,True,1,
train,220,bad_posture_20241021_142111_png.rf.3bf68ce6dd612e0a0178a814ee471d3e.jpg,train/bad_posture_20241021_142111_png.rf.3bf68ce6dd612e0a0178a814ee471d3e.jpg,640,640,82560,52bb53d087d4204990757406e9d226a963debd67e923f3799fa9f1138154a0eb,83a7cf8eb391cd0f,131.3959,2541.0352,False,True,1,
train,221,image_20241009_142917_jpg.rf.3e7f8fb19edc4be36f10d4bbd3e8f2ce.jpg,train/image_20241009_142917_jpg.rf.3e7f8fb19edc4be36f10d4bbd3e8f2ce.jpg,640,640,50754,f0fefb37010011f277796921b065c84cea56085d3dfc0d7e04576d0b4b703ff9,24317161e49b5764,121.5404,1141.559,False,True,1,
train,222,image_20241007_230212_jpg.rf.3e2f978c1810e70df074d912a716d08a.jpg,train/image_20241007_230212_jpg.rf.3e2f978c1810e70df074d912a716d08a.jpg,640,640,37622,6293ddae32fde9ba25253f566ffd2eda31ed99f51233f9be2ec829beba29fdd4,9498b8b12d2b8185,75.6843,623.9333,False,True,1,
train,223,image_20241008_205601_jpg.rf.3c259c2652b28c600755443c50c0a336.jpg,train/image_20241008_205601_jpg.rf.3c259c2652b28c600755443c50c0a336.jpg,640,640,49382,93c3ff93c95036477d1519a8ba217e9edd1df5fe92570a2e8f8fccaf8ab746c1,b4b4b03119368344,76.8442,1010.82,False,True,1,
train,224,bad_posture_20241021_144550_png.rf.3f64bacc0e064f11a89913b59cd9b5d6.jpg,train/bad_posture_20241021_144550_png.rf.3f64bacc0e064f11a89913b59cd9b5d6.jpg,640,640,45072,1f045aec96083d2a49ba705e1429f27b6ff337e103cf2c39332a54aa3ebcdeed,8393cf8c989b8d9f,134.5408,1035.4979,False,True,1,
train,225,bad_posture_20241021_142406_png.rf.38d1dd24d4964d9ebfcdc3446a5b0acb.jpg,train/bad_posture_20241021_142406_png.rf.38d1dd24d4964d9ebfcdc3446a5b0acb.jpg,640,640,30722,69ed786867d4d368283c12beb9e5bfafaa23ad29a53c688fd29fbc19e2977847,82cfa7c694898f9f,135.8701,431.191,False,True,1,
train,226,bad_posture_20241021_145335_png.rf.435f0b82fd832565cbf6ee1e2a9f5b84.jpg,train/bad_posture_20241021_145335_png.rf.435f0b82fd832565cbf6ee1e2a9f5b84.jpg,640,640,77534,216893aa54e2c070d67bc9cf2a7f8ec6b1ae8d26c715eef46726c767f33a36f0,83dba78695918d37,130.6064,2273.8191,False,True,1,
train,227,bad_posture_20241021_145211_png.rf.43ef51223cb60a15dcaa94bc3d2f6daf.jpg,train/bad_posture_20241021_145211_png.rf.43ef51223cb60a15dcaa94bc3d2f6daf.jpg,640,640,32162,182bdd8e9db8d316f8461988aad2bdf23735ca39435fb3596ed37cbfe570d638,83c7c3c38b898d3f,132.0424,585.0806,False,True,1,
train,228,bad_posture_20241021_143924_png.rf.3d6e2e2bcc99dda3cebcf3c029447012.jpg,train/bad_posture_20241021_143924_png.rf.3d6e2e2bcc99dda3cebcf3c029447012.jpg,640,640,31046,7bfb769bedd08aa0f0969d2c8b1788e1132888a4f36301f576824f04c50a4dcb,83d3cfce98938d9f,131.1588,419.0047,False,True,1,
train,229,bad_posture_20241021_143948_png.rf.3f8e32747c7b5a6af3f5b45aef4dd8bc.jpg,train/bad_posture_20241021_143948_png.rf.3f8e32747c7b5a6af3f5b45aef4dd8bc.jpg,640,640,40007,d5d2b043cc58187cd5acf0ce6aeb9faa260cd7ae7d4c593ab6e847f708701cf1,83d3cfce98938d9f,130.5033,797.3922,False,True,1,
train,230,image_20241008_200649_jpg.rf.42792422e5ed0f570f959b6cb7d76779.jpg,train/image_20241008_200649_jpg.rf.42792422e5ed0f570f959b6cb7d76779.jpg,640,640,55435,c190f2486163b8d06dbc7cb24fa9969c3577fb12f3b7ebfb78b01573e9658c30,b4b4b0b131264744,83.091,1168.6586,False,True,1,
train,231,good_posture_20241021_141636_png.rf.40c0cf5ae5241fff3bfc3d1eac885786.jpg,train/good_posture_20241021_141636_png.rf.40c0cf5ae5241fff3bfc3d1eac885786.jpg,640,640,32006,1d9824529031210f971fd1504d17fd166c5f88e8511c17f5c0f7ec2e35154606,e29f9f9eb39cce9f,131.7066,472.7099,False,True,1,
train,232,image_20241008_201334_jpg.rf.400d290f0ab9dbf2bf39aa94aae3e964.jpg,train/image_20241008_201334_jpg.rf.400d290f0ab9dbf2bf39aa94aae3e964.jpg,640,640,74894,cd3a9bc594806950dfcf0d46f9e87789cfb9d5706bb69eda2a795d28f78920b7,90989891b9364764,85.2382,1855.5278,False,True,1,
train,233,good_posture_20241013_225743_png.rf.3b812ccf74f235b49209ce40410ccd4d.jpg,train/good_posture_20241013_225743_png.rf.3b812ccf74f235b49209ce40410ccd4d.jpg,640,640,31176,b3f9ac0bb03d8646760a2851b0ae87a98daa9c9dbe1b6f3818b739ed164782ba,9898c0c8c081a626,55.8699,306.8681,False,True,1,
train,234,bad_posture_20241021_142448_png.rf.3d1d4eaf6f4bcf9693c12ec03f558b6c.jpg,train/bad_posture_20241021_142448_png.rf.3d1d4eaf6f4bcf9693c12ec03f558b6c.jpg,640,640,30372,da2e25f9d1667854b4e3f65182ba277638e5d55168d30d61163dd77a43a0dac8,82cfd3c292898f9f,137.6296,430.2522,False,True,1,
train,235,bad_posture_20241021_141725_png.rf.413be557d70af63d6167cb7aafd54cc6.jpg,train/bad_posture_20241021_141725_png.rf.413be557d70af63d6167cb7aafd54cc6.jpg,640,640,60202,bd2298303b05ebf2463a8bde0133adda045968a1aeef9c7ebae44e0112b96724,93c7cf9e9398cc8f,130.878,1648.7426,False,True,1,
train,236,good_posture_20241012_174341_png.rf.3ff07b605a1398058f9ff2a54572a31a.jpg,train/good_posture_20241012_174341_png.rf.3ff07b605a1398058f9ff2a54572a31a.jpg,640,640,40013,835cffbe8598e8accedabb872ce5f8074420db85f84fcd32126db4af1590581c,303830d888cec603,135.9358,673.7283,False,True,1,
train,237,bad_posture_20241021_145134_png.rf.39ef3cc31258fb61e2ec3c7790d72e77.jpg,train/bad_posture_20241021_145134_png.rf.39ef3cc31258fb61e2ec3c7790d72e77.jpg,640,640,47921,59be6a9d586c435bc84568337ec0e1c978deaeee28810d3ccaaf3305455595c9,83c6d3c3cd898d3f,131.0621,1260.1718,False,True,1,
train,238,bad_posture_20241021_142601_png.rf.37ffa45d5fc89944a645eb1a0a1d8757.jpg,train/bad_posture_20241021_142601_png.rf.37ffa45d5fc89944a645eb1a0a1d8757.jpg,640,640,39717,82da9fe66eafe00b18173a224992bb3751ce15b601d7a8b815acce6166784204,82cfcf8e9a938d9f,135.845,810.017,False,True,1,
train,239,bad_posture_20241021_143705_png.rf.443355501ea968ca5a43241a8ffa22c2.jpg,train/bad_posture_20241021_143705_png.rf.443355501ea968ca5a43241a8ffa22c2.jpg,640,640,63976,3c6be50b87fb7bb78c9a7bb0834980aefe6bf8679fd340aa985b8b0fbefb7cd9,8393e78e98938d9e,133.3293,1782.3972,False,True,1,
train,240,bad_posture_20241021_180513_png.rf.40db3268c827839853278b39eb8bc96f.jpg,train/bad_posture_20241021_180513_png.rf.40db3268c827839853278b39eb8bc96f.jpg,640,640,45160,b196553c35b5b9af3ce2dd3d8aaa1ce65a6f534704a89e0e94c6ccaf40d420e3,c9e7a786cccdc69f,132.5327,892.2442,False,True,1,
train,241,good_posture_20241013_222638_png.rf.44f12601fc184bab83639a4eeedfcc7e.jpg,train/good_posture_20241013_222638_png.rf.44f12601fc184bab83639a4eeedfcc7e.jpg,640,640,83442,718f15a7d501d993fdf4a3786909ed5be9eba67fa8324384048addb9eb3f4245,d8cccccc64033217,50.8796,1815.0764,False,True,1,
train,242,image_20241008_201104_jpg.rf.451575ce4c9e1338b56ca9e927507e1d.jpg,train/image_20241008_201104_jpg.rf.451575ce4c9e1338b56ca9e927507e1d.jpg,640,640,41262,f9ce6ebe0ffdee13caf8cc686c0590674be686c112510b16541499c874855476,a4343061e1460764,86.2173,722.3524,False,True,1,
train,243,bad_posture_20241021_144118_png.rf.45fd4518616a023f1bf4ff52c81a7b2f.jpg,train/bad_posture_20241021_144118_png.rf.45fd4518616a023f1bf4ff52c81a7b2f.jpg,640,640,90483,9a53be22f6ad4c2f84fad50e0aaa0dd153f581b64700afe81ea3f6a3cb2ac450,a3df9b9e99898d9f,130.1628,2972.8774,False,True,1,
train,244,bad_posture_20241012_173222_png.rf.45f3af8f3bc40181e99426f39d41ca21.jpg,train/bad_posture_20241012_173222_png.rf.45f3af8f3bc40181e99426f39d41ca21.jpg,640,640,38746,525dee4e4ef5eeec97fc892fae8e5b2b37a7250de9a40e4bc2c4047b36a19b3c,30dc9cd8e8e6b623,126.2373,616.3749,False,True,1,
train,245,bad_posture_20241013_225714_png.rf.443b5909f523c9ee7a4810ef024ed433.jpg,train/bad_posture_20241013_225714_png.rf.443b5909f523c9ee7a4810ef024ed433.jpg,640,640,41826,3acf907261c453218ed85c0f0d92d2baa7d3d900fbbb73f94b96be4301f3089c,c6c6e4a4c0894e46,55.3525,661.3674,False,True,1,
train,246,image_20241009_152252_jpg.rf.46f6c82023b018890e463115dcdd5733.jpg,train/image_20241009_152252_jpg.rf.46f6c82023b018890e463115dcdd5733.jpg,640,640,64145,28012f60a5ff0d3e1bbb8241e3fa1233ba850c49c358470fed3c20c15de4c796,949891b1d8075524,99.805,1608.4944,False,True,1,
train,247,good_posture_20241021_142755_png.rf.44e116974e67cbfd8d381eeae5c3b9bf.jpg,train/good_posture_20241021_142755_png.rf.44e116974e67cbfd8d381eeae5c3b9bf.jpg,640,640,80829,9fda4650f7ae97ff61ba6ca3e57e2cb2673311e8740991a3a1177115bae8d8aa,a2df9f9eb389999f,136.2292,2469.1526,False,True,1,
train,248,bad_posture_20241012_172726_png.rf.4444747c5424449649beb55da4e0a1d2.jpg,train/bad_posture_20241012_172726_png.rf.4444747c5424449649beb55da4e0a1d2.jpg,640,640,81022,daa9fc9034e2951aee11f885aa2dd516368e1b93bd0a9a5d5919c69c722a117a,30b8985850eeb623,132.5723,2420.6599,False,True,1,
train,249,good_posture_20241021_142330_png.rf.45f44a5ce97e9ae414b99bf0f7d294f7.jpg,train/good_posture_20241021_142330_png.rf.45f44a5ce97e9ae414b99bf0f7d294f7.jpg,640,640,76644,1df1a91be1428779a6a31a8b08eac2ccd92646a3f110c4d35fa9d60c0f896e1e,a2cfcf9e92838d9e,135.1472,2307.762,False,True,1,
train,250,bad_posture_20241021_143653_png.rf.47a601d44514682ce563d73814eb1c55.jpg,train/bad_posture_20241021_143653_png.rf.47a601d44514682ce563d73814eb1c55.jpg,640,640,43678,c304a2a87e18f1d7e578399112388c7588bd8acaadce04b19cba80842eb123d6,83d3efce989b8d9f,135.3282,955.8945,False,True,1,
train,251,image_20241008_203730_jpg.rf.49ba9d7f6ad83b2be111590e76f4f391.jpg,train/image_20241008_203730_jpg.rf.49ba9d7f6ad83b2be111590e76f4f391.jpg,640,640,66403,50089b61501adf1bfaa6469eeb55a4e77f669b389db6222c6f01dab930f8db2e,a4343031d9660784,80.0949,1645.2902,False,True,1,
train,252,image_20241007_222736_jpg.rf.4a80cc5abd1055b3c8b1d475972c2093.jpg,train/image_20241007_222736_jpg.rf.4a80cc5abd1055b3c8b1d475972c2093.jpg,640,640,95157,ffc7218e0e021c79e0660692234a31b6ef03c07087fd9e8ae82afbabb8a61a03,a498983171c29f05,88.7096,2580.6387,False,True,1,
train,253,bad_posture_20241021_142856_png.rf.49044eb99b48026de58a4d6de343be2c.jpg,train/bad_posture_20241021_142856_png.rf.49044eb99b48026de58a4d6de343be2c.jpg,640,640,52621,fe8581fa9c2207c703569f5443f50ee38510fc5f7e0b66f936ef97bb7f6b9e07,83b3cf8cba91999f,136.392,1281.4524,False,True,1,
train,254,image_20241009_224659_jpg.rf.455cdd67f9795c08ba1be20a12d4cda4.jpg,train/image_20241009_224659_jpg.rf.455cdd67f9795c08ba1be20a12d4cda4.jpg,640,640,91675,0518dee8dc65079358b12a0df473f7eae3905aeac32a20479cdc623d017dce7f,9a9890c9e2464073,94.2682,2457.4185,False,True,1,
train,255,image_20241007_214451_jpg.rf.4c57b5c34d81a150fec002d5150059c1.jpg,train/image_20241007_214451_jpg.rf.4c57b5c34d81a150fec002d5150059c1.jpg,640,640,85242,19ed2c4ec7298ab7ea9f05196077c63aadedce9ec8c225c6ce40022cb74d72be,b4b43031312c83c5,84.7398,2205.7007,False,True,1,
train,256,bad_posture_20241013_221128_png.rf.4614d89c343542e5a722b26a16b6f2e0.jpg,train/bad_posture_20241013_221128_png.rf.4614d89c343542e5a722b26a16b6f2e0.jpg,640,640,48633,4583c3c95e0830b796eab7feabb592f074b355a7567a56fc60f6bf1992414965,daccdcd0500a3607,92.7117,930.8954,False,True,1,
train,257,bad_posture_20241021_143534_png.rf.4d1e01ad50bd8647799c72dac25cb570.jpg,train/bad_posture_20241021_143534_png.rf.4d1e01ad50bd8647799c72dac25cb570.jpg,640,640,31424,55a9ce577ca246cc427520a70f7b48539c901d187d0ece0903bd7d2e0e4743b4,83b7cf8cb28b999f,136.0289,439.2458,False,True,1,
train,258,image_20241007_222736_jpg.rf.4c36390a9cb9d070de7da6dd0cb7eca9.jpg,train/image_20241007_222736_jpg.rf.4c36390a9cb9d070de7da6dd0cb7eca9.jpg,640,640,38851,8f44be1b81415b57611ee5f78bfaf3097d308c4730554135c2c98d6cb5c64362,a498983171c29705,87.901,602.4602,False,True,1,
train,259,good_posture_20241021_142205_png.rf.4b4460e0a4bbe41d8a8ccb5464f43fa8.jpg,train/good_posture_20241021_142205_png.rf.4b4460e0a4bbe41d8a8ccb5464f43fa8.jpg,640,640,56498,11f65a7dcaa414266d9e664e74cac353266ca8aa9aa590a0621d80b2df0bf012,b2cfcf8e93918d9f,137.8199,1543.2876,False,True,1,
train,260,bad_posture_20241021_143616_png.rf.4d4f84aa93e3559c5bc143d31a6137c3.jpg,train/bad_posture_20241021_143616_png.rf.4d4f84aa93e3559c5bc143d31a6137c3.jpg,640,640,31337,1d7cc96f95fe46b21e97f7a416bd16dbda8c0844f03fe6b22fdd601403f1d13d,8293cfce98938d9e,136.695,436.454,False,True,1,
train,261,bad_posture_20241013_221410_png.rf.510f8559bc222475e7db1b83ef672964.jpg,train/bad_posture_20241013_221410_png.rf.510f8559bc222475e7db1b83ef672964.jpg,640,640,78622,946424e7b15c5dbdb4f246e69af0c4d4f9ce2e8beb01defcee63910d05dcefa2,ccccc4cc242b3617,50.4811,1638.8219,False,True,1,
train,262,good_posture_20241013_222721_png.rf.4a46a1fabe1d7a7bb8653a2e66d5c66a.jpg,train/good_posture_20241013_222721_png.rf.4a46a1fabe1d7a7bb8653a2e66d5c66a.jpg,640,640,51149,d967c5aa447629a473226d2899f957436d5ec2b6ae0189d2636fdf354f37f8db,98d8e8e0626c3627,58.7701,881.4115,False,True,1,
train,263,good_posture_20241021_142223_png.rf.516d63215380864b7c20ba229f3a7eb4.jpg,train/good_posture_20241021_142223_png.rf.516d63215380864b7c20ba229f3a7eb4.jpg,640,640,60912,356a41e587152f6be64b2fd912b5ad2330d3870db0c02db920c0276ac8ca984a,e39f9b9e92838d9f,136.498,1707.9688,False,True,1,
train,264,good_posture_20241021_142336_png.rf.4ba02b00727131e88ad643249f0ea804.jpg,train/good_posture_20241021_142336_png.rf.4ba02b00727131e88ad643249f0ea804.jpg,640,640,74474,5855b7acd895eecb461dc0bca0fc37dcb5ca088eb6026d93201cf94c9ac52c10,a3cfcf9e92818d9e,136.4711,2264.1943,False,True,1,
train,265,bad_posture_20241021_145555_png.rf.4aa979b00eea7b0d6c07c7b119897c74.jpg,train/bad_posture_20241021_145555_png.rf.4aa979b00eea7b0d6c07c7b119897c74.jpg,640,640,34798,3ef1eb0837fa9148d4e573b03019348cb11ff06b1e601390fc57b43dc30ca13e,83b3cfccb9b38d27,132.3784,571.688,False,True,1,
train,266,good_posture_20241013_222750_png.rf.4ef90e53e27b6d11907e1347da058ecd.jpg,train/good_posture_20241013_222750_png.rf.4ef90e53e27b6d11907e1347da058ecd.jpg,640,640,86593,4df24ca82e540a643d799de07115669c678e4e47048a50194221e09da5ea59c7,98d8e0e0626c3627,60.2677,1924.6179,False,True,1,
train,267,bad_posture_20241021_144048_png.rf.516b88b5e1de56614ad3f5de8ea27668.jpg,train/bad_posture_20241021_144048_png.rf.516b88b5e1de56614ad3f5de8ea27668.jpg,640,640,31312,9dbf667ff9e3a784e8333127416e9a23dca7b539b5a297c1699bf60701903d09,83d3e7ce98938d97,132.0104,437.1245,False,True,1,
train,268,good_posture_20241013_222710_png.rf.4cc366f4c8eb868e12e7f89bbc453c45.jpg,train/good_posture_20241013_222710_png.rf.4cc366f4c8eb868e12e7f89bbc453c45.jpg,640,640,38635,1472c3dc079ac63a9ed6e9a00d570fad8898cb67c6eeb79be3195ad246067dcf,cccce0e0622c3617,59.9049,482.0544,False,True,1,
train,269,bad_posture_20241021_145122_png.rf.4b252421de3caaec047094d88f869e0b.jpg,train/bad_posture_20241021_145122_png.rf.4b252421de3caaec047094d88f869e0b.jpg,640,640,31941,57eeecd211f19ba3bf788fe2f3c178f6de600089bce31a83d317d37cf09f65ed,83ced3c3cc898d3f,134.2373,473.9536,False,True,1,
train,270,bad_posture_20241021_144100_png.rf.4d04a646cabc534f056cba47c67a12a9.jpg,train/bad_posture_20241021_144100_png.rf.4d04a646cabc534f056cba47c67a12a9.jpg,640,640,31472,02392488e82cc309dae6a1697c6a628725cd68141dcb07c0a6ee3b103d6429ac,8393efce98938d9f,131.159,436.6455,False,True,1,
train,271,bad_posture_20241021_143747_png.rf.5262fcbd048d2bc8ffc9369ab8f72686.jpg,train/bad_posture_20241021_143747_png.rf.5262fcbd048d2bc8ffc9369ab8f72686.jpg,640,640,84058,8c84549791df7bb88fe7acb3f8c2031eb49f50b6941503f9c37a2e7c06dc823a,83b3cf8cb8938d9f,132.7567,2756.6851,False,True,1,
train,272,bad_posture_20241021_144000_png.rf.4fedd1b61395d6e05ce01e40238cc886.jpg,train/bad_posture_20241021_144000_png.rf.4fedd1b61395d6e05ce01e40238cc886.jpg,640,640,77702,ecf3abcde1a7be6b3472347808c0fd0f26b78d2b6881cb1642427cb60ee10d25,8393cfce98938d97,129.3809,2460.3281,False,True,1,
train,273,bad_posture_20241013_225746_png.rf.52f4fc9c9c985068481194616632bef9.jpg,train/bad_posture_20241013_225746_png.rf.52f4fc9c9c985068481194616632bef9.jpg,640,640,52918,5b21e86ffb3ab86bc3a8f6259c314605d3b9ed76943fd156bb04fa4d7a619372,ccccccc88080a626,54.7125,1037.1804,False,True,1,
train,274,good_posture_20241013_225738_png.rf.49dde5bf40504ae348c3d05d4a75d82f.jpg,train/good_posture_20241013_225738_png.rf.49dde5bf40504ae348c3d05d4a75d82f.jpg,640,640,45742,6be3d202c0812a81d83e7dc1d4b59fa86964031239b3efe901751860b8dc0e8d,9898d048c0814e46,55.4867,769.3042,False,True,1,
train,275,bad_posture_20241021_145335_png.rf.521e2285ad314459480aa08f152379c3.jpg,train/bad_posture_20241021_145335_png.rf.521e2285ad314459480aa08f152379c3.jpg,640,640,31730,e7f4b9d8d6a6dc64a86835626ebf921814b4ad313d654c3755d550ec37a389c1,83dba7c695918d37,130.6039,416.6184,False,True,1,
train,276,bad_posture_20241021_143020_png.rf.51bd6b7c7983855b05cdcdccaf456370.jpg,train/bad_posture_20241021_143020_png.rf.51bd6b7c7983855b05cdcdccaf456370.jpg,640,640,70277,3b202235be3653e9260e523d4b653f17364975fd069fab503e1157b7a310e0ca,83b3cf8e92a1999f,137.2701,2088.634,False,True,1,
train,277,image_20241009_135224_jpg.rf.5501dcaa0a41a41a9e5dd65b70a671bb.jpg,train/image_20241009_135224_jpg.rf.5501dcaa0a41a41a9e5dd65b70a671bb.jpg,640,640,69000,4b90bc3116d9bbfb92ffe8ff95ae1acf45539deebab3d195e4f036d5d332f109,3430b1b1500f2714,115.3345,1937.3582,False,True,1,
train,278,good_posture_20241021_141707_png.rf.52c4ae2019f1a34b9f61654abcb6b3d0.jpg,train/good_posture_20241021_141707_png.rf.52c4ae2019f1a34b9f61654abcb6b3d0.jpg,640,640,53377,944e0e98f1bf6141f3e36d11529bc9deb46625c785535c3eda9bd57bbc3089df,93cfcf1eb39ccf9f,130.6848,1358.1824,False,True,1,
train,279,good_posture_20241021_142342_png.rf.4fdad88c2fe0431dc2ef26c8f0b27587.jpg,train/good_posture_20241021_142342_png.rf.4fdad88c2fe0431dc2ef26c8f0b27587.jpg,640,640,31518,ab2bcffe24ca57bdf0287054b75754091a84c6fbca469496f5a35151f8eb7b8f,b2cfcf9e92938d9f,137.1268,453.4365,False,True,1,
train,280,good_posture_20241012_174311_png.rf.50aa111915d5696ae52a9a9f4fdea858.jpg,train/good_posture_20241012_174311_png.rf.50aa111915d5696ae52a9a9f4fdea858.jpg,640,640,51078,850ee058299d3ab126795bdd8a438c66e3cd2fc75b473403ab2d17850ff5ad48,3038b8d888cec603,135.0132,1170.8226,False,True,1,
train,281,good_posture_20241021_142153_png.rf.53ff9cef124a7c432308ec8797d6b7e9.jpg,train/good_posture_20241021_142153_png.rf.53ff9cef124a7c432308ec8797d6b7e9.jpg,640,640,31035,72b97933bb57161486ee4ffe5c10bdab7e63ad12a8178ab6d7a79a67ad0e97ff,a3cfcfce93818d9f,137.7593,462.7167,False,True,1,
train,282,image_20241009_225721_jpg.rf.5236c77f62c8492e23c7e1beb59dbf4f.jpg,train/image_20241009_225721_jpg.rf.5236c77f62c8492e23c7e1beb59dbf4f.jpg,640,640,87582,734542f4af2eab44f24493457b569475b1c2baa61ada42c1bdbbe90a169ae8b4,b2b890d0e1a18263,93.8639,2414.54,False,True,1,
train,283,good_posture_20241021_141649_png.rf.55228561beba275e28e11a82e618a08a.jpg,train/good_posture_20241021_141649_png.rf.55228561beba275e28e11a82e618a08a.jpg,640,640,48406,fb592524a6db5120c4f72ebc9b34269db29ce9b6859fc96d5eb26b3b6efc9551,e39f9b9eb394cc9f,131.5746,1166.5743,False,True,1,
train,284,bad_posture_20241021_180513_png.rf.554e806fdbaf4244392d7b4959e6d1a7.jpg,train/bad_posture_20241021_180513_png.rf.554e806fdbaf4244392d7b4959e6d1a7.jpg,640,640,81804,23a974b46cae07552461a88343f1b4d1a1efc9a56f05d73d2bdec6af33bc9dbf,d9e7a786cccdc69f,132.4964,2409.0762,False,True,1,
train,285,good_posture_20241021_180555_png.rf.571494939c14ef7f2e2a3a20e01ef43a.jpg,train/good_posture_20241021_180555_png.rf.571494939c14ef7f2e2a3a20e01ef43a.jpg,640,640,52365,107219d813ea0266545e35398000b319dae68523b1a2124c4285164dc55b6297,f3cfcd8e9ecfc69f,132.7833,1191.0688,False,True,1,
train,286,bad_posture_20241021_143245_png.rf.5444765c2b95f70b79738dbd52068113.jpg,train/bad_posture_20241021_143245_png.rf.5444765c2b95f70b79738dbd52068113.jpg,640,640,87895,124474dfb00e9d5002c75f224ba296b5e12d844703c2b28a47992a5acbe7adf5,82dbe7868491999f,136.3515,2751.0024,False,True,1,
train,287,good_posture_20241021_180549_png.rf.55ad771bf0e6b6a29d4a0185a09ddb9d.jpg,train/good_posture_20241021_180549_png.rf.55ad771bf0e6b6a29d4a0185a09ddb9d.jpg,640,640,44221,a89b5a4dd405c30cdf5d39072e4bc013cb78f15c60f4f81efa19fbb192d695b0,f3cfcd8e9ecfc69f,132.4347,854.2466,False,True,1,
train,288,good_posture_20241021_141958_png.rf.55da3a2ce06cbec85597d828547b8dba.jpg,train/good_posture_20241021_141958_png.rf.55da3a2ce06cbec85597d828547b8dba.jpg,640,640,40073,7fbd3baf14fa4ffbce141e2c19e8b36a4264b07dc6082c7fc374e75d16b4e8c2,e39f9f9e939dcf9f,130.3177,832.4199,False,True,1,
train,289,good_posture_20241013_222732_png.rf.593e5b73ee082fa508f3b041265236af.jpg,train/good_posture_20241013_222732_png.rf.593e5b73ee082fa508f3b041265236af.jpg,640,640,33115,37d44a14b60ac38d0a5ba52b17dcbf78491e549ec1e84b772a4722d593690fd2,98d8e0e0626c3627,58.5445,300.5131,False,True,1,
train,290,good_posture_20241021_141335_png.rf.529c2f79c2e3de57f14d4634ac9b841d.jpg,train/good_posture_20241021_141335_png.rf.529c2f79c2e3de57f14d4634ac9b841d.jpg,640,640,49822,47563fbf12086c860e15a35024569a3c2f5ad40933d6ee31608aa1d12768c175,e39f9f9eb394cc9f,128.0346,1227.7922,False,True,1,
train,291,bad_posture_20241012_173040_png.rf.5a625be41364d000b584793957654a32.jpg,train/bad_posture_20241012_173040_png.rf.5a625be41364d000b584793957654a32.jpg,640,640,40200,b2729592c10ba9f830c507c7398fb59d5c9284c18fff2170e4265b63fc1e6d86,30bcccccc8d6e633,132.0374,628.9112,False,True,1,
train,292,good_posture_20241021_142159_png.rf.5a1152d976abbafa61d09e6bead31579.jpg,train/good_posture_20241021_142159_png.rf.5a1152d976abbafa61d09e6bead31579.jpg,640,640,30842,2a8aa3b52c01509d47418dfd68d436e3de73bb4ee8f082cecda8af5528c4a968,b2cfcfce93918d9f,137.8766,447.721,False,True,1,
train,293,bad_posture_20241012_172807_png.rf.5c14c298dfada9c74703a7d383131e14.jpg,train/bad_posture_20241012_172807_png.rf.5c14c298dfada9c74703a7d383131e14.jpg,640,640,94491,ede82e76786274fc99e35baf8e6bacbfaa5c01b80f8813b10781b7d91b523512,30bcccacecfeb627,129.573,3100.9563,False,True,1,
train,294,good_posture_20241021_180312_png.rf.5cb65bcda8dd67d68094b757c67d9553.jpg,train/good_posture_20241021_180312_png.rf.5cb65bcda8dd67d68094b757c67d9553.jpg,640,640,34083,5ebbfd17c67565588febd7be4e94b9952fafa276fba0e3fc58481b9c58cea3dc,e1cfcd8e9ecbc69f,132.1596,427.3295,False,True,1,
train,295,good_posture_20241012_174401_png.rf.550aa8e214ee50aee8aff425ebff79ff.jpg,train/good_posture_20241012_174401_png.rf.550aa8e214ee50aee8aff425ebff79ff.jpg,640,640,39965,ec27fa8e4a46272863f004b7be217eb2ed4a13555dd65686e32537aae398b3ca,b898985888cec603,134.5564,657.9267,False,True,1,
train,296,bad_posture_20241013_220329_png.rf.5c5271e230a21472e624992741635b28.jpg,train/bad_posture_20241013_220329_png.rf.5c5271e230a21472e624992741635b28.jpg,640,640,39190,05fe91bcb0dbbe1ff0c678514972849b05456692bb3e445e23de09c13c1d2100,ceccc4c4420a3607,91.9768,588.6677,False,True,1,
train,297,bad_posture_20241012_172107_png.rf.60103f979a2b233515d7e6b699b97b95.jpg,train/bad_posture_20241012_172107_png.rf.60103f979a2b233515d7e6b699b97b95.jpg,640,640,39415,284cc8d98c602695fa93dfd71e8ac9a8e303388bae86e1b47f61046be66e98f7,30b8ccbad2deb623,127.6557,701.8625,False,True,1,
train,298,image_20241008_202735_jpg.rf.5f402ec511205630b53ae6b1021d2e18.jpg,train/image_20241008_202735_jpg.rf.5f402ec511205630b53ae6b1021d2e18.jpg,640,640,92161,819e90ac5b3f563097b3a3a87221ab9dbe25cdec1c1a13a73f1c92214ba3db9e,a4343061614207c4,82.0956,2448.4641,False,True,1,
train,299,good_posture_20241021_180549_png.rf.5d1e28c84ced36cab22c2e986b16380c.jpg,train/good_posture_20241021_180549_png.rf.5d1e28c84ced36cab22c2e986b16380c.jpg,640,640,34336,3dfcfb633695b436bd5c8b585e6fc9955e1f2364c5fb936b306385df73007696,f3cfcd8e9ecfc69f,132.4238,439.7084,False,True,1,
train,300,bad_posture_20241021_142536_png.rf.5f76ec6d5c76b42cbac61a7bbfb3da77.jpg,train/bad_posture_20241021_142536_png.rf.5f76ec6d5c76b42cbac61a7bbfb3da77.jpg,640,640,87116,453ca8dbb5d7a9589faf9303f4850ce2b98ddbcb80eb902b8ece497427ab499b,83c7d3c382898f9f,136.8122,2776.96,False,True,1,
train,301,bad_posture_20241012_173040_png.rf.5d6e0d54e52876cadafaa4203399786c.jpg,train/bad_posture_20241012_173040_png.rf.5d6e0d54e52876cadafaa4203399786c.jpg,640,640,95717,ec85f65f7c98b67072b0ef8a219795a1b78f147dc7db2249d82d6b93106cbe75,30bcccccc8d6e633,132.0063,2939.8494,False,True,1,
train,302,bad_posture_20241013_215714_png.rf.61485122e412febf1c3fe18bee58aa9c.jpg,train/bad_posture_20241013_215714_png.rf.61485122e412febf1c3fe18bee58aa9c.jpg,640,640,38570,61d06ef3b0b30a00219faea035b94a64bcf58aad7d92297f66431643fa1bf7d9,b2b2b494c492660f,93.8746,590.8124,False,True,1,
train,303,bad_posture_20241021_141737_png.rf.6306ca9f641b1006206b9780812b47e5.jpg,train/bad_posture_20241021_141737_png.rf.6306ca9f641b1006206b9780812b47e5.jpg,640,640,43602,52916b90214b02aa8ada201c972f7f5ea18c81bc38eb9c027f63595f9d279d1a,83d3e78e93a4cd8f,132.736,1125.5117,False,True,1,
train,304,good_posture_20241012_174311_png.rf.5e4e2e6420b9e00113316e95dbc4fff1.jpg,train/good_posture_20241012_174311_png.rf.5e4e2e6420b9e00113316e95dbc4fff1.jpg,640,640,40200,38fc94a2792b6558c35dc659177725d22d6da356908228a7be9b1620e8e36619,3038b8d888cec603,135.0499,672.9296,False,True,1,
train,305,good_posture_20241021_141624_png.rf.5cb6ce0a45f72bf778b064662ec74007.jpg,train/good_posture_20241021_141624_png.rf.5cb6ce0a45f72bf778b064662ec74007.jpg,640,640,32538,bf67bccc56443652650a183104cb260f7feb39379ad3671cb84d3c32d33945ae,e3979f9eb39dcf9f,131.4961,525.1124,False,True,1,
train,306,image_20241007_214451_jpg.rf.64209af8177995b45e898b7c76f09ba9.jpg,train/image_20241007_214451_jpg.rf.64209af8177995b45e898b7c76f09ba9.jpg,640,640,35732,e3014354ae1179c4a9f252bae63d15587509450ae999e64ff6930f03528c0589,b4b43031312c83c5,83.9846,515.8612,False,True,1,
train,307,bad_posture_20241021_143245_png.rf.6435d4f113fb77b9e049c95ca74e0486.jpg,train/bad_posture_20241021_143245_png.rf.6435d4f113fb77b9e049c95ca74e0486.jpg,640,640,31438,b32af7610b07be7eaae61ba2a729f0caae6859e8b64e544be5892e24e388d51f,82dbe7868491999f,136.4482,414.08,False,True,1,
train,308,bad_posture_20241013_220329_png.rf.5f40e71c2621db7d27e479d0d0aa1d31.jpg,train/bad_posture_20241013_220329_png.rf.5f40e71c2621db7d27e479d0d0aa1d31.jpg,640,640,44260,9cdd4524380426228585482e066d0158be5167d8a086de62c0506e8f6df69195,caccc4c4420a3607,92.0444,775.6342,False,True,1,
train,309,bad_posture_20241013_220037_png.rf.64d618dae3a200e4532e264c4840e7a2.jpg,train/bad_posture_20241013_220037_png.rf.64d618dae3a200e4532e264c4840e7a2.jpg,640,640,39948,920911a3f1ea70bc10a3aa3fca3fe82dac643fb44d1d94c6ca519fa433f1d413,caccccccc2946e0f,88.3475,576.8332,False,True,1,
train,310,good_posture_20241012_174321_png.rf.5f4746ac40af223d1a9ef233f4130e10.jpg,train/good_posture_20241012_174321_png.rf.5f4746ac40af223d1a9ef233f4130e10.jpg,640,640,40082,88c1426212b0048a91e49594a4def2f2911fa24a309b65ad17f0c01ea882e301,303830d888cec603,135.5585,672.5062,False,True,1,
train,311,image_20241008_210538_jpg.rf.61c23e5cc2177c674d00cdb1ae173569.jpg,train/image_20241008_210538_jpg.rf.61c23e5cc2177c674d00cdb1ae173569.jpg,640,640,89121,8d533037b25fe1b72ab587d3b1b1de994299e90fcdd17d0f7e9aff0eb62b922e,a4b43031616686c4,85.4582,2355.3027,False,True,1,
train,312,good_posture_20241013_225742_png.rf.6430fcfab1acf9edf6291ff79575fc6d.jpg,train/good_posture_20241013_225742_png.rf.6430fcfab1acf9edf6291ff79575fc6d.jpg,640,640,50057,3c3e5d16a34d7eea2853546c32bba5416f0ab632d8532d45181aadd502666fe3,9898c0c8c081a626,55.9657,895.2905,False,True,1,
train,313,image_20241009_224659_jpg.rf.5a48d40426c04c843c9628b70fc55f1a.jpg,train/image_20241009_224659_jpg.rf.5a48d40426c04c843c9628b70fc55f1a.jpg,640,640,76077,0c62cfbba4335c8f6385ae3e90e2b7a1fadd91b985780e12808dca6d7c91bd34,9a9890c9e2464073,94.0297,1901.481,False,True,1,
train,314,bad_posture_20241012_172310_png.rf.65d35caf1021a314b6188990a8f926d9.jpg,train/bad_posture_20241012_172310_png.rf.65d35caf1021a314b6188990a8f926d9.jpg,640,640,65920,54f7cceab47c89375fafd9a177636ea160d52bf33fc1dbc15b590df34d1bbaee,30b6a6b4e4ee9623,125.1528,1771.0509,False,True,1,
train,315,bad_posture_20241013_221218_png.rf.5401eaed6ea732be35b6ec74913afd54.jpg,train/bad_posture_20241013_221218_png.rf.5401eaed6ea732be35b6ec74913afd54.jpg,640,640,38664,65069b995d19fc8e2b5bb62a4839d9ffe47d68ee529b3d03104d3f9b2e9fe576,caccc8c4460a2607,93.2077,546.3596,False,True,1,
train,316,bad_posture_20241021_141755_png.rf.65a2e58d31958a39d23d16c8ceab9ae6.jpg,train/bad_posture_20241021_141755_png.rf.65a2e58d31958a39d23d16c8ceab9ae6.jpg,640,640,38510,1b805d00892095620dd391c5a5bf7ef006309c094c8ef6fdb14a9b683322bb7c,82dba78683b1cd8f,131.1245,883.8842,False,True,1,
train,317,bad_posture_20241013_221128_png.rf.64b10ef13174ecba5f0f719dad089d86.jpg,train/bad_posture_20241013_221128_png.rf.64b10ef13174ecba5f0f719dad089d86.jpg,640,640,57941,1c3698f319e4ac8c7e6aac67db3696a4ebc5510bd9376a3717fd8df9278a46f1,daccdcd0500a3607,92.6602,1361.0046,False,True,1,
train,318,good_posture_20241021_180607_png.rf.6739ab1edb782b8dfe90e7251b927491.jpg,train/good_posture_20241021_180607_png.rf.6739ab1edb782b8dfe90e7251b927491.jpg,640,640,34577,841341bc1a59779acaa3f2e2b63bc0f38bfa370e159a6b943934c3e184c2647e,f3cf4d8f9ecfc69f,132.6086,433.1043,False,True,1,
train,319,bad_posture_20241021_141436_png.rf.65e7c4c15eb2c23a561ccdd39fbfcb93.jpg,train/bad_posture_20241021_141436_png.rf.65e7c4c15eb2c23a561ccdd39fbfcb93.jpg,640,640,31359,2face4ecc6b1cd53aa85552774b7eae56376d42cce5bc5d9d03195d3ab809a45,83a7cf4e9391cd8f,129.7231,488.048,False,True,1,
train,320,good_posture_20241021_142755_png.rf.64e169efe292b0d92226c1b95eee3d45.jpg,train/good_posture_20241021_142755_png.rf.64e169efe292b0d92226c1b95eee3d45.jpg,640,640,61199,961ce5dd4bcf7ea942a0a2a69ebb10c32916735e0825d828ed0d886d7f488258,a2db9f9eb389999f,136.2857,1693.614,False,True,1,
train,321,good_posture_20241021_142755_png.rf.66cd3b00eb8c2d26c3a0dc04927b4bc9.jpg,train/good_posture_20241021_142755_png.rf.66cd3b00eb8c2d26c3a0dc04927b4bc9.jpg,640,640,31478,788be3c5d28da8686a558a7701b61436abca441274c852b0778b79336dc30e82,a2df9f9eb389999f,136.3256,434.1649,False,True,1,
train,322,bad_posture_20241021_142601_png.rf.6589eeec635e63a58b1c6dbcf4e740e1.jpg,train/bad_posture_20241021_142601_png.rf.6589eeec635e63a58b1c6dbcf4e740e1.jpg,640,640,84496,17f682215049ecae262b5c934c618fc496be26d18182d4d23cd288b797c3f316,83cfcf8e9a938d9f,135.7889,2625.4441,False,True,1,
train,323,good_posture_20241013_225741_png.rf.6941bcbb04993866436d3312ea1aa44f.jpg,train/good_posture_20241013_225741_png.rf.6941bcbb04993866436d3312ea1aa44f.jpg,640,640,30999,f8f77106b08fb3ffceb583bf129dc6938b328f30ae489ef7ebc4dabebe4bcad0,9898c0c8c081a626,55.6435,303.5001,False,True,1,
train,324,bad_posture_20241021_143817_png.rf.6764145f0dab336544ad024f14901db1.jpg,train/bad_posture_20241021_143817_png.rf.6764145f0dab336544ad024f14901db1.jpg,640,640,82710,ef7215e6d6552e0f8a2f1521197cc02809dc0afa47bcc270ed9747a575555d1b,82dba78694918d9f,137.8537,2576.6248,False,True,1,
train,325,bad_posture_20241021_143239_png.rf.68ff3dabef8ffa88deaec22dee2cf2d5.jpg,train/bad_posture_20241021_143239_png.rf.68ff3dabef8ffa88deaec22dee2cf2d5.jpg,640,640,86582,01d18e45b707e35f76f22c25c745a21fcb23669c5da9adcc527c13301d185bab,83dbe7868491999f,135.9621,2686.4868,False,True,1,
train,326,image_20241008_203730_jpg.rf.6b6062891c1d98f37417e6c159a73b81.jpg,train/image_20241008_203730_jpg.rf.6b6062891c1d98f37417e6c159a73b81.jpg,640,640,36888,cc6c79bed6595fc8c33c046098c3ff1b4c5f99461593dc273d396284b354aa02,a4343031d9660784,79.9312,549.7555,False,True,1,
train,327,bad_posture_20241021_142123_png.rf.70ce01198ac54f6f1294bc55f7054c38.jpg,train/bad_posture_20241021_142123_png.rf.70ce01198ac54f6f1294bc55f7054c38.jpg,640,640,36613,e4a25e84aebc96caeab298a8882b2d6dbe293baf00f204c45f6c8421cd6bf38a,83dba7868391dd1f,133.0112,672.4389,False,True,1,
train,328,bad_posture_20241012_172310_png.rf.7062f60fe56b920ecc719d3f3b83862a.jpg,train/bad_posture_20241012_172310_png.rf.7062f60fe56b920ecc719d3f3b83862a.jpg,640,640,38940,8dbdb1460dda969f3893a40a8963f3bc09d1c1ba9ce614f8f4fb6667792d76c0,30b6a6b4e4eeb623,125.1651,657.3394,False,True,1,
train,329,good_posture_20241021_142318_png.rf.6a1f27ab2a247590de810e827ee6b731.jpg,train/good_posture_20241021_142318_png.rf.6a1f27ab2a247590de810e827ee6b731.jpg,640,640,87897,f830b949729f41687fa41ff782c23d742d6e8cee4c7c6096b4fb1c77e26cf47e,e39f9b9e91898d9e,136.018,2936.0269,False,True,1,
train,330,bad_posture_20241021_144638_png.rf.6ed2a45f820cb156bc418731a9f11d0d.jpg,train/bad_posture_20241021_144638_png.rf.6ed2a45f820cb156bc418731a9f11d0d.jpg,640,640,70963,65ce81725e5f470460cb36583e1c89b4c54df9b15c77291a5c5c78d0ee954610,83cfe7c69d898d9f,134.4078,2095.4795,False,True,1,
train,331,bad_posture_20241021_143008_png.rf.6cd9b1e6f3b75c8246be9c8880822b6b.jpg,train/bad_posture_20241021_143008_png.rf.6cd9b1e6f3b75c8246be9c8880822b6b.jpg,640,640,81019,da2017fd8d9b9bae5016a2b42d78362bf3c329bcd3c9662453aa98744f4509b6,8393cf8e92a9999f,136.7069,2497.8484,False,True,1,
train,332,good_posture_20241012_172057_png.rf.71b7627c08bdb8d2fe852d499e0c9cff.jpg,train/good_posture_20241012_172057_png.rf.71b7627c08bdb8d2fe852d499e0c9cff.jpg,640,640,84150,bed863f25cdcae27e4c596697ce89c0ea70cc72e34b3ebdb4d517279911e7ade,30b8ccbad2deb623,127.2313,2515.5073,False,True,1,
train,333,good_posture_20241013_222638_png.rf.696d0c1fed86072e02257c39016c2528.jpg,train/good_posture_20241013_222638_png.rf.696d0c1fed86072e02257c39016c2528.jpg,640,640,30021,f44eac16aac23555b6417c307a0d6fdcdc975598c9440f98a7998b03d940a20d,d8cccccc64013617,49.5189,256.037,False,True,1,
train,334,good_posture_20241021_141542_png.rf.674e053d01aacf3117aed4bfa338fe05.jpg,train/good_posture_20241021_141542_png.rf.674e053d01aacf3117aed4bfa338fe05.jpg,640,640,32213,540c9c74224561011b262f4af82cf32f2fe57352376884a52784ca4403c6616b,e39b9b9eb395cf9f,131.221,496.9237,False,True,1,
train,335,bad_posture_20241021_142914_png.rf.6f9b9047c25e931496da93ffa18e5752.jpg,train/bad_posture_20241021_142914_png.rf.6f9b9047c25e931496da93ffa18e5752.jpg,640,640,31581,a7ddcd9953c4d04f60473c421ca97850e71bd704712e9c0f3389bd1030eec22d,83d3e78e8793999f,136.3956,422.1583,False,True,1,
train,336,image_20241008_202917_jpg.rf.6ef80c65011a334d84e3469a03e88036.jpg,train/image_20241008_202917_jpg.rf.6ef80c65011a334d84e3469a03e88036.jpg,640,640,36227,17d6bb26629c25a4e56dd687243557e7d9777f293be57eada1fd3f7d71bd7a86,a4343061e14607c4,81.9539,541.2549,False,True,1,
train,337,bad_posture_20241013_222740_png.rf.6ee53ef53b06a6c43df4ace82be23d7a.jpg,train/bad_posture_20241013_222740_png.rf.6ee53ef53b06a6c43df4ace82be23d7a.jpg,640,640,40371,ac2f2762aa71d90bb27c837f1b00883f812a650aa8800e5014d74a2af45897b6,cccce8e0624c3627,59.2089,534.1272,False,True,1,
train,338,image_20241009_143702_jpg.rf.71a50439f29c4ffcc7e0511d8a2c0de9.jpg,train/image_20241009_143702_jpg.rf.71a50439f29c4ffcc7e0511d8a2c0de9.jpg,640,640,42574,11404a3b4da8121236f1ff6d0d32e05575814459151e4ce7b8b89afc7921a0d5,a4cd8db1524f2514,112.7327,873.1661,False,True,1,
train,339,bad_posture_20241021_144407_png.rf.6b070a07b32d4d8424a75b3eca4176c0.jpg,train/bad_posture_20241021_144407_png.rf.6b070a07b32d4d8424a75b3eca4176c0.jpg,640,640,55640,de9e77749f34f78ae972d9329482d17b0b7f00dbd703cda2585d49b4e86d1887,83e7cf8e9a898d9f,132.6607,1434.996,False,True,1,
train,340,good_posture_20241013_225743_png.rf.6c388dc051c17698b210c6cfc763413e.jpg,train/good_posture_20241013_225743_png.rf.6c388dc051c17698b210c6cfc763413e.jpg,640,640,69742,e5dafc6269788f9f577ed5d45166718c90e28fce54327bfc10c9ad505e8ebc8e,9898c0c8c0812626,55.837,1528.5112,False,True,1,
train,341,bad_posture_20241021_143139_png.rf.6d21c903edefbb5159ae78a9f01b3269.jpg,train/bad_posture_20241021_143139_png.rf.6d21c903edefbb5159ae78a9f01b3269.jpg,640,640,74498,7b7c093280a9c14c7d69b3c76efc079aa44f0e3a4b2ae5dd10baed3a16e7c64b,82e79b9e328b999f,134.6936,2237.9343,False,True,1,
train,342,bad_posture_20241021_145211_png.rf.6c0a085f979a3d09d8dc8bcd28a4ee9d.jpg,train/bad_posture_20241021_145211_png.rf.6c0a085f979a3d09d8dc8bcd28a4ee9d.jpg,640,640,82180,51735c336743a9298a892aab672b910172c2efac91db8e9f7a86f0d04e41d909,83c7d3c38b898d3f,132.6323,2491.5293,False,True,1,
train,343,good_posture_20241013_222750_png.rf.6bf1375bbcf78b64e80849c2db4d63c9.jpg,train/good_posture_20241013_222750_png.rf.6bf1375bbcf78b64e80849c2db4d63c9.jpg,640,640,76674,096b1a8c479523909deb48c7c59e8d29d644aef3afc2855df330975dcffc6a3a,98d8e0e0626c3627,59.9866,1642.604,False,True,1,
train,344,good_posture_20241021_141713_png.rf.6c89ea9fbde0debbc90169020fd15f02.jpg,train/good_posture_20241021_141713_png.rf.6c89ea9fbde0debbc90169020fd15f02.jpg,640,640,86980,ecdadf3143c987802a75aa48d24b086a907e945a681106db730e5e534153fde5,93cfcf1eb39cce9f,130.5792,2676.3594,False,True,1,
train,345,good_posture_20241021_142153_png.rf.6b8b9daa24766b0fd7dfe081ba5c504c.jpg,train/good_posture_20241021_142153_png.rf.6b8b9daa24766b0fd7dfe081ba5c504c.jpg,640,640,56021,af245883d8ac768c96ebfb4e56aa764bd1f290543adbffa0c3bd9a0e73b13c55,a3cfcfce93818d9f,137.7164,1516.4509,False,True,1,
train,346,good_posture_20241012_174331_png.rf.69218c897265290334bcd3e8e236c690.jpg,train/good_posture_20241012_174331_png.rf.69218c897265290334bcd3e8e236c690.jpg,640,640,78203,6aa6e51758922118746208884d2f000819b259090afad1f8e0e6f5b50cf00eb9,3038b0d888cec603,135.809,2324.2117,False,True,1,
train,347,bad_posture_20241012_172726_png.rf.6f7eed2cd768313d4443c71399348e49.jpg,train/bad_posture_20241012_172726_png.rf.6f7eed2cd768313d4443c71399348e49.jpg,640,640,38642,65ed9899aab18ec33ed404aedb92fe5a6525bea91923a2db9c6dd1b758051834,30b8985850eeb623,132.6493,658.8505,False,True,1,
train,348,bad_posture_20241021_144143_png.rf.71e440995484c622c1fd840aec7bb841.jpg,train/bad_posture_20241021_144143_png.rf.71e440995484c622c1fd840aec7bb841.jpg,640,640,32152,a12cc0ca955b5861d0733983673f898437453b5fff1055bbce340a9bef1f7b5e,b3cfcf8a9b8b8d9f,131.1838,456.2233,False,True,1,
train,349,bad_posture_20241021_142111_png.rf.71eb50bb399a72995b18a75eea2b6792.jpg,train/bad_posture_20241021_142111_png.rf.71eb50bb399a72995b18a75eea2b6792.jpg,640,640,30583,a8189903b50a6ef2c8f24f6c3556f9cd32f4a4443b4e0e72c0bd6e1393b0bb53,83a7cf8eb391cd0f,131.3826,434.3697,False,True,1,
train,350,bad_posture_20241013_220329_png.rf.7391747e35777b9cccc99d03692c3c7b.jpg,train/bad_posture_20241013_220329_png.rf.7391747e35777b9cccc99d03692c3c7b.jpg,640,640,56208,a21f5c94434fd31292e20751d2333d4e27a5db5d8388e0fe51960d578938e054,caccc4c4420a3607,92.1651,1235.9385,False,True,1,
train,351,bad_posture_20241021_145122_png.rf.760013fe9c2eeb4d5f703d6590cc7671.jpg,train/bad_posture_20241021_145122_png.rf.760013fe9c2eeb4d5f703d6590cc7671.jpg,640,640,72134,77b9ab2318b13cb3b9a68c6b2a664ac6d6acd50c06d7a846f9d6a9f942d36682,83ced3c3cc898d3f,134.212,2137.5334,False,True,1,
train,352,bad_posture_20241021_145134_png.rf.78072d79cfba79b3449ee462a531f36c.jpg,train/bad_posture_20241021_145134_png.rf.78072d79cfba79b3449ee462a531f36c.jpg,640,640,66921,1f34da547454c38ee9f08bb5ff880884303a5bf04af6d0020b74bc17b650be84,838ed3c3c9898d3f,131.6539,1909.3942,False,True,1,
train,353,good_posture_20241021_141317_png.rf.77704611f833f0d7dbf7605448d54924.jpg,train/good_posture_20241021_141317_png.rf.77704611f833f0d7dbf7605448d54924.jpg,640,640,61119,292165cfe41aeea2ba77f3a8f30a82a226224e3d4d5bb1c8dae3b98287927a91,b3cfcf9e939ccd9f,126.5777,1814.7507,False,True,1,
train,354,good_posture_20241013_225734_png.rf.78b82102bae51ef864317a1cc846fb0d.jpg,train/good_posture_20241013_225734_png.rf.78b82102bae51ef864317a1cc846fb0d.jpg,640,640,31278,2fd731f48f879631abcf2908884645813a98a2826d21ce63565ea4c30cecebfc,b0b0d058c0854e46,55.2772,314.1614,False,True,1,
train,355,bad_posture_20241021_144036_png.rf.71c800aaccc03f2287eff9ed7d86c867.jpg,train/bad_posture_20241021_144036_png.rf.71c800aaccc03f2287eff9ed7d86c867.jpg,640,640,31418,03a88eb25e901a7de6b9ada310d900555dd662084b3737a95dd759ddd3115520,83dbe78698938d9e,131.0765,438.3758,False,True,1,
train,356,bad_posture_20241021_143924_png.rf.7407a4ef46d060a76172d18a47aef81c.jpg,train/bad_posture_20241021_143924_png.rf.7407a4ef46d060a76172d18a47aef81c.jpg,640,640,78545,65896e3553c16ad04078ee2f8c0b2d8c28fe4f1053751f855dfa35764bfb4c74,83d3cfcc98938d9f,131.1649,2341.1951,False,True,1,
train,357,bad_posture_20241013_221128_png.rf.759122f47838c06d9e88472ffd56d0da.jpg,train/bad_posture_20241013_221128_png.rf.759122f47838c06d9e88472ffd56d0da.jpg,640,640,37760,05809b8ac1d1e3fda89ed2c3aca64495ae7cd91039a22f0a66c945ddd535b7b5,daccdcd0500a3607,92.6156,504.6938,False,True,1,
train,358,bad_posture_20241013_222600_png.rf.763b02ea322cdbe107e1a4f76e08a272.jpg,train/bad_posture_20241013_222600_png.rf.763b02ea322cdbe107e1a4f76e08a272.jpg,640,640,61719,c6a641865f0d18a760f95574f8502af4a74288be44ad75a7ed631e1ff4eb1855,c8cccccc240a3617,49.4083,1215.9126,False,True,1,
train,359,good_posture_20241021_141317_png.rf.74badd80ae03fafb0c84215a63bf501f.jpg,train/good_posture_20241021_141317_png.rf.74badd80ae03fafb0c84215a63bf501f.jpg,640,640,31125,718103d432ba273cc6bd79dc882093effc1ee903239a8aab97c415817a286c07,b3cfcf9e939ccc9f,127.3383,500.9088,False,True,1,
train,360,good_posture_20241021_141649_png.rf.78d8401f4668f337aefdded3207aa1a2.jpg,train/good_posture_20241021_141649_png.rf.78d8401f4668f337aefdded3207aa1a2.jpg,640,640,31654,5a1e41cbbfeed2fce518b145e38461156973d1c659a9df81605671651a4c61fc,e39f9b9eb39cce9f,131.5735,469.9674,False,True,1,
train,361,bad_posture_20241021_141755_png.rf.77281eb66e0a303481e338fcbb50b18d.jpg,train/bad_posture_20241021_141755_png.rf.77281eb66e0a303481e338fcbb50b18d.jpg,640,640,83175,abfd0d07bc3489ba2c802b1712c94305e08f790a5ad27e8466797bc7e696b5c4,82dba78683b1cd8f,131.0942,2735.0469,False,True,1,
train,362,bad_posture_20241021_142418_png.rf.77bdb020915a6f13a95e0d60558be3bf.jpg,train/bad_posture_20241021_142418_png.rf.77bdb020915a6f13a95e0d60558be3bf.jpg,640,640,77817,40011a398f03dfeada73e4fb68313558dde1c58c628f9c32354757f49757e5a9,83cfd3c696998f9f,136.6843,2373.3513,False,True,1,
train,363,bad_posture_20241021_180437_png.rf.733d0fa44df28d50eab6bf25d4bb8627.jpg,train/bad_posture_20241021_180437_png.rf.733d0fa44df28d50eab6bf25d4bb8627.jpg,640,640,48601,b8de098050889bf7b04079cd41c4e8b3355fd0d5ca333f6c25059e21cb9c5f12,c3cdd383cecdc69f,131.9617,1042.3187,False,True,1,
train,364,good_posture_20241021_142223_png.rf.793ed03aa3d467da6073664b3895b884.jpg,train/good_posture_20241021_142223_png.rf.793ed03aa3d467da6073664b3895b884.jpg,640,640,32052,df91fe5e5be83f9c36b10d5228716f4e37bc613879bf506806588f97cb3b81c6,e29f9b9e92838d9f,136.5181,504.7357,False,True,1,
train,365,bad_posture_20241021_143747_png.rf.780456714bcdce33dffa26ed74c81696.jpg,train/bad_posture_20241021_143747_png.rf.780456714bcdce33dffa26ed74c81696.jpg,640,640,33384,8ffff4e8d693d4765ccf37fc5ee35dbeb8306a6efed92712eed6d5c129a7f871,83b3cf8cb8938d9e,133.5974,547.8367,False,True,1,
train,366,image_20241007_230643_jpg.rf.75048b5d0ac48caaf18479242b6ba6cb.jpg,train/image_20241007_230643_jpg.rf.75048b5d0ac48caaf18479242b6ba6cb.jpg,640,640,83878,b2d2ca57f97cd1cdad70d55d864f48e82ce38a7e57b99c09cb3ee55af5ab5292,b08c9cb939060165,85.9691,2182.6108,False,True,1,
train,367,image_20241008_202917_jpg.rf.789046235e1e117ee7023035c3d2b0ad.jpg,train/image_20241008_202917_jpg.rf.789046235e1e117ee7023035c3d2b0ad.jpg,640,640,48278,ce843598ff5071db90bf0188643cfd212d2a56f246925396319ebffd2638794c,a4343061e14607c4,82.1285,958.1039,False,True,1,
train,368,image_20241007_230643_jpg.rf.7c12ab5f5b0666f535cfa8439b32ce10.jpg,train/image_20241007_230643_jpg.rf.7c12ab5f5b0666f535cfa8439b32ce10.jpg,640,640,36348,922c4a5942cd539564f755cad977324aa2b1993f1cc698cb0e7b4a89a0cf298e,b08c9cb939060165,85.2375,598.0433,False,True,1,
train,369,good_posture_20241013_222732_png.rf.7b06fe602f93f4e02b9a1afa3a2bae98.jpg,train/good_posture_20241013_222732_png.rf.7b06fe602f93f4e02b9a1afa3a2bae98.jpg,640,640,69949,99d4bfe9b00c0d07e0007297a021ba2c63fe61ad08b733cdbfa0551b51647500,98d8e0e0626c3627,59.3258,1476.7584,False,True,1,
train,370,bad_posture_20241021_142536_png.rf.77bc1f619145f0f2651c4ba4cb72ed83.jpg,train/bad_posture_20241021_142536_png.rf.77bc1f619145f0f2651c4ba4cb72ed83.jpg,640,640,29640,1c91de61ff121dafff229603b433096d63a3f6ee3724741870dbd5499a3c21d2,83c7d3c382898f9f,136.8809,420.6183,False,True,1,
train,371,image_20241007_191654_jpg.rf.75329e0160a1967e9f641fd993435eff.jpg,train/image_20241007_191654_jpg.rf.75329e0160a1967e9f641fd993435eff.jpg,640,640,39666,a641aec82ded69955a2f627d6450bc549e53b7926b0b2527ad85288052b088c6,a47130a191c4c2c5,101.4074,617.3386,False,True,1,
train,372,good_posture_20241012_172239_png.rf.7c176ae9790f83cc55532fe9cec2eba9.jpg,train/good_posture_20241012_172239_png.rf.7c176ae9790f83cc55532fe9cec2eba9.jpg,640,640,65006,1579571a7a0bf7254e8a88bcec54938a79745979627d3ef16e0dd939c55375bf,30b88cbad2deb623,128.6495,1748.3013,False,True,1,
train,373,bad_posture_20241013_215714_png.rf.743c06dcd0ee0068aa36835d30f8a981.jpg,train/bad_posture_20241013_215714_png.rf.743c06dcd0ee0068aa36835d30f8a981.jpg,640,640,47376,f9cdb02657938e1ed1f886753f11a6bdb43296faddea11160dc1fd7bad630f16,b2b2b494c492660f,93.9776,917.7578,False,True,1,
train,374,bad_posture_20241021_144000_png.rf.7607af798e516b125b6c30696e008b3d.jpg,train/bad_posture_20241021_144000_png.rf.7607af798e516b125b6c30696e008b3d.jpg,640,640,31232,3f5fd117df490aea34591900f83abcff50085c3d83e9a7d364cc211f82365d9f,8393cfce98938d9f,130.1137,432.9478,False,True,1,
train,375,image_20241007_192602_jpg.rf.7c86836745671731c35e28b26cec54ab.jpg,train/image_20241007_192602_jpg.rf.7c86836745671731c35e28b26cec54ab.jpg,640,640,66774,020576fa9314d19df69596add7f8633555f2efdaa89ad4d320d480401de3e8b8,a49998b1a188868d,103.5846,1664.9631,False,True,1,
train,376,bad_posture_20241021_142034_png.rf.7c3f7dce02b6e9844fb06e787615aa42.jpg,train/bad_posture_20241021_142034_png.rf.7c3f7dce02b6e9844fb06e787615aa42.jpg,640,640,91964,9e5b4c60051953076203bc84dc7bd758b1a224ae154f0ea2c9b08099a9b426a9,92cfcf9eb399cf9f,130.4791,2906.106,False,True,1,
train,377,good_posture_20241021_141958_png.rf.7d683a5556ed27e1e91cdecb2bfe0a34.jpg,train/good_posture_20241021_141958_png.rf.7d683a5556ed27e1e91cdecb2bfe0a34.jpg,640,640,51847,80d6d62961886c387eb9870fc8d6741786d2518e64fabc0ec80c34cac489ce72,629f9f9e939dcf1f,130.3112,1312.4591,False,True,1,
train,378,good_posture_20241012_174401_png.rf.7d395a14338e8b9b211b52055ba66434.jpg,train/good_posture_20241012_174401_png.rf.7d395a14338e8b9b211b52055ba66434.jpg,640,640,72081,e4fdef1e06b9120e956072ea25e5aadf06c6f5fcf13e9e7dcebece085e4dda41,b898985888cec603,134.4879,2040.1687,False,True,1,
train,379,good_posture_20241013_222738_png.rf.802542d1e3ce772121b5f1a8143e063c.jpg,train/good_posture_20241013_222738_png.rf.802542d1e3ce772121b5f1a8143e063c.jpg,640,640,75948,a9c56c0a07046ae9f56463f5157f4b857bfc0f0e24d440419bbd45f610d78454,ccdce8e0624c3627,59.8669,1633.9703,False,True,1,
train,380,bad_posture_20241021_143504_png.rf.7dd987a7a58246fcf4b641c634f34873.jpg,train/bad_posture_20241021_143504_png.rf.7dd987a7a58246fcf4b641c634f34873.jpg,640,640,57088,8e27db00090589f04d60d9ffb4b19e4a61e0f425a06e861d91bc0b9bbae6a186,82b3cf8ebab1999e,134.9409,1477.0342,False,True,1,
train,381,image_20241010_173545_jpg.rf.84cabeeeae008f6fd995e00701a0ef6b.jpg,train/image_20241010_173545_jpg.rf.84cabeeeae008f6fd995e00701a0ef6b.jpg,640,640,82274,9ccd09556281ad94ce866c64eadc7bb4402f35c76bd308358dcef2a59c6bc8d9,9084c4e07323001b,101.5139,2183.0337,False,True,1,
train,382,good_posture_20241021_141341_png.rf.8325f57b29ea50c2c3e67a858acf3515.jpg,train/good_posture_20241021_141341_png.rf.8325f57b29ea50c2c3e67a858acf3515.jpg,640,640,32105,d6034bb5a59cc0b53822c3dd466efd384640bbd614fdc4dc6daaf14abf26b85f,e39b9b9eb39ccf9f,128.3689,508.7945,False,True,1,
train,383,bad_posture_20241013_222600_png.rf.7e73545ae43cce7684fc53739713ba62.jpg,train/bad_posture_20241013_222600_png.rf.7e73545ae43cce7684fc53739713ba62.jpg,640,640,90385,8574fa6932a32c15808134bef77c36a1d80d425b81abbd6060a9894354dcf409,c8cccccc24123617,50.3061,1990.5223,False,True,1,
train,384,bad_posture_20241021_142713_png.rf.87157b3020aee9f4282845be342a2fc5.jpg,train/bad_posture_20241021_142713_png.rf.87157b3020aee9f4282845be342a2fc5.jpg,640,640,77349,ed687dff94a43097eb45b59241d8e5d6999751fedbc5fc6e1ef5311750e29469,82c7cfce99898f9e,132.4919,2303.6665,False,True,1,
train,385,bad_posture_20241021_143705_png.rf.7f47dd181b955ea5e84725676554a67b.jpg,train/bad_posture_20241021_143705_png.rf.7f47dd181b955ea5e84725676554a67b.jpg,640,640,31022,4e6cc3c0391e29122dbc27e41a8b05db326856883947c38af346902c69e0137a,82d3e78e98938d9e,133.3076,426.2033,False,True,1,
train,386,bad_posture_20241013_222753_png.rf.88af96fc0629eff51c94b24160be93d4.jpg,train/bad_posture_20241013_222753_png.rf.88af96fc0629eff51c94b24160be93d4.jpg,640,640,32744,2f3fc99bfdd4861a13f5e68ba0e2e0530c3ea041e26fdb4b1aaa76ff145ddbb4,c4cce4e0624c3627,61.6022,289.159,False,True,1,
train,387,good_posture_20241013_225737_png.rf.81ca6efab9eb150c00a5ce58cfe1e158.jpg,train/good_posture_20241013_225737_png.rf.81ca6efab9eb150c00a5ce58cfe1e158.jpg,640,640,73645,ed59d445dc294b4f1952e1419725feb4207a79eb65682a534a5ca73096cfe596,9898d0d080854e46,56.7947,1616.1094,False,True,1,
train,388,good_posture_20241012_172057_png.rf.7d5c37f992746962648f3100e54f7ed9.jpg,train/good_posture_20241012_172057_png.rf.7d5c37f992746962648f3100e54f7ed9.jpg,640,640,81938,03a2ea75012092816d0de1a111664f4691c1fbd1b2fde13e93f10e8a7a1b97e1,30b8ccbad2deb623,127.2558,2427.688,False,True,1,
train,389,bad_posture_20241021_141448_png.rf.8819c1af78fe753ddaa6b78b4a03c483.jpg,train/bad_posture_20241021_141448_png.rf.8819c1af78fe753ddaa6b78b4a03c483.jpg,640,640,89201,5bfee22025055ea68af6fd55c09d95ed0020afb624b2c0c5def88963f2b72d97,83afcf4ea3b1cd8f,130.1966,2778.0618,False,True,1,
train,390,good_posture_20241021_180607_png.rf.82c94bce337c0f8f94135ed87e3fb330.jpg,train/good_posture_20241021_180607_png.rf.82c94bce337c0f8f94135ed87e3fb330.jpg,640,640,77175,aece7b3d21c30ed14f920e15e690c97d1655911ad13e0a834c72031833204e8d,b3cf4d8e9ecfc69f,132.5569,2212.084,False,True,1,
train,391,good_posture_20241021_142342_png.rf.86dbd23c7dcfe98d6434d1d919b75be5.jpg,train/good_posture_20241021_142342_png.rf.86dbd23c7dcfe98d6434d1d919b75be5.jpg,640,640,85314,883cbde2be6a3faae841a09524cbc53ae46ac5d2edbc8b068bb867377dea8b80,b2cfcf9e92938d9f,137.0865,2642.3232,False,True,1,
train,392,bad_posture_20241021_143948_png.rf.8a78740d6419c7e478c725d3e032b326.jpg,train/bad_posture_20241021_143948_png.rf.8a78740d6419c7e478c725d3e032b326.jpg,640,640,31045,48f0f161087031862a7a34ff56f1e99e547f413cd0682f1f55795c0e5ca8cb6a,83d3cfce98938d9e,130.5085,422.1061,False,True,1,
train,393,bad_posture_20241021_143133_png.rf.7f5408add9ab7433fd1fac7213b0347b.jpg,train/bad_posture_20241021_143133_png.rf.7f5408add9ab7433fd1fac7213b0347b.jpg,640,640,50270,ae29fbb9ceccafdd656a2b96e7df568f72cace55ac2f7636cb9d27b43116da0b,83b3cfce9aab999f,134.2257,1248.5422,False,True,1,
train,394,good_posture_20241013_222741_png.rf.886bce7ad7e6447aef32e54682b92ea5.jpg,train/good_posture_20241013_222741_png.rf.886bce7ad7e6447aef32e54682b92ea5.jpg,640,640,62899,3f52ddbc31c3d58bb9475a04723558b36dea4cd1978d25d28541e6346c55c5c8,98d8e8e0626c3627,59.2513,1237.4058,False,True,1,
train,395,bad_posture_20241013_221208_png.rf.8b01f77b9bf904b9fbf7435f4771859c.jpg,train/bad_posture_20241013_221208_png.rf.8b01f77b9bf904b9fbf7435f4771859c.jpg,640,640,60772,a0b241533af495b559285321c8383823c3a58ed42b977c45eb2983dcfc677bd5,da9ad8d0540a2607,94.2864,1360.0928,False,True,1,
train,396,image_20241008_202338_jpg.rf.880f1dbc0ae468e6e5bb84aee35cd653.jpg,train/image_20241008_202338_jpg.rf.880f1dbc0ae468e6e5bb84aee35cd653.jpg,640,640,72205,12ceba82dc6d2ab0d469992492e0c3ec585427433a593cd075946a4393e524ae,b4b4b03171661784,82.7077,1758.0103,False,True,1,
train,397,image_20241007_225038_jpg.rf.7c94c95bfb81aee6c1384a266a0b7c7c.jpg,train/image_20241007_225038_jpg.rf.7c94c95bfb81aee6c1384a266a0b7c7c.jpg,640,640,55252,2f2d155976f177d19afcebecee831e094af92eaafd02da2a90b273cf549cd904,a48c983939164935,85.7011,1214.7324,False,True,1,
train,398,bad_posture_20241013_222754_png.rf.847dd82db5d401a756d0bcce048ea83a.jpg,train/bad_posture_20241013_222754_png.rf.847dd82db5d401a756d0bcce048ea83a.jpg,640,640,61675,ce4223fc93b578c06d750952d4c5a77aff35162916eddb524f897f56636fc628,d6c6e4e4624c3627,62.5878,1251.7959,False,True,1,
train,399,good_posture_20241021_141630_png.rf.854284226e2e4d012111a9a31f0c0b07.jpg,train/good_posture_20241021_141630_png.rf.854284226e2e4d012111a9a31f0c0b07.jpg,640,640,55184,5ff9951f179c2c87c787b35fe9bc3a2036510b4e7d7d9ec4f08ff5b432711397,a3db9f9e9382cf9f,130.3624,1464.3475,False,True,1,
train,400,image_20241007_225757_jpg.rf.7f4da08ca691354b06ca62313ddaf9a3.jpg,train/image_20241007_225757_jpg.rf.7f4da08ca691354b06ca62313ddaf9a3.jpg,640,640,36581,aba54c991d04bd6787e564affff591f28a0b2da9cdb24bc7524aab0a4f0a6dc3,a49c9839592f8145,83.6866,603.8868,False,True,1,
train,401,good_posture_20241013_222721_png.rf.86ce085ca542c141df3cc00fd51b62f0.jpg,train/good_posture_20241013_222721_png.rf.86ce085ca542c141df3cc00fd51b62f0.jpg,640,640,72319,7cf702b542014a30ac61608ae9bb5806961d343ec17cd3270695c00763fa499e,98d8e8e0726c3627,58.7901,1644.7646,False,True,1,
train,402,image_20241008_200913_jpg.rf.8c784481f51810b72c844bc0572f08bb.jpg,train/image_20241008_200913_jpg.rf.8c784481f51810b72c844bc0572f08bb.jpg,640,640,42705,503b1d8c8a6ec4c7295bcbe3ae00afa0860d64583558e8e70b1e50fc863fdbc7,a49c9831714e4764,85.5408,766.1437,False,True,1,
train,403,bad_posture_20241013_220642_png.rf.8c77797e06bf42d612b3efbfc31be99b.jpg,train/bad_posture_20241013_220642_png.rf.8c77797e06bf42d612b3efbfc31be99b.jpg,640,640,78963,b79163ef8b06d23b7ef4dae29c47e18c9eb54c86afb5f09503b18daf00491871,cecccccc46023607,94.4657,2027.0928,False,True,1,
train,404,image_20241008_202338_jpg.rf.8bbea81c544f57a5d87e782a69b95aa6.jpg,train/image_20241008_202338_jpg.rf.8bbea81c544f57a5d87e782a69b95aa6.jpg,640,640,60429,71ea98dab4ff6908abad661b117021b9f01e26bd57bf8f76f03aaae28db92fd6,b4b4b03171661684,82.5278,1360.5034,False,True,1,
train,405,good_posture_20241013_225737_png.rf.8c0f09f957e00bf40bda0bb61ce633b3.jpg,train/good_posture_20241013_225737_png.rf.8c0f09f957e00bf40bda0bb61ce633b3.jpg,640,640,49193,7dc4258ccffc10e2775bad02dc22751394e052d39ee7819979718bdea66c60ec,9898d0d080854e46,56.2336,890.8052,False,True,1,
train,406,good_posture_20241021_142318_png.rf.8c8b7dc1d00e13f8e3f47d7a615e838f.jpg,train/good_posture_20241021_142318_png.rf.8c8b7dc1d00e13f8e3f47d7a615e838f.jpg,640,640,55752,244527172164893360a7b6ebe2b0ec9431b56852d1420b69b541ff88a5374ac9,e39f9b9e91898d9f,136.7954,1460.7797,False,True,1,
train,407,image_20241009_135224_jpg.rf.9347e3e6f465d22ec07415e2d23c7d01.jpg,train/image_20241009_135224_jpg.rf.9347e3e6f465d22ec07415e2d23c7d01.jpg,640,640,64017,e66d4bf3d16607a905605d541f72c83709e60ff09d933e44205055c262ea914a,3430b1b1500f2714,115.6861,1623.7384,False,True,1,
train,408,bad_posture_20241021_143735_png.rf.928b5ee96f406558dc8346336dd341c3.jpg,train/bad_posture_20241021_143735_png.rf.928b5ee96f406558dc8346336dd341c3.jpg,640,640,61587,27944aaa601a955d3f57c1aab2249eaa7fe36d8a103c03024dfd85a47568aeb1,83d3efce98938d9f,133.2321,1700.547,False,True,1,
train,409,good_posture_20241021_180318_png.rf.8fcae1e5e845a5ef98c375d3e9f956a3.jpg,train/good_posture_20241021_180318_png.rf.8fcae1e5e845a5ef98c375d3e9f956a3.jpg,640,640,34347,9dcaef790bc0d9ab5b9fdd566f6de36a58314379f1fd4320972ec215d98d031b,f3cf4d8e9ecbc69f,132.3622,427.765,False,True,1,
train,410,bad_posture_20241021_145211_png.rf.8ff52e566f058c3103bb3bbcc314b289.jpg,train/bad_posture_20241021_145211_png.rf.8ff52e566f058c3103bb3bbcc314b289.jpg,640,640,30433,82e92b0271794ea60d77c9b808b81bb090a3e5073315614a6b3a01e81d88c7de,83c7dbc3cb898d3f,132.6007,399.2057,False,True,1,
train,411,image_20241008_210224_jpg.rf.90dbedb9732abf7ac91506b6d094d2cd.jpg,train/image_20241008_210224_jpg.rf.90dbedb9732abf7ac91506b6d094d2cd.jpg,640,640,35498,ef6835e716b28021fd5ccb0a1cbf403ea1476b52c991f67a64f7ea9d70741d68,a49c9839796287c4,81.084,533.4852,False,True,1,
train,412,image_20241009_143702_jpg.rf.8d37312188e202c0b36067c3776fa086.jpg,train/image_20241009_143702_jpg.rf.8d37312188e202c0b36067c3776fa086.jpg,640,640,83966,12f946b6029d49af6a7053e5745eac38fdc80b3178c8b6c5379554e769a9d5d1,a4cd8db1524f2514,112.873,2425.7419,False,True,1,
train,413,good_posture_20241013_225721_png.rf.909f3d00f43f47ec1f2cd75a2fcc0c2e.jpg,train/good_posture_20241013_225721_png.rf.909f3d00f43f47ec1f2cd75a2fcc0c2e.jpg,640,640,88051,326ec84b0609ab5d3592743f6e89449e209a86c763c8544180c4add69a8266d2,9898d0c8a0814e46,56.3591,2004.4742,False,True,1,
train,414,image_20241010_173545_jpg.rf.8c9d2ff1e3c858c97f0fff32ca07dde5.jpg,train/image_20241010_173545_jpg.rf.8c9d2ff1e3c858c97f0fff32ca07dde5.jpg,640,640,59225,123dd0993e70469f36b4e84269525329505741a4dbd126059242ff87b1baa084,9084c4e07323001b,101.3098,1314.2397,False,True,1,
train,415,good_posture_20241021_180312_png.rf.8f76e7a4e744eeb16671143f26b51e7f.jpg,train/good_posture_20241021_180312_png.rf.8f76e7a4e744eeb16671143f26b51e7f.jpg,640,640,61241,5372ef220aac76b6524b197ab02d794b04b6d4a7adf160ac684994c9f7b5173d,e3cfcd8e9ecbc69f,132.131,1583.9131,False,True,1,
train,416,bad_posture_20241012_173020_png.rf.8d79b500ec4c19c51b9b7b5a30aecae0.jpg,train/bad_posture_20241012_173020_png.rf.8d79b500ec4c19c51b9b7b5a30aecae0.jpg,640,640,46064,3988dd0bf825569abadb0a1d93072e1e781409d5811c24136f9b1b9537447693,30b4aeacecc6e633,130.2094,913.5676,False,True,1,
train,417,image_20241007_214540_jpg.rf.8d780431f2350ebc24db83907fed2779.jpg,train/image_20241007_214540_jpg.rf.8d780431f2350ebc24db83907fed2779.jpg,640,640,49872,ba907fa4c10771b717c141de43d12edd1b9e037a6b2177f6e6be13b8ccc774c5,a49c0831710e81c5,84.3309,1054.6989,False,True,1,
train,418,bad_posture_20241013_225803_png.rf.90e4071704885311db2d15cd3b0f28c4.jpg,train/bad_posture_20241013_225803_png.rf.90e4071704885311db2d15cd3b0f28c4.jpg,640,640,83900,0e8d3b3877eb309c2b185068a2d348100f49ac04df15815332b0987d9b04ae19,c8ccc8a0c2812626,58.3971,1919.7928,False,True,1,
train,419,bad_posture_20241012_173121_png.rf.8cc4198c1a6e5345fd7f90aee1623be7.jpg,train/bad_posture_20241012_173121_png.rf.8cc4198c1a6e5345fd7f90aee1623be7.jpg,640,640,39097,1b919db6dd92e0d543403aad99df29b3693bc8f9854a6e71f847aefd1f30ddb5,309898d8d8e6e633,133.9821,615.2607,False,True,1,
train,420,good_posture_20241021_141548_png.rf.93d88491c98c64539eb18a672ca602bd.jpg,train/good_posture_20241021_141548_png.rf.93d88491c98c64539eb18a672ca602bd.jpg,640,640,50740,e34a721b538b8003159cca7fb04d2bb34e7297e40ec70f38a3e52994898b79ee,c3b79f9eb39dcd9f,130.9164,1243.537,False,True,1,
train,421,bad_posture_20241021_145555_png.rf.936915797edffea36afe4ec4d2611c62.jpg,train/bad_posture_20241021_145555_png.rf.936915797edffea36afe4ec4d2611c62.jpg,640,640,32603,46b4edb7196c49cde95cdfdd220a7ab00ea1f63493813d7bb9c55ffbf441a350,83b3cfccb9b38d07,132.3878,479.7489,False,True,1,
train,422,bad_posture_20241021_143020_png.rf.9367a38629df1415fdfaf035b30dc30c.jpg,train/bad_posture_20241021_143020_png.rf.9367a38629df1415fdfaf035b30dc30c.jpg,640,640,50927,26f5c384ccfb3d6eee1db0dcac32957c02aacb0e59aade1a993f49fc00207de7,8393cf8e92a1999f,137.264,1317.3064,False,True,1,
train,423,bad_posture_20241021_142406_png.rf.8f1717b359d80c1269b5277da17e8190.jpg,train/bad_posture_20241021_142406_png.rf.8f1717b359d80c1269b5277da17e8190.jpg,640,640,75089,e9a1e3b71d1e6167791a6739f4a4f5989046c8ae6a3c0ea645c73cb0a864785e,82cf874694998f9f,134.974,2398.521,False,True,1,
train,424,bad_posture_20241021_142713_png.rf.93fb445a76b73a44d59993e1f14e4b4d.jpg,train/bad_posture_20241021_142713_png.rf.93fb445a76b73a44d59993e1f14e4b4d.jpg,640,640,31863,58f2f386438cbef78dc9e91c08ca42e56e8783f815a1bf20c29f31455d77749e,82c7cfce99898d9f,132.4787,449.2484,False,True,1,
train,425,bad_posture_20241021_143139_png.rf.9529c920c84e0db94d20a880c14e2987.jpg,train/bad_posture_20241021_143139_png.rf.9529c920c84e0db94d20a880c14e2987.jpg,640,640,33198,8961322ea810faf9e88f3cdd15f8977a013187f4bc42a4e835a6fc6a033c511f,83e79b9e3089999f,134.7527,520.3618,False,True,1,
train,426,good_posture_20241021_141636_png.rf.940d97c7c5bd1ce3c28d23aa13568763.jpg,train/good_posture_20241021_141636_png.rf.940d97c7c5bd1ce3c28d23aa13568763.jpg,640,640,92786,27e5d778d15773acb55caadb1abf3a56ff25f8b2cfd35f145c1613f97d72d3d7,e29f9f9eb39cce1f,131.7466,2911.2312,False,True,1,
train,427,bad_posture_20241021_141436_png.rf.93c725a830ed17c3381e4aaceae353d6.jpg,train/bad_posture_20241021_141436_png.rf.93c725a830ed17c3381e4aaceae353d6.jpg,640,640,91348,793a0c353229e663e518e92b4380e74fac18a60f4fc2d7a1b1fc1c0b2954f1e3,83a7cf4e9391cd8f,129.8066,2889.6074,False,True,1,
train,428,image_20241008_200801_jpg.rf.9323fb7b0bfb9d85a2b52d2100a08e86.jpg,train/image_20241008_200801_jpg.rf.9323fb7b0bfb9d85a2b52d2100a08e86.jpg,640,640,87099,d23246e3607278a434e75dd45b67ff922bed732ad032340e0514c0a98354cb0d,949898b199c60344,84.593,2356.4707,False,True,1,
train,429,good_posture_20241012_172057_png.rf.8cf09a1c15886ad2d8ab28a0ab3026db.jpg,train/good_posture_20241012_172057_png.rf.8cf09a1c15886ad2d8ab28a0ab3026db.jpg,640,640,39430,a8c1bf6fd87f308533b398fc5bc7e221dbd8ef9f7e5da16341efc136be709e78,b0b8ccbad2deb623,127.2293,703.6825,False,True,1,
train,430,good_posture_20241013_222728_png.rf.96eb01cc4f14a64928ac2c7c47df0157.jpg,train/good_posture_20241013_222728_png.rf.96eb01cc4f14a64928ac2c7c47df0157.jpg,640,640,75175,5e7b454ab5823d78c9aa7c1dbfd7febcb6d556aef71c8fe3658488a3aadf79c2,98d8e8e0626c3627,59.5405,1597.3818,False,True,1,
train,431,bad_posture_20241013_220037_png.rf.9835fc37db994151b55e3851f630b9db.jpg,train/bad_posture_20241013_220037_png.rf.9835fc37db994151b55e3851f630b9db.jpg,640,640,89910,59a9d3cf42eb07cc416a2370d0f01ee87b41bfbac387db4d241dbf57c5eadd5d,caccccccc2946e0f,89.0605,2377.0315,False,True,1,
train,432,good_posture_20241013_225742_png.rf.9887319a4ab3e806cd152ec90be0ae8b.jpg,train/good_posture_20241013_225742_png.rf.9887319a4ab3e806cd152ec90be0ae8b.jpg,640,640,31134,e399f432d5015a5da8096c8176a2925d260b4ec55e51e066d6b6d50ef9d0feb4,9898c0c8c081a626,55.5993,302.9832,False,True,1,
train,433,good_posture_20241013_225743_png.rf.94df5776b8bc24155e9d24025cd7dcd8.jpg,train/good_posture_20241013_225743_png.rf.94df5776b8bc24155e9d24025cd7dcd8.jpg,640,640,56310,a0b2c908a2e3f471495dc93cafed5b69ed684e9ad521cef9591d6b225bb36505,9898c0c8c081a626,56.4007,1075.7393,False,True,1,
train,434,good_posture_20241013_222724_png.rf.8f952983e191f904b9dfd08b0fdce4e0.jpg,train/good_posture_20241013_222724_png.rf.8f952983e191f904b9dfd08b0fdce4e0.jpg,640,640,75328,1975d276dace298a124e625dc666cc8822a63ff2c8e652c04679207b1e372566,98d8e8e0726c3627,58.9674,1745.8672,False,True,1,
train,435,good_posture_20241021_144124_png.rf.97ce31bc7e76c2d5ba79338e624810cb.jpg,train/good_posture_20241021_144124_png.rf.97ce31bc7e76c2d5ba79338e624810cb.jpg,640,640,67335,77afc50c4c3e6b25cee3c20326029af67ceb2cc415cd6e62d31e08a10e8301d8,639f9b9e998b8d9f,132.5434,1942.984,False,True,1,
train,436,good_posture_20241012_174351_png.rf.96ab7848341ad28a70bef1ded07aa28d.jpg,train/good_posture_20241012_174351_png.rf.96ab7848341ad28a70bef1ded07aa28d.jpg,640,640,96088,ae91527f16bffd5922531f0ba07ad50a79435c6958851853f957cd3f2d18605a,3038b0d888cec603,135.971,3041.2373,False,True,1,
train,437,bad_posture_20241021_144550_png.rf.9ac4bec871831e02235fa7b4f9905b5e.jpg,train/bad_posture_20241021_144550_png.rf.9ac4bec871831e02235fa7b4f9905b5e.jpg,640,640,31708,c0dc60cd2df3cdf349c8da7c994c8f2288dacbc8a73c42c38f45ba5390fb5d3c,8393cf8c989b8d9f,134.5279,469.1358,False,True,1,
train,438,bad_posture_20241021_143705_png.rf.9ac72a6d98a120402f3eeac7c75acb33.jpg,train/bad_posture_20241021_143705_png.rf.9ac72a6d98a120402f3eeac7c75acb33.jpg,640,640,89123,94a3b7d6332cba8a450bea5b3f6eaa2a877e053387522129fa5d6e047ea0aad3,82d3a78e98938d9f,133.3,2780.3887,False,True,1,
train,439,bad_posture_20241013_222747_png.rf.99f0e8ad63d232855edb266940a98f61.jpg,train/bad_posture_20241013_222747_png.rf.99f0e8ad63d232855edb266940a98f61.jpg,640,640,92394,f8c6a32ac8c8cdee0d80c54bc436eab25bafba31aedf6b7b246592339e6dad41,c8dcc8e8624c3627,61.1619,2115.0188,False,True,1,
train,440,bad_posture_20241021_141725_png.rf.98af94cf0bc0e1d47018166ebd0c2b1e.jpg,train/bad_posture_20241021_141725_png.rf.98af94cf0bc0e1d47018166ebd0c2b1e.jpg,640,640,31822,9c6aa2379e5e7ee26e78660b35cc98d8537884389791d41105ad45089f16ba5f,9287cf9e939ccc9f,130.842,499.1019,False,True,1,
train,441,good_posture_20241012_174321_png.rf.9b8c5ab17e52b9b0576f2e6a3114bf1e.jpg,train/good_posture_20241012_174321_png.rf.9b8c5ab17e52b9b0576f2e6a3114bf1e.jpg,640,640,81291,993d612c4e6001e6ac100d470f3931b7d6cb67338ff3b9d2d5d65315f6a00a55,303830d888cec603,135.4538,2453.1968,False,True,1,
train,442,bad_posture_20241021_144036_png.rf.9a5b608e3a60fe77f594a55763063d91.jpg,train/bad_posture_20241021_144036_png.rf.9a5b608e3a60fe77f594a55763063d91.jpg,640,640,57440,4a22ad02f667d12f992aa8aef179dce609cb8fa37e05d331090994caa6f41a47,83dbe78698938d9e,131.082,1501.4844,False,True,1,
train,443,good_posture_20241021_141713_png.rf.9aa2010af11962bbcbb24beb7d3d3036.jpg,train/good_posture_20241021_141713_png.rf.9aa2010af11962bbcbb24beb7d3d3036.jpg,640,640,53553,052c3b1318af2b75c824f6312350374d2ce467c5025c977ee3673e56cbd86f24,93cfcf1eb39cce9f,129.8562,1486.1913,False,True,1,
train,444,good_posture_20241021_141649_png.rf.9b8ef55b31b631f8f70e6df62df84bae.jpg,train/good_posture_20241021_141649_png.rf.9b8ef55b31b631f8f70e6df62df84bae.jpg,640,640,55109,3474b1ddf42dad23fc951825279f440a6e6bddccab01fcbbe217cd719eb0dbff,e39b9b9eb39ccc9f,130.8709,1581.265,False,True,1,
train,445,image_20241007_193153_jpg.rf.9b6f97eadf424763cb1837b9fb155af6.jpg,train/image_20241007_193153_jpg.rf.9b6f97eadf424763cb1837b9fb155af6.jpg,640,640,93860,6c07c9fec8f2f4a78f5b5a1ac75cd014bb5c0cfc160f64f760f9ec0051b0e0d1,b431b0b1b1c4868d,103.3141,2818.0471,False,True,1,
train,446,image_20241008_210538_jpg.rf.9a90f5af36655da794b76a54b01341c1.jpg,train/image_20241008_210538_jpg.rf.9a90f5af36655da794b76a54b01341c1.jpg,640,640,34405,0788b0568ea0f875087408ced733f1831787ce4208f177fa2da5e1cc23a3fddc,a4b43031616686c4,84.3089,572.0483,False,True,1,
train,447,good_posture_20241021_142205_png.rf.9aaa7242582014b4ba40b8b04a0515f0.jpg,train/good_posture_20241021_142205_png.rf.9aaa7242582014b4ba40b8b04a0515f0.jpg,640,640,66592,3b5c1018a381a501d9bb503511be8224e24de6b7591a100e72009aef7667f849,b3cfcf8e93918d9f,137.835,1937.2476,False,True,1,
train,448,image_20241009_152252_jpg.rf.9d0242b8961e63682fce304db0d4e2c8.jpg,train/image_20241009_152252_jpg.rf.9d0242b8961e63682fce304db0d4e2c8.jpg,640,640,91571,64caace735f508585d1a03ab8509103fbcaf491ebc306948713600f205e88f7e,949891b1d8075524,100.0647,2599.9529,False,True,1,
train,449,good_posture_20241013_222728_png.rf.9d58f269b9834e43da282c68a8030068.jpg,train/good_posture_20241013_222728_png.rf.9d58f269b9834e43da282c68a8030068.jpg,640,640,32929,c7c1479551f17ca4a3e84464607b7576215b24ad7472242bf47d981e66433290,98d8e8e0726c3627,58.6204,291.5598,False,True,1,
train,450,bad_posture_20241012_173243_png.rf.9514d78593da1b63f8217780275a8077.jpg,train/bad_posture_20241012_173243_png.rf.9514d78593da1b63f8217780275a8077.jpg,640,640,89702,ad24d64b23d26271c0fbfb4c2af2abb7ea09fa00d6b7048ffbdb3fa91fc07c09,30b6a6aeec6eb623,122.6009,2653.252,False,True,1,
train,451,image_20241007_214540_jpg.rf.a1f83c44d5d1a94827726f6809d9a972.jpg,train/image_20241007_214540_jpg.rf.a1f83c44d5d1a94827726f6809d9a972.jpg,640,640,36185,bb6e15d6559225d439d930b3d2114758740f6c0d299158c6db7773072d76fe58,a49c0831710e81c5,84.1604,567.4944,False,True,1,
train,452,good_posture_20241013_222710_png.rf.a0e3b19d5ab3ee04cfead95d3c79d3bd.jpg,train/good_posture_20241013_222710_png.rf.a0e3b19d5ab3ee04cfead95d3c79d3bd.jpg,640,640,33526,5cde29b829c6226565cdceb2070f5cb4af7d983e9d4c53c859d735936b57b937,cccce0e0622c1607,59.8077,308.6618,False,True,1,
train,453,bad_posture_20241021_145555_png.rf.9a5ba5f8b4b955e842b48abb50b34540.jpg,train/bad_posture_20241021_145555_png.rf.9a5ba5f8b4b955e842b48abb50b34540.jpg,640,640,44242,32c0b13bb118b15a89fb07b4ec1bf68f9e96b8ca226f7896ba36fc9230d27a4a,83b3cfccb9b38d27,132.4024,956.2989,False,True,1,
train,454,image_20241008_200649_jpg.rf.9e6b4dd5b91d05745eb70e64230d7592.jpg,train/image_20241008_200649_jpg.rf.9e6b4dd5b91d05745eb70e64230d7592.jpg,640,640,50634,5319baf2a000133c5e7e6dda8ee75357f9e095fe7f5a2d72ad79069090e1e93a,b4b4b0b131264744,83.0328,1013.234,False,True,1,
train,455,image_20241008_205601_jpg.rf.9e1430db2a6e98fbed4a14888f0eb406.jpg,train/image_20241008_205601_jpg.rf.9e1430db2a6e98fbed4a14888f0eb406.jpg,640,640,36067,18159ae50f104b4aa7de6bfefc4b251098628fda7de5ba4f157d33945ff9fb7b,b4b4b03119368344,76.641,559.3444,False,True,1,
train,456,image_20241007_210150_jpg.rf.a12c9c67ba2ccd79acc31a35aa0b5d96.jpg,train/image_20241007_210150_jpg.rf.a12c9c67ba2ccd79acc31a35aa0b5d96.jpg,640,640,93603,dad40527dba3a343a3063c3d33e16edd5d005f1812b30c41aec2a8f57c427c1c,a4343031310c93c5,83.4795,2464.4824,False,True,1,
train,457,image_20241007_222646_jpg.rf.a176c976ce3d11211ac67e44a9cbb0e5.jpg,train/image_20241007_222646_jpg.rf.a176c976ce3d11211ac67e44a9cbb0e5.jpg,640,640,60532,a7adf201d546c0473b1f7295d53ecc42f7b4eb322be238bd07c706a221e4f26a,849c989929160145,81.3169,1344.4324,False,True,1,
train,458,bad_posture_20241013_215926_png.rf.a1a1505841e8c51aac1eee9856087134.jpg,train/bad_posture_20241013_215926_png.rf.a1a1505841e8c51aac1eee9856087134.jpg,640,640,59163,8c54405f08a2ab630678d11db7ccfd8d8c54bc76e094dde83f4395ede0f6fb06,ceccccc844042607,91.8875,1309.5951,False,True,1,
train,459,bad_posture_20241012_173020_png.rf.9f087317150b4d7d282c643688138b40.jpg,train/bad_posture_20241012_173020_png.rf.9f087317150b4d7d282c643688138b40.jpg,640,640,40302,a18cfa87185af3f256dfed2629c6083b67768c46f8f154534836c77bea06e694,30b4aeacecc6e633,130.2046,662.7586,False,True,1,
train,460,bad_posture_20241021_142555_png.rf.9c8b62b77387faa9882f3e2cc7944ce3.jpg,train/bad_posture_20241021_142555_png.rf.9c8b62b77387faa9882f3e2cc7944ce3.jpg,640,640,36154,3ff5012cd1e868343e465be7b0f02667711e4462489a20268308dc7e2bcab998,83cfd3c292998f9f,137.6372,690.847,False,True,1,
train,461,good_posture_20241021_141542_png.rf.a23c5c4d5569be20ab94a15e481b928e.jpg,train/good_posture_20241021_141542_png.rf.a23c5c4d5569be20ab94a15e481b928e.jpg,640,640,64818,83686f84d2e555cb8a74e4697cc5e2610543f69089a0e0478f48fba22dbab7a1,e39b9b9eb395cd9f,130.4906,1965.9359,False,True,1,
train,462,image_20241009_224235_jpg.rf.a3000c49ad1e06daab36ff2daaccea2e.jpg,train/image_20241009_224235_jpg.rf.a3000c49ad1e06daab36ff2daaccea2e.jpg,640,640,71242,f63c217b34ddd8a56d3b58a9c277edf591092a787a194fde5af8b18407aad686,8cccc8e873070013,99.1253,1754.3735,False,True,1,
train,463,image_20241008_200649_jpg.rf.a2d59a3f094447ce23872df0097d6b3b.jpg,train/image_20241008_200649_jpg.rf.a2d59a3f094447ce23872df0097d6b3b.jpg,640,640,36922,e9eb97049745012571f7b636304eca038c8321f41670b45ac638f2e4d986ff52,b4b4b0b131264744,82.8163,540.963,False,True,1,
train,464,image_20241007_195632_jpg.rf.a24a2d49268a653c6d4b22aa5aada499.jpg,train/image_20241007_195632_jpg.rf.a24a2d49268a653c6d4b22aa5aada499.jpg,640,640,41074,cba5f6bffe1232bf181fc1b176fc0f61973534fa28bdff3369a8ce84d9701af8,a49c98a1a1e64365,101.4815,671.414,False,True,1,
train,465,bad_posture_20241013_222754_png.rf.a50ea15a5154d867e1996043910f090f.jpg,train/bad_posture_20241013_222754_png.rf.a50ea15a5154d867e1996043910f090f.jpg,640,640,52374,37dcdbcfe497609ac7cb2bdcf6a3caaa5d71e57e3d2df296c31fc806ce692285,d2c6e4e4624c3627,62.4104,944.8438,False,True,1,
train,466,bad_posture_20241012_172107_png.rf.a79ddce07fa48982c5a016108152febb.jpg,train/bad_posture_20241012_172107_png.rf.a79ddce07fa48982c5a016108152febb.jpg,640,640,63720,5a0fe7b17cc388ccf7efcae5878a0b0cde537519d307875bdd357917cb374d4e,30b8ccbad2deb623,127.6243,1730.3711,False,True,1,
train,467,image_20241007_222646_jpg.rf.a72df40e3c45cae57eb1e7076b1e841f.jpg,train/image_20241007_222646_jpg.rf.a72df40e3c45cae57eb1e7076b1e841f.jpg,640,640,38082,fd3141b1fff3631db050be84964d729b7e2333c8e2bb6973ba5d830c360c0c62,849c9899291e0145,80.9713,582.5127,False,True,1,
train,468,good_posture_20241021_180312_png.rf.a893536a353e2c9f6b08e833fb0d5677.jpg,train/good_posture_20241021_180312_png.rf.a893536a353e2c9f6b08e833fb0d5677.jpg,640,640,76689,9666a8b66a64b196933bb21cca756768b8296b25a06c0e7ab771e69a51650406,e1cfcd8e9ecbc69f,132.1035,2212.7988,False,True,1,
train,469,good_posture_20241021_141624_png.rf.a53e51e739d1fe721c858d334a9906bb.jpg,train/good_posture_20241021_141624_png.rf.a53e51e739d1fe721c858d334a9906bb.jpg,640,640,44222,ace252047a706636ebb5cf23836cc3debf94e48b5243820a6081cb24e531d91e,63979f9eb39dcf9f,131.5076,1006.361,False,True,1,
train,470,good_posture_20241013_225741_png.rf.a69f8700aebefc4893551646084d3814.jpg,train/good_posture_20241013_225741_png.rf.a69f8700aebefc4893551646084d3814.jpg,640,640,39390,dfdf2bebfce55ef2ad4878526034e6669ccfbbf52d4bc5fa6b9f3c30331b6f37,9898c0c8c081a626,55.8124,568.7563,False,True,1,
train,471,bad_posture_20241021_142418_png.rf.ab00940f4ea6f60537aba85322730ecb.jpg,train/bad_posture_20241021_142418_png.rf.ab00940f4ea6f60537aba85322730ecb.jpg,640,640,73498,4569f6e52e96bb4f5ab688cbe6aa5c2ebb88456b841a67e59f5f066065c9e761,82cfd34694998f9f,136.7185,2201.5017,False,True,1,
train,472,bad_posture_20241021_143641_png.rf.a8941ee26f1e13a679c8adead79bb323.jpg,train/bad_posture_20241021_143641_png.rf.a8941ee26f1e13a679c8adead79bb323.jpg,640,640,69820,433c29d044a3ea820baeefe99e57b3b9dc040137af9ed4f24deaea6a5976c76c,82d3cf8e989b8d9f,135.4674,2185.2764,False,True,1,
train,473,good_posture_20241021_141542_png.rf.a6f95c5f9fc9c09ec5d68f72ad3b7b86.jpg,train/good_posture_20241021_141542_png.rf.a6f95c5f9fc9c09ec5d68f72ad3b7b86.jpg,640,640,47146,896652c6ca0b8b0e3eab5839dc6bcb7790c11c90698568f7d58e03116c2ef204,e39b9b9eb395cf9f,131.2366,1115.5392,False,True,1,
train,474,bad_posture_20241021_145335_png.rf.aadd597d1b2b7e920dab866370d4f8cf.jpg,train/bad_posture_20241021_145335_png.rf.aadd597d1b2b7e920dab866370d4f8cf.jpg,640,640,53379,3c7d63e1e6c44a979234c097d4679ad655edabd6873bffb94a8d564e1114fa7a,83dba78695918d37,130.6197,1301.571,False,True,1,
train,475,good_posture_20241021_141335_png.rf.a81dc77a07c0966d51bf41ecf229425a.jpg,train/good_posture_20241021_141335_png.rf.a81dc77a07c0966d51bf41ecf229425a.jpg,640,640,64746,89d7291439f387eb04917efb7b2ef94b61709ed9e51e1ac025ae64b1a207de71,e39f9f9eb394cc9f,128.0412,1824.1395,False,True,1,
train,476,bad_posture_20241021_142022_png.rf.a4bc63b1587abeffae3cbba632a599f9.jpg,train/bad_posture_20241021_142022_png.rf.a4bc63b1587abeffae3cbba632a599f9.jpg,640,640,92510,2703a5564be1430bbf843310a3731b516393037af59fcdb6c090c29a29f19ebc,93cfcf9eb399cd9f,130.6242,2924.3018,False,True,1,
train,477,bad_posture_20241021_141406_png.rf.a8db8e2abe0e70f840b1da8e45ba6aa5.jpg,train/bad_posture_20241021_141406_png.rf.a8db8e2abe0e70f840b1da8e45ba6aa5.jpg,640,640,52264,1f6377319657d56130ba0d2b15c5a308d86f53cb734954b4439f4718a10d8b49,93cfcf1eb39cce8f,127.5877,1477.7596,False,True,1,
train,478,image_20241007_210150_jpg.rf.a9c93b3915bb9a04f30dec09b051e79e.jpg,train/image_20241007_210150_jpg.rf.a9c93b3915bb9a04f30dec09b051e79e.jpg,640,640,36389,6dfc2518d43980634b50254568bc6a8303ce8dfcad4d0359f9c217342c3ca268,a4343031310c93c5,82.5573,547.4947,False,True,1,
train,479,good_posture_20241021_141548_png.rf.a972d9d11869fd5a0b45643a00b53dae.jpg,train/good_posture_20241021_141548_png.rf.a972d9d11869fd5a0b45643a00b53dae.jpg,640,640,32567,b5189756bd953ac3b97fd6088eaf9080a0fbde645e285575b9b0a5299611bc18,c3b79f9eb39dcd9f,130.889,494.5273,False,True,1,
train,480,bad_posture_20241021_143641_png.rf.a94810840302b3f19ec114826a7f7472.jpg,train/bad_posture_20241021_143641_png.rf.a94810840302b3f19ec114826a7f7472.jpg,640,640,61328,cda0d0f0c3b312b2a8144c772d08f3346dbceb2ed345ba25e542071c756a2e50,82d3cfce98938d9f,136.2806,1667.3706,False,True,1,
train,481,good_posture_20241021_141624_png.rf.a7d5937ee7191318d69b5ae2d82b77d8.jpg,train/good_posture_20241021_141624_png.rf.a7d5937ee7191318d69b5ae2d82b77d8.jpg,640,640,39305,175f0b1048c1e87063d5840062cf99258cdec45328cf80b56ee76a5226ba3e15,e2979f9eb39dcf9f,131.4815,817.7567,False,True,1,
train,482,bad_posture_20241013_220309_png.rf.a6c64954914caacad5047d05941d018d.jpg,train/bad_posture_20241013_220309_png.rf.a6c64954914caacad5047d05941d018d.jpg,640,640,39188,fbda0544e8718c10cc90b24bea7bcdebfe275903c15d75813086f4f754dc898e,ceccc4c4420a3607,91.804,590.0649,False,True,1,
train,483,good_posture_20241013_225738_png.rf.ac158a0554f2be5d2e167894b04b1633.jpg,train/good_posture_20241013_225738_png.rf.ac158a0554f2be5d2e167894b04b1633.jpg,640,640,68460,b35bd6a3f7823fe25d4190c63382f1e4ab263ab2739a9dfb88dbc6e77a98fa20,9898d048c0814e46,56.0387,1435.8761,False,True,1,
train,484,image_20241009_225822_jpg.rf.9c5084f5a453bb8f46f3503a6de6db60.jpg,train/image_20241009_225822_jpg.rf.9c5084f5a453bb8f46f3503a6de6db60.jpg,640,640,83130,3f39ea5f610470beec3fc2a5cb3705a239d05f6f1eafdac85128642c357ee9e8,929898d0f1854267,96.0333,2159.0232,False,True,1,
train,485,bad_posture_20241021_141448_png.rf.a8b32782ad7871e5db7fae46571dd32e.jpg,train/bad_posture_20241021_141448_png.rf.a8b32782ad7871e5db7fae46571dd32e.jpg,640,640,67504,4d7535d4e241400e55e0ae41e35b85beb9092050baf8171467a96651001e505d,83afcf4ea3b1cd8f,130.1838,1926.4873,False,True,1,
train,486,image_20241007_220813_jpg.rf.aca8104a756549a3752bcc2c8ed250f6.jpg,train/image_20241007_220813_jpg.rf.aca8104a756549a3752bcc2c8ed250f6.jpg,640,640,35965,fb2960db41bfd232e03f5dba4801f1c8f663d61f79f01deee0d67baf94ad5277,b48c8c3939378b45,83.0422,567.1158,False,True,1,
train,487,good_posture_20241013_222655_png.rf.a4d29e82da2c880dd6cbdd2a561f72ee.jpg,train/good_posture_20241013_222655_png.rf.a4d29e82da2c880dd6cbdd2a561f72ee.jpg,640,640,29353,260af92839a7517675d82398713d0ed071e018f5e035ab8686109c863261f89a,c8ccccd864113627,49.1006,263.5199,False,True,1,
train,488,image_20241007_195632_jpg.rf.acf91e79bb69930057b4cc0572ca5ce1.jpg,train/image_20241007_195632_jpg.rf.acf91e79bb69930057b4cc0572ca5ce1.jpg,640,640,93836,d1f3d8998fc940afe222c19b5a81d1645a68fb524eb2b9b8654ab267cb03f081,a49c98a1a1e64265,102.0113,2620.5518,False,True,1,
train,489,bad_posture_20241021_145134_png.rf.ad24bf3c5bfb5390fce524578666ea24.jpg,train/bad_posture_20241021_145134_png.rf.ad24bf3c5bfb5390fce524578666ea24.jpg,640,640,31820,ed81f35e2d60a17c897f60841753abda11f8438cc4156aa66712408ca8bad140,83ced3c3c9898d3f,131.642,467.8853,False,True,1,
train,490,bad_posture_20241021_143936_png.rf.b50ed89046f9e9ddfa1a8d5c8e128c14.jpg,train/bad_posture_20241021_143936_png.rf.b50ed89046f9e9ddfa1a8d5c8e128c14.jpg,640,640,65592,bbe1056043b15e131e7231b9ade4510f88cfbbdc7788fd3ea123a9bf25ec5f7d,03d3e78e98938d9f,129.3347,1967.4956,False,True,1,
train,491,good_posture_20241013_222724_png.rf.aeb9fdcd36427d1335113a3f815ede49.jpg,train/good_posture_20241013_222724_png.rf.aeb9fdcd36427d1335113a3f815ede49.jpg,640,640,33010,8785a044f67bf42df4b20fbabb45e0d68624a58106309d545dd6157a90dc5bd8,98d8e8e0726c3627,58.5926,292.9319,False,True,1,
train,492,image_20241008_201104_jpg.rf.abb14ce6d851978dd9d9292780ea7065.jpg,train/image_20241008_201104_jpg.rf.abb14ce6d851978dd9d9292780ea7065.jpg,640,640,36925,35b6e15e47e8d8377875e7c99843e681a6c61b285693c81bb3d31144b4827242,a4343061e1460764,86.163,570.4829,False,True,1,
train,493,good_posture_20241021_142053_png.rf.adff34018faf8aaae6899bf7ea5f4286.jpg,train/good_posture_20241021_142053_png.rf.adff34018faf8aaae6899bf7ea5f4286.jpg,640,640,92028,0c82b535132125f45781a66f495fa8a4b979a2467a91a160c4ea52a3d2a0c3c4,a19b9f9eb39dcd1f,130.8003,2907.5674,False,True,1,
train,494,image_20241009_135224_jpg.rf.b08a0b7700c4e373b0200ad3992cebc1.jpg,train/image_20241009_135224_jpg.rf.b08a0b7700c4e373b0200ad3992cebc1.jpg,640,640,43761,a1f97a09278e116d2ccfcf5bd87eecfa1d7f73d844a1201145470c4239467c3d,3430b1b1500f2714,115.6304,837.7974,False,True,1,
train,495,bad_posture_20241021_143227_png.rf.adeaf8264e282d84706f8d445203ec0a.jpg,train/bad_posture_20241021_143227_png.rf.adeaf8264e282d84706f8d445203ec0a.jpg,640,640,86012,cf251fc74c7556e0dc213d946a0215c4b6befab67f0740453ff3e279b9698c03,82d3e78e9a81999f,136.0113,2658.4006,False,True,1,
train,496,bad_posture_20241013_221218_png.rf.b30876059c36c13c339c01a473f2c4f9.jpg,train/bad_posture_20241013_221218_png.rf.b30876059c36c13c339c01a473f2c4f9.jpg,640,640,87897,da086a9d6762b2c28fb2e0965931935cfacaedf87b30153012082fb5b37ab671,caccc8c4460a2607,93.8018,2348.9412,False,True,1,
train,497,bad_posture_20241021_144048_png.rf.ae24d4c911f2acdb01b2cc3387d5000f.jpg,train/bad_posture_20241021_144048_png.rf.ae24d4c911f2acdb01b2cc3387d5000f.jpg,640,640,87076,bd112b6e1b1f584aabb6202fbcf6535a17505fc36cc58244559c61c41260d0a8,8393a7ce98938d97,131.9923,2708.0706,False,True,1,
train,498,bad_posture_20241021_144143_png.rf.ae1684eef8b013ba25d7291af27da0b6.jpg,train/bad_posture_20241021_144143_png.rf.ae1684eef8b013ba25d7291af27da0b6.jpg,640,640,84856,6252f05854510f6fcc528551c0e63e339f5088cafd67ac8aab60e6953d3128bf,b3cfcf8a9b8b8d9f,131.158,2608.7117,False,True,1,
train,499,good_posture_20241021_142053_png.rf.b09026b7069f9ebf8a2131fb83f6b063.jpg,train/good_posture_20241021_142053_png.rf.b09026b7069f9ebf8a2131fb83f6b063.jpg,640,640,31021,21c9168d43e6d2db505aacca8e842bcc26f74727277906720bed83d5c613ead4,e29b9f9eb39dcd1f,130.7678,473.1957,False,True,1,
train,500,good_posture_20241021_141454_png.rf.afd47e33757f5d3b130ecf172e4a66ab.jpg,train/good_posture_20241021_141454_png.rf.afd47e33757f5d3b130ecf172e4a66ab.jpg,640,640,31628,f3620739eeeea0721e2ea28aa2c4d699c06aa257cb028798c7c1aa3651f6b5f8,a3db9f9e939dcf9f,129.2623,476.4408,False,True,1,
train,501,bad_posture_20241021_143133_png.rf.af9db85147607d4b10f3712c71d58039.jpg,train/bad_posture_20241021_143133_png.rf.af9db85147607d4b10f3712c71d58039.jpg,640,640,83103,67cb8eb036f6f42cef356f1986d10399a7d88889a6fa5c782a6583a0cffc7cdf,83b3cfcc9aab999f,134.2455,2553.6875,False,True,1,
train,502,good_posture_20241021_142159_png.rf.afa82e59e2ccb8a5b2ed7b77860d6209.jpg,train/good_posture_20241021_142159_png.rf.afa82e59e2ccb8a5b2ed7b77860d6209.jpg,640,640,37692,d11ba20f36194ea7a2e31f065509f9ebc922daa2a6cb5d1a0fe108d309569317,b2cfcfce93918d9f,137.8643,740.6643,False,True,1,
train,503,bad_posture_20241013_225803_png.rf.b43e09286fc59b59da0d276d9d1c42b5.jpg,train/bad_posture_20241013_225803_png.rf.b43e09286fc59b59da0d276d9d1c42b5.jpg,640,640,30677,3155fbd60e1eb210f6327132b5978c20cc1a30b31f9cd26582dc72c364e08715,c8ccc8a0c2812626,57.2048,302.33,False,True,1,
train,504,bad_posture_20241021_144426_png.rf.b44c62a97c2086643ed84de5ea76bb25.jpg,train/bad_posture_20241021_144426_png.rf.b44c62a97c2086643ed84de5ea76bb25.jpg,640,640,75721,98ee7cda63927d5701014a9fecdfbe8911feba281354b8d7c0e7e6a89514d52a,83e7cfce9a898d9f,132.2326,2223.3391,False,True,1,
train,505,bad_posture_20241021_144118_png.rf.b14216f513c7128abd20bd48b5de171a.jpg,train/bad_posture_20241021_144118_png.rf.b14216f513c7128abd20bd48b5de171a.jpg,640,640,32932,bfea9fa0b76551912dc983a1c12e3bc0e9a915b2766c49f39b2ce887e91cbba8,a3df9b9eb9898d9f,130.1884,621.8045,False,True,1,
train,506,bad_posture_20241021_141448_png.rf.ae98b99ea614404ef5d0952be0b9f26a.jpg,train/bad_posture_20241021_141448_png.rf.ae98b99ea614404ef5d0952be0b9f26a.jpg,640,640,31389,e334b3135f701c9a87de6c5d69d8b9bbb7f59e338d186eb1a50f6ff93ee56691,83afcf4ea3b1cd8f,130.1354,477.874,False,True,1,
train,507,bad_posture_20241013_222740_png.rf.b0f6f4e85b37023fb40a93d9a3814ce1.jpg,train/bad_posture_20241013_222740_png.rf.b0f6f4e85b37023fb40a93d9a3814ce1.jpg,640,640,32929,2e99f2b94a2d0e28143b58fd456a2b86ea015eeac5c9049e41373808189659c8,cccce8e0624c3627,59.047,296.8601,False,True,1,
train,508,bad_posture_20241013_225746_png.rf.af6cf87a571b0899dafa2c21e9b2e0c0.jpg,train/bad_posture_20241013_225746_png.rf.af6cf87a571b0899dafa2c21e9b2e0c0.jpg,640,640,31303,313a21712959da2749831be2148f6b1d74caaf19b0c543b1d7ee84d3f013c010,ccccccc88081a626,55.1645,318.6912,False,True,1,
train,509,bad_posture_20241021_144426_png.rf.b53e667d5ba19866b36c6cbbf7e2c168.jpg,train/bad_posture_20241021_144426_png.rf.b53e667d5ba19866b36c6cbbf7e2c168.jpg,640,640,85963,9da3dd66f5f8ee535b262f87589fc07685fb58f52e723c73b876611b947bf00c,83a7cfce9a8b8d9f,132.2086,2643.5188,False,True,1,
train,510,bad_posture_20241013_222736_png.rf.b35e2e26f41879d410a98af3ee4fde87.jpg,train/bad_posture_20241013_222736_png.rf.b35e2e26f41879d410a98af3ee4fde87.jpg,640,640,87077,3ac3c4d17495bff25902194d0e6a5ed04ddbd6dd2a6f0450ef5a12b2d4651ad2,ccccece0624c3627,60.5215,1950.1301,False,True,1,
train,511,image_20241007_191654_jpg.rf.b3bd593f850ebb1f7e32dd1a0724de90.jpg,train/image_20241007_191654_jpg.rf.b3bd593f850ebb1f7e32dd1a0724de90.jpg,640,640,60059,289b768457cada76ad06400d97f7b4b7ea703cdbab0a6aaae3e7ab6db4b59af6,a47130a191c4c2c5,101.5988,1397.9989,False,True,1,
train,512,image_20241007_214540_jpg.rf.b5772911865973d960f00a2ca302e018.jpg,train/image_20241007_214540_jpg.rf.b5772911865973d960f00a2ca302e018.jpg,640,640,40411,ccf19446322a021c134510f1c31fcc6080f56ba8859da878756a6a6bb4f40d2e,a49c0831710e81c5,84.217,717.622,False,True,1,
train,513,good_posture_20241012_174139_png.rf.b5e5d92a320ba968f26b83e45e2744c9.jpg,train/good_posture_20241012_174139_png.rf.b5e5d92a320ba968f26b83e45e2744c9.jpg,640,640,79067,b76b167e985a0defe50b034614746c8be52f949af05996e7b339b6da3ac1701e,30b8b8d098dec603,135.5827,2366.3596,False,True,1,
train,514,image_20241009_224659_jpg.rf.b43731e000ee52edf5ffc536f30ab1a3.jpg,train/image_20241009_224659_jpg.rf.b43731e000ee52edf5ffc536f30ab1a3.jpg,640,640,39159,97703e71b64308e2954c96cc0541c639b8502423d78cb810c94a350ee517bb46,9a9890c8e2464073,93.583,535.0511,False,True,1,
train,515,bad_posture_20241013_220037_png.rf.b2aa7d6094b092cc374cc9d275846c8b.jpg,train/bad_posture_20241013_220037_png.rf.b2aa7d6094b092cc374cc9d275846c8b.jpg,640,640,66826,8eb026f8f7d57e11700172c18f2702529e67526f65978d1c33209fe7da87fadd,caccccccc2946e0f,88.5041,1647.994,False,True,1,
train,516,bad_posture_20241013_222737_png.rf.b7497c224be569c828ad608fd3e48eb5.jpg,train/bad_posture_20241013_222737_png.rf.b7497c224be569c828ad608fd3e48eb5.jpg,640,640,61714,72932ca5487ca10c450ce1d17d78943302fd1058580cf83f52e2097d822a227b,cccce8e0624c3627,59.8513,1226.7849,False,True,1,
train,517,bad_posture_20241021_142530_png.rf.b57d7592ed96d1f9d5e5217437c7247e.jpg,train/bad_posture_20241021_142530_png.rf.b57d7592ed96d1f9d5e5217437c7247e.jpg,640,640,84928,e3ce0c74436ccdf48912c397c492c290d6dc4cc27860859b754f53fed3762983,82c793c392898f9f,137.4708,2695.0718,False,True,1,
train,518,image_20241008_200801_jpg.rf.bf513bb0899a66f1db4646e816d58a9b.jpg,train/image_20241008_200801_jpg.rf.bf513bb0899a66f1db4646e816d58a9b.jpg,640,640,37030,855544039a2d6b28f0eeaa5b68e18aff4b5d3ec46d7b8ef8083bd21e885afaa6,949898b199c60344,84.3138,564.9756,False,True,1,
train,519,bad_posture_20241012_173121_png.rf.b7ab18538e71d40cf924212907a37cde.jpg,train/bad_posture_20241012_173121_png.rf.b7ab18538e71d40cf924212907a37cde.jpg,640,640,42504,24d4b21d73ea66c0a3a69579e1fefc321b81bbdfef135760210ad3d53a2e5da2,309898d8d8e6e633,133.978,768.0488,False,True,1,
train,520,bad_posture_20241013_222747_png.rf.b8815d4b6ef6d8e14966e8bce519ad12.jpg,train/bad_posture_20241013_222747_png.rf.b8815d4b6ef6d8e14966e8bce519ad12.jpg,640,640,60790,28c00cd720cfc362e4f2fee066184e7c0b2bdd0ef7820d90e8587ef03f869faf,c8dcc8e8624c3627,59.8557,1310.7206,False,True,1,
train,521,good_posture_20241012_172219_png.rf.bde0d3917a64c528baf7bf44bb3385d8.jpg,train/good_posture_20241012_172219_png.rf.bde0d3917a64c528baf7bf44bb3385d8.jpg,640,640,65358,fd6e309b6d3dc0c94412b127a2bb9226a24c4f2af6fb7c7b3067829115248297,30b89cbad2deb623,128.8659,1764.1425,False,True,1,
train,522,image_20241008_202735_jpg.rf.b8bffc35f47175d750f3ec19d2f65f4a.jpg,train/image_20241008_202735_jpg.rf.b8bffc35f47175d750f3ec19d2f65f4a.jpg,640,640,35879,b5e354960ec5db37af2c587ed8d98b0beed0f5d64275cb2aed269381937a4e3c,a4343061614607c4,81.1976,532.9197,False,True,1,
train,523,bad_posture_20241021_143629_png.rf.bff3d42020972939182f4b03f511b209.jpg,train/bad_posture_20241021_143629_png.rf.bff3d42020972939182f4b03f511b209.jpg,640,640,66537,5046b07966f37aec1cfad17b332b8bc8d9b9f1ed28a0d6abf6e5a38e810de548,8293cfce98938d9e,136.5036,1888.1941,False,True,1,
train,524,image_20241007_193153_jpg.rf.bf2a7e5b22627441b6a6280df5775ea9.jpg,train/image_20241007_193153_jpg.rf.bf2a7e5b22627441b6a6280df5775ea9.jpg,640,640,39692,aba361af2008f65c47a679178517f13e5bb8fe8b18b266bd17a27517dcb48885,b431b0b1b1c48685,103.6962,638.9942,False,True,1,
train,525,good_posture_20241013_222721_png.rf.bed95269cdad25613c2a8ce954682a0a.jpg,train/good_posture_20241013_222721_png.rf.bed95269cdad25613c2a8ce954682a0a.jpg,640,640,33042,81c2ff1ed372adb6018a6e62a1206cbb33b67a3ef06465db5b876520e76befe8,98d8e0e0626c3627,58.4104,294.795,False,True,1,
train,526,bad_posture_20241013_225750_png.rf.bd985a489f256be69ec509a31abba520.jpg,train/bad_posture_20241013_225750_png.rf.bd985a489f256be69ec509a31abba520.jpg,640,640,68891,824b8268cf7b5132aac97c3c7229c254d4e5439d601fd103ede85c4d680ec150,ccccccc0c081a626,56.8787,1473.4236,False,True,1,
train,527,bad_posture_20241021_144538_png.rf.bfbed52151fd1c44add981b2a4a0dd69.jpg,train/bad_posture_20241021_144538_png.rf.bfbed52151fd1c44add981b2a4a0dd69.jpg,640,640,64169,adb21e3473be0fafa070047971a47e4b654223964442e9410416a58b9a7c9a70,83d3cf8c99998d9f,133.7671,1794.2928,False,True,1,
train,528,good_posture_20241021_180555_png.rf.c0d1ec6f612e72dcef30e3206d8c3586.jpg,train/good_posture_20241021_180555_png.rf.c0d1ec6f612e72dcef30e3206d8c3586.jpg,640,640,40059,4595085d092c377f2ad479ae9ccfc698c6c64a23a99beb386211dfcd05034a45,f3cfcd8f9ecfc69f,132.7988,671.7196,False,True,1,
train,529,bad_posture_20241021_143936_png.rf.b81734fab3e22e3234fe90010b67aa9a.jpg,train/bad_posture_20241021_143936_png.rf.b81734fab3e22e3234fe90010b67aa9a.jpg,640,640,31027,767f3e21fdcd73f051182ec0ade40caa00aca81aa0dbda62c951f8a24225d576,83d3e78e98938d9f,130.0965,421.4218,False,True,1,
train,530,good_posture_20241012_172219_png.rf.bbdb49cf00efd11423a25f041d6f2426.jpg,train/good_posture_20241012_172219_png.rf.bbdb49cf00efd11423a25f041d6f2426.jpg,640,640,58121,2339a3ea247dd0314f25e8434bbc03f14b1e23f1fa81e2a9ea62ea2544e28fb9,b0b89cbad2deb623,128.1328,1588.8442,False,True,1,
train,531,bad_posture_20241021_142406_png.rf.bec5c17241cd52b8d2d835a3f3b8eec8.jpg,train/bad_posture_20241021_142406_png.rf.bec5c17241cd52b8d2d835a3f3b8eec8.jpg,640,640,30247,009b708ce93071716594ea653e04102073312f02735e7d9efa5b6e9ed5ba98b1,82cf87c694998f9f,135.003,528.3085,False,True,1,
train,532,good_posture_20241012_174321_png.rf.bea0be0ba4fdf85408db7fd03d1a8ead.jpg,train/good_posture_20241012_174321_png.rf.bea0be0ba4fdf85408db7fd03d1a8ead.jpg,640,640,59721,b95f849a78fef8ef69583222598b42878b175074b3696c63871f62857b26c1db,303830d888cec603,135.5032,1537.7516,False,True,1,
train,533,good_posture_20241021_180555_png.rf.bcaa833584baaf4aaf01fb0cc8374198.jpg,train/good_posture_20241021_180555_png.rf.bcaa833584baaf4aaf01fb0cc8374198.jpg,640,640,34266,93d5ad64e5ed0e294876f3f3ce971d0b7c5ba9689c1177d7658b507ee328ebfa,f3cfcd8f9ecfc69f,132.7894,428.3098,False,True,1,
train,534,good_posture_20241013_222710_png.rf.be5c5027c9fc00b647b84a5ae59da915.jpg,train/good_posture_20241013_222710_png.rf.be5c5027c9fc00b647b84a5ae59da915.jpg,640,640,46874,17f85e4aa353e8b06a1db3d3b460c48a8635f3a96dc28af81bb9212973b12330,cccce0e0622c1607,60.0818,734.3769,False,True,1,
train,535,image_20241009_224730_jpg.rf.bb78f4848611573c3293c059c0303dd2.jpg,train/image_20241009_224730_jpg.rf.bb78f4848611573c3293c059c0303dd2.jpg,640,640,48251,7c620ee3034f23eebbfbdf844eb7843ff45bc55c8006cb885aa3c6c63f81a769,b29890d8e1474073,93.7804,967.8013,False,True,1,
train,536,bad_posture_20241013_220309_png.rf.c0ffe42a728a9081be9cb2b5630679d6.jpg,train/bad_posture_20241013_220309_png.rf.c0ffe42a728a9081be9cb2b5630679d6.jpg,640,640,77093,cdcc66340f583ce41366f10d0dcdfa18a22c20a779bb3a1091d39d65d00559bf,ceccc4c4420a3607,92.2554,2005.052,False,True,1,
train,537,good_posture_20241021_141341_png.rf.c10194d8d89ee9d39e1d6ca6b1674537.jpg,train/good_posture_20241021_141341_png.rf.c10194d8d89ee9d39e1d6ca6b1674537.jpg,640,640,88548,22541ada531aa272b5964551d838c2d8190f0dd1be3385979d97a53e500715a5,e39b9b9eb394cf9f,128.3782,2792.9319,False,True,1,
train,538,image_20241009_224730_jpg.rf.c4fa4b23cf4391163afd6b91e83be053.jpg,train/image_20241009_224730_jpg.rf.c4fa4b23cf4391163afd6b91e83be053.jpg,640,640,55608,1ec80aca196e85872dc14b3dece292a51a3b04126e66539a7e89b00ecb3c37de,b2b890d8e1474073,94.3895,1136.6871,False,True,1,
train,539,image_20241007_222736_jpg.rf.c1b39a1a532b52aa9defa91af729071b.jpg,train/image_20241007_222736_jpg.rf.c1b39a1a532b52aa9defa91af729071b.jpg,640,640,41096,1a1e532528278c3460203d99392e43cd05ad2a79516768fafdf7b01ce3298e90,a498983171c29705,87.925,683.5447,False,True,1,
train,540,image_20241008_205202_jpg.rf.bd23a72ecfbb02f709b9070904d65adf.jpg,train/image_20241008_205202_jpg.rf.bd23a72ecfbb02f709b9070904d65adf.jpg,640,640,36767,39ac8a7093f06c06e0c97817542ce4948976eb157d4fda25ce1b54eb6cc0e091,b434b0b1391b4664,82.1516,591.4604,False,True,1,
train,541,good_posture_20241021_142223_png.rf.bf1ec2e043c5851942d24a3c593bade4.jpg,train/good_posture_20241021_142223_png.rf.bf1ec2e043c5851942d24a3c593bade4.jpg,640,640,42210,4cc372858bf4b07c177659a3c9ac0c76a9f7d96c9bac771115a9abbd2e2dc466,e29f9b9e92838d9f,136.4877,945.9375,False,True,1,
train,542,good_posture_20241013_222732_png.rf.c3a61f68349b32f542dcb1dfc8506431.jpg,train/good_posture_20241013_222732_png.rf.c3a61f68349b32f542dcb1dfc8506431.jpg,640,640,80973,e5343e99905890e54b3e02a51f4d51213a865fd9c3c828d3b9857e5af8e6237b,98d8e0e0626c3627,59.622,1779.4873,False,True,1,
train,543,image_20241008_200913_jpg.rf.c258486a82aa25849047baa06c626243.jpg,train/image_20241008_200913_jpg.rf.c258486a82aa25849047baa06c626243.jpg,640,640,73985,faa022935045354b815e558f01005e2d583542ec03dc1c01e0ba0ec15f52fb50,a49c9831714e4764,85.6663,1961.3745,False,True,1,
train,544,bad_posture_20241013_222737_png.rf.c5dbb74662f0ea3c0185fc597adbbfe9.jpg,train/bad_posture_20241013_222737_png.rf.c5dbb74662f0ea3c0185fc597adbbfe9.jpg,640,640,32611,bccd7eaec48caed5ac88e7aaa2cc9721e59adf8041a3f18e688ce70ab131af16,cccce8e0624c3627,59.2517,296.4222,False,True,1,
train,545,bad_posture_20241021_143735_png.rf.c6259c8e8a59d437d91a58e43af0dc98.jpg,train/bad_posture_20241021_143735_png.rf.c6259c8e8a59d437d91a58e43af0dc98.jpg,640,640,31257,106faa2c6edd800fdf5ef6c803334afbe355e0bf10367c0b72519263185fb2e6,83d3efce98938d9f,133.2507,439.9406,False,True,1,
train,546,good_posture_20241013_222712_png.rf.bc6a8460e3e138921b384e37a3e39f9c.jpg,train/good_posture_20241013_222712_png.rf.bc6a8460e3e138921b384e37a3e39f9c.jpg,640,640,89731,d7866e5103aa289ce16c6f28c45c98d392c7100001b9fec019f0ea53b8d327e0,dcdce8e0622c3627,61.0688,2053.2131,False,True,1,
train,547,bad_posture_20241021_142448_png.rf.c818b0307f5a61935ad0f5608486c37c.jpg,train/bad_posture_20241021_142448_png.rf.c818b0307f5a61935ad0f5608486c37c.jpg,640,640,88673,cefbf41cc2ab224c4fee6a451e5a21aac1a1ad89a7e2c719c31c5b49f7c6880f,83cfd3c292898f9f,137.4928,2853.7354,False,True,1,
train,548,bad_posture_20241021_142914_png.rf.c5028d66fa259939010103883e9ae1b0.jpg,train/bad_posture_20241021_142914_png.rf.c5028d66fa259939010103883e9ae1b0.jpg,640,640,78768,d6c79c8196fc6eab237d0fd0c35a9104524dd9d271b963a87cc838e1ae77ffab,82d3e78e8793999f,136.2982,2389.2043,False,True,1,
train,549,bad_posture_20241013_222754_png.rf.c9117d9014735cde9b3dc3e784877604.jpg,train/bad_posture_20241013_222754_png.rf.c9117d9014735cde9b3dc3e784877604.jpg,640,640,32955,10755bf060ea16a568b7f550f0d978f0f6cf114c647cadbf4973000cbae6e4b3,d6c6e4e4624c3627,62.0484,300.8595,False,True,1,
train,550,good_posture_20241021_141536_png.rf.c256605213a1a1e1e56d26c9b5c424f5.jpg,train/good_posture_20241021_141536_png.rf.c256605213a1a1e1e56d26c9b5c424f5.jpg,640,640,57127,e852b9cee3ed5e2c214fb2ab2d6b9f9ea9f55f897d977fa4487f4aff18cd7dd0,e29b9b9eb39dcf1f,131.2349,1531.0626,False,True,1,
train,551,image_20241007_192901_jpg.rf.c8b848728515bd0020dcbac01a4effc7.jpg,train/image_20241007_192901_jpg.rf.c8b848728515bd0020dcbac01a4effc7.jpg,640,640,39747,91743cc50020d1029463be2a00da4eb32c362eb540cb76ecd0ba6a942ccdc1a5,b4b1b0b1a1cc8685,104.3633,627.3409,False,True,1,
train,552,bad_posture_20241012_173020_png.rf.c9cd7cebd6e0a385ea620ae714c69037.jpg,train/bad_posture_20241012_173020_png.rf.c9cd7cebd6e0a385ea620ae714c69037.jpg,640,640,93454,eae8e24baa2e43ed90dece2be273913cc5a984b74d666c5c3a40eae253e859d5,30b4aeacecc6e633,130.1351,2889.3169,False,True,1,
train,553,bad_posture_20241021_144407_png.rf.c10b78f5dfd573e3110a950ce185c8da.jpg,train/bad_posture_20241021_144407_png.rf.c10b78f5dfd573e3110a950ce185c8da.jpg,640,640,32496,181bc576324bf4ca6295604ad8a390876682965bb64692ab41c7f8f65d4b1b8d,83e7cf8e9a898d9f,132.6573,479.9193,False,True,1,
train,554,good_posture_20241012_174341_png.rf.c9e5a014001e295a89f1c5d072a78d73.jpg,train/good_posture_20241012_174341_png.rf.c9e5a014001e295a89f1c5d072a78d73.jpg,640,640,80132,07b03b4607e233245d69e130d1b71f085506b6a2bd61b10817d776ad11446fb3,303830d888cec603,135.829,2383.4263,False,True,1,
train,555,bad_posture_20241021_143924_png.rf.cb7c62652f314e93470d977d93898dd3.jpg,train/bad_posture_20241021_143924_png.rf.cb7c62652f314e93470d977d93898dd3.jpg,640,640,48774,b82e7d20e1a4aa9ab384655703108fd65da2577c0246f568ed5d807de166f058,8393cfcc98938d9f,131.1602,1163.597,False,True,1,
train,556,bad_posture_20241021_143629_png.rf.c92b5b6218b7650b0fa9ba70e3de0099.jpg,train/bad_posture_20241021_143629_png.rf.c92b5b6218b7650b0fa9ba70e3de0099.jpg,640,640,31334,e76d180462c3ea75885d08ccfbcaf82312d92d60f6db7b8c89f2956ad6c8ab97,83d3cfce98938d9f,136.5238,432.7791,False,True,1,
train,557,bad_posture_20241021_141406_png.rf.cbb23cb216e4fa8f6f951c9f8b39675b.jpg,train/bad_posture_20241021_141406_png.rf.cbb23cb216e4fa8f6f951c9f8b39675b.jpg,640,640,31913,0def319b4fa170c7ab393f46056d99c928a035c8903d3701a17a7b2b06f82c55,93cfcf1eb39ccc9f,128.2767,510.4556,False,True,1,
train,558,bad_posture_20241021_144538_png.rf.ca3aa8a4935d005c1e0461c8edc34bfd.jpg,train/bad_posture_20241021_144538_png.rf.ca3aa8a4935d005c1e0461c8edc34bfd.jpg,640,640,33765,9736948534ff90cab91f7ffa4067ea4de0932661fd5524802c332c58a31dc039,8393cf8c98998d9f,133.7527,564.7146,False,True,1,
train,559,good_posture_20241021_141335_png.rf.ce1e579991c7bd2bf0e527d3cbd3d1bd.jpg,train/good_posture_20241021_141335_png.rf.ce1e579991c7bd2bf0e527d3cbd3d1bd.jpg,640,640,31756,b240a252576fa2ec54a0bdc8f1326333e5626d0bcd608c986c5a59602887f531,e39f9b9eb394cc9f,127.9855,496.4355,False,True,1,
train,560,good_posture_20241012_174139_png.rf.ccb88f8ae777633e30ec6f350378d704.jpg,train/good_posture_20241012_174139_png.rf.ccb88f8ae777633e30ec6f350378d704.jpg,640,640,51304,e0842e24ad8fc4e01614ac958d4220bca7df1cfa891f2adff759b8736ec6d7bd,30b8b8d098dec603,135.669,1166.1346,False,True,1,
train,561,good_posture_20241013_225721_png.rf.c950a5e7f17e52f2023f72421f5453f3.jpg,train/good_posture_20241013_225721_png.rf.c950a5e7f17e52f2023f72421f5453f3.jpg,640,640,31375,5fbf3787fdeec2d14bfc48b158740172b089917e6d12e6f195b12232ba645016,9898d048a0854e46,55.0163,316.6891,False,True,1,
train,562,bad_posture_20241021_143616_png.rf.cf3a1b2c340b95b554321163b185102f.jpg,train/bad_posture_20241021_143616_png.rf.cf3a1b2c340b95b554321163b185102f.jpg,640,640,60677,aa27cb7a5bffadf686c74ffdef4cad4e7396c16df9cb4169258fba1a9ff1ca03,83d3cf8e98938d9f,136.6514,1676.7875,False,True,1,
train,563,bad_posture_20241021_141406_png.rf.c77ce0bb6370f3e45b0dd4b8e6eec7ff.jpg,train/bad_posture_20241021_141406_png.rf.c77ce0bb6370f3e45b0dd4b8e6eec7ff.jpg,640,640,59993,536847fdfeb480ef6ecfc9e95792853eb1102dda748e2665233c5b2e867dddc4,93cfcf1eb39cce8f,128.3295,1637.9546,False,True,1,
train,564,image_20241007_225038_jpg.rf.cf7c74c6b1d4cc8f34fd4eea18cab53a.jpg,train/image_20241007_225038_jpg.rf.cf7c74c6b1d4cc8f34fd4eea18cab53a.jpg,640,640,61525,57f43311fd81fe2d80dae0ff5c25939f6a7ce071740dedeb86cde234c56ea9a1,a48c983939164925,85.8179,1409.5179,False,True,1,
train,565,bad_posture_20241012_173040_png.rf.cd4113a3939a3d2f84fd7b7e6e7db8c4.jpg,train/bad_posture_20241012_173040_png.rf.cd4113a3939a3d2f84fd7b7e6e7db8c4.jpg,640,640,68271,69df291de978f54dfb06b4dea076760e2133408dab04c4efaad52885fb007b78,30bcccccc8d6e633,132.0117,1829.6511,False,True,1,
train,566,bad_posture_20241021_142022_png.rf.c860daa9a0b79c7d7aab3f022268e4e8.jpg,train/bad_posture_20241021_142022_png.rf.c860daa9a0b79c7d7aab3f022268e4e8.jpg,640,640,31704,66529971d9cd31d249312be7d559c9fc5051dab093aaed756f11c2d91c0e20d9,92cfcf9eb399cd9f,130.6092,475.7084,False,True,1,
train,567,bad_posture_20241021_144638_png.rf.d0207b0fd4925756fc38c00fc7b1961d.jpg,train/bad_posture_20241021_144638_png.rf.d0207b0fd4925756fc38c00fc7b1961d.jpg,640,640,40443,792a41f3a24bb0a7d5b256428e1f0156a93ba123f7c743e79090eb6719ca94dc,83cfa7c69d898d9f,134.4468,835.9317,False,True,1,
train,568,image_20241007_195632_jpg.rf.cef0060d2914f6050906e604b054ea82.jpg,train/image_20241007_195632_jpg.rf.cef0060d2914f6050906e604b054ea82.jpg,640,640,83542,87ec11acdef7878ad97c74593c5bf712e998b97ec60b9aef06b041f1113b464d,a49c98a1a1e64364,101.8965,2259.1582,False,True,1,
train,569,bad_posture_20241013_222736_png.rf.cea7cc18e9303b2f06e8e3a7201005a1.jpg,train/bad_posture_20241013_222736_png.rf.cea7cc18e9303b2f06e8e3a7201005a1.jpg,640,640,32725,32cc7b56a75c2b4c9ce07552922ca2fd6f2274a7cd17210384ba59760e7e7ad0,ccccece0624c3627,59.2356,294.94,False,True,1,
train,570,bad_posture_20241021_143534_png.rf.d031547cd93c3b95ce4d2a700ee820ba.jpg,train/bad_posture_20241021_143534_png.rf.d031547cd93c3b95ce4d2a700ee820ba.jpg,640,640,37474,7ac6c3f2a88790788ec01735b870c6cbe7fd830f92c767b6c288bd3a48971f1d,82b7cf8cb28b999f,136.0186,696.3936,False,True,1,
train,571,bad_posture_20241021_142914_png.rf.cf95d953afb2dfc1055642d279d9fb3e.jpg,train/bad_posture_20241021_142914_png.rf.cf95d953afb2dfc1055642d279d9fb3e.jpg,640,640,62006,2516222b1869b8c2c775f57dc4751c8006586c254bc78b60473978a5f3ae68fc,82d3e78e8793999f,136.3144,1702.5114,False,True,1,
train,572,bad_posture_20241021_143239_png.rf.cecce2ea79229b096efe3df9e9d15010.jpg,train/bad_posture_20241021_143239_png.rf.cecce2ea79229b096efe3df9e9d15010.jpg,640,640,31520,e5f6a78dc08a62397c780c0460f14e27525f2f91cefe5a01871a3aa62517704b,82dbe7868491999f,136.0738,410.2118,False,True,1,
valid,0,bad_posture_20241021_141940_png.rf.0cc1ca7337195ba5ff65c89742bba619.jpg,valid/bad_posture_20241021_141940_png.rf.0cc1ca7337195ba5ff65c89742bba619.jpg,640,640,31297,f2859818071b0d2c6d9d6584c23fc5814dd8285895e40e2919f1a63184c80e63,b3cfcf9e939dcd9f,130.2786,471.3532,False,True,1,
valid,1,good_posture_20241013_222654_png.rf.01b75b5b10d5ac421515108d868dd143.jpg,valid/good_posture_20241013_222654_png.rf.01b75b5b10d5ac421515108d868dd143.jpg,640,640,29474,b15eec334b34bd2dd09250f67762d53c24d427f084a586c78af49bde1d033840,c8ccccd864113627,49.1329,268.2323,False,True,1,
valid,2,bad_posture_20241021_145323_png.rf.15d2fb6fd4594f860816f07d5efc5f43.jpg,valid/bad_posture_20241021_145323_png.rf.15d2fb6fd4594f860816f07d5efc5f43.jpg,640,640,32361,05b55cf7a5d35b9ece617451e2526a5917488246ef274b143564ef5519f33b5c,83d3e7ce95918d17,130.7452,424.8092,False,True,1,
valid,3,bad_posture_20241012_172300_png.rf.387e7a4e13bcab82718a4c6ed9acdaa8.jpg,valid/bad_posture_20241012_172300_png.rf.387e7a4e13bcab82718a4c6ed9acdaa8.jpg,640,640,39063,3b738d23ecf50068088f6815a00b3911767b59ac9bc36983551b61d3e695cf5f,30b4a6b6e4eeb623,127.2647,647.0701,False,True,1,
valid,4,bad_posture_20241021_144438_png.rf.010cd2106346a202376b80bd3ce760aa.jpg,valid/bad_posture_20241021_144438_png.rf.010cd2106346a202376b80bd3ce760aa.jpg,640,640,32041,acb5c6c10b510efb293b2754f8fb4fa189dbaaca0b44ea6c0232620fa75bc3cd,83e7cf8a9a898d9e,132.1103,475.9272,False,True,1,
valid,5,bad_posture_20241012_172208_png.rf.48229f7be52ada812710ba974db248e5.jpg,valid/bad_posture_20241012_172208_png.rf.48229f7be52ada812710ba974db248e5.jpg,640,640,39555,d99d9be14430ee8bf546c0e42edb26336feab8b4da3f907f2ae44e4328498a0b,b0b88cbad2deb623,128.3447,692.5206,False,True,1,
valid,6,good_posture_20241012_172138_png.rf.1d652aa910b07b18122b879cd348ef29.jpg,valid/good_posture_20241012_172138_png.rf.1d652aa910b07b18122b879cd348ef29.jpg,640,640,39489,c1782e432b0721e928257d940379ba9f36c2064cde0ca167b516719dfb5db635,b0b88cbad2deb623,127.9547,699.301,False,True,1,
valid,7,bad_posture_20241013_215755_png.rf.450ed4f1ca4e141e7a77f52ffc54b2ec.jpg,valid/bad_posture_20241013_215755_png.rf.450ed4f1ca4e141e7a77f52ffc54b2ec.jpg,640,640,39213,8e5f01e582c39d891c6a7762a2fae9547a3c3f5cbb72b99d1ee2887306ce8bc9,92b2b090d494660f,94.5391,573.8155,False,True,1,
valid,8,image_20241010_170628_jpg.rf.2a8e3cdd0428bc0925a3098a95fcc635.jpg,valid/image_20241010_170628_jpg.rf.2a8e3cdd0428bc0925a3098a95fcc635.jpg,640,640,38851,2a5a7965bc6004b7a71d8a102904150ff5bf24f836c5e9e00af4153d1efe34de,b2b890c1c1c6c863,104.2349,536.2932,False,True,1,
valid,9,bad_posture_20241021_143257_png.rf.447218d738f6546dd3846920e8ea8f08.jpg,valid/bad_posture_20241021_143257_png.rf.447218d738f6546dd3846920e8ea8f08.jpg,640,640,31407,c686aa4b68f1d7b234a43cba12debfb89e1eae88881c98bcf04d94447a882c00,83dbe7868591999f,136.2227,409.349,False,True,1,
valid,10,good_posture_20241013_225725_png.rf.38030f14b5f0ebc56a35aab0c1ac2905.jpg,valid/good_posture_20241013_225725_png.rf.38030f14b5f0ebc56a35aab0c1ac2905.jpg,640,640,31517,b3115727b77f8899c9506d851371ae07bfe1f8a157d7f882b6719f097a0927e3,9898d048a0814e46,54.8758,325.0717,False,True,1,
valid,11,image_20241010_174356_jpg.rf.60ecdeac21e5b834c066cc886fe9b376.jpg,valid/image_20241010_174356_jpg.rf.60ecdeac21e5b834c066cc886fe9b376.jpg,640,640,40515,f170b9e13b441471c28c4bdbf26a83dd8f218352925f240dd778a9ccc9e2f864,8c8cc0f063a7a02b,97.8706,552.6176,False,True,1,
valid,12,good_posture_20241021_142311_png.rf.3c7fc28eb44e459ce853a84161985351.jpg,valid/good_posture_20241021_142311_png.rf.3c7fc28eb44e459ce853a84161985351.jpg,640,640,31314,7cf6b5ac49f4de7eb9090d0f5d1b538b52ab761c91e34692cc938cccbdb75fbd,e39b9b9e90898d9f,135.4521,431.0316,False,True,1,
valid,13,image_20241007_231315_jpg.rf.89555976eb263ab74acd7d306b62ded6.jpg,valid/image_20241007_231315_jpg.rf.89555976eb263ab74acd7d306b62ded6.jpg,640,640,36441,ac64147391749908a44ca24ff8144d5b4ab2cbde6feed5ab0d2fd17ef3a477db,a49c9831790b8585,83.2311,583.18,False,True,1,
valid,14,good_posture_20241012_172046_png.rf.7ddc8484e31bf697521f85b1bc4d55f1.jpg,valid/good_posture_20241012_172046_png.rf.7ddc8484e31bf697521f85b1bc4d55f1.jpg,640,640,39328,e47a0efd682ac42c13e003a1fe0ef2a0cf7c0c1182c3f57ea38c26e2d30cb8ae,30bcccbad2deb623,126.6337,702.5851,False,True,1,
valid,15,bad_posture_20241021_145040_png.rf.71b6d30627c45e7acfa0d71c480e6220.jpg,valid/bad_posture_20241021_145040_png.rf.71b6d30627c45e7acfa0d71c480e6220.jpg,640,640,32637,f10c6ed715860c060a2f765cefcc5d5da5f0d3925e78db5d99a2e54e7cf39769,83dbe78e989b999e,131.9794,497.2054,False,True,1,
valid,16,bad_posture_20241021_143050_png.rf.858b889323198ba4bcb818e3f6ff0574.jpg,valid/bad_posture_20241021_143050_png.rf.858b889323198ba4bcb818e3f6ff0574.jpg,640,640,32351,ddd1a987545ab0e4f4c9f4e74d53e00da930c220c15b22aa31e9a7764e4e47ce,8393cf8c9aab999f,134.3671,511.903,False,True,1,
valid,17,good_posture_20241021_141323_png.rf.7304f802a86cff7d35edde55c845c300.jpg,valid/good_posture_20241021_141323_png.rf.7304f802a86cff7d35edde55c845c300.jpg,640,640,31272,316b9cf888308af8c18a2ac9b28472c8f4561b53270132b5e1180e0572cc7f42,a3cbdf9e939ccc0f,128.1097,509.3071,False,True,1,
valid,18,bad_posture_20241012_172818_png.rf.518b6ff6909df2778da2aa8c2210ddb8.jpg,valid/bad_posture_20241012_172818_png.rf.518b6ff6909df2778da2aa8c2210ddb8.jpg,640,640,39883,be24f56754696134c791c3b70083ee06246eb999b4921510a26e1803c62c425f,30b4a68ceceeb623,127.1612,698.3914,False,True,1,
valid,19,good_posture_20241021_180406_png.rf.494909663881dee3c1624c12f28e234b.jpg,valid/good_posture_20241021_180406_png.rf.494909663881dee3c1624c12f28e234b.jpg,640,640,34253,9fb7fd819e626c35eeb7431c5a10be7dcec36aa60b246f8c2d0a31df285d4c92,c1e7cdce9ed9c69f,132.9016,439.5038,False,True,1,
valid,20,image_20241007_231554_jpg.rf.1544e56815fe48dcf75556066ea3c1e8.jpg,valid/image_20241007_231554_jpg.rf.1544e56815fe48dcf75556066ea3c1e8.jpg,640,640,37541,f73f3aaa5b4b569d09aec1782f1c6f4c0b648fe86eb4c95193a1891fbe87a08f,a434303919360185,84.2873,575.0306,False,True,1,
valid,21,image_20241007_220021_jpg.rf.23403cfe04b08ffa7fbebea64866d9f8.jpg,valid/image_20241007_220021_jpg.rf.23403cfe04b08ffa7fbebea64866d9f8.jpg,640,640,37314,0b56d7a13d376f0e77c1ae49fac60c19912b4f237275b2b32d8c25c5960ebe40,b4303031313387c5,78.0883,559.5623,False,True,1,
valid,22,good_posture_20241021_141612_png.rf.8e59f42a0a7416c410ff1a2a0b7058a6.jpg,valid/good_posture_20241021_141612_png.rf.8e59f42a0a7416c410ff1a2a0b7058a6.jpg,640,640,32187,baef11c1f940e912a1d2d7387ba0c315f74cf1f84214255d830836be5d67b404,e3979f9eb39dcd9f,131.7214,506.4718,False,True,1,
valid,23,bad_posture_20241013_221249_png.rf.6b10d66913e6989b0f94edcf4b4c4102.jpg,valid/bad_posture_20241013_221249_png.rf.6b10d66913e6989b0f94edcf4b4c4102.jpg,640,640,39331,a09e1d256155555ddea877367c054db4c95354b77a47680b989ee1c2bb57ca35,d6c6e4c0420a2607,95.1054,616.5566,False,True,1,
valid,24,good_posture_20241021_142010_png.rf.8f12abe2470a4c3f37a02c14c0ccf11b.jpg,valid/good_posture_20241021_142010_png.rf.8f12abe2470a4c3f37a02c14c0ccf11b.jpg,640,640,31848,e8029f7c69c38306100590144489f0aeec1ff3770bacc64f0f644ba14bfa3346,e39b9b9eb39dcf9f,130.6309,485.704,False,True,1,
valid,25,bad_posture_20241013_220400_png.rf.3095fdf360fe071832dfce60f022ec9c.jpg,valid/bad_posture_20241013_220400_png.rf.3095fdf360fe071832dfce60f022ec9c.jpg,640,640,38747,6f32e11f4990c0cff2cb940e701ed0cca69d84573cd783ddb66410904a6d692b,caccc4cc420a3607,91.8678,525.6724,False,True,1,
valid,26,bad_posture_20241013_215654_png.rf.6e717746e4f46e40b16f82e187327edd.jpg,valid/bad_posture_20241013_215654_png.rf.6e717746e4f46e40b16f82e187327edd.jpg,640,640,39187,0d190047966759972ac909259480ca13c4c31e85aa96172d89382476b116a3a9,b2b2b094c492660f,94.5067,608.9899,False,True,1,
valid,27,bad_posture_20241013_221510_png.rf.94892aac33e34758cf7e8b9312a66b98.jpg,valid/bad_posture_20241013_221510_png.rf.94892aac33e34758cf7e8b9312a66b98.jpg,640,640,29387,e3542565d9efda3f76edc0b0b6afab232cff46cc23b4336281b4acc401363e93,d8dccccc64293617,49.6137,215.8923,False,True,1,
valid,28,bad_posture_20241021_143900_png.rf.4bf5b029065b09fb7af0c88c91e7951f.jpg,valid/bad_posture_20241021_143900_png.rf.4bf5b029065b09fb7af0c88c91e7951f.jpg,640,640,30895,d342e6bc671d40633a3f5c0541cc32471b2e7f5d22dfc1cf9b55dd44188e3cd5,8393e78e98938d9f,131.8107,422.5746,False,True,1,
valid,29,bad_posture_20241021_142524_png.rf.1f868d88e5bbf819cbc94844a28a4b7d.jpg,valid/bad_posture_20241021_142524_png.rf.1f868d88e5bbf819cbc94844a28a4b7d.jpg,640,640,29814,651ec440b78428b64cb524ce051d086a4ebca84928f0be5db3edf21fe755cbc1,82c793c282898f9f,138.36,424.0801,False,True,1,
valid,30,good_posture_20241013_222734_png.rf.c882b3e33ab8c95e4a8d58d07af8a314.jpg,valid/good_posture_20241013_222734_png.rf.c882b3e33ab8c95e4a8d58d07af8a314.jpg,640,640,32803,4ba8bdfe4bf8ce51540dd9020d68238916ec5cba302c31f2dac205ca43037b0a,ccdce8e0624c3627,59.1865,297.504,False,True,1,
valid,31,good_posture_20241021_142348_png.rf.99f90638448057ed522ec0303ce0d466.jpg,valid/good_posture_20241021_142348_png.rf.99f90638448057ed522ec0303ce0d466.jpg,640,640,31072,e6f76a2b710a3be8b8ca179a9e014c522fb9ee7ed9a6d4270b7ee83faf406313,a3cfcf9e92838f9f,135.1236,433.9358,False,True,1,
valid,32,image_20241009_140300_jpg.rf.cc7c0564c0e46216616797e358c20f17.jpg,valid/image_20241009_140300_jpg.rf.cc7c0564c0e46216616797e358c20f17.jpg,640,640,42179,1e3ff0aa6f38692adddb59658f865979eb0e699b272e6b157b8377e5f9932da8,a43071e1e08c0cdc,113.4527,784.8386,False,True,1,
valid,33,image_20241007_225532_jpg.rf.a3689cb0f2aee673f9d0c13103bf39b2.jpg,valid/image_20241007_225532_jpg.rf.a3689cb0f2aee673f9d0c13103bf39b2.jpg,640,640,38412,0b4015c582efa3202a0bef1feaae5bab449ec23322afe463deaea74a09862d02,a49898b939464965,91.1831,585.8928,False,True,1,
valid,34,good_posture_20241012_172340_png.rf.c583c2f7309d94e907e8b5ea22f12105.jpg,valid/good_posture_20241012_172340_png.rf.c583c2f7309d94e907e8b5ea22f12105.jpg,640,640,38251,cd89c30709d761d66c70f6c6106d632783e58c302f65f3f2d259136a2cdd6a3a,309898d8e8f69623,128.45,639.5019,False,True,1,
valid,35,good_posture_20241013_222745_png.rf.bd4339b7b02b56c60da1834998296a75.jpg,valid/good_posture_20241013_222745_png.rf.bd4339b7b02b56c60da1834998296a75.jpg,640,640,32721,72aa69fe32d115553e167d6cb1eb2d7b71958fcf03e19720f520ff8f7c1f245a,d8dce8e8624c3627,58.95,278.8408,False,True,1,
valid,36,bad_posture_20241012_172401_png.rf.a6e630dcf18c66ac1a45aa702144c62a.jpg,valid/bad_posture_20241012_172401_png.rf.a6e630dcf18c66ac1a45aa702144c62a.jpg,640,640,38712,23fc7662ca58dfb0737c7b64756f03929e8f128be455cdfa2695e7b8457041e9,304cdcf8e8f69623,126.8306,666.8782,False,True,1,
valid,37,bad_posture_20241013_220652_png.rf.b08260eef00a04a4d105a5f8f3fede45.jpg,valid/bad_posture_20241013_220652_png.rf.b08260eef00a04a4d105a5f8f3fede45.jpg,640,640,38275,788c1a5066cd259a10116c28e98b0140e5ea114a43bf7b63d58544276e1ba099,caccccc846023607,94.1095,535.1067,False,True,1,
valid,38,bad_posture_20241021_141928_png.rf.af0d07ebed3fe6a325e0f1ef209f63b4.jpg,valid/bad_posture_20241021_141928_png.rf.af0d07ebed3fe6a325e0f1ef209f63b4.jpg,640,640,31224,87334fb806ca5b268096950f536b083a2bf8b8e6185ee2ade77259a0d5c7d870,82afcf8eb3b1cd8f,129.6357,483.6161,False,True,1,
valid,39,bad_posture_20241021_141412_png.rf.d6e50f481e495a7558b2b4b2275f52e7.jpg,valid/bad_posture_20241021_141412_png.rf.d6e50f481e495a7558b2b4b2275f52e7.jpg,640,640,31390,3c2ea053f82d43d14de8abdf4256d45311e45be6c1cfa8300dfbdd388cd23a64,83a7cf8e93b4cc8f,128.3572,501.6291,False,True,1,
valid,40,bad_posture_20241021_180449_png.rf.f5b1011174080e0d888acebc1b29a6d5.jpg,valid/bad_posture_20241021_180449_png.rf.f5b1011174080e0d888acebc1b29a6d5.jpg,640,640,33709,f19ad404b2191aa147a00ad05aa71d11a417ec08c14ddc49e3c7026255bbb57f,c1d3e786cccdc69f,131.8329,404.4626,False,True,1,
valid,41,good_posture_20241013_225739_png.rf.e4c5481075e5e649548b013cf633be49.jpg,valid/good_posture_20241013_225739_png.rf.e4c5481075e5e649548b013cf633be49.jpg,640,640,31544,74f6325aab6bb53b62ef6c2a64edca5693d5f807789daa0ac3917213ddc7d8af,9898d048c0814e46,54.8697,328.4279,False,True,1,
valid,42,bad_posture_20241021_142424_png.rf.eaafe3abc338f75e9f65caca5da9b359.jpg,valid/bad_posture_20241021_142424_png.rf.eaafe3abc338f75e9f65caca5da9b359.jpg,640,640,30505,8839ef0f0d8c2da3a5d4e9354ace83844633d1804db1a8975b9ce1940dc95920,82cfd3c694898f9f,137.044,432.0477,False,True,1,
valid,43,good_posture_20241013_222743_png.rf.f5da25a3abd019a0ff4cbbbd784f5649.jpg,valid/good_posture_20241013_222743_png.rf.f5da25a3abd019a0ff4cbbbd784f5649.jpg,640,640,33097,2b55099920a0e1170d6c13d19de99a6963cbe40fa5c67a8bcadd83a87d912ab9,98d8e8e0624c3627,58.6865,291.2357,False,True,1,
valid,44,bad_posture_20241021_144502_png.rf.f41ef58c38e6ef2d09c8323e98a115ff.jpg,valid/bad_posture_20241021_144502_png.rf.f41ef58c38e6ef2d09c8323e98a115ff.jpg,640,640,31986,c041feac6f462628c0535d523619caa62ff06ec2c9c16e869b98de38c1a5f815,83e7cf8a9a898d9f,131.3544,474.8848,False,True,1,
valid,45,image_20241007_191607_jpg.rf.95551df22ad262109e71cdb282c80c1b.jpg,valid/image_20241007_191607_jpg.rf.95551df22ad262109e71cdb282c80c1b.jpg,640,640,40018,ef536c9b524bac6b158c363c7a8bcfc20109207ff4ad45b3dab325e5bc59a1c3,9499989989c44245,98.5898,612.9315,False,True,1,
valid,46,bad_posture_20241012_173404_png.rf.e3b50a195c4c628563bc2f6b8d60a82b.jpg,valid/bad_posture_20241012_173404_png.rf.e3b50a195c4c628563bc2f6b8d60a82b.jpg,640,640,38663,02ca4d1b2852e08a04c54108c79cbd2e38eeb615564611d656f9cdce34d9cfd8,30bcccccc8f6b623,128.5298,624.7989,False,True,1,
valid,47,image_20241007_191516_jpg.rf.f830cfbb09055b26c628088163fee7a7.jpg,valid/image_20241007_191516_jpg.rf.f830cfbb09055b26c628088163fee7a7.jpg,640,640,41539,92a88cd4032e5425319bc72580b14edea8fa90a63c31dab1558e62fc0cab8234,949990a1a3a64144,98.8736,678.8253,False,True,1,
valid,48,image_20241010_175016_jpg.rf.cc04d2a7d11f55af49754df630c26227.jpg,valid/image_20241010_175016_jpg.rf.cc04d2a7d11f55af49754df630c26227.jpg,640,640,38671,0bedf953a5174f10628807676f8ddfa4330d3af5552ade568de03c2cf48ef2eb,8c8cc8e06125a02b,97.3183,552.0458,False,True,1,
valid,49,image_20241007_192301_jpg.rf.fa66c9b3bc5dce6eddbcd80cff3b46ab.jpg,valid/image_20241007_192301_jpg.rf.fa66c9b3bc5dce6eddbcd80cff3b46ab.jpg,640,640,40228,b167286200d36865c85669e29fd960c5591042d9bff57aa6b9ba4161daddb490,a4a1607131208695,108.9511,665.9061,False,True,1,
valid,50,good_posture_20241021_143309_png.rf.fa2a4fada518ad47cf4a1988645aca7d.jpg,valid/good_posture_20241021_143309_png.rf.fa2a4fada518ad47cf4a1988645aca7d.jpg,640,640,32108,fdb271e11d993ef0235850b7bd0726847a3d15d0cb3212f9f10c32af8250c6b9,c2b7373632a9999e,134.8042,442.9442,False,True,1,
valid,51,bad_posture_20241012_173454_png.rf.bdbfce623dcbdf2e900b7ccfc6a18ebc.jpg,valid/bad_posture_20241012_173454_png.rf.bdbfce623dcbdf2e900b7ccfc6a18ebc.jpg,640,640,38464,f37a2b4f9150c40d600e39145983396a48b4efbbaa9f7ec6d28b6732a79a62c4,30bcccacecd6b623,125.4908,605.4574,False,True,1,
valid,52,image_20241009_231522_jpg.rf.d8beb48d1faa1f7f8f8dc02f5e4df92c.jpg,valid/image_20241009_231522_jpg.rf.d8beb48d1faa1f7f8f8dc02f5e4df92c.jpg,640,640,40341,8bd557815e226333b66d6a7a931a863ff7e4e5f2b7ce0f2fd85b6a984b0a9994,b2b098c8cb410033,94.0753,539.7785,False,True,1,
valid,53,good_posture_20241021_180543_png.rf.fd3550ecd26422c9a2146b47da422983.jpg,valid/good_posture_20241021_180543_png.rf.fd3550ecd26422c9a2146b47da422983.jpg,640,640,34395,e2d0223f913e16d43977e5f32b0aabc0c4d0d2f47139db64758b0c1ec21fe1bc,e1db9fce9edfc69f,132.1622,430.3504,False,True,1,
valid,54,image_20241008_201603_jpg.rf.9ffe399688ff92d24c345a09b96129f6.jpg,valid/image_20241008_201603_jpg.rf.9ffe399688ff92d24c345a09b96129f6.jpg,640,640,36926,90c621cb1efe3183bed58b6b4e3973544e636121506af89ec47db04872b6888c,949498b9b9260744,84.0118,549.9089,False,True,1,
