image_id,split,class_id,class_name,image_path,bbox_cx,bbox_cy,bbox_w,bbox_h,left_shoulder_x,left_shoulder_y,left_shoulder_vis,right_shoulder_x,right_shoulder_y,right_shoulder_vis,left_eye_x,left_eye_y,left_eye_vis,left_ear_x,left_ear_y,left_ear_vis,nose_x,nose_y,nose_vis,right_ear_x,right_ear_y,right_ear_vis,right_eye_x,right_eye_y,right_eye_vis
ngaphai_mp4-0000_jpg.rf.19a1858d01a65f54b6e89e1c56f6df5b,train,4,thang,train\images\ngaphai_mp4-0000_jpg.rf.19a1858d01a65f54b6e89e1c56f6df5b.jpg,0.52052515625,0.4257269444444445,0.40308085937500004,0.7585422222222222,0.366274765625,0.6290640277777778,2,0.684775625,0.6167484722222222,2,0.44054304687499996,0.34530791666666666,2,0.47981953125,0.2976197222222222,2,0.516798515625,0.35950819444444443,2,0.55321390625,0.29627041666666665,2,0.58398,0.3395259722222222,2
ngaphai_mp4-0002_jpg.rf.c07ba23c029c0ade6bfb475f3cb7984d,train,4,thang,train\images\ngaphai_mp4-0002_jpg.rf.c07ba23c029c0ade6bfb475f3cb7984d.jpg,0.530372109375,0.40247611111111103,0.410400390625,0.7255873611111111,0.363525390625,0.6362615277777778,2,0.684575859375,0.6129951388888889,2,0.440525625,0.35518194444444445,2,0.4791434375,0.2981693055555556,2,0.51786390625,0.3635377777777778,2,0.556178515625,0.296875,2,0.587816484375,0.33815416666666664,2
ngaphai_mp4-0003_jpg.rf.414e4f7bcc77a30db15a24809417dca9,train,4,thang,train\images\ngaphai_mp4-0003_jpg.rf.414e4f7bcc77a30db15a24809417dca9.jpg,0.534171640625,0.44489263888888886,0.4090625000000001,0.7651011111111111,0.355854375,0.6409900000000001,2,0.6815740625,0.6295425,2,0.42642609374999996,0.35849180555555554,2,0.46392609374999993,0.30137458333333333,2,0.50231890625,0.36007833333333333,2,0.539818984375,0.29344166666666666,2,0.570176015625,0.3362794444444444,2
ngaphai_mp4-0005_jpg.rf.b476b62199fb0ced81a35deb03de3c81,train,4,thang,train\images\ngaphai_mp4-0005_jpg.rf.b476b62199fb0ced81a35deb03de3c81.jpg,0.51986109375,0.4585238888888889,0.39802203125,0.8543686111111113,0.369010234375,0.633433888888889,2,0.680417109375,0.6227411111111111,2,0.43803398437499996,0.34576125,2,0.478604375,0.29520305555555554,2,0.51771,0.36260638888888885,2,0.5508425781249999,0.2938219444444444,2,0.5847640625,0.34295375,2
ngaphai_mp4-0007_jpg.rf.46edaae56ad85b646e31a5016d3e9195,train,4,thang,train\images\ngaphai_mp4-0007_jpg.rf.46edaae56ad85b646e31a5016d3e9195.jpg,0.51477796875,0.44900958333333335,0.400780625,0.8008937500000001,0.35726929687500003,0.6467013888888888,2,0.6811384375,0.6266719444444444,2,0.43926999999999994,0.3443961111111111,2,0.481511328125,0.29716611111111113,2,0.517225625,0.36062972222222217,2,0.55204703125,0.29716611111111113,2,0.587761328125,0.34159069444444445,2
ngaphai_mp4-0008_jpg.rf.17292802d4251984398910f75cee7675,train,4,thang,train\images\ngaphai_mp4-0008_jpg.rf.17292802d4251984398910f75cee7675.jpg,0.5436384375000001,0.29176277777777776,0.00022320312499992667,0.0013826388888888788,0.5435768123947812,0.29184191872427984,2,0.5436718803924664,0.2918489017489712,2,0.5435753093434343,0.2915998405349794,2,0.5436128856271044,0.29132750257201645,2,0.5436395647885102,0.29151837191358027,2,0.5436763895465068,0.29127163837448555,2,0.5436996875,0.29157652777777776,2
ngaphai_mp4-0011_jpg.rf.c5786cd2b51a87cf3ee8327c9a14ff2d,train,4,thang,train\images\ngaphai_mp4-0011_jpg.rf.c5786cd2b51a87cf3ee8327c9a14ff2d.jpg,0.5287665625,0.44010263888888895,0.42770867187500006,0.8174429166666667,0.36762859375,0.6350911111111112,2,0.6829556250000001,0.6172416666666667,2,0.440400625,0.34346666666666664,2,0.47826640625000005,0.2985461111111111,2,0.515343359375,0.3603118055555556,2,0.5523487499999999,0.29766902777777776,2,0.588708359375,0.34206277777777777,2
ngaphai_mp4-0012_jpg.rf.a301262f7d98e0fa1dc783dd35758e4f,train,4,thang,train\images\ngaphai_mp4-0012_jpg.rf.a301262f7d98e0fa1dc783dd35758e4f.jpg,0.528452890625,0.4060552777777779,0.4149658593749999,0.7457513888888889,0.371315703125,0.6382180555555556,2,0.682861328125,0.6182133333333334,2,0.43932046874999997,0.34856875000000004,2,0.478763984375,0.29522569444444446,2,0.518207578125,0.36260638888888885,2,0.55370671875,0.29522569444444446,2,0.586050390625,0.33733861111111113,2
ngaphai_mp4-0014_jpg.rf.0a22a5ea1a8e9ac6af74a3132dd241aa,train,4,thang,train\images\ngaphai_mp4-0014_jpg.rf.0a22a5ea1a8e9ac6af74a3132dd241aa.jpg,0.523327421875,0.46572152777777787,0.38607234375000005,0.8867693055555554,0.3625,0.6295965277777777,2,0.68496703125,0.6082061111111111,2,0.4395003125,0.3415502777777778,2,0.48203625,0.2919379166666667,2,0.51875,0.3659494444444445,2,0.550892890625,0.2976552777777778,2,0.5879378125,0.34314819444444444,2
ngaphai_mp4-0015_jpg.rf.6a10b8d4e6d145d35a24ad9676fc9bcd,train,4,thang,train\images\ngaphai_mp4-0015_jpg.rf.6a10b8d4e6d145d35a24ad9676fc9bcd.jpg,0.530164140625,0.41724236111111107,0.40931460937499986,0.7277229166666666,0.374550546875,0.6309383333333334,2,0.675029375,0.6188545833333333,2,0.4375,0.3463981944444444,2,0.479464296875,0.2908675,2,0.517857109375,0.36385069444444446,2,0.551785703125,0.2972138888888889,2,0.5875,0.3368786111111111,2
ngaphai_mp4-0016_jpg.rf.f2a61b4f39deceddc32abb750f9c6d77,train,4,thang,train\images\ngaphai_mp4-0016_jpg.rf.f2a61b4f39deceddc32abb750f9c6d77.jpg,0.5322820312500001,0.41341416666666664,0.43786749999999997,0.7553015277777777,0.385018125,0.6370393055555555,2,0.681393671875,0.6276238888888889,2,0.438822890625,0.347165,2,0.482210859375,0.2938219444444444,2,0.5200766406249999,0.3682215277777778,2,0.55320921875,0.2938219444444444,2,0.585552890625,0.347165,2
ngaphai_mp4-0017_jpg.rf.79d8e82eb46a777a0ab9bc742e535edf,train,4,thang,train\images\ngaphai_mp4-0017_jpg.rf.79d8e82eb46a777a0ab9bc742e535edf.jpg,0.531886484375,0.40495319444444455,0.39653335937499995,0.7737170833333332,0.38227703125,0.6258286111111111,2,0.682972265625,0.61546125,2,0.43941984375,0.3468276388888889,2,0.47142859374999996,0.2997613888888889,2,0.517741796875,0.36460791666666664,2,0.554464296875,0.2997613888888889,2,0.583035703125,0.33946736111111114,2
ngaphai_mp4-0018_jpg.rf.ac1d383a2b06455e4125d7ddfe107c65,train,4,thang,train\images\ngaphai_mp4-0018_jpg.rf.ac1d383a2b06455e4125d7ddfe107c65.jpg,0.521027265625,0.4419518055555556,0.42253953125,0.820851388888889,0.372321484375,0.625867638888889,2,0.6813215625,0.6111752777777778,2,0.43660718750000005,0.3431616666666667,2,0.47857140625000005,0.29551458333333336,2,0.517891640625,0.36779902777777773,2,0.5553571875000001,0.2923381944444444,2,0.5892857031250001,0.33680875,2
ngaphai_mp4-0020_jpg.rf.24e49d08093b92fb982f8be86376acb9,train,4,thang,train\images\ngaphai_mp4-0020_jpg.rf.24e49d08093b92fb982f8be86376acb9.jpg,0.518835859375,0.4317875,0.4327403125,0.8377444444444445,0.377455390625,0.6285029166666667,2,0.68428734375,0.618445138888889,2,0.43995539062500005,0.33467930555555553,2,0.47745531249999995,0.2933851388888889,2,0.516490625,0.36558944444444447,2,0.556919609375,0.2949733333333333,2,0.587276796875,0.3362675,2
ngaphai_mp4-0021_jpg.rf.97d889d6d78e122f5e4877228186613a,train,4,thang,train\images\ngaphai_mp4-0021_jpg.rf.97d889d6d78e122f5e4877228186613a.jpg,0.527489375,0.45107666666666674,0.414436171875,0.8091411111111111,0.357142890625,0.6267069444444444,2,0.68020078125,0.6219618055555556,2,0.43839281249999995,0.34746680555555554,2,0.47767859375,0.2966959722222222,2,0.516964296875,0.3680925,2,0.557142890625,0.29510930555555553,2,0.5866071875000001,0.33636069444444444,2
ngaphai_mp4-0023_jpg.rf.f0a7f2b86fcf73ab62e64e46bab3a5b9,train,4,thang,train\images\ngaphai_mp4-0023_jpg.rf.f0a7f2b86fcf73ab62e64e46bab3a5b9.jpg,0.51872625,0.4352351388888888,0.38484164062500004,0.8249343055555556,0.372898515625,0.6316581944444445,2,0.68113015625,0.6212959722222222,2,0.436291328125,0.34259930555555557,2,0.47639882812499995,0.2994002777777778,2,0.5153253906249999,0.3590691666666667,2,0.554148515625,0.2949522222222222,2,0.584419921875,0.34251208333333333,2
ngaphai_mp4-0025_jpg.rf.24ba027c5840cff463d11cf2bc43c7c6,train,4,thang,train\images\ngaphai_mp4-0025_jpg.rf.24ba027c5840cff463d11cf2bc43c7c6.jpg,0.5242859375,0.40486708333333343,0.40968296875,0.7520140277777778,0.3675259375,0.6399344444444444,2,0.6752319531250001,0.6343759722222222,2,0.43803398437499996,0.35137625,2,0.47432210937499997,0.29662944444444445,2,0.5106101562500001,0.3583951388888889,2,0.5484759375,0.29241819444444445,2,0.5808196875,0.33733861111111113,2
ngaphai_mp4-0026_jpg.rf.15c62d806aa0de58bcce387098cce8da,train,4,thang,train\images\ngaphai_mp4-0026_jpg.rf.15c62d806aa0de58bcce387098cce8da.jpg,0.52607984375,0.4165236111111111,0.41162164062500006,0.7614272222222223,0.3658446875,0.6344252777777778,2,0.68233140625,0.6014144444444445,2,0.434878515625,0.34945458333333335,2,0.47353328125000005,0.29611152777777777,2,0.5106101562500001,0.3662998611111111,2,0.5470636718749999,0.2954298611111111,2,0.58003078125,0.34383958333333337,2
ngaphai_mp4-0027_jpg.rf.39e3a225ac1ff319702c7bc5783067b6,train,4,thang,train\images\ngaphai_mp4-0027_jpg.rf.39e3a225ac1ff319702c7bc5783067b6.jpg,0.5285009374999999,0.4250598611111111,0.4176514062500001,0.7689125,0.366954453125,0.6416015277777778,2,0.68312765625,0.62427,2,0.43392859375,0.35222666666666663,2,0.47053578125,0.2998691666666667,2,0.510714296875,0.3649193055555555,2,0.5473214843750001,0.2919361111111111,2,0.580357109375,0.34112041666666665,2
ngaphai_mp4-0028_jpg.rf.b301221808da33a5cbcc811b80c5d403,train,4,thang,train\images\ngaphai_mp4-0028_jpg.rf.b301221808da33a5cbcc811b80c5d403.jpg,0.51600296875,0.4250695833333334,0.40719953125,0.7703829166666667,0.37473921875,0.6484868055555556,2,0.6775457031250001,0.63054375,2,0.43482023437499995,0.35941375,2,0.47426382812499995,0.3046669444444444,2,0.5086475781249999,0.3673897222222222,2,0.5452621875,0.29624430555555553,2,0.579183671875,0.35379875,2
ngaphai_mp4-0030_jpg.rf.1da827689a12b14e78d5712c60323648,train,4,thang,train\images\ngaphai_mp4-0030_jpg.rf.1da827689a12b14e78d5712c60323648.jpg,0.51995796875,0.4538316666666666,0.3975896875,0.8356569444444445,0.36767578125,0.6316879166666667,2,0.679157578125,0.6220456944444445,2,0.429464296875,0.3431616666666667,2,0.47142859374999996,0.29869111111111113,2,0.50892859375,0.3653970833333333,2,0.551785703125,0.29710277777777777,2,0.579464296875,0.33680875,2
ngaphai_mp4-0031_jpg.rf.8ddeb3d4189b631815de0ba912e15072,train,4,thang,train\images\ngaphai_mp4-0031_jpg.rf.8ddeb3d4189b631815de0ba912e15072.jpg,0.52799296875,0.4482118055555555,0.44969867187499996,0.8702963888888888,0.370535703125,0.6306323611111111,2,0.6748490625,0.619263888888889,2,0.433035703125,0.3431616666666667,2,0.466071484375,0.30345583333333337,2,0.5071428906250001,0.3781029166666667,2,0.54711359375,0.2944138888888889,2,0.582142890625,0.32727930555555557,2
ngaphai_mp4-0032_jpg.rf.927abdefceceb2681a695bc60ac36144,train,4,thang,train\images\ngaphai_mp4-0032_jpg.rf.927abdefceceb2681a695bc60ac36144.jpg,0.53034984375,0.4479734722222223,0.4683815625000001,0.8143261111111111,0.363101484375,0.6250244444444445,2,0.677265546875,0.6093502777777777,2,0.42470867187500005,0.34708319444444446,2,0.457744375,0.2994361111111111,2,0.5014944531250001,0.3709068055555556,2,0.545244375,0.28990680555555554,2,0.574099453125,0.3391877777777778,2
ngaphai_mp4-0034_jpg.rf.b32ee45623a317873600b1b478da3cea,train,0,nga_phai,train\images\ngaphai_mp4-0034_jpg.rf.b32ee45623a317873600b1b478da3cea.jpg,0.517132109375,0.3679966666666667,0.42690078124999997,0.6639391666666666,0.36186335937499997,0.6492377777777777,2,0.66859671875,0.5923852777777778,2,0.419375859375,0.32833694444444445,2,0.46055765624999995,0.3750823611111111,2,0.49108906250000006,0.28917194444444444,2,0.54505140625,0.32075666666666663,2,0.40446523437500004,0.3952966666666667,2
ngaphai_mp4-0036_jpg.rf.551fa061af37400d4563ab566a12f78d,train,0,nga_phai,train\images\ngaphai_mp4-0036_jpg.rf.551fa061af37400d4563ab566a12f78d.jpg,0.5106524218749999,0.3784333333333333,0.4171389843749999,0.6440209722222222,0.36186335937499997,0.6580815277777777,2,0.65723625,0.5885951388888889,2,0.394524765625,0.3472877777777778,2,0.42789625,0.3826627777777778,2,0.46055765624999995,0.2967522222222222,2,0.5230403906250001,0.3043326388888889,2,0.386004375,0.42435458333333337,2
ngaphai_mp4-0037_jpg.rf.21374a725b571d88384a6bfbdc4835c4,train,0,nga_phai,train\images\ngaphai_mp4-0037_jpg.rf.21374a725b571d88384a6bfbdc4835c4.jpg,0.485385546875,0.39142375,0.458717578125,0.6773091666666667,0.34765890625,0.6780133333333334,2,0.66397359375,0.5859684722222221,2,0.385147578125,0.35433722222222225,2,0.42769781250000005,0.3887106944444444,2,0.452526015625,0.2941313888888889,2,0.5140974218750001,0.3035947222222222,2,0.375,0.41406194444444444,2
ngaphai_mp4-0038_jpg.rf.4836f7db43321fbc21a5b274a2a69948,train,0,nga_phai,train\images\ngaphai_mp4-0038_jpg.rf.4836f7db43321fbc21a5b274a2a69948.jpg,0.506636796875,0.3926293055555556,0.44533195312500007,0.6360786111111112,0.34411257812499996,0.6631351388888889,2,0.64019546875,0.5873318055555555,2,0.37038375,0.36371180555555555,2,0.403755234375,0.3940331944444444,2,0.432866484375,0.30306916666666667,2,0.49605921875,0.3081227777777778,2,0.366123515625,0.4433054166666666,2
ngaphai_mp4-0040_jpg.rf.0fe19bc61b8f3f34927c7c1e1ded646d,train,0,nga_phai,train\images\ngaphai_mp4-0040_jpg.rf.0fe19bc61b8f3f34927c7c1e1ded646d.jpg,0.485896953125,0.39323347222222227,0.41034898437499995,0.6441551388888889,0.327781875,0.67197875,2,0.622444765625,0.5746977777777778,2,0.356893125,0.3662386111111111,2,0.390264609375,0.39908680555555553,2,0.41724578125,0.3106495833333333,2,0.48185859375,0.31191291666666665,2,0.344822578125,0.44077861111111105,2
ngaphai_mp4-0043_jpg.rf.0f1fa1b636b2e831944c2cec6a55a9e2,train,0,nga_phai,train\images\ngaphai_mp4-0043_jpg.rf.0f1fa1b636b2e831944c2cec6a55a9e2.jpg,0.465021640625,0.4452798611111111,0.4428466406250001,0.7583309722222222,0.306998203125,0.700913888888889,2,0.603613671875,0.5829976388888889,2,0.3330309375,0.3738365277777778,2,0.3740521875,0.40612319444444445,2,0.39535171875,0.3190897222222222,2,0.45609476562499995,0.32891597222222224,2,0.31330914062500004,0.4159495833333333,2
ngaphai_mp4-0045_jpg.rf.84fb57b7e8b7258088008f6ac5e22ce2,train,0,nga_phai,train\images\ngaphai_mp4-0045_jpg.rf.84fb57b7e8b7258088008f6ac5e22ce2.jpg,0.46037953125,0.46045125,0.5131697656249999,0.8124077777777778,0.294642890625,0.6966859722222222,2,0.6008928906250001,0.5315573611111111,2,0.31964281250000004,0.37913097222222225,2,0.35892859375,0.3965965277777778,2,0.39017859375,0.32673430555555555,2,0.458035703125,0.3235588888888889,2,0.304464296875,0.4124741666666667,2
ngaphai_mp4-0047_jpg.rf.7bea0886ed45715bff70bf48f1ae2d7e,train,0,nga_phai,train\images\ngaphai_mp4-0047_jpg.rf.7bea0886ed45715bff70bf48f1ae2d7e.jpg,0.446331328125,0.46591666666666665,0.4817549218750001,0.7584484722222222,0.274708671875,0.6975877777777778,2,0.586315859375,0.5500348611111111,2,0.301494375,0.38502930555555553,2,0.343458671875,0.41834777777777776,2,0.367565859375,0.335845,2,0.43006585937499997,0.3342584722222222,2,0.28810156249999996,0.4326270833333333,2
ngaphai_mp4-0049_jpg.rf.6166188a23a3373e1a33382097eb73e2,train,0,nga_phai,train\images\ngaphai_mp4-0049_jpg.rf.6166188a23a3373e1a33382097eb73e2.jpg,0.43058039062500003,0.4410022222222222,0.49955359374999997,0.7559879166666666,0.29375,0.6871593055555556,2,0.559821484375,0.5331451388888889,2,0.295535703125,0.38548208333333334,2,0.33660718749999996,0.4124741666666667,2,0.361607109375,0.3299098611111111,2,0.420535703125,0.3314977777777778,2,0.28125,0.42835194444444447,2
ngaphai_mp4-0050_jpg.rf.f7860703b17adaaa417bb8bd22a413c3,train,0,nga_phai,train\images\ngaphai_mp4-0050_jpg.rf.f7860703b17adaaa417bb8bd22a413c3.jpg,0.46622062499999994,0.4723436111111111,0.5211301562499999,0.7570693055555555,0.2428571875,0.6335005555555556,2,0.559821484375,0.4716681944444444,2,0.269642890625,0.31935555555555556,2,0.307142890625,0.36060694444444447,2,0.33392859375,0.26223819444444446,2,0.39642859375,0.26382486111111114,2,0.257142890625,0.3669533333333333,2
ngaphai_mp4-0051_jpg.rf.6e4a2cefb094e97e1b9da18959e1eda6,train,0,nga_phai,train\images\ngaphai_mp4-0051_jpg.rf.6e4a2cefb094e97e1b9da18959e1eda6.jpg,0.456652421875,0.48683625,0.49383812500000007,0.8583029166666667,0.26875,0.7208370833333333,2,0.5785714843750001,0.5463120833333334,2,0.294642890625,0.3844797222222222,2,0.33125,0.4273176388888889,2,0.357142890625,0.3321222222222222,2,0.41964289062500004,0.3400551388888889,2,0.28125,0.4431836111111111,2
ngaphai_mp4-0052_jpg.rf.099d0cfdd2a29100c191789bfdcc53a7,train,0,nga_phai,train\images\ngaphai_mp4-0052_jpg.rf.099d0cfdd2a29100c191789bfdcc53a7.jpg,0.45085765625,0.45389152777777775,0.4846930468749999,0.7544705555555555,0.29022390625,0.7219704166666667,2,0.567117578125,0.5815938888888889,2,0.29732375,0.3766440277777778,2,0.335978359375,0.42717958333333333,2,0.357277890625,0.3261084722222222,2,0.41802093749999997,0.3345311111111111,2,0.27839078125,0.4468323611111111,2
ngaphai_mp4-0054_jpg.rf.38d3dc91db97d10b0801a4488f75194f,train,0,nga_phai,train\images\ngaphai_mp4-0054_jpg.rf.38d3dc91db97d10b0801a4488f75194f.jpg,0.417210234375,0.4755412500000001,0.4976149218749999,0.7764190277777778,0.29130406249999996,0.7177591666666667,2,0.562675625,0.5886126388888889,2,0.299981640625,0.3808554166666666,2,0.33942515625,0.41454569444444445,2,0.36466906250000003,0.33172361111111115,2,0.42383437500000004,0.33733861111111113,2,0.269215703125,0.4117381944444445,2
ngaphai_mp4-0055_jpg.rf.774c1b1cdbd717165471d0cd36c34c91,train,0,nga_phai,train\images\ngaphai_mp4-0055_jpg.rf.774c1b1cdbd717165471d0cd36c34c91.jpg,0.45792414062500003,0.41245305555555556,0.47879460937499996,0.6511280555555555,0.294642890625,0.6982738888888889,2,0.58482140625,0.5537862499999999,2,0.30267859375,0.3759554166666667,2,0.3446428125,0.3934209722222222,2,0.36875,0.3203833333333333,2,0.4303571875,0.3299098611111111,2,0.2928571875,0.44264194444444444,2
ngaphai_mp4-0059_jpg.rf.1227030709644b7a58f48b3a1dea5299,train,0,nga_phai,train\images\ngaphai_mp4-0059_jpg.rf.1227030709644b7a58f48b3a1dea5299.jpg,0.45987859374999995,0.4123956944444444,0.48738546875,0.7147223611111113,0.29375,0.7141519444444444,2,0.575892890625,0.5521988888888889,2,0.30892859375000004,0.38230694444444446,2,0.344642890625,0.40453583333333337,2,0.37232140625,0.3267348611111111,2,0.426785703125,0.3299104166666667,2,0.284821484375,0.40771124999999997,2
ngaphai_mp4-0062_jpg.rf.e2484e370313c996e537942fab8e3108,train,0,nga_phai,train\images\ngaphai_mp4-0062_jpg.rf.e2484e370313c996e537942fab8e3108.jpg,0.472879453125,0.49636819444444447,0.5304444531250001,0.8233666666666666,0.275601484375,0.7081409722222222,2,0.5809585937499999,0.5447220833333334,2,0.29792296875,0.3860629166666667,2,0.33631578125,0.42731430555555555,2,0.363101484375,0.33529194444444443,2,0.42292296875,0.33846513888888885,2,0.283637265625,0.42890097222222223,2
ngaphai_mp4-0063_jpg.rf.c96c2f10da48ec4ebabad5239ab0639c,train,0,nga_phai,train\images\ngaphai_mp4-0063_jpg.rf.c96c2f10da48ec4ebabad5239ab0639c.jpg,0.471554765625,0.45530166666666666,0.48903328125000006,0.7147322222222223,0.270535859375,0.6903284722222222,2,0.574107265625,0.5299631944444445,2,0.28839296875,0.3632468055555555,2,0.33392859375,0.42575,2,0.351785859375,0.3172013888888889,2,0.412500078125,0.3092625,2,0.276785859375,0.4029411111111111,2
ngaphai_mp4-0064_jpg.rf.712f1ef18b1ead9fde77858a2738237d,train,0,nga_phai,train\images\ngaphai_mp4-0064_jpg.rf.712f1ef18b1ead9fde77858a2738237d.jpg,0.42600453125,0.44678347222222214,0.5819196875000001,0.7825661111111111,0.263392890625,0.7459070833333333,2,0.5785714843750001,0.5537862499999999,2,0.28303578125,0.3965965277777778,2,0.32142859375,0.4092986111111111,2,0.34553578125,0.3441998611111111,2,0.40982140625,0.3410243055555556,2,0.27410718749999996,0.4410541666666667,2
ngaphai_mp4-0065_jpg.rf.5d614b8eba7d31073accd3783b604e3c,train,0,nga_phai,train\images\ngaphai_mp4-0065_jpg.rf.5d614b8eba7d31073accd3783b604e3c.jpg,0.41462062499999996,0.42407861111111106,0.6493303906250001,0.745335972222222,0.28125007812499997,0.7141515277777779,2,0.5660715625,0.5553740277777778,2,0.28125007812499997,0.3838943055555556,2,0.3116071875,0.43686763888888885,2,0.350000078125,0.33467319444444443,2,0.40089296875,0.3299098611111111,2,0.27142867187499997,0.44264194444444444,2
ngaphai_mp4-0067_jpg.rf.462a2f1f1171265fcb8ac6252567ca5c,train,0,nga_phai,train\images\ngaphai_mp4-0067_jpg.rf.462a2f1f1171265fcb8ac6252567ca5c.jpg,0.42948531250000005,0.49612194444444446,0.5104737500000001,0.7612352777777779,0.27075046875000003,0.7160625,2,0.5365999218749999,0.5770895833333334,2,0.258917421875,0.388985,2,0.292838828125,0.41004152777777775,2,0.321238203125,0.32721930555555556,2,0.3843478125,0.32300805555555556,2,0.244717734375,0.43390555555555554,2
ngaphai_mp4-0068_jpg.rf.8ffe001ff81e1e9d25e52196443c75a8,train,0,nga_phai,train\images\ngaphai_mp4-0068_jpg.rf.8ffe001ff81e1e9d25e52196443c75a8.jpg,0.362137109375,0.4660552777777778,0.433304453125,0.7511333333333334,0.23581179687499998,0.7298431944444446,2,0.545633203125,0.5678902777777778,2,0.2438475,0.421815,2,0.28224031250000003,0.44404375,2,0.310811796875,0.35989166666666667,2,0.37063320312500003,0.34242625,2,0.23402609375,0.4630970833333333,2
ngaphai_mp4-0069_jpg.rf.f048dfbaa7401e63f7317878dd03aab9,train,0,nga_phai,train\images\ngaphai_mp4-0069_jpg.rf.f048dfbaa7401e63f7317878dd03aab9.jpg,0.361296640625,0.5390348611111111,0.43177656249999996,0.8332286111111112,0.247321484375,0.7319398611111112,2,0.541964296875,0.552655,2,0.238392890625,0.43207416666666665,2,0.273214296875,0.4542863888888889,2,0.29642859375,0.36385069444444446,2,0.36607140625,0.3495713888888889,2,0.22767859375000002,0.46539250000000004,2
ngaphai_mp4-0070_jpg.rf.6b2a63b346cdeb99692ad3b6fa4447b8,train,0,nga_phai,train\images\ngaphai_mp4-0070_jpg.rf.6b2a63b346cdeb99692ad3b6fa4447b8.jpg,0.4008928125,0.5088594444444445,0.5517857812499999,0.8174230555555555,0.236607109375,0.7351130555555555,2,0.54017859375,0.5478952777777778,2,0.23125,0.42890097222222223,2,0.266964296875,0.4638059722222222,2,0.288392890625,0.3670238888888889,2,0.35892859375,0.35750430555555557,2,0.223214296875,0.4733254166666667,2
ngaphai_mp4-0071_jpg.rf.dee0915ed5e519ec311c04b9d7ccc17c,train,0,nga_phai,train\images\ngaphai_mp4-0071_jpg.rf.dee0915ed5e519ec311c04b9d7ccc17c.jpg,0.33885515625,0.46337138888888885,0.41871835937499996,0.6506515277777777,0.245535703125,0.7443191666666666,2,0.528571484375,0.5553740277777778,2,0.223214296875,0.42835194444444447,2,0.266071484375,0.45534416666666666,2,0.287500078125,0.36801652777777777,2,0.3531521875,0.3581075,2,0.23035718749999998,0.49503847222222225,2
ngaphai_mp4-0074_jpg.rf.cb838650a503553450ff217ee9178727,train,0,nga_phai,train\images\ngaphai_mp4-0074_jpg.rf.cb838650a503553450ff217ee9178727.jpg,0.36269203125000005,0.4663263888888889,0.52460875,0.6440275000000001,0.24791617187499998,0.7472381944444444,2,0.5042992187500001,0.5844013888888889,2,0.199006171875,0.4468323611111111,2,0.23844976562500003,0.46648513888888893,2,0.26211585937500004,0.3738365277777778,2,0.330747578125,0.36962527777777776,2,0.189539765625,0.5001754166666667,2
ngaphai_mp4-0075_jpg.rf.7b86b35e4f58945ced5cdfc14a3bdd6e,train,0,nga_phai,train\images\ngaphai_mp4-0075_jpg.rf.7b86b35e4f58945ced5cdfc14a3bdd6e.jpg,0.387738828125,0.4995263888888889,0.6000313281249999,0.7625709722222221,0.24260203125,0.73759625,2,0.494251796875,0.6042386111111111,2,0.196847578125,0.44420916666666665,2,0.22998015624999998,0.4652656944444445,2,0.257590625,0.3726172222222222,2,0.328588984375,0.37121347222222223,2,0.182647890625,0.5003598611111111,2
ngaphai_mp4-0076_jpg.rf.bc63fb75171b478363d4c0ba0d2f4d2a,train,0,nga_phai,train\images\ngaphai_mp4-0076_jpg.rf.bc63fb75171b478363d4c0ba0d2f4d2a.jpg,0.31085109375000003,0.48111583333333324,0.44987164062500007,0.7006969444444444,0.2297721875,0.7402193055555556,2,0.488521796875,0.5928240277777778,2,0.18796203125,0.4426209722222222,2,0.22503890625,0.4735038888888889,2,0.251071640625,0.37804777777777776,2,0.32206999999999997,0.3682215277777778,2,0.16745140625,0.49315666666666663,2
ngaphai_mp4-0078_jpg.rf.8a87bf74e219751c5df944f381d07223,train,0,nga_phai,train\images\ngaphai_mp4-0078_jpg.rf.8a87bf74e219751c5df944f381d07223.jpg,0.278125,0.4417329166666667,0.55625,0.6782801388888889,0.207142890625,0.690335,2,0.485714296875,0.5236184722222222,2,0.179464296875,0.4569319444444444,2,0.22611609375000002,0.4932476388888889,2,0.2491071875,0.38230652777777774,2,0.31517859375,0.36166541666666663,2,0.169642890625,0.4998018055555556,2
ngaphai_mp4-0079_jpg.rf.a3dc347846d62a91596e83f8848468ac,train,0,nga_phai,train\images\ngaphai_mp4-0079_jpg.rf.a3dc347846d62a91596e83f8848468ac.jpg,0.34140640625,0.4286905555555555,0.5439734374999999,0.5964244444444445,0.20625,0.7014493055555555,2,0.5008928906250001,0.5299695833333333,2,0.1741071875,0.4601075,2,0.22767859375000002,0.4870997222222222,2,0.25267859375,0.38548208333333334,2,0.31607140624999996,0.3632531944444445,2,0.1741071875,0.5236184722222222,2
ngaphai_mp4-0080_jpg.rf.cb29f5af82a46b96bc7cb0501908f234,train,0,nga_phai,train\images\ngaphai_mp4-0080_jpg.rf.cb29f5af82a46b96bc7cb0501908f234.jpg,0.348102734375,0.5198040277777778,0.5537946874999999,0.7606358333333333,0.20892859375,0.7065576388888889,2,0.491964296875,0.5415522222222222,2,0.18035718750000002,0.4653958333333333,2,0.22232148437500002,0.5066472222222222,2,0.24553578125,0.3939991666666666,2,0.316071484375,0.37496013888888885,2,0.166071484375,0.5129936111111111,2
ngaphai_mp4-0081_jpg.rf.63bfc1e2fd5f3b767e0c8bbab5efee0d,train,0,nga_phai,train\images\ngaphai_mp4-0081_jpg.rf.63bfc1e2fd5f3b767e0c8bbab5efee0d.jpg,0.353013515625,0.5316818055555556,0.5832590625,0.838447638888889,0.2116071875,0.7160770833333334,2,0.49107140625,0.5494851388888888,2,0.17767859375,0.4574627777777778,2,0.22053578125,0.5003006944444445,2,0.2428571875,0.3987588888888889,2,0.31517859375,0.3797198611111111,2,0.164285703125,0.5003006944444445,2
ngaphai_mp4-0083_jpg.rf.4f21ddb745ccaf77c201ba12fa0175d9,train,0,nga_phai,train\images\ngaphai_mp4-0083_jpg.rf.4f21ddb745ccaf77c201ba12fa0175d9.jpg,0.38671875,0.5173808333333334,0.6604910937499999,0.8352854166666666,0.20625,0.7255934722222221,2,0.49375,0.541548888888889,2,0.1741071875,0.4606327777777778,2,0.216964296875,0.4923645833333333,2,0.24107140624999998,0.39240930555555553,2,0.31428570312500004,0.3828897222222223,2,0.15892851562500002,0.49395111111111106,2
ngaphai_mp4-0084_jpg.rf.4f804921d602b45260ac47c3fe672f7b,train,0,nga_phai,train\images\ngaphai_mp4-0084_jpg.rf.4f804921d602b45260ac47c3fe672f7b.jpg,0.34805671875,0.49851402777777776,0.5676413281249999,0.7513769444444445,0.22819445312500003,0.7430269444444445,2,0.47826640625000005,0.5928240277777778,2,0.1729734375,0.4580625,2,0.21478359375,0.48754152777777776,2,0.23844976562500003,0.39348930555555556,2,0.30865921875,0.37804777777777776,2,0.15325171875000002,0.5015791666666667,2
ngaphai_mp4-0088_jpg.rf.02c22b29fd37f2b95d1b053d330eeca5,train,0,nga_phai,train\images\ngaphai_mp4-0088_jpg.rf.02c22b29fd37f2b95d1b053d330eeca5.jpg,0.347991015625,0.5286762500000001,0.63794640625,0.8634655555555556,0.200892890625,0.7255934722222221,2,0.47857140625000005,0.5383756944444444,2,0.1678571875,0.46856569444444446,2,0.2116071875,0.4923645833333333,2,0.23571429687499998,0.39558249999999995,2,0.304464296875,0.37813,2,0.1553571875,0.5002975000000001,2
ngaphai_mp4-0089_jpg.rf.16dd529a7c5b382e7c385b8ae11b445f,train,0,nga_phai,train\images\ngaphai_mp4-0089_jpg.rf.16dd529a7c5b382e7c385b8ae11b445f.jpg,0.291008203125,0.5062752777777777,0.467433046875,0.7823316666666668,0.2258278125,0.7542570833333334,2,0.4790553125,0.5872088888888889,2,0.172184609375,0.45946624999999996,2,0.20926148437499997,0.4861377777777778,2,0.234505390625,0.39208541666666663,2,0.30471484375,0.3822591666666667,2,0.15325171875000002,0.5128093055555555,2
ngaphai_mp4-0090_jpg.rf.f623b6bf9ee6c84c4aa2375f4c8e19d8,train,0,nga_phai,train\images\ngaphai_mp4-0090_jpg.rf.f623b6bf9ee6c84c4aa2375f4c8e19d8.jpg,0.35569812500000003,0.5032854166666667,0.5776165625,0.7329618055555553,0.227613515625,0.7672599999999999,2,0.480841015625,0.5847704166666666,2,0.179492421875,0.4598352777777777,2,0.219724765625,0.4893143055555556,2,0.244179765625,0.39245444444444444,2,0.310444921875,0.38122430555555553,2,0.158192890625,0.5061594444444444,2
ngaphai_mp4-0092_jpg.rf.1a24ca74a627039e7b7ff612150d64c5,train,0,nga_phai,train\images\ngaphai_mp4-0092_jpg.rf.1a24ca74a627039e7b7ff612150d64c5.jpg,0.3272321875,0.5267220833333334,0.654464296875,0.8069456944444444,0.21071429687499998,0.7141515277777779,2,0.47767859375,0.5458473611111111,2,0.176785703125,0.45851972222222226,2,0.21875,0.4839241666666667,2,0.23928570312500003,0.3918331944444444,2,0.30267859375,0.37119208333333337,2,0.173214296875,0.5236184722222222,2
ngaphai_mp4-0093_jpg.rf.3b82a3c8f3a2c07938506e74ded291de,train,0,nga_phai,train\images\ngaphai_mp4-0093_jpg.rf.3b82a3c8f3a2c07938506e74ded291de.jpg,0.346428515625,0.46734597222222224,0.6142857812500001,0.7159713888888891,0.21339281250000003,0.7300301388888889,2,0.4883928125,0.5299705555555556,2,0.171428515625,0.4648718055555555,2,0.22053562499999999,0.483925,2,0.24017851562499998,0.39659750000000005,2,0.305357109375,0.3743686111111111,2,0.16607140625,0.5156805555555556,2
ngaphai_mp4-0094_jpg.rf.ec150ae409a7f28cd5589c775a8b98b2,train,0,nga_phai,train\images\ngaphai_mp4-0094_jpg.rf.ec150ae409a7f28cd5589c775a8b98b2.jpg,0.34933039062499993,0.4612069444444445,0.615625078125,0.6837865277777778,0.220535703125,0.7617869444444444,2,0.48214281249999996,0.5506129166666667,2,0.174107109375,0.47281194444444447,2,0.219642890625,0.4950408333333333,2,0.242857109375,0.4029498611111111,2,0.30714281250000003,0.38230875,2,0.16875,0.5299718055555556,2
ngaphai_mp4-0095_jpg.rf.bf7144a84226bf6e3d8509bfce7cd493,train,0,nga_phai,train\images\ngaphai_mp4-0095_jpg.rf.bf7144a84226bf6e3d8509bfce7cd493.jpg,0.335685234375,0.4825436111111111,0.5671046093750001,0.6700536111111112,0.22603578125,0.7514495833333332,2,0.461908125,0.5886126388888889,2,0.17081484375,0.46648513888888893,2,0.209469453125,0.49596416666666665,2,0.234713359375,0.40331555555555554,2,0.30571171874999997,0.38647041666666665,2,0.151881953125,0.5142130555555556,2
ngaphai_mp4-0096_jpg.rf.ce683443ee9fdf10e2163ad19dbfb5d7,train,0,nga_phai,train\images\ngaphai_mp4-0096_jpg.rf.ce683443ee9fdf10e2163ad19dbfb5d7.jpg,0.334933046875,0.49557944444444446,0.5729911718750001,0.7583437500000001,0.203571484375,0.7351147222222222,2,0.48392859374999997,0.5399640277777777,2,0.17053578125,0.4733272222222222,2,0.2116071875,0.5018858333333334,2,0.232142890625,0.40510375,2,0.30267859375,0.3844780555555556,2,0.150892890625,0.50981875,2
ngaphai_mp4-0097_jpg.rf.d1e50c318718913e6871ff9f0e8474aa,train,0,nga_phai,train\images\ngaphai_mp4-0097_jpg.rf.d1e50c318718913e6871ff9f0e8474aa.jpg,0.30572554687500003,0.4817698611111112,0.47603445312500003,0.6685059722222223,0.224250078125,0.7500456944444445,2,0.47353328125000005,0.5745750000000001,2,0.16587359375,0.4735038888888889,2,0.20768375,0.49175291666666665,2,0.231349921875,0.40752694444444443,2,0.30077054687500004,0.38647041666666665,2,0.144574140625,0.5240394444444445,2
ngaphai_mp4-0101_jpg.rf.6ae561e70d279a371e4443f39290857d,train,0,nga_phai,train\images\ngaphai_mp4-0101_jpg.rf.6ae561e70d279a371e4443f39290857d.jpg,0.25959820312500004,0.46995527777777774,0.371875,0.2565772222222222,0.2116071875,0.7157391666666666,2,0.484821484375,0.5410840277777778,2,0.1678571875,0.46487083333333334,2,0.214285703125,0.4791608333333333,2,0.2375,0.40135986111111116,2,0.301785703125,0.3902454166666667,2,0.16517859375,0.52520625,2
ngaphai_mp4-0102_jpg.rf.165471584634fbdd3748d7bdd6498fa5,train,0,nga_phai,train\images\ngaphai_mp4-0102_jpg.rf.165471584634fbdd3748d7bdd6498fa5.jpg,0.29787953125,0.4666120833333333,0.45959812499999997,0.7269920833333335,0.20625,0.7220904166666666,2,0.46785710937499997,0.52520625,2,0.173214296875,0.45851972222222226,2,0.220535703125,0.48233638888888886,2,0.24017859375,0.3918331944444444,2,0.30535718749999996,0.37913097222222225,2,0.175,0.5299695833333333,2
ngaphai_mp4-0104_jpg.rf.d4d523d7e6f3d72825dd2efed39f2fec,train,0,nga_phai,train\images\ngaphai_mp4-0104_jpg.rf.d4d523d7e6f3d72825dd2efed39f2fec.jpg,0.333147421875,0.4514911111111111,0.6301340625,0.7318152777777779,0.20267859375000002,0.7300293055555555,2,0.483035703125,0.5315573611111111,2,0.19017859374999999,0.45851972222222226,2,0.23125,0.4601075,2,0.25178578125,0.38230652777777774,2,0.317857109375,0.3569020833333333,2,0.1883928125,0.5045651388888889,2
ngaphai_mp4-0106_jpg.rf.c5891d9d062d9fc685685ad99d3ac340,train,0,nga_phai,train\images\ngaphai_mp4-0106_jpg.rf.c5891d9d062d9fc685685ad99d3ac340.jpg,0.34272476562500004,0.4782790277777778,0.536143984375,0.7849811111111111,0.23292765625,0.7528531944444444,2,0.49483273437499997,0.5801901388888889,2,0.203739453125,0.4384097222222222,2,0.2463384375,0.46929263888888884,2,0.27158234375,0.37804777777777776,2,0.33311421874999997,0.3682215277777778,2,0.17928445312500002,0.49456041666666667,2
ngaphai_mp4-0107_jpg.rf.7105b5704660b5c85d11df8a5c555bb9,train,0,nga_phai,train\images\ngaphai_mp4-0107_jpg.rf.7105b5704660b5c85d11df8a5c555bb9.jpg,0.37321429687499996,0.5324969444444445,0.585714375,0.76062875,0.224107109375,0.6779956944444444,2,0.52142859375,0.541548888888889,2,0.22232140625,0.42572777777777776,2,0.26517859375,0.46539250000000004,2,0.291964296875,0.36543722222222225,2,0.354464296875,0.3606775,2,0.20446429687499998,0.4526997222222222,2
ngaphai_mp4-0108_jpg.rf.9d26fe1030ada3001f20c832aa3a007e,train,0,nga_phai,train\images\ngaphai_mp4-0108_jpg.rf.9d26fe1030ada3001f20c832aa3a007e.jpg,0.36316968749999995,0.477165,0.525446484375,0.6261554166666667,0.22767859375000002,0.6902876388888889,2,0.525892890625,0.5427344444444444,2,0.23303570312500002,0.4078743055555556,2,0.276785703125,0.4538854166666667,2,0.30267859375,0.35710333333333333,2,0.361607109375,0.3555168055555556,2,0.2125,0.44912555555555556,2
ngaphai_mp4-0109_jpg.rf.7301a9d78f6eec065a7ce1e9c1126989,train,0,nga_phai,train\images\ngaphai_mp4-0109_jpg.rf.7301a9d78f6eec065a7ce1e9c1126989.jpg,0.30267859375,0.6430429166666667,0.335714296875,0.4057877777777777,0.22946429687499997,0.6935104166666667,2,0.5160714843750001,0.53949625,2,0.24375,0.39500874999999996,2,0.28392859375,0.42676416666666667,2,0.31517859375,0.34737555555555555,2,0.372321484375,0.35055097222222226,2,0.2178571875,0.42358861111111107,2
ngaphai_mp4-0111_jpg.rf.494056d3499e757017417218cd09c045,train,0,nga_phai,train\images\ngaphai_mp4-0111_jpg.rf.494056d3499e757017417218cd09c045.jpg,0.399820546875,0.4294577777777778,0.5853058593750001,0.7907129166666667,0.275526640625,0.682665,2,0.558731328125,0.5844013888888889,2,0.293670703125,0.36401013888888895,2,0.337847421875,0.3962968055555556,2,0.37098,0.3331273611111111,2,0.418312265625,0.35137625,2,0.273160078125,0.4313909722222222,2
ngaphai_mp4-0112_jpg.rf.06ee4eb59306a7d7331f9c518f313fec,train,0,nga_phai,train\images\ngaphai_mp4-0112_jpg.rf.06ee4eb59306a7d7331f9c518f313fec.jpg,0.369196484375,0.41560652777777773,0.32767859374999997,0.5843876388888889,0.275892890625,0.6506405555555556,2,0.5785714843750001,0.5490227777777777,2,0.31428578125,0.35531430555555554,2,0.35892859375,0.39500874999999996,2,0.395535703125,0.3235588888888889,2,0.43660718750000005,0.33784875000000003,2,0.28482140624999996,0.39500874999999996,2
ngaphai_mp4-0113_jpg.rf.e03415a0f7e540d193589330265172ac,train,0,nga_phai,train\images\ngaphai_mp4-0113_jpg.rf.e03415a0f7e540d193589330265172ac.jpg,0.43203125,0.5611111111111111,0.41875,0.8777777777777778,0.2803571875,0.6601670833333333,2,0.57232140625,0.5347329166666667,2,0.338392890625,0.32832222222222224,2,0.37678578125,0.4108865277777778,2,0.41339289062500006,0.3235588888888889,2,0.45,0.33467319444444443,2,0.300892890625,0.38548208333333334,2
ngaphai_mp4-0115_jpg.rf.4da3851729841e7b20b8e04c0de184a3,train,0,nga_phai,train\images\ngaphai_mp4-0115_jpg.rf.4da3851729841e7b20b8e04c0de184a3.jpg,0.473214296875,0.3984983333333333,0.5392857812499999,0.7329630555555555,0.308928515625,0.6585794444444445,2,0.61517859375,0.5601372222222223,2,0.3946428125,0.3140322222222222,2,0.43392859375,0.39875000000000005,2,0.47678562500000005,0.3029177777777778,2,0.5035713281249999,0.33784875000000003,2,0.35357140625,0.3600776388888889,2
ngaphai_mp4-0117_jpg.rf.9573e181f5016eea609fc5874f23787d,train,0,nga_phai,train\images\ngaphai_mp4-0117_jpg.rf.9573e181f5016eea609fc5874f23787d.jpg,0.505575,0.34946986111111106,0.432455859375,0.63924875,0.332752109375,0.63281375,2,0.650846015625,0.589858611111111,2,0.426476171875,0.3081227777777778,2,0.46694796875,0.37129222222222225,2,0.50386953125,0.30180583333333333,2,0.5351109375,0.3460244444444444,2,0.3923946875,0.3662386111111111,2
ngaphai_mp4-0119_jpg.rf.fa8a7625c65c899beec888e6fa6dfceb,train,4,thang,train\images\ngaphai_mp4-0119_jpg.rf.fa8a7625c65c899beec888e6fa6dfceb.jpg,0.5255111718750001,0.4335761111111111,0.413263515625,0.7463627777777778,0.362706953125,0.6208619444444444,2,0.682115,0.6023663888888889,2,0.42142859374999997,0.35064,2,0.46517859375,0.2998691666666667,2,0.5044642968749999,0.36967916666666667,2,0.54107140625,0.2966959722222222,2,0.575,0.33794722222222223,2
ngaphai_mp4-0121_jpg.rf.f7818e6fe5a4eafc41cde751280804f3,train,4,thang,train\images\ngaphai_mp4-0121_jpg.rf.f7818e6fe5a4eafc41cde751280804f3.jpg,0.527611328125,0.3451020833333333,0.388913828125,0.6236045833333332,0.359821484375,0.6145320833333333,2,0.692405,0.6070273611111111,2,0.4375,0.3495713888888889,2,0.4803571875,0.30673333333333336,2,0.517857109375,0.37019708333333334,2,0.55357140625,0.2988004166666667,2,0.588392890625,0.34005180555555553,2
ngaphai_mp4-0123_jpg.rf.5f6c25c69d8d636f9e91d758a477dbf5,train,4,thang,train\images\ngaphai_mp4-0123_jpg.rf.5f6c25c69d8d636f9e91d758a477dbf5.jpg,0.536229453125,0.4116911111111111,0.40195851562500007,0.7394002777777776,0.37577953124999997,0.6213108333333334,2,0.6950932812499999,0.6094588888888889,2,0.449708671875,0.34112041666666665,2,0.49167296875,0.2998691666666667,2,0.527387265625,0.3649193055555555,2,0.564887265625,0.3030422222222222,2,0.5979229687500001,0.34112041666666665,2
ngaphai_mp4-0124_jpg.rf.4cdfad01a037f903674e60b4f0a95a48,train,4,thang,train\images\ngaphai_mp4-0124_jpg.rf.4cdfad01a037f903674e60b4f0a95a48.jpg,0.534326875,0.4099515277777777,0.40222312500000007,0.7634961111111112,0.382813046875,0.6194955555555556,2,0.696954921875,0.6080976388888889,2,0.45538921875,0.3387423611111111,2,0.4941878125,0.2993952777777778,2,0.5310475,0.36522944444444444,2,0.568556328125,0.2979501388888889,2,0.6013303125,0.34014611111111115,2
ngaphai_mp4-0126_jpg.rf.e309adab5a6e2f5a0cd2519dad9d4de6,train,4,thang,train\images\ngaphai_mp4-0126_jpg.rf.e309adab5a6e2f5a0cd2519dad9d4de6.jpg,0.53834625,0.45012569444444445,0.39651265625,0.8188201388888889,0.37140132812500004,0.6113540277777777,2,0.7069840625,0.6086252777777778,2,0.452651328125,0.3448065277777778,2,0.49461562499999995,0.29403569444444444,2,0.52854421875,0.3670188888888889,2,0.569615703125,0.3003820833333333,2,0.60354421875,0.34322,2
ngaphai_mp4-0127_jpg.rf.c3f0a66a84c751e7c22e7b45d7a11c2b,train,4,thang,train\images\ngaphai_mp4-0127_jpg.rf.c3f0a66a84c751e7c22e7b45d7a11c2b.jpg,0.537279921875,0.4397369444444444,0.403403046875,0.8027056944444445,0.378356953125,0.6230123611111111,2,0.697318359375,0.61001125,2,0.45381148437499996,0.3499725,2,0.491677265625,0.29662944444444445,2,0.52875421875,0.36541402777777776,2,0.565042265625,0.29522569444444446,2,0.60211921875,0.34295375,2
ngaphai_mp4-0128_jpg.rf.bf5ea845f28ae7d41ba0287a1dacc003,train,4,thang,train\images\ngaphai_mp4-0128_jpg.rf.bf5ea845f28ae7d41ba0287a1dacc003.jpg,0.535597265625,0.41656263888888895,0.39243124999999995,0.7628236111111111,0.363392890625,0.6171873611111112,2,0.6987665625,0.6017695833333333,2,0.4491071875,0.34270708333333333,2,0.489285703125,0.2998691666666667,2,0.525892890625,0.36967916666666667,2,0.5625,0.2966959722222222,2,0.5991071875,0.33636069444444444,2
ngaphai_mp4-0130_jpg.rf.d64f536bfc6de0e3278cee12588986ee,train,4,thang,train\images\ngaphai_mp4-0130_jpg.rf.d64f536bfc6de0e3278cee12588986ee.jpg,0.5362632031250001,0.34285875000000005,0.400666484375,0.6251352777777778,0.36517859375,0.6192919444444445,2,0.69300703125,0.6073034722222223,2,0.445535703125,0.3368786111111111,2,0.4875,0.2940406944444445,2,0.525892890625,0.36861041666666666,2,0.5633928125,0.2956272222222222,2,0.5982142968749999,0.3416383333333333,2
ngaphai_mp4-0131_jpg.rf.6b00cf70f446ec7356c8135f72a18016,train,4,thang,train\images\ngaphai_mp4-0131_jpg.rf.6b00cf70f446ec7356c8135f72a18016.jpg,0.531510625,0.41588416666666667,0.38739703125,0.7734615277777778,0.3730025,0.6198755555555556,2,0.689403203125,0.6071752777777778,2,0.450223046875,0.3538805555555556,2,0.48629484375,0.29729916666666667,2,0.5219143749999999,0.37059555555555557,2,0.562483359375,0.30037680555555557,2,0.5901785937499999,0.33045694444444446,2
ngaphai_mp4-0133_jpg.rf.bd3df599832647da4bd549f3da090422,train,4,thang,train\images\ngaphai_mp4-0133_jpg.rf.bd3df599832647da4bd549f3da090422.jpg,0.537956640625,0.4273552777777778,0.40265820312499995,0.7723675,0.35892859375,0.6240516666666667,2,0.6981728125,0.6075648611111112,2,0.445535703125,0.3463981944444444,2,0.4875,0.3003870833333333,2,0.52142859375,0.36543722222222225,2,0.559821484375,0.2972138888888889,2,0.59375,0.34005180555555553,2
ngaphai_mp4-0134_jpg.rf.79840f657711d5d7f8281127273bec63,train,4,thang,train\images\ngaphai_mp4-0134_jpg.rf.79840f657711d5d7f8281127273bec63.jpg,0.520854140625,0.4065141666666667,0.38455671875,0.76110625,0.37857140624999996,0.6062908333333333,2,0.684312265625,0.6025488888888889,2,0.44642859375,0.34264374999999997,2,0.4798778125,0.30174305555555553,2,0.51786390625,0.36822819444444443,2,0.55737859375,0.2968947222222222,2,0.5946428125,0.3378790277777778,2
ngaphai_mp4-0135_jpg.rf.f7b56012a6d3232bae25206305c500b8,train,4,thang,train\images\ngaphai_mp4-0135_jpg.rf.f7b56012a6d3232bae25206305c500b8.jpg,0.530497890625,0.3244222222222222,0.38214515625,0.6256983333333334,0.37263171875,0.6184790277777777,2,0.6885320312500001,0.6058879166666666,2,0.43870320312500005,0.33894958333333336,2,0.47809671875,0.3014076388888889,2,0.517164765625,0.36988541666666663,2,0.551203125,0.30083194444444444,2,0.586024609375,0.33577305555555553,2
ngaphai_mp4-0136_jpg.rf.84f3b0270b41a00332171ff6ef81bf66,train,4,thang,train\images\ngaphai_mp4-0136_jpg.rf.84f3b0270b41a00332171ff6ef81bf66.jpg,0.521623203125,0.36395208333333334,0.3997931250000001,0.6651980555555556,0.357142890625,0.6192919444444445,2,0.682248203125,0.6059176388888888,2,0.43839281249999995,0.343225,2,0.47589289062500006,0.3003870833333333,2,0.5116071875,0.36861041666666666,2,0.551785703125,0.2988004166666667,2,0.585714296875,0.33846513888888885,2
ngaphai_mp4-0137_jpg.rf.19566104d70656aebac7007409b6302f,train,4,thang,train\images\ngaphai_mp4-0137_jpg.rf.19566104d70656aebac7007409b6302f.jpg,0.5231971093750001,0.41220027777777785,0.38928289062500004,0.7518616666666668,0.36831664062499997,0.6248027777777778,2,0.6797152343749999,0.6152640277777778,2,0.43803398437499996,0.34945458333333335,2,0.47432210937499997,0.30593791666666664,2,0.50982125,0.3719148611111111,2,0.5516314062500001,0.2989190277777778,2,0.585552890625,0.34664708333333333,2
ngaphai_mp4-0138_jpg.rf.f0d9726171e14527b0f420e57727d190,train,4,thang,train\images\ngaphai_mp4-0138_jpg.rf.f0d9726171e14527b0f420e57727d190.jpg,0.52000515625,0.45020319444444445,0.388903125,0.8242425,0.3553571875,0.6192919444444445,2,0.6860684375,0.6044773611111112,2,0.433035703125,0.3479847222222222,2,0.475000078125,0.3035601388888889,2,0.50892859375,0.3765434722222223,2,0.548214296875,0.3035601388888889,2,0.585714296875,0.34005180555555553,2
ngaphai_mp4-0139_jpg.rf.dec4e782067e48e065a167f0ad0bc070,train,4,thang,train\images\ngaphai_mp4-0139_jpg.rf.dec4e782067e48e065a167f0ad0bc070.jpg,0.52151578125,0.33407749999999997,0.38080687500000004,0.6119222222222223,0.373052421875,0.6145783333333333,2,0.675251328125,0.5917623611111111,2,0.4346396875,0.3487955555555556,2,0.47039796875000006,0.3060191666666667,2,0.507043984375,0.3663391666666667,2,0.550892890625,0.30980874999999997,2,0.5824612499999999,0.3411951388888889,2
ngaphai_mp4-0140_jpg.rf.5696dabedbeaaa7064a4d4031b94accf,train,0,nga_phai,train\images\ngaphai_mp4-0140_jpg.rf.5696dabedbeaaa7064a4d4031b94accf.jpg,0.517163984375,0.3484055555555556,0.390468046875,0.6422511111111111,0.36192734375,0.6399493055555556,2,0.6825145312500001,0.6005908333333334,2,0.45871523437499995,0.3121054166666667,2,0.49518101562499994,0.37414180555555554,2,0.53477890625,0.30311902777777777,2,0.57055109375,0.3362383333333333,2,0.422185703125,0.35058097222222223,2
ngaphai_mp4-0141_jpg.rf.7a5151342d32c23c6a6b4d04f3a638b4,train,0,nga_phai,train\images\ngaphai_mp4-0141_jpg.rf.7a5151342d32c23c6a6b4d04f3a638b4.jpg,0.511461484375,0.35732388888888883,0.39661140624999996,0.6303631944444444,0.357194375,0.6461293055555556,2,0.678999453125,0.6055673611111112,2,0.44667195312499997,0.3110894444444444,2,0.4896434375,0.369545,2,0.52147328125,0.3062461111111111,2,0.56493859375,0.3452641666666667,2,0.41811578125000004,0.34783375,2
ngaphai_mp4-0142_jpg.rf.f96ed0da3b704c98d1a9238badd4d633,train,4,thang,train\images\ngaphai_mp4-0142_jpg.rf.f96ed0da3b704c98d1a9238badd4d633.jpg,0.49760546874999995,0.3656115277777778,0.37469046874999995,0.642194861111111,0.34909054687499996,0.6400529166666666,2,0.66214265625,0.6167090277777778,2,0.414367890625,0.36681777777777774,2,0.445922734375,0.3078595833333333,2,0.47747757812499997,0.3808554166666666,2,0.513765625,0.30084069444444445,2,0.554786953125,0.3387423611111111,2
ngaphai_mp4-0145_jpg.rf.641ac2cf45db6571141896fdb92a2792,train,0,nga_phai,train\images\ngaphai_mp4-0145_jpg.rf.641ac2cf45db6571141896fdb92a2792.jpg,0.5026157812500001,0.37465305555555556,0.40724296875,0.6502886111111111,0.33772226562499996,0.6542913888888889,2,0.63806546875,0.5860683333333333,2,0.415115703125,0.32202,2,0.4491971875,0.38013597222222223,2,0.486828828125,0.3068593055555556,2,0.5351109375,0.3371806944444445,2,0.386004375,0.37760916666666666,2
ngaphai_mp4-0146_jpg.rf.5e64b0d73ee01b6bb4f22e50e5cc4c12,train,0,nga_phai,train\images\ngaphai_mp4-0146_jpg.rf.5e64b0d73ee01b6bb4f22e50e5cc4c12.jpg,0.4928571875,0.4318444444444444,0.5321428124999998,0.8123334722222223,0.330357109375,0.6522281944444445,2,0.6419643749999999,0.5585495833333334,2,0.40625,0.3251466666666667,2,0.4491071875,0.37754319444444445,2,0.47767859375,0.30768111111111107,2,0.5276785937499999,0.33784875000000003,2,0.379464296875,0.3441998611111111,2
ngaphai_mp4-0147_jpg.rf.8a4a4cbd4e569b21e35ae754494d49c0,train,0,nga_phai,train\images\ngaphai_mp4-0147_jpg.rf.8a4a4cbd4e569b21e35ae754494d49c0.jpg,0.465268984375,0.448925,0.556976484375,0.8394061111111111,0.34278859375000004,0.6998791666666667,2,0.63624859375,0.6198644444444444,2,0.40668718750000005,0.3377076388888889,2,0.4398196875,0.38683944444444446,2,0.473741171875,0.30963236111111114,2,0.5210734375,0.3377076388888889,2,0.372765703125,0.38824319444444444,2
ngaphai_mp4-0151_jpg.rf.8d8f1dc8e50fd694686f43e51bb78ecf,train,0,nga_phai,train\images\ngaphai_mp4-0151_jpg.rf.8d8f1dc8e50fd694686f43e51bb78ecf.jpg,0.4231028125,0.39176388888888897,0.5752232812500001,0.7147530555555556,0.31607164062500004,0.6490527777777777,2,0.63035734375,0.5633129166666667,2,0.3848215625,0.33784875000000003,2,0.419643046875,0.3934209722222222,2,0.45625015625,0.31085666666666667,2,0.508035703125,0.32727930555555557,2,0.35535726562500003,0.37436763888888885,2
ngaphai_mp4-0153_jpg.rf.0369f83680901df70da7a38364b39fbf,train,0,nga_phai,train\images\ngaphai_mp4-0153_jpg.rf.0369f83680901df70da7a38364b39fbf.jpg,0.45505851562500005,0.45463027777777776,0.516317421875,0.8647180555555555,0.332056328125,0.7016518055555555,2,0.613683203125,0.6258484722222223,2,0.37386648437500003,0.3507104166666667,2,0.41015453125,0.3998422222222222,2,0.44486484375,0.31702,2,0.49456375,0.34509527777777776,2,0.34625601562499997,0.42089861111111115,2
ngaphai_mp4-0155_jpg.rf.617ffcc23f5b8c8a7c7575783d3efaa6,train,0,nga_phai,train\images\ngaphai_mp4-0155_jpg.rf.617ffcc23f5b8c8a7c7575783d3efaa6.jpg,0.46655390625,0.38216194444444446,0.39944328124999995,0.6577765277777778,0.3213915625,0.6732422222222222,2,0.59901375,0.5772245833333334,2,0.363283359375,0.3472877777777778,2,0.39594484375,0.3952966666666667,2,0.43144640624999997,0.3169665277777778,2,0.48469875,0.3296004166666667,2,0.336302265625,0.41677416666666667,2
ngaphai_mp4-0156_jpg.rf.9afbd59a632819bef7b37b0938905f94,train,0,nga_phai,train\images\ngaphai_mp4-0156_jpg.rf.9afbd59a632819bef7b37b0938905f94.jpg,0.429352734375,0.4616295833333333,0.5520090625,0.8575300000000001,0.300892890625,0.6919226388888889,2,0.616964296875,0.5569616666666667,2,0.354464296875,0.3410243055555556,2,0.39732148437500003,0.38865763888888893,2,0.42857148437500003,0.31244444444444447,2,0.49375,0.33998527777777776,2,0.33482148437500003,0.3918331944444444,2
ngaphai_mp4-0157_jpg.rf.c9ce64900cb0d313ee94dc80acc8a925,train,0,nga_phai,train\images\ngaphai_mp4-0157_jpg.rf.c9ce64900cb0d313ee94dc80acc8a925.jpg,0.45859375,0.45845624999999995,0.6042411718749999,0.8448230555555556,0.3,0.6474648611111111,2,0.618749921875,0.5410840277777778,2,0.35625,0.3410243055555556,2,0.4008928125,0.38230652777777774,2,0.42946421875,0.31562,2,0.4803571875,0.34737555555555555,2,0.33392859375,0.3759554166666667,2
ngaphai_mp4-0160_jpg.rf.ce8b4a6cfec86eb69bd8848209a02c56,train,0,nga_phai,train\images\ngaphai_mp4-0160_jpg.rf.ce8b4a6cfec86eb69bd8848209a02c56.jpg,0.46317375,0.3896580555555556,0.397768125,0.6550648611111112,0.31216117187500003,0.6757690277777778,2,0.5912034375,0.5822781944444444,2,0.34553265624999996,0.34097083333333333,2,0.377483984375,0.3902430555555556,2,0.414405625,0.30938611111111114,2,0.46836796875,0.33844416666666666,2,0.322101640625,0.41551083333333333,2
ngaphai_mp4-0162_jpg.rf.729425aafd563f71e2aaa8efb3c87ac4,train,0,nga_phai,train\images\ngaphai_mp4-0162_jpg.rf.729425aafd563f71e2aaa8efb3c87ac4.jpg,0.42277312499999997,0.4573259722222222,0.44430609375,0.8072347222222221,0.315178125,0.7065290277777778,2,0.592860703125,0.6040540277777778,2,0.34673296875,0.3443575,2,0.3822321875,0.39489305555555554,2,0.41615359375,0.3148783333333333,2,0.46821906249999995,0.3359348611111111,2,0.320700234375,0.4103344444444445,2
ngaphai_mp4-0163_jpg.rf.7f5afc75aa9ebeb8cfa02a05fc72d52a,train,0,nga_phai,train\images\ngaphai_mp4-0163_jpg.rf.7f5afc75aa9ebeb8cfa02a05fc72d52a.jpg,0.41215375,0.4302108333333333,0.5034246874999999,0.8250480555555555,0.3147621875,0.7161709722222223,2,0.58534484375,0.6179073611111111,2,0.3478946875,0.34136555555555553,2,0.381027265625,0.3904972222222222,2,0.416526484375,0.3189052777777778,2,0.467803046875,0.3301354166666667,2,0.31791765625,0.41155375,2
ngaphai_mp4-0164_jpg.rf.d804b33f3f0b89493333a593e7ce6e34,train,0,nga_phai,train\images\ngaphai_mp4-0164_jpg.rf.d804b33f3f0b89493333a593e7ce6e34.jpg,0.4446428125,0.4407994444444444,0.54107140625,0.8390370833333334,0.289285703125,0.6728697222222222,2,0.6089285156249999,0.5521988888888889,2,0.34732140624999996,0.35055138888888887,2,0.391071484375,0.38230694444444446,2,0.425,0.3187959722222222,2,0.47098210937499996,0.3352205555555556,2,0.32142859375,0.3711925,2
ngaphai_mp4-0165_jpg.rf.1e60f67ef02dab4aefc843f44c793e8a,train,0,nga_phai,train\images\ngaphai_mp4-0165_jpg.rf.1e60f67ef02dab4aefc843f44c793e8a.jpg,0.41986453125,0.4081927777777778,0.4627450781250001,0.70905875,0.3128115625,0.7023602777777778,2,0.5944384375,0.6026929166666667,2,0.356199453125,0.34159249999999997,2,0.390909765625,0.39353180555555556,2,0.42562007812499997,0.3149209722222222,2,0.480052109375,0.33738125,2,0.33016671875000003,0.41458833333333334,2
ngaphai_mp4-0166_jpg.rf.8bceedac0b51c3ff5eee113ba6eb4ec1,train,0,nga_phai,train\images\ngaphai_mp4-0166_jpg.rf.8bceedac0b51c3ff5eee113ba6eb4ec1.jpg,0.43147328125,0.4570643055555555,0.5299107812499999,0.8508027777777778,0.29375,0.6681077777777777,2,0.61339296875,0.5664901388888889,2,0.360714296875,0.35372847222222226,2,0.39375007812499996,0.39659833333333333,2,0.434821484375,0.32673625,2,0.476785703125,0.34157347222222223,2,0.329464296875,0.3886594444444444,2
ngaphai_mp4-0167_jpg.rf.42f8901fed95fba99325906e0d322343,train,0,nga_phai,train\images\ngaphai_mp4-0167_jpg.rf.42f8901fed95fba99325906e0d322343.jpg,0.47053570312500004,0.41677430555555556,0.549999921875,0.7757605555555557,0.300892890625,0.6569915277777778,2,0.5982142968749999,0.5410840277777778,2,0.35357140625,0.34578763888888886,2,0.392857109375,0.3965965277777778,2,0.43125,0.31879555555555555,2,0.47767859375,0.32832222222222224,2,0.332142890625,0.4061230555555555,2
ngaphai_mp4-0168_jpg.rf.986372437ba943359cb4c24ed50ca425,train,0,nga_phai,train\images\ngaphai_mp4-0168_jpg.rf.986372437ba943359cb4c24ed50ca425.jpg,0.43270078125,0.41188402777777783,0.5810268749999998,0.8205912500000001,0.30446421875,0.6823965277777777,2,0.615178515625,0.55855,2,0.3571428125,0.3473759722222222,2,0.396428515625,0.40669125,2,0.42946421875,0.30926944444444443,2,0.474999921875,0.32886763888888887,2,0.32857140625,0.38230708333333335,2
ngaphai_mp4-0170_jpg.rf.6a3cf91f2d18140a86acdf90e5a625a9,train,0,nga_phai,train\images\ngaphai_mp4-0170_jpg.rf.6a3cf91f2d18140a86acdf90e5a625a9.jpg,0.43989671875,0.4377025,0.49452546875000003,0.8245340277777776,0.31974648437500003,0.7181279166666666,2,0.6139953125,0.6156530555555555,2,0.360767734375,0.34893763888888885,2,0.396266953125,0.39947319444444446,2,0.430977265625,0.3208622222222222,2,0.482253828125,0.3461301388888889,2,0.33315726562500003,0.4219334722222222,2
ngaphai_mp4-0172_jpg.rf.9105b7101a7a785309ec53b719a6a3bf,train,0,nga_phai,train\images\ngaphai_mp4-0172_jpg.rf.9105b7101a7a785309ec53b719a6a3bf.jpg,0.474809296875,0.40359361111111114,0.49222765625000003,0.7689322222222222,0.324644609375,0.7163554166666667,2,0.5849719531249999,0.6419558333333333,2,0.355410546875,0.347165,2,0.390909765625,0.39348930555555556,2,0.42562007812499997,0.32049347222222224,2,0.4761078125,0.33172361111111115,2,0.33016671875000003,0.4159495833333333,2
ngaphai_mp4-0177_jpg.rf.b10940bd19c55d4dbb92faca14120cb1,train,0,nga_phai,train\images\ngaphai_mp4-0177_jpg.rf.b10940bd19c55d4dbb92faca14120cb1.jpg,0.440624921875,0.4309188888888888,0.574107109375,0.7766491666666667,0.28839281250000004,0.662129861111111,2,0.610714296875,0.5431355555555555,2,0.336607109375,0.35750430555555557,2,0.37232140625,0.41144847222222225,2,0.401785703125,0.32894569444444444,2,0.462499921875,0.3305322222222222,2,0.316964296875,0.4162081944444444,2
ngaphai_mp4-0178_jpg.rf.f4e3f54ac4bea4579e55b2baf3d30894,train,0,nga_phai,train\images\ngaphai_mp4-0178_jpg.rf.f4e3f54ac4bea4579e55b2baf3d30894.jpg,0.475558046875,0.4760920833333333,0.5203125,0.8380722222222222,0.295535703125,0.6760448611111111,2,0.604464296875,0.5490227777777777,2,0.32857140625,0.36642875,2,0.364285703125,0.40135986111111116,2,0.392857109375,0.3314977777777778,2,0.45,0.3441998611111111,2,0.30625,0.4092986111111111,2
ngaphai_mp4-0182_jpg.rf.f8309c3f9da61362d7a783f8e1e45caf,train,0,nga_phai,train\images\ngaphai_mp4-0182_jpg.rf.f8309c3f9da61362d7a783f8e1e45caf.jpg,0.41160710937499995,0.43024097222222224,0.5178571875,0.8536344444444445,0.26875,0.6792204166666667,2,0.5821428125,0.5363206944444444,2,0.29732140625,0.37913097222222225,2,0.3303571875,0.4124741666666667,2,0.366964296875,0.3330855555555555,2,0.42857140625,0.3441998611111111,2,0.276785703125,0.40453541666666665,2
ngaphai_mp4-0185_jpg.rf.c2cab29067449b7868911a3b446e1560,train,0,nga_phai,train\images\ngaphai_mp4-0185_jpg.rf.c2cab29067449b7868911a3b446e1560.jpg,0.41562515624999996,0.5108548611111112,0.5580357812500001,0.9211138888888889,0.252678671875,0.6887480555555555,2,0.565178671875,0.5331461111111111,2,0.27053578125,0.3950097222222222,2,0.30535718749999996,0.4220019444444445,2,0.335714296875,0.34475,2,0.40267859375,0.34102527777777775,2,0.25714296875,0.44581847222222226,2
ngaphai_mp4-0186_jpg.rf.75bbe9efef5bdcac9a30efd4e8f9a28e,train,0,nga_phai,train\images\ngaphai_mp4-0186_jpg.rf.75bbe9efef5bdcac9a30efd4e8f9a28e.jpg,0.431035078125,0.49190263888888885,0.5109290625,0.8155851388888888,0.2772515625,0.7270320833333334,2,0.547045390625,0.5992893055555555,2,0.2693628125,0.38591694444444447,2,0.3017065625,0.42803,2,0.33326140625,0.3367851388888889,2,0.399526484375,0.3409965277777778,2,0.254374296875,0.44487513888888885,2
ngaphai_mp4-0188_jpg.rf.722af4447e0244dace38bb3d1e762434,train,0,nga_phai,train\images\ngaphai_mp4-0188_jpg.rf.722af4447e0244dace38bb3d1e762434.jpg,0.41316968750000005,0.49079208333333324,0.5361607812499999,0.878976388888889,0.23392859375000002,0.7017945833333333,2,0.5428571875,0.5367890277777777,2,0.238392890625,0.41144847222222225,2,0.27142859375,0.44794,2,0.301785703125,0.35274458333333336,2,0.370535703125,0.3448115277777778,2,0.23392859375000002,0.46221930555555557,2
ngaphai_mp4-0189_jpg.rf.173b812e64e642f4a836a9956a8da854,train,0,nga_phai,train\images\ngaphai_mp4-0189_jpg.rf.173b812e64e642f4a836a9956a8da854.jpg,0.38299234375,0.4931580555555556,0.49683796874999997,0.8085662499999999,0.26458640624999996,0.7542570833333334,2,0.528858125,0.6068615277777778,2,0.23303156249999998,0.4117381944444445,2,0.269319609375,0.4454286111111111,2,0.29614124999999997,0.35699138888888887,2,0.37187281250000004,0.35278,2,0.226720625,0.4763113888888889,2
ngaphai_mp4-0191_jpg.rf.cba53ad9397594576e29fa14649a92cc,train,0,nga_phai,train\images\ngaphai_mp4-0191_jpg.rf.cba53ad9397594576e29fa14649a92cc.jpg,0.41037937500000005,0.4564729166666667,0.579241015625,0.7695191666666668,0.23839281250000002,0.7125637499999999,2,0.533928515625,0.5521984722222222,2,0.22857140625,0.4204130555555556,2,0.26696421875,0.4537563888888889,2,0.29374992187500004,0.35531430555555554,2,0.3633928125,0.34578763888888886,2,0.21696421875,0.4442297222222222,2
ngaphai_mp4-0192_jpg.rf.7b4f12e3d2789e0804baa4d139e42a99,train,0,nga_phai,train\images\ngaphai_mp4-0192_jpg.rf.7b4f12e3d2789e0804baa4d139e42a99.jpg,0.390625,0.44577722222222227,0.53125,0.7944706944444445,0.22232148437500002,0.7144987500000001,2,0.534821484375,0.5510798611111111,2,0.224107109375,0.43525875,2,0.258035703125,0.4780968055555555,2,0.288392890625,0.3749683333333333,2,0.357142890625,0.3606890277777778,2,0.223214296875,0.5018956944444444,2
ngaphai_mp4-0194_jpg.rf.f1e38e808bf09861307403eb2a6476aa,train,0,nga_phai,train\images\ngaphai_mp4-0194_jpg.rf.f1e38e808bf09861307403eb2a6476aa.jpg,0.36964289062499994,0.5052643055555556,0.5160715625,0.8687043055555557,0.23392859375000002,0.7062136111111111,2,0.5116071875,0.5458483333333334,2,0.2178571875,0.42994069444444444,2,0.254464296875,0.4585206944444445,2,0.28303578125,0.36325416666666666,2,0.350892890625,0.35531527777777777,2,0.20982140624999998,0.47757402777777774,2
ngaphai_mp4-0195_jpg.rf.fc436a4513bf762a3468ed2c7114a156,train,0,nga_phai,train\images\ngaphai_mp4-0195_jpg.rf.fc436a4513bf762a3468ed2c7114a156.jpg,0.43738828124999996,0.47907777777777766,0.61629453125,0.8195359722222223,0.2258928125,0.7300309722222222,2,0.520535703125,0.5458491666666666,2,0.21607132812500002,0.4378804166666667,2,0.25267859375,0.46646041666666666,2,0.2828125,0.3554716666666667,2,0.34821421875,0.35849166666666665,2,0.21339281250000003,0.49504027777777776,2
ngaphai_mp4-0196_jpg.rf.05f9a48e7f8c67552d73d117abcdfb30,train,0,nga_phai,train\images\ngaphai_mp4-0196_jpg.rf.05f9a48e7f8c67552d73d117abcdfb30.jpg,0.398939375,0.5059644444444444,0.56003140625,0.8281618055555555,0.2463384375,0.7416231944444445,2,0.5027214843750001,0.6012465277777778,2,0.213994765625,0.42577583333333335,2,0.24712734374999998,0.45665875,2,0.275526640625,0.36541402777777776,2,0.3441584375,0.3499725,2,0.19821734375,0.49034916666666667,2
ngaphai_mp4-0197_jpg.rf.9c1b5df08ed2107e3447bd67332ce05c,train,0,nga_phai,train\images\ngaphai_mp4-0197_jpg.rf.9c1b5df08ed2107e3447bd67332ce05c.jpg,0.381026875,0.4656026388888889,0.5254465625,0.7861483333333333,0.23125,0.7125647222222222,2,0.52232140625,0.5585505555555556,2,0.213392890625,0.4362918055555556,2,0.25267859375,0.46169625,2,0.275,0.3791319444444445,2,0.34732140624999996,0.35531527777777777,2,0.20625,0.4855129166666667,2
ngaphai_mp4-0199_jpg.rf.458678ee74e4caed6830e509ed53c46e,train,0,nga_phai,train\images\ngaphai_mp4-0199_jpg.rf.458678ee74e4caed6830e509ed53c46e.jpg,0.4071490625,0.4789669444444444,0.5729291406250001,0.8144702777777777,0.24723125,0.7444306944444444,2,0.495725546875,0.5942277777777778,2,0.20936546875,0.42998722222222224,2,0.244864609375,0.46227375000000004,2,0.274052890625,0.37102902777777774,2,0.345840078125,0.3555876388888889,2,0.197532421875,0.49596416666666665,2
ngaphai_mp4-0200_jpg.rf.1e7d7051498a97d5074e8c8ecd0349da,train,0,nga_phai,train\images\ngaphai_mp4-0200_jpg.rf.1e7d7051498a97d5074e8c8ecd0349da.jpg,0.36975453125,0.47434527777777774,0.5319197656249999,0.77539,0.21517859375,0.7160738888888889,2,0.523214296875,0.5352025,2,0.20625,0.4352473611111111,2,0.24642859375,0.4733254166666667,2,0.269642890625,0.37337027777777776,2,0.34196429687499996,0.3511579166666667,2,0.20625,0.49871097222222227,2
ngaphai_mp4-0201_jpg.rf.c7dc09111bd912783ed3936f62d74bd7,train,0,nga_phai,train\images\ngaphai_mp4-0201_jpg.rf.c7dc09111bd912783ed3936f62d74bd7.jpg,0.382254453125,0.4697701388888889,0.5814732812499999,0.8178829166666668,0.21763390624999998,0.7057734722222222,2,0.52299109375,0.5455276388888889,2,0.2078125,0.4376393055555556,2,0.246205390625,0.4725444444444445,2,0.271205390625,0.37417569444444443,2,0.34263390625,0.35830986111111107,2,0.20602679687499997,0.4995163888888889,2
ngaphai_mp4-0202_jpg.rf.90409ef81629cfa56870edb560249fef,train,0,nga_phai,train\images\ngaphai_mp4-0202_jpg.rf.90409ef81629cfa56870edb560249fef.jpg,0.371763515625,0.47539513888888885,0.5189733593750001,0.7606569444444444,0.21785726562500002,0.7002079166666667,2,0.52589296875,0.5336158333333333,2,0.209821484375,0.4352473611111111,2,0.246428671875,0.47649861111111114,2,0.27142867187499997,0.3749568055555556,2,0.34553578125,0.35750430555555557,2,0.208928671875,0.5018840277777777,2
ngaphai_mp4-0203_jpg.rf.265413db6f5d4b948ac1433253ba3155,train,0,nga_phai,train\images\ngaphai_mp4-0203_jpg.rf.265413db6f5d4b948ac1433253ba3155.jpg,0.408593828125,0.4179506944444444,0.589955390625,0.6750276388888888,0.216071484375,0.7268536111111111,2,0.5178571875,0.5506106944444444,2,0.207142890625,0.4331152777777778,2,0.24821437500000001,0.45534416666666666,2,0.27053578125,0.37436763888888885,2,0.34553570312500004,0.34737555555555555,2,0.20178578125,0.4870997222222222,2
ngaphai_mp4-0206_jpg.rf.dda4a03d6efcee714706528d761b8817,train,0,nga_phai,train\images\ngaphai_mp4-0206_jpg.rf.dda4a03d6efcee714706528d761b8817.jpg,0.39550929687499997,0.5114868055555557,0.5875958593749999,0.8639631944444445,0.250906796875,0.767997638888889,2,0.5136007031250001,0.6079683333333333,2,0.20988546874999997,0.4535541666666667,2,0.24222921875,0.4802256944444444,2,0.268261953125,0.38898083333333333,2,0.34083804687499997,0.3693281944444444,2,0.19568578125,0.5153198611111112,2
ngaphai_mp4-0207_jpg.rf.f4379e7885861def05907a35980b8975,train,0,nga_phai,train\images\ngaphai_mp4-0207_jpg.rf.f4379e7885861def05907a35980b8975.jpg,0.38125,0.4546697222222222,0.637499921875,0.7031455555555556,0.2196428125,0.7046248611111111,2,0.50267859375,0.5442595833333334,2,0.200892890625,0.4474052777777778,2,0.238392890625,0.47280972222222223,2,0.257142890625,0.38865763888888893,2,0.33392859375,0.35848986111111114,2,0.193750078125,0.5077406944444445,2
ngaphai_mp4-0208_jpg.rf.cc760d40533478efb7e403b794ec0588,train,0,nga_phai,train\images\ngaphai_mp4-0208_jpg.rf.cc760d40533478efb7e403b794ec0588.jpg,0.378125,0.48364958333333335,0.5633928906250001,0.8742022222222222,0.2178571875,0.7129073611111112,2,0.513392890625,0.5415554166666666,2,0.1991071875,0.45429291666666666,2,0.23660718749999998,0.49713097222222224,2,0.258928671875,0.39241583333333335,2,0.33482148437500003,0.3702036111111111,2,0.20178578125,0.5193431944444444,2
ngaphai_mp4-0209_jpg.rf.00915d4c42211eaf6dadd4761f370cae,train,0,nga_phai,train\images\ngaphai_mp4-0209_jpg.rf.00915d4c42211eaf6dadd4761f370cae.jpg,0.366964296875,0.4375945833333333,0.553571484375,0.7183022222222222,0.224999921875,0.7316169444444444,2,0.49285710937499994,0.5315573611111111,2,0.193749921875,0.4489930555555555,2,0.23749992187500002,0.4632830555555556,2,0.261607109375,0.38071875,2,0.333928515625,0.34896319444444446,2,0.194642890625,0.5045651388888889,2
ngaphai_mp4-0210_jpg.rf.4deb67f8a5cb45e44668f529a220874d,train,0,nga_phai,train\images\ngaphai_mp4-0210_jpg.rf.4deb67f8a5cb45e44668f529a220874d.jpg,0.39174109375,0.4663873611111111,0.6058036718750001,0.7655012499999998,0.215178671875,0.6950981944444444,2,0.504464375,0.5347329166666667,2,0.198214375,0.4410541666666667,2,0.24910726562500002,0.47439749999999997,2,0.26696437500000003,0.38548208333333334,2,0.332142890625,0.34737555555555555,2,0.196428671875,0.49662625,2
ngaphai_mp4-0211_jpg.rf.feed87527ec3cbcc1e1539e2e72003e3,train,0,nga_phai,train\images\ngaphai_mp4-0211_jpg.rf.feed87527ec3cbcc1e1539e2e72003e3.jpg,0.364226015625,0.49324972222222213,0.5687298437500001,0.7702472222222222,0.23687203124999998,0.7544413888888889,2,0.498777109375,0.5944122222222222,2,0.20058390625000003,0.44842055555555554,2,0.23529421875,0.4694770833333334,2,0.26369359375,0.37682847222222227,2,0.330747578125,0.3684059722222222,2,0.188750859375,0.5059748611111111,2
ngaphai_mp4-0213_jpg.rf.5aab73b1f1b44d4a03510059ac9c1f2c,train,0,nga_phai,train\images\ngaphai_mp4-0213_jpg.rf.5aab73b1f1b44d4a03510059ac9c1f2c.jpg,0.400223125,0.50588,0.5959820312499999,0.8455945833333333,0.21875,0.7081409722222222,2,0.51875,0.5367890277777777,2,0.20446429687499998,0.4415936111111111,2,0.242857109375,0.48125847222222223,2,0.264285703125,0.3749568055555556,2,0.34017859375000004,0.36385069444444446,2,0.20357140624999998,0.49553777777777774,2
ngaphai_mp4-0214_jpg.rf.a492ffc56f4d4e6ec6c382d52b36d8d8,train,0,nga_phai,train\images\ngaphai_mp4-0214_jpg.rf.a492ffc56f4d4e6ec6c382d52b36d8d8.jpg,0.405245546875,0.4876430555555556,0.5948661718750001,0.8218268055555555,0.214285703125,0.708142638888889,2,0.516964296875,0.5399638888888889,2,0.20446429687499998,0.43683555555555553,2,0.24196429687499998,0.4749136111111111,2,0.26607140625,0.37813166666666664,2,0.339285703125,0.36067902777777777,2,0.20446429687499998,0.505058888888889,2
ngaphai_mp4-0217_jpg.rf.8856b6d6f748674520b774b4265376b3,train,0,nga_phai,train\images\ngaphai_mp4-0217_jpg.rf.8856b6d6f748674520b774b4265376b3.jpg,0.379017890625,0.4937697222222223,0.5169643749999999,0.8254265277777778,0.216964296875,0.7002079166666667,2,0.52232140625,0.5336158333333333,2,0.207142890625,0.4400070833333333,2,0.245535703125,0.4717388888888889,2,0.27410718749999996,0.3717836111111111,2,0.3446428125,0.3590908333333333,2,0.214285703125,0.5002975000000001,2
ngaphai_mp4-0218_jpg.rf.5e9ae6bb2e380d479b93698d922a8d83,train,0,nga_phai,train\images\ngaphai_mp4-0218_jpg.rf.5e9ae6bb2e380d479b93698d922a8d83.jpg,0.371845078125,0.4734573611111112,0.5581742968750001,0.8112447222222221,0.24029640625,0.7653747222222222,2,0.505356953125,0.6193830555555556,2,0.211108203125,0.4425086111111111,2,0.243451875,0.4719876388888889,2,0.272640078125,0.3807429166666667,2,0.338905234375,0.3667052777777778,2,0.194541875,0.5042743055555555,2
ngaphai_mp4-0219_jpg.rf.fd809b28a254102aa35e4f02d8b8931d,train,0,nga_phai,train\images\ngaphai_mp4-0219_jpg.rf.fd809b28a254102aa35e4f02d8b8931d.jpg,0.367410703125,0.4538804166666667,0.5919643750000001,0.7618836111111111,0.225892890625,0.7014493055555555,2,0.5303571875,0.5410840277777778,2,0.207142890625,0.43470305555555555,2,0.2491071875,0.46487083333333334,2,0.276785703125,0.37436763888888885,2,0.3428571875,0.3441998611111111,2,0.203571484375,0.4791608333333333,2
ngaphai_mp4-0220_jpg.rf.5d87086ee968ac94903a82e4177baebd,train,0,nga_phai,train\images\ngaphai_mp4-0220_jpg.rf.5d87086ee968ac94903a82e4177baebd.jpg,0.368345234375,0.4503965277777778,0.52314875,0.7200222222222223,0.24870507812499998,0.7402193055555556,2,0.50982125,0.6068615277777778,2,0.216361328125,0.4313909722222222,2,0.2502828125,0.46648513888888893,2,0.278682109375,0.3724327777777777,2,0.348891640625,0.3583951388888889,2,0.20216171875,0.5001754166666667,2
ngaphai_mp4-0221_jpg.rf.fb3d82a9fb13dfc6ab8ea422e6dab5f1,train,0,nga_phai,train\images\ngaphai_mp4-0221_jpg.rf.fb3d82a9fb13dfc6ab8ea422e6dab5f1.jpg,0.345982109375,0.43404458333333323,0.454464296875,0.6338288888888889,0.22142859375,0.7017945833333333,2,0.5258928125,0.541548888888889,2,0.21339281250000003,0.43366069444444444,2,0.2508928125,0.4590461111111111,2,0.276785703125,0.3717836111111111,2,0.350892890625,0.3559177777777778,2,0.214285703125,0.4907780555555556,2
ngaphai_mp4-0223_jpg.rf.c67529f1ed9a8ac7bb89ca08e929dabf,train,0,nga_phai,train\images\ngaphai_mp4-0223_jpg.rf.c67529f1ed9a8ac7bb89ca08e929dabf.jpg,0.37649898437499996,0.41957208333333335,0.5220952343749999,0.7227131944444444,0.25186054687500004,0.7261818055555556,2,0.505876953125,0.5970352777777778,2,0.216361328125,0.42437208333333337,2,0.255804921875,0.4636775,2,0.28183765625,0.36681777777777774,2,0.35046937499999997,0.35278,2,0.20689492187499997,0.49456041666666667,2
ngaphai_mp4-0224_jpg.rf.6fc66aed902e49e4270eb52a7d8708ce,train,0,nga_phai,train\images\ngaphai_mp4-0224_jpg.rf.6fc66aed902e49e4270eb52a7d8708ce.jpg,0.372991015625,0.4931949999999999,0.5236607031249999,0.76307625,0.22232148437500002,0.7033811111111111,2,0.529464296875,0.5494818055555555,2,0.2178571875,0.42890097222222223,2,0.25892859375,0.4669791666666667,2,0.282142890625,0.37337027777777776,2,0.35178578125,0.3559177777777778,2,0.214285703125,0.48760486111111107,2
ngaphai_mp4-0225_jpg.rf.b9d78515a0bfb92b88bb038ccc81220f,train,0,nga_phai,train\images\ngaphai_mp4-0225_jpg.rf.b9d78515a0bfb92b88bb038ccc81220f.jpg,0.3959821875,0.4602388888888889,0.575893046875,0.7400140277777778,0.217857109375,0.7112515277777778,2,0.5267857031250001,0.5398997222222223,2,0.217857109375,0.4288383333333333,2,0.258035703125,0.47167625,2,0.28571421875,0.36854791666666664,2,0.3571428125,0.35902833333333334,2,0.2125,0.4843690277777778,2
ngaphai_mp4-0227_jpg.rf.59891d0865b59f3c83c7251725665f00,train,0,nga_phai,train\images\ngaphai_mp4-0227_jpg.rf.59891d0865b59f3c83c7251725665f00.jpg,0.35352453125,0.4785529166666666,0.51944984375,0.8079195833333332,0.248913046875,0.7378933333333333,2,0.502140546875,0.5947093055555556,2,0.21814703125,0.41783472222222223,2,0.259168359375,0.4543326388888889,2,0.283623359375,0.36028041666666666,2,0.35067734375000004,0.3462427777777778,2,0.20552515625,0.49363805555555557,2
ngaphai_mp4-0228_jpg.rf.237423874ae86de3d9c4b3ecc419c0a5,train,0,nga_phai,train\images\ngaphai_mp4-0228_jpg.rf.237423874ae86de3d9c4b3ecc419c0a5.jpg,0.33341859375,0.42798083333333337,0.447541640625,0.670803888888889,0.238865625,0.7346043055555557,2,0.508659453125,0.5970352777777778,2,0.223877109375,0.42577583333333335,2,0.25779859374999997,0.46508125,2,0.286197890625,0.37102902777777774,2,0.3548296875,0.36260638888888885,2,0.20888859375000002,0.49736791666666663,2
ngaphai_mp4-0231_jpg.rf.83395a0de596582cc6840d4d17ac9f6f,train,0,nga_phai,train\images\ngaphai_mp4-0231_jpg.rf.83395a0de596582cc6840d4d17ac9f6f.jpg,0.37321437500000004,0.4681122222222222,0.603571484375,0.8032593055555556,0.22321437500000002,0.7189147222222222,2,0.52589296875,0.5410840277777778,2,0.22142859375,0.41406194444444444,2,0.259821484375,0.4489930555555555,2,0.285714375,0.36166541666666663,2,0.35803578125,0.36166541666666663,2,0.210714375,0.46963416666666663,2
ngaphai_mp4-0232_jpg.rf.88e7ac1667dcac48e4962ea2d18450b6,train,0,nga_phai,train\images\ngaphai_mp4-0232_jpg.rf.88e7ac1667dcac48e4962ea2d18450b6.jpg,0.40725453125,0.4490798611111111,0.5640625781249999,0.7937266666666665,0.209821484375,0.7427329166666666,2,0.522321484375,0.5426731944444444,2,0.21696437500000001,0.4394677777777778,2,0.262500078125,0.4585211111111111,2,0.28303578125,0.3807201388888889,2,0.350892890625,0.34896458333333336,2,0.212500078125,0.48233763888888886,2
ngaphai_mp4-0233_jpg.rf.03916bfc0ae351808abde98a8dc6ba30,train,0,nga_phai,train\images\ngaphai_mp4-0233_jpg.rf.03916bfc0ae351808abde98a8dc6ba30.jpg,0.3652446875,0.46944875,0.52503296875,0.7506931944444445,0.246650390625,0.7500456944444445,2,0.5148664843749999,0.6293218055555555,2,0.22535093750000001,0.42156458333333335,2,0.2624278125,0.45946624999999996,2,0.29082718750000003,0.36401013888888895,2,0.35945890625,0.3555876388888889,2,0.21430671874999999,0.49736791666666663,2
ngaphai_mp4-0235_jpg.rf.31f50776b1bfe2fe215da21abfd435f0,train,0,nga_phai,train\images\ngaphai_mp4-0235_jpg.rf.31f50776b1bfe2fe215da21abfd435f0.jpg,0.345089296875,0.4527018055555555,0.6383929687500001,0.7552234722222222,0.22142859375,0.6986215277777778,2,0.53392859375,0.5399622222222222,2,0.22678570312500002,0.41779472222222225,2,0.2625,0.46221930555555557,2,0.291964296875,0.36543722222222225,2,0.35892859375,0.3543311111111111,2,0.22500007812499997,0.48760486111111107,2
ngaphai_mp4-0236_jpg.rf.4b918034d3a752963e4a2d25b4718bba,train,0,nga_phai,train\images\ngaphai_mp4-0236_jpg.rf.4b918034d3a752963e4a2d25b4718bba.jpg,0.42578125,0.4538945833333333,0.612723203125,0.7841758333333333,0.224107109375,0.6935104166666667,2,0.5276785937499999,0.5379084722222223,2,0.22857140625,0.4124741666666667,2,0.273214296875,0.4521686111111111,2,0.299107109375,0.3632531944444445,2,0.363392890625,0.3537265277777778,2,0.2116071875,0.45851972222222226,2
ngaphai_mp4-0238_jpg.rf.df85a8f5da5e497e29ff0d35338b44fc,train,0,nga_phai,train\images\ngaphai_mp4-0238_jpg.rf.df85a8f5da5e497e29ff0d35338b44fc.jpg,0.33102671875,0.4999366666666667,0.559375,0.8380755555555556,0.232142890625,0.7062126388888889,2,0.544642890625,0.5553740277777778,2,0.234821484375,0.4108865277777778,2,0.275892890625,0.44264194444444444,2,0.308035703125,0.3569020833333333,2,0.37321429687499996,0.34737555555555555,2,0.23125,0.4712219444444445,2
ngaphai_mp4-0239_jpg.rf.fb2644eb3a04c9b616493c042d4bdff8,train,0,nga_phai,train\images\ngaphai_mp4-0239_jpg.rf.fb2644eb3a04c9b616493c042d4bdff8.jpg,0.31785718749999997,0.41302944444444434,0.6357143749999999,0.7139870833333333,0.22857148437500002,0.69228,2,0.54732140625,0.5479002777777778,2,0.245535703125,0.4082801388888889,2,0.28571421875,0.45429125,2,0.31428570312500004,0.3622690277777778,2,0.37946421875,0.35274944444444445,2,0.242857109375,0.47967680555555553,2
ngaphai_mp4-0241_jpg.rf.0e8796ed2316368353ab9383e39e8233,train,0,nga_phai,train\images\ngaphai_mp4-0241_jpg.rf.0e8796ed2316368353ab9383e39e8233.jpg,0.34642859375,0.44735305555555555,0.585714296875,0.7786101388888886,0.23392859375000002,0.6906918055555555,2,0.557142890625,0.5478986111111112,2,0.258035703125,0.3955858333333333,2,0.294642890625,0.4431836111111111,2,0.32678578125,0.35433444444444445,2,0.39017859375,0.34798805555555556,2,0.25000007812499997,0.4574629166666666,2
ngaphai_mp4-0244_jpg.rf.1fc81f975cec10f614020a0d26840fb8,train,0,nga_phai,train\images\ngaphai_mp4-0244_jpg.rf.1fc81f975cec10f614020a0d26840fb8.jpg,0.40849359375,0.4718877777777778,0.504090234375,0.8353681944444444,0.29608039062499997,0.7239276388888889,2,0.572973984375,0.6312790277777778,2,0.301602421875,0.37298624999999996,2,0.34104601562500003,0.4193104166666667,2,0.3733896875,0.3350844444444444,2,0.42939953124999997,0.34491083333333333,2,0.284247265625,0.44036694444444446,2
ngaphai_mp4-0246_jpg.rf.e5127928b33a6363b16109015eebe13d,train,0,nga_phai,train\images\ngaphai_mp4-0246_jpg.rf.e5127928b33a6363b16109015eebe13d.jpg,0.44352679687499996,0.3775173611111111,0.42187492187500003,0.6513190277777778,0.276785703125,0.6653030555555556,2,0.607142890625,0.5653477777777778,2,0.33482140625,0.3448115277777778,2,0.372321484375,0.39082263888888885,2,0.40803578125,0.31466638888888887,2,0.460714296875,0.3194261111111111,2,0.320535703125,0.3971690277777778,2
ngaphai_mp4-0254_jpg.rf.131a98555c0cb53e084fb89132b42899,train,4,thang,train\images\ngaphai_mp4-0254_jpg.rf.131a98555c0cb53e084fb89132b42899.jpg,0.537276875,0.33057833333333336,0.4022321875000001,0.6271266666666667,0.369284921875,0.6152145833333333,2,0.70197921875,0.6196536111111111,2,0.447321484375,0.34117763888888886,2,0.481498046875,0.30271458333333334,2,0.521143125,0.3741170833333334,2,0.5612182812500001,0.30196500000000004,2,0.596299609375,0.3443763888888889,2
ngaphai_mp4-0255_jpg.rf.afb275bad0523be8f3a29c7a61de46b6,train,4,thang,train\images\ngaphai_mp4-0255_jpg.rf.afb275bad0523be8f3a29c7a61de46b6.jpg,0.535658125,0.39477541666666666,0.4600561718750001,0.7702443055555557,0.381772109375,0.6395893055555556,2,0.702631171875,0.6277768055555556,2,0.453022578125,0.3480508333333333,2,0.491677265625,0.30453416666666666,2,0.527176484375,0.3691073611111111,2,0.56977546875,0.3031304166666666,2,0.60448578125,0.34383958333333337,2
ngaphai_mp4-0256_jpg.rf.e925fde285944cb0808ea9ba6ec31eab,train,4,thang,train\images\ngaphai_mp4-0256_jpg.rf.e925fde285944cb0808ea9ba6ec31eab.jpg,0.5427551562499999,0.4204844444444445,0.4702559375,0.7921604166666667,0.39375,0.6120105555555556,2,0.6976928906250001,0.6059669444444444,2,0.451785703125,0.33406930555555553,2,0.490178515625,0.3007163888888889,2,0.5312805468749999,0.3751084722222222,2,0.570535625,0.3023045833333333,2,0.6071428125,0.3324809722222222,2
ngaphai_mp4-0257_jpg.rf.9d06aabdf29bd2fec8baabfd1e4402ca,train,4,thang,train\images\ngaphai_mp4-0257_jpg.rf.9d06aabdf29bd2fec8baabfd1e4402ca.jpg,0.5367934375,0.42827388888888884,0.47533703125000015,0.7893423611111111,0.38117843749999997,0.64017125,2,0.71206109375,0.6318901388888889,2,0.46012242187499997,0.3499725,2,0.501143671875,0.30084069444444445,2,0.533487421875,0.36541402777777776,2,0.5729309375,0.3022444444444445,2,0.611585625,0.3415498611111111,2
ngaphai_mp4-0258_jpg.rf.bd83f075fa6f92d0c2b260baf14b61ae,train,4,thang,train\images\ngaphai_mp4-0258_jpg.rf.bd83f075fa6f92d0c2b260baf14b61ae.jpg,0.540398515625,0.4325498611111111,0.475422578125,0.8119031944444444,0.37803789062500004,0.6284722222222222,2,0.7006475,0.6192393055555556,2,0.45983109375,0.3415498611111111,2,0.5000635156250001,0.3022444444444445,2,0.5363515624999999,0.36541402777777776,2,0.572639609375,0.3064558333333333,2,0.608138828125,0.34856875000000004,2
ngaphai_mp4-0259_jpg.rf.1548a90ecfa05e209657b8d4e72798a0,train,4,thang,train\images\ngaphai_mp4-0259_jpg.rf.1548a90ecfa05e209657b8d4e72798a0.jpg,0.536523671875,0.43430541666666667,0.48445007812499996,0.7803673611111112,0.39028375,0.6297594444444444,2,0.6936282031250001,0.6363406944444444,2,0.4585446875,0.3499725,2,0.49641046875,0.3064558333333333,2,0.532698515625,0.36120263888888887,2,0.57371984375,0.30505208333333333,2,0.6084301562500001,0.3443575,2
ngaphai_mp4-0260_jpg.rf.ae6ee56981d1f397a254ab1f9dabf2bf,train,4,thang,train\images\ngaphai_mp4-0260_jpg.rf.ae6ee56981d1f397a254ab1f9dabf2bf.jpg,0.539875078125,0.42847444444444444,0.479463828125,0.79601625,0.394646171875,0.6526679166666667,2,0.69836140625,0.6456491666666666,2,0.46091125,0.35226208333333336,2,0.495733125,0.30355805555555554,2,0.532698515625,0.37051111111111107,2,0.572142109375,0.30593791666666664,2,0.6076413281249999,0.34103194444444446,2
ngaphai_mp4-0261_jpg.rf.69cc0012c029adab07cd22b11627cd3d,train,4,thang,train\images\ngaphai_mp4-0261_jpg.rf.69cc0012c029adab07cd22b11627cd3d.jpg,0.534169140625,0.3888625,0.44059625000000013,0.7628006944444444,0.39459062500000003,0.6131619444444445,2,0.6996432031250001,0.6074119444444445,2,0.45798351562499995,0.33998527777777776,2,0.49385765625,0.30234972222222223,2,0.5325678125,0.37075833333333336,2,0.57368609375,0.3033361111111111,2,0.6088764062500001,0.3336323611111111,2
ngaphai_mp4-0262_jpg.rf.dd0a9d38c3b7001e4ed1802e329a29e7,train,4,thang,train\images\ngaphai_mp4-0262_jpg.rf.dd0a9d38c3b7001e4ed1802e329a29e7.jpg,0.53712734375,0.4362058333333333,0.4710466406250001,0.7966038888888889,0.38072062500000003,0.6344697222222222,2,0.7072448437500001,0.6264894444444444,2,0.45696695312499996,0.3499725,2,0.493255,0.30084069444444445,2,0.532698515625,0.36962527777777776,2,0.5689865625,0.30364833333333335,2,0.6052746875,0.3443575,2
ngaphai_mp4-0263_jpg.rf.a9f0110bb4983265d370c585fce801c6,train,4,thang,train\images\ngaphai_mp4-0263_jpg.rf.a9f0110bb4983265d370c585fce801c6.jpg,0.529370625,0.4541726388888888,0.510353359375,0.8401240277777778,0.379064375,0.6435251388888888,2,0.6930403125,0.6344647222222222,2,0.456178125,0.35137625,2,0.495621640625,0.3064558333333333,2,0.5279653125,0.36541402777777776,2,0.568197734375,0.3022444444444445,2,0.6076413281249999,0.347165,2
ngaphai_mp4-0264_jpg.rf.68167d6505a0b0780a9790a617452b67,train,4,thang,train\images\ngaphai_mp4-0264_jpg.rf.68167d6505a0b0780a9790a617452b67.jpg,0.538836171875,0.4270730555555555,0.4628449218749999,0.7823802777777777,0.373587890625,0.6365805555555556,2,0.702098515625,0.6243438888888889,2,0.453022578125,0.34804583333333333,2,0.49404390625000005,0.3031254166666667,2,0.52875421875,0.3747173611111111,2,0.5689865625,0.30733666666666665,2,0.60448578125,0.3410269444444444,2
ngaphai_mp4-0265_jpg.rf.f8f2191188ead3123f9bc4fd57a2086c,train,4,thang,train\images\ngaphai_mp4-0265_jpg.rf.f8f2191188ead3123f9bc4fd57a2086c.jpg,0.537046796875,0.4158066666666667,0.4645638281249999,0.7613620833333334,0.37513593749999996,0.6298926388888889,2,0.7029640625,0.6319197222222221,2,0.45460031250000005,0.347165,2,0.498777109375,0.3078595833333333,2,0.5311207812500001,0.37102902777777774,2,0.5713532031249999,0.3106670833333333,2,0.60448578125,0.347165,2
ngaphai_mp4-0268_jpg.rf.c096a9024f760d21f044a5b816de24ba,train,4,thang,train\images\ngaphai_mp4-0268_jpg.rf.c096a9024f760d21f044a5b816de24ba.jpg,0.539680546875,0.4024163888888888,0.45973648437500003,0.7469741666666667,0.388392890625,0.60680875,2,0.70178578125,0.59569125,2,0.4625,0.32886763888888887,2,0.49464296875,0.30980874999999997,2,0.534821484375,0.38286763888888886,2,0.577678671875,0.30822055555555555,2,0.61250015625,0.33839694444444446,2
ngaphai_mp4-0269_jpg.rf.d4e9543fa8393af4672f3dfecced1723,train,4,thang,train\images\ngaphai_mp4-0269_jpg.rf.d4e9543fa8393af4672f3dfecced1723.jpg,0.5402493749999999,0.4027468055555556,0.48919828125000003,0.737137222222222,0.364285703125,0.6129454166666667,2,0.710714375,0.6018393055555555,2,0.45892859374999995,0.3448115277777778,2,0.50178578125,0.3003870833333333,2,0.539285703125,0.3749568055555556,2,0.575892890625,0.3035601388888889,2,0.6098214843750001,0.34005180555555553,2
ngaphai_mp4-0274_jpg.rf.3a8961a50c5468eedf671bf5bf5537df,train,4,thang,train\images\ngaphai_mp4-0274_jpg.rf.3a8961a50c5468eedf671bf5bf5537df.jpg,0.538960859375,0.40413319444444445,0.4510185937499999,0.7537356944444447,0.387129375,0.6510811111111111,2,0.688895,0.6503783333333334,2,0.46012242187499997,0.34576125,2,0.501143671875,0.3022444444444445,2,0.5358540625,0.3766440277777778,2,0.576086484375,0.30505208333333333,2,0.609218984375,0.3541838888888889,2
ngatrai_mp4-0000_jpg.rf.8340b73e6fe1696af09457d5d65998ca,train,4,thang,train\images\ngatrai_mp4-0000_jpg.rf.8340b73e6fe1696af09457d5d65998ca.jpg,0.5184402343750001,0.4051526388888888,0.468501640625,0.7846580555555556,0.35793789062500003,0.6319197222222221,2,0.684009921875,0.6282601388888889,2,0.42410710937499996,0.34951472222222224,2,0.46785718750000005,0.3145734722222222,2,0.5116071875,0.3971618055555556,2,0.5473214843750001,0.30663222222222225,2,0.5901785937499999,0.33680875,2
ngatrai_mp4-0001_jpg.rf.952ad2bdcd43c5a0600ae0a8dd28a9b4,train,4,thang,train\images\ngatrai_mp4-0001_jpg.rf.952ad2bdcd43c5a0600ae0a8dd28a9b4.jpg,0.51571015625,0.4087368055555556,0.4867084374999999,0.7747579166666666,0.33660718749999996,0.6303980555555555,2,0.6829611718749999,0.6199395833333333,2,0.42410710937499996,0.35274458333333336,2,0.468344921875,0.31699805555555555,2,0.50982140625,0.3892361111111111,2,0.548214296875,0.3099065277777778,2,0.5875,0.3368786111111111,2
ngatrai_mp4-0002_jpg.rf.3c18e83f72ff8867a2f8bbf01472543d,train,4,thang,train\images\ngatrai_mp4-0002_jpg.rf.3c18e83f72ff8867a2f8bbf01472543d.jpg,0.521156953125,0.42072319444444445,0.505338125,0.8328059722222223,0.359821484375,0.6226911111111111,2,0.681868125,0.6163884722222222,2,0.42969859374999997,0.35287944444444447,2,0.46644734374999997,0.3140141666666667,2,0.512499921875,0.3923970833333333,2,0.55357140625,0.30980874999999997,2,0.588392890625,0.33998527777777776,2
ngatrai_mp4-0003_jpg.rf.d431f80f5fe80f48b8013dca72e8965b,train,4,thang,train\images\ngatrai_mp4-0003_jpg.rf.d431f80f5fe80f48b8013dca72e8965b.jpg,0.5240290625,0.3958005555555556,0.48197390625000003,0.7672690277777778,0.33660718749999996,0.6298801388888888,2,0.6991071875,0.6108411111111112,2,0.42767859374999995,0.3538131944444444,2,0.47053578125,0.31256180555555557,2,0.510714296875,0.38871819444444444,2,0.548214296875,0.30938861111111116,2,0.588392890625,0.34112041666666665,2
ngatrai_mp4-0006_jpg.rf.947ec4131caab0d76a5682dc1b26b048,train,4,thang,train\images\ngatrai_mp4-0006_jpg.rf.947ec4131caab0d76a5682dc1b26b048.jpg,0.52288328125,0.3987590277777778,0.490470703125,0.7679213888888887,0.3533575,0.6293945833333333,2,0.6885708593750001,0.6253304166666667,2,0.430736171875,0.35938000000000003,2,0.468378203125,0.31419166666666665,2,0.512134921875,0.39408736111111115,2,0.55204703125,0.30822069444444444,2,0.590542890625,0.3418215277777778,2
ngatrai_mp4-0008_jpg.rf.a5db2e93b3feb38c82c56d2cbdf8c36a,train,4,thang,train\images\ngatrai_mp4-0008_jpg.rf.a5db2e93b3feb38c82c56d2cbdf8c36a.jpg,0.518964765625,0.4369590277777778,0.5173132031250001,0.8252006944444443,0.356278828125,0.65652625,2,0.68921453125,0.6555348611111111,2,0.43003257812499995,0.36203500000000005,2,0.46868718749999994,0.3129031944444444,2,0.508919609375,0.39011027777777774,2,0.548363203125,0.3129031944444444,2,0.588595625,0.34659361111111114,2
ngatrai_mp4-0009_jpg.rf.84fa7de6d220e5dceed04f9ab1d2e168,train,4,thang,train\images\ngatrai_mp4-0009_jpg.rf.84fa7de6d220e5dceed04f9ab1d2e168.jpg,0.5180271875,0.4063144444444445,0.4816975781249999,0.7919415277777778,0.338392890625,0.6272248611111111,2,0.698214296875,0.6177052777777777,2,0.43125,0.35274458333333336,2,0.47053578125,0.3130797222222222,2,0.5116071875,0.39240930555555553,2,0.549107109375,0.3130797222222222,2,0.5901785937499999,0.3416383333333333,2
ngatrai_mp4-0011_jpg.rf.b1cbcb79219e0c03053d6359fb899c47,train,4,thang,train\images\ngatrai_mp4-0011_jpg.rf.b1cbcb79219e0c03053d6359fb899c47.jpg,0.5227696093749999,0.40936736111111116,0.46940242187500003,0.7680180555555555,0.35504984375,0.6584595833333333,2,0.6778453125,0.6540798611111112,2,0.43330078125,0.35278,2,0.47475828125,0.3081227777777778,2,0.512187890625,0.39208541666666663,2,0.553998046875,0.3106670833333333,2,0.5918638281249999,0.34856875000000004,2
ngatrai_mp4-0013_jpg.rf.5c8332aec75d2f53aadeee9ec4fce4dd,train,4,thang,train\images\ngatrai_mp4-0013_jpg.rf.5c8332aec75d2f53aadeee9ec4fce4dd.jpg,0.522501015625,0.40891972222222217,0.48036101562500005,0.7956043055555556,0.364285703125,0.6195147222222221,2,0.69039640625,0.62427,2,0.43214289062500005,0.34951472222222224,2,0.47362445312499996,0.3141670833333333,2,0.51352484375,0.39526611111111115,2,0.55625,0.30980874999999997,2,0.591071484375,0.34157347222222223,2
ngatrai_mp4-0015_jpg.rf.6667d9612d1a32c11864d2e31191c890,train,4,thang,train\images\ngatrai_mp4-0015_jpg.rf.6667d9612d1a32c11864d2e31191c890.jpg,0.520974375,0.3985722222222222,0.4847865624999999,0.7639251388888889,0.3671875,0.6353970833333333,2,0.68651234375,0.6178040277777778,2,0.43504460937499995,0.3463381944444444,2,0.472043125,0.31048763888888886,2,0.513302890625,0.3904425,2,0.556473359375,0.3129852777777778,2,0.588498203125,0.34261555555555556,2
ngatrai_mp4-0016_jpg.rf.117922cb0e933b28f1dbcf2fed395f1d,train,4,thang,train\images\ngatrai_mp4-0016_jpg.rf.117922cb0e933b28f1dbcf2fed395f1d.jpg,0.5184555468750001,0.4047705555555555,0.4654789843749999,0.7394372222222223,0.340467109375,0.6240516666666667,2,0.694213828125,0.6227608333333333,2,0.4297528125,0.3543311111111111,2,0.47707421875,0.31149319444444445,2,0.5110028125,0.3860629166666667,2,0.553859921875,0.31466638888888887,2,0.590467109375,0.34005180555555553,2
ngatrai_mp4-0017_jpg.rf.ed7c953eeee990e3d544f207e779feb7,train,4,thang,train\images\ngatrai_mp4-0017_jpg.rf.ed7c953eeee990e3d544f207e779feb7.jpg,0.522441484375,0.43630819444444446,0.5073995312500001,0.8227702777777778,0.351737265625,0.6328420833333334,2,0.691561640625,0.6273180555555555,2,0.43125,0.35274458333333336,2,0.47410710937499995,0.31466638888888887,2,0.513392890625,0.3892361111111111,2,0.551785703125,0.31149319444444445,2,0.591071484375,0.3463981944444444,2
ngatrai_mp4-0018_jpg.rf.f740ec464e27541cc2b14f6b64ddfda5,train,4,thang,train\images\ngatrai_mp4-0018_jpg.rf.f740ec464e27541cc2b14f6b64ddfda5.jpg,0.52050359375,0.419623888888889,0.49310203124999996,0.8075090277777779,0.348041875,0.650795,2,0.689245078125,0.6561069444444444,2,0.434878515625,0.35366597222222224,2,0.47511093750000005,0.31716791666666666,2,0.513765625,0.38314499999999996,2,0.55557578125,0.3115529166666666,2,0.591075,0.34664708333333333,2
ngatrai_mp4-0019_jpg.rf.4762a5a25a41242724e4c06fed9b0a82,train,4,thang,train\images\ngatrai_mp4-0019_jpg.rf.4762a5a25a41242724e4c06fed9b0a82.jpg,0.5208069531249999,0.3934709722222222,0.46567328124999996,0.7449118055555556,0.36329757812499996,0.6591688888888889,2,0.67332390625,0.646535,2,0.433507109375,0.35314805555555556,2,0.479261640625,0.31524625,2,0.51476078125,0.3826270833333333,2,0.5542043750000001,0.311035,2,0.5928590625,0.3447254166666667,2
ngatrai_mp4-0020_jpg.rf.22754ab1cd56e1f3a27f2e249dc146f2,train,4,thang,train\images\ngatrai_mp4-0020_jpg.rf.22754ab1cd56e1f3a27f2e249dc146f2.jpg,0.529583203125,0.45081652777777775,0.501725234375,0.8311962499999999,0.34078015625,0.6256381944444445,2,0.6958285156249999,0.6206498611111111,2,0.43631585937499995,0.3495713888888889,2,0.48274437499999995,0.3099065277777778,2,0.522030078125,0.3892361111111111,2,0.56042296875,0.3130797222222222,2,0.597030078125,0.343225,2
ngatrai_mp4-0021_jpg.rf.bd5327636540f693c3dcaec00bced030,train,4,thang,train\images\ngatrai_mp4-0021_jpg.rf.bd5327636540f693c3dcaec00bced030.jpg,0.51652734375,0.39845888888888886,0.4798080468750001,0.7461072222222224,0.36249054687500004,0.63417875,2,0.6906571875,0.6310763888888888,2,0.441863984375,0.34718763888888887,2,0.48631976562499996,0.3134322222222222,2,0.5255132031249999,0.3924856944444444,2,0.567019375,0.31490694444444445,2,0.5993596875,0.3515081944444445,2
ngatrai_mp4-0022_jpg.rf.d73520959b5dafddb60d359e72f6ff87,train,4,thang,train\images\ngatrai_mp4-0022_jpg.rf.d73520959b5dafddb60d359e72f6ff87.jpg,0.5247160937500001,0.42814861111111113,0.49560414062499997,0.8031406944444445,0.36151359375,0.6489745833333334,2,0.684950625,0.6377444444444444,2,0.440400625,0.3541838888888889,2,0.49088843750000005,0.3106670833333333,2,0.527176484375,0.3836629166666667,2,0.568197734375,0.31207083333333335,2,0.6013303125,0.3583951388888889,2
ngatrai_mp4-0023_jpg.rf.a2aab85d1682ff0aaf2831b6eb2bf1b1,train,4,thang,train\images\ngatrai_mp4-0023_jpg.rf.a2aab85d1682ff0aaf2831b6eb2bf1b1.jpg,0.51957296875,0.4292708333333332,0.508742421875,0.8073758333333334,0.359461015625,0.6485361111111112,2,0.6880465625000001,0.6416508333333334,2,0.445133828125,0.3499725,2,0.48628375,0.3077256944444444,2,0.52875421875,0.3822591666666667,2,0.56583109375,0.3148783333333333,2,0.60211921875,0.3555876388888889,2
ngatrai_mp4-0024_jpg.rf.00912920d1cbd427ddbd3ffaad49932f,train,4,thang,train\images\ngatrai_mp4-0024_jpg.rf.00912920d1cbd427ddbd3ffaad49932f.jpg,0.5187184375,0.3924895833333333,0.46565492187499996,0.7469273611111109,0.342565859375,0.622465,2,0.701494453125,0.6097723611111111,2,0.44256578125,0.3495713888888889,2,0.49256585937499997,0.30832,2,0.52917296875,0.3860629166666667,2,0.5702443749999999,0.3194261111111111,2,0.60417296875,0.3479847222222222,2
ngatrai_mp4-0025_jpg.rf.c6ffa7a2f096a6db9761f96ca33765ef,train,4,thang,train\images\ngatrai_mp4-0025_jpg.rf.c6ffa7a2f096a6db9761f96ca33765ef.jpg,0.523618359375,0.40031055555555545,0.4683151562499999,0.7675948611111112,0.364210625,0.6388297222222222,2,0.678639609375,0.6414379166666667,2,0.44671164062499996,0.34664708333333333,2,0.49408234375,0.3106652777777778,2,0.5350651562500001,0.37752986111111114,2,0.573064609375,0.31726444444444446,2,0.6052746875,0.35647347222222225,2
ngatrai_mp4-0027_jpg.rf.bf29ed0500a6ae06a5360b0f4c0a968e,train,4,thang,train\images\ngatrai_mp4-0027_jpg.rf.bf29ed0500a6ae06a5360b0f4c0a968e.jpg,0.5215114062499999,0.40101138888888893,0.45512328125,0.7604090277777777,0.373130078125,0.634006111111111,2,0.696247421875,0.6283538888888889,2,0.456698359375,0.3407709722222222,2,0.502988828125,0.3099065277777778,2,0.540488828125,0.3876495833333334,2,0.582453125,0.32101277777777776,2,0.613703125,0.35750430555555557,2
ngatrai_mp4-0028_jpg.rf.e76904b7215cbce9947c2711ed282c07,train,4,thang,train\images\ngatrai_mp4-0028_jpg.rf.e76904b7215cbce9947c2711ed282c07.jpg,0.52928609375,0.43220833333333325,0.49193140625,0.8116105555555555,0.359821484375,0.6208784722222223,2,0.7125,0.6145320833333333,2,0.4616071875,0.3416383333333333,2,0.5116071875,0.30832,2,0.551785703125,0.3892361111111111,2,0.5901785937499999,0.31625291666666666,2,0.6178571093749999,0.3606775,2
ngatrai_mp4-0029_jpg.rf.330c3a16d919e9d614b53e5e686b73b2,train,4,thang,train\images\ngatrai_mp4-0029_jpg.rf.330c3a16d919e9d614b53e5e686b73b2.jpg,0.538060625,0.4371288888888889,0.4964117187500001,0.822337361111111,0.390701796875,0.6489745833333334,2,0.699150234375,0.6517820833333333,2,0.471166640625,0.3443575,2,0.5208654687500001,0.31207083333333335,2,0.557866875,0.38644750000000005,2,0.599752578125,0.3162820833333333,2,0.6257853124999999,0.36401013888888895,2
ngatrai_mp4-0031_jpg.rf.9e7b5820d4c9d45863df649ebd494ddf,train,1,nga_trai,train\images\ngatrai_mp4-0031_jpg.rf.9e7b5820d4c9d45863df649ebd494ddf.jpg,0.5546875,0.40314416666666675,0.47098210937499996,0.7527866666666666,0.403755234375,0.6340772222222222,2,0.7126186718749999,0.6631351388888889,2,0.498189296875,0.3397075,2,0.553571796875,0.3106495833333333,2,0.5919134374999999,0.38771625000000004,2,0.63025515625,0.32833694444444445,2,0.655816171875,0.3788725,2
ngatrai_mp4-0032_jpg.rf.af3fd18153b3381d6666e7734836a1a9,train,1,nga_trai,train\images\ngatrai_mp4-0032_jpg.rf.af3fd18153b3381d6666e7734836a1a9.jpg,0.574103046875,0.3696304166666666,0.41526968750000004,0.7114522222222222,0.412001328125,0.6489745833333334,2,0.72044984375,0.6573972222222223,2,0.50982125,0.34295375,2,0.5674089062500001,0.3106670833333333,2,0.603696875,0.39348930555555556,2,0.644718203125,0.3359348611111111,2,0.659706796875,0.4117381944444445,2
ngatrai_mp4-0034_jpg.rf.4ee686b53833c2dbb2740b490df1579f,train,1,nga_trai,train\images\ngatrai_mp4-0034_jpg.rf.4ee686b53833c2dbb2740b490df1579f.jpg,0.5938679687499999,0.39324930555555554,0.396575703125,0.710935,0.43073632812499996,0.629023611111111,2,0.740309921875,0.6846127777777777,2,0.54158109375,0.3379420833333333,2,0.604773828125,0.31393763888888887,2,0.63459515625,0.3960580555555556,2,0.677196953125,0.3417322222222222,2,0.695657734375,0.4137454166666667,2
ngatrai_mp4-0035_jpg.rf.3b9cef4531ab84f468039be8140a121d,train,1,nga_trai,train\images\ngatrai_mp4-0035_jpg.rf.3b9cef4531ab84f468039be8140a121d.jpg,0.5780230468750001,0.3762011111111112,0.44979632812499987,0.7015787500000001,0.434286484375,0.6416575,2,0.755220625,0.6757690277777778,2,0.552151640625,0.3333905555555556,2,0.614634453125,0.3144397222222222,2,0.6501359375,0.39655999999999997,2,0.692027734375,0.34223430555555556,2,0.7076484375,0.4180376388888889,2
ngatrai_mp4-0039_jpg.rf.7a40143b58e4b682fe245beeda4b47d6,train,1,nga_trai,train\images\ngatrai_mp4-0039_jpg.rf.7a40143b58e4b682fe245beeda4b47d6.jpg,0.58219390625,0.4180801388888889,0.44563789062500014,0.7768590277777778,0.447067109375,0.6189163888888889,2,0.776521484375,0.6833493055555556,2,0.566352265625,0.34097083333333333,2,0.628835,0.3144397222222222,2,0.65936640625,0.40287694444444444,2,0.7076484375,0.3523413888888889,2,0.726819375,0.41551083333333333,2
ngatrai_mp4-0042_jpg.rf.6528172c94596f6806b0c503d7609910,train,1,nga_trai,train\images\ngatrai_mp4-0042_jpg.rf.6528172c94596f6806b0c503d7609910.jpg,0.596942578125,0.43897291666666666,0.4317821874999999,0.80808375,0.45460031250000005,0.6321294444444444,2,0.752793515625,0.68126125,2,0.55557578125,0.34295375,2,0.619474375,0.3162820833333333,2,0.65102921875,0.39770055555555556,2,0.69678375,0.347165,2,0.71256109375,0.4173533333333333,2
ngatrai_mp4-0043_jpg.rf.0b79c86f01d8df2828c929742f90b39c,train,1,nga_trai,train\images\ngatrai_mp4-0043_jpg.rf.0b79c86f01d8df2828c929742f90b39c.jpg,0.58573984375,0.3798358333333334,0.4228746093749999,0.7001113888888888,0.44564703124999994,0.62397,2,0.755220625,0.68966625,2,0.554991796875,0.3371806944444445,2,0.6139243750000001,0.31570305555555556,2,0.647295859375,0.3902430555555556,2,0.692737890625,0.3460244444444444,2,0.711198671875,0.4218277777777778,2
ngatrai_mp4-0044_jpg.rf.b48bb89bd599394ce66657c810c44523,train,1,nga_trai,train\images\ngatrai_mp4-0044_jpg.rf.b48bb89bd599394ce66657c810c44523.jpg,0.59237390625,0.3798925,0.39590851562499996,0.7020109722222223,0.442096875,0.6277601388888889,2,0.760900859375,0.6934563888888888,2,0.551441640625,0.3397075,2,0.6139243750000001,0.31822986111111107,2,0.645165703125,0.4041402777777778,2,0.691317734375,0.3460244444444444,2,0.702678203125,0.4319348611111111,2
ngatrai_mp4-0045_jpg.rf.ef487277f3a1a1d9be8465f2019c8488,train,1,nga_trai,train\images\ngatrai_mp4-0045_jpg.rf.ef487277f3a1a1d9be8465f2019c8488.jpg,0.596509375,0.38863138888888876,0.38664179687499994,0.7197591666666666,0.444226953125,0.62397,2,0.748830234375,0.6858761111111111,2,0.55286171875,0.33844416666666666,2,0.6139243750000001,0.3169665277777778,2,0.64658578125,0.3952966666666667,2,0.68918765625,0.34476097222222224,2,0.7097785937500001,0.4142475,2
ngatrai_mp4-0046_jpg.rf.5015ad8e29f43ed3c38f36ff7bc7c716,train,1,nga_trai,train\images\ngatrai_mp4-0046_jpg.rf.5015ad8e29f43ed3c38f36ff7bc7c716.jpg,0.6089214843749999,0.38771916666666667,0.429777265625,0.6762508333333334,0.441386796875,0.6264968055555555,2,0.755930625,0.6782958333333333,2,0.552151640625,0.34476097222222224,2,0.613214375,0.3144397222222222,2,0.644455703125,0.4003501388888889,2,0.68918765625,0.34476097222222224,2,0.7076484375,0.4180376388888889,2
ngatrai_mp4-0047_jpg.rf.a6116edb7a6331e998b33f80404319d5,train,1,nga_trai,train\images\ngatrai_mp4-0047_jpg.rf.a6116edb7a6331e998b33f80404319d5.jpg,0.596651796875,0.4646568055555556,0.45669640625,0.7439961111111109,0.44351695312499995,0.6353405555555556,2,0.7495403125,0.6858761111111111,2,0.554281796875,0.33844416666666666,2,0.6110842187500001,0.3144397222222222,2,0.644455703125,0.3952966666666667,2,0.68847765625,0.3472877777777778,2,0.7119086718750001,0.41677416666666667,2
ngatrai_mp4-0049_jpg.rf.80aa8da6fba7a4274dfd7527a684be3b,train,1,nga_trai,train\images\ngatrai_mp4-0049_jpg.rf.80aa8da6fba7a4274dfd7527a684be3b.jpg,0.5912978125,0.3794384722222222,0.47054226562500007,0.6868134722222221,0.43854671874999995,0.6227066666666666,2,0.7651609374999999,0.6833493055555556,2,0.553571796875,0.33844416666666666,2,0.6139243750000001,0.31191291666666665,2,0.6501359375,0.3978233333333333,2,0.690607734375,0.3460244444444444,2,0.71403875,0.40666708333333335,2
ngatrai_mp4-0050_jpg.rf.c71ee2ddf7961b7007c7e87e915d06be,train,1,nga_trai,train\images\ngatrai_mp4-0050_jpg.rf.c71ee2ddf7961b7007c7e87e915d06be.jpg,0.5998191406250001,0.3852068055555556,0.4288546093750001,0.6973761111111112,0.453915390625,0.6321294444444444,2,0.7544751562500001,0.6756461111111111,2,0.554890859375,0.3359348611111111,2,0.6172117187499999,0.31768583333333333,2,0.65034421875,0.39770055555555556,2,0.694521015625,0.3499725,2,0.714242734375,0.41454569444444445,2
ngatrai_mp4-0051_jpg.rf.09d940420c27e45a680cdaceb3f51f17,train,1,nga_trai,train\images\ngatrai_mp4-0051_jpg.rf.09d940420c27e45a680cdaceb3f51f17.jpg,0.60838859375,0.4098380555555555,0.3813692968750001,0.7286456944444445,0.44962445312500005,0.6177786111111111,2,0.7606181249999999,0.6721043055555556,2,0.561099375,0.33983305555555554,2,0.623582109375,0.3145651388888889,2,0.658373671875,0.39668555555555557,2,0.6995553906249999,0.34994013888888886,2,0.717306171875,0.42448,2
ngatrai_mp4-0053_jpg.rf.71ad98614bb037ecefe05ba942d27f7f,train,1,nga_trai,train\images\ngatrai_mp4-0053_jpg.rf.71ad98614bb037ecefe05ba942d27f7f.jpg,0.60069328125,0.3774441666666666,0.415145078125,0.7227241666666667,0.452037265625,0.6201798611111111,2,0.773681328125,0.6997734722222222,2,0.572742578125,0.33844416666666666,2,0.64019546875,0.31949319444444446,2,0.6678867187499999,0.4041402777777778,2,0.715458828125,0.3536047222222222,2,0.730369453125,0.4268813888888889,2
ngatrai_mp4-0055_jpg.rf.fa2dcd62e03468fd8986f04437164989,train,1,nga_trai,train\images\ngatrai_mp4-0055_jpg.rf.fa2dcd62e03468fd8986f04437164989.jpg,0.604130546875,0.38923708333333323,0.41694382812499986,0.7237505555555556,0.469078046875,0.6138629166666666,2,0.784331875,0.7023001388888889,2,0.58978328125,0.3359173611111111,2,0.65865640625,0.3270736111111111,2,0.690607734375,0.40919388888888886,2,0.7353396875,0.36750208333333334,2,0.74457015625,0.4306715277777778,2
ngatrai_mp4-0056_jpg.rf.478d3cbbb808c24d9020e43bdd24897d,train,1,nga_trai,train\images\ngatrai_mp4-0056_jpg.rf.478d3cbbb808c24d9020e43bdd24897d.jpg,0.636249609375,0.4302601388888889,0.41386820312499994,0.7899372222222223,0.482210859375,0.6207152777777778,2,0.78829265625,0.7358240277777779,2,0.610796796875,0.3413659722222222,2,0.680217421875,0.33013583333333335,2,0.711772265625,0.4185730555555555,2,0.75989328125,0.37505625000000004,2,0.7662043749999999,0.4340144444444445,2
ngatrai_mp4-0057_jpg.rf.7176aa7092b6cb35a26e9c9db7914a0a,train,1,nga_trai,train\images\ngatrai_mp4-0057_jpg.rf.7176aa7092b6cb35a26e9c9db7914a0a.jpg,0.659821484375,0.45923875000000003,0.525,0.8813648611111111,0.505357109375,0.5750440277777777,2,0.79017859375,0.6719265277777778,2,0.626785703125,0.32727930555555557,2,0.69642859375,0.32886750000000003,2,0.722321484375,0.43686763888888885,2,0.7660714843750001,0.3781029166666667,2,0.77857140625,0.42575,2
ngatrai_mp4-0058_jpg.rf.b80657d2a9d2aeb67c885600380574a0,train,1,nga_trai,train\images\ngatrai_mp4-0058_jpg.rf.b80657d2a9d2aeb67c885600380574a0.jpg,0.6507811718750001,0.4200102777777778,0.41808031250000005,0.7476105555555554,0.489285703125,0.5748673611111111,2,0.831250078125,0.7081409722222222,2,0.6303571875,0.33529194444444443,2,0.7071428125,0.3368786111111111,2,0.737500078125,0.43842041666666665,2,0.78125,0.3892361111111111,2,0.7866071875,0.42731430555555555,2
ngatrai_mp4-0059_jpg.rf.cc01350f18e85162d4f150cff81d2452,train,1,nga_trai,train\images\ngatrai_mp4-0059_jpg.rf.cc01350f18e85162d4f150cff81d2452.jpg,0.656249921875,0.5065302777777778,0.4482142968750001,0.9869393055555556,0.49107140625,0.5925147222222222,2,0.8053571093749999,0.6846325,2,0.645535703125,0.33204402777777775,2,0.71339296875,0.3431616666666667,2,0.74464296875,0.44322055555555556,2,0.791071484375,0.3876322222222222,2,0.791071484375,0.4511616666666667,2
ngatrai_mp4-0060_jpg.rf.5fcfb3b6cf9ff88828d0ac2dd5eedb19,train,1,nga_trai,train\images\ngatrai_mp4-0060_jpg.rf.5fcfb3b6cf9ff88828d0ac2dd5eedb19.jpg,0.681640625,0.5319444444444444,0.46796875,0.9361111111111111,0.557812578125,0.6115736111111112,2,0.8470982812500001,0.70369125,2,0.67299109375,0.32886750000000003,2,0.74084828125,0.3606322222222222,2,0.77209828125,0.47180875,2,0.81495546875,0.4193969444444444,2,0.8185267968750001,0.46545583333333335,2
ngatrai_mp4-0062_jpg.rf.ffcdc2513147d8ae19425c43f19a889c,train,1,nga_trai,train\images\ngatrai_mp4-0062_jpg.rf.ffcdc2513147d8ae19425c43f19a889c.jpg,0.6933036718750001,0.4840530555555555,0.5116071875000001,0.90160375,0.575892890625,0.56869125,2,0.850000078125,0.7148088888888889,2,0.6919642968749999,0.3463381944444444,2,0.7651785156249999,0.34951472222222224,2,0.790178671875,0.48769125,2,0.8419642968750001,0.42257347222222225,2,0.8303572656249999,0.5019852777777778,2
ngatrai_mp4-0063_jpg.rf.aa21d3e4c43e97f031ff5270f8e29959,train,1,nga_trai,train\images\ngatrai_mp4-0063_jpg.rf.aa21d3e4c43e97f031ff5270f8e29959.jpg,0.71696421875,0.4293176388888889,0.4517857812499999,0.713047777777778,0.539285703125,0.56376125,2,0.87232140625,0.7462191666666667,2,0.700892890625,0.3543311111111111,2,0.7803571875,0.36385069444444446,2,0.80625,0.47649861111111114,2,0.8508928906250001,0.4241411111111111,2,0.8553571874999999,0.47967180555555555,2
ngatrai_mp4-0064_jpg.rf.ba88dc3911b3e5f4886ef135f8c65ae5,train,1,nga_trai,train\images\ngatrai_mp4-0064_jpg.rf.ba88dc3911b3e5f4886ef135f8c65ae5.jpg,0.72319609375,0.4715334722222222,0.4801723437499999,0.7933625,0.5563646875,0.6166879166666667,2,0.861657734375,0.7654872222222222,2,0.7078278124999999,0.3597988888888889,2,0.789081484375,0.3738365277777778,2,0.8143253906249999,0.4777152777777778,2,0.8600799218749999,0.4370059722222222,2,0.864813203125,0.5071943055555556,2
ngatrai_mp4-0065_jpg.rf.7af2ee9c290cc63e48aaa21db5fa2a44,train,1,nga_trai,train\images\ngatrai_mp4-0065_jpg.rf.7af2ee9c290cc63e48aaa21db5fa2a44.jpg,0.735379453125,0.45212250000000004,0.4578127343749999,0.7181730555555556,0.5473214843750001,0.5796272222222222,2,0.87767859375,0.7573252777777777,2,0.710714375,0.3590908333333333,2,0.79553578125,0.37337027777777776,2,0.82053578125,0.48284499999999997,2,0.86607140625,0.43207416666666665,2,0.865178671875,0.49553777777777774,2
ngatrai_mp4-0066_jpg.rf.53c92cbebed9e42cf1d49b1324afc8c2,train,1,nga_trai,train\images\ngatrai_mp4-0066_jpg.rf.53c92cbebed9e42cf1d49b1324afc8c2.jpg,0.76116078125,0.49300611111111114,0.46874992187500003,0.8297583333333334,0.57232140625,0.6020441666666666,2,0.862500078125,0.7386323611111111,2,0.7142857031250001,0.3431616666666667,2,0.79017859375,0.37333819444444444,2,0.82053578125,0.48610291666666666,2,0.86607140625,0.44322055555555556,2,0.8741071874999999,0.49880874999999997,2
ngatrai_mp4-0068_jpg.rf.741c4ed9015f93bc276c7c771b54cd5a,train,1,nga_trai,train\images\ngatrai_mp4-0068_jpg.rf.741c4ed9015f93bc276c7c771b54cd5a.jpg,0.737125625,0.4363533333333333,0.459677265625,0.7306672222222222,0.564932265625,0.6252334722222221,2,0.864565390625,0.7654697222222222,2,0.71474875,0.35992166666666664,2,0.7935621875,0.37381902777777776,2,0.817703359375,0.47236333333333336,2,0.8674055468749999,0.4344616666666667,2,0.8681155468749999,0.5127918055555556,2
ngatrai_mp4-0069_jpg.rf.ee1c818a06f85f39eb6d6092164502e7,train,1,nga_trai,train\images\ngatrai_mp4-0069_jpg.rf.ee1c818a06f85f39eb6d6092164502e7.jpg,0.721747578125,0.454282638888889,0.46904101562499995,0.7312613888888889,0.576086484375,0.6251106944444444,2,0.8656020312500001,0.7626795833333333,2,0.71256109375,0.36401013888888895,2,0.793814765625,0.3752402777777778,2,0.815903203125,0.4791190277777778,2,0.8656020312500001,0.4313909722222222,2,0.8727017968749999,0.5128093055555555,2
ngatrai_mp4-0070_jpg.rf.dbdf999af07685c075dbda6725c73b7c,train,1,nga_trai,train\images\ngatrai_mp4-0070_jpg.rf.dbdf999af07685c075dbda6725c73b7c.jpg,0.735714296875,0.4217348611111111,0.44464289062500006,0.7439254166666669,0.548214296875,0.5780394444444444,2,0.884821484375,0.7620838888888888,2,0.71339296875,0.35750305555555556,2,0.7928571875,0.37019583333333334,2,0.81875,0.4780840277777778,2,0.8633928125000001,0.4447655555555556,2,0.870535703125,0.4780840277777778,2
ngatrai_mp4-0072_jpg.rf.f978c6cdc8e27a5bba09b749d3d3a5f8,train,1,nga_trai,train\images\ngatrai_mp4-0072_jpg.rf.f978c6cdc8e27a5bba09b749d3d3a5f8.jpg,0.73876640625,0.47122152777777776,0.4782767968749999,0.7876352777777776,0.56977546875,0.6152843055555556,2,0.853768984375,0.7696984722222222,2,0.707038984375,0.35699138888888887,2,0.78829265625,0.3752402777777778,2,0.81038109375,0.47069638888888893,2,0.8592910937499999,0.43419847222222224,2,0.871124140625,0.49175291666666665,2
ngatrai_mp4-0073_jpg.rf.0b866c031f94b721a0907bb158d1c374,train,1,nga_trai,train\images\ngatrai_mp4-0073_jpg.rf.0b866c031f94b721a0907bb158d1c374.jpg,0.713392578125,0.5105148611111111,0.5053573437500001,0.978970138888889,0.56562484375,0.6132086111111111,2,0.8540176562499999,0.7275613888888889,2,0.701339296875,0.35427930555555553,2,0.7915178125,0.35904402777777783,2,0.8040177343750001,0.4940906944444444,2,0.873660625,0.4463970833333333,2,0.8477678125000001,0.5131029166666666,2
ngatrai_mp4-0074_jpg.rf.f7754403fefabcfb6b155eed6f6487c6,train,1,nga_trai,train\images\ngatrai_mp4-0074_jpg.rf.f7754403fefabcfb6b155eed6f6487c6.jpg,0.7073660937499999,0.43106291666666674,0.474553515625,0.7189109722222222,0.54642859375,0.581215,2,0.879464296875,0.7478069444444445,2,0.7026785156249999,0.3543323611111111,2,0.7803571875,0.37019819444444446,2,0.8089285937499999,0.47967305555555556,2,0.854464296875,0.4352484722222222,2,0.864285703125,0.47967305555555556,2
ngatrai_mp4-0075_jpg.rf.ef50528fbf74905cb80386d5a4ef166d,train,1,nga_trai,train\images\ngatrai_mp4-0075_jpg.rf.ef50528fbf74905cb80386d5a4ef166d.jpg,0.71294640625,0.5247902777777779,0.48303570312499994,0.9504191666666666,0.551785703125,0.6588248611111112,2,0.8589285156249999,0.7334718055555556,2,0.7026785156249999,0.3538834722222222,2,0.77857140625,0.3665893055555556,2,0.804464375,0.47458944444444445,2,0.853571484375,0.4396481944444444,2,0.8508928906250001,0.5047658333333334,2
ngatrai_mp4-0076_jpg.rf.8f093302e48f099b28e72dda6224cfd4,train,1,nga_trai,train\images\ngatrai_mp4-0076_jpg.rf.8f093302e48f099b28e72dda6224cfd4.jpg,0.711160625,0.5487931944444444,0.511607109375,0.9024134722222222,0.565178671875,0.5893383333333333,2,0.8526786718749999,0.7322795833333333,2,0.7071428125,0.34951472222222224,2,0.779464296875,0.3622205555555556,2,0.7982143749999999,0.4781616666666667,2,0.85267859375,0.4305147222222222,2,0.84375,0.5099263888888889,2
ngatrai_mp4-0077_jpg.rf.ca069c05bf73bb75abeb3d1dcc52e39f,train,1,nga_trai,train\images\ngatrai_mp4-0077_jpg.rf.ca069c05bf73bb75abeb3d1dcc52e39f.jpg,0.7229910937499999,0.4296676388888888,0.443303515625,0.7280306944444445,0.54553578125,0.5764538888888889,2,0.878571484375,0.7525654166666667,2,0.700000078125,0.3559177777777778,2,0.7821428906250001,0.3670238888888889,2,0.807142890625,0.47649861111111114,2,0.85178578125,0.4304875,2,0.8571429687500001,0.48125847222222223,2
ngatrai_mp4-0078_jpg.rf.928671f12cddfa990cce02580c1cc49c,train,1,nga_trai,train\images\ngatrai_mp4-0078_jpg.rf.928671f12cddfa990cce02580c1cc49c.jpg,0.725446484375,0.5275662499999999,0.4812500781250001,0.944867361111111,0.5660714062500001,0.5813972222222222,2,0.8589285156249999,0.7132205555555556,2,0.700892890625,0.34157347222222223,2,0.77589296875,0.35745583333333336,2,0.800000078125,0.47657347222222224,2,0.865178671875,0.43369111111111114,2,0.856250078125,0.4892794444444445,2
ngatrai_mp4-0080_jpg.rf.ad3afc04b097d6e28d5638215da4a8ba,train,1,nga_trai,train\images\ngatrai_mp4-0080_jpg.rf.ad3afc04b097d6e28d5638215da4a8ba.jpg,0.727566953125,0.5295368055555556,0.45558031249999986,0.8931968055555556,0.572991171875,0.5988677777777778,2,0.869419609375,0.749750138888889,2,0.702455546875,0.33680875,2,0.7792411718750001,0.35110291666666665,2,0.804241171875,0.4765736111111111,2,0.8488840625,0.4225736111111111,2,0.8569196874999999,0.49245597222222226,2
ngatrai_mp4-0081_jpg.rf.b3f42796df7a55d0ddeb46d1179947e2,train,1,nga_trai,train\images\ngatrai_mp4-0081_jpg.rf.b3f42796df7a55d0ddeb46d1179947e2.jpg,0.7028625,0.4329990277777779,0.4619252343750001,0.72053875,0.5516314062500001,0.6194955555555556,2,0.8529801562499999,0.7542570833333334,2,0.695994765625,0.36260638888888885,2,0.776459609375,0.36962527777777776,2,0.8056478125,0.47490763888888887,2,0.8466690625,0.42577583333333335,2,0.8624465625,0.4987716666666666,2
ngatrai_mp4-0082_jpg.rf.c0de223347c82a30a9ba1dc5db6063aa,train,1,nga_trai,train\images\ngatrai_mp4-0082_jpg.rf.c0de223347c82a30a9ba1dc5db6063aa.jpg,0.7174106250000001,0.44058638888888885,0.4508928124999999,0.7252562499999999,0.54642859375,0.5748673611111111,2,0.879464296875,0.7573252777777777,2,0.698214296875,0.3511579166666667,2,0.77857140625,0.3717836111111111,2,0.80714296875,0.47649861111111114,2,0.85178578125,0.4304875,2,0.8589285156249999,0.48284499999999997,2
ngatrai_mp4-0083_jpg.rf.d5811984f3b94f32e9f62f39dacaefb3,train,1,nga_trai,train\images\ngatrai_mp4-0083_jpg.rf.d5811984f3b94f32e9f62f39dacaefb3.jpg,0.719196328125,0.42530847222222223,0.443749921875,0.7367847222222222,0.544642890625,0.5732806944444444,2,0.879464296875,0.7541522222222222,2,0.698214296875,0.35274458333333336,2,0.7776785937499999,0.3670238888888889,2,0.8089285937499999,0.4701522222222222,2,0.85267859375,0.42890097222222223,2,0.857142890625,0.48284499999999997,2
ngatrai_mp4-0085_jpg.rf.9cda453101910952647aca9f25c11cf0,train,1,nga_trai,train\images\ngatrai_mp4-0085_jpg.rf.9cda453101910952647aca9f25c11cf0.jpg,0.713516484375,0.44439444444444437,0.4614575,0.709167361111111,0.549949765625,0.6082654166666667,2,0.857609296875,0.7654872222222222,2,0.699835234375,0.36120263888888887,2,0.773989140625,0.3682215277777778,2,0.8047549999999999,0.4777152777777778,2,0.84893171875,0.4356022222222222,2,0.8591871093749999,0.5085980555555556,2
ngatrai_mp4-0086_jpg.rf.77cd27f81c4a69e3cb58ea5ae6651eb6,train,1,nga_trai,train\images\ngatrai_mp4-0086_jpg.rf.77cd27f81c4a69e3cb58ea5ae6651eb6.jpg,0.7063615624999999,0.5065093055555555,0.47120539062500005,0.9869812499999998,0.55669640625,0.5841776388888889,2,0.862946484375,0.7191776388888889,2,0.695089375,0.34753055555555556,2,0.776339296875,0.37453055555555553,2,0.801339296875,0.4904718055555556,2,0.853125,0.43329527777777777,2,0.849553671875,0.4936481944444444,2
ngatrai_mp4-0088_jpg.rf.0c65ce74862cec679daf1c0c4a692d1c,train,1,nga_trai,train\images\ngatrai_mp4-0088_jpg.rf.0c65ce74862cec679daf1c0c4a692d1c.jpg,0.7425223437499999,0.5208220833333334,0.46495546875000004,0.9583558333333334,0.548214296875,0.5948994444444444,2,0.84642859375,0.7156052777777778,2,0.6991071875,0.3550758333333333,2,0.7741071093749999,0.36460513888888885,2,0.804464375,0.4821347222222222,2,0.854464296875,0.4265463888888889,2,0.85,0.48689930555555555,2
ngatrai_mp4-0089_jpg.rf.8fb6287332a3089de3be78e8d10dc61d,train,1,nga_trai,train\images\ngatrai_mp4-0089_jpg.rf.8fb6287332a3089de3be78e8d10dc61d.jpg,0.715200859375,0.44532861111111116,0.4532690624999999,0.7236816666666667,0.553998046875,0.6449475,2,0.863235390625,0.7769013888888889,2,0.699150234375,0.36700194444444445,2,0.776459609375,0.37261694444444443,2,0.8040701562500001,0.4793031944444444,2,0.849035703125,0.4385938888888889,2,0.850613515625,0.5101859722222223,2
ngatrai_mp4-0090_jpg.rf.235ce0a28054ffc44d8240e2e0ebc179,train,1,nga_trai,train\images\ngatrai_mp4-0090_jpg.rf.235ce0a28054ffc44d8240e2e0ebc179.jpg,0.7071428125,0.45952583333333336,0.4785715625,0.7729198611111112,0.560714296875,0.6020875,2,0.862499921875,0.7339111111111112,2,0.70178578125,0.35591097222222223,2,0.77589296875,0.3669852777777778,2,0.8053571875,0.5052051388888888,2,0.85178578125,0.4305147222222222,2,0.85178578125,0.49880874999999997,2
ngatrai_mp4-0091_jpg.rf.c075f288b60c3b94a87a7299d72854fd,train,1,nga_trai,train\images\ngatrai_mp4-0091_jpg.rf.c075f288b60c3b94a87a7299d72854fd.jpg,0.757421875,0.5284722222222222,0.48515625,0.9430555555555555,0.557142890625,0.5861618055555555,2,0.8633928125000001,0.7386323611111111,2,0.705357109375,0.3526911111111111,2,0.7857142968749999,0.37333819444444444,2,0.7973214843750001,0.4829263888888889,2,0.854464296875,0.43369111111111114,2,0.85178578125,0.4813381944444444,2
ngatrai_mp4-0092_jpg.rf.ba0fd9d67daae0f6b435949a9418510e,train,1,nga_trai,train\images\ngatrai_mp4-0092_jpg.rf.ba0fd9d67daae0f6b435949a9418510e.jpg,0.713392890625,0.43065861111111114,0.466071484375,0.7292294444444445,0.54375,0.5780416666666667,2,0.878571484375,0.7541531944444445,2,0.700892890625,0.3606786111111111,2,0.77857140625,0.37019819444444446,2,0.808035703125,0.47174,2,0.85267859375,0.43366194444444445,2,0.856250078125,0.4891926388888889,2
ngatrai_mp4-0094_jpg.rf.dee06b587541c4e0e0d3c495fb4747e0,train,1,nga_trai,train\images\ngatrai_mp4-0094_jpg.rf.dee06b587541c4e0e0d3c495fb4747e0.jpg,0.71964296875,0.4477237500000001,0.46428570312499995,0.8249772222222223,0.549107109375,0.5921187499999999,2,0.856250078125,0.7144129166666666,2,0.70178578125,0.34911875,2,0.77857140625,0.3602363888888889,2,0.8008928125000001,0.48570694444444446,2,0.853571484375,0.43170694444444446,2,0.8508928906250001,0.5015893055555556,2
ngatrai_mp4-0095_jpg.rf.17149791077281e2dfd3ab5cc5cc6058,train,1,nga_trai,train\images\ngatrai_mp4-0095_jpg.rf.17149791077281e2dfd3ab5cc5cc6058.jpg,0.71953109375,0.5366951388888889,0.4609375,0.9266097222222223,0.565178515625,0.5972795833333333,2,0.8598214843750001,0.7418088888888889,2,0.70178578125,0.3526911111111111,2,0.77857140625,0.3717498611111111,2,0.7973214843750001,0.47975,2,0.85,0.43527930555555555,2,0.84375,0.5099263888888889,2
ngatrai_mp4-0096_jpg.rf.ab5188e43fbf3bb33a98e366558299a7,train,1,nga_trai,train\images\ngatrai_mp4-0096_jpg.rf.ab5188e43fbf3bb33a98e366558299a7.jpg,0.722822734375,0.4619758333333333,0.43760984374999995,0.7947594444444445,0.5674089062500001,0.6349369444444445,2,0.849035703125,0.7598720833333333,2,0.700728046875,0.36541402777777776,2,0.776459609375,0.3724327777777777,2,0.80249234375,0.47490763888888887,2,0.850613515625,0.42858347222222226,2,0.856135625,0.5071943055555556,2
ngatrai_mp4-0097_jpg.rf.857bae410b3fb5c00dbf6d29f07d3061,train,1,nga_trai,train\images\ngatrai_mp4-0097_jpg.rf.857bae410b3fb5c00dbf6d29f07d3061.jpg,0.7219866406250001,0.4352313888888889,0.4506696874999999,0.7359731944444445,0.541964296875,0.5748673611111111,2,0.88303578125,0.7573252777777777,2,0.698214296875,0.3511579166666667,2,0.779464296875,0.37019708333333334,2,0.804464375,0.4749120833333333,2,0.85267859375,0.42731430555555555,2,0.8580357812500001,0.4780852777777778,2
ngatrai_mp4-0098_jpg.rf.dae597e3d7843b49cbbe3f065aa43d56,train,1,nga_trai,train\images\ngatrai_mp4-0098_jpg.rf.dae597e3d7843b49cbbe3f065aa43d56.jpg,0.716716015625,0.45028444444444443,0.45510859375,0.7727697222222222,0.560308984375,0.6321294444444444,2,0.8553466406249999,0.7640834722222222,2,0.701516875,0.36681777777777774,2,0.776459609375,0.3738365277777778,2,0.801703515625,0.4763113888888889,2,0.849035703125,0.42998722222222224,2,0.85771328125,0.4987716666666666,2
ngatrai_mp4-0099_jpg.rf.6d33468415b495453baa659f0d32c1c2,train,1,nga_trai,train\images\ngatrai_mp4-0099_jpg.rf.6d33468415b495453baa659f0d32c1c2.jpg,0.718749921875,0.4449520833333333,0.44107140625000013,0.7577973611111111,0.54642859375,0.5828002777777778,2,0.879464296875,0.75573875,2,0.697321484375,0.35750430555555557,2,0.7803571875,0.3670238888888889,2,0.808035703125,0.47649861111111114,2,0.85,0.4304875,2,0.854464296875,0.4860181944444445,2
ngatrai_mp4-0102_jpg.rf.1ec1a24959ea5dde5c0c627e49c8ad54,train,1,nga_trai,train\images\ngatrai_mp4-0102_jpg.rf.1ec1a24959ea5dde5c0c627e49c8ad54.jpg,0.71415609375,0.4474175,0.4679449218749999,0.7796490277777778,0.568197734375,0.6237068055555556,2,0.8545578125000001,0.7556608333333332,2,0.700728046875,0.3555876388888889,2,0.7780374218749999,0.3724327777777777,2,0.803281171875,0.4721001388888889,2,0.84982453125,0.4327947222222222,2,0.856924453125,0.5114055555555556,2
ngatrai_mp4-0103_jpg.rf.41f5a172f99c9ff8432ce3742ff2460a,train,1,nga_trai,train\images\ngatrai_mp4-0103_jpg.rf.41f5a172f99c9ff8432ce3742ff2460a.jpg,0.7085938281249999,0.45544819444444445,0.4703125781249999,0.7428686111111111,0.5582590625,0.5909263888888888,2,0.86540203125,0.7243383333333333,2,0.6966518749999999,0.3463381944444444,2,0.777901875,0.3653969444444444,2,0.8064733593750001,0.4829263888888889,2,0.859151875,0.42575,2,0.852009140625,0.5083381944444444,2
ngatrai_mp4-0104_jpg.rf.2430cf0cda1db81b83013d2d13b536b2,train,1,nga_trai,train\images\ngatrai_mp4-0104_jpg.rf.2430cf0cda1db81b83013d2d13b536b2.jpg,0.721763515625,0.44495111111111113,0.4421876562499999,0.7196979166666667,0.5473214843750001,0.5796272222222222,2,0.8794643750000001,0.75573875,2,0.700000078125,0.3559177777777778,2,0.775892890625,0.36861041666666666,2,0.8080357812500001,0.47649861111111114,2,0.850000078125,0.42890097222222223,2,0.8616072656249999,0.4701522222222222,2
ngatrai_mp4-0105_jpg.rf.b26be5d36d2e27e1d0bc64e8eaa00000,train,1,nga_trai,train\images\ngatrai_mp4-0105_jpg.rf.b26be5d36d2e27e1d0bc64e8eaa00000.jpg,0.731584765625,0.5158148611111112,0.5082589062499999,0.9016072222222223,0.567857109375,0.5893383333333333,2,0.8633928125000001,0.7576913888888888,2,0.698214296875,0.35110291666666665,2,0.773214375,0.3606322222222222,2,0.7973214843750001,0.48769125,2,0.8553571874999999,0.43210291666666667,2,0.84375,0.517867638888889,2
ngatrai_mp4-0107_jpg.rf.4e3d53dfe3d8da1d8387627d67370021,train,1,nga_trai,train\images\ngatrai_mp4-0107_jpg.rf.4e3d53dfe3d8da1d8387627d67370021.jpg,0.702566953125,0.4203494444444444,0.44665195312499995,0.7562155555555555,0.529464296875,0.5828002777777778,2,0.8714285937499999,0.7430459722222222,2,0.68125,0.3463981944444444,2,0.75892859375,0.36385069444444446,2,0.784821484375,0.4733254166666667,2,0.833035703125,0.42255458333333334,2,0.8375,0.46539250000000004,2
ngatrai_mp4-0108_jpg.rf.8be937e4f66c6dd75ccf28cfa2298ad4,train,1,nga_trai,train\images\ngatrai_mp4-0108_jpg.rf.8be937e4f66c6dd75ccf28cfa2298ad4.jpg,0.7142857031250001,0.40823097222222227,0.5071428906250001,0.6913116666666665,0.54017859375,0.5972795833333333,2,0.8455358593750001,0.7084559722222222,2,0.67053578125,0.3352205555555556,2,0.748214296875,0.35904402777777783,2,0.770535703125,0.4575147222222222,2,0.827678671875,0.4130440277777778,2,0.825000078125,0.4733970833333333,2
ngatrai_mp4-0109_jpg.rf.7298c0dba8ec8f659ab23a2e594fbd86,train,1,nga_trai,train\images\ngatrai_mp4-0109_jpg.rf.7298c0dba8ec8f659ab23a2e594fbd86.jpg,0.7012618749999999,0.4827065277777778,0.4815415625,0.85675625,0.5328025000000001,0.6293218055555555,2,0.840462109375,0.7528531944444444,2,0.6590217968750001,0.35278,2,0.7355423437499999,0.3541838888888889,2,0.759997265625,0.45244736111111106,2,0.8096960937500001,0.40331555555555554,2,0.8207403125000001,0.47069638888888893,2
ngatrai_mp4-0110_jpg.rf.9914b6be119304466d9c06ecba2f37b3,train,1,nga_trai,train\images\ngatrai_mp4-0110_jpg.rf.9914b6be119304466d9c06ecba2f37b3.jpg,0.6727640625,0.4229436111111111,0.426381171875,0.75257375,0.5279653125,0.6279181944444444,2,0.830102890625,0.7374118055555556,2,0.6494514062500001,0.35278,2,0.7220275,0.3541838888888889,2,0.7441159374999999,0.4412172222222222,2,0.7985480468749999,0.4019118055555556,2,0.81195875,0.4510436111111111,2
ngatrai_mp4-0111_jpg.rf.9ef15d61a1642164235c624027bd4b50,train,1,nga_trai,train\images\ngatrai_mp4-0111_jpg.rf.9ef15d61a1642164235c624027bd4b50.jpg,0.660268125,0.37908875,0.3955357812500001,0.6955315277777777,0.49821429687499996,0.5861618055555555,2,0.81875,0.6655736111111111,2,0.628571484375,0.33680875,2,0.68214296875,0.34157347222222223,2,0.716964296875,0.4495734722222222,2,0.768750078125,0.3765145833333334,2,0.7741071093749999,0.4511616666666667,2
ngatrai_mp4-0112_jpg.rf.c4a1a7758379386e3777d76ea88e3949,train,1,nga_trai,train\images\ngatrai_mp4-0112_jpg.rf.c4a1a7758379386e3777d76ea88e3949.jpg,0.654232578125,0.39240652777777774,0.4094571875,0.7011154166666667,0.50666578125,0.6475708333333333,2,0.8040701562500001,0.7093365277777778,2,0.6076413281249999,0.34576125,2,0.6652289062500001,0.3387423611111111,2,0.700728046875,0.42577583333333335,2,0.74727140625,0.36681777777777774,2,0.76147109375,0.4384097222222222,2
ngatrai_mp4-0113_jpg.rf.f1876b16ebf1fce1d0c78fde5b9c7af2,train,1,nga_trai,train\images\ngatrai_mp4-0113_jpg.rf.f1876b16ebf1fce1d0c78fde5b9c7af2.jpg,0.640651640625,0.39423180555555554,0.3827789062500001,0.6793558333333333,0.4768884375,0.6429209722222222,2,0.812023046875,0.7149340277777778,2,0.5848131249999999,0.35107805555555555,2,0.643035703125,0.3333905555555556,2,0.6785371875,0.4205643055555556,2,0.728239375,0.3649752777777778,2,0.7360496875,0.44077861111111105,2
ngatrai_mp4-0114_jpg.rf.71811b018205df4ad09ec37212dc5aeb,train,1,nga_trai,train\images\ngatrai_mp4-0114_jpg.rf.71811b018205df4ad09ec37212dc5aeb.jpg,0.628688671875,0.4109218055555556,0.45048242187500004,0.7501119444444444,0.4841934375,0.6530091666666666,2,0.7863309375,0.7063522222222223,2,0.57096921875,0.3582183333333333,2,0.6214569531249999,0.32733555555555555,2,0.6561672656249999,0.41296527777777775,2,0.704288359375,0.3540070833333333,2,0.7169103125,0.42559916666666664,2
ngatrai_mp4-0116_jpg.rf.6496d8456d802655803b4779183d92a2,train,4,thang,train\images\ngatrai_mp4-0116_jpg.rf.6496d8456d802655803b4779183d92a2.jpg,0.5736607812499999,0.4283647222222222,0.4733512499999999,0.7679608333333334,0.42448289062500005,0.6418727777777777,2,0.767266171875,0.64345875,2,0.517266171875,0.3546991666666667,2,0.5619090625000001,0.32614055555555554,2,0.600301953125,0.40864333333333336,2,0.644944765625,0.33883319444444443,2,0.666373359375,0.37532486111111113,2
ngatrai_mp4-0117_jpg.rf.d9aa7dbf4cb75ab5aa59325d26f620a1,train,4,thang,train\images\ngatrai_mp4-0117_jpg.rf.d9aa7dbf4cb75ab5aa59325d26f620a1.jpg,0.580126640625,0.3844208333333334,0.43076796875,0.6781170833333334,0.40535718750000005,0.6129454166666667,2,0.7616071875,0.6399174999999999,2,0.5008928125,0.35750430555555557,2,0.549107109375,0.32101277777777776,2,0.582142890625,0.40986180555555557,2,0.628571484375,0.33529194444444443,2,0.6571428906250001,0.36861041666666666,2
ngatrai_mp4-0120_jpg.rf.0901733a74fad86eac11c366484dffff,train,4,thang,train\images\ngatrai_mp4-0120_jpg.rf.0901733a74fad86eac11c366484dffff.jpg,0.541631171875,0.42833875000000005,0.514854921875,0.8070127777777777,0.37807984375000003,0.6756461111111111,2,0.69205046875,0.6644161111111111,2,0.441978359375,0.3752402777777778,2,0.48063304687499997,0.3247047222222222,2,0.519287734375,0.40612319444444445,2,0.564253359375,0.3162820833333333,2,0.599752578125,0.34856875000000004,2
ngatrai_mp4-0121_jpg.rf.3dc9fdc8b65d7efff49e092623a4d9e4,train,4,thang,train\images\ngatrai_mp4-0121_jpg.rf.3dc9fdc8b65d7efff49e092623a4d9e4.jpg,0.5231984375,0.3761879166666667,0.4114692968749999,0.70689375,0.362499921875,0.6353970833333333,2,0.689285625,0.60680875,2,0.42767859374999995,0.35745583333333336,2,0.46874992187500003,0.31775,2,0.5035714062500001,0.41145583333333335,2,0.5553571093749999,0.31139694444444443,2,0.5928571093749999,0.32410291666666663,2
ngatrai_mp4-0123_jpg.rf.c45661433e0af3a3d177bc3fcad5c134,train,4,thang,train\images\ngatrai_mp4-0123_jpg.rf.c45661433e0af3a3d177bc3fcad5c134.jpg,0.50412515625,0.37838847222222227,0.43012546875,0.7216963888888889,0.348102734375,0.67705,2,0.6731175,0.6363406944444444,2,0.408056953125,0.36681777777777774,2,0.452233671875,0.32049347222222224,2,0.491677265625,0.39910430555555554,2,0.5319096875,0.31347458333333333,2,0.570564375,0.34856875000000004,2
ngatrai_mp4-0125_jpg.rf.494745934392d94218bdeda278a83e7b,train,4,thang,train\images\ngatrai_mp4-0125_jpg.rf.494745934392d94218bdeda278a83e7b.jpg,0.520241328125,0.4306659722222222,0.5172800000000001,0.8273708333333333,0.346525,0.6854725,2,0.669173203125,0.6559934722222222,2,0.40726804687499996,0.37102902777777774,2,0.448289375,0.32049347222222224,2,0.489310625,0.39489305555555554,2,0.5303319531249999,0.3162820833333333,2,0.5689865625,0.34576125,2
ngatrai_mp4-0126_jpg.rf.58c447d4d20ec70e28022d0b49f1d5f4,train,4,thang,train\images\ngatrai_mp4-0126_jpg.rf.58c447d4d20ec70e28022d0b49f1d5f4.jpg,0.518563828125,0.42890180555555557,0.514113359375,0.818310277777778,0.335714296875,0.6367443055555555,2,0.700000078125,0.6113590277777777,2,0.40267859375,0.3559177777777778,2,0.44642859375,0.3194261111111111,2,0.49107140625,0.39240930555555553,2,0.529464296875,0.31149319444444445,2,0.567857109375,0.33846513888888885,2
ngatrai_mp4-0127_jpg.rf.4ed0103f58aae54f388795a03d020106,train,4,thang,train\images\ngatrai_mp4-0127_jpg.rf.4ed0103f58aae54f388795a03d020106.jpg,0.51387140625,0.43038791666666676,0.5103482812500001,0.8122938888888889,0.335714296875,0.6240516666666667,2,0.6991071875,0.6065991666666667,2,0.40714281249999995,0.3717836111111111,2,0.4491071875,0.32735902777777776,2,0.4928571875,0.3971690277777778,2,0.5303571875,0.31625291666666666,2,0.568750078125,0.3368786111111111,2
ngatrai_mp4-0128_jpg.rf.95ca0abe517dfe87fa4ac1744d7cdba5,train,4,thang,train\images\ngatrai_mp4-0128_jpg.rf.95ca0abe517dfe87fa4ac1744d7cdba5.jpg,0.5175790625000001,0.3837809722222222,0.37939289062500003,0.7078234722222222,0.35362484375,0.6700311111111111,2,0.675484140625,0.6489745833333334,2,0.411212421875,0.37102902777777774,2,0.45144484374999994,0.32049347222222224,2,0.49246609374999994,0.39348930555555556,2,0.5319096875,0.31207083333333335,2,0.570564375,0.34576125,2
ngatrai_mp4-0129_jpg.rf.32cd41bab0f31410b73019a54f2403d7,train,4,thang,train\images\ngatrai_mp4-0129_jpg.rf.32cd41bab0f31410b73019a54f2403d7.jpg,0.50288375,0.37169166666666664,0.39928375000000005,0.7108325,0.34553578125,0.6195147222222221,2,0.6678571875,0.5909263888888888,2,0.40982140625,0.3479263888888889,2,0.448214296875,0.3225145833333333,2,0.488392890625,0.4051029166666667,2,0.53125,0.31139694444444443,2,0.573214296875,0.33045583333333334,2
ngatrai_mp4-0131_jpg.rf.04dc882c1da6bdffcf2969669b7d2aae,train,4,thang,train\images\ngatrai_mp4-0131_jpg.rf.04dc882c1da6bdffcf2969669b7d2aae.jpg,0.51951734375,0.4212708333333334,0.516958203125,0.8153593055555556,0.339285703125,0.6303980555555555,2,0.69375,0.6113590277777777,2,0.40803578125,0.36543722222222225,2,0.451785703125,0.32894569444444444,2,0.49464289062500005,0.4003422222222222,2,0.53303578125,0.3130797222222222,2,0.573214296875,0.3416383333333333,2
ngatrai_mp4-0134_jpg.rf.88074104f80515855f10df5b23526b9c,train,4,thang,train\images\ngatrai_mp4-0134_jpg.rf.88074104f80515855f10df5b23526b9c.jpg,0.52226671875,0.41198541666666666,0.5037652343749999,0.7957202777777778,0.328571484375,0.6319845833333334,2,0.6991071875,0.6050125,2,0.41160710937499995,0.37019708333333334,2,0.45535710937499996,0.32735902777777776,2,0.49821429687499996,0.4035154166666666,2,0.5348214062500001,0.31149319444444445,2,0.575,0.343225,2
ngatrai_mp4-0135_jpg.rf.44e341a274ea62124cdac60d45355d82,train,4,thang,train\images\ngatrai_mp4-0135_jpg.rf.44e341a274ea62124cdac60d45355d82.jpg,0.5223730468750001,0.42479027777777784,0.5063115625,0.7929788888888889,0.35441375,0.6798575,2,0.67153984375,0.6517820833333333,2,0.414367890625,0.36681777777777774,2,0.453022578125,0.32891597222222224,2,0.495621640625,0.4005080555555555,2,0.5311207812500001,0.3162820833333333,2,0.5729309375,0.34295375,2
ngatrai_mp4-0138_jpg.rf.324e0260a9cb822378a550f35a0de05c,train,4,thang,train\images\ngatrai_mp4-0138_jpg.rf.324e0260a9cb822378a550f35a0de05c.jpg,0.5184314062500001,0.4283822222222222,0.5128711718750001,0.8130345833333333,0.36151359375,0.6714348611111112,2,0.662073359375,0.6531858333333334,2,0.418312265625,0.3724327777777777,2,0.45381148437499996,0.3275122222222222,2,0.49404390625000005,0.39910430555555554,2,0.5350651562500001,0.3190897222222222,2,0.575297578125,0.347165,2
ngatrai_mp4-0140_jpg.rf.d9b3d9eb04fd645224bf7bafc9422be6,train,4,thang,train\images\ngatrai_mp4-0140_jpg.rf.d9b3d9eb04fd645224bf7bafc9422be6.jpg,0.51963140625,0.4237772222222222,0.5044880468749999,0.7880370833333333,0.366246796875,0.6700311111111111,2,0.675484140625,0.6686272222222223,2,0.42067890625000004,0.3682215277777778,2,0.463277890625,0.3233009722222222,2,0.5035103125,0.39348930555555556,2,0.5413760937500001,0.3162820833333333,2,0.5808196875,0.34856875000000004,2
ngatrai_mp4-0141_jpg.rf.85254904cace3029214d570449e8a92c,train,4,thang,train\images\ngatrai_mp4-0141_jpg.rf.85254904cace3029214d570449e8a92c.jpg,0.518818046875,0.3722031944444445,0.38731351562500005,0.69684125,0.359821484375,0.6274559722222223,2,0.6732143749999999,0.6052206944444444,2,0.422321484375,0.3526911111111111,2,0.46785718750000005,0.3256911111111111,2,0.5151785156249999,0.40351458333333334,2,0.5553571093749999,0.3209263888888889,2,0.588392890625,0.3431616666666667,2
ngatrai_mp4-0143_jpg.rf.ee21d33d8fa2572d32b7ea5d1a06804e,train,4,thang,train\images\ngatrai_mp4-0143_jpg.rf.ee21d33d8fa2572d32b7ea5d1a06804e.jpg,0.52665359375,0.43031805555555563,0.5084803124999999,0.8095940277777778,0.35357140625,0.6256381944444445,2,0.7142857031250001,0.6129454166666667,2,0.43660718750000005,0.35274458333333336,2,0.479464296875,0.31625291666666666,2,0.519642890625,0.39558249999999995,2,0.5580357031250001,0.31783958333333334,2,0.59553578125,0.3495713888888889,2
ngatrai_mp4-0144_jpg.rf.c2831b3b30659f736f11e9db86d747f5,train,4,thang,train\images\ngatrai_mp4-0144_jpg.rf.c2831b3b30659f736f11e9db86d747f5.jpg,0.534590546875,0.4260347222222222,0.4971271875000001,0.8015337499999999,0.358928515625,0.6242794444444445,2,0.697321484375,0.6004558333333333,2,0.445535703125,0.3447498611111111,2,0.483035703125,0.3161616666666667,2,0.5276785937499999,0.4082793055555555,2,0.5633928125,0.3225145833333333,2,0.604464296875,0.3447498611111111,2
ngatrai_mp4-0145_jpg.rf.3425256a505ff5dd357dc03dad9ed3eb,train,4,thang,train\images\ngatrai_mp4-0145_jpg.rf.3425256a505ff5dd357dc03dad9ed3eb.jpg,0.536527265625,0.42685361111111114,0.49729499999999993,0.8099104166666667,0.40224351562500005,0.6573972222222223,2,0.6846592968749999,0.6616084722222222,2,0.45746445312499995,0.3597988888888889,2,0.503218984375,0.31347458333333333,2,0.541873671875,0.3962968055555556,2,0.58210609375,0.31768583333333333,2,0.616027578125,0.3583951388888889,2
ngatrai_mp4-0146_jpg.rf.6a0c8fd426358af221306b126752efd2,train,4,thang,train\images\ngatrai_mp4-0146_jpg.rf.6a0c8fd426358af221306b126752efd2.jpg,0.55055484375,0.3728633333333333,0.4342815625,0.6841493055555554,0.389955390625,0.6044288888888889,2,0.697098203125,0.5996641666666667,2,0.462276796875,0.35189930555555554,2,0.5113839062500001,0.3217227777777778,2,0.556919609375,0.4027229166666667,2,0.587276796875,0.3137816666666667,2,0.6265625,0.3423698611111111,2
ngatrai_mp4-0148_jpg.rf.e0c7685f0950dbe04d1558ed9236c489,train,4,thang,train\images\ngatrai_mp4-0148_jpg.rf.e0c7685f0950dbe04d1558ed9236c489.jpg,0.556182109375,0.3797831944444444,0.4197029687499999,0.7011748611111112,0.384821484375,0.6083970833333333,2,0.72678578125,0.6306323611111111,2,0.48125,0.3352205555555556,2,0.529464296875,0.3129851388888889,2,0.562500078125,0.39080875,2,0.612500078125,0.3145734722222222,2,0.6419643749999999,0.3463381944444444,2
ngatrai_mp4-0150_jpg.rf.186f7c36685b7b7236051e090645c77f,train,1,nga_trai,train\images\ngatrai_mp4-0150_jpg.rf.186f7c36685b7b7236051e090645c77f.jpg,0.579875234375,0.4316090277777778,0.42840109374999996,0.80857875,0.43694328125000004,0.6548126388888889,2,0.741447421875,0.6856954166666667,2,0.512674921875,0.3515993055555556,2,0.567895859375,0.31790888888888885,2,0.605761640625,0.39230847222222226,2,0.643627421875,0.32492763888888887,2,0.66334921875,0.3951159722222222,2
ngatrai_mp4-0151_jpg.rf.f9fd0b25764d6a7d828180c120201526,train,1,nga_trai,train\images\ngatrai_mp4-0151_jpg.rf.f9fd0b25764d6a7d828180c120201526.jpg,0.6013180468749999,0.3755088888888889,0.42597007812499993,0.7003983333333335,0.42576609374999996,0.6656618055555555,2,0.74670015625,0.6833493055555556,2,0.5216203125,0.34223430555555556,2,0.5777128125,0.31570305555555556,2,0.614634453125,0.3864529166666667,2,0.65723625,0.32833694444444445,2,0.676407109375,0.38392611111111113,2
ngatrai_mp4-0152_jpg.rf.9215c4943d7a90773214bc0c93cc0a87,train,1,nga_trai,train\images\ngatrai_mp4-0152_jpg.rf.9215c4943d7a90773214bc0c93cc0a87.jpg,0.5728578125,0.47751652777777764,0.5196758593750002,0.8637770833333333,0.42374765625000005,0.6158952777777777,2,0.766809609375,0.6778034722222223,2,0.530370546875,0.3426106944444444,2,0.5855629687499999,0.31319541666666667,2,0.626389921875,0.40138694444444445,2,0.6631442187500001,0.3332347222222222,2,0.68083609375,0.39232652777777777,2
ngatrai_mp4-0154_jpg.rf.8bf685d00b572f67f759bcef017701af,train,1,nga_trai,train\images\ngatrai_mp4-0154_jpg.rf.8bf685d00b572f67f759bcef017701af.jpg,0.6106144531250001,0.38757458333333333,0.38932453125000005,0.6926398611111111,0.44777710937500004,0.6340772222222222,2,0.7630309375000001,0.6947198611111112,2,0.5493115625,0.3397075,2,0.60895421875,0.31949319444444446,2,0.648005859375,0.39908680555555553,2,0.687057578125,0.34223430555555556,2,0.7069384375000001,0.40161361111111116,2
ngatrai_mp4-0155_jpg.rf.9663163fb2b131579847e7261addb7a3,train,1,nga_trai,train\images\ngatrai_mp4-0155_jpg.rf.9663163fb2b131579847e7261addb7a3.jpg,0.597273515625,0.3905365277777777,0.4435735156250001,0.7193402777777778,0.454877421875,0.6214431944444444,2,0.760900859375,0.6884029166666666,2,0.557831875,0.3434976388888889,2,0.6188946093750001,0.32328347222222226,2,0.651556015625,0.3952966666666667,2,0.693447890625,0.34476097222222224,2,0.71829890625,0.4041402777777778,2
ngatrai_mp4-0156_jpg.rf.e742beb5627d2cd7564261d47085a2d6,train,1,nga_trai,train\images\ngatrai_mp4-0156_jpg.rf.e742beb5627d2cd7564261d47085a2d6.jpg,0.6145800781249999,0.3775654166666667,0.37226898437499994,0.6716136111111112,0.454877421875,0.62397,2,0.769421171875,0.6846127777777777,2,0.55925203125,0.34097083333333333,2,0.6217346874999999,0.31949319444444446,2,0.65794625,0.40161361111111116,2,0.698418125,0.34097083333333333,2,0.719718984375,0.40666708333333335,2
ngatrai_mp4-0157_jpg.rf.4199dfd2333d73d91f83318840324db6,train,1,nga_trai,train\images\ngatrai_mp4-0157_jpg.rf.4199dfd2333d73d91f83318840324db6.jpg,0.6195062499999999,0.3774706944444445,0.4061256249999999,0.7074226388888889,0.47826640625000005,0.6307256944444445,2,0.77882625,0.700913888888889,2,0.570564375,0.3443575,2,0.6336740625,0.32049347222222224,2,0.6668065624999999,0.4005080555555555,2,0.709405625,0.35278,2,0.727549609375,0.4103344444444445,2
ngatrai_mp4-0158_jpg.rf.0f9d5b90551856e6c9878f7cba9fd01a,train,1,nga_trai,train\images\ngatrai_mp4-0158_jpg.rf.0f9d5b90551856e6c9878f7cba9fd01a.jpg,0.618401328125,0.380975,0.4219051562500001,0.6795252777777777,0.46339781249999995,0.6201798611111111,2,0.769421171875,0.68966625,2,0.57558265625,0.34476097222222224,2,0.63948546875,0.32075666666666663,2,0.6728569531249999,0.4041402777777778,2,0.71048859375,0.3523413888888889,2,0.731789609375,0.4218277777777778,2
ngatrai_mp4-0159_jpg.rf.eb1390dc9bf4549ca4e9a5fa9e2f4503,train,1,nga_trai,train\images\ngatrai_mp4-0159_jpg.rf.eb1390dc9bf4549ca4e9a5fa9e2f4503.jpg,0.618113046875,0.4063472222222223,0.42531343749999995,0.73849,0.4688,0.6335331944444444,2,0.77567078125,0.7051252777777778,2,0.574508671875,0.34295375,2,0.644718203125,0.3190897222222222,2,0.675484140625,0.4019118055555556,2,0.716505390625,0.3541838888888889,2,0.7362271875,0.4187570833333334,2
ngatrai_mp4-0160_jpg.rf.83550b79f2b97c8ac0f356419c981ced,train,1,nga_trai,train\images\ngatrai_mp4-0160_jpg.rf.83550b79f2b97c8ac0f356419c981ced.jpg,0.627678515625,0.38366597222222226,0.40535718749999994,0.7023511111111111,0.479464296875,0.58775,2,0.784821484375,0.6639852777777777,2,0.583035703125,0.32886750000000003,2,0.648214375,0.31933819444444445,2,0.6803571093749999,0.4209852777777778,2,0.7232142968749999,0.35427930555555553,2,0.7348214843750001,0.42575,2
ngatrai_mp4-0162_jpg.rf.1a6885ff3899484aec141df68b156749,train,1,nga_trai,train\images\ngatrai_mp4-0162_jpg.rf.1a6885ff3899484aec141df68b156749.jpg,0.622525625,0.38795263888888887,0.3834526562500001,0.6819247222222222,0.46765796875000004,0.6189163888888889,2,0.790012109375,0.6997733333333334,2,0.5890732812499999,0.3359173611111111,2,0.654396171875,0.32202,2,0.6877676562499999,0.40287694444444444,2,0.730369453125,0.3586583333333333,2,0.74670015625,0.41930097222222223,2
ngatrai_mp4-0164_jpg.rf.ccea98ca6a765e85879023c3ed533922,train,1,nga_trai,train\images\ngatrai_mp4-0164_jpg.rf.ccea98ca6a765e85879023c3ed533922.jpg,0.626116328125,0.37254180555555555,0.41205374999999994,0.6579072222222221,0.48035726562500003,0.5925147222222222,2,0.7910715625,0.6751030555555556,2,0.58482140625,0.32886750000000003,2,0.661607265625,0.31933805555555556,2,0.693750078125,0.4082793055555555,2,0.738392890625,0.35904402777777783,2,0.737500078125,0.4130440277777778,2
ngatrai_mp4-0165_jpg.rf.05fd5c79ba06c680ce1a03dce9fcd265,train,1,nga_trai,train\images\ngatrai_mp4-0165_jpg.rf.05fd5c79ba06c680ce1a03dce9fcd265.jpg,0.62564984375,0.4200840277777778,0.421785859375,0.7789436111111112,0.47747757812499997,0.6461670833333333,2,0.77882625,0.7233741666666667,2,0.5879195312500001,0.3415498611111111,2,0.654973515625,0.32049347222222224,2,0.68416171875,0.41314194444444446,2,0.727549609375,0.36120263888888887,2,0.737805,0.4454286111111111,2
ngatrai_mp4-0166_jpg.rf.21f3ee1019eebafc75edd477a53f8c47,train,1,nga_trai,train\images\ngatrai_mp4-0166_jpg.rf.21f3ee1019eebafc75edd477a53f8c47.jpg,0.628141953125,0.3777623611111111,0.39308718750000005,0.6839125,0.46552789062500005,0.6227066666666666,2,0.785041875,0.6934563888888888,2,0.586233203125,0.3371806944444445,2,0.65297609375,0.32075666666666663,2,0.68918765625,0.40666708333333335,2,0.728949453125,0.35992166666666664,2,0.74244,0.4256179166666667,2
ngatrai_mp4-0168_jpg.rf.fc0feb00c786785543462251567f61fa,train,1,nga_trai,train\images\ngatrai_mp4-0168_jpg.rf.fc0feb00c786785543462251567f61fa.jpg,0.61582609375,0.40495875,0.4233685156250001,0.7325708333333334,0.460714296875,0.5982438888888889,2,0.783035703125,0.6681059722222222,2,0.5879195312500001,0.34576125,2,0.6502403125,0.3233009722222222,2,0.6833728906250001,0.40752694444444443,2,0.725971953125,0.36401013888888895,2,0.7441159374999999,0.42858347222222226,2
ngatrai_mp4-0169_jpg.rf.64a9665f5c2696722cf111db40679c3e,train,1,nga_trai,train\images\ngatrai_mp4-0169_jpg.rf.64a9665f5c2696722cf111db40679c3e.jpg,0.6323809375,0.3899068055555555,0.4242696875,0.7047252777777777,0.46481781250000004,0.6252334722222221,2,0.784331875,0.7086170833333333,2,0.58836328125,0.3397075,2,0.650846015625,0.32202,2,0.6856375,0.4117206944444444,2,0.727529375,0.36118513888888887,2,0.74528015625,0.4218277777777778,2
ngatrai_mp4-0170_jpg.rf.6204719416d1935b0ad897486eb8226e,train,1,nga_trai,train\images\ngatrai_mp4-0170_jpg.rf.6204719416d1935b0ad897486eb8226e.jpg,0.60703140625,0.43243555555555546,0.4877232812500001,0.8047780555555556,0.4660715625,0.6099852777777778,2,0.774107265625,0.6671618055555555,2,0.585714296875,0.3336323611111111,2,0.6517857031250001,0.3209263888888889,2,0.6839285937499999,0.42733805555555554,2,0.72678578125,0.3606322222222222,2,0.73839296875,0.43051458333333337,2
ngatrai_mp4-0171_jpg.rf.798472328bc897c0f677e76aa35d5d3f,train,1,nga_trai,train\images\ngatrai_mp4-0171_jpg.rf.798472328bc897c0f677e76aa35d5d3f.jpg,0.6179082031249999,0.37816097222222217,0.40019585937499996,0.6890508333333334,0.46694796875,0.6113361111111111,2,0.787171953125,0.6947198611111112,2,0.5841030468749999,0.3397075,2,0.653686171875,0.32202,2,0.683507421875,0.41045722222222225,2,0.72468921875,0.36118513888888887,2,0.743860078125,0.4281447222222222,2
ngatrai_mp4-0172_jpg.rf.cb1dc9815718ceb9ccdfe8745112a85c,train,1,nga_trai,train\images\ngatrai_mp4-0172_jpg.rf.cb1dc9815718ceb9ccdfe8745112a85c.jpg,0.627790234375,0.400355,0.38906265624999997,0.7039040277777778,0.48660710937499996,0.5877501388888888,2,0.78392859375,0.6481029166666666,2,0.580357109375,0.33204416666666664,2,0.6446428125,0.3304559722222222,2,0.6866071093749999,0.4209854166666667,2,0.7339285156249999,0.36539722222222226,2,0.7392856250000001,0.44322069444444445,2
ngatrai_mp4-0177_jpg.rf.8eb8ddb62ffd2caa0436b309eb247f4d,train,1,nga_trai,train\images\ngatrai_mp4-0177_jpg.rf.8eb8ddb62ffd2caa0436b309eb247f4d.jpg,0.6565849218750001,0.39989638888888884,0.43504468750000014,0.7367554166666667,0.47589289062500006,0.5748673611111111,2,0.831250078125,0.7176605555555555,2,0.61875,0.33529194444444443,2,0.69017859375,0.32894569444444444,2,0.72142859375,0.42731430555555555,2,0.7660714843750001,0.3765434722222223,2,0.77589296875,0.4162081944444444,2
ngatrai_mp4-0178_jpg.rf.2bf1b916ac6275dd9eac7769cb94a287,train,1,nga_trai,train\images\ngatrai_mp4-0178_jpg.rf.2bf1b916ac6275dd9eac7769cb94a287.jpg,0.65625,0.3957322222222223,0.4428571874999999,0.7038106944444446,0.48125,0.5796294444444444,2,0.829464375,0.71607625,2,0.6258928906250001,0.33212125,2,0.6982143749999999,0.33688097222222224,2,0.728571484375,0.4273166666666667,2,0.773214296875,0.38130555555555556,2,0.78392859375,0.4162105555555556,2
ngatrai_mp4-0179_jpg.rf.1ddac33a107e6ae96d15cb6abda0fd4a,train,1,nga_trai,train\images\ngatrai_mp4-0179_jpg.rf.1ddac33a107e6ae96d15cb6abda0fd4a.jpg,0.714285625,0.5188380555555555,0.5232142968749999,0.9591474999999999,0.520312421875,0.5829852777777778,2,0.8185267187499999,0.6782794444444444,2,0.642633984375,0.3431616666666667,2,0.7149553125,0.33204402777777775,2,0.7453125,0.43686763888888885,2,0.7962053124999999,0.38445583333333333,2,0.7899553125,0.46545583333333335,2
ngatrai_mp4-0180_jpg.rf.dc0003f156c07258a4bbf130859eb9f6,train,1,nga_trai,train\images\ngatrai_mp4-0180_jpg.rf.dc0003f156c07258a4bbf130859eb9f6.jpg,0.67403078125,0.4401402777777778,0.451831484375,0.7989891666666666,0.5128728125,0.6351209722222222,2,0.833943203125,0.7642673611111112,2,0.6517140625,0.3501565277777778,2,0.72429015625,0.3403301388888889,2,0.755845,0.44842013888888893,2,0.800810703125,0.3936731944444445,2,0.805543828125,0.4666690277777778,2
ngatrai_mp4-0181_jpg.rf.4b79101b7d08e5c496102f7844ba0a59,train,1,nga_trai,train\images\ngatrai_mp4-0181_jpg.rf.4b79101b7d08e5c496102f7844ba0a59.jpg,0.6790178124999999,0.3882477777777778,0.40625007812499997,0.7154144444444446,0.5243303125,0.5833858333333334,2,0.8401785937499999,0.7252658333333334,2,0.660937578125,0.34038583333333333,2,0.729687578125,0.3324445833333333,2,0.760044609375,0.43567999999999996,2,0.80200890625,0.3975622222222222,2,0.80736609375,0.47697402777777775,2
ngatrai_mp4-0187_jpg.rf.b826eb132c225a857724a71d75cb34cf,train,1,nga_trai,train\images\ngatrai_mp4-0187_jpg.rf.b826eb132c225a857724a71d75cb34cf.jpg,0.71205359375,0.43344861111111116,0.46339296875,0.7712972222222222,0.536607109375,0.5716943055555556,2,0.87767859375,0.7636716666666667,2,0.69017859375,0.3416383333333333,2,0.779464296875,0.36543722222222225,2,0.8053571093749999,0.45745958333333336,2,0.854464296875,0.42096791666666666,2,0.8553571874999999,0.4733254166666667,2
ngatrai_mp4-0188_jpg.rf.37cdecb5195147886f93ef82b7bad313,train,1,nga_trai,train\images\ngatrai_mp4-0188_jpg.rf.37cdecb5195147886f93ef82b7bad313.jpg,0.7095981250000001,0.4244898611111111,0.4540178124999999,0.7381005555555554,0.54642859375,0.5909263888888888,2,0.85267859375,0.7163972222222222,2,0.69553578125,0.3447498611111111,2,0.7776785937499999,0.35745583333333336,2,0.802678671875,0.4733970833333333,2,0.857142890625,0.4130440277777778,2,0.8446428906250001,0.4892794444444445,2
ngatrai_mp4-0189_jpg.rf.eb20150ac0d46cfd7f705ff8ae177543,train,1,nga_trai,train\images\ngatrai_mp4-0189_jpg.rf.eb20150ac0d46cfd7f705ff8ae177543.jpg,0.71796875,0.4203904166666667,0.43549117187499997,0.7654475000000001,0.531250078125,0.5798088888888889,2,0.8446428906250001,0.6941619444444445,2,0.69642859375,0.35110291666666665,2,0.7669643749999999,0.34951472222222224,2,0.80089296875,0.4591029166666667,2,0.8491071874999999,0.4209852777777778,2,0.847321484375,0.49880874999999997,2
ngatrai_mp4-0190_jpg.rf.5a83c66608225f9ceec7833778f17534,train,1,nga_trai,train\images\ngatrai_mp4-0190_jpg.rf.5a83c66608225f9ceec7833778f17534.jpg,0.712053515625,0.4374098611111111,0.46160718749999996,0.74720375,0.56428578125,0.6163381944444445,2,0.8553571874999999,0.73069125,2,0.69642859375,0.33998527777777776,2,0.7767857031250001,0.35745583333333336,2,0.80714296875,0.48610291666666666,2,0.85267859375,0.42257347222222225,2,0.84642859375,0.4845147222222222,2
ngatrai_mp4-0192_jpg.rf.8b6bfbb8309d516ab56307302d8ccfcf,train,1,nga_trai,train\images\ngatrai_mp4-0192_jpg.rf.8b6bfbb8309d516ab56307302d8ccfcf.jpg,0.715066953125,0.41774347222222225,0.4412946875000001,0.7293647222222224,0.5475446875000001,0.5766463888888889,2,0.846651796875,0.7116463888888889,2,0.6912946875,0.34317569444444446,2,0.78236609375,0.35588152777777776,2,0.8029017968750001,0.47182277777777776,2,0.854687578125,0.4162345833333333,2,0.84486609375,0.49405805555555554,2
ngatrai_mp4-0195_jpg.rf.500d39bca16d80dbeae5170cea5ed48b,train,1,nga_trai,train\images\ngatrai_mp4-0195_jpg.rf.500d39bca16d80dbeae5170cea5ed48b.jpg,0.710602734375,0.41265847222222224,0.4609374218749999,0.7015259722222222,0.560714296875,0.5817976388888889,2,0.8553572656249999,0.7167976388888888,2,0.700000078125,0.34038583333333333,2,0.7776785937499999,0.3515034722222222,2,0.8080357812500001,0.47538583333333334,2,0.854464296875,0.4166211111111111,2,0.8491071874999999,0.48173875,2
ngatrai_mp4-0196_jpg.rf.c7c67de382edfc8e3a069929b6390939,train,1,nga_trai,train\images\ngatrai_mp4-0196_jpg.rf.c7c67de382edfc8e3a069929b6390939.jpg,0.720355625,0.43952902777777775,0.45762578125,0.7614097222222223,0.546898203125,0.6517820833333333,2,0.8521911718749999,0.7696984722222222,2,0.692839296875,0.3499725,2,0.7811928906250001,0.3583951388888889,2,0.81038109375,0.46227375000000004,2,0.8529801562499999,0.42156458333333335,2,0.8600799218749999,0.49175291666666665,2
ngatrai_mp4-0197_jpg.rf.82631e1760a8e1602ae374410ebc18ce,train,1,nga_trai,train\images\ngatrai_mp4-0197_jpg.rf.82631e1760a8e1602ae374410ebc18ce.jpg,0.725334921875,0.43344083333333333,0.46897328124999993,0.7713148611111111,0.5357142968749999,0.5780405555555556,2,0.87232140625,0.7446325,2,0.6991071875,0.3448115277777778,2,0.7821428906250001,0.3606775,2,0.8107142968750001,0.46539250000000004,2,0.853571484375,0.4241411111111111,2,0.857142890625,0.4606327777777778,2
ngatrai_mp4-0200_jpg.rf.19b63b95038333546c22c1c344382e80,train,1,nga_trai,train\images\ngatrai_mp4-0200_jpg.rf.19b63b95038333546c22c1c344382e80.jpg,0.7241454687500001,0.4689723611111111,0.46391585937500013,0.8215437499999999,0.5453204687500001,0.6489745833333334,2,0.8529801562499999,0.7725059722222222,2,0.69993921875,0.3541838888888889,2,0.78829265625,0.36260638888888885,2,0.81669203125,0.47069638888888893,2,0.85771328125,0.42296833333333334,2,0.863235390625,0.5001754166666667,2
ngatrai_mp4-0201_jpg.rf.1461179ecea4648acba8a006c45a8bb7,train,1,nga_trai,train\images\ngatrai_mp4-0201_jpg.rf.1461179ecea4648acba8a006c45a8bb7.jpg,0.717314609375,0.4345387500000001,0.4770399218749999,0.7453451388888889,0.544427578125,0.6419558333333333,2,0.85445375,0.7668909722222222,2,0.7022017968750001,0.3541838888888889,2,0.787399765625,0.36541402777777776,2,0.815799140625,0.47069638888888893,2,0.858398203125,0.42296833333333334,2,0.8560315624999999,0.5128093055555555,2
ngatrai_mp4-0202_jpg.rf.134b529fea83444ad44cb95abe5ac419,train,1,nga_trai,train\images\ngatrai_mp4-0202_jpg.rf.134b529fea83444ad44cb95abe5ac419.jpg,0.7116071875000001,0.41397500000000004,0.47678578124999993,0.7337261111111111,0.548214296875,0.5829852777777778,2,0.86607140625,0.7275147222222222,2,0.700000078125,0.35110291666666665,2,0.78928578125,0.3558676388888889,2,0.81517859375,0.4733970833333333,2,0.864285703125,0.42575,2,0.8598214843750001,0.4956323611111111,2
ngatrai_mp4-0206_jpg.rf.19c7c56a93c0c7b0de7d504d66f9825f,train,1,nga_trai,train\images\ngatrai_mp4-0206_jpg.rf.19c7c56a93c0c7b0de7d504d66f9825f.jpg,0.7196428906250001,0.42133194444444444,0.4607142968750001,0.7605730555555557,0.536607109375,0.5732806944444444,2,0.8732142968750001,0.7478058333333334,2,0.6991071875,0.3495713888888889,2,0.7857142968749999,0.3606775,2,0.816071484375,0.4733254166666667,2,0.8580357812500001,0.4241411111111111,2,0.862500078125,0.45745958333333336,2
ngatrai_mp4-0209_jpg.rf.ee683236f18389c2bc198f1bfe7983a6,train,1,nga_trai,train\images\ngatrai_mp4-0209_jpg.rf.ee683236f18389c2bc198f1bfe7983a6.jpg,0.705399296875,0.4435320833333333,0.477118046875,0.78778875,0.536642890625,0.6401840277777778,2,0.847458046875,0.7609079166666667,2,0.688106171875,0.35381583333333333,2,0.76778203125,0.35802708333333333,2,0.795392578125,0.4605019444444444,2,0.8419359375000001,0.4141777777777778,2,0.8387804687499999,0.4998073611111111,2
ngatrai_mp4-0210_jpg.rf.ceb9ba9c3204ccd63711e1d74d44e01e,train,1,nga_trai,train\images\ngatrai_mp4-0210_jpg.rf.ceb9ba9c3204ccd63711e1d74d44e01e.jpg,0.6986607031250001,0.40625041666666656,0.4705357812499999,0.7304006944444444,0.521428515625,0.5780405555555556,2,0.8616071875,0.7335263888888889,2,0.678571484375,0.3479847222222222,2,0.7616071875,0.3606775,2,0.7928571875,0.46856569444444446,2,0.8366071093749999,0.42096791666666666,2,0.8428571093749999,0.4590461111111111,2
ngatrai_mp4-0211_jpg.rf.206246098b15a746b368698e9cd4de4b,train,1,nga_trai,train\images\ngatrai_mp4-0211_jpg.rf.206246098b15a746b368698e9cd4de4b.jpg,0.695424140625,0.3983648611111112,0.4520089062500001,0.723762361111111,0.54375,0.5861618055555555,2,0.833035703125,0.7068677777777778,2,0.67857140625,0.34157347222222223,2,0.7553571875,0.3606322222222222,2,0.7883928906250001,0.46545583333333335,2,0.83482140625,0.42257347222222225,2,0.833035703125,0.48610291666666666,2
ngatrai_mp4-0212_jpg.rf.fcb17b0b0e2f9a1181eda54105733192,train,1,nga_trai,train\images\ngatrai_mp4-0212_jpg.rf.fcb17b0b0e2f9a1181eda54105733192.jpg,0.703450546875,0.43879236111111103,0.4405323437499999,0.7689611111111112,0.5350651562500001,0.6588009722222222,2,0.836413828125,0.7711022222222221,2,0.6746953125,0.3541838888888889,2,0.75358234375,0.36401013888888895,2,0.78355953125,0.47069638888888893,2,0.826947421875,0.4187570833333334,2,0.830102890625,0.5043866666666666,2
ngatrai_mp4-0213_jpg.rf.73cc8dfd44a1560e28ae13d801d01d57,train,1,nga_trai,train\images\ngatrai_mp4-0213_jpg.rf.73cc8dfd44a1560e28ae13d801d01d57.jpg,0.702120546875,0.408429861111111,0.449330390625,0.7355473611111112,0.5160714843750001,0.5828002777777778,2,0.865178671875,0.7430459722222222,2,0.675000078125,0.3511579166666667,2,0.7544642968749999,0.36385069444444446,2,0.7866071875,0.4701522222222222,2,0.831250078125,0.41938138888888893,2,0.83839296875,0.4606327777777778,2
ngatrai_mp4-0214_jpg.rf.5e5c269a18db7382fa4e744a9e8e4bfb,train,1,nga_trai,train\images\ngatrai_mp4-0214_jpg.rf.5e5c269a18db7382fa4e744a9e8e4bfb.jpg,0.7151784375,0.4064811111111111,0.4571430468749999,0.7201368055555556,0.548214296875,0.56869125,2,0.8455357031249999,0.7084561111111111,2,0.6723214843750001,0.33680875,2,0.748214296875,0.35427930555555553,2,0.7776785937499999,0.4781616666666667,2,0.8375,0.4146323611111111,2,0.830357109375,0.47657347222222224,2
ngatrai_mp4-0216_jpg.rf.cb25b557e82cb9dabf5db01b91a45e48,train,1,nga_trai,train\images\ngatrai_mp4-0216_jpg.rf.cb25b557e82cb9dabf5db01b91a45e48.jpg,0.690625078125,0.4174051388888889,0.4508927343749999,0.7268661111111113,0.517633984375,0.5821926388888888,2,0.83995546875,0.706075,2,0.67834828125,0.34872194444444443,2,0.7515625,0.36778069444444444,2,0.778348203125,0.4789572222222222,2,0.8319196874999999,0.41860430555555556,2,0.8274553906250001,0.4932513888888889,2
ngatrai_mp4-0217_jpg.rf.a8ff4365e3fb455b83ae1afa925f72ca,train,1,nga_trai,train\images\ngatrai_mp4-0217_jpg.rf.a8ff4365e3fb455b83ae1afa925f72ca.jpg,0.694531171875,0.4111988888888889,0.4658481250000001,0.7847883333333333,0.5203125,0.5831870833333334,2,0.864955390625,0.748192638888889,2,0.67299109375,0.3499581944444444,2,0.7569196875,0.36741069444444446,2,0.787276796875,0.48005875,2,0.830133984375,0.4197681944444444,2,0.841741171875,0.4657794444444444,2
ngatrai_mp4-0218_jpg.rf.d4c3c11b7570bf543c4cd6c231c87e15,train,1,nga_trai,train\images\ngatrai_mp4-0218_jpg.rf.d4c3c11b7570bf543c4cd6c231c87e15.jpg,0.7013393749999999,0.42334708333333343,0.4276785156249999,0.7276911111111111,0.5455358593749999,0.5829854166666667,2,0.858035859375,0.73069125,2,0.666071484375,0.34157347222222223,2,0.748214296875,0.3622205555555556,2,0.7821428906250001,0.47657347222222224,2,0.8366071093749999,0.4193969444444444,2,0.83750015625,0.4940441666666666,2
ngatrai_mp4-0219_jpg.rf.0bc86a276b778fd1c852f2b4968103d8,train,1,nga_trai,train\images\ngatrai_mp4-0219_jpg.rf.0bc86a276b778fd1c852f2b4968103d8.jpg,0.68627234375,0.42907347222222225,0.43861617187499996,0.7957065277777777,0.513392890625,0.5988676388888889,2,0.8419642968750001,0.7211619444444444,2,0.6732143749999999,0.34951472222222224,2,0.75625,0.35904402777777783,2,0.7767857031250001,0.47180875,2,0.8428571093749999,0.4193969444444444,2,0.8294642187499999,0.48610291666666666,2
ngatrai_mp4-0220_jpg.rf.4e6e9533646e6c55c724fdb61d0fedc9,train,1,nga_trai,train\images\ngatrai_mp4-0220_jpg.rf.4e6e9533646e6c55c724fdb61d0fedc9.jpg,0.678965234375,0.45536916666666666,0.45470609375000015,0.8144605555555556,0.532802578125,0.6321294444444444,2,0.84203984375,0.7584683333333334,2,0.66217734375,0.3541838888888889,2,0.7434310156249999,0.3724327777777777,2,0.774985859375,0.4721001388888889,2,0.816007109375,0.42717958333333333,2,0.820740390625,0.49315666666666663,2
ngatrai_mp4-0222_jpg.rf.cc466009a1e01bb59786fd58d644f213,train,1,nga_trai,train\images\ngatrai_mp4-0222_jpg.rf.cc466009a1e01bb59786fd58d644f213.jpg,0.654829609375,0.4493066666666667,0.441603671875,0.8345033333333334,0.513765625,0.6545897222222222,2,0.8135365625000001,0.7500456944444445,2,0.629729609375,0.34856875000000004,2,0.710194453125,0.3555876388888889,2,0.737016171875,0.45244736111111106,2,0.784348359375,0.40752694444444443,2,0.7867149999999999,0.4721001388888889,2
ngatrai_mp4-0223_jpg.rf.633ff2791cd982145bb7d7d130b3fb53,train,1,nga_trai,train\images\ngatrai_mp4-0223_jpg.rf.633ff2791cd982145bb7d7d130b3fb53.jpg,0.651426328125,0.42257611111111115,0.3952257812499999,0.7233270833333333,0.49250906250000004,0.6403941666666667,2,0.8077628906250001,0.7237777777777777,2,0.6203146875,0.34855125,2,0.689897734375,0.3536047222222222,2,0.721849140625,0.4458322222222222,2,0.7665810937499999,0.3940331944444444,2,0.769421171875,0.4748901388888889,2
ngatrai_mp4-0224_jpg.rf.d5f429b1f733684cc5169209adf57183,train,1,nga_trai,train\images\ngatrai_mp4-0224_jpg.rf.d5f429b1f733684cc5169209adf57183.jpg,0.640503984375,0.46609361111111114,0.41042249999999997,0.8567120833333336,0.4869440625,0.6559934722222222,2,0.80249234375,0.7275854166666667,2,0.60448578125,0.35137625,2,0.6770619531250001,0.34856875000000004,2,0.707038984375,0.4482361111111111,2,0.751215703125,0.3794515277777778,2,0.75989328125,0.4412172222222222,2
ngatrai_mp4-0225_jpg.rf.c64acf3c342f05ad64a8f8d4ce61c214,train,1,nga_trai,train\images\ngatrai_mp4-0225_jpg.rf.c64acf3c342f05ad64a8f8d4ce61c214.jpg,0.61751046875,0.4093113888888889,0.45803703124999995,0.7587022222222222,0.46564453125,0.6630122222222222,2,0.7780374218749999,0.7219704166666667,2,0.56977546875,0.3583951388888889,2,0.624996484375,0.33733861111111113,2,0.664439921875,0.42437208333333337,2,0.710194453125,0.36401013888888895,2,0.7220275,0.42296833333333334,2
ngatrai_mp4-0229_jpg.rf.01e814189167611632d9f372f0e6674e,train,4,thang,train\images\ngatrai_mp4-0229_jpg.rf.01e814189167611632d9f372f0e6674e.jpg,0.5634603125,0.3670641666666667,0.457692265625,0.7341283333333334,0.40089296875,0.6163381944444445,2,0.731250078125,0.6338088888888889,2,0.503571484375,0.34157347222222223,2,0.53839296875,0.3225145833333333,2,0.5803571875,0.4146323611111111,2,0.631250078125,0.34157347222222223,2,0.6526785937499999,0.3653970833333333,2
ngatrai_mp4-0230_jpg.rf.2d4510ecad9b95057be89d272cd2c4c0,train,4,thang,train\images\ngatrai_mp4-0230_jpg.rf.2d4510ecad9b95057be89d272cd2c4c0.jpg,0.5457496093749999,0.42135958333333334,0.5073034375000001,0.8427191666666667,0.40803578125,0.60680875,2,0.691071484375,0.5972795833333333,2,0.47142859374999996,0.33839694444444446,2,0.50982140625,0.3161616666666667,2,0.55625,0.4051029166666667,2,0.599107109375,0.31933819444444445,2,0.6214285937499999,0.3606322222222222,2
ngatrai_mp4-0231_jpg.rf.cc01cda38a942d82b8fc59101e9c6ca8,train,4,thang,train\images\ngatrai_mp4-0231_jpg.rf.cc01cda38a942d82b8fc59101e9c6ca8.jpg,0.53940046875,0.3986484722222222,0.4723637500000001,0.7534788888888889,0.36607140625,0.6177052777777777,2,0.7258928906250001,0.6208784722222223,2,0.454464296875,0.3495713888888889,2,0.505357109375,0.3194261111111111,2,0.541964296875,0.4082752777777777,2,0.5875,0.32418597222222223,2,0.611607109375,0.3543311111111111,2
ngatrai_mp4-0232_jpg.rf.7c9db14b0ae790b33348b768c7d26f8c,train,4,thang,train\images\ngatrai_mp4-0232_jpg.rf.7c9db14b0ae790b33348b768c7d26f8c.jpg,0.5316761718749999,0.42330055555555557,0.5071057031249999,0.8005958333333333,0.357142890625,0.622465,2,0.7151785937499999,0.6097723611111111,2,0.43839281249999995,0.3590908333333333,2,0.484821484375,0.32101277777777776,2,0.523214296875,0.4051020833333333,2,0.567857109375,0.31625291666666666,2,0.5973214062500001,0.3463981944444444,2
ngatrai_mp4-0234_jpg.rf.09a9857932d1c91ec625e80192642da9,train,4,thang,train\images\ngatrai_mp4-0234_jpg.rf.09a9857932d1c91ec625e80192642da9.jpg,0.507671171875,0.39545791666666663,0.47404890625,0.7424341666666666,0.330357109375,0.6208784722222223,2,0.6804837499999999,0.6005366666666666,2,0.4,0.36861041666666666,2,0.44107140625,0.3194261111111111,2,0.48214289062500004,0.3971690277777778,2,0.523214296875,0.31149319444444445,2,0.5580357031250001,0.33529194444444443,2
ngatrai_mp4-0236_jpg.rf.99e652af7fedf5b4858c4dc9096cf554,train,4,thang,train\images\ngatrai_mp4-0236_jpg.rf.99e652af7fedf5b4858c4dc9096cf554.jpg,0.507516875,0.42595652777777765,0.50154,0.8059783333333334,0.328381015625,0.6854725,2,0.656551328125,0.6503783333333334,2,0.3891240625,0.36962527777777776,2,0.42935648437499996,0.3218972222222222,2,0.469588828125,0.39910430555555554,2,0.509032421875,0.3078595833333333,2,0.547687109375,0.34856875000000004,2
ngatrai_mp4-0239_jpg.rf.c2239dca0278cfbf2ee6cf9afcbe3e49,train,4,thang,train\images\ngatrai_mp4-0239_jpg.rf.c2239dca0278cfbf2ee6cf9afcbe3e49.jpg,0.51399640625,0.40104375000000003,0.488620234375,0.7647648611111112,0.3241071875,0.6177052777777777,2,0.6776786718750001,0.5923197222222222,2,0.392857109375,0.36861041666666666,2,0.433035703125,0.3194261111111111,2,0.47232140625,0.3987556944444445,2,0.513392890625,0.3130797222222222,2,0.55625,0.3463981944444444,2
ngatrai_mp4-0242_jpg.rf.3b865a96c3e3e0ef7b5f0aae50d0080c,train,4,thang,train\images\ngatrai_mp4-0242_jpg.rf.3b865a96c3e3e0ef7b5f0aae50d0080c.jpg,0.5064768749999999,0.39191319444444445,0.48320898437499993,0.7526762499999999,0.318750078125,0.6245372222222223,2,0.6830357031250001,0.5959786111111112,2,0.39017859375,0.36592291666666665,2,0.43392859375,0.3230848611111111,2,0.47857140625000005,0.4008279166666666,2,0.51517859375,0.31356541666666665,2,0.55625,0.3389508333333333,2
ngatrai_mp4-0243_jpg.rf.6ce81d359c7479033c5452ebeb0bd185,train,4,thang,train\images\ngatrai_mp4-0243_jpg.rf.6ce81d359c7479033c5452ebeb0bd185.jpg,0.50459546875,0.37089416666666664,0.46223781250000007,0.7195533333333333,0.3428571875,0.6274559722222223,2,0.66517859375,0.5861618055555555,2,0.39375,0.35745583333333336,2,0.425,0.3225145833333333,2,0.473214296875,0.40669111111111117,2,0.516964296875,0.3129851388888889,2,0.554464296875,0.34157347222222223,2
ngatrai_mp4-0244_jpg.rf.a4512113127bcc8356a915121bb92d8a,train,4,thang,train\images\ngatrai_mp4-0244_jpg.rf.a4512113127bcc8356a915121bb92d8a.jpg,0.5067690625,0.4162355555555555,0.47931890624999995,0.7922195833333333,0.33392859375,0.6338088888888889,2,0.670535703125,0.6020441666666666,2,0.391071484375,0.35904402777777783,2,0.42857140625,0.3225145833333333,2,0.47767859375,0.4051029166666667,2,0.517857109375,0.32410291666666663,2,0.554464296875,0.33998527777777776,2
ngatrai_mp4-0245_jpg.rf.3d497b8e8364f85eca926618a1d0acfc,train,4,thang,train\images\ngatrai_mp4-0245_jpg.rf.3d497b8e8364f85eca926618a1d0acfc.jpg,0.5100693749999999,0.4169511111111111,0.511779375,0.8055640277777779,0.32232140625,0.6306323611111111,2,0.658035703125,0.5988676388888889,2,0.39017859375,0.35904402777777783,2,0.420535703125,0.32727930555555557,2,0.47589289062500006,0.39875000000000005,2,0.513392890625,0.31775,2,0.551785703125,0.3431616666666667,2
ngatrai_mp4-0246_jpg.rf.5d99af19b418c9aa7b7f9ac4b22de138,train,4,thang,train\images\ngatrai_mp4-0246_jpg.rf.5d99af19b418c9aa7b7f9ac4b22de138.jpg,0.50682640625,0.40694347222222216,0.49053953124999994,0.7752401388888889,0.326785703125,0.6177052777777777,2,0.6776786718750001,0.5923197222222222,2,0.391964296875,0.37337027777777776,2,0.43125,0.32894569444444444,2,0.47767859375,0.4019288888888889,2,0.51517859375,0.31783958333333334,2,0.5553571875000001,0.3448115277777778,2
ngatrai_mp4-0247_jpg.rf.0dd381c14b9da88de64185a01195d257,train,4,thang,train\images\ngatrai_mp4-0247_jpg.rf.0dd381c14b9da88de64185a01195d257.jpg,0.5031615625,0.3951470833333333,0.48269140625,0.7367286111111112,0.33705859375,0.6742423611111111,2,0.660495625,0.6517820833333333,2,0.39622390625000004,0.3724327777777777,2,0.43724515625000004,0.3331273611111111,2,0.47589984375,0.39770055555555556,2,0.51692109375,0.3233009722222222,2,0.5563646875,0.35137625,2
ngatrai_mp4-0248_jpg.rf.f07e52347f3d7035982c5e83ee2934c4,train,4,thang,train\images\ngatrai_mp4-0248_jpg.rf.f07e52347f3d7035982c5e83ee2934c4.jpg,0.49856703125,0.36297305555555553,0.44572335937500007,0.7259459722222222,0.34375,0.60680875,2,0.648214375,0.5798088888888889,2,0.391071484375,0.3558676388888889,2,0.425,0.3209263888888889,2,0.46964289062500003,0.4082793055555555,2,0.5160714843750001,0.31775,2,0.554464296875,0.33839694444444446,2
ngatrai_mp4-0249_jpg.rf.e9e23b1267bbc715e727c9019293c0c9,train,4,thang,train\images\ngatrai_mp4-0249_jpg.rf.e9e23b1267bbc715e727c9019293c0c9.jpg,0.51030421875,0.4072623611111112,0.4881337500000001,0.7664830555555555,0.32142859375,0.6256381944444445,2,0.6839285937499999,0.6002527777777777,2,0.39375,0.3717836111111111,2,0.43571429687499996,0.32577249999999996,2,0.47589289062500006,0.4082752777777777,2,0.516964296875,0.3194261111111111,2,0.557142890625,0.3448115277777778,2
ngatrai_mp4-0250_jpg.rf.effd2eeadd3febee7be7465937ebcd6e,train,4,thang,train\images\ngatrai_mp4-0250_jpg.rf.effd2eeadd3febee7be7465937ebcd6e.jpg,0.509112890625,0.41084305555555556,0.490770078125,0.7692531944444444,0.328571484375,0.6288113888888889,2,0.68125,0.5986661111111111,2,0.39375,0.37019708333333334,2,0.43660718750000005,0.33211888888888885,2,0.47857140625000005,0.4051020833333333,2,0.514285703125,0.32259930555555555,2,0.559821484375,0.3416383333333333,2
ngatrai_mp4-0251_jpg.rf.e4bed90d3f3a760dc5af2187bb341c00,train,4,thang,train\images\ngatrai_mp4-0251_jpg.rf.e4bed90d3f3a760dc5af2187bb341c00.jpg,0.504770234375,0.38834652777777784,0.4709356249999999,0.729144722222222,0.3249728125,0.6544065277777779,2,0.654437109375,0.6162888888888889,2,0.392829921875,0.3701123611111111,2,0.432056796875,0.3295701388888889,2,0.47607703125,0.40797625000000004,2,0.521401328125,0.32564180555555555,2,0.552651328125,0.34470055555555557,2
ngatrai_mp4-0253_jpg.rf.e509d42fffa0f4c65c990a4fc0e81795,train,4,thang,train\images\ngatrai_mp4-0253_jpg.rf.e509d42fffa0f4c65c990a4fc0e81795.jpg,0.50950265625,0.40551055555555554,0.48242695312499995,0.7644429166666667,0.3362696875,0.68406875,2,0.6628622656250001,0.6602047222222223,2,0.393857265625,0.3724327777777777,2,0.43330078125,0.3303197222222222,2,0.47747757812499997,0.4019118055555556,2,0.516132265625,0.3190897222222222,2,0.5516314062500001,0.3541838888888889,2
ngatrai_mp4-0254_jpg.rf.2b6476456f3d66901f6b169fed630132,train,4,thang,train\images\ngatrai_mp4-0254_jpg.rf.2b6476456f3d66901f6b169fed630132.jpg,0.5130028906249999,0.40449722222222223,0.491847265625,0.7684009722222223,0.34336953124999997,0.6658197222222222,2,0.66759546875,0.6307256944444445,2,0.39227953125,0.3766440277777778,2,0.43330078125,0.3275122222222222,2,0.47589984375,0.40471944444444446,2,0.513765625,0.32049347222222224,2,0.553998046875,0.3555876388888889,2
ngatrai_mp4-0255_jpg.rf.d09a81758f72c6a9164ff3fe792cab25,train,4,thang,train\images\ngatrai_mp4-0255_jpg.rf.d09a81758f72c6a9164ff3fe792cab25.jpg,0.50425875,0.41184305555555556,0.4937233593750001,0.7868197222222223,0.33726781250000004,0.6706858333333333,2,0.654066484375,0.6277777777777778,2,0.39267210937499997,0.3804252777777778,2,0.43102890625,0.3274211111111111,2,0.470806328125,0.4006173611111111,2,0.51058375,0.32237319444444446,2,0.55178171875,0.3551851388888889,2
ngatrai_mp4-0257_jpg.rf.9af8d62349e126a9ee320b6295197157,train,4,thang,train\images\ngatrai_mp4-0257_jpg.rf.9af8d62349e126a9ee320b6295197157.jpg,0.50680125,0.41517583333333336,0.4953078906249999,0.7653075000000001,0.330621953125,0.6795591666666667,2,0.655816171875,0.6555547222222222,2,0.391684609375,0.37381902777777776,2,0.42576609374999996,0.3296004166666667,2,0.469078046875,0.4041402777777778,2,0.505289609375,0.32202,2,0.547891484375,0.357395,2
ngatrai_mp4-0258_jpg.rf.de16cdc7ee88552620ac0ee1bb476719,train,4,thang,train\images\ngatrai_mp4-0258_jpg.rf.de16cdc7ee88552620ac0ee1bb476719.jpg,0.49263382812499995,0.4690134722222222,0.443303515625,0.9380269444444445,0.309821484375,0.6751030555555556,2,0.6616071875,0.6036323611111111,2,0.3875,0.35745583333333336,2,0.425,0.3256911111111111,2,0.46785718750000005,0.41145583333333335,2,0.5035714062500001,0.3129851388888889,2,0.545535703125,0.34951472222222224,2
ngatrai_mp4-0259_jpg.rf.a7c8a4ffb33d3c0b3bc04fb05bfb3091,train,4,thang,train\images\ngatrai_mp4-0259_jpg.rf.a7c8a4ffb33d3c0b3bc04fb05bfb3091.jpg,0.496875,0.38319972222222226,0.44910718749999995,0.7539065277777777,0.34375,0.6195147222222221,2,0.648214375,0.5845736111111111,2,0.38392859375,0.3653970833333333,2,0.41875,0.32727930555555557,2,0.47142859374999996,0.4019263888888889,2,0.5071428906250001,0.3129851388888889,2,0.544642890625,0.34157347222222223,2
ngatrai_mp4-0260_jpg.rf.8c3871415fcc4ec93b3d20681a6b1edb,train,4,thang,train\images\ngatrai_mp4-0260_jpg.rf.8c3871415fcc4ec93b3d20681a6b1edb.jpg,0.5037535156249999,0.41604597222222217,0.49671109374999994,0.7775047222222222,0.3133928125,0.6399174999999999,2,0.6723214843750001,0.5970795833333333,2,0.38392859375,0.36543722222222225,2,0.423214296875,0.32259930555555555,2,0.46517859375,0.4003422222222222,2,0.50267859375,0.31625291666666666,2,0.544642890625,0.3479847222222222,2
ngatrai_mp4-0261_jpg.rf.074261b236a724a4cebf197cb5836e20,train,4,thang,train\images\ngatrai_mp4-0261_jpg.rf.074261b236a724a4cebf197cb5836e20.jpg,0.505180703125,0.40635625000000003,0.4907908593750001,0.7790016666666667,0.3133928125,0.6256381944444445,2,0.6732143749999999,0.5939063888888889,2,0.38482140625,0.37019708333333334,2,0.42410710937499996,0.32418597222222223,2,0.46517859375,0.3971690277777778,2,0.5035714062500001,0.31466638888888887,2,0.5473214843750001,0.3448115277777778,2
ngatrai_mp4-0264_jpg.rf.ffd8de1d247b2ea65db6ad56c604f243,train,4,thang,train\images\ngatrai_mp4-0264_jpg.rf.ffd8de1d247b2ea65db6ad56c604f243.jpg,0.48392859374999997,0.4584540277777778,0.4946428125000001,0.8892779166666666,0.33392859375,0.6211029166666666,2,0.66875,0.576632361111111,2,0.39910718749999996,0.36857347222222225,2,0.429464296875,0.32727930555555557,2,0.4625,0.4003381944444444,2,0.5044642968749999,0.31775,2,0.548214296875,0.33839694444444446,2
nghiengphai_mp4-0000_jpg.rf.70d148a068f1c1c4f1a497a8b4915944,train,4,thang,train\images\nghiengphai_mp4-0000_jpg.rf.70d148a068f1c1c4f1a497a8b4915944.jpg,0.5160714843750001,0.4481584722222222,0.5000001562499999,0.82414125,0.3553571875,0.61475,2,0.6571428906250001,0.5893383333333333,2,0.426785703125,0.3653970833333333,2,0.44732140625000005,0.32886750000000003,2,0.49910718750000005,0.4098676388888889,2,0.5428571875,0.3145734722222222,2,0.575892890625,0.3622205555555556,2
nghiengphai_mp4-0001_jpg.rf.3698da36fde3bf6083e35684244dfb20,train,4,thang,train\images\nghiengphai_mp4-0001_jpg.rf.3698da36fde3bf6083e35684244dfb20.jpg,0.50790890625,0.4403890277777778,0.49108804687500013,0.8036504166666668,0.3426925,0.6575636111111112,2,0.671436875,0.6348226388888889,2,0.422216015625,0.37709125,2,0.4626878125,0.32150208333333335,2,0.501739453125,0.3935152777777778,2,0.5393711718749999,0.3189752777777778,2,0.58055296875,0.36193055555555553,2
nghiengphai_mp4-0002_jpg.rf.6ff39a6ecb66a7fafe3563e7aa9af96d,train,4,thang,train\images\nghiengphai_mp4-0002_jpg.rf.6ff39a6ecb66a7fafe3563e7aa9af96d.jpg,0.5072640625,0.40419055555555555,0.4475639062500001,0.717333611111111,0.326785703125,0.6113590277777777,2,0.685714296875,0.6034261111111111,2,0.422321484375,0.3749568055555556,2,0.4625,0.3194261111111111,2,0.5035714062500001,0.39082263888888885,2,0.54017859375,0.31625291666666666,2,0.580357109375,0.35750430555555557,2
nghiengphai_mp4-0004_jpg.rf.835f130e66ccea811b57c3d0685c85f5,train,4,thang,train\images\nghiengphai_mp4-0004_jpg.rf.835f130e66ccea811b57c3d0685c85f5.jpg,0.5064713281250001,0.421135,0.47722093749999994,0.759465,0.325892890625,0.6177052777777777,2,0.6839285937499999,0.6002527777777777,2,0.4178571875,0.37337027777777776,2,0.4616071875,0.32418597222222223,2,0.50267859375,0.39558249999999995,2,0.5383928906250001,0.3194261111111111,2,0.576785703125,0.3606775,2
nghiengphai_mp4-0006_jpg.rf.7750a13f87d8bd3eb4183cd07f068ad2,train,4,thang,train\images\nghiengphai_mp4-0006_jpg.rf.7750a13f87d8bd3eb4183cd07f068ad2.jpg,0.508261484375,0.44394791666666655,0.48733640625,0.7924906944444444,0.326785703125,0.6177052777777777,2,0.68482140625,0.6145320833333333,2,0.4178571875,0.37813,2,0.4625,0.32259930555555555,2,0.50267859375,0.39558249999999995,2,0.539285703125,0.3194261111111111,2,0.57767859375,0.35750430555555557,2
nghiengphai_mp4-0007_jpg.rf.bb022accce014e948af14a1a2b4fd2d6,train,4,thang,train\images\nghiengphai_mp4-0007_jpg.rf.bb022accce014e948af14a1a2b4fd2d6.jpg,0.50951140625,0.4439447222222223,0.4859329687500001,0.8032530555555556,0.328571484375,0.6145320833333333,2,0.68214296875,0.6050125,2,0.420535703125,0.3717836111111111,2,0.4616071875,0.32418597222222223,2,0.5008928125,0.39558249999999995,2,0.537500078125,0.3194261111111111,2,0.57767859375,0.3543311111111111,2
nghiengphai_mp4-0009_jpg.rf.bc3c9dda92ee941e991d2bbccd5d8bca,train,4,thang,train\images\nghiengphai_mp4-0009_jpg.rf.bc3c9dda92ee941e991d2bbccd5d8bca.jpg,0.50362796875,0.43336250000000004,0.4839103125000001,0.7787698611111111,0.33482140625,0.6481029166666666,2,0.66875,0.6211029166666666,2,0.42767859374999995,0.35745583333333336,2,0.457142890625,0.31933819444444445,2,0.491964296875,0.40351458333333334,2,0.541964296875,0.31775,2,0.576785703125,0.35904402777777783,2
nghiengphai_mp4-0011_jpg.rf.97969c339684c98ea732caf02f9d73ca,train,4,thang,train\images\nghiengphai_mp4-0011_jpg.rf.97969c339684c98ea732caf02f9d73ca.jpg,0.506268671875,0.4256381944444445,0.469311796875,0.7608911111111111,0.325892890625,0.6192919444444445,2,0.68214296875,0.6081856944444445,2,0.41964289062500004,0.3670238888888889,2,0.458035703125,0.32894569444444444,2,0.50178578125,0.39558249999999995,2,0.536607109375,0.32577249999999996,2,0.576785703125,0.36385069444444446,2
nghiengphai_mp4-0013_jpg.rf.fda7e1f144b7361e31f309d4858cf7c2,train,4,thang,train\images\nghiengphai_mp4-0013_jpg.rf.fda7e1f144b7361e31f309d4858cf7c2.jpg,0.50632453125,0.43796263888888887,0.490308828125,0.8132605555555555,0.327678515625,0.6449265277777778,2,0.6723214843750001,0.6179265277777778,2,0.4178571875,0.3701616666666666,2,0.45892859374999995,0.3256911111111111,2,0.49821429687499996,0.4019263888888889,2,0.53303578125,0.32727930555555557,2,0.576785703125,0.3622205555555556,2
nghiengphai_mp4-0014_jpg.rf.292f7c1a1965fc49e530021722d9f395,train,4,thang,train\images\nghiengphai_mp4-0014_jpg.rf.292f7c1a1965fc49e530021722d9f395.jpg,0.504464375,0.5118748611111111,0.5089287499999999,0.9444855555555554,0.34375,0.6306323611111111,2,0.68214296875,0.6083970833333333,2,0.42142859374999997,0.35904402777777783,2,0.45,0.31139694444444443,2,0.49375,0.39239694444444445,2,0.53392859375,0.30980874999999997,2,0.5696428906250001,0.33998527777777776,2
nghiengphai_mp4-0015_jpg.rf.6b12b7335b03cd706691983e800bd0fd,train,4,thang,train\images\nghiengphai_mp4-0015_jpg.rf.6b12b7335b03cd706691983e800bd0fd.jpg,0.50696265625,0.43571249999999995,0.47233171875000013,0.7836227777777778,0.34169117187500003,0.6707154166666667,2,0.652684765625,0.6631351388888889,2,0.42121460937500005,0.38139930555555557,2,0.46097640625,0.3333905555555556,2,0.49718796875000004,0.3952966666666667,2,0.534109609375,0.32328347222222226,2,0.57174125,0.3687654166666667,2
nghiengphai_mp4-0016_jpg.rf.0f62b78e761601c29bfad8d7b158549f,train,4,thang,train\images\nghiengphai_mp4-0016_jpg.rf.0f62b78e761601c29bfad8d7b158549f.jpg,0.5074409375,0.43754763888888876,0.47575171874999994,0.7991911111111111,0.34411257812499996,0.67197875,2,0.6501359375,0.6606083333333334,2,0.4207959375,0.3750823611111111,2,0.45984765625,0.32833694444444445,2,0.498189296875,0.39908680555555553,2,0.5358209375,0.32581027777777777,2,0.572032578125,0.3687654166666667,2
nghiengphai_mp4-0020_jpg.rf.b2f54abc60d1db1e3fb5f119ff1a0cf2,train,4,thang,train\images\nghiengphai_mp4-0020_jpg.rf.b2f54abc60d1db1e3fb5f119ff1a0cf2.jpg,0.50933296875,0.43705458333333336,0.472406484375,0.7582277777777777,0.351212890625,0.6770323611111111,2,0.6671767187500001,0.6580815277777777,2,0.41795578125,0.3788725,2,0.457717578125,0.32833694444444445,2,0.49534921875000004,0.3952966666666667,2,0.5358209375,0.32328347222222226,2,0.57416265625,0.37002888888888885,2
nghiengphai_mp4-0024_jpg.rf.1ccd3a4d18f2af9b21508018bd0c7015,train,4,thang,train\images\nghiengphai_mp4-0024_jpg.rf.1ccd3a4d18f2af9b21508018bd0c7015.jpg,0.507650234375,0.43114097222222214,0.479297421875,0.7747798611111111,0.32798890625,0.622465,2,0.67709609375,0.6034261111111111,2,0.4128103125,0.3749568055555556,2,0.45477453125,0.33370541666666664,2,0.4940603125,0.39082263888888885,2,0.532453203125,0.32735902777777776,2,0.570846015625,0.35750430555555557,2
nghiengphai_mp4-0025_jpg.rf.bf5e90359cdf9ee486e051d74a34b8fa,train,4,thang,train\images\nghiengphai_mp4-0025_jpg.rf.bf5e90359cdf9ee486e051d74a34b8fa.jpg,0.504451171875,0.4275629166666667,0.47178734375,0.7643677777777778,0.328571484375,0.6113590277777777,2,0.68125,0.6034261111111111,2,0.412500078125,0.37813,2,0.453571484375,0.33370541666666664,2,0.49375,0.39558249999999995,2,0.5321428125,0.32418597222222223,2,0.5741071875,0.3590908333333333,2
nghiengphai_mp4-0026_jpg.rf.a4d92dbb467783a5677ea19ec7a6ec67,train,4,thang,train\images\nghiengphai_mp4-0026_jpg.rf.a4d92dbb467783a5677ea19ec7a6ec67.jpg,0.47499984375000004,0.43543777777777787,0.4607142968750001,0.8400511111111112,0.33124984375,0.6322205555555556,2,0.6714284375,0.6068088888888888,2,0.41428562500000005,0.39080875,2,0.450892734375,0.33998527777777776,2,0.493749921875,0.39716166666666664,2,0.524999921875,0.33045583333333334,2,0.5696428906250001,0.35904402777777783,2
nghiengphai_mp4-0027_jpg.rf.5a0ee50f013ada8e0c4ecef0dbcd3d01,train,4,thang,train\images\nghiengphai_mp4-0027_jpg.rf.5a0ee50f013ada8e0c4ecef0dbcd3d01.jpg,0.50541234375,0.4280697222222222,0.47622054687500004,0.767925,0.32767859375,0.6192919444444445,2,0.6803571093749999,0.6002527777777777,2,0.414285703125,0.3828897222222223,2,0.45089289062500004,0.32894569444444444,2,0.49017859374999995,0.3987556944444445,2,0.5267857031250001,0.31783958333333334,2,0.568750078125,0.3511579166666667,2
nghiengphai_mp4-0028_jpg.rf.26b50ca481abdf2d58d5469b51d1057a,train,4,thang,train\images\nghiengphai_mp4-0028_jpg.rf.26b50ca481abdf2d58d5469b51d1057a.jpg,0.5,0.3814633333333333,0.5,0.7066615277777777,0.33125,0.6163381944444445,2,0.68125,0.6052206944444444,2,0.412500078125,0.3876322222222222,2,0.443750078125,0.33204402777777775,2,0.4928571875,0.3971618055555556,2,0.5321428125,0.30345583333333337,2,0.573214296875,0.3431616666666667,2
nghiengphai_mp4-0029_jpg.rf.c28c4092f29650d594bafa4c742f6e55,train,4,thang,train\images\nghiengphai_mp4-0029_jpg.rf.c28c4092f29650d594bafa4c742f6e55.jpg,0.508639375,0.4342691666666667,0.46824132812499997,0.7532749999999999,0.326785703125,0.6145320833333333,2,0.6830357031250001,0.6002527777777777,2,0.412500078125,0.39240930555555553,2,0.448214296875,0.3305322222222222,2,0.485714296875,0.39558249999999995,2,0.525,0.3130797222222222,2,0.5660714062500001,0.3448115277777778,2
nghiengphai_mp4-0031_jpg.rf.c0bc3548a472a491e07694775a5f8126,train,2,nghieng_phai,train\images\nghiengphai_mp4-0031_jpg.rf.c0bc3548a472a491e07694775a5f8126.jpg,0.51908484375,0.3969219444444445,0.49933046875000003,0.6917395833333334,0.348883984375,0.6353970833333333,2,0.6649553906250001,0.59569125,2,0.409598203125,0.40351458333333334,2,0.4328125,0.33998527777777776,2,0.48191960937499995,0.39080875,2,0.515848203125,0.30345583333333337,2,0.559598203125,0.32410291666666663,2
nghiengphai_mp4-0033_jpg.rf.2f3496cb48bb316e12ca3d65b20da86d,train,2,nghieng_phai,train\images\nghiengphai_mp4-0033_jpg.rf.2f3496cb48bb316e12ca3d65b20da86d.jpg,0.49274562499999996,0.4858329166666667,0.53058046875,0.9329695833333334,0.33125,0.625867638888889,2,0.67053578125,0.5941029166666667,2,0.403571484375,0.39875000000000005,2,0.426785703125,0.3526911111111111,2,0.47589289062500006,0.4098676388888889,2,0.50178578125,0.30980874999999997,2,0.550892890625,0.31933819444444445,2
nghiengphai_mp4-0034_jpg.rf.bb98b0f1444be2e6ec432a39f9960473,train,2,nghieng_phai,train\images\nghiengphai_mp4-0034_jpg.rf.bb98b0f1444be2e6ec432a39f9960473.jpg,0.5084502343749999,0.3714784722222222,0.4308803125000001,0.6522322222222223,0.337012265625,0.6441843055555556,2,0.66078640625,0.6378672222222223,2,0.40659531250000003,0.4117206944444444,2,0.43215640625,0.35486819444444445,2,0.469078046875,0.39655999999999997,2,0.505289609375,0.3068593055555556,2,0.554281796875,0.32328347222222226,2
nghiengphai_mp4-0036_jpg.rf.c953412e627c5ae20869817b8ecc6150,train,2,nghieng_phai,train\images\nghiengphai_mp4-0036_jpg.rf.c953412e627c5ae20869817b8ecc6150.jpg,0.511643203125,0.36503986111111114,0.422666171875,0.647715138888889,0.33559218749999997,0.6555547222222222,2,0.670726875,0.6454476388888889,2,0.40446523437500004,0.4344616666666667,2,0.429316328125,0.35486819444444445,2,0.471208125,0.39908680555555553,2,0.501739453125,0.31317625,2,0.551441640625,0.3296004166666667,2
nghiengphai_mp4-0037_jpg.rf.cec7765e3c4c07fe396841a5753c6ffd,train,2,nghieng_phai,train\images\nghiengphai_mp4-0037_jpg.rf.cec7765e3c4c07fe396841a5753c6ffd.jpg,0.5039859375,0.36606486111111114,0.40510648437499996,0.6360290277777777,0.328571484375,0.6256381944444445,2,0.6839285937499999,0.6034261111111111,2,0.40267859375,0.41938138888888893,2,0.426785703125,0.35750430555555557,2,0.476785703125,0.4082752777777777,2,0.505357109375,0.30673333333333336,2,0.55267859375,0.32418597222222223,2
nghiengphai_mp4-0038_jpg.rf.4a3d76a1eb4214df842a5cee8d4e2828,train,2,nghieng_phai,train\images\nghiengphai_mp4-0038_jpg.rf.4a3d76a1eb4214df842a5cee8d4e2828.jpg,0.49386156249999996,0.40445486111111106,0.5587052343750001,0.7496920833333333,0.34375,0.6226911111111111,2,0.6678571875,0.6115736111111112,2,0.40446429687499996,0.41145583333333335,2,0.425,0.3653970833333333,2,0.47410710937499995,0.4130440277777778,2,0.50178578125,0.30345583333333337,2,0.5553571875000001,0.32410291666666663,2
nghiengphai_mp4-0039_jpg.rf.ab4eec1a65449beab5de228055292c24,train,2,nghieng_phai,train\images\nghiengphai_mp4-0039_jpg.rf.ab4eec1a65449beab5de228055292c24.jpg,0.498650078125,0.3691438888888889,0.399298671875,0.642916111111111,0.32767859375,0.6192919444444445,2,0.685714296875,0.6050125,2,0.403571484375,0.4146215277777777,2,0.4303571875,0.35274458333333336,2,0.475000078125,0.4019288888888889,2,0.5044642968749999,0.3099065277777778,2,0.55357140625,0.32259930555555555,2
nghiengphai_mp4-0040_jpg.rf.69481cbe2a9f7a3479d6071576aef14c,train,2,nghieng_phai,train\images\nghiengphai_mp4-0040_jpg.rf.69481cbe2a9f7a3479d6071576aef14c.jpg,0.499954609375,0.3909930555555555,0.38698625,0.6908372222222223,0.347662734375,0.6934563888888888,2,0.66859671875,0.6732422222222222,2,0.405885234375,0.4205643055555556,2,0.429316328125,0.357395,2,0.47617835937499997,0.4079305555555555,2,0.50457953125,0.3106495833333333,2,0.552861640625,0.3321270833333333,2
nghiengphai_mp4-0042_jpg.rf.d72f02de5ea7f5b4b62838974682cfac,train,2,nghieng_phai,train\images\nghiengphai_mp4-0042_jpg.rf.d72f02de5ea7f5b4b62838974682cfac.jpg,0.50300171875,0.36990833333333334,0.40703257812500004,0.6339241666666666,0.330357109375,0.6256381944444445,2,0.6830357031250001,0.6097723611111111,2,0.40714281249999995,0.42096791666666666,2,0.426785703125,0.3559177777777778,2,0.47142859374999996,0.4035154166666666,2,0.50267859375,0.31149319444444445,2,0.554464296875,0.32894569444444444,2
nghiengphai_mp4-0044_jpg.rf.23920e95ea660c734315a3629de2985f,train,2,nghieng_phai,train\images\nghiengphai_mp4-0044_jpg.rf.23920e95ea660c734315a3629de2985f.jpg,0.502901640625,0.3813922222222222,0.3810924218749999,0.6721373611111112,0.348372734375,0.6606083333333334,2,0.664336640625,0.65050125,2,0.408015390625,0.4256179166666667,2,0.43144640624999997,0.35107805555555555,2,0.47475828125,0.4041402777777778,2,0.5067096875,0.3144397222222222,2,0.556411875,0.33086375,2
nghiengphai_mp4-0046_jpg.rf.bfedb1d0be8f8124e57c6ef11f921365,train,2,nghieng_phai,train\images\nghiengphai_mp4-0046_jpg.rf.bfedb1d0be8f8124e57c6ef11f921365.jpg,0.500731328125,0.3622123611111111,0.4121769531250001,0.6423823611111111,0.332142890625,0.6177052777777777,2,0.68214296875,0.6097723611111111,2,0.40714281249999995,0.41144847222222225,2,0.43125,0.35750430555555557,2,0.47857140625000005,0.40668861111111115,2,0.506250078125,0.30673333333333336,2,0.5553571875000001,0.32577249999999996,2
nghiengphai_mp4-0048_jpg.rf.969bd949a1b3c33c6d82d271dac075c4,train,2,nghieng_phai,train\images\nghiengphai_mp4-0048_jpg.rf.969bd949a1b3c33c6d82d271dac075c4.jpg,0.5055506249999999,0.3632734722222222,0.4074194531249999,0.6380266666666666,0.332142890625,0.6113590277777777,2,0.6883928906250001,0.6097723611111111,2,0.403571484375,0.40986180555555557,2,0.4303571875,0.3495713888888889,2,0.479464296875,0.4051020833333333,2,0.505357109375,0.31149319444444445,2,0.5589285937499999,0.32894569444444444,2
nghiengphai_mp4-0049_jpg.rf.5486f5ba46c54990f332209e73544353,train,2,nghieng_phai,train\images\nghiengphai_mp4-0049_jpg.rf.5486f5ba46c54990f332209e73544353.jpg,0.50300953125,0.3870145833333334,0.37945656250000004,0.6836331944444445,0.350502890625,0.6808226388888888,2,0.66007640625,0.6631351388888889,2,0.40659531250000003,0.41677430555555556,2,0.43144640624999997,0.35107805555555555,2,0.474048203125,0.40287694444444444,2,0.505289609375,0.3068594444444444,2,0.554281796875,0.32833708333333333,2
nghiengphai_mp4-0051_jpg.rf.6b85f985c149df0bd0a129cdfac878ba,train,2,nghieng_phai,train\images\nghiengphai_mp4-0051_jpg.rf.6b85f985c149df0bd0a129cdfac878ba.jpg,0.485714375,0.4588423611111111,0.53035703125,0.8551508333333335,0.3375,0.6322205555555556,2,0.67053578125,0.6115736111111112,2,0.40803578125,0.39080875,2,0.4303571875,0.34951472222222224,2,0.483035703125,0.39716166666666664,2,0.5035714062500001,0.30822055555555555,2,0.55267859375,0.3145734722222222,2
nghiengphai_mp4-0052_jpg.rf.7d94929d8bf72a96a75161bc9ef7caf3,train,2,nghieng_phai,train\images\nghiengphai_mp4-0052_jpg.rf.7d94929d8bf72a96a75161bc9ef7caf3.jpg,0.49977664062500005,0.3701640277777778,0.4058032031249999,0.646584861111111,0.355473046875,0.67197875,2,0.6501359375,0.6479744444444445,2,0.40659531250000003,0.4142475,2,0.434286484375,0.34855125,2,0.47475828125,0.40287694444444444,2,0.5059996875,0.30938611111111114,2,0.555701796875,0.3333905555555556,2
nghiengphai_mp4-0058_jpg.rf.a140244873dc176305e7ac76a51387f7,train,2,nghieng_phai,train\images\nghiengphai_mp4-0058_jpg.rf.a140244873dc176305e7ac76a51387f7.jpg,0.490401875,0.42093430555555555,0.51383921875,0.7611797222222222,0.329464296875,0.6401804166666666,2,0.68482140625,0.6179451388888889,2,0.40535718750000005,0.4130627777777777,2,0.4303571875,0.3463568055555556,2,0.48125,0.40194513888888894,2,0.510714296875,0.3066509722222222,2,0.549107109375,0.33206277777777776,2
nghiengphai_mp4-0060_jpg.rf.d3803a2a7e1365ec4664d6fef4474ff8,train,2,nghieng_phai,train\images\nghiengphai_mp4-0060_jpg.rf.d3803a2a7e1365ec4664d6fef4474ff8.jpg,0.49363460937500003,0.39226069444444445,0.3967865625,0.6933555555555556,0.34695273437499996,0.6745055555555556,2,0.65865640625,0.6568181944444444,2,0.405885234375,0.4180376388888889,2,0.432866484375,0.3523413888888889,2,0.4768884375,0.40161361111111116,2,0.5067096875,0.31191291666666665,2,0.557831953125,0.3333905555555556,2
nghiengphai_mp4-0062_jpg.rf.c4dce8ed252fe12b8efa3e47a5f878f1,train,2,nghieng_phai,train\images\nghiengphai_mp4-0062_jpg.rf.c4dce8ed252fe12b8efa3e47a5f878f1.jpg,0.49800046875000004,0.3886169444444444,0.4093554687500001,0.6880088888888889,0.34198249999999997,0.6795591666666667,2,0.65936640625,0.6517645833333334,2,0.408725390625,0.42435458333333337,2,0.432866484375,0.3498145833333333,2,0.47830843749999996,0.39908680555555553,2,0.5059996875,0.3144397222222222,2,0.558541953125,0.3333905555555556,2
nghiengphai_mp4-0064_jpg.rf.36be6e8b839113efe5ecf7d4bac1ddd9,train,2,nghieng_phai,train\images\nghiengphai_mp4-0064_jpg.rf.36be6e8b839113efe5ecf7d4bac1ddd9.jpg,0.503713984375,0.3644861111111111,0.4047493749999999,0.6342795833333335,0.330357109375,0.6256381944444445,2,0.6839285937499999,0.6113590277777777,2,0.40535718750000005,0.4051020833333333,2,0.42857140625,0.3511579166666667,2,0.47767859375,0.4003422222222222,2,0.5071428906250001,0.30832,2,0.55625,0.32259930555555555,2
nghiengphai_mp4-0065_jpg.rf.d781419b934595aa8f2343c23b65aeec,train,2,nghieng_phai,train\images\nghiengphai_mp4-0065_jpg.rf.d781419b934595aa8f2343c23b65aeec.jpg,0.48671875,0.3542223611111111,0.4533482812500001,0.6341181944444443,0.33392859375,0.6306323611111111,2,0.675000078125,0.6131619444444445,2,0.40446429687499996,0.4146323611111111,2,0.42767859374999995,0.3526911111111111,2,0.475000078125,0.41145583333333335,2,0.5044642968749999,0.30980874999999997,2,0.55267859375,0.3225145833333333,2
nghiengphai_mp4-0066_jpg.rf.33a228da523925856021d924b6ec6d7d,train,2,nghieng_phai,train\images\nghiengphai_mp4-0066_jpg.rf.33a228da523925856021d924b6ec6d7d.jpg,0.5054272656250001,0.3684798611111111,0.3842390625,0.6393670833333333,0.33125,0.6177052777777777,2,0.68125,0.6081856944444445,2,0.403571484375,0.4035154166666666,2,0.4303571875,0.35274458333333336,2,0.47767859375,0.4019288888888889,2,0.5035714062500001,0.3130797222222222,2,0.55625,0.32735902777777776,2
nghiengphai_mp4-0067_jpg.rf.2f0598842458eeb31333e5eebf4246b4,train,2,nghieng_phai,train\images\nghiengphai_mp4-0067_jpg.rf.2f0598842458eeb31333e5eebf4246b4.jpg,0.5058630468749999,0.3653890277777778,0.40864796874999987,0.6473112500000001,0.332142890625,0.6192919444444445,2,0.6866071875,0.6097723611111111,2,0.403571484375,0.41779472222222225,2,0.426785703125,0.3543311111111111,2,0.475000078125,0.4051020833333333,2,0.505357109375,0.31149319444444445,2,0.5553571875000001,0.32418597222222223,2
nghiengphai_mp4-0071_jpg.rf.91a8788e76f62226c994ed0290f786a6,train,2,nghieng_phai,train\images\nghiengphai_mp4-0071_jpg.rf.91a8788e76f62226c994ed0290f786a6.jpg,0.510782265625,0.37673069444444446,0.41322296874999986,0.6230540277777779,0.33125,0.6151848611111111,2,0.6866071875,0.6120116666666666,2,0.394642890625,0.4343134722222222,2,0.414285703125,0.36926319444444444,2,0.46696429687499996,0.3994084722222222,2,0.485714296875,0.3026263888888889,2,0.539285703125,0.31214597222222223,2
nghiengphai_mp4-0072_jpg.rf.1050b06bbed47ad99971905256d7308e,train,2,nghieng_phai,train\images\nghiengphai_mp4-0072_jpg.rf.1050b06bbed47ad99971905256d7308e.jpg,0.506060078125,0.39746069444444443,0.42305765624999997,0.6703215277777778,0.358313203125,0.6884029166666666,2,0.637355390625,0.6820859722222222,2,0.3931046875,0.4458322222222222,2,0.41298562499999997,0.3649752777777778,2,0.46055765624999995,0.4041402777777778,2,0.48043851562500006,0.30306916666666667,2,0.5336908593749999,0.3144397222222222,2
nghiengphai_mp4-0073_jpg.rf.f9e572fd1fb64b6e072a1f5ff2c23d35,train,2,nghieng_phai,train\images\nghiengphai_mp4-0073_jpg.rf.f9e572fd1fb64b6e072a1f5ff2c23d35.jpg,0.499258125,0.37156430555555553,0.414324296875,0.6213870833333333,0.333035703125,0.6256381944444445,2,0.6803571093749999,0.6097723611111111,2,0.392857109375,0.4431802777777778,2,0.40625,0.3717836111111111,2,0.457142890625,0.3939958333333334,2,0.47410710937499995,0.30514680555555557,2,0.528571484375,0.30673333333333336,2
nghiengphai_mp4-0076_jpg.rf.24b36da53588063b5c857268f0c3a334,train,2,nghieng_phai,train\images\nghiengphai_mp4-0076_jpg.rf.24b36da53588063b5c857268f0c3a334.jpg,0.49764890624999997,0.37953791666666664,0.39546789062500004,0.6092004166666666,0.330357109375,0.6272248611111111,2,0.68125,0.6065991666666667,2,0.3866071875,0.4526997222222222,2,0.401785703125,0.37813,2,0.4491071875,0.4146215277777777,2,0.46785718750000005,0.31149319444444445,2,0.519642890625,0.3035601388888889,2
nghiengphai_mp4-0083_jpg.rf.c973caeedf34c055f844511e1dcf0826,train,2,nghieng_phai,train\images\nghiengphai_mp4-0083_jpg.rf.c973caeedf34c055f844511e1dcf0826.jpg,0.456696484375,0.4036502777777778,0.6080357812500001,0.6559840277777776,0.335714296875,0.6512794444444444,2,0.669642890625,0.6052206944444444,2,0.385714296875,0.44480875,2,0.391964296875,0.39080875,2,0.44464289062500006,0.4130440277777778,2,0.464285703125,0.30822055555555555,2,0.516964296875,0.30822055555555555,2
nghiengphai_mp4-0084_jpg.rf.e230a086af9340fe7b645800930fa1d7,train,2,nghieng_phai,train\images\nghiengphai_mp4-0084_jpg.rf.e230a086af9340fe7b645800930fa1d7.jpg,0.475111328125,0.4179597222222222,0.6122769531250001,0.7130443055555555,0.3187496875,0.6385877777777778,2,0.674106875,0.5941170833333334,2,0.383035703125,0.44641097222222226,2,0.392856875,0.3812934722222222,2,0.44910679687500005,0.4209993055555556,2,0.461606875,0.3161758333333333,2,0.50892859375,0.29394041666666665,2
nghiengphai_mp4-0085_jpg.rf.ed6a2850d41ce8919f7ec1e8e4d934d8,train,2,nghieng_phai,train\images\nghiengphai_mp4-0085_jpg.rf.ed6a2850d41ce8919f7ec1e8e4d934d8.jpg,0.505365625,0.38101805555555557,0.41394562500000004,0.6034781944444444,0.328571484375,0.6208784722222223,2,0.6776786718750001,0.6002527777777777,2,0.385714296875,0.46221930555555557,2,0.39642859375,0.3892361111111111,2,0.45,0.41938138888888893,2,0.45982140625,0.31466638888888887,2,0.5160714843750001,0.30673333333333336,2
nghiengphai_mp4-0087_jpg.rf.81c9d99e0b05452745e8fa21bbeaa15c,train,2,nghieng_phai,train\images\nghiengphai_mp4-0087_jpg.rf.81c9d99e0b05452745e8fa21bbeaa15c.jpg,0.5026319531250001,0.37963083333333336,0.40077421874999997,0.5956166666666667,0.332142890625,0.6240516666666667,2,0.6830357031250001,0.6018393055555555,2,0.38482140625,0.46221930555555557,2,0.394642890625,0.38447638888888885,2,0.44017859374999996,0.40986180555555557,2,0.457142890625,0.31149319444444445,2,0.5125,0.30514680555555557,2
nghiengphai_mp4-0089_jpg.rf.7433fc409a8c7be7d34abd3e6fa73a9d,train,2,nghieng_phai,train\images\nghiengphai_mp4-0089_jpg.rf.7433fc409a8c7be7d34abd3e6fa73a9d.jpg,0.49185265625,0.4657751388888888,0.6502232812500001,0.8111413888888889,0.330357109375,0.6465147222222222,2,0.674107109375,0.6115736111111112,2,0.382142890625,0.4575147222222222,2,0.39017859375,0.39875000000000005,2,0.443750078125,0.41145583333333335,2,0.45267859374999997,0.3145734722222222,2,0.5071428906250001,0.29551458333333336,2
nghiengphai_mp4-0092_jpg.rf.30cee40f786e7760f75d23c1809c63c3,train,2,nghieng_phai,train\images\nghiengphai_mp4-0092_jpg.rf.30cee40f786e7760f75d23c1809c63c3.jpg,0.502131171875,0.38673694444444445,0.41518507812499994,0.6022652777777777,0.32767859375,0.6319845833333334,2,0.679464375,0.6050125,2,0.3866071875,0.46856569444444446,2,0.391964296875,0.39240930555555553,2,0.441964296875,0.41144847222222225,2,0.45625,0.3194261111111111,2,0.5125,0.30832,2
nghiengphai_mp4-0093_jpg.rf.4641163ec4d4712a239470896f006b7a,train,2,nghieng_phai,train\images\nghiengphai_mp4-0093_jpg.rf.4641163ec4d4712a239470896f006b7a.jpg,0.46986609375,0.44316513888888887,0.5638393749999999,0.7516133333333332,0.34174109375,0.63937,2,0.68102671875,0.6155465277777777,2,0.3828125,0.4598993055555555,2,0.388169609375,0.39795819444444447,2,0.44174109375,0.42495819444444444,2,0.4578125,0.3121934722222222,2,0.50959828125,0.2994875,2
nghiengphai_mp4-0094_jpg.rf.d95f15c50df68b457630df9a7fda2c8a,train,2,nghieng_phai,train\images\nghiengphai_mp4-0094_jpg.rf.d95f15c50df68b457630df9a7fda2c8a.jpg,0.457254453125,0.44473805555555557,0.596205390625,0.8341427777777777,0.33638390625,0.6524763888888889,2,0.665848203125,0.5921234722222222,2,0.3837053125,0.46029986111111115,2,0.393526796875,0.3999469444444444,2,0.453348203125,0.42377055555555554,2,0.45424109375,0.31894694444444444,2,0.5122767968749999,0.30782930555555554,2
nghiengphai_mp4-0097_jpg.rf.3579ff968115ee17dc4cbbcdb59b07ea,train,2,nghieng_phai,train\images\nghiengphai_mp4-0097_jpg.rf.3579ff968115ee17dc4cbbcdb59b07ea.jpg,0.46116078125,0.4854404166666667,0.59553578125,0.8289816666666667,0.3375,0.6465147222222222,2,0.668750078125,0.6004558333333333,2,0.383035703125,0.4591029166666667,2,0.389285703125,0.39239694444444445,2,0.45267859374999997,0.4146323611111111,2,0.4571428125,0.3129851388888889,2,0.5116071875,0.3018676388888889,2
nghiengphai_mp4-0099_jpg.rf.834d7a05d16174bc4af6d77c2c0ff8b8,train,2,nghieng_phai,train\images\nghiengphai_mp4-0099_jpg.rf.834d7a05d16174bc4af6d77c2c0ff8b8.jpg,0.493594609375,0.40554305555555553,0.43236796875000005,0.6440497222222221,0.338432265625,0.6618716666666666,2,0.648005859375,0.6403941666666667,2,0.38245421875,0.4698365277777778,2,0.39523484375,0.39150638888888883,2,0.44067679687499994,0.4218277777777778,2,0.46055765624999995,0.31822986111111107,2,0.51381,0.31191291666666665,2
nghiengphai_mp4-0100_jpg.rf.d30cb717d09cd01fa5a9d7e26311f62c,train,2,nghieng_phai,train\images\nghiengphai_mp4-0100_jpg.rf.d30cb717d09cd01fa5a9d7e26311f62c.jpg,0.49743296875,0.43265652777777774,0.6104911718750001,0.7821554166666664,0.34196429687499996,0.64175,2,0.674107109375,0.6099852777777778,2,0.381250078125,0.4495734722222222,2,0.39910718749999996,0.3955734722222222,2,0.44285710937499995,0.4289263888888889,2,0.458035703125,0.3145734722222222,2,0.5116071875,0.30345583333333337,2
nghiengphai_mp4-0101_jpg.rf.e11ab87aa7ff612c2ffd777c4c80cbc3,train,2,nghieng_phai,train\images\nghiengphai_mp4-0101_jpg.rf.e11ab87aa7ff612c2ffd777c4c80cbc3.jpg,0.45223218750000005,0.44576069444444444,0.5669643750000001,0.7749591666666666,0.326785703125,0.6401618055555556,2,0.68125,0.59569125,2,0.37857140624999996,0.4511616666666667,2,0.395535703125,0.39398527777777775,2,0.44464289062500006,0.42575,2,0.4616071875,0.31933819444444445,2,0.5125,0.3018676388888889,2
nghiengphai_mp4-0103_jpg.rf.7f550c39aafa43ae978e30540a087a56,train,2,nghieng_phai,train\images\nghiengphai_mp4-0103_jpg.rf.7f550c39aafa43ae978e30540a087a56.jpg,0.4987128125,0.3826523611111111,0.4059077343750001,0.6002684722222222,0.328571484375,0.6272248611111111,2,0.68214296875,0.6034261111111111,2,0.3875,0.4590461111111111,2,0.395535703125,0.3892361111111111,2,0.44642859375,0.4162081944444444,2,0.4616071875,0.31783958333333334,2,0.5160714843750001,0.30673333333333336,2
nghiengphai_mp4-0106_jpg.rf.84309f7e4927da5a9a5371bff12133c5,train,2,nghieng_phai,train\images\nghiengphai_mp4-0106_jpg.rf.84309f7e4927da5a9a5371bff12133c5.jpg,0.49299140625,0.40502416666666663,0.4037529687500001,0.6476141666666666,0.3426925,0.6745055555555556,2,0.6494259375,0.6580815277777777,2,0.386004375,0.4698365277777778,2,0.39665484375000004,0.3864529166666667,2,0.442806953125,0.4142475,2,0.459137578125,0.3169665277777778,2,0.515940078125,0.3144397222222222,2
nghiengphai_mp4-0110_jpg.rf.69d2ccb8eb269c28bf772dc57f5ec205,train,2,nghieng_phai,train\images\nghiengphai_mp4-0110_jpg.rf.69d2ccb8eb269c28bf772dc57f5ec205.jpg,0.5043875,0.40548027777777773,0.4278228125,0.6542824999999999,0.33914234374999996,0.6782958333333333,2,0.6501359375,0.6656618055555555,2,0.386714453125,0.46857319444444445,2,0.39807492187500004,0.3864529166666667,2,0.44635703125,0.4117206944444444,2,0.46126773437499996,0.3144397222222222,2,0.5180701562500001,0.3106495833333333,2
nghiengphai_mp4-0111_jpg.rf.99388c3c3fbf86bd110c68385c79f934,train,2,nghieng_phai,train\images\nghiengphai_mp4-0111_jpg.rf.99388c3c3fbf86bd110c68385c79f934.jpg,0.47332585937499994,0.3857845833333334,0.55513390625,0.6917466666666665,0.334375078125,0.625867638888889,2,0.67455359375,0.6099852777777778,2,0.3897321875,0.45275000000000004,2,0.396875078125,0.39239694444444445,2,0.45133929687499996,0.4241616666666667,2,0.459375078125,0.30663222222222225,2,0.5147321875,0.29710277777777777,2
nghiengphai_mp4-0114_jpg.rf.a0a6e55fd8d41169ae0d1efacade0383,train,2,nghieng_phai,train\images\nghiengphai_mp4-0114_jpg.rf.a0a6e55fd8d41169ae0d1efacade0383.jpg,0.48750007812499996,0.46957319444444434,0.557142890625,0.7623526388888889,0.34107140625,0.6560441666666667,2,0.689285703125,0.6369854166666666,2,0.389285703125,0.4511616666666667,2,0.40446421875,0.4130440277777778,2,0.460714296875,0.4416323611111111,2,0.471428515625,0.3129852777777778,2,0.521428515625,0.2923381944444444,2
nghiengphai_mp4-0116_jpg.rf.1564dacde9cf2ae89c1208af413ff817,train,2,nghieng_phai,train\images\nghiengphai_mp4-0116_jpg.rf.1564dacde9cf2ae89c1208af413ff817.jpg,0.472879453125,0.45289430555555565,0.607812578125,0.7829670833333334,0.33482140625,0.6353970833333333,2,0.67857140625,0.6083970833333333,2,0.3866071875,0.4495734722222222,2,0.395535703125,0.38445583333333333,2,0.45,0.4162205555555556,2,0.466071484375,0.31775,2,0.5125,0.30027930555555554,2
nghiengphai_mp4-0117_jpg.rf.b23b3bf07c38ed59f6afbb80838ce1b5,train,2,nghieng_phai,train\images\nghiengphai_mp4-0117_jpg.rf.b23b3bf07c38ed59f6afbb80838ce1b5.jpg,0.49988093750000007,0.37689124999999996,0.401547578125,0.608265,0.33660718749999996,0.622465,2,0.6830357031250001,0.6065991666666667,2,0.39017859375,0.4638059722222222,2,0.401785703125,0.3860629166666667,2,0.4491071875,0.42096791666666666,2,0.46785718750000005,0.31149319444444445,2,0.52232140625,0.30514680555555557,2
nghiengphai_mp4-0119_jpg.rf.6cdb8f6ce7eb0bb66648a62ef4357a38,train,2,nghieng_phai,train\images\nghiengphai_mp4-0119_jpg.rf.6cdb8f6ce7eb0bb66648a62ef4357a38.jpg,0.49771453125000004,0.4036479166666666,0.408507421875,0.6528934722222222,0.33204203125,0.6656618055555555,2,0.651556015625,0.6479744444444445,2,0.390974609375,0.46478305555555555,2,0.40517523437499997,0.3763456944444445,2,0.45274734375000003,0.4142475,2,0.46978804687500003,0.31191291666666665,2,0.5230403906250001,0.3144397222222222,2
nghiengphai_mp4-0120_jpg.rf.7da71b83047307014729bccbeb7bc028,train,2,nghieng_phai,train\images\nghiengphai_mp4-0120_jpg.rf.7da71b83047307014729bccbeb7bc028.jpg,0.499609375,0.5368055555555555,0.47265625,0.9263888888888889,0.346875,0.6417826388888889,2,0.66919640625,0.5941356944444445,2,0.3897321875,0.4321355555555556,2,0.410267890625,0.3829002777777778,2,0.4647321875,0.4162531944444444,2,0.47901789062500005,0.30031208333333337,2,0.5272321875,0.29713555555555554,2
nghiengphai_mp4-0122_jpg.rf.4e80f2026188ebd7f103057703f14fc7,train,2,nghieng_phai,train\images\nghiengphai_mp4-0122_jpg.rf.4e80f2026188ebd7f103057703f14fc7.jpg,0.5011578906249999,0.39677041666666657,0.4044609375,0.6641216666666666,0.3426925,0.6732422222222222,2,0.665046640625,0.6378672222222223,2,0.39523484375,0.4470955555555555,2,0.415825703125,0.36750208333333334,2,0.459137578125,0.40287694444444444,2,0.48185859375,0.3081227777777778,2,0.5358209375,0.3144397222222222,2
nghiengphai_mp4-0123_jpg.rf.75d81d7aaa2033f746d79d3bd2c40aae,train,2,nghieng_phai,train\images\nghiengphai_mp4-0123_jpg.rf.75d81d7aaa2033f746d79d3bd2c40aae.jpg,0.507303203125,0.3948126388888889,0.4177312500000001,0.6629838888888888,0.34553265624999996,0.6707154166666667,2,0.662916484375,0.6530280555555555,2,0.393814765625,0.4357251388888889,2,0.419375859375,0.35992166666666664,2,0.4641078125,0.39655999999999997,2,0.486828828125,0.3106495833333333,2,0.53866109375,0.3144397222222222,2
nghiengphai_mp4-0124_jpg.rf.dcf080eff449c9d54aa64d4855cae3bd,train,2,nghieng_phai,train\images\nghiengphai_mp4-0124_jpg.rf.dcf080eff449c9d54aa64d4855cae3bd.jpg,0.50446421875,0.4024704166666666,0.474999921875,0.7122912499999999,0.346428515625,0.6107816666666667,2,0.662500078125,0.6028405555555556,2,0.40089289062500005,0.4027229166666667,2,0.422321484375,0.3534876388888889,2,0.471428515625,0.4122522222222222,2,0.50178578125,0.29789930555555555,2,0.54375,0.3264875,2
nghiengphai_mp4-0127_jpg.rf.d2836428fc91fa7d0bbc1bd52b4a62f8,train,4,thang,train\images\nghiengphai_mp4-0127_jpg.rf.d2836428fc91fa7d0bbc1bd52b4a62f8.jpg,0.48660710937499996,0.4303477777777778,0.45,0.7838056944444445,0.365178515625,0.6068090277777778,2,0.68482140625,0.5925147222222222,2,0.416964296875,0.3765147222222222,2,0.44464289062500006,0.33839694444444446,2,0.4875,0.4130440277777778,2,0.528571484375,0.30345583333333337,2,0.5625,0.3336323611111111,2
nghiengphai_mp4-0129_jpg.rf.46f039cd8e56ffe4e406e92c5c7e85d3,train,4,thang,train\images\nghiengphai_mp4-0129_jpg.rf.46f039cd8e56ffe4e406e92c5c7e85d3.jpg,0.5046482812499999,0.48365055555555564,0.471796484375,0.8484198611111111,0.3368303125,0.6207070833333334,2,0.668973203125,0.6207070833333334,2,0.418973203125,0.3602363888888889,2,0.46004468750000005,0.31735402777777777,2,0.49754460937499995,0.4015305555555555,2,0.5395089843750001,0.3205305555555556,2,0.571651796875,0.3538834722222222,2
nghiengphai_mp4-0130_jpg.rf.0cb69a057f6aeb85682f304ed89d03b6,train,4,thang,train\images\nghiengphai_mp4-0130_jpg.rf.0cb69a057f6aeb85682f304ed89d03b6.jpg,0.49445531249999997,0.5196156944444444,0.46644664062499996,0.9607686111111112,0.351785703125,0.6226911111111111,2,0.6776786718750001,0.6115736111111112,2,0.42410710937499996,0.34951472222222224,2,0.4616071875,0.3225145833333333,2,0.49642859375,0.40669111111111117,2,0.536607109375,0.32410291666666663,2,0.58125,0.3558676388888889,2
nghiengphai_mp4-0131_jpg.rf.c351563dc2f8343fb7ad1b0cc3393b85,train,4,thang,train\images\nghiengphai_mp4-0131_jpg.rf.c351563dc2f8343fb7ad1b0cc3393b85.jpg,0.505086875,0.4380065277777778,0.47961093750000006,0.7896129166666667,0.330357109375,0.6129454166666667,2,0.68125,0.6129454166666667,2,0.422321484375,0.3495713888888889,2,0.46696429687499996,0.3130797222222222,2,0.5008928125,0.39082263888888885,2,0.54107140625,0.32735902777777776,2,0.575892890625,0.3606775,2
nghiengphai_mp4-0132_jpg.rf.e65db12dd7ad220a01da7f48d79acbda,train,4,thang,train\images\nghiengphai_mp4-0132_jpg.rf.e65db12dd7ad220a01da7f48d79acbda.jpg,0.50587625,0.45153055555555555,0.47744757812500005,0.8141931944444445,0.33125,0.6192919444444445,2,0.679464375,0.622465,2,0.42410710937499996,0.3463981944444444,2,0.46964281249999995,0.3130797222222222,2,0.5071428906250001,0.39240930555555553,2,0.54642859375,0.32735902777777776,2,0.579464296875,0.3622640277777778,2
nghiengphai_mp4-0134_jpg.rf.6912f83fbcd34aa28c680cf70dc5485c,train,4,thang,train\images\nghiengphai_mp4-0134_jpg.rf.6912f83fbcd34aa28c680cf70dc5485c.jpg,0.50277125,0.4379816666666666,0.48162914062500006,0.7862023611111111,0.33914234374999996,0.6656618055555555,2,0.648005859375,0.6618716666666666,2,0.42718625,0.35486819444444445,2,0.47333820312499997,0.31949319444444446,2,0.50315953125,0.39150638888888883,2,0.5486015625,0.3333905555555556,2,0.5784228125,0.3788725,2
nghiengphai_mp4-0135_jpg.rf.a619d92c4f933857dd80ef168ff5c7bf,train,4,thang,train\images\nghiengphai_mp4-0135_jpg.rf.a619d92c4f933857dd80ef168ff5c7bf.jpg,0.506252578125,0.4572852777777778,0.481049140625,0.8240401388888888,0.350502890625,0.6618716666666666,2,0.65865640625,0.6492377777777777,2,0.42505609375000003,0.35486819444444445,2,0.47262820312500003,0.31570305555555556,2,0.505289609375,0.3927698611111111,2,0.54647140625,0.3270736111111111,2,0.58055296875,0.37129222222222225,2
nghiengphai_mp4-0136_jpg.rf.f80cb385c0cc8f28d2d66a2502106d57,train,4,thang,train\images\nghiengphai_mp4-0136_jpg.rf.f80cb385c0cc8f28d2d66a2502106d57.jpg,0.5067646875,0.4354345833333334,0.4666727343749999,0.7718018055555557,0.332142890625,0.6177052777777777,2,0.676785703125,0.6192919444444445,2,0.423214296875,0.3559177777777778,2,0.46964281249999995,0.3130797222222222,2,0.505357109375,0.3971690277777778,2,0.541964296875,0.32418597222222223,2,0.57767859375,0.36385069444444446,2
nghiengphai_mp4-0137_jpg.rf.c39b51ebcec98f2ad7ff5a0e089ea93b,train,4,thang,train\images\nghiengphai_mp4-0137_jpg.rf.c39b51ebcec98f2ad7ff5a0e089ea93b.jpg,0.505591875,0.4468493055555555,0.48552234375000014,0.8123352777777778,0.328571484375,0.6192919444444445,2,0.68125,0.6145320833333333,2,0.41875,0.35750430555555557,2,0.45982140625,0.32101277777777776,2,0.49821429687499996,0.3939958333333334,2,0.536607109375,0.32735902777777776,2,0.576785703125,0.3590908333333333,2
nghiengphai_mp4-0139_jpg.rf.3ba9f4034aecd29ed0d7b014b38408ba,train,4,thang,train\images\nghiengphai_mp4-0139_jpg.rf.3ba9f4034aecd29ed0d7b014b38408ba.jpg,0.505815234375,0.4435372222222222,0.476670078125,0.7930470833333334,0.34624265625,0.6732422222222222,2,0.653686171875,0.6631351388888889,2,0.416535703125,0.3649752777777778,2,0.45842757812499996,0.32075666666666663,2,0.49321906249999997,0.3902430555555556,2,0.5336908593749999,0.31949319444444446,2,0.5706125,0.3624484722222222,2
nghiengphai_mp4-0140_jpg.rf.a1fac8df4615a7a6c91f7adea0e110fb,train,4,thang,train\images\nghiengphai_mp4-0140_jpg.rf.a1fac8df4615a7a6c91f7adea0e110fb.jpg,0.503067265625,0.4373423611111112,0.4741716406250001,0.7998501388888889,0.329464296875,0.622465,2,0.6803571093749999,0.6113590277777777,2,0.414285703125,0.3670238888888889,2,0.457142890625,0.32101277777777776,2,0.49375,0.3971690277777778,2,0.53303578125,0.32101277777777776,2,0.57142859375,0.35274458333333336,2
nghiengphai_mp4-0141_jpg.rf.d217cef64130af5bba062a06c6c5fb18,train,4,thang,train\images\nghiengphai_mp4-0141_jpg.rf.d217cef64130af5bba062a06c6c5fb18.jpg,0.5031435937500001,0.4530256944444444,0.486992578125,0.828289027777778,0.33062203125,0.6921930555555555,2,0.63806546875,0.6909297222222223,2,0.416535703125,0.37381902777777776,2,0.45842757812499996,0.32202,2,0.49201914062499996,0.38186624999999996,2,0.5344009375,0.32328347222222226,2,0.568482421875,0.36750208333333334,2
nghiengphai_mp4-0142_jpg.rf.67504f07826ee9154c701f6e8037d3fb,train,4,thang,train\images\nghiengphai_mp4-0142_jpg.rf.67504f07826ee9154c701f6e8037d3fb.jpg,0.503411328125,0.4411684722222222,0.4760951562499999,0.7930205555555555,0.330357109375,0.622465,2,0.6776786718750001,0.6097723611111111,2,0.41339289062500006,0.35750430555555557,2,0.45625,0.32259930555555555,2,0.49464289062500005,0.3971690277777778,2,0.53303578125,0.32259930555555555,2,0.568750078125,0.35750430555555557,2
nghiengphai_mp4-0143_jpg.rf.176337926085843e0e1f76666e90c92d,train,4,thang,train\images\nghiengphai_mp4-0143_jpg.rf.176337926085843e0e1f76666e90c92d.jpg,0.50412953125,0.39754249999999997,0.45602687500000005,0.7950848611111111,0.35089296875,0.6235894444444444,2,0.68303578125,0.6140601388888889,2,0.41428578125,0.3717498611111111,2,0.462500078125,0.31775,2,0.500000078125,0.4003381944444444,2,0.5303571875,0.31139694444444443,2,0.572321484375,0.3526911111111111,2
nghiengphai_mp4-0147_jpg.rf.85f9a430ec9bfefb91ee610e59eb7a2e,train,4,thang,train\images\nghiengphai_mp4-0147_jpg.rf.85f9a430ec9bfefb91ee610e59eb7a2e.jpg,0.50501453125,0.4470551388888888,0.48334804687500005,0.8040826388888889,0.3490828125,0.6593450000000001,2,0.647295859375,0.6467109722222222,2,0.415115703125,0.3649752777777778,2,0.45984765625,0.32454680555555554,2,0.493929140625,0.3978233333333333,2,0.5344009375,0.32454680555555554,2,0.568482421875,0.35992166666666664,2
nghiengphai_mp4-0150_jpg.rf.1c95a0d0add763cb4495b69c71654915,train,4,thang,train\images\nghiengphai_mp4-0150_jpg.rf.1c95a0d0add763cb4495b69c71654915.jpg,0.5022310156249999,0.4122655555555556,0.45446656250000006,0.7534122222222223,0.332142890625,0.6322205555555556,2,0.6723214843750001,0.6099852777777778,2,0.41607140625000005,0.36380874999999996,2,0.4491071875,0.31775,2,0.49017859374999995,0.39239694444444445,2,0.529464296875,0.32410291666666663,2,0.568750078125,0.3606322222222222,2
nghiengphai_mp4-0152_jpg.rf.84a1ab636ec99e9f7c71a49273d5d037,train,4,thang,train\images\nghiengphai_mp4-0152_jpg.rf.84a1ab636ec99e9f7c71a49273d5d037.jpg,0.49196421875,0.43018875,0.43214289062500005,0.7763905555555555,0.3375,0.6306323611111111,2,0.669642890625,0.6020441666666666,2,0.4178571875,0.3606322222222222,2,0.45089289062500004,0.3209263888888889,2,0.4928571875,0.4019263888888889,2,0.536607109375,0.3225145833333333,2,0.5669642968749999,0.3558676388888889,2
nghiengphai_mp4-0153_jpg.rf.5ee302efe433dad03f816b40f8eff6ff,train,4,thang,train\images\nghiengphai_mp4-0153_jpg.rf.5ee302efe433dad03f816b40f8eff6ff.jpg,0.5055748437500001,0.46264222222222223,0.49048140625,0.8338843055555556,0.3497928125,0.6530280555555555,2,0.648005859375,0.6441843055555556,2,0.415825703125,0.37002888888888885,2,0.45842757812499996,0.32202,2,0.49321906249999997,0.4003501388888889,2,0.5329808593750001,0.32328347222222226,2,0.568482421875,0.35992166666666664,2
nghiengphai_mp4-0154_jpg.rf.bc60a612840693b70ea01c6cc8b5e375,train,4,thang,train\images\nghiengphai_mp4-0154_jpg.rf.bc60a612840693b70ea01c6cc8b5e375.jpg,0.504683359375,0.45906583333333334,0.496105703125,0.8403804166666666,0.329464296875,0.6192919444444445,2,0.674107109375,0.6034261111111111,2,0.414285703125,0.37019708333333334,2,0.45625,0.3194261111111111,2,0.4928571875,0.3939958333333334,2,0.53125,0.32418597222222223,2,0.57142859375,0.3559177777777778,2
nghiengphai_mp4-0155_jpg.rf.a26854b695b0d283d81f08ddeb1fd6d6,train,4,thang,train\images\nghiengphai_mp4-0155_jpg.rf.a26854b695b0d283d81f08ddeb1fd6d6.jpg,0.507068984375,0.4211855555555556,0.46049453125,0.7564593055555557,0.3490828125,0.6643984722222223,2,0.654396171875,0.6530280555555555,2,0.415115703125,0.36750208333333334,2,0.45842757812499996,0.31949319444444446,2,0.49321906249999997,0.39150638888888883,2,0.5344009375,0.32075666666666663,2,0.569192421875,0.3624484722222222,2
nghiengphai_mp4-0156_jpg.rf.46dac8bb811d9702eb0c1b4d9018159a,train,4,thang,train\images\nghiengphai_mp4-0156_jpg.rf.46dac8bb811d9702eb0c1b4d9018159a.jpg,0.5064346875,0.4548126388888889,0.49619140625,0.8468063888888887,0.3497928125,0.6618716666666666,2,0.6501359375,0.6593450000000001,2,0.41724578125,0.3687654166666667,2,0.459137578125,0.32202,2,0.49463914062500003,0.3952966666666667,2,0.53227078125,0.32075666666666663,2,0.569902421875,0.3662386111111111,2
nghiengphai_mp4-0158_jpg.rf.35981ee9ec3aa5de66b9c0ad174d96de,train,4,thang,train\images\nghiengphai_mp4-0158_jpg.rf.35981ee9ec3aa5de66b9c0ad174d96de.jpg,0.49609375,0.5116406944444445,0.4345982812500001,0.9543944444444444,0.351785703125,0.6306323611111111,2,0.666071484375,0.6052206944444444,2,0.4178571875,0.35904402777777783,2,0.45089289062500004,0.32886750000000003,2,0.488392890625,0.4003381944444444,2,0.53303578125,0.3256911111111111,2,0.5696428906250001,0.35745583333333336,2
nghiengphai_mp4-0159_jpg.rf.2826c3e49d99660441e9d37dab9eeeab,train,4,thang,train\images\nghiengphai_mp4-0159_jpg.rf.2826c3e49d99660441e9d37dab9eeeab.jpg,0.5065875,0.4312297222222223,0.45700734374999996,0.7666747222222221,0.338432265625,0.6707154166666667,2,0.654396171875,0.6606083333333334,2,0.414405625,0.37129222222222225,2,0.45416734375,0.32202,2,0.48966890625000004,0.3940331944444444,2,0.5301407031250001,0.32202,2,0.56777234375,0.35613152777777773,2
nghiengphai_mp4-0161_jpg.rf.5b18ec64ffaa2eb13872973403f091ae,train,4,thang,train\images\nghiengphai_mp4-0161_jpg.rf.5b18ec64ffaa2eb13872973403f091ae.jpg,0.50677609375,0.44668555555555556,0.48187929687500014,0.8231556944444445,0.348372734375,0.6580815277777777,2,0.651556015625,0.6555547222222222,2,0.41298562499999997,0.37002888888888885,2,0.45345734374999996,0.32328347222222226,2,0.48753882812500005,0.3978233333333333,2,0.527300546875,0.31570305555555556,2,0.565642265625,0.3586583333333333,2
nghiengphai_mp4-0162_jpg.rf.36db8747c12ba7ae5fa80954317b093f,train,4,thang,train\images\nghiengphai_mp4-0162_jpg.rf.36db8747c12ba7ae5fa80954317b093f.jpg,0.5111351562500001,0.4564241666666667,0.497955703125,0.8159680555555556,0.330357109375,0.6240516666666667,2,0.6776786718750001,0.6208784722222223,2,0.40982140625,0.3828897222222223,2,0.44732140625000005,0.32735902777777776,2,0.48660710937499996,0.39558249999999995,2,0.5241071875000001,0.32259930555555555,2,0.567857109375,0.3511579166666667,2
nghiengphai_mp4-0164_jpg.rf.9d7934f039322162488d7fa9fde24ad3,train,2,nghieng_phai,train\images\nghiengphai_mp4-0164_jpg.rf.9d7934f039322162488d7fa9fde24ad3.jpg,0.50022109375,0.3684995833333333,0.40730445312499997,0.6390334722222223,0.328571484375,0.6256381944444445,2,0.676785703125,0.6113590277777777,2,0.40446429687499996,0.38447638888888885,2,0.43571429687499996,0.3368786111111111,2,0.48125,0.39240930555555553,2,0.51517859375,0.3099065277777778,2,0.560714296875,0.33846513888888885,2
nghiengphai_mp4-0165_jpg.rf.82ab78d3d9a9a25a04930fd5c9b32e4a,train,2,nghieng_phai,train\images\nghiengphai_mp4-0165_jpg.rf.82ab78d3d9a9a25a04930fd5c9b32e4a.jpg,0.49991804687499997,0.39157875,0.392740078125,0.6846120833333335,0.3490828125,0.6934563888888888,2,0.66078640625,0.6656618055555555,2,0.405885234375,0.3978233333333333,2,0.43783671875,0.34097083333333333,2,0.47830843749999996,0.3978233333333333,2,0.51025984375,0.31570305555555556,2,0.555701796875,0.34223430555555556,2
nghiengphai_mp4-0166_jpg.rf.1b0a72dd7440db986f18c9d22fe6356f,train,2,nghieng_phai,train\images\nghiengphai_mp4-0166_jpg.rf.1b0a72dd7440db986f18c9d22fe6356f.jpg,0.50557828125,0.36652097222222224,0.39164109375,0.63076875,0.329464296875,0.6240516666666667,2,0.6758928125,0.6034261111111111,2,0.40267859375,0.3971690277777778,2,0.42767859374999995,0.3448115277777778,2,0.475000078125,0.39558249999999995,2,0.508035703125,0.30832,2,0.554464296875,0.32577249999999996,2
nghiengphai_mp4-0168_jpg.rf.136bc9ae62518c0e15f093ba92c54824,train,2,nghieng_phai,train\images\nghiengphai_mp4-0168_jpg.rf.136bc9ae62518c0e15f093ba92c54824.jpg,0.50748125,0.38702722222222224,0.41027492187499986,0.6735011111111111,0.33985234375,0.6618716666666666,2,0.645165703125,0.6416575,2,0.40304515625,0.4218277777777778,2,0.426476171875,0.3523413888888889,2,0.46978804687500003,0.4041402777777778,2,0.49534921875000004,0.31317625,2,0.54647140625,0.32328347222222226,2
nghiengphai_mp4-0169_jpg.rf.2bc89b453a78a1ed8bc17c8a7e3af08a,train,2,nghieng_phai,train\images\nghiengphai_mp4-0169_jpg.rf.2bc89b453a78a1ed8bc17c8a7e3af08a.jpg,0.508863515625,0.39271680555555555,0.38478937500000004,0.6722293055555555,0.33985234375,0.6669252777777778,2,0.65794625,0.6416575,2,0.400205,0.4205643055555556,2,0.42434609375,0.3536047222222222,2,0.46836796875,0.39655999999999997,2,0.49605921875,0.31191291666666665,2,0.54505140625,0.32075666666666663,2
nghiengphai_mp4-0171_jpg.rf.268c31ed76a79d1b81ec63609f7d5504,train,2,nghieng_phai,train\images\nghiengphai_mp4-0171_jpg.rf.268c31ed76a79d1b81ec63609f7d5504.jpg,0.505706171875,0.3876756944444445,0.40672484375,0.6570433333333333,0.3490828125,0.6517645833333334,2,0.653686171875,0.6403941666666667,2,0.398785,0.4268813888888889,2,0.4207959375,0.3586583333333333,2,0.46836796875,0.4041402777777778,2,0.49037898437500005,0.3081227777777778,2,0.544341328125,0.3169665277777778,2
nghiengphai_mp4-0172_jpg.rf.0dd18a3dbbac2408b2d33169929e6e17,train,2,nghieng_phai,train\images\nghiengphai_mp4-0172_jpg.rf.0dd18a3dbbac2408b2d33169929e6e17.jpg,0.47109375,0.4103995833333334,0.518526796875,0.7091747222222223,0.32924109375,0.6369852777777777,2,0.6524553125,0.6052205555555555,2,0.3953125,0.42257347222222225,2,0.41584828125,0.38127930555555556,2,0.4640625,0.4193969444444444,2,0.484598203125,0.3209263888888889,2,0.536383984375,0.3256911111111111,2
nghiengphai_mp4-0173_jpg.rf.e6811a7a641a6af9d7aaaa390946ae5d,train,2,nghieng_phai,train\images\nghiengphai_mp4-0173_jpg.rf.e6811a7a641a6af9d7aaaa390946ae5d.jpg,0.4594865625,0.4753213888888889,0.4881696875000001,0.8491994444444443,0.33660718749999996,0.6290443055555556,2,0.6607142968749999,0.6036323611111111,2,0.4,0.4146323611111111,2,0.41964289062500004,0.3653970833333333,2,0.46696429687499996,0.39875000000000005,2,0.489285703125,0.30822055555555555,2,0.541964296875,0.30663222222222225,2
nghiengphai_mp4-0177_jpg.rf.e5b03b62736409fc4e811016561ece4e,train,2,nghieng_phai,train\images\nghiengphai_mp4-0177_jpg.rf.e5b03b62736409fc4e811016561ece4e.jpg,0.48526796875,0.4086573611111111,0.543750078125,0.7443845833333332,0.33482140625,0.6183038888888889,2,0.6723215625,0.6040095833333333,2,0.398214296875,0.40865652777777783,2,0.41964289062500004,0.3673625,2,0.46964289062500003,0.39912722222222224,2,0.49642859375,0.30383305555555556,2,0.541964296875,0.3133623611111111,2
nghiengphai_mp4-0179_jpg.rf.4e46747c2b7f65cde923a785b984baa6,train,2,nghieng_phai,train\images\nghiengphai_mp4-0179_jpg.rf.4e46747c2b7f65cde923a785b984baa6.jpg,0.5190847656249999,0.3917552777777778,0.5064732031249999,0.676664861111111,0.33482140625,0.6369854166666666,2,0.6830357031250001,0.61475,2,0.39375,0.41145583333333335,2,0.41517859375,0.3622205555555556,2,0.46696429687499996,0.4209852777777778,2,0.491964296875,0.30980874999999997,2,0.541964296875,0.3129851388888889,2
nghiengphai_mp4-0180_jpg.rf.e574e736c78a0766ba69dd2c2fa784c1,train,2,nghieng_phai,train\images\nghiengphai_mp4-0180_jpg.rf.e574e736c78a0766ba69dd2c2fa784c1.jpg,0.5113807031250001,0.3700481944444445,0.4168474218750001,0.6237143055555555,0.329464296875,0.6288113888888889,2,0.676785703125,0.6129454166666667,2,0.398214296875,0.4241411111111111,2,0.42410710937499996,0.3590908333333333,2,0.46785718750000005,0.4051020833333333,2,0.4928571875,0.30832,2,0.541964296875,0.3130797222222222,2
nghiengphai_mp4-0181_jpg.rf.8ace4d3e13f04d3e5bec3e479c180659,train,2,nghieng_phai,train\images\nghiengphai_mp4-0181_jpg.rf.8ace4d3e13f04d3e5bec3e479c180659.jpg,0.507312890625,0.36390930555555556,0.4064796874999999,0.6309384722222222,0.329464296875,0.6208784722222223,2,0.68214296875,0.6129454166666667,2,0.4,0.4241411111111111,2,0.42142859374999997,0.35750430555555557,2,0.46785718750000005,0.4051020833333333,2,0.491964296875,0.30673333333333336,2,0.544642890625,0.31625291666666666,2
nghiengphai_mp4-0182_jpg.rf.fc88406e10296c25b3dd545f1a7f1d7a,train,2,nghieng_phai,train\images\nghiengphai_mp4-0182_jpg.rf.fc88406e10296c25b3dd545f1a7f1d7a.jpg,0.50084171875,0.39594625,0.407933359375,0.6758770833333334,0.34411257812499996,0.6618716666666666,2,0.654396171875,0.65050125,2,0.400915078125,0.4268813888888889,2,0.42363609375,0.3624484722222222,2,0.469078046875,0.4079305555555555,2,0.49534921875000004,0.3106495833333333,2,0.544341328125,0.32202,2
nghiengphai_mp4-0183_jpg.rf.b6bd4b2270e7f5e903e0107305dc3832,train,2,nghieng_phai,train\images\nghiengphai_mp4-0183_jpg.rf.b6bd4b2270e7f5e903e0107305dc3832.jpg,0.48225445312500004,0.4822588888888889,0.460491015625,0.8988354166666669,0.34174109375,0.6282523611111112,2,0.67299109375,0.5980758333333334,2,0.398883984375,0.4170170833333333,2,0.41763390625,0.3661934722222222,2,0.465848203125,0.40431111111111107,2,0.4881696875,0.3248993055555556,2,0.545312578125,0.30584055555555556,2
nghiengphai_mp4-0184_jpg.rf.2f6526e99219925b367344c6106b8cf9,train,2,nghieng_phai,train\images\nghiengphai_mp4-0184_jpg.rf.2f6526e99219925b367344c6106b8cf9.jpg,0.49590914062499997,0.38681375,0.380876484375,0.6612940277777779,0.35263296875,0.6593450000000001,2,0.64658578125,0.6429209722222222,2,0.400915078125,0.4294080555555556,2,0.420085859375,0.3586583333333333,2,0.46552789062500005,0.4041402777777778,2,0.48895890625,0.3106495833333333,2,0.540791171875,0.32202,2
nghiengphai_mp4-0186_jpg.rf.1449d3a81b68e6ffac7a9cd470d5412b,train,2,nghieng_phai,train\images\nghiengphai_mp4-0186_jpg.rf.1449d3a81b68e6ffac7a9cd470d5412b.jpg,0.5053489843750001,0.38103249999999994,0.414539453125,0.6425355555555556,0.35263296875,0.6542913888888889,2,0.6501359375,0.6353405555555556,2,0.39523484375,0.4357251388888889,2,0.41795578125,0.36371180555555555,2,0.461977734375,0.4003501388888889,2,0.48469875,0.3106495833333333,2,0.53795109375,0.31570305555555556,2
nghiengphai_mp4-0187_jpg.rf.330b5d7bf1f1d54dbffdbe8d5c550bda,train,2,nghieng_phai,train\images\nghiengphai_mp4-0187_jpg.rf.330b5d7bf1f1d54dbffdbe8d5c550bda.jpg,0.505350078125,0.39291333333333334,0.39607656250000006,0.6592020833333334,0.354763046875,0.6732422222222222,2,0.6494259375,0.6479744444444445,2,0.39523484375,0.4306715277777778,2,0.416535703125,0.36118513888888887,2,0.46339781249999995,0.40161361111111116,2,0.48540875000000006,0.30938611111111114,2,0.53866109375,0.31949319444444446,2
nghiengphai_mp4-0188_jpg.rf.b1f918f4241f57999ba7801099da95bf,train,2,nghieng_phai,train\images\nghiengphai_mp4-0188_jpg.rf.b1f918f4241f57999ba7801099da95bf.jpg,0.47198664062500006,0.41497513888888893,0.5060266406250001,0.7603184722222223,0.340178671875,0.6608087500000001,2,0.6660715625,0.6131616666666667,2,0.395535703125,0.43210291666666667,2,0.40089296875,0.38922055555555557,2,0.454464375,0.42257347222222225,2,0.48035726562500003,0.31139694444444443,2,0.5303571875,0.3145734722222222,2
nghiengphai_mp4-0189_jpg.rf.7efecb2f12d15d232670f991e26e00d7,train,2,nghieng_phai,train\images\nghiengphai_mp4-0189_jpg.rf.7efecb2f12d15d232670f991e26e00d7.jpg,0.46529015625000003,0.4596311111111111,0.4533482031249999,0.8329468055555557,0.3428571875,0.61475,2,0.6633928906250001,0.6115736111111112,2,0.39017859375,0.43369111111111114,2,0.41160710937499995,0.36857347222222225,2,0.458035703125,0.4209852777777778,2,0.48125,0.3050440277777778,2,0.53125,0.29710277777777777,2
nghiengphai_mp4-0191_jpg.rf.c2888eabc5f28b18e4f04c73fd8c3d1d,train,2,nghieng_phai,train\images\nghiengphai_mp4-0191_jpg.rf.c2888eabc5f28b18e4f04c73fd8c3d1d.jpg,0.4932040625,0.4008576388888888,0.41184828125,0.6635277777777777,0.33914234374999996,0.6694520833333333,2,0.643035703125,0.6479744444444445,2,0.391684609375,0.45467583333333333,2,0.40446523437500004,0.3788725,2,0.4491971875,0.40287694444444444,2,0.46978804687500003,0.3081227777777778,2,0.5258805468750001,0.31191291666666665,2
nghiengphai_mp4-0193_jpg.rf.a2dcc85ee7eb4b30c2c3f95b42e2b706,train,2,nghieng_phai,train\images\nghiengphai_mp4-0193_jpg.rf.a2dcc85ee7eb4b30c2c3f95b42e2b706.jpg,0.5080463281250001,0.37960375,0.40610968749999987,0.5937315277777777,0.32767859375,0.6177052777777777,2,0.675000078125,0.6002527777777777,2,0.38482140625,0.4558729166666667,2,0.395535703125,0.39082263888888885,2,0.445535703125,0.4146215277777777,2,0.460714296875,0.31466638888888887,2,0.5160714843750001,0.30832,2
nghiengphai_mp4-0194_jpg.rf.cd38747bea9711a865c139eee66dfb25,train,2,nghieng_phai,train\images\nghiengphai_mp4-0194_jpg.rf.cd38747bea9711a865c139eee66dfb25.jpg,0.49642867187500006,0.4054572222222222,0.45,0.642961388888889,0.338392890625,0.6353970833333333,2,0.66517859375,0.6083970833333333,2,0.382142890625,0.45275000000000004,2,0.39375,0.4019263888888889,2,0.44017859374999996,0.42575,2,0.457142890625,0.31139694444444443,2,0.5044642968749999,0.29551458333333336,2
nghiengphai_mp4-0195_jpg.rf.fa821bfbd854a22716d6dd9d38526e4f,train,2,nghieng_phai,train\images\nghiengphai_mp4-0195_jpg.rf.fa821bfbd854a22716d6dd9d38526e4f.jpg,0.50069703125,0.40534222222222227,0.430943515625,0.654558611111111,0.333462109375,0.66818875,2,0.651556015625,0.6479744444444445,2,0.383874296875,0.4748901388888889,2,0.3923946875,0.3952966666666667,2,0.43783671875,0.41551083333333333,2,0.454877421875,0.32328347222222226,2,0.508129765625,0.30938611111111114,2
nghiengphai_mp4-0196_jpg.rf.9f28114a50042cf1556a8a733af81357,train,2,nghieng_phai,train\images\nghiengphai_mp4-0196_jpg.rf.9f28114a50042cf1556a8a733af81357.jpg,0.500496328125,0.38399833333333333,0.4137437499999999,0.5899370833333333,0.32767859375,0.6256381944444445,2,0.6776786718750001,0.6002527777777777,2,0.382142890625,0.46856569444444446,2,0.391071484375,0.40986180555555557,2,0.44017859374999996,0.42096791666666666,2,0.45267859374999997,0.32418597222222223,2,0.505357109375,0.30514680555555557,2
nghiengphai_mp4-0197_jpg.rf.bb484e70e089c4e6484273a869952abc,train,2,nghieng_phai,train\images\nghiengphai_mp4-0197_jpg.rf.bb484e70e089c4e6484273a869952abc.jpg,0.5005860156249999,0.4114122222222221,0.4325858593749999,0.6297843055555555,0.348372734375,0.6858761111111111,2,0.65723625,0.6479744444444445,2,0.38245421875,0.4849972222222222,2,0.390974609375,0.40666708333333335,2,0.441386796875,0.4256179166666667,2,0.451327265625,0.32454680555555554,2,0.502449453125,0.30938611111111114,2
nghiengphai_mp4-0200_jpg.rf.35acc9090e15b8654ea2a14913475e5d,train,2,nghieng_phai,train\images\nghiengphai_mp4-0200_jpg.rf.35acc9090e15b8654ea2a14913475e5d.jpg,0.48986648437499997,0.40774347222222224,0.4242036718750001,0.6118544444444444,0.34411257812499996,0.67197875,2,0.65865640625,0.6492377777777777,2,0.375353984375,0.4824704166666666,2,0.386714453125,0.4117206944444444,2,0.43144640624999997,0.4306715277777778,2,0.444226953125,0.32454680555555554,2,0.49463914062500003,0.30306916666666667,2
nghiengphai_mp4-0205_jpg.rf.ea2146eb96c2918aafec6b1c47467311,train,2,nghieng_phai,train\images\nghiengphai_mp4-0205_jpg.rf.ea2146eb96c2918aafec6b1c47467311.jpg,0.4734375,0.5021208333333333,0.574553671875,0.8464137500000001,0.3321428125,0.6353970833333333,2,0.653571484375,0.58775,2,0.370535703125,0.4591029166666667,2,0.398214296875,0.4098675,2,0.433035703125,0.4321027777777777,2,0.45089289062500004,0.3209263888888889,2,0.49642859375,0.2923381944444444,2
nghiengphai_mp4-0206_jpg.rf.f5b03a5eed7e41c62d2275d7f86cbc1c,train,2,nghieng_phai,train\images\nghiengphai_mp4-0206_jpg.rf.f5b03a5eed7e41c62d2275d7f86cbc1c.jpg,0.49078898437499996,0.41280972222222234,0.4251985156249999,0.6547844444444445,0.3426925,0.6795591666666667,2,0.637355390625,0.6454476388888889,2,0.381034140625,0.48373374999999996,2,0.390264609375,0.4117205555555556,2,0.4364165625,0.4294080555555556,2,0.4513271875,0.3296002777777778,2,0.505289609375,0.30938611111111114,2
nghiengphai_mp4-0208_jpg.rf.b53ab2481e306e499fa3380011312b9b,train,2,nghieng_phai,train\images\nghiengphai_mp4-0208_jpg.rf.b53ab2481e306e499fa3380011312b9b.jpg,0.48705359374999996,0.4473218055555555,0.4919642968750001,0.733835138888889,0.340401875,0.6675809722222222,2,0.668973203125,0.6072281944444444,2,0.3859375,0.47699277777777777,2,0.384151796875,0.4071104166666667,2,0.438616171875,0.4452280555555556,2,0.45111609374999995,0.31975736111111114,2,0.50200890625,0.29116916666666665,2
nghiengphai_mp4-0209_jpg.rf.e2d54340c3010c8301a63ff243ae7266,train,2,nghieng_phai,train\images\nghiengphai_mp4-0209_jpg.rf.e2d54340c3010c8301a63ff243ae7266.jpg,0.49683671875,0.37747875,0.42609695312499996,0.6093226388888889,0.330357109375,0.6319845833333334,2,0.676785703125,0.6050125,2,0.382142890625,0.47649861111111114,2,0.3875,0.413035,2,0.43928578125,0.42731430555555555,2,0.45089289062500004,0.32577249999999996,2,0.505357109375,0.3019736111111111,2
nghiengphai_mp4-0210_jpg.rf.f550e07301fb77393cc6ba51f3798e6f,train,2,nghieng_phai,train\images\nghiengphai_mp4-0210_jpg.rf.f550e07301fb77393cc6ba51f3798e6f.jpg,0.481026796875,0.43623388888888887,0.521875,0.6638066666666668,0.333928515625,0.6401618055555556,2,0.676785703125,0.61475,2,0.3758928125,0.46069111111111116,2,0.39107140625,0.4082793055555555,2,0.43928570312500004,0.44322055555555556,2,0.45,0.3256911111111111,2,0.5035714062500001,0.29710277777777777,2
nghiengphai_mp4-0213_jpg.rf.ae003209d092f8e61b5a8b9d1467700d,train,2,nghieng_phai,train\images\nghiengphai_mp4-0213_jpg.rf.ae003209d092f8e61b5a8b9d1467700d.jpg,0.46696429687499996,0.5317184722222222,0.4857142968749999,0.892092361111111,0.33660718749999996,0.6338088888888889,2,0.66517859375,0.60680875,2,0.37767859375,0.45592638888888887,2,0.385714296875,0.40351458333333334,2,0.44285710937499995,0.4289263888888889,2,0.45535710937499996,0.32886750000000003,2,0.5,0.2891616666666667,2
nghiengphai_mp4-0214_jpg.rf.74a71cca58a75ebfc8b0c4d7dabeaed2,train,2,nghieng_phai,train\images\nghiengphai_mp4-0214_jpg.rf.74a71cca58a75ebfc8b0c4d7dabeaed2.jpg,0.500837421875,0.40094972222222225,0.4306629687500001,0.7391469444444444,0.3497928125,0.6770323611111111,2,0.655816171875,0.6277601388888889,2,0.38103421875,0.4761534722222222,2,0.3923946875,0.4003501388888889,2,0.442096875,0.42309111111111114,2,0.45558742187499995,0.32202,2,0.5067096875,0.3043326388888889,2
nghiengphai_mp4-0215_jpg.rf.f5f582e8c6e2f17114720e3fc5696274,train,2,nghieng_phai,train\images\nghiengphai_mp4-0215_jpg.rf.f5f582e8c6e2f17114720e3fc5696274.jpg,0.499749140625,0.39846472222222223,0.42360546874999994,0.64732625,0.328571484375,0.6319845833333334,2,0.67857140625,0.6018393055555555,2,0.38482140625,0.4733254166666667,2,0.392857109375,0.4035154166666666,2,0.448214296875,0.4304875,2,0.453571484375,0.33211888888888885,2,0.50892859375,0.3035601388888889,2
nghiengphai_mp4-0216_jpg.rf.548da7d630a6e236eee186bbcfb5e752,train,2,nghieng_phai,train\images\nghiengphai_mp4-0216_jpg.rf.548da7d630a6e236eee186bbcfb5e752.jpg,0.493988515625,0.4062959722222222,0.39749875000000007,0.6324366666666665,0.351922890625,0.6669252777777778,2,0.654396171875,0.6568181944444444,2,0.38103421875,0.4774169444444445,2,0.391684609375,0.4041402777777778,2,0.43854671874999995,0.4294080555555556,2,0.454877421875,0.32328347222222226,2,0.5059996875,0.30559597222222223,2
nghiengphai_mp4-0218_jpg.rf.a6e52d57b2177cd94905ade436938c09,train,2,nghieng_phai,train\images\nghiengphai_mp4-0218_jpg.rf.a6e52d57b2177cd94905ade436938c09.jpg,0.49926875,0.40055625000000006,0.415748203125,0.6038904166666667,0.32767859375,0.6272248611111111,2,0.6732143749999999,0.6002527777777777,2,0.38392859375,0.46539250000000004,2,0.392857109375,0.4003422222222222,2,0.44107140625,0.42572777777777776,2,0.45625,0.32418597222222223,2,0.510714296875,0.2988004166666667,2
nghiengphai_mp4-0219_jpg.rf.785781473373c181007754df8e35b88a,train,2,nghieng_phai,train\images\nghiengphai_mp4-0219_jpg.rf.785781473373c181007754df8e35b88a.jpg,0.4625,0.5416666666666666,0.534375,0.9166666666666666,0.357142890625,0.6306323611111111,2,0.66517859375,0.5988676388888889,2,0.37767859375,0.4543381944444444,2,0.3741071875,0.4067377777777778,2,0.44732140625000005,0.4209852777777778,2,0.4616071875,0.31139694444444443,2,0.5071428906250001,0.29710277777777777,2
nghiengphai_mp4-0220_jpg.rf.039ed04c741584a6ce4be5941d71769e,train,2,nghieng_phai,train\images\nghiengphai_mp4-0220_jpg.rf.039ed04c741584a6ce4be5941d71769e.jpg,0.50969921875,0.37840527777777777,0.40555914062499987,0.6032391666666665,0.329464296875,0.6303980555555555,2,0.6776786718750001,0.6002527777777777,2,0.38392859375,0.4590461111111111,2,0.392857109375,0.4003422222222222,2,0.44285710937499995,0.42731430555555555,2,0.457142890625,0.32577249999999996,2,0.510714296875,0.3035601388888889,2
nghiengphai_mp4-0222_jpg.rf.f37007b29d18b2658d2400c041adc0b3,train,2,nghieng_phai,train\images\nghiengphai_mp4-0222_jpg.rf.f37007b29d18b2658d2400c041adc0b3.jpg,0.497872109375,0.3963830555555556,0.41315921875000006,0.6709406944444444,0.328571484375,0.6256381944444445,2,0.6758928125,0.5954930555555555,2,0.389285703125,0.46539250000000004,2,0.394642890625,0.4003422222222222,2,0.44285710937499995,0.42255458333333334,2,0.45982140625,0.32577249999999996,2,0.514285703125,0.3019736111111111,2
nghiengphai_mp4-0223_jpg.rf.cf6f874d250aecfe0f016f9dfd33e6f3,train,2,nghieng_phai,train\images\nghiengphai_mp4-0223_jpg.rf.cf6f874d250aecfe0f016f9dfd33e6f3.jpg,0.502257421875,0.39651527777777773,0.42924296875,0.6469447222222223,0.351212890625,0.6694520833333333,2,0.651556015625,0.6441843055555556,2,0.383874296875,0.47236333333333336,2,0.3931046875,0.39908680555555553,2,0.44351695312499995,0.4281447222222222,2,0.46055765624999995,0.32581027777777777,2,0.511679921875,0.30938611111111114,2
nghiengphai_mp4-0224_jpg.rf.447dd17108527c9d061283b030311125,train,2,nghieng_phai,train\images\nghiengphai_mp4-0224_jpg.rf.447dd17108527c9d061283b030311125.jpg,0.507253359375,0.4016847222222222,0.4296853125,0.6299566666666666,0.328571484375,0.6383309722222222,2,0.675000078125,0.6018393055555555,2,0.3875,0.46539250000000004,2,0.394642890625,0.4019288888888889,2,0.445535703125,0.4241411111111111,2,0.45982140625,0.32418597222222223,2,0.5125,0.30673333333333336,2
nghiengphai_mp4-0225_jpg.rf.a0803ee6deb667ddde8f76ebff7776d5,train,2,nghieng_phai,train\images\nghiengphai_mp4-0225_jpg.rf.a0803ee6deb667ddde8f76ebff7776d5.jpg,0.5028815625,0.37789111111111107,0.42317390625000006,0.6022106944444444,0.33125,0.6319845833333334,2,0.674107109375,0.6050125,2,0.389285703125,0.46539250000000004,2,0.395535703125,0.3971690277777778,2,0.445535703125,0.42572777777777776,2,0.45982140625,0.32259930555555555,2,0.514285703125,0.30514680555555557,2
nghiengphai_mp4-0227_jpg.rf.83a8e9a6c31d7e3567f16332c0827605,train,2,nghieng_phai,train\images\nghiengphai_mp4-0227_jpg.rf.83a8e9a6c31d7e3567f16332c0827605.jpg,0.490082265625,0.41211513888888884,0.39679085937499997,0.6587000000000001,0.34553265624999996,0.6568181944444444,2,0.645165703125,0.6315504166666667,2,0.383874296875,0.4584661111111111,2,0.400915078125,0.38771625000000004,2,0.44777710937500004,0.42309111111111114,2,0.4641078125,0.32454680555555554,2,0.519490234375,0.31317625,2
nghiengphai_mp4-0228_jpg.rf.c6a56ee6d12e90e30e0edc27540a1d10,train,2,nghieng_phai,train\images\nghiengphai_mp4-0228_jpg.rf.c6a56ee6d12e90e30e0edc27540a1d10.jpg,0.48470984375,0.501737638888889,0.4787946874999999,0.9139365277777778,0.33125,0.6353970833333333,2,0.668750078125,0.5988676388888889,2,0.3875,0.44322055555555556,2,0.39910718749999996,0.39239694444444445,2,0.44642859375,0.4289263888888889,2,0.47410710937499995,0.31139694444444443,2,0.514285703125,0.29551458333333336,2
nghiengphai_mp4-0231_jpg.rf.291c5604b7059b62142883d15a7277a9,train,2,nghieng_phai,train\images\nghiengphai_mp4-0231_jpg.rf.291c5604b7059b62142883d15a7277a9.jpg,0.492214453125,0.3985106944444445,0.39536648437499994,0.6555876388888889,0.351922890625,0.6643984722222223,2,0.642325625,0.6403941666666667,2,0.385294375,0.4572026388888889,2,0.40233507812499997,0.38139930555555557,2,0.44777710937500004,0.4205643055555556,2,0.46978804687500003,0.31570305555555556,2,0.519490234375,0.3106495833333333,2
nghiengphai_mp4-0233_jpg.rf.ea7f726e6d7763bbe88c43fdb74d8419,train,2,nghieng_phai,train\images\nghiengphai_mp4-0233_jpg.rf.ea7f726e6d7763bbe88c43fdb74d8419.jpg,0.466964375,0.4532725000000001,0.5392857812499999,0.8393165277777778,0.332142890625,0.6401618055555556,2,0.675000078125,0.5893383333333333,2,0.38392859375,0.43527930555555555,2,0.401785703125,0.3860440277777778,2,0.45535710937499996,0.4209852777777778,2,0.46785718750000005,0.31933819444444445,2,0.51875,0.30663222222222225,2
nghiengphai_mp4-0235_jpg.rf.0b70a13689ed60a6a8014b55e8a4dfe5,train,2,nghieng_phai,train\images\nghiengphai_mp4-0235_jpg.rf.0b70a13689ed60a6a8014b55e8a4dfe5.jpg,0.504341015625,0.37223097222222223,0.40663296875,0.6187020833333333,0.326785703125,0.6383309722222222,2,0.6714285156249999,0.6050125,2,0.39375,0.43683388888888885,2,0.40803578125,0.3749568055555556,2,0.457142890625,0.413035,2,0.47767859375,0.3130797222222222,2,0.5303571875,0.31149319444444445,2
nghiengphai_mp4-0236_jpg.rf.61be7b18166634c4a8e78a4102bacc08,train,2,nghieng_phai,train\images\nghiengphai_mp4-0236_jpg.rf.61be7b18166634c4a8e78a4102bacc08.jpg,0.5014221875,0.3758388888888889,0.39915398437499994,0.6190663888888889,0.330357109375,0.6240516666666667,2,0.674107109375,0.6034261111111111,2,0.39375,0.43366069444444444,2,0.41339289062500006,0.36861041666666666,2,0.457142890625,0.4035154166666666,2,0.483035703125,0.3130797222222222,2,0.5321428125,0.3099065277777778,2
nghiengphai_mp4-0237_jpg.rf.b2bd489495a8954db4a0a706624171a1,train,2,nghieng_phai,train\images\nghiengphai_mp4-0237_jpg.rf.b2bd489495a8954db4a0a706624171a1.jpg,0.4987659375,0.37061347222222224,0.3881569531249999,0.6219956944444445,0.330357109375,0.6303980555555555,2,0.674107109375,0.6081856944444445,2,0.394642890625,0.42890097222222223,2,0.414285703125,0.36543722222222225,2,0.4616071875,0.4082752777777777,2,0.484821484375,0.31466638888888887,2,0.5348214062500001,0.31466638888888887,2
nghiengphai_mp4-0239_jpg.rf.4a221591b73df44c31112b4498229058,train,2,nghieng_phai,train\images\nghiengphai_mp4-0239_jpg.rf.4a221591b73df44c31112b4498229058.jpg,0.498429921875,0.3838479166666667,0.36873492187500007,0.644485,0.354763046875,0.6580815277777777,2,0.650846015625,0.6492377777777777,2,0.397364921875,0.4117206944444444,2,0.42505609375000003,0.3536047222222222,2,0.471918203125,0.3952966666666667,2,0.496769296875,0.31191291666666665,2,0.541501171875,0.32202,2
nghiengphai_mp4-0240_jpg.rf.298a561d3e55cea8a0e4e6b39d646b09,train,2,nghieng_phai,train\images\nghiengphai_mp4-0240_jpg.rf.298a561d3e55cea8a0e4e6b39d646b09.jpg,0.5042209375,0.3887398611111111,0.4079954687500001,0.6842284722222223,0.333035703125,0.6272248611111111,2,0.675000078125,0.6129454166666667,2,0.39910718749999996,0.4082752777777777,2,0.425892890625,0.35274458333333336,2,0.476785703125,0.3987556944444445,2,0.5,0.3099065277777778,2,0.54375,0.31625291666666666,2
nghiengphai_mp4-0241_jpg.rf.2686f29393b7668dc5e4f0e55cb34690,train,2,nghieng_phai,train\images\nghiengphai_mp4-0241_jpg.rf.2686f29393b7668dc5e4f0e55cb34690.jpg,0.507568046875,0.3648425,0.4167264062500001,0.6414702777777778,0.329464296875,0.6303980555555555,2,0.6776786718750001,0.6129454166666667,2,0.39910718749999996,0.40668861111111115,2,0.42767859374999995,0.3511579166666667,2,0.47857140625000005,0.3971690277777778,2,0.5035714062500001,0.3099065277777778,2,0.54642859375,0.31466638888888887,2
nghiengphai_mp4-0242_jpg.rf.06ff0cc93af06e26389083357fe6e4ab,train,2,nghieng_phai,train\images\nghiengphai_mp4-0242_jpg.rf.06ff0cc93af06e26389083357fe6e4ab.jpg,0.49967187500000004,0.3673736111111111,0.35773046875,0.6344783333333333,0.34695273437499996,0.6618716666666666,2,0.64587578125,0.65050125,2,0.400915078125,0.4041402777777778,2,0.43357648437499996,0.3460244444444444,2,0.47759843750000003,0.3902430555555556,2,0.505289609375,0.3068593055555556,2,0.547181484375,0.31949319444444446,2
nghiengphai_mp4-0243_jpg.rf.a8ad6659391bf8b9f5cb0836c44275f9,train,4,thang,train\images\nghiengphai_mp4-0243_jpg.rf.a8ad6659391bf8b9f5cb0836c44275f9.jpg,0.5063653125,0.3418490277777778,0.41584070312500004,0.6403358333333333,0.333035703125,0.6380555555555555,2,0.665962890625,0.6240480555555555,2,0.403571484375,0.38393791666666666,2,0.43571429687499996,0.3378790277777778,2,0.48214289062500004,0.3871143055555556,2,0.519642890625,0.3045261111111111,2,0.551785703125,0.3204084722222222,2
nghiengphai_mp4-0244_jpg.rf.c0fcb2678b899c141fc0f5f640456488,train,2,nghieng_phai,train\images\nghiengphai_mp4-0244_jpg.rf.c0fcb2678b899c141fc0f5f640456488.jpg,0.509961640625,0.38788875,0.40081640625000003,0.6897504166666667,0.329464296875,0.6272248611111111,2,0.6758928125,0.6161186111111111,2,0.403571484375,0.3860629166666667,2,0.44464289062500006,0.33529194444444443,2,0.4875,0.3860629166666667,2,0.517857109375,0.3099065277777778,2,0.557142890625,0.33370541666666664,2
nghiengphai_mp4-0246_jpg.rf.16dcbb37c085c393a55cda07abad270b,train,2,nghieng_phai,train\images\nghiengphai_mp4-0246_jpg.rf.16dcbb37c085c393a55cda07abad270b.jpg,0.5069946875,0.4571536111111112,0.4788287500000001,0.8169347222222222,0.34037640625,0.6260505555555556,2,0.666182109375,0.6163095833333334,2,0.413047109375,0.3806966666666667,2,0.448597265625,0.3279227777777778,2,0.491774140625,0.3897569444444444,2,0.52583171875,0.30977750000000004,2,0.56193125,0.34157,2
nghiengphai_mp4-0249_jpg.rf.e79b21814a8a5acc07e458cefbf06c0f,train,4,thang,train\images\nghiengphai_mp4-0249_jpg.rf.e79b21814a8a5acc07e458cefbf06c0f.jpg,0.507213359375,0.4344370833333333,0.47450187499999996,0.7797497222222223,0.35405296875,0.6707154166666667,2,0.653686171875,0.6441843055555556,2,0.4215059375,0.36371180555555555,2,0.459137578125,0.3169665277777778,2,0.49605921875,0.38771625000000004,2,0.5365309375,0.31822986111111107,2,0.5706125,0.357395,2
nghiengphai_mp4-0250_jpg.rf.88ea148454252b50b9213830d4ae733e,train,4,thang,train\images\nghiengphai_mp4-0250_jpg.rf.88ea148454252b50b9213830d4ae733e.jpg,0.5049203906249999,0.4307490277777778,0.47447187500000004,0.7911301388888888,0.34375,0.6179265277777778,2,0.6616071875,0.5972795833333333,2,0.420535703125,0.35745583333333336,2,0.45982140625,0.30822055555555555,2,0.49642859375,0.3860440277777778,2,0.536607109375,0.3161616666666667,2,0.57232140625,0.3622205555555556,2
nghiengphai_mp4-0251_jpg.rf.d18fefb2ea32db9501e2f3568bc25b3d,train,4,thang,train\images\nghiengphai_mp4-0251_jpg.rf.d18fefb2ea32db9501e2f3568bc25b3d.jpg,0.503888125,0.4407740277777778,0.48325703124999997,0.8230945833333335,0.3350496875,0.6385140277777778,2,0.6638128125,0.6368519444444444,2,0.420038359375,0.36102236111111113,2,0.45982140625,0.3129851388888889,2,0.49642859375,0.39398527777777775,2,0.54017859375,0.30822055555555555,2,0.575892890625,0.3606322222222222,2
nghiengphai_mp4-0252_jpg.rf.72fea3444460e3b937367981a7a86887,train,4,thang,train\images\nghiengphai_mp4-0252_jpg.rf.72fea3444460e3b937367981a7a86887.jpg,0.5015625,0.425,0.484375,0.85,0.326494453125,0.6353970833333333,2,0.6693515624999999,0.6226911111111111,2,0.42203015625000007,0.3558676388888889,2,0.4568515625,0.3129851388888889,2,0.4943515625,0.4019263888888889,2,0.53631578125,0.3145734722222222,2,0.5747086718750001,0.35427930555555553,2
nghiengphai_mp4-0253_jpg.rf.360701a1de80cfa5892f23166fd16b04,train,4,thang,train\images\nghiengphai_mp4-0253_jpg.rf.360701a1de80cfa5892f23166fd16b04.jpg,0.49128249999999996,0.4329619444444444,0.4507807812500001,0.8113545833333333,0.333637265625,0.6290443055555556,2,0.68006578125,0.6195148611111111,2,0.42203015625000007,0.3526911111111111,2,0.45400999999999997,0.3204111111111111,2,0.496137265625,0.3955734722222222,2,0.533674765625,0.3208155555555556,2,0.56843703125,0.3589113888888889,2
nghiengphai_mp4-0254_jpg.rf.ef5effa14e6796d508c7b116e544371e,train,4,thang,train\images\nghiengphai_mp4-0254_jpg.rf.ef5effa14e6796d508c7b116e544371e.jpg,0.5063128125,0.46038027777777774,0.4841614843750001,0.8106258333333333,0.33125,0.6322205555555556,2,0.674979453125,0.6220505555555556,2,0.42142859374999997,0.35904402777777783,2,0.45892859374999995,0.32727930555555557,2,0.49107140625,0.3971618055555556,2,0.536607109375,0.3225145833333333,2,0.5696428906250001,0.3479263888888889,2
nghiengphai_mp4-0257_jpg.rf.ac66636c6acc32bb1cb721467d35408b,train,4,thang,train\images\nghiengphai_mp4-0257_jpg.rf.ac66636c6acc32bb1cb721467d35408b.jpg,0.50783125,0.46448486111111104,0.49475476562500004,0.8347270833333333,0.340178515625,0.6099852777777778,2,0.6625,0.6163381944444445,2,0.4178571875,0.3669852777777778,2,0.455388828125,0.3283173611111111,2,0.496428515625,0.4003381944444444,2,0.5303571093749999,0.32727930555555557,2,0.5696428906250001,0.34157347222222223,2
nghiengphai_mp4-0258_jpg.rf.cd44248a1c6e3d91e1d90d69623e4480,train,4,thang,train\images\nghiengphai_mp4-0258_jpg.rf.cd44248a1c6e3d91e1d90d69623e4480.jpg,0.50562234375,0.43052611111111105,0.45999820312500006,0.7702043055555555,0.347662734375,0.6669252777777778,2,0.6487159375,0.6580815277777777,2,0.41724578125,0.37002888888888885,2,0.457717578125,0.32454680555555554,2,0.49321906249999997,0.38392611111111113,2,0.5308507812500001,0.32328347222222226,2,0.568482421875,0.357395,2
nghiengphai_mp4-0259_jpg.rf.679df3ab00b83d3525cf0a53c69fbbe7,train,4,thang,train\images\nghiengphai_mp4-0259_jpg.rf.679df3ab00b83d3525cf0a53c69fbbe7.jpg,0.50566546875,0.43661638888888893,0.4839167968750001,0.8114904166666667,0.339285703125,0.61475,2,0.66517859375,0.60680875,2,0.414285703125,0.37333819444444444,2,0.454675859375,0.32394249999999997,2,0.494484609375,0.3990343055555556,2,0.539285703125,0.3209263888888889,2,0.5696428906250001,0.35904402777777783,2
nghiengphai_mp4-0260_jpg.rf.d970526512d3e39e79b890b4a74ab931,train,4,thang,train\images\nghiengphai_mp4-0260_jpg.rf.d970526512d3e39e79b890b4a74ab931.jpg,0.5030138281250001,0.43373805555555556,0.46582023437500003,0.7901147222222222,0.33482140625,0.6240516666666667,2,0.675000078125,0.6113590277777777,2,0.416964296875,0.3717836111111111,2,0.457142890625,0.32418597222222223,2,0.491964296875,0.3892361111111111,2,0.5348214062500001,0.32101277777777776,2,0.5696428906250001,0.36385069444444446,2
nghiengphai_mp4-0261_jpg.rf.ae69757610db4b1a49081a32aeeb5da1,train,4,thang,train\images\nghiengphai_mp4-0261_jpg.rf.ae69757610db4b1a49081a32aeeb5da1.jpg,0.506591171875,0.44616236111111107,0.4772585156249999,0.8139734722222222,0.33392859375,0.6306323611111111,2,0.66966109375,0.6164575,2,0.414285703125,0.3701616666666666,2,0.45535710937499996,0.32410291666666663,2,0.49107140625,0.41145583333333335,2,0.54107140625,0.32886750000000003,2,0.57232140625,0.3447498611111111,2
nghiengphai_mp4-0262_jpg.rf.3799f659872e6883517ca772cc15f70a,train,4,thang,train\images\nghiengphai_mp4-0262_jpg.rf.3799f659872e6883517ca772cc15f70a.jpg,0.508106328125,0.4443568055555555,0.46916546875,0.7880341666666666,0.32857156249999997,0.6290440277777778,2,0.666071484375,0.6004556944444445,2,0.418750078125,0.36222041666666666,2,0.453571484375,0.32410291666666663,2,0.497321484375,0.40986736111111105,2,0.533928671875,0.31933805555555556,2,0.568750078125,0.35269097222222223,2
nghiengphai_mp4-0263_jpg.rf.f578d620e7f1f907bf3ac260c2071211,train,4,thang,train\images\nghiengphai_mp4-0263_jpg.rf.f578d620e7f1f907bf3ac260c2071211.jpg,0.50869359375,0.4349527777777777,0.47502390625,0.7939338888888888,0.34553265624999996,0.6580815277777777,2,0.65865640625,0.6366038888888889,2,0.416535703125,0.37381902777777776,2,0.45842757812499996,0.32454680555555554,2,0.49250906250000004,0.39150638888888883,2,0.53156078125,0.32202,2,0.56777234375,0.35992166666666664,2
nghiengtrai_mp4-0001_jpg.rf.8753e3670f5b58d67a4117be3b3a8716,train,4,thang,train\images\nghiengtrai_mp4-0001_jpg.rf.8753e3670f5b58d67a4117be3b3a8716.jpg,0.4930871875,0.40813499999999997,0.44196273437499994,0.7843227777777778,0.3490828125,0.6322958333333333,2,0.644455703125,0.6297690277777778,2,0.415115703125,0.3644573611111111,2,0.45558742187499995,0.3076048611111111,2,0.49605921875,0.36066722222222225,2,0.53227078125,0.3088681944444444,2,0.56706234375,0.35182347222222227,2
nghiengtrai_mp4-0002_jpg.rf.eec1a1b9d626c29f6ba587d947904c44,train,4,thang,train\images\nghiengtrai_mp4-0002_jpg.rf.eec1a1b9d626c29f6ba587d947904c44.jpg,0.491669375,0.41523875,0.4514814843749999,0.7782337500000002,0.34724125,0.62397,2,0.6546846875,0.6302869444444444,2,0.41540421875,0.3586583333333333,2,0.456586015625,0.3081227777777778,2,0.49279757812499997,0.3687654166666667,2,0.5304292187499999,0.3081227777777778,2,0.5666407812500001,0.3498145833333333,2
nghiengtrai_mp4-0003_jpg.rf.7ab7c5acef1b1c2a8ccfd8b927f3f5d0,train,4,thang,train\images\nghiengtrai_mp4-0003_jpg.rf.7ab7c5acef1b1c2a8ccfd8b927f3f5d0.jpg,0.49114570312500005,0.4175318055555555,0.444520625,0.7702858333333334,0.33482140625,0.6050125,2,0.6732143749999999,0.5891465277777778,2,0.414285703125,0.35750430555555557,2,0.454464296875,0.30673333333333336,2,0.49464289062500005,0.37813,2,0.53125,0.3035601388888889,2,0.567857109375,0.3448115277777778,2
nghiengtrai_mp4-0005_jpg.rf.f002c69a79838b6e8d7eb3f2469cadbe,train,4,thang,train\images\nghiengtrai_mp4-0005_jpg.rf.f002c69a79838b6e8d7eb3f2469cadbe.jpg,0.492137265625,0.4275791666666666,0.4564476562500001,0.7972534722222223,0.3446428125,0.5972795833333333,2,0.65234375,0.59666,2,0.41656492187499994,0.3585069444444444,2,0.454606484375,0.30763194444444447,2,0.49446796875,0.3802773611111111,2,0.535331015625,0.30369125,2,0.56517859375,0.34157347222222223,2
nghiengtrai_mp4-0007_jpg.rf.f72d46e16f69e7702014d8d5da400783,train,4,thang,train\images\nghiengtrai_mp4-0007_jpg.rf.f72d46e16f69e7702014d8d5da400783.jpg,0.49078046875,0.4366627777777778,0.46482218749999993,0.7959972222222225,0.32991078125,0.6022440277777777,2,0.6709821875,0.5895513888888888,2,0.413839296875,0.36266875000000004,2,0.45669640625,0.3118977777777778,2,0.495089296875,0.37218819444444445,2,0.529910703125,0.3039648611111111,2,0.567410703125,0.34521625,2
nghiengtrai_mp4-0011_jpg.rf.c4dcbd24e4e4fc141c2ad59b23b3e66a,train,4,thang,train\images\nghiengtrai_mp4-0011_jpg.rf.c4dcbd24e4e4fc141c2ad59b23b3e66a.jpg,0.49418281249999996,0.42847097222222225,0.454518359375,0.7881580555555555,0.3241071875,0.6115781944444444,2,0.668750078125,0.6068134722222223,2,0.414285703125,0.35587222222222226,2,0.453571484375,0.3114016666666667,2,0.49375,0.38128402777777776,2,0.5321428125,0.30504875,2,0.5625,0.34793111111111114,2
nghiengtrai_mp4-0014_jpg.rf.ed0254f44141ec1750ee5f34b8334135,train,4,thang,train\images\nghiengtrai_mp4-0014_jpg.rf.ed0254f44141ec1750ee5f34b8334135.jpg,0.48860398437499997,0.4494476388888889,0.46627976562499995,0.8119625,0.349082734375,0.6252334722222221,2,0.65368609375,0.6163897222222222,2,0.414405625,0.35486819444444445,2,0.45771750000000005,0.3005425,2,0.4939290625,0.3649754166666667,2,0.5308507031249999,0.2980156944444445,2,0.56777234375,0.3409709722222222,2
nghiengtrai_mp4-0015_jpg.rf.66003a4ac6302958314ed0fd6bcb7285,train,4,thang,train\images\nghiengtrai_mp4-0015_jpg.rf.66003a4ac6302958314ed0fd6bcb7285.jpg,0.492983203125,0.4554813888888889,0.46713882812499996,0.8408068055555558,0.329115703125,0.6201606944444444,2,0.66078328125,0.6008127777777778,2,0.416615703125,0.3596898611111111,2,0.45233,0.3104545833333333,2,0.495749765625,0.3820875,2,0.53000859375,0.30727805555555554,2,0.5649775,0.34953541666666665,2
nghiengtrai_mp4-0016_jpg.rf.54291baf081db8f8fcf56bccf75febdb,train,4,thang,train\images\nghiengtrai_mp4-0016_jpg.rf.54291baf081db8f8fcf56bccf75febdb.jpg,0.48904765625,0.4351429166666667,0.45819671875,0.781697222222222,0.34198249999999997,0.6391306944444445,2,0.651556015625,0.6403941666666667,2,0.415825703125,0.36750208333333334,2,0.454877421875,0.30938611111111114,2,0.493929140625,0.3649752777777778,2,0.53227078125,0.3043326388888889,2,0.56706234375,0.3498145833333333,2
nghiengtrai_mp4-0017_jpg.rf.86d7491a3b67985a0889b8cba7cd3017,train,4,thang,train\images\nghiengtrai_mp4-0017_jpg.rf.86d7491a3b67985a0889b8cba7cd3017.jpg,0.487948671875,0.44121625000000003,0.4755106250000001,0.8111890277777778,0.34375,0.60680875,2,0.658928671875,0.6004558333333333,2,0.41371296874999997,0.3550248611111111,2,0.45286421875,0.3113015277777778,2,0.49452625,0.3705906944444445,2,0.5383928906250001,0.30822055555555555,2,0.568955859375,0.3467733333333333,2
nghiengtrai_mp4-0019_jpg.rf.fd090bedb6fd8570127c10685e0efcbd,train,4,thang,train\images\nghiengtrai_mp4-0019_jpg.rf.fd090bedb6fd8570127c10685e0efcbd.jpg,0.493988359375,0.4053820833333333,0.43594648437500005,0.7430588888888887,0.344822578125,0.6315504166666667,2,0.6501359375,0.6252334722222221,2,0.415115703125,0.36118513888888887,2,0.45558742187499995,0.30938611111111114,2,0.4917990625,0.37129222222222225,2,0.5308507812500001,0.30559597222222223,2,0.566352265625,0.3536047222222222,2
nghiengtrai_mp4-0020_jpg.rf.2b88dbc95a25fee5d01ef77866e962f3,train,4,thang,train\images\nghiengtrai_mp4-0020_jpg.rf.2b88dbc95a25fee5d01ef77866e962f3.jpg,0.49365601562499994,0.42695069444444445,0.4437398437500001,0.7750487500000001,0.33006578124999997,0.60608125,2,0.672923046875,0.6013213888888889,2,0.41042296875,0.3617461111111111,2,0.45328015625000007,0.3046288888888889,2,0.49167296875,0.37602555555555556,2,0.52917296875,0.3030422222222222,2,0.565780078125,0.34746680555555554,2
nghiengtrai_mp4-0021_jpg.rf.d29e684d1f6eb6875c1cec2c6f6ce2c9,train,4,thang,train\images\nghiengtrai_mp4-0021_jpg.rf.d29e684d1f6eb6875c1cec2c6f6ce2c9.jpg,0.485861171875,0.43022930555555566,0.4592542187500001,0.7855415277777777,0.339544140625,0.6367976388888889,2,0.651556015625,0.6340772222222222,2,0.414405625,0.35992166666666664,2,0.45345734374999996,0.3081227777777778,2,0.49108906250000006,0.3763456944444445,2,0.529430703125,0.30306916666666667,2,0.565642265625,0.3523413888888889,2
nghiengtrai_mp4-0023_jpg.rf.1f97a8201b3f2e0f245ee84f42e95443,train,4,thang,train\images\nghiengtrai_mp4-0023_jpg.rf.1f97a8201b3f2e0f245ee84f42e95443.jpg,0.4926825,0.43000375,0.44971046875000004,0.7918841666666667,0.3434025,0.6353405555555556,2,0.6487159375,0.6353405555555556,2,0.415115703125,0.35992166666666664,2,0.45629749999999997,0.30938611111111114,2,0.49250906250000004,0.3624484722222222,2,0.5301407031250001,0.3081227777777778,2,0.565642265625,0.3498145833333333,2
nghiengtrai_mp4-0024_jpg.rf.739ccfcae6b5de3a1c2580910c6e214b,train,4,thang,train\images\nghiengtrai_mp4-0024_jpg.rf.739ccfcae6b5de3a1c2580910c6e214b.jpg,0.49101671874999997,0.43462222222222224,0.4538329687500001,0.7712619444444445,0.333035703125,0.6002527777777777,2,0.6714285156249999,0.5923197222222222,2,0.412500078125,0.36543722222222225,2,0.454464296875,0.3099065277777778,2,0.49464289062500005,0.37337027777777776,2,0.53125,0.3019736111111111,2,0.56517859375,0.3448115277777778,2
nghiengtrai_mp4-0026_jpg.rf.4fd4ccd8c95ec310caae588fd93841bd,train,4,thang,train\images\nghiengtrai_mp4-0026_jpg.rf.4fd4ccd8c95ec310caae588fd93841bd.jpg,0.49053312499999996,0.44675458333333323,0.4655510156249999,0.8244404166666666,0.333035703125,0.6113590277777777,2,0.6714285156249999,0.6002527777777777,2,0.414285703125,0.3606775,2,0.454464296875,0.30673333333333336,2,0.49464289062500005,0.37813,2,0.529464296875,0.3035601388888889,2,0.567857109375,0.3448115277777778,2
nghiengtrai_mp4-0027_jpg.rf.5b407fd1bca58d751eb7715a583c5383,train,4,thang,train\images\nghiengtrai_mp4-0027_jpg.rf.5b407fd1bca58d751eb7715a583c5383.jpg,0.4917840625,0.41370069444444446,0.43989804687500006,0.7410280555555557,0.33049703125,0.6354315277777778,2,0.6631497656249999,0.6310073611111111,2,0.416535703125,0.35992166666666664,2,0.454877421875,0.3081227777777778,2,0.4917990625,0.3788725,2,0.5287206249999999,0.30938611111111114,2,0.564932265625,0.3536047222222222,2
nghiengtrai_mp4-0028_jpg.rf.281ab7d999bf9c56db3e61072eae94cd,train,4,thang,train\images\nghiengtrai_mp4-0028_jpg.rf.281ab7d999bf9c56db3e61072eae94cd.jpg,0.48868359375,0.4289683333333334,0.4566553125,0.7737408333333333,0.329464296875,0.6002527777777777,2,0.6732143749999999,0.6002527777777777,2,0.41339289062500006,0.3559177777777778,2,0.458035703125,0.3099065277777778,2,0.49464289062500005,0.3717836111111111,2,0.529464296875,0.30514680555555557,2,0.5696428906250001,0.3463981944444444,2
nghiengtrai_mp4-0030_jpg.rf.187b822bfcb526191574f81120c3c54b,train,4,thang,train\images\nghiengtrai_mp4-0030_jpg.rf.187b822bfcb526191574f81120c3c54b.jpg,0.48619460937500003,0.43430027777777774,0.45142851562499986,0.7769831944444443,0.3490828125,0.65050125,2,0.644455703125,0.6416575,2,0.416535703125,0.36371180555555555,2,0.459137578125,0.31191291666666665,2,0.498732109375,0.3788125,2,0.5365309375,0.3081227777777778,2,0.565642265625,0.35613152777777773,2
nghiengtrai_mp4-0031_jpg.rf.b9f4e01bd862051b026b205d61806fed,train,4,thang,train\images\nghiengtrai_mp4-0031_jpg.rf.b9f4e01bd862051b026b205d61806fed.jpg,0.48837937499999995,0.4172518055555555,0.46159062500000003,0.8345034722222222,0.3428571875,0.5993888888888889,2,0.674107109375,0.5972795833333333,2,0.420535703125,0.35110291666666665,2,0.458035703125,0.3018676388888889,2,0.49821429687499996,0.38286763888888886,2,0.5357142968749999,0.3050440277777778,2,0.5669642968749999,0.35745583333333336,2
nghiengtrai_mp4-0033_jpg.rf.f2cd3e7805aafa675cc5eff5e22972fe,train,4,thang,train\images\nghiengtrai_mp4-0033_jpg.rf.f2cd3e7805aafa675cc5eff5e22972fe.jpg,0.489793984375,0.44493791666666666,0.4596628125000001,0.8204340277777777,0.33125,0.5970795833333333,2,0.666071484375,0.5970795833333333,2,0.41607140625000005,0.3559177777777778,2,0.460714296875,0.3130797222222222,2,0.5002135937500001,0.3793551388888889,2,0.5383928906250001,0.3130797222222222,2,0.57142859375,0.3495713888888889,2
nghiengtrai_mp4-0035_jpg.rf.f0366a7e3b313078938f766faeca3114,train,4,thang,train\images\nghiengtrai_mp4-0035_jpg.rf.f0366a7e3b313078938f766faeca3114.jpg,0.49079539062500005,0.45123944444444436,0.47196187500000003,0.8207427777777778,0.329464296875,0.6097723611111111,2,0.669642890625,0.5923197222222222,2,0.41959726562500005,0.33977958333333336,2,0.46817296875,0.30516597222222225,2,0.506397578125,0.3771158333333333,2,0.5475047656250001,0.326675,2,0.570535703125,0.36543722222222225,2
nghiengtrai_mp4-0036_jpg.rf.57c94c34684d69ca6f10b9e11b40dbd7,train,3,nghieng_trai,train\images\nghiengtrai_mp4-0036_jpg.rf.57c94c34684d69ca6f10b9e11b40dbd7.jpg,0.50470359375,0.33779166666666666,0.390178515625,0.5897133333333333,0.339302734375,0.6123638888888888,2,0.65778140625,0.6056363888888889,2,0.4231234375,0.3404109722222222,2,0.47038132812500005,0.3061918055555556,2,0.5101900781250001,0.38226013888888893,2,0.549197109375,0.32791791666666664,2,0.57177734375,0.37133055555555555,2
nghiengtrai_mp4-0037_jpg.rf.4ebe663f5a98848320db5080d569eaa3,train,3,nghieng_trai,train\images\nghiengtrai_mp4-0037_jpg.rf.4ebe663f5a98848320db5080d569eaa3.jpg,0.49228421874999995,0.3433573611111111,0.404911171875,0.6152523611111111,0.344243828125,0.61628,2,0.6541942187500001,0.6035354166666667,2,0.424574453125,0.33762430555555556,2,0.470991640625,0.3057034722222222,2,0.510450859375,0.3854363888888889,2,0.551011484375,0.3223840277777778,2,0.5733448437499999,0.37101972222222224,2
nghiengtrai_mp4-0038_jpg.rf.4772c55f89d4f024d76d1577ec6caf6c,train,3,nghieng_trai,train\images\nghiengtrai_mp4-0038_jpg.rf.4772c55f89d4f024d76d1577ec6caf6c.jpg,0.5004464843750001,0.36434736111111116,0.409821484375,0.6492827777777778,0.34232125,0.6026475,2,0.6608165625,0.6071851388888889,2,0.425151484375,0.3378116666666667,2,0.47209031250000005,0.3051511111111111,2,0.511111171875,0.38488402777777775,2,0.5536,0.32687222222222223,2,0.576005390625,0.3780579166666667,2
nghiengtrai_mp4-0039_jpg.rf.b2ba699fe64262e9ba7ab489a5ef2cef,train,3,nghieng_trai,train\images\nghiengtrai_mp4-0039_jpg.rf.b2ba699fe64262e9ba7ab489a5ef2cef.jpg,0.49397546875,0.34695305555555556,0.38973648437499997,0.6169006944444444,0.334411640625,0.6251183333333333,2,0.6617153906250001,0.6090741666666666,2,0.42713234375000003,0.33844305555555554,2,0.472456484375,0.3059747222222222,2,0.51024,0.3766572222222222,2,0.55015421875,0.32399680555555554,2,0.573483515625,0.38189013888888884,2
nghiengtrai_mp4-0041_jpg.rf.6ffb3a108a1b7b2ac39b16658cca74a1,train,3,nghieng_trai,train\images\nghiengtrai_mp4-0041_jpg.rf.6ffb3a108a1b7b2ac39b16658cca74a1.jpg,0.489262734375,0.4160951388888888,0.4434899999999999,0.7644048611111111,0.33031390625,0.6384943055555555,2,0.664667265625,0.6182084722222222,2,0.43034226562500005,0.33379694444444447,2,0.479511640625,0.30097847222222224,2,0.516154921875,0.3852391666666667,2,0.555958125,0.3341520833333333,2,0.5784329687499999,0.37976930555555555,2
nghiengtrai_mp4-0042_jpg.rf.6d967511ca03c117af758a29d4f7f979,train,3,nghieng_trai,train\images\nghiengtrai_mp4-0042_jpg.rf.6d967511ca03c117af758a29d4f7f979.jpg,0.49947390625,0.35010916666666664,0.39851835937499996,0.6482520833333333,0.346765703125,0.6142825,2,0.657848046875,0.6162011111111111,2,0.43324421874999997,0.32404125,2,0.48483,0.3054076388888889,2,0.516313046875,0.38999375000000003,2,0.560680078125,0.33673152777777776,2,0.578222109375,0.39113305555555555,2
nghiengtrai_mp4-0043_jpg.rf.79e52f8b327ad403b406ade6d4f15026,train,3,nghieng_trai,train\images\nghiengtrai_mp4-0043_jpg.rf.79e52f8b327ad403b406ade6d4f15026.jpg,0.4983175,0.35628055555555554,0.382795625,0.6510726388888889,0.32767859375,0.6050125,2,0.6678571875,0.5970795833333333,2,0.43839281249999995,0.32101277777777776,2,0.491964296875,0.3003870833333333,2,0.525,0.39082263888888885,2,0.5660714062500001,0.33846513888888885,2,0.58392859375,0.3797166666666667,2
nghiengtrai_mp4-0044_jpg.rf.8200fcb58b94319c2d636aff63ad0336,train,3,nghieng_trai,train\images\nghiengtrai_mp4-0044_jpg.rf.8200fcb58b94319c2d636aff63ad0336.jpg,0.495627109375,0.3584644444444445,0.401968515625,0.6457063888888889,0.325892890625,0.5986661111111111,2,0.669642890625,0.6050125,2,0.43571429687499996,0.32735902777777776,2,0.495535703125,0.3003870833333333,2,0.5267857031250001,0.38447638888888885,2,0.5696428906250001,0.33846513888888885,2,0.583035703125,0.3892361111111111,2
nghiengtrai_mp4-0045_jpg.rf.ad00bbc3754749da13ceca5b8c935a01,train,3,nghieng_trai,train\images\nghiengtrai_mp4-0045_jpg.rf.ad00bbc3754749da13ceca5b8c935a01.jpg,0.494044453125,0.3515855555555556,0.3965710156250001,0.6384268055555555,0.325,0.6050125,2,0.668750078125,0.6002527777777777,2,0.43839281249999995,0.32259930555555555,2,0.49642859375,0.2972138888888889,2,0.5276785937499999,0.39082263888888885,2,0.57142859375,0.3416383333333333,2,0.585714296875,0.3892361111111111,2
nghiengtrai_mp4-0048_jpg.rf.d6425e37fbe44218e6965a00458c1884,train,3,nghieng_trai,train\images\nghiengtrai_mp4-0048_jpg.rf.d6425e37fbe44218e6965a00458c1884.jpg,0.501775078125,0.34005527777777783,0.396407265625,0.6070734722222222,0.325892890625,0.5986661111111111,2,0.66428578125,0.6034261111111111,2,0.44017859374999996,0.32259930555555555,2,0.5008928125,0.3019736111111111,2,0.528571484375,0.3892361111111111,2,0.57142859375,0.343225,2,0.5866071875000001,0.3939958333333334,2
nghiengtrai_mp4-0050_jpg.rf.9a493269eb8f31c27eee6cedc43e6d89,train,3,nghieng_trai,train\images\nghiengtrai_mp4-0050_jpg.rf.9a493269eb8f31c27eee6cedc43e6d89.jpg,0.4970465625,0.35787722222222224,0.39325140625,0.6468276388888887,0.342916953125,0.6421259722222222,2,0.646810234375,0.6421259722222222,2,0.44445140624999996,0.32375180555555555,2,0.499833828125,0.3035376388888889,2,0.526105,0.38944805555555556,2,0.5708369531249999,0.34775625,2,0.585037578125,0.4121891666666667,2
nghiengtrai_mp4-0051_jpg.rf.bd3711bd440865fcc154c4e04edaf03c,train,3,nghieng_trai,train\images\nghiengtrai_mp4-0051_jpg.rf.bd3711bd440865fcc154c4e04edaf03c.jpg,0.493303671875,0.4985599999999999,0.43482132812499985,0.9646829166666666,0.33482140625,0.5972795833333333,2,0.6616071875,0.5941029166666667,2,0.44464289062500006,0.3161616666666667,2,0.49821429687499996,0.3018676388888889,2,0.528571484375,0.3955734722222222,2,0.5741071875,0.3447498611111111,2,0.5892857031250001,0.39080875,2
nghiengtrai_mp4-0052_jpg.rf.9e27f0a0230a2a7c92fdf37989b08781,train,3,nghieng_trai,train\images\nghiengtrai_mp4-0052_jpg.rf.9e27f0a0230a2a7c92fdf37989b08781.jpg,0.53470984375,0.5156591666666667,0.49308031250000006,0.9686815277777777,0.325892890625,0.61475,2,0.67053578125,0.60680875,2,0.44732140625000005,0.31139694444444443,2,0.497321484375,0.29551458333333336,2,0.5241071875000001,0.3971618055555556,2,0.5785714843750001,0.3479263888888889,2,0.583035703125,0.4082793055555555,2
nghiengtrai_mp4-0053_jpg.rf.42e57a7d7652d9ac4c662a5cfcd9757c,train,3,nghieng_trai,train\images\nghiengtrai_mp4-0053_jpg.rf.42e57a7d7652d9ac4c662a5cfcd9757c.jpg,0.51372765625,0.4992059722222222,0.4189732812500001,0.9952351388888889,0.328571484375,0.5988676388888889,2,0.669642890625,0.5909263888888888,2,0.445535703125,0.3209263888888889,2,0.508035703125,0.3050440277777778,2,0.5303571875,0.39875000000000005,2,0.581250078125,0.33998527777777776,2,0.588392890625,0.39875000000000005,2
nghiengtrai_mp4-0054_jpg.rf.27e133f3eac3f7da92bbdce90d9965ae,train,3,nghieng_trai,train\images\nghiengtrai_mp4-0054_jpg.rf.27e133f3eac3f7da92bbdce90d9965ae.jpg,0.5227678906250001,0.49478111111111106,0.4669643749999999,0.8643001388888889,0.329464296875,0.6163381944444445,2,0.6607142968749999,0.59569125,2,0.445535703125,0.30980874999999997,2,0.49821429687499996,0.3018676388888889,2,0.52142859375,0.40351458333333334,2,0.57232140625,0.34951472222222224,2,0.5866071875000001,0.3971618055555556,2
nghiengtrai_mp4-0055_jpg.rf.2f60e95dc5eefae4e89990e1c8ceab94,train,3,nghieng_trai,train\images\nghiengtrai_mp4-0055_jpg.rf.2f60e95dc5eefae4e89990e1c8ceab94.jpg,0.48452195312499996,0.43215472222222234,0.4612760937500001,0.800847638888889,0.34136687499999996,0.6099569444444444,2,0.655406640625,0.6148102777777779,2,0.446533203125,0.322315,2,0.498293828125,0.30764680555555557,2,0.527554609375,0.3948370833333333,2,0.572088046875,0.3508325,2,0.588145859375,0.40265944444444446,2
nghiengtrai_mp4-0056_jpg.rf.3a9b88af177256b4c2e3f2f4a26133f0,train,3,nghieng_trai,train\images\nghiengtrai_mp4-0056_jpg.rf.3a9b88af177256b4c2e3f2f4a26133f0.jpg,0.50892859375,0.3586238888888889,0.40178570312499995,0.6485016666666666,0.32767859375,0.6002527777777777,2,0.66428578125,0.5986661111111111,2,0.441964296875,0.32101277777777776,2,0.5,0.30673333333333336,2,0.529464296875,0.39240930555555553,2,0.573214296875,0.343225,2,0.585714296875,0.4003422222222222,2
nghiengtrai_mp4-0057_jpg.rf.4b02df2a12f9b1337b2002ee07595fd2,train,3,nghieng_trai,train\images\nghiengtrai_mp4-0057_jpg.rf.4b02df2a12f9b1337b2002ee07595fd2.jpg,0.49661703125,0.36295597222222226,0.38656117187499994,0.6508938888888889,0.350502890625,0.6416575,2,0.63877546875,0.6441843055555556,2,0.444226953125,0.32202,2,0.5010294531249999,0.3068593055555556,2,0.529430703125,0.3940331944444444,2,0.569902421875,0.3472877777777778,2,0.587653203125,0.41045722222222225,2
nghiengtrai_mp4-0059_jpg.rf.9080bd38df0f42ffb40076b1ecf80e0f,train,3,nghieng_trai,train\images\nghiengtrai_mp4-0059_jpg.rf.9080bd38df0f42ffb40076b1ecf80e0f.jpg,0.50066578125,0.36308569444444444,0.38414398437499997,0.6405273611111112,0.351212890625,0.6517645833333334,2,0.637355390625,0.6479744444444445,2,0.442806953125,0.32328347222222226,2,0.50386953125,0.3068593055555556,2,0.527300546875,0.3978233333333333,2,0.572032578125,0.34476097222222224,2,0.5926234375,0.4079305555555555,2
nghiengtrai_mp4-0062_jpg.rf.15eb70fb55e3b8c8327ba99905340e7c,train,3,nghieng_trai,train\images\nghiengtrai_mp4-0062_jpg.rf.15eb70fb55e3b8c8327ba99905340e7c.jpg,0.48861609375,0.5053193055555556,0.4763393749999999,0.9893613888888889,0.33080359375,0.6076052777777777,2,0.6620536718750001,0.5869581944444444,2,0.442410703125,0.31695805555555556,2,0.49955359374999997,0.30901694444444444,2,0.523660703125,0.4106640277777777,2,0.5745535937499999,0.35189930555555554,2,0.584375078125,0.40113472222222224,2
nghiengtrai_mp4-0064_jpg.rf.92a586a3069a5bcab5c391a4dcadc0c0,train,3,nghieng_trai,train\images\nghiengtrai_mp4-0064_jpg.rf.92a586a3069a5bcab5c391a4dcadc0c0.jpg,0.4857634375,0.4638506944444445,0.47802429687499987,0.8563890277777778,0.328857421875,0.6317816666666667,2,0.656516328125,0.6243390277777777,2,0.444771484375,0.32112625,2,0.5005437500000001,0.30374055555555557,2,0.530073671875,0.39571986111111107,2,0.574632109375,0.3477548611111111,2,0.58840109375,0.40695041666666665,2
nghiengtrai_mp4-0066_jpg.rf.6aaf6b1ae483f1dd56a91f14d60b4216,train,3,nghieng_trai,train\images\nghiengtrai_mp4-0066_jpg.rf.6aaf6b1ae483f1dd56a91f14d60b4216.jpg,0.563504453125,0.5241965277777777,0.519419609375,0.9516069444444445,0.350892890625,0.6004558333333333,2,0.637832175005261,0.5658493569958848,2,0.443750078125,0.3129851388888889,2,0.49732140625000004,0.30027930555555554,2,0.52857140625,0.40669111111111117,2,0.5785714843750001,0.35110291666666665,2,0.5875,0.39875000000000005,2
nghiengtrai_mp4-0067_jpg.rf.d3d813eced2a9c588eee983916a87201,train,3,nghieng_trai,train\images\nghiengtrai_mp4-0067_jpg.rf.d3d813eced2a9c588eee983916a87201.jpg,0.4991378125,0.36189763888888893,0.40140062499999996,0.6580641666666667,0.344822578125,0.6429209722222222,2,0.644455703125,0.6441843055555556,2,0.442806953125,0.3270736111111111,2,0.500319453125,0.3081227777777778,2,0.5280106250000001,0.39150638888888883,2,0.569902421875,0.3472877777777778,2,0.58978328125,0.41551083333333333,2
nghiengtrai_mp4-0068_jpg.rf.324fab87b91b3cd9f1c47d599580a601,train,3,nghieng_trai,train\images\nghiengtrai_mp4-0068_jpg.rf.324fab87b91b3cd9f1c47d599580a601.jpg,0.499704453125,0.36262874999999994,0.39977468749999995,0.6478959722222222,0.32838859375,0.6018393055555555,2,0.667674296875,0.5923197222222222,2,0.44088859375,0.31625291666666666,2,0.50071,0.3019736111111111,2,0.52838859375,0.3892361111111111,2,0.5730314062499999,0.3479847222222222,2,0.586424296875,0.4003422222222222,2
nghiengtrai_mp4-0069_jpg.rf.32c561ef8d20f08b80f80de98c2a0548,train,3,nghieng_trai,train\images\nghiengtrai_mp4-0069_jpg.rf.32c561ef8d20f08b80f80de98c2a0548.jpg,0.5198660937499999,0.5058927777777777,0.54419640625,0.9722413888888888,0.336607109375,0.6115734722222222,2,0.666071484375,0.60680875,2,0.445535703125,0.3145734722222222,2,0.495535703125,0.3050440277777778,2,0.5321428125,0.38922055555555557,2,0.583035703125,0.35110291666666665,2,0.59196421875,0.40669111111111117,2
nghiengtrai_mp4-0070_jpg.rf.779f945281e4982e73cabc6650911dff,train,3,nghieng_trai,train\images\nghiengtrai_mp4-0070_jpg.rf.779f945281e4982e73cabc6650911dff.jpg,0.50088015625,0.36125555555555555,0.4065900781250001,0.6527297222222221,0.328388671875,0.5975726388888889,2,0.665888671875,0.5991593055555555,2,0.44356718749999996,0.3199191666666667,2,0.500710078125,0.30564,2,0.5310672656250001,0.38972930555555557,2,0.572138671875,0.35006444444444446,2,0.588210078125,0.39607555555555557,2
nghiengtrai_mp4-0073_jpg.rf.67a5615ddf1a6185b70172fcf2f63bfb,train,3,nghieng_trai,train\images\nghiengtrai_mp4-0073_jpg.rf.67a5615ddf1a6185b70172fcf2f63bfb.jpg,0.547656328125,0.5178295833333334,0.42611617187499995,0.9643408333333332,0.348214296875,0.59569125,2,0.666964296875,0.5909263888888888,2,0.45,0.30663222222222225,2,0.49107140625,0.30663222222222225,2,0.525,0.4003381944444444,2,0.568750078125,0.34951472222222224,2,0.588392890625,0.39398527777777775,2
nghiengtrai_mp4-0074_jpg.rf.2c14b029ee2d733bdecf4f0eda05e734,train,3,nghieng_trai,train\images\nghiengtrai_mp4-0074_jpg.rf.2c14b029ee2d733bdecf4f0eda05e734.jpg,0.49963429687499994,0.3656775,0.39212578125,0.6399180555555556,0.32767859375,0.6034261111111111,2,0.66517859375,0.6050125,2,0.44464289062500006,0.31466638888888887,2,0.50267859375,0.3019736111111111,2,0.528571484375,0.39558249999999995,2,0.5741071875,0.3479847222222222,2,0.588392890625,0.3971690277777778,2
nghiengtrai_mp4-0075_jpg.rf.191fc13c141735ca4a8a93df1330555c,train,3,nghieng_trai,train\images\nghiengtrai_mp4-0075_jpg.rf.191fc13c141735ca4a8a93df1330555c.jpg,0.5056371093750001,0.36037902777777775,0.38556210937499996,0.6383602777777778,0.3434025,0.6378672222222223,2,0.645165703125,0.6378672222222223,2,0.444226953125,0.32202,2,0.501739453125,0.3068593055555556,2,0.526590546875,0.3889795833333333,2,0.5713225000000001,0.3460244444444444,2,0.58978328125,0.4117206944444444,2
nghiengtrai_mp4-0076_jpg.rf.7c7f25ac376af18da0f987bcc06544dc,train,3,nghieng_trai,train\images\nghiengtrai_mp4-0076_jpg.rf.7c7f25ac376af18da0f987bcc06544dc.jpg,0.50158171875,0.3604605555555556,0.387091953125,0.6478840277777778,0.325892890625,0.5970795833333333,2,0.666964296875,0.5939063888888889,2,0.441964296875,0.32259930555555555,2,0.50178578125,0.3099065277777778,2,0.525892890625,0.39558249999999995,2,0.57142859375,0.343225,2,0.5892857031250001,0.39558249999999995,2
nghiengtrai_mp4-0077_jpg.rf.8b3e9a187a5671a1aa44d8952f166e08,train,3,nghieng_trai,train\images\nghiengtrai_mp4-0077_jpg.rf.8b3e9a187a5671a1aa44d8952f166e08.jpg,0.49896195312499997,0.3615,0.37761125,0.6588593055555555,0.3434025,0.6391306944444445,2,0.64658578125,0.6378672222222223,2,0.44493695312500003,0.32328347222222226,2,0.499609375,0.30938611111111114,2,0.53156078125,0.3889795833333333,2,0.572742578125,0.3460244444444444,2,0.5890732812499999,0.40919388888888886,2
nghiengtrai_mp4-0081_jpg.rf.d209675c0a232d4ccb15aa6027750a39,train,3,nghieng_trai,train\images\nghiengtrai_mp4-0081_jpg.rf.d209675c0a232d4ccb15aa6027750a39.jpg,0.5067,0.36523583333333337,0.4118375,0.6564411111111111,0.344822578125,0.6580815277777777,2,0.63948546875,0.6378672222222223,2,0.44493695312500003,0.32581027777777777,2,0.501739453125,0.3068593055555556,2,0.5301407031250001,0.39908680555555553,2,0.572742578125,0.35107805555555555,2,0.59049328125,0.4041402777777778,2
nghiengtrai_mp4-0083_jpg.rf.ae72d8b5fafc23b8293a516e2ac68087,train,3,nghieng_trai,train\images\nghiengtrai_mp4-0083_jpg.rf.ae72d8b5fafc23b8293a516e2ac68087.jpg,0.52857140625,0.5039290277777777,0.4892858593749999,0.9921419444444445,0.33392859375,0.5988676388888889,2,0.658035703125,0.5893383333333333,2,0.4491071875,0.33045583333333334,2,0.495535703125,0.3050440277777778,2,0.5321428125,0.4051029166666667,2,0.583035703125,0.34951472222222224,2,0.583035703125,0.4289263888888889,2
nghiengtrai_mp4-0084_jpg.rf.43f3252cf063174a4f1cfba057ac4726,train,3,nghieng_trai,train\images\nghiengtrai_mp4-0084_jpg.rf.43f3252cf063174a4f1cfba057ac4726.jpg,0.497412890625,0.3620569444444444,0.37875429687499995,0.6420548611111111,0.329464296875,0.5996102777777778,2,0.669642890625,0.6075431944444445,2,0.443750078125,0.31878375000000003,2,0.50267859375,0.3092641666666667,2,0.5303571875,0.3981133333333333,2,0.5741071875,0.3489288888888889,2,0.588392890625,0.3981133333333333,2
nghiengtrai_mp4-0087_jpg.rf.e6676ee9700570fcd18783f676df7c3b,train,3,nghieng_trai,train\images\nghiengtrai_mp4-0087_jpg.rf.e6676ee9700570fcd18783f676df7c3b.jpg,0.500772578125,0.3649765277777778,0.37825015625,0.6392723611111112,0.34340257812499997,0.6277601388888889,2,0.6480059375,0.6264968055555555,2,0.447067109375,0.32328347222222226,2,0.5017395312499999,0.30938611111111114,2,0.5315608593750001,0.39655999999999997,2,0.572032578125,0.3498145833333333,2,0.5926235156249999,0.4142475,2
nghiengtrai_mp4-0089_jpg.rf.023c8c913494f8773fa3c0ec906eae45,train,3,nghieng_trai,train\images\nghiengtrai_mp4-0089_jpg.rf.023c8c913494f8773fa3c0ec906eae45.jpg,0.48370539062500006,0.5109061111111111,0.543303671875,0.9781876388888889,0.34107140625,0.5861618055555555,2,0.660714375,0.6004559722222222,2,0.44732140625000005,0.3129851388888889,2,0.5008928125,0.3066323611111111,2,0.5258928125,0.4051029166666667,2,0.5758928125,0.3526911111111111,2,0.5866071093749999,0.40669125,2
nghiengtrai_mp4-0090_jpg.rf.33bb1d996896325c15ad0265c3b34818,train,3,nghieng_trai,train\images\nghiengtrai_mp4-0090_jpg.rf.33bb1d996896325c15ad0265c3b34818.jpg,0.525,0.4627984722222223,0.475000078125,0.8551919444444445,0.3368303125,0.5984718055555556,2,0.6555803906250001,0.5984718055555556,2,0.449330390625,0.3110011111111111,2,0.500223203125,0.30782458333333335,2,0.5279017968749999,0.4015305555555555,2,0.5707589843750001,0.3570598611111111,2,0.5895089062500001,0.3967658333333333,2
nghiengtrai_mp4-0091_jpg.rf.6068f451291521ad9ba01e60c90b5036,train,3,nghieng_trai,train\images\nghiengtrai_mp4-0091_jpg.rf.6068f451291521ad9ba01e60c90b5036.jpg,0.50319515625,0.3588080555555555,0.39924742187500006,0.6499551388888889,0.32767859375,0.5970795833333333,2,0.666964296875,0.5875601388888889,2,0.445535703125,0.3194261111111111,2,0.50178578125,0.30514680555555557,2,0.528571484375,0.3971690277777778,2,0.57232140625,0.3495713888888889,2,0.588392890625,0.3971690277777778,2
nghiengtrai_mp4-0092_jpg.rf.58fe5ffd905c00346116a6dcc97a4513,train,3,nghieng_trai,train\images\nghiengtrai_mp4-0092_jpg.rf.58fe5ffd905c00346116a6dcc97a4513.jpg,0.50848203125,0.4915969444444444,0.45982140625,0.9182750000000002,0.340178515625,0.6099852777777778,2,0.6598214062500001,0.6195147222222221,2,0.448214296875,0.3209263888888889,2,0.5071428906250001,0.30980874999999997,2,0.525892890625,0.4098676388888889,2,0.5741071875,0.35110291666666665,2,0.5875,0.40351458333333334,2
nghiengtrai_mp4-0093_jpg.rf.966285bb21766eb4d8dcae80a9b2f459,train,3,nghieng_trai,train\images\nghiengtrai_mp4-0093_jpg.rf.966285bb21766eb4d8dcae80a9b2f459.jpg,0.5113839062500001,0.48385319444444447,0.4736607812500001,0.8861230555555556,0.333035703125,0.6036323611111111,2,0.660714375,0.6020441666666666,2,0.44642859375,0.3209263888888889,2,0.49821429687499996,0.30980874999999997,2,0.5267857031250001,0.4051029166666667,2,0.575,0.35110291666666665,2,0.59375,0.4003381944444444,2
nghiengtrai_mp4-0094_jpg.rf.1e3fc2500f3b62667cf3051bbec12f60,train,3,nghieng_trai,train\images\nghiengtrai_mp4-0094_jpg.rf.1e3fc2500f3b62667cf3051bbec12f60.jpg,0.493750078125,0.34925236111111113,0.4142858593749999,0.6349290277777778,0.318750078125,0.6050125,2,0.6633928906250001,0.6034261111111111,2,0.445535703125,0.31625291666666666,2,0.5035714062500001,0.31149319444444445,2,0.5276785937499999,0.4019288888888889,2,0.573214296875,0.35750430555555557,2,0.5892857031250001,0.4035154166666666,2
nghiengtrai_mp4-0096_jpg.rf.7634eb4517dd430a427e428daf55959a,train,3,nghieng_trai,train\images\nghiengtrai_mp4-0096_jpg.rf.7634eb4517dd430a427e428daf55959a.jpg,0.49274328125,0.3575175,0.39572890625000007,0.6491370833333333,0.33843234375,0.6315504166666667,2,0.64516578125,0.6340772222222222,2,0.449907265625,0.3169665277777778,2,0.510969921875,0.30938611111111114,2,0.53014078125,0.40287694444444444,2,0.5777128125,0.3586583333333333,2,0.5947535937499999,0.4205643055555556,2
nghiengtrai_mp4-0097_jpg.rf.32debd2fdcafc968e7dc06f4add49943,train,3,nghieng_trai,train\images\nghiengtrai_mp4-0097_jpg.rf.32debd2fdcafc968e7dc06f4add49943.jpg,0.495657890625,0.3597975,0.40694070312499997,0.6420501388888888,0.347662734375,0.6479744444444445,2,0.636645390625,0.6479744444444445,2,0.45274734375000003,0.31949319444444446,2,0.510969921875,0.3106495833333333,2,0.5329808593750001,0.4003501388888889,2,0.5784228125,0.36371180555555555,2,0.594753515625,0.4205643055555556,2
nghiengtrai_mp4-0099_jpg.rf.935825db40aed9ee3fcf245845eef9ad,train,3,nghieng_trai,train\images\nghiengtrai_mp4-0099_jpg.rf.935825db40aed9ee3fcf245845eef9ad.jpg,0.49171703125,0.36547444444444444,0.4006215624999999,0.6458572222222222,0.351922890625,0.65050125,2,0.635935390625,0.6593450000000001,2,0.4570075,0.31949319444444446,2,0.519490234375,0.30938611111111114,2,0.53795109375,0.39908680555555553,2,0.5848131249999999,0.3662386111111111,2,0.59972375,0.4268813888888889,2
nghiengtrai_mp4-0100_jpg.rf.86bfd5a6d2764d614e9476bb518d005b,train,3,nghieng_trai,train\images\nghiengtrai_mp4-0100_jpg.rf.86bfd5a6d2764d614e9476bb518d005b.jpg,0.5010353125,0.3617990277777778,0.38153492187500004,0.6408601388888889,0.326785703125,0.5982934722222222,2,0.666071484375,0.5982934722222222,2,0.457142890625,0.3095338888888889,2,0.519642890625,0.3047741666666667,2,0.54375,0.4094891666666667,2,0.5875,0.3682377777777778,2,0.6,0.4158355555555555,2
nghiengtrai_mp4-0101_jpg.rf.a04065b979f919a8b8dd78bb8089c830,train,3,nghieng_trai,train\images\nghiengtrai_mp4-0101_jpg.rf.a04065b979f919a8b8dd78bb8089c830.jpg,0.49427656249999996,0.3672563888888889,0.38698203124999997,0.6448194444444444,0.348372734375,0.6454476388888889,2,0.6352253906249999,0.6580815277777777,2,0.46055765624999995,0.31570305555555556,2,0.5202003125,0.3106495833333333,2,0.540081171875,0.4041402777777778,2,0.583393046875,0.37002888888888885,2,0.60114390625,0.4319348611111111,2
nghiengtrai_mp4-0102_jpg.rf.86d04074295a769a0750ab63894e1f68,train,3,nghieng_trai,train\images\nghiengtrai_mp4-0102_jpg.rf.86d04074295a769a0750ab63894e1f68.jpg,0.537053515625,0.5166324999999999,0.5008928906250001,0.9667348611111111,0.3241071875,0.61475,2,0.6526785937499999,0.6083970833333333,2,0.466071484375,0.30663222222222225,2,0.51517859375,0.30345583333333337,2,0.54375,0.4082793055555555,2,0.59553578125,0.3749263888888889,2,0.5973214062500001,0.43369111111111114,2
nghiengtrai_mp4-0103_jpg.rf.a59d2be1cd7c46cf3b06ab9056b104f6,train,3,nghieng_trai,train\images\nghiengtrai_mp4-0103_jpg.rf.a59d2be1cd7c46cf3b06ab9056b104f6.jpg,0.500736953125,0.3683106944444444,0.381161484375,0.6275505555555556,0.33985234375,0.6467109722222222,2,0.645165703125,0.6441843055555556,2,0.4626878125,0.31443958333333333,2,0.52446046875,0.30938611111111114,2,0.544341328125,0.40666708333333335,2,0.5869432031249999,0.3763456944444445,2,0.60327390625,0.43446152777777775,2
nghiengtrai_mp4-0105_jpg.rf.042cfeff6f4514596b0c5b405050d161,train,3,nghieng_trai,train\images\nghiengtrai_mp4-0105_jpg.rf.042cfeff6f4514596b0c5b405050d161.jpg,0.491964296875,0.35628027777777777,0.4017857812499999,0.6395883333333333,0.323214296875,0.5986661111111111,2,0.666964296875,0.6050125,2,0.466071484375,0.2988004166666667,2,0.525892890625,0.3099065277777778,2,0.55,0.40668861111111115,2,0.5946428125,0.3797166666666667,2,0.6008928906250001,0.42890097222222223,2
nghiengtrai_mp4-0106_jpg.rf.ef95a9ba65dc6403e3b37c3f497ef405,train,3,nghieng_trai,train\images\nghiengtrai_mp4-0106_jpg.rf.ef95a9ba65dc6403e3b37c3f497ef405.jpg,0.507366171875,0.41640777777777777,0.4941965625,0.7860701388888889,0.33303578125,0.6163381944444445,2,0.65714296875,0.6052206944444444,2,0.46339289062500005,0.29710277777777777,2,0.528571484375,0.3050440277777778,2,0.5473214843750001,0.4082793055555555,2,0.600000078125,0.37333819444444444,2,0.59375,0.4495734722222222,2
nghiengtrai_mp4-0108_jpg.rf.8c9826133e87086c4cd7cb77b5c61c02,train,3,nghieng_trai,train\images\nghiengtrai_mp4-0108_jpg.rf.8c9826133e87086c4cd7cb77b5c61c02.jpg,0.49451953125000003,0.3707297222222223,0.39082476562499996,0.6344552777777777,0.329464296875,0.6002527777777777,2,0.6633928906250001,0.6034261111111111,2,0.46875,0.3019736111111111,2,0.5321428125,0.30832,2,0.55,0.40668861111111115,2,0.59642859375,0.3717836111111111,2,0.6,0.4400070833333333,2
nghiengtrai_mp4-0109_jpg.rf.6de6fc1dbc4e991694fd146632314280,train,3,nghieng_trai,train\images\nghiengtrai_mp4-0109_jpg.rf.6de6fc1dbc4e991694fd146632314280.jpg,0.499512109375,0.36159430555555555,0.385184921875,0.633922361111111,0.329464296875,0.5970795833333333,2,0.6678571875,0.6002527777777777,2,0.46696429687499996,0.3035601388888889,2,0.5303571875,0.30673333333333336,2,0.549107109375,0.4019288888888889,2,0.5928571875,0.37337027777777776,2,0.60267859375,0.42890097222222223,2
nghiengtrai_mp4-0110_jpg.rf.9083ea18679c795b12dd015da2a494d4,train,3,nghieng_trai,train\images\nghiengtrai_mp4-0110_jpg.rf.9083ea18679c795b12dd015da2a494d4.jpg,0.51774546875,0.4402026388888888,0.5502232812499999,0.8051187500000001,0.326785703125,0.6036323611111111,2,0.65357140625,0.58775,2,0.46696429687499996,0.29551458333333336,2,0.5276785937499999,0.3129851388888889,2,0.54375,0.4130440277777778,2,0.6008928906250001,0.3796911111111111,2,0.60267859375,0.4241616666666667,2
nghiengtrai_mp4-0112_jpg.rf.33b032ba498025ba0f22f97046e61d1d,train,3,nghieng_trai,train\images\nghiengtrai_mp4-0112_jpg.rf.33b032ba498025ba0f22f97046e61d1d.jpg,0.48995539062500004,0.351775,0.409375,0.62014,0.32232140625,0.6018393055555555,2,0.666071484375,0.6034261111111111,2,0.46785718750000005,0.30673333333333336,2,0.5276785937499999,0.31149319444444445,2,0.545535703125,0.40986180555555557,2,0.591071484375,0.3717836111111111,2,0.5973214062500001,0.43207416666666665,2
nghiengtrai_mp4-0114_jpg.rf.96a879c20e52be013cf13ba517654863,train,3,nghieng_trai,train\images\nghiengtrai_mp4-0114_jpg.rf.96a879c20e52be013cf13ba517654863.jpg,0.498578828125,0.37016944444444444,0.38778273437500005,0.6384555555555556,0.3241071875,0.5954930555555555,2,0.666071484375,0.5923197222222222,2,0.46339289062500005,0.30514680555555557,2,0.525892890625,0.3099065277777778,2,0.548214296875,0.4051020833333333,2,0.591964296875,0.37337027777777776,2,0.60178578125,0.4241411111111111,2
nghiengtrai_mp4-0115_jpg.rf.b8df62e4f49887d080e73264f16b2296,train,3,nghieng_trai,train\images\nghiengtrai_mp4-0115_jpg.rf.b8df62e4f49887d080e73264f16b2296.jpg,0.48895085937499994,0.3399209722222223,0.411383984375,0.6344819444444444,0.320535703125,0.6050125,2,0.669642890625,0.6065991666666667,2,0.46875,0.3099065277777778,2,0.528571484375,0.31625291666666666,2,0.5473214843750001,0.4082752777777777,2,0.5901785937499999,0.3717836111111111,2,0.60178578125,0.42572777777777776,2
nghiengtrai_mp4-0117_jpg.rf.9d03da79120fd9754989a93b782be8b0,train,3,nghieng_trai,train\images\nghiengtrai_mp4-0117_jpg.rf.9d03da79120fd9754989a93b782be8b0.jpg,0.503648359375,0.36611027777777777,0.38385921874999995,0.6395319444444445,0.354763046875,0.6517645833333334,2,0.647295859375,0.6542913888888889,2,0.46694796875,0.3106495833333333,2,0.5258805468750001,0.31191291666666665,2,0.54505140625,0.4079305555555555,2,0.59049328125,0.37381902777777776,2,0.60043375,0.44456874999999996,2
nghiengtrai_mp4-0118_jpg.rf.18475a12e3756fae2d3d33006534ab5c,train,3,nghieng_trai,train\images\nghiengtrai_mp4-0118_jpg.rf.18475a12e3756fae2d3d33006534ab5c.jpg,0.49995359375000004,0.36965777777777775,0.4139696093749999,0.6349634722222223,0.327781875,0.6479744444444445,2,0.65794625,0.6441843055555556,2,0.46481781250000004,0.31317625,2,0.5237504687500001,0.31317625,2,0.544341328125,0.40540374999999995,2,0.5890732812499999,0.3725555555555556,2,0.60327390625,0.4344616666666667,2
nghiengtrai_mp4-0120_jpg.rf.9f41db89228864f6cb97da8510c908e7,train,3,nghieng_trai,train\images\nghiengtrai_mp4-0120_jpg.rf.9f41db89228864f6cb97da8510c908e7.jpg,0.495941640625,0.36636125,0.410633203125,0.6415566666666667,0.34198249999999997,0.6542913888888889,2,0.6487159375,0.6467109722222222,2,0.4626878125,0.31191291666666665,2,0.5230403906250001,0.3144397222222222,2,0.541501171875,0.40161361111111116,2,0.59049328125,0.3750823611111111,2,0.60185390625,0.4344616666666667,2
nghiengtrai_mp4-0122_jpg.rf.8ac27f6ac1f17e218cbcf841d50f1109,train,3,nghieng_trai,train\images\nghiengtrai_mp4-0122_jpg.rf.8ac27f6ac1f17e218cbcf841d50f1109.jpg,0.48984375,0.35520777777777773,0.4220982812500001,0.6548118055555556,0.32232140625,0.6097723611111111,2,0.67053578125,0.6034261111111111,2,0.46339289062500005,0.30673333333333336,2,0.52142859375,0.3099065277777778,2,0.5428571875,0.40986180555555557,2,0.5866071875000001,0.3670238888888889,2,0.59642859375,0.42096791666666666,2
nghiengtrai_mp4-0123_jpg.rf.bc85560479848a6a6f37ec9dba3e9f7a,train,3,nghieng_trai,train\images\nghiengtrai_mp4-0123_jpg.rf.bc85560479848a6a6f37ec9dba3e9f7a.jpg,0.5036521875,0.36589486111111114,0.38230437500000003,0.6433027777777778,0.328571484375,0.5986661111111111,2,0.6678571875,0.6018393055555555,2,0.45892859374999995,0.30673333333333336,2,0.520535703125,0.3099065277777778,2,0.5428571875,0.4082752777777777,2,0.5892857031250001,0.3670238888888889,2,0.5973214062500001,0.4241411111111111,2
nghiengtrai_mp4-0124_jpg.rf.f5ef40352f5b3835d74c525405c58a33,train,3,nghieng_trai,train\images\nghiengtrai_mp4-0124_jpg.rf.f5ef40352f5b3835d74c525405c58a33.jpg,0.49377601562500006,0.3669133333333333,0.4078644531249999,0.6480326388888888,0.34056242187499997,0.6366038888888889,2,0.642325625,0.6441843055555556,2,0.46339781249999995,0.31570305555555556,2,0.522330390625,0.3144397222222222,2,0.543631328125,0.39908680555555553,2,0.586233203125,0.3750823611111111,2,0.59972375,0.4331981944444444,2
nghiengtrai_mp4-0125_jpg.rf.836d8a95548a992aca49ce683442e7e2,train,3,nghieng_trai,train\images\nghiengtrai_mp4-0125_jpg.rf.836d8a95548a992aca49ce683442e7e2.jpg,0.48973210937499995,0.3521925,0.418750078125,0.6383602777777777,0.3241071875,0.6034261111111111,2,0.669642890625,0.6034261111111111,2,0.4616071875,0.3130797222222222,2,0.519642890625,0.3130797222222222,2,0.54107140625,0.40986180555555557,2,0.5866071875000001,0.3717836111111111,2,0.59642859375,0.42572777777777776,2
nghiengtrai_mp4-0126_jpg.rf.848b25ef520375ae4d055e2c1fe79e88,train,3,nghieng_trai,train\images\nghiengtrai_mp4-0126_jpg.rf.848b25ef520375ae4d055e2c1fe79e88.jpg,0.498213203125,0.3673219444444444,0.38705140625,0.6385095833333333,0.326785703125,0.5986661111111111,2,0.6678571875,0.6065991666666667,2,0.4616071875,0.31149319444444445,2,0.520535703125,0.3130797222222222,2,0.54107140625,0.40668861111111115,2,0.5875,0.3717836111111111,2,0.5973214062500001,0.42572777777777776,2
nghiengtrai_mp4-0127_jpg.rf.bb21ba7b540a04ee2da5b1da01d2c909,train,3,nghieng_trai,train\images\nghiengtrai_mp4-0127_jpg.rf.bb21ba7b540a04ee2da5b1da01d2c909.jpg,0.5174939843749999,0.36439499999999997,0.41155046874999995,0.6454891666666667,0.347662734375,0.6391306944444445,2,0.643745703125,0.6340772222222222,2,0.46339781249999995,0.31317625,2,0.5202003125,0.31317625,2,0.544341328125,0.4041402777777778,2,0.586233203125,0.37002888888888885,2,0.60114390625,0.4319348611111111,2
nghiengtrai_mp4-0128_jpg.rf.56620ec666d45e709987605b509a1b82,train,3,nghieng_trai,train\images\nghiengtrai_mp4-0128_jpg.rf.56620ec666d45e709987605b509a1b82.jpg,0.49687609374999997,0.36572347222222223,0.39777007812500004,0.6367708333333334,0.328571484375,0.6002527777777777,2,0.6678571875,0.5986661111111111,2,0.45892859374999995,0.3099065277777778,2,0.523214296875,0.3099065277777778,2,0.541964296875,0.40668861111111115,2,0.5866071875000001,0.36861041666666666,2,0.5991071875,0.413035,2
nghiengtrai_mp4-0131_jpg.rf.08d699771546874b0e344ee8dd0585a8,train,3,nghieng_trai,train\images\nghiengtrai_mp4-0131_jpg.rf.08d699771546874b0e344ee8dd0585a8.jpg,0.49341515625000004,0.35341180555555557,0.4149552343749999,0.6424527777777779,0.3241071875,0.5986661111111111,2,0.66428578125,0.5970795833333333,2,0.45892859374999995,0.2988004166666667,2,0.5160714843750001,0.31466638888888887,2,0.5383928906250001,0.40986180555555557,2,0.58482140625,0.37337027777777776,2,0.59642859375,0.41144847222222225,2
nghiengtrai_mp4-0132_jpg.rf.648fcbe8a8e08474d4f43e489c2310e1,train,3,nghieng_trai,train\images\nghiengtrai_mp4-0132_jpg.rf.648fcbe8a8e08474d4f43e489c2310e1.jpg,0.495820625,0.36470013888888886,0.39342687500000006,0.65203875,0.328571484375,0.5970795833333333,2,0.668750078125,0.6018393055555555,2,0.451785703125,0.3099065277777778,2,0.50892859375,0.3099065277777778,2,0.53303578125,0.40668861111111115,2,0.5785714843750001,0.3606775,2,0.5946428125,0.40986180555555557,2
nghiengtrai_mp4-0133_jpg.rf.eb028549bc0a9aa74bc50318e53eff2a,train,3,nghieng_trai,train\images\nghiengtrai_mp4-0133_jpg.rf.eb028549bc0a9aa74bc50318e53eff2a.jpg,0.48660710937499996,0.35284041666666666,0.4142857031249999,0.6246606944444445,0.32232140625,0.6050125,2,0.6678571875,0.6018393055555555,2,0.453571484375,0.30832,2,0.505357109375,0.30673333333333336,2,0.53125,0.4051020833333333,2,0.57767859375,0.36543722222222225,2,0.5928571875,0.4082752777777777,2
nghiengtrai_mp4-0134_jpg.rf.f1322011e31246f9dfdfb227f07c10ce,train,3,nghieng_trai,train\images\nghiengtrai_mp4-0134_jpg.rf.f1322011e31246f9dfdfb227f07c10ce.jpg,0.49218757812499997,0.3487240277777778,0.406696640625,0.6451218055555555,0.324107109375,0.6034258333333333,2,0.66875,0.6018393055555555,2,0.44732140625000005,0.31149319444444445,2,0.50178578125,0.3099065277777778,2,0.5258928125,0.4051019444444445,2,0.573214296875,0.3606775,2,0.5928571875,0.4051020833333333,2
nghiengtrai_mp4-0135_jpg.rf.ca2f5df45e4f2dde8f8b684c0eaebfb8,train,3,nghieng_trai,train\images\nghiengtrai_mp4-0135_jpg.rf.ca2f5df45e4f2dde8f8b684c0eaebfb8.jpg,0.49464296875,0.3538522222222222,0.42142875000000013,0.6481394444444444,0.320535703125,0.6065991666666667,2,0.668750078125,0.6081856944444445,2,0.448214296875,0.3194261111111111,2,0.49821429687499996,0.30673333333333336,2,0.519642890625,0.4003422222222222,2,0.57142859375,0.35750430555555557,2,0.591964296875,0.4051020833333333,2
nghiengtrai_mp4-0137_jpg.rf.429b0831a69baf9ad9c0c8fbabff770a,train,3,nghieng_trai,train\images\nghiengtrai_mp4-0137_jpg.rf.429b0831a69baf9ad9c0c8fbabff770a.jpg,0.5008928125,0.33813111111111105,0.424999921875,0.6507361111111111,0.325892890625,0.6018393055555555,2,0.669642890625,0.6065991666666667,2,0.43928578125,0.31783958333333334,2,0.49017859374999995,0.3099065277777778,2,0.5116071875,0.39558249999999995,2,0.5633928125,0.3479847222222222,2,0.5866071875000001,0.39558249999999995,2
nghiengtrai_mp4-0138_jpg.rf.22210912ec69d904f2bcf9c35eb829d6,train,3,nghieng_trai,train\images\nghiengtrai_mp4-0138_jpg.rf.22210912ec69d904f2bcf9c35eb829d6.jpg,0.49408484374999995,0.3595820833333333,0.4082590625,0.6333545833333334,0.320535703125,0.6129454166666667,2,0.668750078125,0.5986661111111111,2,0.4375,0.3194261111111111,2,0.48392859374999997,0.30514680555555557,2,0.506250078125,0.3939958333333334,2,0.5580357031250001,0.3448115277777778,2,0.583035703125,0.3892361111111111,2
nghiengtrai_mp4-0140_jpg.rf.781fafb644c1a38fd4deebe69619d328,train,3,nghieng_trai,train\images\nghiengtrai_mp4-0140_jpg.rf.781fafb644c1a38fd4deebe69619d328.jpg,0.48950890625000004,0.34608,0.412053515625,0.6475733333333333,0.3241071875,0.6065991666666667,2,0.668750078125,0.6050125,2,0.425,0.3305322222222222,2,0.47053578125,0.3019736111111111,2,0.50267859375,0.3892361111111111,2,0.5473214843750001,0.33211888888888885,2,0.579464296875,0.37019708333333334,2
nghiengtrai_mp4-0141_jpg.rf.53455bbe8c8ffba040797793ce982002,train,3,nghieng_trai,train\images\nghiengtrai_mp4-0141_jpg.rf.53455bbe8c8ffba040797793ce982002.jpg,0.49903414062499996,0.362115,0.37036648437499997,0.6500490277777777,0.35334296875,0.6568181944444444,2,0.636645390625,0.6542913888888889,2,0.42363609375,0.3397075,2,0.46765796875000004,0.3068593055555556,2,0.49463914062500003,0.38139930555555557,2,0.53795109375,0.32833694444444445,2,0.572032578125,0.3788725,2
nghiengtrai_mp4-0145_jpg.rf.dc202134579b90b7b88ff94d1911438f,train,4,thang,train\images\nghiengtrai_mp4-0145_jpg.rf.dc202134579b90b7b88ff94d1911438f.jpg,0.487601875,0.44277583333333326,0.466341171875,0.8301088888888889,0.325,0.6065991666666667,2,0.666964296875,0.6113590277777777,2,0.41160710937499995,0.35274458333333336,2,0.451785703125,0.31625291666666666,2,0.49107140625,0.39558249999999995,2,0.528571484375,0.32101277777777776,2,0.56517859375,0.3479847222222222,2
nghiengtrai_mp4-0146_jpg.rf.666477a09283e4fc7d0c4a02fe7f39f2,train,4,thang,train\images\nghiengtrai_mp4-0146_jpg.rf.666477a09283e4fc7d0c4a02fe7f39f2.jpg,0.49026265625,0.4540444444444444,0.47362281250000005,0.8245716666666667,0.326785703125,0.6050125,2,0.666071484375,0.5954930555555555,2,0.410714296875,0.3590908333333333,2,0.45089289062500004,0.31625291666666666,2,0.489285703125,0.3828897222222223,2,0.5276785937499999,0.31783958333333334,2,0.5660714062500001,0.3495713888888889,2
nghiengtrai_mp4-0147_jpg.rf.55780716652dcb8ce3a2753c630f46c2,train,4,thang,train\images\nghiengtrai_mp4-0147_jpg.rf.55780716652dcb8ce3a2753c630f46c2.jpg,0.48835578125,0.4473194444444445,0.45808359374999996,0.8076730555555555,0.337283046875,0.6213206944444445,2,0.6583057812499999,0.6236683333333334,2,0.41085546875,0.357395,2,0.451327265625,0.31570305555555556,2,0.486828828125,0.3902430555555556,2,0.526590546875,0.31570305555555556,2,0.5635121875,0.3536047222222222,2
nghiengtrai_mp4-0148_jpg.rf.f2b7dc10f1c72f175a99adf5d0e2cf4c,train,4,thang,train\images\nghiengtrai_mp4-0148_jpg.rf.f2b7dc10f1c72f175a99adf5d0e2cf4c.jpg,0.4842440625,0.4448147222222223,0.4632225,0.8155986111111111,0.33114625000000003,0.6249259722222222,2,0.6671808593749999,0.6232047222222222,2,0.41014546875,0.3624484722222222,2,0.45203734375,0.32328347222222226,2,0.48540875000000006,0.3826627777777778,2,0.5258805468750001,0.31822986111111107,2,0.5635121875,0.35107805555555555,2
nghiengtrai_mp4-0153_jpg.rf.336498e69047248eb9bcf821cb4eba3b,train,4,thang,train\images\nghiengtrai_mp4-0153_jpg.rf.336498e69047248eb9bcf821cb4eba3b.jpg,0.48314289062500004,0.4440227777777778,0.46089609375000007,0.8100491666666667,0.33529109375,0.6363537499999999,2,0.662639296875,0.6282206944444444,2,0.41363515624999997,0.3634273611111111,2,0.45268687500000004,0.32173541666666666,2,0.487478359375,0.39374861111111115,2,0.52866015625,0.31920875,2,0.562031640625,0.3558469444444444,2
nghiengtrai_mp4-0154_jpg.rf.8dc1ebd75c66d1de83f06932eb3c0161,train,4,thang,train\images\nghiengtrai_mp4-0154_jpg.rf.8dc1ebd75c66d1de83f06932eb3c0161.jpg,0.49023484375,0.45049208333333346,0.46359242187500005,0.8138715277777777,0.325,0.6002527777777777,2,0.66428578125,0.5986661111111111,2,0.41160710937499995,0.35750430555555557,2,0.451785703125,0.32101277777777776,2,0.49017859374999995,0.39240930555555553,2,0.5276785937499999,0.3194261111111111,2,0.5633928125,0.343225,2
nghiengtrai_mp4-0159_jpg.rf.4ae7f60ab5c19f8715b96d3d8b785f61,train,4,thang,train\images\nghiengtrai_mp4-0159_jpg.rf.4ae7f60ab5c19f8715b96d3d8b785f61.jpg,0.49314562500000003,0.44201347222222226,0.4651902343749999,0.8011947222222222,0.3283775,0.6282108333333334,2,0.656133515625,0.6275252777777778,2,0.41298562499999997,0.35739486111111113,2,0.45558750000000003,0.3270736111111111,2,0.49179914062499996,0.39655999999999997,2,0.5308507812500001,0.3270736111111111,2,0.568482421875,0.35613152777777773,2
nghiengtrai_mp4-0161_jpg.rf.efac349e126a3397d00272fdd5635909,train,4,thang,train\images\nghiengtrai_mp4-0161_jpg.rf.efac349e126a3397d00272fdd5635909.jpg,0.488077734375,0.44736625,0.4713850781250001,0.8151506944444444,0.328571484375,0.6092544444444444,2,0.666071484375,0.5981481944444444,2,0.41160710937499995,0.35698638888888884,2,0.45089289062500004,0.32366805555555556,2,0.49107140625,0.3966511111111111,2,0.5303571875,0.3220813888888889,2,0.5696428906250001,0.3538131944444444,2
nghiengtrai_mp4-0162_jpg.rf.102f21bf3284763351581997cec97a9e,train,4,thang,train\images\nghiengtrai_mp4-0162_jpg.rf.102f21bf3284763351581997cec97a9e.jpg,0.48834421875,0.4383147222222222,0.46050320312500015,0.8306363888888891,0.3241071875,0.6044945833333334,2,0.668750078125,0.60608125,2,0.414285703125,0.36015958333333337,2,0.453571484375,0.32525458333333335,2,0.489285703125,0.3966511111111111,2,0.53125,0.32684111111111114,2,0.5660714062500001,0.3490534722222222,2
nghiengtrai_mp4-0163_jpg.rf.def5277e6b2c38d96b6bb4aa356d6f00,train,4,thang,train\images\nghiengtrai_mp4-0163_jpg.rf.def5277e6b2c38d96b6bb4aa356d6f00.jpg,0.4889671875,0.43938222222222223,0.45741710937500013,0.7998951388888889,0.323214296875,0.6029081944444444,2,0.6723214843750001,0.6044945833333334,2,0.41160710937499995,0.3585729166666667,2,0.453571484375,0.31890819444444446,2,0.488392890625,0.39347791666666665,2,0.528571484375,0.32366805555555556,2,0.5669642968749999,0.35064,2
nghiengtrai_mp4-0166_jpg.rf.4617bbc9f61b4b03b4be449f47d0b2ce,train,4,thang,train\images\nghiengtrai_mp4-0166_jpg.rf.4617bbc9f61b4b03b4be449f47d0b2ce.jpg,0.49113671875,0.44533819444444445,0.458458671875,0.7891523611111113,0.34198249999999997,0.6517645833333334,2,0.645165703125,0.6328136111111111,2,0.41724578125,0.35486805555555556,2,0.4570075,0.32202,2,0.49250906250000004,0.39276972222222223,2,0.53156078125,0.32202,2,0.568482421875,0.35613152777777773,2
nghiengtrai_mp4-0167_jpg.rf.013426dab1fe17bb9dd9b3552f768217,train,4,thang,train\images\nghiengtrai_mp4-0167_jpg.rf.013426dab1fe17bb9dd9b3552f768217.jpg,0.487606640625,0.45080694444444447,0.4668228125000001,0.8332604166666666,0.325,0.6081856944444445,2,0.668750078125,0.6065991666666667,2,0.416964296875,0.3606775,2,0.45892859374999995,0.32577249999999996,2,0.491964296875,0.4019288888888889,2,0.53392859375,0.32894569444444444,2,0.5696428906250001,0.3543311111111111,2
nghiengtrai_mp4-0168_jpg.rf.ae1516c4fb098e3a6af49187b29fc6d6,train,4,thang,train\images\nghiengtrai_mp4-0168_jpg.rf.ae1516c4fb098e3a6af49187b29fc6d6.jpg,0.488094765625,0.4419579166666667,0.454795,0.7952938888888889,0.331229453125,0.6323291666666666,2,0.657401328125,0.6294143055555556,2,0.415115703125,0.3536047222222222,2,0.459137578125,0.32202,2,0.493929140625,0.3978233333333333,2,0.53227078125,0.32833694444444445,2,0.56777234375,0.3624484722222222,2
nghiengtrai_mp4-0169_jpg.rf.dca2320cb2afd67a9bdeffcc5372f8e1,train,4,thang,train\images\nghiengtrai_mp4-0169_jpg.rf.dca2320cb2afd67a9bdeffcc5372f8e1.jpg,0.48762328125,0.45151430555555566,0.463959140625,0.8278545833333333,0.329464296875,0.6081856944444445,2,0.668750078125,0.6018393055555555,2,0.414285703125,0.3559177777777778,2,0.45892859374999995,0.31783958333333334,2,0.495535703125,0.3939958333333334,2,0.536607109375,0.32418597222222223,2,0.570535703125,0.35274458333333336,2
nghiengtrai_mp4-0170_jpg.rf.af8ef5e7241ed970d551b51fef9581cd,train,4,thang,train\images\nghiengtrai_mp4-0170_jpg.rf.af8ef5e7241ed970d551b51fef9581cd.jpg,0.489589296875,0.4432215277777778,0.45445210937500014,0.8008268055555555,0.33091593750000003,0.6235943055555556,2,0.66532203125,0.6293402777777778,2,0.42246296875,0.3574230555555556,2,0.462934765625,0.31952138888888887,2,0.49701625,0.4016416666666667,2,0.535357890625,0.3271016666666667,2,0.57227953125,0.36374,2
nghiengtrai_mp4-0171_jpg.rf.99820ac17ac0006d70bd8a0f522b6d6e,train,4,thang,train\images\nghiengtrai_mp4-0171_jpg.rf.99820ac17ac0006d70bd8a0f522b6d6e.jpg,0.483198671875,0.4481172222222222,0.46701781249999996,0.8048008333333333,0.33159289062499997,0.6184056944444444,2,0.6552096093750001,0.6195401388888888,2,0.420085859375,0.3498145833333333,2,0.46552789062500005,0.31317625,2,0.49463914062500003,0.3902430555555556,2,0.539794921875,0.32936291666666667,2,0.572742578125,0.3649752777777778,2
nghiengtrai_mp4-0176_jpg.rf.177797968842a997415a9eb95281c2fc,train,3,nghieng_trai,train\images\nghiengtrai_mp4-0176_jpg.rf.177797968842a997415a9eb95281c2fc.jpg,0.494918671875,0.36662472222222225,0.3800177343750001,0.6435561111111111,0.356183125,0.6467109722222222,2,0.645165703125,0.6467109722222222,2,0.4349965625,0.32581027777777777,2,0.48469875,0.3043326388888889,2,0.510969921875,0.3889795833333333,2,0.557831953125,0.3397075,2,0.583393046875,0.3864529166666667,2
nghiengtrai_mp4-0177_jpg.rf.86f9a0089c6a4c2e33a3f838be93beaf,train,3,nghieng_trai,train\images\nghiengtrai_mp4-0177_jpg.rf.86f9a0089c6a4c2e33a3f838be93beaf.jpg,0.50322703125,0.3638343055555555,0.417168359375,0.6448972222222222,0.330357109375,0.6018393055555555,2,0.6678571875,0.6050125,2,0.43660718750000005,0.32577249999999996,2,0.488392890625,0.30514680555555557,2,0.51517859375,0.3987556944444445,2,0.5589285937499999,0.33529194444444443,2,0.58392859375,0.39240930555555553,2
nghiengtrai_mp4-0179_jpg.rf.bcd63104038d56294c3c9e79009776b5,train,3,nghieng_trai,train\images\nghiengtrai_mp4-0179_jpg.rf.bcd63104038d56294c3c9e79009776b5.jpg,0.49978742187499997,0.36125555555555555,0.40582492187500013,0.6512886111111111,0.328571484375,0.6002527777777777,2,0.669642890625,0.6018393055555555,2,0.441964296875,0.31783958333333334,2,0.49821429687499996,0.30832,2,0.525,0.3987556944444445,2,0.57232140625,0.3511579166666667,2,0.5892857031250001,0.3971690277777778,2
nghiengtrai_mp4-0180_jpg.rf.78bf38023b4cecf2121adfbd1fead9e7,train,3,nghieng_trai,train\images\nghiengtrai_mp4-0180_jpg.rf.78bf38023b4cecf2121adfbd1fead9e7.jpg,0.4957321875,0.3661395833333333,0.40253140624999995,0.6445266666666666,0.34553265624999996,0.6441843055555556,2,0.643035703125,0.6542913888888889,2,0.44564703124999994,0.32454680555555554,2,0.500319453125,0.3106495833333333,2,0.5237504687500001,0.39908680555555553,2,0.5706125,0.35107805555555555,2,0.5926234375,0.40919388888888886,2
nghiengtrai_mp4-0184_jpg.rf.6c42ce80e30604836dc456a4f5d6eae4,train,3,nghieng_trai,train\images\nghiengtrai_mp4-0184_jpg.rf.6c42ce80e30604836dc456a4f5d6eae4.jpg,0.502210859375,0.3589234722222222,0.40620734375000006,0.635092361111111,0.325892890625,0.6081856944444445,2,0.67053578125,0.6018393055555555,2,0.45,0.31783958333333334,2,0.5071428906250001,0.31149319444444445,2,0.53125,0.4035154166666666,2,0.57767859375,0.3590908333333333,2,0.5901785937499999,0.4082752777777777,2
nghiengtrai_mp4-0187_jpg.rf.15fbf0c452dd14c6c6398c628e90915f,train,3,nghieng_trai,train\images\nghiengtrai_mp4-0187_jpg.rf.15fbf0c452dd14c6c6398c628e90915f.jpg,0.488169609375,0.35439027777777776,0.42008921874999994,0.6720949999999999,0.320535703125,0.6081856944444445,2,0.6678571875,0.6050125,2,0.454464296875,0.3130797222222222,2,0.5125,0.3130797222222222,2,0.53392859375,0.40986180555555557,2,0.580357109375,0.36543722222222225,2,0.5928571875,0.41144847222222225,2
nghiengtrai_mp4-0188_jpg.rf.3b8597b845934d0ceb69a77c87d5e60a,train,3,nghieng_trai,train\images\nghiengtrai_mp4-0188_jpg.rf.3b8597b845934d0ceb69a77c87d5e60a.jpg,0.49985,0.3691055555555555,0.371575,0.6310143055555557,0.351212890625,0.6517645833333334,2,0.636645390625,0.6568181944444444,2,0.45274734375000003,0.3144397222222222,2,0.512389921875,0.31317625,2,0.537241015625,0.39908680555555553,2,0.5798428906249999,0.36371180555555555,2,0.597593671875,0.4281447222222222,2
nghiengtrai_mp4-0194_jpg.rf.77c590ced1eedeefe3b8a7d964b7648b,train,3,nghieng_trai,train\images\nghiengtrai_mp4-0194_jpg.rf.77c590ced1eedeefe3b8a7d964b7648b.jpg,0.5011978906250001,0.3591113888888889,0.393020703125,0.6408954166666667,0.337012265625,0.6302869444444444,2,0.643035703125,0.6302869444444444,2,0.451327265625,0.31949319444444446,2,0.508839765625,0.31317625,2,0.5358209375,0.4041402777777778,2,0.58055296875,0.3624484722222222,2,0.597593671875,0.42435458333333337,2
nghiengtrai_mp4-0196_jpg.rf.9d8db2c9140d15dfcb276269eb8807fb,train,3,nghieng_trai,train\images\nghiengtrai_mp4-0196_jpg.rf.9d8db2c9140d15dfcb276269eb8807fb.jpg,0.4897321875,0.35283388888888884,0.4080357812499999,0.62458625,0.323214296875,0.6034261111111111,2,0.666071484375,0.6081856944444445,2,0.454464296875,0.30832,2,0.5116071875,0.31466638888888887,2,0.5348214062500001,0.41144847222222225,2,0.580357109375,0.36543722222222225,2,0.591071484375,0.41779472222222225,2
nghiengtrai_mp4-0197_jpg.rf.e26fb57fbbf0d34f030d759ef846174c,train,3,nghieng_trai,train\images\nghiengtrai_mp4-0197_jpg.rf.e26fb57fbbf0d34f030d759ef846174c.jpg,0.49218742187500003,0.3544325,0.4191963281250001,0.6468719444444444,0.318750078125,0.6050125,2,0.666964296875,0.5970795833333333,2,0.45625,0.31625291666666666,2,0.50982140625,0.31466638888888887,2,0.536607109375,0.40986180555555557,2,0.579464296875,0.3622640277777778,2,0.591964296875,0.4146215277777777,2
nghiengtrai_mp4-0201_jpg.rf.49526938d1995558f034f9382b3e70ae,train,3,nghieng_trai,train\images\nghiengtrai_mp4-0201_jpg.rf.49526938d1995558f034f9382b3e70ae.jpg,0.502191640625,0.36907625,0.398133203125,0.636126388888889,0.34624265625,0.6416575,2,0.653686171875,0.6441843055555556,2,0.45345734374999996,0.32075666666666663,2,0.511679921875,0.31822986111111107,2,0.53866109375,0.40666708333333335,2,0.58055296875,0.3725555555555556,2,0.59901375,0.4256179166666667,2
nghiengtrai_mp4-0202_jpg.rf.79ae7e8511a4e619e029cda5deb22430,train,3,nghieng_trai,train\images\nghiengtrai_mp4-0202_jpg.rf.79ae7e8511a4e619e029cda5deb22430.jpg,0.49654015625000003,0.37624944444444447,0.37834820312499995,0.6476290277777779,0.3303571875,0.6050126388888889,2,0.666071484375,0.6034259722222223,2,0.454464296875,0.32101277777777776,2,0.510714296875,0.31466638888888887,2,0.539285703125,0.40986180555555557,2,0.580357109375,0.36861041666666666,2,0.5892857031250001,0.4304875,2
nghiengtrai_mp4-0204_jpg.rf.7ed27931c0bf9f5663742b155c3ea664,train,3,nghieng_trai,train\images\nghiengtrai_mp4-0204_jpg.rf.7ed27931c0bf9f5663742b155c3ea664.jpg,0.49821429687499996,0.38313,0.3875,0.7065455555555556,0.326785703125,0.6018393055555555,2,0.6678571875,0.6081856944444445,2,0.454464296875,0.31149319444444445,2,0.517857109375,0.31783958333333334,2,0.5428571875,0.41144847222222225,2,0.5866071875000001,0.36385069444444446,2,0.59553578125,0.41938138888888893,2
nghiengtrai_mp4-0205_jpg.rf.fe319bbeb80d41465d164005781bbfe0,train,3,nghieng_trai,train\images\nghiengtrai_mp4-0205_jpg.rf.fe319bbeb80d41465d164005781bbfe0.jpg,0.48917406249999995,0.3470263888888889,0.4234375,0.6454840277777778,0.320535703125,0.6113590277777777,2,0.6714285156249999,0.6113590277777777,2,0.458035703125,0.31625291666666666,2,0.5160714843750001,0.3099065277777778,2,0.5348214062500001,0.4003422222222222,2,0.588392890625,0.3670238888888889,2,0.59553578125,0.42096791666666666,2
nghiengtrai_mp4-0206_jpg.rf.74a9797f467549b5b6e32d491f3008c5,train,3,nghieng_trai,train\images\nghiengtrai_mp4-0206_jpg.rf.74a9797f467549b5b6e32d491f3008c5.jpg,0.49263390625000003,0.3401079166666667,0.421875,0.6340323611111113,0.32232140625,0.5986661111111111,2,0.6678571875,0.6065991666666667,2,0.4616071875,0.30832,2,0.5160714843750001,0.3099065277777778,2,0.54017859375,0.40986180555555557,2,0.5866071875000001,0.37337027777777776,2,0.591071484375,0.42572777777777776,2
nghiengtrai_mp4-0207_jpg.rf.a3e8fb105afa7953043f24b62d2b338e,train,3,nghieng_trai,train\images\nghiengtrai_mp4-0207_jpg.rf.a3e8fb105afa7953043f24b62d2b338e.jpg,0.49486828125000004,0.3698298611111111,0.40045078125,0.6435420833333333,0.325892890625,0.5986661111111111,2,0.668750078125,0.6113590277777777,2,0.4616071875,0.31466638888888887,2,0.52232140625,0.31625291666666666,2,0.544642890625,0.41779472222222225,2,0.591071484375,0.37813,2,0.5991071875,0.42731430555555555,2
nghiengtrai_mp4-0208_jpg.rf.e63e0571ed0ef77116a131807b7f0fb1,train,3,nghieng_trai,train\images\nghiengtrai_mp4-0208_jpg.rf.e63e0571ed0ef77116a131807b7f0fb1.jpg,0.49939195312500007,0.3671066666666667,0.39164109375,0.645286388888889,0.325892890625,0.6034261111111111,2,0.668750078125,0.6113590277777777,2,0.466071484375,0.3099065277777778,2,0.5303571875,0.32101277777777776,2,0.544642890625,0.4146215277777777,2,0.5928571875,0.38130319444444444,2,0.6,0.4352473611111111,2
nghiengtrai_mp4-0209_jpg.rf.7b60b792172d2374691a74a0111d9b79,train,3,nghieng_trai,train\images\nghiengtrai_mp4-0209_jpg.rf.7b60b792172d2374691a74a0111d9b79.jpg,0.49363828125,0.3628523611111111,0.3984375,0.6202126388888889,0.3241071875,0.5986661111111111,2,0.668750078125,0.6050125,2,0.47410710937499995,0.30832,2,0.53303578125,0.3194261111111111,2,0.549107109375,0.41938138888888893,2,0.5982142968749999,0.3860629166666667,2,0.607142890625,0.43683388888888885,2
nghiengtrai_mp4-0210_jpg.rf.2efa135a8335e967f65ce97985180316,train,3,nghieng_trai,train\images\nghiengtrai_mp4-0210_jpg.rf.2efa135a8335e967f65ce97985180316.jpg,0.49754460937499995,0.3752083333333333,0.39598210937499995,0.6240868055555555,0.325,0.6034261111111111,2,0.666071484375,0.5970795833333333,2,0.475000078125,0.30673333333333336,2,0.53303578125,0.31149319444444445,2,0.551785703125,0.42096791666666666,2,0.6008928906250001,0.3860629166666667,2,0.603571484375,0.44794,2
nghiengtrai_mp4-0212_jpg.rf.8714ea3c1e22cda7cccfe8304267ef5d,train,3,nghieng_trai,train\images\nghiengtrai_mp4-0212_jpg.rf.8714ea3c1e22cda7cccfe8304267ef5d.jpg,0.50570609375,0.3702768055555556,0.39536421875,0.6236180555555555,0.3412725,0.6340772222222222,2,0.64658578125,0.6416575,2,0.47617835937499997,0.3081227777777778,2,0.537241015625,0.3144397222222222,2,0.5500215625,0.41551083333333333,2,0.598303671875,0.3851894444444445,2,0.613214375,0.44835888888888886,2
nghiengtrai_mp4-0213_jpg.rf.10baaff3543dd23b80e71237fed2cb35,train,3,nghieng_trai,train\images\nghiengtrai_mp4-0213_jpg.rf.10baaff3543dd23b80e71237fed2cb35.jpg,0.49784015625,0.35694791666666664,0.38407304687499993,0.5816575,0.329464296875,0.6002527777777777,2,0.66517859375,0.6161186111111111,2,0.4803571875,0.3035601388888889,2,0.539285703125,0.31783958333333334,2,0.55267859375,0.4162081944444444,2,0.604464296875,0.3876495833333334,2,0.607142890625,0.44794,2
nghiengtrai_mp4-0214_jpg.rf.26906cba7280e63857602bdb7e26b88c,train,3,nghieng_trai,train\images\nghiengtrai_mp4-0214_jpg.rf.26906cba7280e63857602bdb7e26b88c.jpg,0.49397320312500004,0.3646593055555556,0.4263392187500001,0.6545263888888889,0.3241071875,0.6070001388888889,2,0.666964296875,0.61176,2,0.483035703125,0.3087211111111111,2,0.539285703125,0.3166540277777778,2,0.55357140625,0.4197825,2,0.601785703125,0.39757013888888887,2,0.60892859375,0.44358125,2
nghiengtrai_mp4-0218_jpg.rf.02180fee85ad356458eb26d4e21fe61b,train,3,nghieng_trai,train\images\nghiengtrai_mp4-0218_jpg.rf.02180fee85ad356458eb26d4e21fe61b.jpg,0.491741015625,0.3750384722222222,0.41473218749999996,0.6404294444444444,0.32232140625,0.6097723611111111,2,0.6678571875,0.6113590277777777,2,0.48392859374999997,0.30514680555555557,2,0.54642859375,0.32418597222222223,2,0.55357140625,0.42572777777777776,2,0.60267859375,0.4003422222222222,2,0.611607109375,0.4463533333333333,2
nghiengtrai_mp4-0219_jpg.rf.ac3183a43ce0c4b7f9c136bde3d01df6,train,3,nghieng_trai,train\images\nghiengtrai_mp4-0219_jpg.rf.ac3183a43ce0c4b7f9c136bde3d01df6.jpg,0.5011642968750001,0.3760834722222222,0.391667421875,0.6221122222222222,0.33559218749999997,0.6416575,2,0.651556015625,0.6378672222222223,2,0.48114859374999996,0.30938611111111114,2,0.54292125,0.3270736111111111,2,0.554281796875,0.4268813888888889,2,0.60327390625,0.3978233333333333,2,0.615344453125,0.4660463888888889,2
nghiengtrai_mp4-0221_jpg.rf.8f12efbd7f114eee12c8c6d157a7eb6b,train,3,nghieng_trai,train\images\nghiengtrai_mp4-0221_jpg.rf.8f12efbd7f114eee12c8c6d157a7eb6b.jpg,0.494247578125,0.3672586111111111,0.385816484375,0.6149801388888889,0.326785703125,0.5986661111111111,2,0.6678571875,0.6192919444444445,2,0.47767859375,0.30673333333333336,2,0.541964296875,0.32735902777777776,2,0.5580357031250001,0.4304875,2,0.606250078125,0.4019288888888889,2,0.607142890625,0.4669791666666667,2
nghiengtrai_mp4-0223_jpg.rf.539d1aa155dc0777463aa24e2c167ca1,train,3,nghieng_trai,train\images\nghiengtrai_mp4-0223_jpg.rf.539d1aa155dc0777463aa24e2c167ca1.jpg,0.500313359375,0.35929972222222223,0.385001640625,0.5801273611111111,0.329464296875,0.5986661111111111,2,0.666071484375,0.6034261111111111,2,0.48256859375000005,0.3081227777777778,2,0.54221125,0.32833694444444445,2,0.556411875,0.42309111111111114,2,0.60256390625,0.4003501388888889,2,0.6160544531250001,0.4660463888888889,2
nghiengtrai_mp4-0225_jpg.rf.183114f269b7da9127639ccebd90aa23,train,3,nghieng_trai,train\images\nghiengtrai_mp4-0225_jpg.rf.183114f269b7da9127639ccebd90aa23.jpg,0.492633984375,0.35159694444444445,0.41651796875,0.6204794444444445,0.32232140625,0.6018393055555555,2,0.669642890625,0.6113590277777777,2,0.48214289062500004,0.30673333333333336,2,0.5428571875,0.32577249999999996,2,0.5589285937499999,0.43207416666666665,2,0.604464296875,0.4035154166666666,2,0.6107143749999999,0.4511131944444444,2
nghiengtrai_mp4-0226_jpg.rf.2202a6f73638a6ecb63ad747707fc55c,train,3,nghieng_trai,train\images\nghiengtrai_mp4-0226_jpg.rf.2202a6f73638a6ecb63ad747707fc55c.jpg,0.49877234374999996,0.35060555555555556,0.41852703125,0.6573981944444445,0.32232140625,0.6018393055555555,2,0.668750078125,0.6018393055555555,2,0.48392859374999997,0.30673333333333336,2,0.5428571875,0.32577249999999996,2,0.55625,0.4241411111111111,2,0.6,0.3939958333333334,2,0.614285703125,0.44476680555555553,2
nghiengtrai_mp4-0227_jpg.rf.6e751b3f8c8abf64164678364169520c,train,3,nghieng_trai,train\images\nghiengtrai_mp4-0227_jpg.rf.6e751b3f8c8abf64164678364169520c.jpg,0.49570406250000004,0.37460763888888887,0.390130390625,0.6066287499999999,0.351922890625,0.6454476388888889,2,0.64019546875,0.6479744444444445,2,0.48043851562500006,0.30938611111111114,2,0.540081171875,0.32581027777777777,2,0.554991796875,0.41930097222222223,2,0.60114390625,0.3978233333333333,2,0.61037421875,0.46857319444444445,2
nghiengtrai_mp4-0228_jpg.rf.b52a97aaff1eeb8ebcec2b6bdba6cab1,train,3,nghieng_trai,train\images\nghiengtrai_mp4-0228_jpg.rf.b52a97aaff1eeb8ebcec2b6bdba6cab1.jpg,0.49453125,0.3595725,0.41093742187500004,0.6332505555555555,0.3241071875,0.5986661111111111,2,0.666964296875,0.6050125,2,0.48125,0.3003870833333333,2,0.536607109375,0.32259930555555555,2,0.55357140625,0.42255458333333334,2,0.6008928906250001,0.3971690277777778,2,0.6089285156249999,0.4415936111111111,2
nghiengtrai_mp4-0229_jpg.rf.6073362389de30c661455cb6509192ea,train,3,nghieng_trai,train\images\nghiengtrai_mp4-0229_jpg.rf.6073362389de30c661455cb6509192ea.jpg,0.49442828125,0.3601958333333333,0.38375476562500005,0.6037204166666665,0.328571484375,0.5923197222222222,2,0.669642890625,0.6097723611111111,2,0.4803571875,0.30673333333333336,2,0.539285703125,0.32418597222222223,2,0.55625,0.42096791666666666,2,0.60267859375,0.3939958333333334,2,0.603571484375,0.4558729166666667,2
nghiengtrai_mp4-0231_jpg.rf.8b0ec916a72a5fde8dbab5db3bec2dc1,train,3,nghieng_trai,train\images\nghiengtrai_mp4-0231_jpg.rf.8b0ec916a72a5fde8dbab5db3bec2dc1.jpg,0.49773257812500005,0.35682833333333336,0.37587765624999997,0.5914165277777779,0.333035703125,0.5986661111111111,2,0.6633928906250001,0.5954930555555555,2,0.47617835937499997,0.3106495833333333,2,0.5344009375,0.32075666666666663,2,0.550731640625,0.41551083333333333,2,0.59901375,0.38771625000000004,2,0.61747453125,0.44077861111111105,2
nghiengtrai_mp4-0232_jpg.rf.dc6121fcb6716ed9ac17bddd375a518d,train,3,nghieng_trai,train\images\nghiengtrai_mp4-0232_jpg.rf.dc6121fcb6716ed9ac17bddd375a518d.jpg,0.48973203125,0.3742293055555556,0.395535546875,0.5784495833333333,0.328571484375,0.5986661111111111,2,0.669642890625,0.6018393055555555,2,0.46964281249999995,0.3003870833333333,2,0.529464296875,0.31783958333333334,2,0.548214296875,0.413035,2,0.59642859375,0.3876495833333334,2,0.603571484375,0.4352473611111111,2
nghiengtrai_mp4-0234_jpg.rf.be14b1e65dc60bfff58b3a6971dbf921,train,3,nghieng_trai,train\images\nghiengtrai_mp4-0234_jpg.rf.be14b1e65dc60bfff58b3a6971dbf921.jpg,0.49550804687500005,0.34588180555555553,0.38565906250000004,0.5910972222222222,0.33482140625,0.6065994444444445,2,0.6741071875,0.6081858333333333,2,0.46696429687499996,0.3130798611111111,2,0.525,0.31149333333333334,2,0.542857109375,0.4114486111111111,2,0.5901785937499999,0.37178375,2,0.601785703125,0.4368340277777778,2
nghiengtrai_mp4-0235_jpg.rf.8c8a4023a50867fd3121a986185fa01c,train,3,nghieng_trai,train\images\nghiengtrai_mp4-0235_jpg.rf.8c8a4023a50867fd3121a986185fa01c.jpg,0.49564742187500005,0.36952277777777776,0.39799124999999996,0.6738084722222223,0.32232140625,0.6065991666666667,2,0.666071484375,0.6018393055555555,2,0.466071484375,0.31149319444444445,2,0.51875,0.31149319444444445,2,0.54107140625,0.41144847222222225,2,0.5875,0.37019708333333334,2,0.6008928906250001,0.41779472222222225,2
nghiengtrai_mp4-0237_jpg.rf.40e4743b5c47193c2a2b945102ca424c,train,3,nghieng_trai,train\images\nghiengtrai_mp4-0237_jpg.rf.40e4743b5c47193c2a2b945102ca424c.jpg,0.49653085937499997,0.34630333333333335,0.384973046875,0.6029466666666666,0.33392859375,0.6002527777777777,2,0.66428578125,0.6018393055555555,2,0.45629749999999997,0.31191291666666665,2,0.510969921875,0.3081227777777778,2,0.5336908593749999,0.4003501388888889,2,0.5798428906249999,0.3624484722222222,2,0.60185390625,0.4205643055555556,2
nghiengtrai_mp4-0238_jpg.rf.ecbe9adfbb6f76f5b7b44b3b12a38a50,train,3,nghieng_trai,train\images\nghiengtrai_mp4-0238_jpg.rf.ecbe9adfbb6f76f5b7b44b3b12a38a50.jpg,0.49933039062500006,0.35777569444444446,0.40848210937499996,0.6622334722222223,0.325,0.6161186111111111,2,0.669642890625,0.6065991666666667,2,0.45089289062500004,0.3130797222222222,2,0.506250078125,0.31149319444444445,2,0.529464296875,0.4035154166666666,2,0.576785703125,0.3559177777777778,2,0.5973214062500001,0.40668861111111115,2
nghiengtrai_mp4-0241_jpg.rf.98002a2ce33f146c7d99cea3e37c3978,train,3,nghieng_trai,train\images\nghiengtrai_mp4-0241_jpg.rf.98002a2ce33f146c7d99cea3e37c3978.jpg,0.4953125,0.3805998611111111,0.39508929687500005,0.6991712500000001,0.328571484375,0.6018393055555555,2,0.669642890625,0.6002527777777777,2,0.44017859374999996,0.32101277777777776,2,0.49017859374999995,0.30673333333333336,2,0.520535703125,0.39240930555555553,2,0.56517859375,0.3479847222222222,2,0.585714296875,0.39082263888888885,2
nghiengtrai_mp4-0243_jpg.rf.781f641b33525afdf827c486e2818d9f,train,3,nghieng_trai,train\images\nghiengtrai_mp4-0243_jpg.rf.781f641b33525afdf827c486e2818d9f.jpg,0.49330359375,0.37528361111111114,0.4116071874999999,0.6846061111111112,0.329464296875,0.6097723611111111,2,0.6678571875,0.6050125,2,0.42857140625,0.3416383333333333,2,0.475000078125,0.30832,2,0.50892859375,0.3892361111111111,2,0.554464296875,0.33211888888888885,2,0.580357109375,0.37019708333333334,2
nghiengtrai_mp4-0245_jpg.rf.4698733507664b3596ea869d3afc47af,train,4,thang,train\images\nghiengtrai_mp4-0245_jpg.rf.4698733507664b3596ea869d3afc47af.jpg,0.48895937500000003,0.441655,0.454521953125,0.8402497222222222,0.32232140625,0.6050125,2,0.666071484375,0.6018393055555555,2,0.41964289062500004,0.3479847222222222,2,0.46696429687499996,0.3099065277777778,2,0.495535703125,0.3939958333333334,2,0.54107140625,0.32577249999999996,2,0.575,0.35750430555555557,2
nghiengtrai_mp4-0247_jpg.rf.447ad7cb87ee7856d9b04c492a990734,train,4,thang,train\images\nghiengtrai_mp4-0247_jpg.rf.447ad7cb87ee7856d9b04c492a990734.jpg,0.486080703125,0.4536426388888889,0.46515734374999995,0.8140168055555557,0.329464296875,0.60751625,2,0.666964296875,0.6059295833333334,2,0.41339289062500006,0.36000791666666665,2,0.454464296875,0.31717,2,0.4928571875,0.38698000000000005,2,0.5303571875,0.31717,2,0.5669642968749999,0.35683472222222223,2
nghiengtrai_mp4-0250_jpg.rf.c38a0ad1d5e0fff5a105370c4891d8b9,train,4,thang,train\images\nghiengtrai_mp4-0250_jpg.rf.c38a0ad1d5e0fff5a105370c4891d8b9.jpg,0.488451796875,0.4389718055555556,0.45245718749999997,0.7960170833333333,0.32232140625,0.6018393055555555,2,0.666964296875,0.5970795833333333,2,0.41160710937499995,0.3622640277777778,2,0.45535710937499996,0.3194261111111111,2,0.489285703125,0.3892361111111111,2,0.5303571875,0.31466638888888887,2,0.5660714062500001,0.33370541666666664,2
nghiengtrai_mp4-0252_jpg.rf.9a0ada7b7d1eca277546f373d6689268,train,4,thang,train\images\nghiengtrai_mp4-0252_jpg.rf.9a0ada7b7d1eca277546f373d6689268.jpg,0.48401249999999996,0.44297652777777785,0.4659736718749999,0.8110519444444445,0.329464296875,0.604645,2,0.6678571875,0.6109913888888888,2,0.41160710937499995,0.36189652777777775,2,0.454464296875,0.31429874999999996,2,0.49375,0.3872820833333333,2,0.53303578125,0.3127122222222222,2,0.5669642968749999,0.34920388888888887,2
WIN_20251004_11_39_25_Pro_mp4-0002_jpg.rf.3a42fe7325246a7468c736f58c721b9b,train,4,thang,train\images\WIN_20251004_11_39_25_Pro_mp4-0002_jpg.rf.3a42fe7325246a7468c736f58c721b9b.jpg,0.518359375,0.6194444444444445,0.53359375,0.7611111111111111,0.33415640625,0.9256283333333334,2,0.7306574218749999,0.9077345833333333,2,0.44643890624999993,0.57195,2,0.49018445312500003,0.5264954166666667,2,0.527840390625,0.5901445833333334,2,0.569741015625,0.5276988888888888,2,0.60792125,0.5835108333333333,2
WIN_20251004_11_39_25_Pro_mp4-0004_jpg.rf.ff56f4432c6d029c370db28ff8f4f79e,train,4,thang,train\images\WIN_20251004_11_39_25_Pro_mp4-0004_jpg.rf.ff56f4432c6d029c370db28ff8f4f79e.jpg,0.537890625,0.6256944444444444,0.50703125,0.7486111111111111,0.35006992187499997,0.9231030555555555,2,0.7271645312499999,0.9094361111111111,2,0.44667195312499997,0.5701990277777778,2,0.482793671875,0.5282463888888889,2,0.5278459375,0.59274875,2,0.5734557812500001,0.5319256944444444,2,0.606550703125,0.5775233333333334,2
WIN_20251004_11_39_25_Pro_mp4-0015_jpg.rf.1dad4c2c323e5040c47e1fdb39238933,train,4,thang,train\images\WIN_20251004_11_39_25_Pro_mp4-0015_jpg.rf.1dad4c2c323e5040c47e1fdb39238933.jpg,0.521401328125,0.6275247222222222,0.5071427343750001,0.7449505555555557,0.375865625,0.8752206944444445,2,0.703544140625,0.8799854166666667,2,0.44461570312500004,0.56869125,2,0.48972109374999995,0.5229688888888889,2,0.525865625,0.5988676388888889,2,0.569615703125,0.5242205555555556,2,0.6071157031250001,0.5718676388888889,2
WIN_20251004_11_39_25_Pro_mp4-0025_jpg.rf.bced595416f2e17837e8aaddceb9c330,train,2,nghieng_phai,train\images\WIN_20251004_11_39_25_Pro_mp4-0025_jpg.rf.bced595416f2e17837e8aaddceb9c330.jpg,0.5098953125000001,0.6248225000000001,0.4891081250000001,0.7478283333333334,0.32766171875,0.9365381944444444,2,0.7135675781249999,0.8883168055555556,2,0.43561070312499994,0.6019225,2,0.4672490625,0.5344656944444444,2,0.512035,0.5883345833333333,2,0.5463534375,0.5104116666666667,2,0.592815078125,0.55786875,2
WIN_20251004_11_39_25_Pro_mp4-0027_jpg.rf.f631a7be51e5daa30dc7b063e0c961f0,train,2,nghieng_phai,train\images\WIN_20251004_11_39_25_Pro_mp4-0027_jpg.rf.f631a7be51e5daa30dc7b063e0c961f0.jpg,0.53413875,0.628816111111111,0.5396756249999999,0.7423676388888888,0.34039031249999996,0.9307183333333333,2,0.717790078125,0.9032019444444443,2,0.43157679687500006,0.6090051388888889,2,0.46153117187500003,0.5339281944444444,2,0.505365546875,0.5721719444444444,2,0.5396506249999999,0.5034080555555556,2,0.5892056250000001,0.5607244444444445,2
WIN_20251004_11_39_25_Pro_mp4-0031_jpg.rf.b2ad7da904164fcda65ffe90439599af,train,2,nghieng_phai,train\images\WIN_20251004_11_39_25_Pro_mp4-0031_jpg.rf.b2ad7da904164fcda65ffe90439599af.jpg,0.52243296875,0.6289126388888888,0.528348125,0.7262923611111111,0.353632109375,0.9077543055555555,2,0.713692421875,0.9006963888888889,2,0.42288484375,0.6224845833333333,2,0.449102265625,0.5415384722222222,2,0.4934803125,0.5805911111111111,2,0.519689375,0.5008236111111112,2,0.57613859375,0.5403941666666666,2
WIN_20251004_11_39_25_Pro_mp4-0038_jpg.rf.00ff1e9da47554d8a6c2d2dabf904202,train,2,nghieng_phai,train\images\WIN_20251004_11_39_25_Pro_mp4-0038_jpg.rf.00ff1e9da47554d8a6c2d2dabf904202.jpg,0.494325625,0.6419694444444445,0.5193903125,0.716061111111111,0.31071429687499996,0.9228668055555556,2,0.69553578125,0.8768079166666667,2,0.40535718750000005,0.6544558333333333,2,0.41875,0.56075,2,0.458035703125,0.5782205555555555,2,0.489285703125,0.4829263888888889,2,0.551785703125,0.5194558333333333,2
WIN_20251004_11_39_25_Pro_mp4-0039_jpg.rf.c1506e5fffd901278b91ef51183b70f9,train,2,nghieng_phai,train\images\WIN_20251004_11_39_25_Pro_mp4-0039_jpg.rf.c1506e5fffd901278b91ef51183b70f9.jpg,0.5123884375000001,0.6358758333333333,0.5787946875000001,0.7282483333333333,0.32494171875,0.9549779166666668,2,0.711198671875,0.9019155555555555,2,0.41014546875,0.6643984722222223,2,0.416535703125,0.5645906944444444,2,0.45274734375000003,0.5746977777777778,2,0.4768884375,0.49131416666666666,2,0.547891484375,0.5178452777777778,2
WIN_20251004_11_39_25_Pro_mp4-0042_jpg.rf.282434b26e6c0d813d3c1ac84392035d,train,2,nghieng_phai,train\images\WIN_20251004_11_39_25_Pro_mp4-0042_jpg.rf.282434b26e6c0d813d3c1ac84392035d.jpg,0.537204609375,0.6556334722222222,0.5208377343749999,0.6876970833333335,0.34247101562500004,0.9336134722222221,2,0.7228449218749999,0.9136433333333334,2,0.409523671875,0.6733052777777778,2,0.41504460937500004,0.5632348611111111,2,0.45339414062500005,0.5630129166666666,2,0.47389359375,0.48413333333333336,2,0.5447387499999999,0.5140565277777778,2
WIN_20251004_11_39_25_Pro_mp4-0052_jpg.rf.7cf59bcc69fbbdafa1e8d310a8772db3,train,2,nghieng_phai,train\images\WIN_20251004_11_39_25_Pro_mp4-0052_jpg.rf.7cf59bcc69fbbdafa1e8d310a8772db3.jpg,0.530655,0.6589384722222222,0.51643890625,0.6821230555555555,0.330411015625,0.9250808333333335,2,0.7128323437499999,0.8802033333333333,2,0.40894390625000004,0.6845702777777778,2,0.40568406250000005,0.5747415277777778,2,0.444477421875,0.5677280555555556,2,0.46603945312499995,0.4885870833333333,2,0.5369207031250001,0.5155855555555556,2
WIN_20251004_11_39_25_Pro_mp4-0055_jpg.rf.1bc3040c8e917e21d3cfdc79e509cf7a,train,2,nghieng_phai,train\images\WIN_20251004_11_39_25_Pro_mp4-0055_jpg.rf.1bc3040c8e917e21d3cfdc79e509cf7a.jpg,0.523682421875,0.6574245833333333,0.49707820312499995,0.6851508333333333,0.3451371875,0.9158873611111111,2,0.706470859375,0.8815647222222222,2,0.40939882812499995,0.6850930555555556,2,0.4048184375,0.5679451388888889,2,0.44632515625,0.5561622222222222,2,0.46365078125,0.48232319444444444,2,0.53618,0.5056373611111111,2
WIN_20251004_11_39_25_Pro_mp4-0063_jpg.rf.1b07e859c84938ff6646533428da9c4f,train,2,nghieng_phai,train\images\WIN_20251004_11_39_25_Pro_mp4-0063_jpg.rf.1b07e859c84938ff6646533428da9c4f.jpg,0.526032421875,0.6554901388888889,0.5111571874999999,0.6872933333333334,0.3348821875,0.9271834722222222,2,0.7175889062499999,0.9221298611111111,2,0.40517523437499997,0.6820859722222222,2,0.41085546875,0.55827375,2,0.43925671875,0.5544836111111111,2,0.46481781250000004,0.4812070833333334,2,0.5393711718749999,0.5115284722222222,2
WIN_20251004_11_39_25_Pro_mp4-0069_jpg.rf.918b5403e781207b258eba596d760f8b,train,2,nghieng_phai,train\images\WIN_20251004_11_39_25_Pro_mp4-0069_jpg.rf.918b5403e781207b258eba596d760f8b.jpg,0.529925,0.6354297222222223,0.51494703125,0.7291405555555555,0.325651796875,0.9297101388888889,2,0.72610921875,0.9309736111111112,2,0.415825703125,0.6366038888888889,2,0.43925671875,0.5342694444444445,2,0.47759843750000003,0.5469033333333333,2,0.508129765625,0.47994375,2,0.568482421875,0.5317426388888888,2
WIN_20251004_11_39_25_Pro_mp4-0074_jpg.rf.5badb10f6b1e5770956b66ca16e9ddb0,train,2,nghieng_phai,train\images\WIN_20251004_11_39_25_Pro_mp4-0074_jpg.rf.5badb10f6b1e5770956b66ca16e9ddb0.jpg,0.52578125,0.6256944444444444,0.5203125,0.7486111111111111,0.343250625,0.9204644444444445,2,0.716064453125,0.9022993055555555,2,0.433452265625,0.6010741666666667,2,0.4691384375,0.51417,2,0.512648125,0.5582287499999999,2,0.544466875,0.4890211111111111,2,0.588845,0.5587170833333334,2
WIN_20251004_11_39_25_Pro_mp4-0075_jpg.rf.02655183a22743769b6d011285f4730d,train,4,thang,train\images\WIN_20251004_11_39_25_Pro_mp4-0075_jpg.rf.02655183a22743769b6d011285f4730d.jpg,0.527414609375,0.6259152777777778,0.53125140625,0.7481693055555556,0.324231640625,0.9385538888888888,2,0.728949453125,0.9335004166666667,2,0.428606328125,0.6050191666666667,2,0.471208125,0.5140551388888889,2,0.50954984375,0.5443765277777778,2,0.544341328125,0.4976311111111111,2,0.5926234375,0.5570104166666667,2
WIN_20251004_11_39_25_Pro_mp4-0076_jpg.rf.ce6b44c7c307243a1b563119229f224d,train,4,thang,train\images\WIN_20251004_11_39_25_Pro_mp4-0076_jpg.rf.ce6b44c7c307243a1b563119229f224d.jpg,0.532421875,0.6243055555555556,0.49453125,0.7513888888888889,0.3412725,0.9075027777777779,2,0.7033746875,0.8920602777777779,2,0.4358659375,0.5910225,2,0.46985140625,0.5079308333333333,2,0.51581921875,0.54796,2,0.5476240625,0.49157097222222224,2,0.59348640625,0.5586430555555556,2
WIN_20251004_11_39_25_Pro_mp4-0078_jpg.rf.390544b417e1ae9d8dac70d9292554ca,train,4,thang,train\images\WIN_20251004_11_39_25_Pro_mp4-0078_jpg.rf.390544b417e1ae9d8dac70d9292554ca.jpg,0.537785,0.6231155555555555,0.5124683593750001,0.7486122222222222,0.33482140625,0.8951577777777777,2,0.69375,0.8745168055555556,2,0.44107140625,0.5744272222222222,2,0.480399375,0.5049419444444444,2,0.51875,0.5490227777777777,2,0.5580357031250001,0.5013895833333333,2,0.604464296875,0.5649005555555556,2
WIN_20251004_11_39_25_Pro_mp4-0080_jpg.rf.5c921dd4943bc892add9951be31b71b1,train,4,thang,train\images\WIN_20251004_11_39_25_Pro_mp4-0080_jpg.rf.5c921dd4943bc892add9951be31b71b1.jpg,0.533328359375,0.6216316666666667,0.502060859375,0.7312343055555557,0.33390390625,0.9148911111111111,2,0.726523671875,0.8995472222222222,2,0.44842531250000006,0.5772915277777778,2,0.48891656250000004,0.5033736111111111,2,0.5277071875,0.5518022222222222,2,0.5682234375,0.5052872222222222,2,0.607719921875,0.5791906944444444,2
WIN_20251004_11_39_25_Pro_mp4-0081_jpg.rf.f5a02acafe172a5c932d3cdbabd69dd6,train,4,thang,train\images\WIN_20251004_11_39_25_Pro_mp4-0081_jpg.rf.f5a02acafe172a5c932d3cdbabd69dd6.jpg,0.53456546875,0.6229331944444444,0.500835625,0.7526934722222223,0.342568125,0.9082031944444444,2,0.7339285156249999,0.9157988888888888,2,0.445535703125,0.5744272222222222,2,0.49017859374999995,0.49662625,2,0.525,0.5506106944444444,2,0.568750078125,0.5013895833333333,2,0.611607109375,0.5871295833333333,2
WIN_20251004_11_39_25_Pro_mp4-0082_jpg.rf.1d4c49b903895a2ef0712a2b81960777,train,4,thang,train\images\WIN_20251004_11_39_25_Pro_mp4-0082_jpg.rf.1d4c49b903895a2ef0712a2b81960777.jpg,0.5243158593749999,0.6239491666666668,0.53624953125,0.7515097222222222,0.33696125,0.9196604166666666,2,0.72253140625,0.9132586111111111,2,0.44834757812500003,0.5760683333333334,2,0.489956953125,0.5050111111111111,2,0.52757953125,0.5600586111111111,2,0.57014046875,0.5045030555555556,2,0.608470546875,0.5776909722222222,2
WIN_20251004_11_39_25_Pro_mp4-0084_jpg.rf.30931a3ab2400d15132614e355534835,train,4,thang,train\images\WIN_20251004_11_39_25_Pro_mp4-0084_jpg.rf.30931a3ab2400d15132614e355534835.jpg,0.527401171875,0.6372570833333333,0.52597375,0.7254858333333333,0.331309921875,0.9205877777777778,2,0.7307683593750001,0.916434861111111,2,0.44732140625000005,0.5696640277777778,2,0.48976828125000005,0.5040640277777778,2,0.531053046875,0.5557330555555555,2,0.571757890625,0.5018495833333334,2,0.614285703125,0.5680761111111111,2
WIN_20251004_11_39_25_Pro_mp4-0086_jpg.rf.fcf91e6cf99201852b251a8060671173,train,4,thang,train\images\WIN_20251004_11_39_25_Pro_mp4-0086_jpg.rf.fcf91e6cf99201852b251a8060671173.jpg,0.524407421875,0.6257494444444445,0.52524015625,0.7485011111111111,0.33170109375,0.92442,2,0.730427109375,0.9115718055555555,2,0.450628125,0.5806108333333333,2,0.492661875,0.5044388888888889,2,0.531788203125,0.5563841666666667,2,0.57441296875,0.5001281944444445,2,0.614285703125,0.5823661111111111,2
WIN_20251004_11_39_25_Pro_mp4-0095_jpg.rf.d39e1999ab71eaa41c34080cb718811a,train,4,thang,train\images\WIN_20251004_11_39_25_Pro_mp4-0095_jpg.rf.d39e1999ab71eaa41c34080cb718811a.jpg,0.5269461718749999,0.6268351388888889,0.5098764062499999,0.7463295833333333,0.338179140625,0.9253522222222222,2,0.7152321875000001,0.9178011111111111,2,0.4512384375,0.5811483333333334,2,0.49375,0.5093284722222222,2,0.529464296875,0.5633129166666667,2,0.573214296875,0.5077406944444445,2,0.609938203125,0.5827956944444445,2
WIN_20251004_11_39_25_Pro_mp4-0096_jpg.rf.4e192af3cb3ac19e05b62ecfe55daf12,train,4,thang,train\images\WIN_20251004_11_39_25_Pro_mp4-0096_jpg.rf.4e192af3cb3ac19e05b62ecfe55daf12.jpg,0.525390625,0.6277777777777778,0.52109375,0.7444444444444445,0.33683640625,0.91433375,2,0.7277915625,0.9068220833333333,2,0.4491071875,0.5807783333333333,2,0.49071156250000003,0.5061651388888889,2,0.53125,0.5553740277777778,2,0.572348828125,0.5016473611111111,2,0.6096774218750001,0.5803148611111111,2
WIN_20251004_11_39_25_Pro_mp4-0101_jpg.rf.4a7df74fc6d8034e708920c450d43f6b,train,2,nghieng_phai,train\images\WIN_20251004_11_39_25_Pro_mp4-0101_jpg.rf.4a7df74fc6d8034e708920c450d43f6b.jpg,0.53072359375,0.6262504166666667,0.526480390625,0.7474991666666666,0.326940390625,0.9428168055555555,2,0.7179565625000001,0.9087456944444445,2,0.4407903125,0.5942481944444444,2,0.47452890625000005,0.5157779166666666,2,0.518463125,0.5649463888888888,2,0.553988359375,0.4935340277777778,2,0.599037890625,0.5630326388888889,2
WIN_20251004_11_39_25_Pro_mp4-0102_jpg.rf.084f190722cae2037bbf660c64a33a57,train,2,nghieng_phai,train\images\WIN_20251004_11_39_25_Pro_mp4-0102_jpg.rf.084f190722cae2037bbf660c64a33a57.jpg,0.529479765625,0.6275901388888888,0.5132371093750001,0.7448197222222223,0.33029171874999996,0.9355369444444445,2,0.71846421875,0.8951872222222222,2,0.436176640625,0.5972715277777778,2,0.468020390625,0.5088876388888889,2,0.51061453125,0.5523940277777778,2,0.5506369531249999,0.49433791666666665,2,0.59923203125,0.5521819444444445,2
WIN_20251004_11_39_25_Pro_mp4-0107_jpg.rf.a5c5a595891c5448a947da5299e7fb05,train,2,nghieng_phai,train\images\WIN_20251004_11_39_25_Pro_mp4-0107_jpg.rf.a5c5a595891c5448a947da5299e7fb05.jpg,0.532025390625,0.6339888888888888,0.5068093750000001,0.7315290277777778,0.329048828125,0.9382793055555556,2,0.725708046875,0.9143979166666666,2,0.427332109375,0.6175229166666666,2,0.4507390625,0.5264559722222222,2,0.493280546875,0.5505691666666667,2,0.526722265625,0.4850951388888889,2,0.58247515625,0.5401575000000001,2
WIN_20251004_11_39_25_Pro_mp4-0114_jpg.rf.64ea760a1ac4888733b6e434585bef8d,train,2,nghieng_phai,train\images\WIN_20251004_11_39_25_Pro_mp4-0114_jpg.rf.64ea760a1ac4888733b6e434585bef8d.jpg,0.526181171875,0.6425426388888889,0.5170935937500001,0.7149147222222223,0.33930554687500003,0.9299144444444445,2,0.716405703125,0.8948863888888889,2,0.41244781250000007,0.6463561111111111,2,0.4222634375,0.54678125,2,0.467140859375,0.5601375,2,0.491249765625,0.48157847222222216,2,0.558183125,0.5169665277777777,2
WIN_20251004_11_39_25_Pro_mp4-0119_jpg.rf.2f82497f2b2c48945a04320d254b0a0d,train,2,nghieng_phai,train\images\WIN_20251004_11_39_25_Pro_mp4-0119_jpg.rf.2f82497f2b2c48945a04320d254b0a0d.jpg,0.5281107031250001,0.6568575,0.47870453125,0.6837581944444445,0.340251953125,0.9276744444444445,2,0.708496484375,0.8899436111111112,2,0.40092648437499995,0.6861183333333334,2,0.398867890625,0.5630023611111111,2,0.43915109374999994,0.5554661111111111,2,0.46134015625,0.4765173611111111,2,0.5301628125,0.5081768055555556,2
WIN_20251004_11_39_25_Pro_mp4-0121_jpg.rf.4a47ec6901b18b837ce34a1e43e65c06,train,2,nghieng_phai,train\images\WIN_20251004_11_39_25_Pro_mp4-0121_jpg.rf.4a47ec6901b18b837ce34a1e43e65c06.jpg,0.515706015625,0.6616088888888889,0.521426953125,0.6767822222222222,0.318831015625,0.9381461111111111,2,0.7247092187499999,0.9231080555555555,2,0.394375859375,0.7019018055555556,2,0.38726531249999996,0.5748747222222222,2,0.42983734374999993,0.5677133333333333,2,0.44586179687499994,0.4856425,2,0.520421796875,0.5067915277777778,2
WIN_20251004_11_39_25_Pro_mp4-0122_jpg.rf.2b160136c67049d3b8c69a037d8459c7,train,2,nghieng_phai,train\images\WIN_20251004_11_39_25_Pro_mp4-0122_jpg.rf.2b160136c67049d3b8c69a037d8459c7.jpg,0.51616375,0.6569444444444444,0.535368828125,0.6861111111111111,0.32629671875,0.946318611111111,2,0.724609375,0.9278872222222222,2,0.393266171875,0.7087031944444444,2,0.38438,0.5848475,2,0.42306515625,0.5754468055555556,2,0.4434065625,0.48983986111111116,2,0.5161438281249999,0.5133709722222222,2
WIN_20251004_11_39_25_Pro_mp4-0128_jpg.rf.837f979db900d1d50e99bc19b92ca672,train,2,nghieng_phai,train\images\WIN_20251004_11_39_25_Pro_mp4-0128_jpg.rf.837f979db900d1d50e99bc19b92ca672.jpg,0.522265625,0.6680555555555555,0.53828125,0.6638888888888889,0.33501085937499997,0.9359216666666667,2,0.71589796875,0.8989306944444444,2,0.388166953125,0.7129941666666667,2,0.377796484375,0.6004330555555556,2,0.41864015625000006,0.5718858333333333,2,0.435372109375,0.4958273611111111,2,0.51136921875,0.5189493055555556,2
WIN_20251004_11_39_25_Pro_mp4-0130_jpg.rf.a97076cc9a6d16c44f10b2622461f5a8,train,2,nghieng_phai,train\images\WIN_20251004_11_39_25_Pro_mp4-0130_jpg.rf.a97076cc9a6d16c44f10b2622461f5a8.jpg,0.52117875,0.6649880555555556,0.524500234375,0.6662416666666667,0.319738203125,0.9467427777777778,2,0.726146328125,0.9205976388888888,2,0.39326890625,0.719371388888889,2,0.38134765625,0.5986327777777778,2,0.42307070312499995,0.5845515277777777,2,0.43642632812500004,0.49682861111111115,2,0.5114191406249999,0.5118716666666666,2
WIN_20251004_11_39_25_Pro_mp4-0132_jpg.rf.56cbc1301d9f6fec53d1e36e9c87b4e9,train,2,nghieng_phai,train\images\WIN_20251004_11_39_25_Pro_mp4-0132_jpg.rf.56cbc1301d9f6fec53d1e36e9c87b4e9.jpg,0.517041875,0.6661520833333333,0.5430123437500001,0.6676958333333333,0.32398851562500003,0.9337811111111112,2,0.71821734375,0.9235370833333333,2,0.39526921875,0.7130336111111111,2,0.383217578125,0.5991211111111111,2,0.421242421875,0.5802063888888889,2,0.4364346875,0.49996541666666666,2,0.507271484375,0.5104018055555556,2
WIN_20251004_11_39_25_Pro_mp4-0133_jpg.rf.0c96514317d3dd117a26ccd3997287c8,train,2,nghieng_phai,train\images\WIN_20251004_11_39_25_Pro_mp4-0133_jpg.rf.0c96514317d3dd117a26ccd3997287c8.jpg,0.52936625,0.6675794444444444,0.509818046875,0.6586265277777777,0.333976015625,0.9286172222222223,2,0.7100746874999999,0.90625,2,0.39147671875,0.7102322222222223,2,0.3836059375,0.5994565277777778,2,0.421664140625,0.5796341666666667,2,0.43668710937500005,0.4938298611111111,2,0.5117492968749999,0.5140023611111111,2
WIN_20251004_11_39_25_Pro_mp4-0145_jpg.rf.6dae499da6e314517f75044c0d9c1064,train,2,nghieng_phai,train\images\WIN_20251004_11_39_25_Pro_mp4-0145_jpg.rf.6dae499da6e314517f75044c0d9c1064.jpg,0.517578125,0.6416666666666667,0.50390625,0.7166666666666667,0.32981734375,0.9293472222222222,2,0.723641171875,0.9073745833333333,2,0.415871328125,0.6393525,2,0.43437609374999997,0.5202365277777777,2,0.47679554687500003,0.5267765277777778,2,0.5074240624999999,0.46376361111111114,2,0.56731625,0.5372672222222222,2
WIN_20251004_11_39_25_Pro_mp4-0150_jpg.rf.53ed0f3c34b3bfdfbd5e722c0d5f5362,train,2,nghieng_phai,train\images\WIN_20251004_11_39_25_Pro_mp4-0150_jpg.rf.53ed0f3c34b3bfdfbd5e722c0d5f5362.jpg,0.51271,0.63203125,0.49805554687500014,0.7359375,0.326943125,0.9301363888888889,2,0.723261015625,0.9185458333333333,2,0.42787312499999997,0.6110618055555556,2,0.45741132812499996,0.5053711111111111,2,0.50191984375,0.5395508333333333,2,0.53609953125,0.4733073611111111,2,0.5878628906250001,0.5638465277777778,2
WIN_20251004_11_39_25_Pro_mp4-0154_jpg.rf.70bb6d4895ecd9dd9609a6600fb6c47e,train,4,thang,train\images\WIN_20251004_11_39_25_Pro_mp4-0154_jpg.rf.70bb6d4895ecd9dd9609a6600fb6c47e.jpg,0.51640625,0.6361111111111111,0.5109375,0.7277777777777777,0.331262734375,0.9072611111111111,2,0.7180758593750001,0.9087406944444445,2,0.435680078125,0.59147625,2,0.477486328125,0.4914131944444444,2,0.514043671875,0.5345988888888888,2,0.553816328125,0.48558333333333337,2,0.5991071875,0.5760149999999999,2
WIN_20251004_11_39_25_Pro_mp4-0166_jpg.rf.0dcdb45488d32d2f2b58bf052254aad5,train,4,thang,train\images\WIN_20251004_11_39_25_Pro_mp4-0166_jpg.rf.0dcdb45488d32d2f2b58bf052254aad5.jpg,0.52578125,0.6347222222222222,0.54375,0.7305555555555555,0.33013640624999996,0.9393988888888889,2,0.735301640625,0.9373877777777778,2,0.444771484375,0.5927931944444444,2,0.48329859375,0.49989638888888893,2,0.523214296875,0.5410840277777778,2,0.5625,0.49186291666666665,2,0.603970625,0.5804825,2
WIN_20251004_11_39_25_Pro_mp4-0169_jpg.rf.3e08e2885205dc4a2e46a3f8fa2927e8,train,4,thang,train\images\WIN_20251004_11_39_25_Pro_mp4-0169_jpg.rf.3e08e2885205dc4a2e46a3f8fa2927e8.jpg,0.52074265625,0.6324754166666666,0.5181016406250001,0.7340133333333332,0.3320534375,0.9190834722222222,2,0.722045859375,0.9120649999999999,2,0.44285710937499995,0.5961381944444444,2,0.48097921875000005,0.49865847222222226,2,0.5208546093749999,0.5401476388888888,2,0.5631769531249999,0.4906536111111111,2,0.600419453125,0.5792347222222222,2
WIN_20251004_11_39_25_Pro_mp4-0170_jpg.rf.aa196aa38baf0d26a27202b8163a2539,train,4,thang,train\images\WIN_20251004_11_39_25_Pro_mp4-0170_jpg.rf.aa196aa38baf0d26a27202b8163a2539.jpg,0.51695703125,0.6511065277777778,0.515288125,0.6977869444444444,0.32936234375,0.912434861111111,2,0.7194241406249999,0.9051797222222223,2,0.44137015625,0.5882408333333333,2,0.479531015625,0.5056029166666667,2,0.521706328125,0.5553434722222222,2,0.5580357031250001,0.4982141666666667,2,0.6007717968749999,0.57594,2
WIN_20251004_11_42_58_Pro_mp4-0004_jpg.rf.aa1fbab4a199e3c6277fcbc1a92a50f7,train,4,thang,train\images\WIN_20251004_11_42_58_Pro_mp4-0004_jpg.rf.aa1fbab4a199e3c6277fcbc1a92a50f7.jpg,0.5190347656250001,0.6001918055555555,0.5356732031249999,0.7996163888888889,0.31578203125000004,0.9333372222222222,2,0.7505492968749999,0.9199712499999999,2,0.431443671875,0.5545148611111111,2,0.483470546875,0.4890802777777778,2,0.5276785937499999,0.5633129166666667,2,0.579464296875,0.5029773611111111,2,0.6214285937499999,0.5617251388888889,2
WIN_20251004_11_42_58_Pro_mp4-0008_jpg.rf.8838683d02db91497a47a60b5548bae7,train,4,thang,train\images\WIN_20251004_11_42_58_Pro_mp4-0008_jpg.rf.8838683d02db91497a47a60b5548bae7.jpg,0.51681171875,0.5930518055555556,0.5364524218749999,0.8138962500000001,0.3,0.9380277777777778,2,0.752344296875,0.9298601388888889,2,0.43839281249999995,0.5601372222222223,2,0.4818309375,0.4924193055555556,2,0.529464296875,0.5823661111111111,2,0.5780584375,0.5037138888888889,2,0.6214285937499999,0.5585495833333334,2
WIN_20251004_11_42_58_Pro_mp4-0012_jpg.rf.39d3ce53e7980afc0a9551b703cab8c3,train,4,thang,train\images\WIN_20251004_11_42_58_Pro_mp4-0012_jpg.rf.39d3ce53e7980afc0a9551b703cab8c3.jpg,0.52109375,0.6020833333333333,0.525,0.7958333333333333,0.327739375,0.9434727777777777,2,0.751514765625,0.9297220833333333,2,0.4375,0.5537862499999999,2,0.48650015625,0.4968088888888889,2,0.5303571875,0.5728394444444445,2,0.5782664843750001,0.49841180555555553,2,0.6227528125,0.5739918055555555,2
WIN_20251004_11_42_58_Pro_mp4-0019_jpg.rf.5a37f9c8a94aa4871cd9dbfc01aaf5d7,train,4,thang,train\images\WIN_20251004_11_42_58_Pro_mp4-0019_jpg.rf.5a37f9c8a94aa4871cd9dbfc01aaf5d7.jpg,0.519984453125,0.5950665277777778,0.5239261718749999,0.8084152777777778,0.30625,0.9300888888888889,2,0.747927578125,0.9197295833333333,2,0.442701875,0.5576270833333333,2,0.49910718750000005,0.49662625,2,0.53392859375,0.5744272222222222,2,0.58482140625,0.49662625,2,0.6303571875,0.5728394444444445,2
WIN_20251004_11_42_58_Pro_mp4-0022_jpg.rf.41e95dc0ac79cfb81850aa800df971a0,train,3,nghieng_trai,train\images\WIN_20251004_11_42_58_Pro_mp4-0022_jpg.rf.41e95dc0ac79cfb81850aa800df971a0.jpg,0.5301721875000001,0.59957875,0.540682265625,0.8008423611111111,0.32085906249999996,0.9331647222222222,2,0.74762515625,0.9243115277777777,2,0.45556921875,0.5327,2,0.513111484375,0.48403958333333336,2,0.5557250781249999,0.5717427777777778,2,0.605760078125,0.50753625,2,0.6400229687500001,0.5854491666666667,2
WIN_20251004_11_42_58_Pro_mp4-0023_jpg.rf.bf9037ff7b36dc633a123dcf08af0af0,train,3,nghieng_trai,train\images\WIN_20251004_11_42_58_Pro_mp4-0023_jpg.rf.bf9037ff7b36dc633a123dcf08af0af0.jpg,0.527735859375,0.5977809722222223,0.566415390625,0.8044380555555555,0.31749101562500004,0.9405431944444445,2,0.7678278125,0.9409672222222222,2,0.46133703125,0.5382634722222222,2,0.5172146875,0.4837091666666667,2,0.5626886718749999,0.5672891666666666,2,0.609039296875,0.5087101388888888,2,0.6407692968750001,0.6093206944444444,2
WIN_20251004_11_42_58_Pro_mp4-0030_jpg.rf.8fc36247fe79e7dc21fd9a113f54e4d1,train,3,nghieng_trai,train\images\WIN_20251004_11_42_58_Pro_mp4-0030_jpg.rf.8fc36247fe79e7dc21fd9a113f54e4d1.jpg,0.522455234375,0.6071901388888888,0.5578682812500001,0.7856197222222222,0.31895859375,0.923502638888889,2,0.741582734375,0.9205334722222221,2,0.46921328124999995,0.5149098611111111,2,0.54761578125,0.47378569444444446,2,0.5838928125,0.56168625,2,0.63102859375,0.5186336111111112,2,0.645910078125,0.64053125,2
WIN_20251004_11_42_58_Pro_mp4-0031_jpg.rf.4959639ab47088a945bb1f5126243f0e,train,3,nghieng_trai,train\images\WIN_20251004_11_42_58_Pro_mp4-0031_jpg.rf.4959639ab47088a945bb1f5126243f0e.jpg,0.5171875,0.6104166666666667,0.5515625,0.7791666666666667,0.32502328125,0.9340474999999999,2,0.750735234375,0.937505,2,0.473766015625,0.5122809722222222,2,0.5525485156250001,0.4726118055555556,2,0.587890625,0.5707613888888888,2,0.637157109375,0.5298394444444444,2,0.649455703125,0.6453351388888889,2
WIN_20251004_11_42_58_Pro_mp4-0036_jpg.rf.05f7ebc1ca3f51d7fc01df186c20ef39,train,3,nghieng_trai,train\images\WIN_20251004_11_42_58_Pro_mp4-0036_jpg.rf.05f7ebc1ca3f51d7fc01df186c20ef39.jpg,0.52109375,0.6194444444444445,0.540625,0.7611111111111111,0.313343359375,0.9261955555555557,2,0.75391734375,0.9207751388888888,2,0.49343875,0.4920790277777778,2,0.5752258593749999,0.4705502777777778,2,0.60352953125,0.5740313888888888,2,0.65483234375,0.5554076388888889,2,0.654954375,0.6654879166666666,2
WIN_20251004_11_42_58_Pro_mp4-0046_jpg.rf.947bbc1e0ec70f61d6a93338a42f9940,train,3,nghieng_trai,train\images\WIN_20251004_11_42_58_Pro_mp4-0046_jpg.rf.947bbc1e0ec70f61d6a93338a42f9940.jpg,0.5234375,0.6256944444444444,0.5546875,0.7486111111111111,0.31816796875,0.9423384722222222,2,0.7457553124999999,0.9351622222222221,2,0.502130703125,0.48622458333333335,2,0.585851484375,0.46415819444444445,2,0.618111328125,0.5679598611111112,2,0.663191328125,0.5532177777777778,2,0.6536365625,0.6910511111111112,2
WIN_20251004_11_42_58_Pro_mp4-0048_jpg.rf.2a950f18bcabae96ce6283caf3f9136c,train,3,nghieng_trai,train\images\WIN_20251004_11_42_58_Pro_mp4-0048_jpg.rf.2a950f18bcabae96ce6283caf3f9136c.jpg,0.52481921875,0.6268113888888889,0.5600857812500001,0.7463772222222222,0.31959398437500003,0.9202523611111111,2,0.764004765625,0.9277145833333335,2,0.504175390625,0.4879186111111111,2,0.590315390625,0.46324805555555554,2,0.61301765625,0.5570622222222222,2,0.661798671875,0.5508427777777778,2,0.653311953125,0.6998129166666667,2
WIN_20251004_11_42_58_Pro_mp4-0049_jpg.rf.430f9c32f1bc7ca12b6a8e18b46643b5,train,3,nghieng_trai,train\images\WIN_20251004_11_42_58_Pro_mp4-0049_jpg.rf.430f9c32f1bc7ca12b6a8e18b46643b5.jpg,0.5217553125000001,0.6246080555555555,0.5595468749999999,0.7453477777777777,0.3188115625,0.9271425,2,0.7535428125,0.9290562499999999,2,0.49779164062500003,0.49112222222222224,2,0.58346,0.45788944444444446,2,0.614490859375,0.5520684722222222,2,0.6604586718750001,0.548325,2,0.651086953125,0.6817688888888889,2
WIN_20251004_11_42_58_Pro_mp4-0051_jpg.rf.b66013b9c911badfde85ab36bb58c34e,train,3,nghieng_trai,train\images\WIN_20251004_11_42_58_Pro_mp4-0051_jpg.rf.b66013b9c911badfde85ab36bb58c34e.jpg,0.524823125,0.6251554166666666,0.5545346875,0.7496891666666667,0.3347778125,0.9227677777777777,2,0.76025390625,0.9327256944444444,2,0.497028671875,0.49304569444444446,2,0.58336015625,0.4617266666666667,2,0.611730390625,0.5610055555555555,2,0.6618097656249999,0.5509045833333334,2,0.6476440625000001,0.6843138888888889,2
WIN_20251004_11_42_58_Pro_mp4-0053_jpg.rf.92ba1c9b48fc348e712ea366acc1a6b5,train,3,nghieng_trai,train\images\WIN_20251004_11_42_58_Pro_mp4-0053_jpg.rf.92ba1c9b48fc348e712ea366acc1a6b5.jpg,0.5185541406249999,0.6240086111111112,0.5642688281249999,0.7509469444444442,0.31389828125,0.9353841666666666,2,0.7354209375,0.9301412499999999,2,0.49561101562500004,0.4936177777777778,2,0.583057734375,0.46052319444444445,2,0.61011296875,0.5589636111111111,2,0.6582059375,0.5467122222222222,2,0.6506153125,0.6736111111111112,2
WIN_20251004_11_42_58_Pro_mp4-0055_jpg.rf.7012a5cdff577e9655892ca1e49443fe,train,3,nghieng_trai,train\images\WIN_20251004_11_42_58_Pro_mp4-0055_jpg.rf.7012a5cdff577e9655892ca1e49443fe.jpg,0.518912265625,0.6257676388888889,0.5607880468750001,0.7484645833333333,0.3308715625,0.9175741666666667,2,0.74940078125,0.9259488888888889,2,0.4957746875,0.4882516666666667,2,0.5800115625,0.4622643055555556,2,0.610390390625,0.5607588888888889,2,0.6550847656250001,0.547965,2,0.652143984375,0.6714261111111112,2
WIN_20251004_11_42_58_Pro_mp4-0056_jpg.rf.391462e50306877f56d4c64ac9b8741a,train,3,nghieng_trai,train\images\WIN_20251004_11_42_58_Pro_mp4-0056_jpg.rf.391462e50306877f56d4c64ac9b8741a.jpg,0.5270342187499999,0.6235270833333334,0.5497920312499999,0.7529458333333333,0.334819453125,0.9116408333333333,2,0.7472090625,0.9183879166666666,2,0.494007421875,0.4871270833333333,2,0.579961640625,0.45863416666666673,2,0.611131171875,0.5571486111111111,2,0.6544855468749999,0.5458047222222222,2,0.65274328125,0.6753818055555556,2
WIN_20251004_11_42_58_Pro_mp4-0059_jpg.rf.0a433896d6f826b23b10226313b67f06,train,3,nghieng_trai,train\images\WIN_20251004_11_42_58_Pro_mp4-0059_jpg.rf.0a433896d6f826b23b10226313b67f06.jpg,0.520538203125,0.6236933333333332,0.5640970312500001,0.7526131944444444,0.310505234375,0.9264223611111111,2,0.76424890625,0.9326220833333333,2,0.49517820312499994,0.48986444444444444,2,0.58333796875,0.4646268055555555,2,0.6103515625,0.5584901388888889,2,0.654291328125,0.5395015277777778,2,0.6528930468749999,0.6844469444444444,2
WIN_20251004_11_42_58_Pro_mp4-0073_jpg.rf.2ef4a0a4a43df20cd1448981b75ae04d,train,3,nghieng_trai,train\images\WIN_20251004_11_42_58_Pro_mp4-0073_jpg.rf.2ef4a0a4a43df20cd1448981b75ae04d.jpg,0.519240625,0.6047352777777778,0.547556484375,0.7894936111111109,0.316913984375,0.9299933333333333,2,0.7445983593750001,0.9238231944444444,2,0.452425859375,0.5443547222222223,2,0.5157859375,0.4709744444444445,2,0.562131015625,0.5541301388888888,2,0.6039678125,0.5011393055555555,2,0.6365051562499999,0.6054243055555556,2
WIN_20251004_11_42_58_Pro_mp4-0079_jpg.rf.95569b00a7ee94236b5178499db018b5,train,4,thang,train\images\WIN_20251004_11_42_58_Pro_mp4-0079_jpg.rf.95569b00a7ee94236b5178499db018b5.jpg,0.52384265625,0.5970038888888889,0.5370793749999999,0.8059922222222222,0.307142890625,0.9253255555555556,2,0.748460234375,0.9160895833333333,2,0.4360934375,0.5745491666666667,2,0.47781375,0.47709513888888894,2,0.52762953125,0.5525716666666667,2,0.572024296875,0.47820986111111113,2,0.61964296875,0.5728394444444445,2
WIN_20251004_11_42_58_Pro_mp4-0081_jpg.rf.d7ffcf084c9fd38e25f4f16941810386,train,4,thang,train\images\WIN_20251004_11_42_58_Pro_mp4-0081_jpg.rf.d7ffcf084c9fd38e25f4f16941810386.jpg,0.520798203125,0.59960125,0.50718125,0.8007973611111112,0.321216953125,0.9278872222222222,2,0.745358515625,0.9199958333333333,2,0.4294628125,0.57203375,2,0.47643210937499997,0.48099152777777776,2,0.520535703125,0.53949625,2,0.56966609375,0.47908277777777775,2,0.61607140625,0.5649005555555556,2
WIN_20251004_11_42_58_Pro_mp4-0083_jpg.rf.e87f1f1dec8cbe51184b1c1d63445446,train,4,thang,train\images\WIN_20251004_11_42_58_Pro_mp4-0083_jpg.rf.e87f1f1dec8cbe51184b1c1d63445446.jpg,0.519829765625,0.598398611111111,0.5292978125000001,0.7878059722222222,0.30491773437499997,0.9345654166666667,2,0.746099296875,0.9331005555555556,2,0.42618140625,0.5649005555555556,2,0.48600281250000005,0.48233638888888886,2,0.525340703125,0.5491634722222222,2,0.5645742968749999,0.4791608333333333,2,0.619931484375,0.5664884722222222,2
WIN_20251004_11_42_58_Pro_mp4-0088_jpg.rf.a696d837d595cf16cc18a932718eba45,train,4,thang,train\images\WIN_20251004_11_42_58_Pro_mp4-0088_jpg.rf.a696d837d595cf16cc18a932718eba45.jpg,0.5187478125,0.5964229166666667,0.52849328125,0.7994205555555556,0.297610234375,0.9573370833333333,2,0.750754609375,0.9465701388888889,2,0.43392859375,0.5601372222222223,2,0.48125,0.48074847222222217,2,0.523214296875,0.5474351388888888,2,0.5751953125,0.47617291666666667,2,0.6214285937499999,0.5633129166666667,2
WIN_20251004_11_42_58_Pro_mp4-0089_jpg.rf.1147a0eaed2833259267211daad27c72,train,4,thang,train\images\WIN_20251004_11_42_58_Pro_mp4-0089_jpg.rf.1147a0eaed2833259267211daad27c72.jpg,0.526166875,0.6007856944444444,0.5479914843749999,0.7984284722222222,0.310888125,0.9385950000000001,2,0.74720625,0.9490658333333334,2,0.4303571875,0.5696640277777778,2,0.481972421875,0.4761926388888889,2,0.528417421875,0.5479008333333334,2,0.57399125,0.48231833333333335,2,0.62232140625,0.5553740277777778,2
WIN_20251004_11_42_58_Pro_mp4-0092_jpg.rf.c5fb327f72d478999c1312b681564402,train,4,thang,train\images\WIN_20251004_11_42_58_Pro_mp4-0092_jpg.rf.c5fb327f72d478999c1312b681564402.jpg,0.5131882812499999,0.5935877777777777,0.5633425781249999,0.8127263888888889,0.318750078125,0.9300888888888889,2,0.7401786718750001,0.9046844444444444,2,0.423214296875,0.5569616666666667,2,0.483035703125,0.4934506944444444,2,0.520535703125,0.5664884722222222,2,0.573214296875,0.4998018055555556,2,0.616964375,0.5712518055555555,2
WIN_20251004_11_42_58_Pro_mp4-0100_jpg.rf.8b6813771bf21ce0957a9ea894256495,train,3,nghieng_trai,train\images\WIN_20251004_11_42_58_Pro_mp4-0100_jpg.rf.8b6813771bf21ce0957a9ea894256495.jpg,0.511328125,0.5979166666666667,0.51484375,0.8041666666666667,0.32329765625,0.9238922222222222,2,0.73238578125,0.9222202777777778,2,0.43302781250000005,0.5408726388888888,2,0.494751015625,0.48591388888888887,2,0.542031015625,0.5716343055555556,2,0.5852633593750001,0.5107816666666667,2,0.6149319531249999,0.5975427777777778,2
WIN_20251004_11_42_58_Pro_mp4-0102_jpg.rf.0fdea6905d99aa9559b9e19e15999d0e,train,3,nghieng_trai,train\images\WIN_20251004_11_42_58_Pro_mp4-0102_jpg.rf.0fdea6905d99aa9559b9e19e15999d0e.jpg,0.516126015625,0.6042569444444444,0.53018,0.7914861111111111,0.322942578125,0.9206272222222222,2,0.71898578125,0.9203016666666667,2,0.443015390625,0.5304904166666666,2,0.509968125,0.47773638888888886,2,0.54976859375,0.5725270833333334,2,0.596036015625,0.5156793055555556,2,0.62157921875,0.62055125,2
WIN_20251004_11_42_58_Pro_mp4-0104_jpg.rf.29562f19988df20b8bceae70ddbfd0e1,train,3,nghieng_trai,train\images\WIN_20251004_11_42_58_Pro_mp4-0104_jpg.rf.29562f19988df20b8bceae70ddbfd0e1.jpg,0.507003984375,0.6136322222222222,0.5403053906249999,0.7727355555555555,0.313640234375,0.9398673611111111,2,0.7379732812500001,0.9333520833333334,2,0.45211234375,0.5138838888888889,2,0.5220336718749999,0.4753393055555556,2,0.560888125,0.5673088888888889,2,0.60435625,0.5182784722222222,2,0.622733359375,0.6292761111111111,2
WIN_20251004_11_42_58_Pro_mp4-0108_jpg.rf.e555043e7724b25564bd1c5a302e07c5,train,3,nghieng_trai,train\images\WIN_20251004_11_42_58_Pro_mp4-0108_jpg.rf.e555043e7724b25564bd1c5a302e07c5.jpg,0.510035703125,0.6123058333333333,0.538869453125,0.7583768055555555,0.315141171875,0.9405776388888889,2,0.726057578125,0.9203954166666667,2,0.4678178125,0.49729722222222217,2,0.539445390625,0.4644738888888889,2,0.574940078125,0.5674715277777778,2,0.62562421875,0.5332475,2,0.632013515625,0.6429776388888888,2
WIN_20251004_11_42_58_Pro_mp4-0109_jpg.rf.df7fbef7fed877b38e9907de2687c488,train,3,nghieng_trai,train\images\WIN_20251004_11_42_58_Pro_mp4-0109_jpg.rf.df7fbef7fed877b38e9907de2687c488.jpg,0.5163862499999999,0.6223684722222222,0.5293885937499999,0.7552630555555555,0.30677656249999996,0.9298502777777778,2,0.74053125,0.9277590277777777,2,0.47177679687499996,0.50327,2,0.550365078125,0.46719638888888887,2,0.579911640625,0.5640240277777778,2,0.6287953125,0.5394077777777778,2,0.6327126562500001,0.6561711111111111,2
WIN_20251004_11_42_58_Pro_mp4-0110_jpg.rf.f8024ad1b050977d52d24b471f437bd3,train,3,nghieng_trai,train\images\WIN_20251004_11_42_58_Pro_mp4-0110_jpg.rf.f8024ad1b050977d52d24b471f437bd3.jpg,0.51807203125,0.6235034722222222,0.53480609375,0.7529930555555555,0.299985,0.9413470833333334,2,0.737695859375,0.9375690277777778,2,0.47767499999999996,0.5016670833333333,2,0.5550509375,0.46512,2,0.587638125,0.5698537499999999,2,0.632965078125,0.5463669444444444,2,0.63500140625,0.6554756944444444,2
WIN_20251004_11_42_58_Pro_mp4-0112_jpg.rf.541fb3f9eff2ff3d8062f4a24292235c,train,3,nghieng_trai,train\images\WIN_20251004_11_42_58_Pro_mp4-0112_jpg.rf.541fb3f9eff2ff3d8062f4a24292235c.jpg,0.5240678125,0.6196902777777779,0.5160453125,0.7329672222222222,0.317887734375,0.9314433333333333,2,0.734449921875,0.938151111111111,2,0.482219375,0.49237,2,0.560768828125,0.4608831944444444,2,0.5921353125000001,0.5700461111111111,2,0.63795890625,0.5491980555555556,2,0.6386275,0.66469375,2
WIN_20251004_11_42_58_Pro_mp4-0114_jpg.rf.a791bbe0fc189e302ecfaeaeef6f122c,train,3,nghieng_trai,train\images\WIN_20251004_11_42_58_Pro_mp4-0114_jpg.rf.a791bbe0fc189e302ecfaeaeef6f122c.jpg,0.528783359375,0.6262658333333333,0.5024971093749999,0.7474683333333333,0.310347109375,0.9312904166666667,2,0.73500203125,0.9308268055555555,2,0.485506953125,0.4910234722222222,2,0.5608936718749999,0.46300902777777775,2,0.595095546875,0.5679894444444444,2,0.6368296875,0.5433337500000001,2,0.6353565624999999,0.6685655555555556,2
WIN_20251004_11_42_58_Pro_mp4-0115_jpg.rf.9fac6b9171a342e751ea3bb711bb569c,train,3,nghieng_trai,train\images\WIN_20251004_11_42_58_Pro_mp4-0115_jpg.rf.9fac6b9171a342e751ea3bb711bb569c.jpg,0.51171875,0.6305555555555555,0.5515625,0.7388888888888889,0.312860625,0.92341875,2,0.7388278125000001,0.9292238888888888,2,0.483201484375,0.4965525,2,0.5687033593749999,0.46164777777777777,2,0.5953591406250001,0.5620659722222222,2,0.6424754687500001,0.5481622222222222,2,0.6378367968750001,0.6818970833333333,2
WIN_20251004_11_42_58_Pro_mp4-0117_jpg.rf.b50484f3bc7ed4dc61f4d5b8381ae14d,train,3,nghieng_trai,train\images\WIN_20251004_11_42_58_Pro_mp4-0117_jpg.rf.b50484f3bc7ed4dc61f4d5b8381ae14d.jpg,0.5174610937499999,0.6323781944444444,0.5237758593749999,0.7352436111111111,0.31535476562500003,0.9365874999999999,2,0.7351934375,0.9386688888888889,2,0.48878062499999997,0.48755625,2,0.57772546875,0.46523333333333333,2,0.60432296875,0.5486801388888889,2,0.6458962500000001,0.5499576388888888,2,0.643773828125,0.6749230555555555,2
WIN_20251004_11_42_58_Pro_mp4-0119_jpg.rf.6823f7868c88124a38eb6db50a32afbb,train,3,nghieng_trai,train\images\WIN_20251004_11_42_58_Pro_mp4-0119_jpg.rf.6823f7868c88124a38eb6db50a32afbb.jpg,0.5339159375,0.6318247222222221,0.519422265625,0.7363504166666666,0.3183815625,0.9284397222222222,2,0.7241071875,0.932045,2,0.492978203125,0.4877633333333333,2,0.576005390625,0.4553790277777778,2,0.6091585937499999,0.5560980555555556,2,0.648456953125,0.5495383333333334,2,0.64411234375,0.677325,2
WIN_20251004_11_42_58_Pro_mp4-0125_jpg.rf.c33bc79b7dea6b2fd25170f8919970ec,train,3,nghieng_trai,train\images\WIN_20251004_11_42_58_Pro_mp4-0125_jpg.rf.c33bc79b7dea6b2fd25170f8919970ec.jpg,0.524823515625,0.63519125,0.53168453125,0.7296175,0.30125562499999997,0.9332140277777777,2,0.73695515625,0.9287306944444444,2,0.4980440625,0.48592861111111113,2,0.58226984375,0.4606908333333334,2,0.6146323437500001,0.5575727777777778,2,0.65769265625,0.5554569444444444,2,0.643968046875,0.6841559722222222,2
WIN_20251004_11_42_58_Pro_mp4-0134_jpg.rf.3e15971079807248039ea781780a26aa,train,3,nghieng_trai,train\images\WIN_20251004_11_42_58_Pro_mp4-0134_jpg.rf.3e15971079807248039ea781780a26aa.jpg,0.512993203125,0.6329044444444444,0.5350300000000001,0.7331552777777777,0.310688359375,0.9362916666666666,2,0.73665546875,0.9271622222222221,2,0.50319046875,0.4846315277777778,2,0.5822171093749999,0.4572186111111111,2,0.615276015625,0.5543965277777778,2,0.6564358593749999,0.5514865277777777,2,0.64781046875,0.6807775,2
WIN_20251004_11_42_58_Pro_mp4-0136_jpg.rf.01d8ba0140d8817fe208cd73f2c6a52d,train,3,nghieng_trai,train\images\WIN_20251004_11_42_58_Pro_mp4-0136_jpg.rf.01d8ba0140d8817fe208cd73f2c6a52d.jpg,0.51772984375,0.6346744444444444,0.5194565625,0.7306511111111111,0.30944265625,0.9317244444444444,2,0.7498390625,0.9431620833333333,2,0.5022915625000001,0.48334416666666663,2,0.580879921875,0.46157375,2,0.6185219531249999,0.5603743055555556,2,0.654499375,0.5467961111111111,2,0.647283359375,0.6826220833333334,2
WIN_20251004_11_42_58_Pro_mp4-0138_jpg.rf.085dc09f945ed6e884b9c5662f2964cf,train,3,nghieng_trai,train\images\WIN_20251004_11_42_58_Pro_mp4-0138_jpg.rf.085dc09f945ed6e884b9c5662f2964cf.jpg,0.5114107031249999,0.6319779166666666,0.5647620312500001,0.7360440277777776,0.297083046875,0.9385209722222222,2,0.739241171875,0.9429006944444445,2,0.4976584375,0.4903576388888889,2,0.585457578125,0.46477958333333336,2,0.6148459374999999,0.5542436111111111,2,0.6590215625,0.5532127777777778,2,0.64564375,0.6910511111111112,2
WIN_20251004_11_42_58_Pro_mp4-0142_jpg.rf.14780c375204d01f18825e6d7d129fd6,train,3,nghieng_trai,train\images\WIN_20251004_11_42_58_Pro_mp4-0142_jpg.rf.14780c375204d01f18825e6d7d129fd6.jpg,0.515709921875,0.6307388888888888,0.53706125,0.7385220833333334,0.3148609375,0.9272016666666667,2,0.736982890625,0.9215840277777777,2,0.49524484375,0.48591874999999995,2,0.580347265625,0.45908791666666665,2,0.61295109375,0.5559845833333333,2,0.65396953125,0.5514816666666666,2,0.6437378125000001,0.6802201388888889,2
WIN_20251004_11_42_58_Pro_mp4-0144_jpg.rf.81f696a3e09c2605d3b22fa98ec99b6c,train,3,nghieng_trai,train\images\WIN_20251004_11_42_58_Pro_mp4-0144_jpg.rf.81f696a3e09c2605d3b22fa98ec99b6c.jpg,0.51753125,0.6286569444444444,0.49529460937500003,0.7426861111111112,0.31719695312499996,0.9282719444444445,2,0.737229765625,0.9491644444444445,2,0.3624389985795455,0.49487341937897483,2,0.4166379036458334,0.4036005471380471,2,0.47667361387310614,0.474868406285073,2,0.6473721875,0.5363941666666666,2,0.6478882031250001,0.6650538888888888,2
WIN_20251004_11_42_58_Pro_mp4-0146_jpg.rf.174fc7bcfe832857cd11a44e01596736,train,3,nghieng_trai,train\images\WIN_20251004_11_42_58_Pro_mp4-0146_jpg.rf.174fc7bcfe832857cd11a44e01596736.jpg,0.5072846875,0.6149445833333332,0.5593429687499999,0.7564376388888888,0.316195390625,0.9248145833333333,2,0.750163671875,0.9233644444444444,2,0.472584140625,0.5073537499999999,2,0.552728828125,0.4451054166666667,2,0.592132578125,0.5387566666666667,2,0.636602265625,0.5219825,2,0.63795609375,0.6593670833333334,2
WIN_20251004_11_42_58_Pro_mp4-0152_jpg.rf.d6d21b6fd58d1edf83d6812092a25a3d,train,3,nghieng_trai,train\images\WIN_20251004_11_42_58_Pro_mp4-0152_jpg.rf.d6d21b6fd58d1edf83d6812092a25a3d.jpg,0.513684765625,0.6084297222222221,0.5515996093750001,0.7818154166666669,0.323225546875,0.9389254166666666,2,0.73972109375,0.9389648611111111,2,0.44395585937500004,0.5345495833333334,2,0.5149231249999999,0.44958375000000006,2,0.557137265625,0.5336963888888888,2,0.600203046875,0.4907769444444444,2,0.625651953125,0.6118065277777778,2
WIN_20251004_11_42_58_Pro_mp4-0157_jpg.rf.a8986224087a4dc8511590cca56950f5,train,4,thang,train\images\WIN_20251004_11_42_58_Pro_mp4-0157_jpg.rf.a8986224087a4dc8511590cca56950f5.jpg,0.517686328125,0.6008805555555555,0.51267625,0.7941184722222222,0.300892890625,0.93644,2,0.732188828125,0.9241634722222222,2,0.433613203125,0.5670473611111111,2,0.47894007812500006,0.4792356944444444,2,0.52656140625,0.5423670833333334,2,0.5726096093749999,0.4772136111111111,2,0.6151786718750001,0.5664884722222222,2
WIN_20251004_11_42_58_Pro_mp4-0162_jpg.rf.0731a5c85734ce38a0b1e07875af6f0c,train,4,thang,train\images\WIN_20251004_11_42_58_Pro_mp4-0162_jpg.rf.0731a5c85734ce38a0b1e07875af6f0c.jpg,0.5222271875,0.5962198611111111,0.5200625000000001,0.7757066666666665,0.299107109375,0.9316766666666666,2,0.7407532031249999,0.9280550000000001,2,0.42765671875000005,0.5724776388888889,2,0.47501718750000005,0.47536402777777775,2,0.52232140625,0.5474351388888888,2,0.5684536718750001,0.4806709722222222,2,0.614285703125,0.5760149999999999,2
WIN_20251004_11_42_58_Pro_mp4-0167_jpg.rf.5ced24b6315009ae8626b926e71244e4,train,4,thang,train\images\WIN_20251004_11_42_58_Pro_mp4-0167_jpg.rf.5ced24b6315009ae8626b926e71244e4.jpg,0.51966421875,0.600952361111111,0.48143460937500004,0.7970594444444442,0.30929843749999997,0.9290068055555556,2,0.73717703125,0.9334458333333333,2,0.4292353125,0.5625838888888889,2,0.48274437499999995,0.4786429166666667,2,0.524308671875,0.5580808333333334,2,0.57292296875,0.4865818055555556,2,0.61342,0.5662583333333333,2
WIN_20251004_11_45_50_Pro_mp4-0007_jpg.rf.7dbf34a06ec2942e055dec8c0128250b,train,4,thang,train\images\WIN_20251004_11_45_50_Pro_mp4-0007_jpg.rf.7dbf34a06ec2942e055dec8c0128250b.jpg,0.549942578125,0.5171769444444444,0.73661984375,0.9656461111111112,0.33585703125,0.7234454166666667,2,0.7264015625,0.7167179166666666,2,0.454537109375,0.37892597222222224,2,0.5008928125,0.3362611111111111,2,0.5428571875,0.41406194444444444,2,0.588392890625,0.34578763888888886,2,0.6294642968749999,0.40135986111111116,2
WIN_20251004_11_45_50_Pro_mp4-0023_jpg.rf.0e685e097948f61e1707f213b5ce4c48,train,1,nga_trai,train\images\WIN_20251004_11_45_50_Pro_mp4-0023_jpg.rf.0e685e097948f61e1707f213b5ce4c48.jpg,0.55952703125,0.44366833333333333,0.5068959375000002,0.8154020833333334,0.37528296875,0.6925159722222222,2,0.7758206249999999,0.7540837499999999,2,0.50700515625,0.3672023611111111,2,0.5632878906250001,0.3281052777777778,2,0.60484453125,0.4295198611111111,2,0.6545715624999999,0.35101499999999997,2,0.6770990625,0.4428463888888889,2
WIN_20251004_11_45_50_Pro_mp4-0026_jpg.rf.fbdc3b1cd6de07446e734439f64a8ec5,train,1,nga_trai,train\images\WIN_20251004_11_45_50_Pro_mp4-0026_jpg.rf.fbdc3b1cd6de07446e734439f64a8ec5.jpg,0.56878078125,0.5188013888888888,0.574943359375,0.9623972222222222,0.383425625,0.7072779166666666,2,0.771395625,0.7881944444444444,2,0.5230990624999999,0.36076097222222225,2,0.587025,0.33325930555555555,2,0.6250610156249999,0.4261265277777778,2,0.67229390625,0.36148597222222223,2,0.6954040625,0.43853083333333337,2
WIN_20251004_11_45_50_Pro_mp4-0028_jpg.rf.5f4dae10895a825657027b5c95313fa4,train,1,nga_trai,train\images\WIN_20251004_11_45_50_Pro_mp4-0028_jpg.rf.5f4dae10895a825657027b5c95313fa4.jpg,0.566967265625,0.47480263888888885,0.5279410156250001,0.8505466666666665,0.37600429687500003,0.7191297222222223,2,0.781230546875,0.7993608333333333,2,0.53532828125,0.36033680555555553,2,0.603585,0.33079333333333333,2,0.6412935937500001,0.4388465277777778,2,0.6914284375,0.3752170833333333,2,0.70556359375,0.44843458333333336,2
WIN_20251004_11_45_50_Pro_mp4-0029_jpg.rf.ed83447e403ca2e49521f9bb1f84625a,train,1,nga_trai,train\images\WIN_20251004_11_45_50_Pro_mp4-0029_jpg.rf.ed83447e403ca2e49521f9bb1f84625a.jpg,0.577805625,0.4804663888888889,0.548911484375,0.8481922222222222,0.389925859375,0.6966491666666667,2,0.7945334374999999,0.7951931944444444,2,0.54011671875,0.36605305555555556,2,0.6098938281249999,0.33065513888888887,2,0.645283125,0.42802541666666666,2,0.697024296875,0.36921458333333335,2,0.714824296875,0.45170458333333335,2
WIN_20251004_11_45_50_Pro_mp4-0032_jpg.rf.50ba6d9c0b9b828072e5b71a63aa3e52,train,1,nga_trai,train\images\WIN_20251004_11_45_50_Pro_mp4-0032_jpg.rf.50ba6d9c0b9b828072e5b71a63aa3e52.jpg,0.58046875,0.525,0.6078125,0.95,0.392558671875,0.7011225,2,0.7925082031249999,0.8255208333333334,2,0.559315078125,0.36237375000000005,2,0.630254609375,0.3354195833333333,2,0.6654135937500001,0.4332484722222222,2,0.71340109375,0.38205791666666666,2,0.732380234375,0.47145277777777783,2
WIN_20251004_11_45_50_Pro_mp4-0035_jpg.rf.160904bef1bcebaed17eba2661f316db,train,1,nga_trai,train\images\WIN_20251004_11_45_50_Pro_mp4-0035_jpg.rf.160904bef1bcebaed17eba2661f316db.jpg,0.58937125,0.4891920833333333,0.52799984375,0.8663554166666668,0.394409140625,0.6973001388888889,2,0.809733984375,0.8262606944444444,2,0.576260625,0.36020847222222224,2,0.652460234375,0.3380977777777778,2,0.691822421875,0.44601777777777774,2,0.7370022656249999,0.39038819444444445,2,0.749961171875,0.4921381944444444,2
WIN_20251004_11_45_50_Pro_mp4-0038_jpg.rf.cc1dc3cd4b938d89993c3d83f9bf3c43,train,1,nga_trai,train\images\WIN_20251004_11_45_50_Pro_mp4-0038_jpg.rf.cc1dc3cd4b938d89993c3d83f9bf3c43.jpg,0.5975846875,0.4650606944444445,0.5479904687499999,0.8110497222222222,0.408502734375,0.6894431944444445,2,0.81201453125,0.8150252777777779,2,0.597819921875,0.36623069444444445,2,0.6773459374999999,0.34834180555555555,2,0.715953515625,0.45621750000000005,2,0.761496796875,0.4015990277777778,2,0.7733820312499999,0.47187208333333336,2
WIN_20251004_11_45_50_Pro_mp4-0045_jpg.rf.4c13e082c46e9e01b1795ab32c1f4935,train,1,nga_trai,train\images\WIN_20251004_11_45_50_Pro_mp4-0045_jpg.rf.4c13e082c46e9e01b1795ab32c1f4935.jpg,0.6447086718749999,0.5397615277777779,0.55653640625,0.9204769444444444,0.44784265625,0.6710759722222222,2,0.846044375,0.8745363888888888,2,0.6507846093749999,0.3739248611111111,2,0.74156328125,0.3730568055555556,2,0.787450625,0.4902343055555556,2,0.832333671875,0.4477933333333333,2,0.833828984375,0.5311218055555555,2
WIN_20251004_11_45_50_Pro_mp4-0046_jpg.rf.eac607e95f5eaaf65d611b2a7945a540,train,1,nga_trai,train\images\WIN_20251004_11_45_50_Pro_mp4-0046_jpg.rf.eac607e95f5eaaf65d611b2a7945a540.jpg,0.6257007812500001,0.5105375,0.5785967968749999,0.8483540277777776,0.442613046875,0.6695026388888888,2,0.83969390625,0.8757497222222222,2,0.6548128906249999,0.37636625,2,0.7529935156249999,0.3736190277777778,2,0.7868069531249999,0.4936326388888889,2,0.83129046875,0.44697458333333334,2,0.8435003125,0.5060319444444444,2
WIN_20251004_11_45_50_Pro_mp4-0047_jpg.rf.beecc9ada6637dd7d5d9cd1c4aea4996,train,1,nga_trai,train\images\WIN_20251004_11_45_50_Pro_mp4-0047_jpg.rf.beecc9ada6637dd7d5d9cd1c4aea4996.jpg,0.617886328125,0.49949263888888884,0.588732578125,0.8063341666666667,0.43431507812500003,0.6678011111111111,2,0.84585015625,0.8532,2,0.6590909375,0.3714193055555555,2,0.757080078125,0.37815652777777775,2,0.7925387500000001,0.4946043055555555,2,0.83324640625,0.4484444444444444,2,0.834683515625,0.5322906944444444,2
WIN_20251004_11_45_50_Pro_mp4-0055_jpg.rf.ab34c037bfea85410269515c1218f5eb,train,1,nga_trai,train\images\WIN_20251004_11_45_50_Pro_mp4-0055_jpg.rf.ab34c037bfea85410269515c1218f5eb.jpg,0.61953125,0.5444444444444444,0.6046875,0.9111111111111111,0.449759765625,0.6693595833333333,2,0.853313125,0.8797940277777777,2,0.6589771875,0.3792366666666667,2,0.752821484375,0.3790936111111111,2,0.79195609375,0.4893022222222222,2,0.828194375,0.44267875,2,0.83990203125,0.5178198611111111,2
WIN_20251004_11_45_50_Pro_mp4-0056_jpg.rf.93e2d3d1ab73743e4784aa3e73fc552e,train,1,nga_trai,train\images\WIN_20251004_11_45_50_Pro_mp4-0056_jpg.rf.93e2d3d1ab73743e4784aa3e73fc552e.jpg,0.6399931249999999,0.5437904166666667,0.565858359375,0.9124191666666666,0.44758742187499995,0.6720081944444444,2,0.8417303125,0.8889333333333334,2,0.657318125,0.3766522222222222,2,0.755237890625,0.3792022222222222,2,0.794905234375,0.49061902777777777,2,0.8350441406250001,0.4503334722222222,2,0.8385010156250001,0.5310131944444444,2
WIN_20251004_11_45_50_Pro_mp4-0057_jpg.rf.995ac9cedff2e8d0d2c626463ae2b779,train,1,nga_trai,train\images\WIN_20251004_11_45_50_Pro_mp4-0057_jpg.rf.995ac9cedff2e8d0d2c626463ae2b779.jpg,0.650200390625,0.5459273611111111,0.562516640625,0.9081451388888889,0.45443171875,0.6624940277777778,2,0.8514598437500001,0.8852490277777777,2,0.656508046875,0.3748372222222222,2,0.75223609375,0.37977930555555556,2,0.79109609375,0.49865847222222226,2,0.8353853906250001,0.4477440277777778,2,0.839918671875,0.5303079166666667,2
WIN_20251004_11_45_50_Pro_mp4-0060_jpg.rf.ba4eeae6b87ddac3a942bd43e506a768,train,1,nga_trai,train\images\WIN_20251004_11_45_50_Pro_mp4-0060_jpg.rf.ba4eeae6b87ddac3a942bd43e506a768.jpg,0.6361132031250001,0.5175094444444445,0.54799359375,0.8629870833333333,0.4474903125,0.6680870833333333,2,0.84946234375,0.8667683333333334,2,0.6578452343750001,0.38218611111111106,2,0.7521140625,0.3743488888888889,2,0.7925803124999999,0.49393347222222217,2,0.832364140625,0.44609666666666664,2,0.8402488281249999,0.5361919444444444,2
WIN_20251004_11_45_50_Pro_mp4-0070_jpg.rf.5a653177784091ed9789906e623bf564,train,1,nga_trai,train\images\WIN_20251004_11_45_50_Pro_mp4-0070_jpg.rf.5a653177784091ed9789906e623bf564.jpg,0.635573515625,0.5380411111111111,0.679430078125,0.9156366666666669,0.43116625,0.6678504166666667,2,0.83349890625,0.8619051388888889,2,0.62271953125,0.3702898611111111,2,0.718711171875,0.36415916666666664,2,0.757113359375,0.47816541666666673,2,0.799183203125,0.42727569444444446,2,0.8029535156250001,0.5165670833333333,2
WIN_20251004_11_45_50_Pro_mp4-0074_jpg.rf.6780d8996a2cbfefd759e42e3b3f4aa4,train,1,nga_trai,train\images\WIN_20251004_11_45_50_Pro_mp4-0074_jpg.rf.6780d8996a2cbfefd759e42e3b3f4aa4.jpg,0.57801375,0.5279077777777776,0.59541953125,0.9431486111111111,0.39652046875,0.6922298611111112,2,0.796805625,0.8372888888888889,2,0.572509765625,0.3739445833333333,2,0.64908390625,0.34471666666666667,2,0.6910178124999999,0.4579141666666666,2,0.735823203125,0.3942845833333334,2,0.749561640625,0.48214569444444444,2
WIN_20251004_11_45_50_Pro_mp4-0076_jpg.rf.77fb693eaca6f562cc5cc49b7e28ba1d,train,1,nga_trai,train\images\WIN_20251004_11_45_50_Pro_mp4-0076_jpg.rf.77fb693eaca6f562cc5cc49b7e28ba1d.jpg,0.57599875,0.5099355555555556,0.5888166406249999,0.9248877777777779,0.394289921875,0.7075294444444444,2,0.7911154687499999,0.8040611111111111,2,0.5508755468750001,0.3746202777777778,2,0.62594046875,0.3424479166666667,2,0.668998046875,0.4508463888888889,2,0.713714609375,0.37890625,2,0.7316256250000001,0.4687105555555556,2
WIN_20251004_11_45_50_Pro_mp4-0077_jpg.rf.4824d38eb37d61b47c414918bf71a89d,train,1,nga_trai,train\images\WIN_20251004_11_45_50_Pro_mp4-0077_jpg.rf.4824d38eb37d61b47c414918bf71a89d.jpg,0.568438046875,0.45308152777777777,0.5430674218749999,0.8069083333333332,0.370533359375,0.6987402777777778,2,0.785411484375,0.7905372222222221,2,0.538080390625,0.3709359722222222,2,0.60971625,0.3457573611111111,2,0.653248203125,0.44721625,2,0.696696875,0.3732688888888889,2,0.70890390625,0.45589680555555556,2
WIN_20251004_11_45_50_Pro_mp4-0085_jpg.rf.d111b54f23749e8f51a1decfcf9fa999,train,4,thang,train\images\WIN_20251004_11_45_50_Pro_mp4-0085_jpg.rf.d111b54f23749e8f51a1decfcf9fa999.jpg,0.5335209375,0.47653972222222224,0.4989622656249999,0.8749852777777777,0.321469375,0.7501577777777778,2,0.7312871875,0.7426955555555556,2,0.4526921875,0.38897763888888887,2,0.5013705468749999,0.3390398611111111,2,0.54629515625,0.4292090277777778,2,0.588994375,0.34578763888888886,2,0.62930578125,0.4006470833333333,2
WIN_20251004_11_45_50_Pro_mp4-0088_jpg.rf.6cea5eed98c5c0d5d4cbc3a5701fe3ef,train,4,thang,train\images\WIN_20251004_11_45_50_Pro_mp4-0088_jpg.rf.6cea5eed98c5c0d5d4cbc3a5701fe3ef.jpg,0.51943484375,0.48971916666666665,0.49467937500000014,0.9263441666666665,0.324179921875,0.7383009722222221,2,0.714596796875,0.73574125,2,0.433035703125,0.37436763888888885,2,0.4803571875,0.3362611111111111,2,0.52283828125,0.40870625000000005,2,0.5660714062500001,0.3426120833333333,2,0.6107143749999999,0.3997720833333333,2
WIN_20251004_11_45_50_Pro_mp4-0090_jpg.rf.c1b3af52558ca6787fae03a823bcda4e,train,4,thang,train\images\WIN_20251004_11_45_50_Pro_mp4-0090_jpg.rf.c1b3af52558ca6787fae03a823bcda4e.jpg,0.523273203125,0.5082779166666667,0.53151828125,0.9515908333333332,0.32348078125,0.7610134722222223,2,0.718222890625,0.7568261111111111,2,0.434821484375,0.3902454166666667,2,0.48214289062500004,0.33784875000000003,2,0.520535703125,0.3997720833333333,2,0.56078546875,0.33299791666666667,2,0.60803578125,0.38865763888888893,2
WIN_20251004_11_45_50_Pro_mp4-0094_jpg.rf.a3d6693a9e392ecdb5d1338a13d8af84,train,4,thang,train\images\WIN_20251004_11_45_50_Pro_mp4-0094_jpg.rf.a3d6693a9e392ecdb5d1338a13d8af84.jpg,0.539332421875,0.5037540277777778,0.581053203125,0.9434688888888887,0.317857109375,0.7189147222222222,2,0.71875,0.7093881944444445,2,0.43214289062500005,0.38548208333333334,2,0.4803571875,0.3362611111111111,2,0.520535703125,0.4092986111111111,2,0.5616071875,0.3410243055555556,2,0.6107143749999999,0.40135986111111116,2
WIN_20251004_11_45_50_Pro_mp4-0096_jpg.rf.e3b5250b95f25fd8c25055702c4bae5a,train,4,thang,train\images\WIN_20251004_11_45_50_Pro_mp4-0096_jpg.rf.e3b5250b95f25fd8c25055702c4bae5a.jpg,0.532457734375,0.5044698611111111,0.5916139843750001,0.9391541666666667,0.32767859375,0.7220904166666666,2,0.71339296875,0.7062126388888889,2,0.434821484375,0.4029476388888889,2,0.48232476562500004,0.3366970833333333,2,0.524328046875,0.4073202777777778,2,0.567377265625,0.33495597222222223,2,0.6096940625,0.39877291666666664,2
WIN_20251004_11_45_50_Pro_mp4-0097_jpg.rf.527a090fbe3a01951debe81d123f24e0,train,4,thang,train\images\WIN_20251004_11_45_50_Pro_mp4-0097_jpg.rf.527a090fbe3a01951debe81d123f24e0.jpg,0.5296002343749999,0.4756470833333332,0.5102986718750001,0.8814463888888888,0.313681328125,0.7310990277777778,2,0.72550546875,0.7273911111111111,2,0.43511,0.38972749999999995,2,0.481586796875,0.33249986111111113,2,0.522609921875,0.41195624999999997,2,0.5735806250000001,0.3336884722222222,2,0.6101099999999999,0.4024297222222222,2
WIN_20251004_11_45_50_Pro_mp4-0102_jpg.rf.24bb30fddc1b2798d0bf3c14a5248fbe,train,4,thang,train\images\WIN_20251004_11_45_50_Pro_mp4-0102_jpg.rf.24bb30fddc1b2798d0bf3c14a5248fbe.jpg,0.5319751562499999,0.5164397222222222,0.51026,0.9493783333333334,0.327983515625,0.7389372222222222,2,0.738514296875,0.7351197222222222,2,0.443750078125,0.3913152777777778,2,0.49490359375,0.33662791666666664,2,0.5383928906250001,0.40560513888888894,2,0.580357109375,0.3484452777777778,2,0.621088203125,0.39084694444444446,2
WIN_20251004_11_45_50_Pro_mp4-0105_jpg.rf.612c5f16fe273fb6059a3b5ba01c50bf,train,4,thang,train\images\WIN_20251004_11_45_50_Pro_mp4-0105_jpg.rf.612c5f16fe273fb6059a3b5ba01c50bf.jpg,0.546410859375,0.5007847222222223,0.5325243750000002,0.9292825,0.335410390625,0.7401801388888889,2,0.736275390625,0.7431986111111111,2,0.4622775,0.3888641666666666,2,0.516964296875,0.32832222222222224,2,0.55750625,0.4112808333333334,2,0.5928571875,0.3410243055555556,2,0.6410714843750001,0.4108865277777778,2
WIN_20251004_11_45_50_Pro_mp4-0116_jpg.rf.4d0ea3362ec3eaf8ca92f5f68cf6239d,train,1,nga_trai,train\images\WIN_20251004_11_45_50_Pro_mp4-0116_jpg.rf.4d0ea3362ec3eaf8ca92f5f68cf6239d.jpg,0.572100703125,0.5276943055555556,0.5602726562499999,0.9446113888888888,0.3947809375,0.7039288888888889,2,0.77880859375,0.8109168055555556,2,0.5502291406250001,0.3784031944444445,2,0.61674640625,0.3369683333333333,2,0.6564553125,0.43190694444444444,2,0.7064209375,0.3728743055555555,2,0.722745,0.4516995833333333,2
WIN_20251004_11_45_50_Pro_mp4-0117_jpg.rf.bd632210dd5694e9a8ce42c9be2029f2,train,1,nga_trai,train\images\WIN_20251004_11_45_50_Pro_mp4-0117_jpg.rf.bd632210dd5694e9a8ce42c9be2029f2.jpg,0.593375078125,0.4975354166666667,0.5314465625,0.8649369444444445,0.38869960937500003,0.7096354166666666,2,0.801718984375,0.8191188888888888,2,0.554454453125,0.37672125,2,0.620350234375,0.33704236111111113,2,0.665352578125,0.4284643055555556,2,0.709478203125,0.37412208333333336,2,0.727874765625,0.45081680555555553,2
WIN_20251004_11_45_50_Pro_mp4-0120_jpg.rf.3966766e5a1fa7f39ec7c3232ac8aefc,train,1,nga_trai,train\images\WIN_20251004_11_45_50_Pro_mp4-0120_jpg.rf.3966766e5a1fa7f39ec7c3232ac8aefc.jpg,0.604712578125,0.4784354166666666,0.5163703125,0.8145897222222221,0.40485453125,0.6959833333333333,2,0.8065213281249999,0.8273704166666666,2,0.5778225781249999,0.37542902777777776,2,0.655231796875,0.3383788888888889,2,0.6924382812500001,0.4374456944444444,2,0.737798515625,0.3828913888888889,2,0.749719765625,0.4901258333333333,2
WIN_20251004_11_45_50_Pro_mp4-0122_jpg.rf.033643f3cd579269df0db0c9b8bfca61,train,1,nga_trai,train\images\WIN_20251004_11_45_50_Pro_mp4-0122_jpg.rf.033643f3cd579269df0db0c9b8bfca61.jpg,0.5796475,0.47979541666666664,0.529925078125,0.8116715277777777,0.40854156250000007,0.6931916666666667,2,0.8167752343749999,0.8161448611111111,2,0.593908125,0.3743786111111111,2,0.669239375,0.3426698611111111,2,0.70922296875,0.44789694444444444,2,0.7503079687499999,0.38755222222222224,2,0.772738359375,0.45748500000000003,2
WIN_20251004_11_45_50_Pro_mp4-0126_jpg.rf.9e3b6eec85dffa7151029d068115e042,train,1,nga_trai,train\images\WIN_20251004_11_45_50_Pro_mp4-0126_jpg.rf.9e3b6eec85dffa7151029d068115e042.jpg,0.6248787499999999,0.49059250000000004,0.532385234375,0.8091305555555555,0.421300703125,0.6765802777777778,2,0.8257307812500001,0.8365540277777778,2,0.618976953125,0.3774019444444444,2,0.700278515625,0.3504725,2,0.738988671875,0.45432347222222225,2,0.78171609375,0.4051056944444445,2,0.7916897656249999,0.49950680555555554,2
WIN_20251004_11_45_50_Pro_mp4-0128_jpg.rf.9e2f64367c479a3c46fd4218056fcfed,train,1,nga_trai,train\images\WIN_20251004_11_45_50_Pro_mp4-0128_jpg.rf.9e2f64367c479a3c46fd4218056fcfed.jpg,0.604142421875,0.5401201388888889,0.5705704687500001,0.9197595833333333,0.43935601562500004,0.6613251388888889,2,0.826335546875,0.8480359722222223,2,0.62871484375,0.3762330555555556,2,0.71285734375,0.36092861111111113,2,0.75114578125,0.47244416666666667,2,0.79602046875,0.41583805555555553,2,0.8032087499999999,0.5084734722222223,2
WIN_20251004_11_45_50_Pro_mp4-0130_jpg.rf.a4b3c5282b913f4d297b35ca15b00c6c,train,1,nga_trai,train\images\WIN_20251004_11_45_50_Pro_mp4-0130_jpg.rf.a4b3c5282b913f4d297b35ca15b00c6c.jpg,0.61015625,0.5402777777777777,0.603125,0.9194444444444444,0.428918984375,0.6825530555555556,2,0.839735546875,0.8600309722222222,2,0.630967578125,0.3853623611111111,2,0.7197875781249999,0.36879541666666665,2,0.757160546875,0.4730655555555555,2,0.799524453125,0.4249822222222222,2,0.8070290625000001,0.5245620833333333,2
WIN_20251004_11_45_50_Pro_mp4-0139_jpg.rf.fb60ae73981a1e56f917a297285b6927,train,1,nga_trai,train\images\WIN_20251004_11_45_50_Pro_mp4-0139_jpg.rf.fb60ae73981a1e56f917a297285b6927.jpg,0.6283290625,0.5451413888888889,0.558962890625,0.9097170833333333,0.44517375000000003,0.6711598611111111,2,0.8346225,0.8565981944444445,2,0.628581640625,0.38317750000000006,2,0.7142528125000001,0.3676905555555555,2,0.75141765625,0.48316166666666666,2,0.7955960156249999,0.42394652777777775,2,0.8050953125,0.5239602777777778,2
WIN_20251004_11_45_50_Pro_mp4-0140_jpg.rf.458c38f6b6df6b1c30e9e2ad4a139734,train,1,nga_trai,train\images\WIN_20251004_11_45_50_Pro_mp4-0140_jpg.rf.458c38f6b6df6b1c30e9e2ad4a139734.jpg,0.60234375,0.5472222222222223,0.5703125,0.9055555555555556,0.43752218750000005,0.6942570833333334,2,0.8285827343750001,0.8522579166666667,2,0.62796578125,0.38625013888888887,2,0.7139614843750001,0.37268194444444447,2,0.750074921875,0.48234791666666665,2,0.7983509375,0.4240994444444445,2,0.80413265625,0.5063723611111111,2
WIN_20251004_11_45_50_Pro_mp4-0150_jpg.rf.0d21dd105aa9b06f6f80f23b5791782e,train,1,nga_trai,train\images\WIN_20251004_11_45_50_Pro_mp4-0150_jpg.rf.0d21dd105aa9b06f6f80f23b5791782e.jpg,0.600795234375,0.5327477777777777,0.5536760937500002,0.8745458333333334,0.428106171875,0.6959043055555556,2,0.82697640625,0.8754833333333333,2,0.616124921875,0.38729083333333336,2,0.7030944531250001,0.36731569444444445,2,0.7402038281250001,0.47124069444444444,2,0.783450078125,0.41795888888888894,2,0.80061203125,0.4903872222222222,2
WIN_20251004_11_45_50_Pro_mp4-0152_jpg.rf.7b375a7fd11355bd78bd3ed255bbaaab,train,1,nga_trai,train\images\WIN_20251004_11_45_50_Pro_mp4-0152_jpg.rf.7b375a7fd11355bd78bd3ed255bbaaab.jpg,0.605972421875,0.4983148611111111,0.51861625,0.8269555555555558,0.414578515625,0.7089202777777778,2,0.8215970312499999,0.8581173611111111,2,0.605698984375,0.38109125,2,0.68324421875,0.35667222222222217,2,0.725480546875,0.46764513888888887,2,0.76383,0.40715749999999995,2,0.7759121875,0.5071615277777778,2
WIN_20251004_11_45_50_Pro_mp4-0163_jpg.rf.dfa6d52770588ac930480f61c2cf2ecd,train,4,thang,train\images\WIN_20251004_11_45_50_Pro_mp4-0163_jpg.rf.dfa6d52770588ac930480f61c2cf2ecd.jpg,0.54803203125,0.5120738888888889,0.5316028906250001,0.9264068055555554,0.35173453125,0.7497138888888889,2,0.7335010937499999,0.7586954166666667,2,0.475000078125,0.39818416666666673,2,0.5186684374999999,0.3425268055555556,2,0.5611794531250001,0.4121390277777778,2,0.6060846875,0.34291652777777776,2,0.6467923437499999,0.4118873611111111,2
WIN_20251004_11_45_50_Pro_mp4-0164_jpg.rf.ff9887e6e4c20cfa92aa9b3105a507a3,train,4,thang,train\images\WIN_20251004_11_45_50_Pro_mp4-0164_jpg.rf.ff9887e6e4c20cfa92aa9b3105a507a3.jpg,0.540282109375,0.5173243055555555,0.5629456249999999,0.927291388888889,0.34108109375,0.7432281944444443,2,0.734447109375,0.7422072222222221,2,0.46696429687499996,0.41882541666666667,2,0.50982140625,0.3441998611111111,2,0.55267859375,0.4220008333333333,2,0.5981167968750001,0.3449484722222222,2,0.637500078125,0.41406194444444444,2
WIN_20251004_11_45_50_Pro_mp4-0168_jpg.rf.97d9101d811f7c6eb2ee95a67cf598c9,train,4,thang,train\images\WIN_20251004_11_45_50_Pro_mp4-0168_jpg.rf.97d9101d811f7c6eb2ee95a67cf598c9.jpg,0.5124134375,0.4648836111111112,0.49555367187500005,0.8048248611111111,0.33334625,0.74209875,2,0.70036453125,0.7382023611111111,2,0.433035703125,0.39818416666666673,2,0.47767859375,0.3537265277777778,2,0.514285703125,0.4172375,2,0.5563215625,0.34421861111111113,2,0.603571484375,0.4029476388888889,2
WIN_20251004_11_45_50_Pro_mp4-0175_jpg.rf.d71c2f1b69cd19c1c0e28a20ba4abb54,train,4,thang,train\images\WIN_20251004_11_45_50_Pro_mp4-0175_jpg.rf.d71c2f1b69cd19c1c0e28a20ba4abb54.jpg,0.528720546875,0.46267680555555557,0.5805907812500001,0.8044738888888888,0.322973046875,0.7251125,2,0.7130265625,0.7232283333333333,2,0.43839281249999995,0.39500874999999996,2,0.478806953125,0.3426895833333333,2,0.519642890625,0.41564986111111113,2,0.5616071875,0.33467319444444443,2,0.6089285156249999,0.3934209722222222,2
WIN_20251004_11_45_50_Pro_mp4-0176_jpg.rf.97e05b73f825a252c7323493a11f6c42,train,4,thang,train\images\WIN_20251004_11_45_50_Pro_mp4-0176_jpg.rf.97e05b73f825a252c7323493a11f6c42.jpg,0.5314020312500001,0.5098575,0.5833357031249999,0.8986575,0.32712625,0.7368805555555555,2,0.713814453125,0.7323380555555556,2,0.43928578125,0.4077109722222222,2,0.48392859374999997,0.34578763888888886,2,0.519642890625,0.41564986111111113,2,0.56389828125,0.34081541666666665,2,0.6098214843750001,0.4092986111111111,2
WIN_20251004_11_45_50_Pro_mp4-0177_jpg.rf.7fe7658db159b8a64f4c88d7832f16ee,train,4,thang,train\images\WIN_20251004_11_45_50_Pro_mp4-0177_jpg.rf.7fe7658db159b8a64f4c88d7832f16ee.jpg,0.52938359375,0.43752222222222215,0.5524472656249999,0.7437111111111111,0.3158846875,0.7314058333333334,2,0.7281688281250001,0.7172408333333333,2,0.43957429687499994,0.40985083333333333,2,0.48511,0.3479275,2,0.52082421875,0.41302625,2,0.564211796875,0.3409041666666667,2,0.60921703125,0.39556083333333336,2
WIN_20251004_11_45_50_Pro_mp4-0178_jpg.rf.252cda6b9a324261764f610326816bba,train,4,thang,train\images\WIN_20251004_11_45_50_Pro_mp4-0178_jpg.rf.252cda6b9a324261764f610326816bba.jpg,0.52298984375,0.455382361111111,0.516406953125,0.7908416666666666,0.3310546875,0.7341431944444443,2,0.72139671875,0.7229077777777778,2,0.43680640625,0.40499222222222225,2,0.486083984375,0.3413875,2,0.526541953125,0.41519194444444446,2,0.564935859375,0.33858597222222225,2,0.6098214843750001,0.40401750000000003,2
WIN_20251004_11_46_29_Pro_mp4-0002_jpg.rf.787b82671e2766783b193e7aabdda1ce,train,4,thang,train\images\WIN_20251004_11_46_29_Pro_mp4-0002_jpg.rf.787b82671e2766783b193e7aabdda1ce.jpg,0.5331685937499999,0.5152181944444446,0.528470625,0.9164390277777777,0.33576546875,0.7322788888888889,2,0.726407109375,0.7213097222222221,2,0.453038984375,0.3981711111111111,2,0.500288515625,0.3314977777777778,2,0.53868140625,0.4029476388888889,2,0.57707421875,0.3362611111111111,2,0.6208242187499999,0.4108865277777778,2
WIN_20251004_11_46_29_Pro_mp4-0003_jpg.rf.8b0677beab83d4814f0273796a348410,train,4,thang,train\images\WIN_20251004_11_46_29_Pro_mp4-0003_jpg.rf.8b0677beab83d4814f0273796a348410.jpg,0.51860171875,0.5112980555555555,0.55515953125,0.8999645833333334,0.332536171875,0.7448854166666666,2,0.729009453125,0.7505819444444444,2,0.45267859374999997,0.39500874999999996,2,0.500410625,0.3353406944444445,2,0.5381525,0.40833624999999996,2,0.585714296875,0.3426120833333333,2,0.62232140625,0.4077109722222222,2
WIN_20251004_11_46_29_Pro_mp4-0007_jpg.rf.1aef6547ea79903b6cf9b17ee0b074b0,train,4,thang,train\images\WIN_20251004_11_46_29_Pro_mp4-0007_jpg.rf.1aef6547ea79903b6cf9b17ee0b074b0.jpg,0.531016484375,0.5240465277777777,0.5191354687499998,0.9234226388888889,0.33663937499999996,0.7476029166666667,2,0.718519765625,0.7391543055555556,2,0.45,0.3934209722222222,2,0.5,0.3330855555555555,2,0.53941484375,0.4064373611111111,2,0.5814014843749999,0.3374961111111111,2,0.62232140625,0.41564986111111113,2
WIN_20251004_11_46_29_Pro_mp4-0022_jpg.rf.1bdd34ef03f0793dd9ce5e68b9603c8c,train,4,thang,train\images\WIN_20251004_11_46_29_Pro_mp4-0022_jpg.rf.1bdd34ef03f0793dd9ce5e68b9603c8c.jpg,0.50913625,0.5034593055555556,0.4901052343750001,0.8756629166666667,0.31699992187500003,0.7489691666666667,2,0.706706640625,0.7392430555555556,2,0.420535703125,0.4029476388888889,2,0.4616071875,0.3426120833333333,2,0.5035714062500001,0.4029476388888889,2,0.5424,0.3324652777777778,2,0.58456140625,0.39506388888888894,2
WIN_20251004_11_46_29_Pro_mp4-0023_jpg.rf.d4cdb52e3562d84340fe8a1c137c9236,train,4,thang,train\images\WIN_20251004_11_46_29_Pro_mp4-0023_jpg.rf.d4cdb52e3562d84340fe8a1c137c9236.jpg,0.509999609375,0.5280684722222222,0.53986421875,0.9294626388888888,0.316994375,0.754365,2,0.695467890625,0.7421825,2,0.41407359374999997,0.4160008333333333,2,0.45328015625000007,0.33784875000000003,2,0.49167296875,0.4029476388888889,2,0.53269265625,0.3326823611111111,2,0.5818515625,0.3918331944444444,2
WIN_20251004_11_46_29_Pro_mp4-0025_jpg.rf.2ed09eb224c92540598ba5c410f405a1,train,2,nghieng_phai,train\images\WIN_20251004_11_46_29_Pro_mp4-0025_jpg.rf.2ed09eb224c92540598ba5c410f405a1.jpg,0.4877225,0.49159263888888893,0.5448814843750001,0.86572125,0.314364375,0.7693636111111111,2,0.6847201562499999,0.7301136111111111,2,0.4017528125,0.42143111111111115,2,0.431454765625,0.34686222222222224,2,0.47386585937500003,0.40508111111111106,2,0.5167596875,0.3280855555555556,2,0.564297734375,0.38357694444444446,2
WIN_20251004_11_46_29_Pro_mp4-0028_jpg.rf.a75ab69c6490cb0abd44b92341db3fb2,train,0,nga_phai,train\images\WIN_20251004_11_46_29_Pro_mp4-0028_jpg.rf.a75ab69c6490cb0abd44b92341db3fb2.jpg,0.49684460937499997,0.5296383333333333,0.5476585937500001,0.929349861111111,0.294941328125,0.8046726388888888,2,0.6796320312499999,0.7310852777777778,2,0.40829742187500007,0.35860000000000003,2,0.44802578125,0.4138102777777778,2,0.48769867187499993,0.3379886111111111,2,0.5432406249999999,0.38600291666666664,2,0.381070234375,0.42987916666666665,2
WIN_20251004_11_46_29_Pro_mp4-0029_jpg.rf.0bf661ddc20cd3b69284eccc49c52c04,train,0,nga_phai,train\images\WIN_20251004_11_46_29_Pro_mp4-0029_jpg.rf.0bf661ddc20cd3b69284eccc49c52c04.jpg,0.49562304687500003,0.4578272222222222,0.4978505468750001,0.7787269444444445,0.3011890625,0.7781427777777777,2,0.67488234375,0.723307361111111,2,0.40391679687500004,0.3570865277777778,2,0.44719625,0.4169231944444445,2,0.48502976562500005,0.3354640277777778,2,0.5408546875,0.3816731944444445,2,0.376822734375,0.4315469444444444,2
WIN_20251004_11_46_29_Pro_mp4-0030_jpg.rf.d2a1a156959bccab3587f0a5d0a61c31,train,0,nga_phai,train\images\WIN_20251004_11_46_29_Pro_mp4-0030_jpg.rf.d2a1a156959bccab3587f0a5d0a61c31.jpg,0.493123828125,0.533205,0.5364002343750001,0.93359,0.278384140625,0.8096048611111111,2,0.676150234375,0.7073568055555556,2,0.40223554687499996,0.36164874999999996,2,0.441323046875,0.4176777777777778,2,0.477672265625,0.3350843055555556,2,0.5357471874999999,0.38953499999999996,2,0.372566953125,0.43471333333333334,2
WIN_20251004_11_46_29_Pro_mp4-0031_jpg.rf.f6ab54ce827bc9b277a31717141ff48b,train,0,nga_phai,train\images\WIN_20251004_11_46_29_Pro_mp4-0031_jpg.rf.f6ab54ce827bc9b277a31717141ff48b.jpg,0.49793351562500004,0.48846430555555553,0.4971053125000001,0.7942377777777776,0.291237578125,0.8174469444444443,2,0.674038984375,0.7096008333333333,2,0.39585734375000003,0.36261041666666666,2,0.43686468749999996,0.42120416666666666,2,0.47596601562499996,0.3370866666666667,2,0.5318881249999999,0.38908611111111113,2,0.370827421875,0.4348711111111111,2
WIN_20251004_11_46_29_Pro_mp4-0040_jpg.rf.da3fd07e76430d78422db2f39e89d6c9,train,0,nga_phai,train\images\WIN_20251004_11_46_29_Pro_mp4-0040_jpg.rf.da3fd07e76430d78422db2f39e89d6c9.jpg,0.475,0.5388888888888889,0.5515625,0.9222222222222223,0.2475225,0.8337130555555556,2,0.63382234375,0.6926145833333334,2,0.330141953125,0.3795672222222223,2,0.36965109375,0.4261659722222222,2,0.40805054687500003,0.33960694444444445,2,0.47514203125,0.38213680555555557,2,0.3152271875,0.4552802777777778,2
WIN_20251004_11_46_29_Pro_mp4-0046_jpg.rf.e7ce8c002f48bd84faad448883583f95,train,0,nga_phai,train\images\WIN_20251004_11_46_29_Pro_mp4-0046_jpg.rf.e7ce8c002f48bd84faad448883583f95.jpg,0.42028390625,0.5383547222222222,0.48461867187499996,0.890134861111111,0.23652507812499998,0.8422555555555555,2,0.5927096093750001,0.6529504166666666,2,0.27926359375,0.3952218055555556,2,0.31805421875,0.4372977777777778,2,0.355785,0.35146875,2,0.431224453125,0.3860529166666667,2,0.264881484375,0.4654651388888889,2
WIN_20251004_11_46_29_Pro_mp4-0048_jpg.rf.fa99eeeaf201668ddcfa1369183fa314,train,0,nga_phai,train\images\WIN_20251004_11_46_29_Pro_mp4-0048_jpg.rf.fa99eeeaf201668ddcfa1369183fa314.jpg,0.4576925,0.548945,0.613349765625,0.8905737500000003,0.21977375000000002,0.8730666666666665,2,0.59321734375,0.6858033333333333,2,0.266529453125,0.4037001388888889,2,0.30256515624999997,0.44085874999999997,2,0.3391196875,0.3552023611111111,2,0.41591578125,0.38168305555555554,2,0.252749375,0.48272763888888887,2
WIN_20251004_11_46_29_Pro_mp4-0055_jpg.rf.6508ae1be1e8f96d415b4376d288823d,train,0,nga_phai,train\images\WIN_20251004_11_46_29_Pro_mp4-0055_jpg.rf.6508ae1be1e8f96d415b4376d288823d.jpg,0.3751228125,0.5555877777777778,0.4609879687499999,0.8759138888888891,0.19648328125,0.8880554166666667,2,0.555933203125,0.6515940277777778,2,0.22014828125000002,0.4272066666666667,2,0.25637820312500004,0.4666686111111111,2,0.292008828125,0.37557208333333336,2,0.377449765625,0.39558180555555555,2,0.21572046875,0.5103327777777777,2
WIN_20251004_11_46_29_Pro_mp4-0056_jpg.rf.27a4f94181f7f0d912346a04b0377134,train,0,nga_phai,train\images\WIN_20251004_11_46_29_Pro_mp4-0056_jpg.rf.27a4f94181f7f0d912346a04b0377134.jpg,0.45787953124999997,0.5578895833333333,0.6345090624999999,0.8842208333333333,0.19287390625,0.9054213888888889,2,0.5533946875,0.658435,2,0.21601171875,0.42998833333333336,2,0.2527465625,0.47333194444444443,2,0.29237226562499996,0.3764598611111111,2,0.373526796875,0.39746583333333335,2,0.209414375,0.5236988888888889,2
WIN_20251004_11_46_29_Pro_mp4-0059_jpg.rf.e93a54388c83cc9aa644cc7d5c6bea40,train,0,nga_phai,train\images\WIN_20251004_11_46_29_Pro_mp4-0059_jpg.rf.e93a54388c83cc9aa644cc7d5c6bea40.jpg,0.38359375,0.5604166666666667,0.5046875,0.8791666666666667,0.186234921875,0.9168984722222223,2,0.541734140625,0.6515102777777778,2,0.202994609375,0.43986736111111113,2,0.23845882812500002,0.48117402777777774,2,0.277274375,0.3797594444444445,2,0.363852734375,0.40117486111111106,2,0.20673992187499998,0.5450501388888889,2
WIN_20251004_11_46_29_Pro_mp4-0061_jpg.rf.ddeaf3fe1dec179f81fd88e3ad0af5a0,train,0,nga_phai,train\images\WIN_20251004_11_46_29_Pro_mp4-0061_jpg.rf.ddeaf3fe1dec179f81fd88e3ad0af5a0.jpg,0.417946484375,0.5630348611111111,0.59545171875,0.8739302777777778,0.18827125,0.9093129166666666,2,0.544453046875,0.6614681944444444,2,0.197396015625,0.4476897222222222,2,0.236100625,0.48604694444444446,2,0.271420546875,0.3857766666666667,2,0.355058125,0.3980281944444445,2,0.18826015625,0.5090208333333334,2
WIN_20251004_11_46_29_Pro_mp4-0071_jpg.rf.ed2a33f0252cd89026953f234c520cdf,train,0,nga_phai,train\images\WIN_20251004_11_46_29_Pro_mp4-0071_jpg.rf.ed2a33f0252cd89026953f234c520cdf.jpg,0.42553359375,0.5588509722222222,0.6031542968749999,0.8822979166666667,0.195182109375,0.90089375,2,0.5474187500000001,0.65952,2,0.20935890625,0.43420527777777773,2,0.24551671874999997,0.4803454166666667,2,0.277746015625,0.3860825,2,0.365731015625,0.39603055555555555,2,0.198466875,0.5078865277777778,2
WIN_20251004_11_46_29_Pro_mp4-0072_jpg.rf.0caba5ec0d0b2e26d2cebdcb2d04008c,train,0,nga_phai,train\images\WIN_20251004_11_46_29_Pro_mp4-0072_jpg.rf.0caba5ec0d0b2e26d2cebdcb2d04008c.jpg,0.4421875,0.5597222222222222,0.6375,0.8805555555555555,0.194044609375,0.8985065277777778,2,0.555272890625,0.6942816666666667,2,0.20996648437499998,0.44265902777777777,2,0.24837421875,0.48550944444444444,2,0.28327804687499997,0.3820677777777778,2,0.36607218750000003,0.39641527777777774,2,0.199476796875,0.5175583333333333,2
WIN_20251004_11_46_29_Pro_mp4-0073_jpg.rf.b3232d8e294264fa24569835c5db76ef,train,0,nga_phai,train\images\WIN_20251004_11_46_29_Pro_mp4-0073_jpg.rf.b3232d8e294264fa24569835c5db76ef.jpg,0.38605,0.5601787500000001,0.49975960937500014,0.8796424999999999,0.1916115625,0.9009084722222221,2,0.546095390625,0.6651426388888889,2,0.210729453125,0.44127305555555557,2,0.24505890625,0.48047375000000003,2,0.283652578125,0.3866694444444444,2,0.370133828125,0.39399861111111106,2,0.199693125,0.5147322222222221,2
WIN_20251004_11_46_29_Pro_mp4-0077_jpg.rf.6a850e8668087db17c08aaec0902126e,train,0,nga_phai,train\images\WIN_20251004_11_46_29_Pro_mp4-0077_jpg.rf.6a850e8668087db17c08aaec0902126e.jpg,0.40390249999999994,0.5431358333333333,0.49753703124999993,0.8544680555555555,0.20361882812499998,0.8866004166666667,2,0.56682515625,0.6712190277777778,2,0.23970171875,0.42665430555555556,2,0.279280234375,0.4588758333333333,2,0.314050859375,0.36837611111111107,2,0.396614765625,0.3871922222222222,2,0.22399624999999998,0.49984708333333333,2
WIN_20251004_11_46_29_Pro_mp4-0080_jpg.rf.9290a7a9f9f1c69dd732d184cc3641cd,train,0,nga_phai,train\images\WIN_20251004_11_46_29_Pro_mp4-0080_jpg.rf.9290a7a9f9f1c69dd732d184cc3641cd.jpg,0.433490390625,0.5389470833333333,0.5179050000000001,0.8642958333333334,0.22961984375000002,0.8583984722222223,2,0.5919272656250001,0.6745630555555556,2,0.274225390625,0.4014165277777778,2,0.31471671875,0.45454541666666665,2,0.3528996875,0.36217638888888887,2,0.42578679687500004,0.38618111111111114,2,0.263860546875,0.4760347222222222,2
WIN_20251004_11_46_29_Pro_mp4-0081_jpg.rf.04dc201c2eaa1cd130e6d6509f0b7e78,train,0,nga_phai,train\images\WIN_20251004_11_46_29_Pro_mp4-0081_jpg.rf.04dc201c2eaa1cd130e6d6509f0b7e78.jpg,0.45703125,0.5430555555555555,0.5765625,0.9138888888888889,0.2279940625,0.8482136111111112,2,0.60009765625,0.6805358333333333,2,0.293556875,0.39027486111111115,2,0.33092703125,0.4431423611111111,2,0.373493515625,0.35320986111111113,2,0.438390546875,0.38211208333333335,2,0.27340976562499997,0.4581755555555555,2
WIN_20251004_11_46_29_Pro_mp4-0084_jpg.rf.cce4190a25920c87c4f3e4b4b256cc28,train,0,nga_phai,train\images\WIN_20251004_11_46_29_Pro_mp4-0084_jpg.rf.cce4190a25920c87c4f3e4b4b256cc28.jpg,0.461328125,0.5326388888888889,0.57734375,0.9347222222222222,0.258716953125,0.8095062500000001,2,0.6349709375,0.6953668055555556,2,0.3517678125,0.3653970833333333,2,0.3926446875,0.42624986111111113,2,0.431499140625,0.34472166666666665,2,0.48914406250000003,0.3954683333333333,2,0.325508828125,0.4416529166666666,2
WIN_20251004_11_46_29_Pro_mp4-0090_jpg.rf.174e5b347fe4babe71210e48332a7204,train,4,thang,train\images\WIN_20251004_11_46_29_Pro_mp4-0090_jpg.rf.174e5b347fe4babe71210e48332a7204.jpg,0.501797421875,0.45587611111111115,0.4666234375,0.7666991666666667,0.30799726562499996,0.7626656944444444,2,0.68778296875,0.7456202777777777,2,0.403571484375,0.39818416666666673,2,0.45267859374999997,0.35055097222222226,2,0.48392859374999997,0.41406194444444444,2,0.5241071875000001,0.34896319444444446,2,0.57232140625,0.41406194444444444,2
WIN_20251004_11_46_29_Pro_mp4-0092_jpg.rf.500e391de5e4bb5273791a23f78bb247,train,4,thang,train\images\WIN_20251004_11_46_29_Pro_mp4-0092_jpg.rf.500e391de5e4bb5273791a23f78bb247.jpg,0.5114567187499999,0.5355568055555556,0.6093242187499999,0.9288862499999999,0.325236953125,0.7524315277777779,2,0.6979425781249999,0.7467201388888889,2,0.425892890625,0.3934209722222222,2,0.475633125,0.3490076388888889,2,0.51034546875,0.42298472222222216,2,0.55667390625,0.35565125,2,0.591964296875,0.4077109722222222,2
WIN_20251004_11_46_29_Pro_mp4-0093_jpg.rf.a692f9b0ecbc32fb37b8b6e93b3ccfa4,train,4,thang,train\images\WIN_20251004_11_46_29_Pro_mp4-0093_jpg.rf.a692f9b0ecbc32fb37b8b6e93b3ccfa4.jpg,0.5242402343750001,0.5352809722222223,0.5593170312500001,0.9294379166666666,0.32879640625,0.7408606944444445,2,0.7015353125,0.7370580555555555,2,0.4303571875,0.40453541666666665,2,0.47826312499999996,0.3459398611111111,2,0.518438203125,0.41174444444444447,2,0.562538828125,0.35178444444444446,2,0.603571484375,0.4092986111111111,2
WIN_20251004_11_46_29_Pro_mp4-0094_jpg.rf.1da476e428aa0113885f9e40b07cfa7e,train,4,thang,train\images\WIN_20251004_11_46_29_Pro_mp4-0094_jpg.rf.1da476e428aa0113885f9e40b07cfa7e.jpg,0.521137734375,0.4748966666666667,0.491216640625,0.8131191666666666,0.3125,0.7347925000000001,2,0.720753046875,0.7258670833333333,2,0.433035703125,0.39818416666666673,2,0.48159515624999993,0.34486472222222225,2,0.5201998437500001,0.4183484722222222,2,0.5665005468750001,0.3551679166666667,2,0.6008928906250001,0.41564986111111113,2
WIN_20251004_11_46_29_Pro_mp4-0107_jpg.rf.c10ac8bfa60771ede37921f5d93650d6,train,4,thang,train\images\WIN_20251004_11_46_29_Pro_mp4-0107_jpg.rf.c10ac8bfa60771ede37921f5d93650d6.jpg,0.541729609375,0.5281425000000001,0.574385625,0.9210965277777777,0.3231728125,0.7434501388888889,2,0.6980923437500001,0.7427152777777778,2,0.43125,0.39500874999999996,2,0.47575796875,0.3389411111111111,2,0.5144348437499999,0.41642986111111113,2,0.557142890625,0.3441998611111111,2,0.5946428125,0.40453541666666665,2
WIN_20251004_11_46_29_Pro_mp4-0122_jpg.rf.04025bda83d689cb77facbcc576de96f,train,0,nga_phai,train\images\WIN_20251004_11_46_29_Pro_mp4-0122_jpg.rf.04025bda83d689cb77facbcc576de96f.jpg,0.43862468750000005,0.5535172222222222,0.562701796875,0.8929654166666667,0.226606875,0.8665265277777777,2,0.5989490625,0.6843286111111111,2,0.30499265625,0.3956558333333334,2,0.345744765625,0.4385604166666667,2,0.381275546875,0.3572986111111111,2,0.44968203124999995,0.3977765277777777,2,0.288246875,0.4631076388888889,2
WIN_20251004_11_46_29_Pro_mp4-0123_jpg.rf.71764b8421ce4e58fa324ab03997e75f,train,0,nga_phai,train\images\WIN_20251004_11_46_29_Pro_mp4-0123_jpg.rf.71764b8421ce4e58fa324ab03997e75f.jpg,0.43566546875,0.5523273611111111,0.5385539843750001,0.8894683333333332,0.22302523437500002,0.8654908333333334,2,0.5917303125,0.6822325,2,0.29921375,0.40057305555555556,2,0.333104921875,0.44315222222222217,2,0.373390859375,0.36109138888888886,2,0.437685859375,0.3981119444444445,2,0.27857,0.47720861111111107,2
WIN_20251004_11_46_29_Pro_mp4-0124_jpg.rf.b7158af2bff28123be85bb9c454d717e,train,0,nga_phai,train\images\WIN_20251004_11_46_29_Pro_mp4-0124_jpg.rf.b7158af2bff28123be85bb9c454d717e.jpg,0.418176875,0.5495059722222221,0.5104608593750001,0.8913631944444446,0.217018828125,0.8675672222222223,2,0.5865756249999999,0.6599244444444444,2,0.287764140625,0.40564833333333333,2,0.3243796875,0.4495443055555555,2,0.36295390625,0.3613133333333333,2,0.43158234375,0.3943043055555555,2,0.27049390624999997,0.4872208333333333,2
WIN_20251004_11_46_29_Pro_mp4-0128_jpg.rf.742fe5f844c1be25b8f1117ea8ef2628,train,0,nga_phai,train\images\WIN_20251004_11_46_29_Pro_mp4-0128_jpg.rf.742fe5f844c1be25b8f1117ea8ef2628.jpg,0.3922740625,0.5391462499999999,0.488257265625,0.8305777777777775,0.21253000000000002,0.8980922222222222,2,0.5723321875,0.67214625,2,0.255404375,0.42529291666666663,2,0.294777578125,0.45980305555555556,2,0.330558046875,0.3744426388888889,2,0.4052290625,0.4020970833333334,2,0.24038421875,0.48986444444444444,2
WIN_20251004_11_46_29_Pro_mp4-0133_jpg.rf.c4a4ea6bc016a36b51a49b4bb11daf38,train,0,nga_phai,train\images\WIN_20251004_11_46_29_Pro_mp4-0133_jpg.rf.c4a4ea6bc016a36b51a49b4bb11daf38.jpg,0.35739703125,0.5767204166666666,0.48569351562499996,0.8465591666666666,0.185788203125,0.9247701388888889,2,0.5124928125,0.6454091666666666,2,0.193706171875,0.46471055555555557,2,0.229112109375,0.50190875,2,0.26343609375,0.401885,2,0.3493846875,0.4155519444444445,2,0.20891500000000002,0.5831656944444444,2
WIN_20251004_11_46_29_Pro_mp4-0137_jpg.rf.059cf7c0e55312bd724af55999565874,train,0,nga_phai,train\images\WIN_20251004_11_46_29_Pro_mp4-0137_jpg.rf.059cf7c0e55312bd724af55999565874.jpg,0.38990273437499995,0.5818234722222222,0.6342760937499999,0.8363530555555556,0.18700890625,0.9227776388888889,2,0.5261396875,0.6686444444444444,2,0.25963046875,0.31430319444444443,2,0.30020712515782827,0.3621751950056116,2,0.369614441813973,0.30585512392442943,2,0.4304793194970539,0.3804792181069958,2,0.18274858927819865,0.3804792181069958,2
WIN_20251004_11_46_29_Pro_mp4-0149_jpg.rf.a957a85d41b78c56f7a466a1ca2ef435,train,0,nga_phai,train\images\WIN_20251004_11_46_29_Pro_mp4-0149_jpg.rf.a957a85d41b78c56f7a466a1ca2ef435.jpg,0.403515625,0.5743055555555555,0.64609375,0.8513888888888889,0.179443359375,0.9154434722222221,2,0.529549375,0.67050875,2,0.1671725,0.4816623611111111,2,0.209816640625,0.5173265277777778,2,0.23921898437500003,0.4163904166666667,2,0.327689453125,0.4171795833333333,2,0.16587968749999998,0.55714375,2
WIN_20251004_11_46_29_Pro_mp4-0151_jpg.rf.e1bfdc53845b5ad18d75154c0eed2f04,train,4,thang,train\images\WIN_20251004_11_46_29_Pro_mp4-0151_jpg.rf.e1bfdc53845b5ad18d75154c0eed2f04.jpg,0.4194078125,0.5642301388888888,0.61121703125,0.8715397222222222,0.174333046875,0.9357638888888888,2,0.55258734375,0.6841263888888889,2,0.18501140625,0.5301254166666667,2,0.19328171875,0.4604886111111111,2,0.23554851562499998,0.5012970833333333,2,0.26218421875,0.40135986111111116,2,0.355041328125,0.40453541666666665,2
WIN_20251004_11_46_29_Pro_mp4-0152_jpg.rf.455ba42c5a233f287cf27f60aebba2dd,train,0,nga_phai,train\images\WIN_20251004_11_46_29_Pro_mp4-0152_jpg.rf.455ba42c5a233f287cf27f60aebba2dd.jpg,0.366577109375,0.5586279166666668,0.46519718749999994,0.8714336111111111,0.193445390625,0.8997691666666666,2,0.557298125,0.6553177777777778,2,0.212194296875,0.4474677777777778,2,0.25439734375,0.49143291666666666,2,0.291068359375,0.3868125,2,0.37033359374999997,0.40919944444444445,2,0.20418203125,0.5201083333333334,2
WIN_20251004_11_46_29_Pro_mp4-0156_jpg.rf.b9a95e64023fcab3378187fa07afef11,train,0,nga_phai,train\images\WIN_20251004_11_46_29_Pro_mp4-0156_jpg.rf.b9a95e64023fcab3378187fa07afef11.jpg,0.4378003125,0.5125158333333333,0.4621493750000001,0.8901105555555555,0.239796015625,0.8355626388888889,2,0.633203671875,0.7021090277777778,2,0.32886296875,0.37756472222222226,2,0.37030304687500004,0.43717944444444445,2,0.4099509375,0.34940722222222226,2,0.471421640625,0.3945805555555556,2,0.303730390625,0.4517538888888889,2
WIN_20251004_11_46_29_Pro_mp4-0162_jpg.rf.887af53301947f0855675b88471ad4ee,train,4,thang,train\images\WIN_20251004_11_46_29_Pro_mp4-0162_jpg.rf.887af53301947f0855675b88471ad4ee.jpg,0.536734140625,0.5170095833333334,0.5641346875000001,0.9229359722222225,0.311748125,0.7632081944444444,2,0.712715859375,0.7563723611111112,2,0.42772601562499996,0.3876115277777778,2,0.472611875,0.34083013888888886,2,0.5159336718749999,0.41802666666666666,2,0.56325515625,0.3513401388888889,2,0.5955727343749999,0.41361861111111115,2
WIN_20251004_11_46_29_Pro_mp4-0164_jpg.rf.7728e42c6854d782c755204c24a30862,train,4,thang,train\images\WIN_20251004_11_46_29_Pro_mp4-0164_jpg.rf.7728e42c6854d782c755204c24a30862.jpg,0.532832421875,0.48923125000000006,0.510553359375,0.8750548611111111,0.341372421875,0.74609875,2,0.732269296875,0.7402097222222223,2,0.44582421875,0.3902454166666667,2,0.49220968750000005,0.33605583333333333,2,0.536457421875,0.41101444444444446,2,0.5815385156249999,0.34896319444444446,2,0.618145625,0.4108865277777778,2
WIN_20251109_18_42_31_Pro_mp4-0000_jpg.rf.01ef3b42d8f38256f04c376fe9e7d4af,train,4,thang,train\images\WIN_20251109_18_42_31_Pro_mp4-0000_jpg.rf.01ef3b42d8f38256f04c376fe9e7d4af.jpg,0.536495546875,0.5440227777777777,0.5216518750000001,0.8324673611111111,0.332142890625,0.9030966666666667,2,0.7428571093749999,0.8697534722222222,2,0.41607140625000005,0.5061529166666666,2,0.4803571875,0.4140620833333334,2,0.528571484375,0.49662625,2,0.575,0.4029476388888889,2,0.63125,0.47439749999999997,2
WIN_20251109_18_42_31_Pro_mp4-0002_jpg.rf.a286a12067b93ecc8da3fc4bb9e36db8,train,4,thang,train\images\WIN_20251109_18_42_31_Pro_mp4-0002_jpg.rf.a286a12067b93ecc8da3fc4bb9e36db8.jpg,0.543080390625,0.5681547222222221,0.51026796875,0.8636904166666666,0.33392859375,0.9004193055555556,2,0.7508928906250001,0.9083522222222222,2,0.42857140625,0.4894922222222222,2,0.48660710937499996,0.41492236111111114,2,0.525892890625,0.48790555555555554,2,0.57142859375,0.42602847222222223,2,0.63125,0.5101179166666666,2
WIN_20251109_18_42_31_Pro_mp4-0003_jpg.rf.21b23704ee2794e9fd5540bb9e4092cc,train,4,thang,train\images\WIN_20251109_18_42_31_Pro_mp4-0003_jpg.rf.21b23704ee2794e9fd5540bb9e4092cc.jpg,0.551004453125,0.5741070833333334,0.5194196875000001,0.8517856944444445,0.33654843749999996,0.9102408333333333,2,0.747450625,0.8963329166666666,2,0.429490546875,0.49648027777777776,2,0.49210421875000004,0.42346374999999997,2,0.5331944531249999,0.49126486111111106,2,0.578198046875,0.4356331944444444,2,0.629071640625,0.4999572222222222,2
WIN_20251109_18_42_31_Pro_mp4-0004_jpg.rf.40df9cd8f3b8f1dcaaf26ce8bc2aeec6,train,4,thang,train\images\WIN_20251109_18_42_31_Pro_mp4-0004_jpg.rf.40df9cd8f3b8f1dcaaf26ce8bc2aeec6.jpg,0.549776796875,0.5780754166666666,0.5147321875000002,0.8438491666666668,0.339285703125,0.9064648611111111,2,0.7428571093749999,0.8874256944444444,2,0.43392859375,0.5066438888888889,2,0.49375,0.41938138888888893,2,0.5321428125,0.48760486111111107,2,0.57767859375,0.42890097222222223,2,0.628571484375,0.5098170833333333,2
WIN_20251109_18_42_31_Pro_mp4-0006_jpg.rf.d6b74c1511520a9816b42b43b2858ce7,train,4,thang,train\images\WIN_20251109_18_42_31_Pro_mp4-0006_jpg.rf.d6b74c1511520a9816b42b43b2858ce7.jpg,0.540625,0.5847222222222223,0.5328125,0.8305555555555556,0.3505859375,0.9008944444444444,2,0.7445025000000001,0.8824947222222222,2,0.43415617187500005,0.5103934722222222,2,0.48355101562499997,0.42778861111111105,2,0.528612421875,0.4950938888888889,2,0.5672564062500001,0.43392708333333335,2,0.620705703125,0.5276072222222222,2
WIN_20251109_18_42_31_Pro_mp4-0007_jpg.rf.740576be1353421dbe1d5f8879c5ec74,train,4,thang,train\images\WIN_20251109_18_42_31_Pro_mp4-0007_jpg.rf.740576be1353421dbe1d5f8879c5ec74.jpg,0.547991171875,0.5707966666666665,0.49508953125,0.7852706944444444,0.354464296875,0.9110355555555556,2,0.7401786718750001,0.8856311111111111,2,0.4178571875,0.5125040277777778,2,0.46875,0.4474052777777778,2,0.514285703125,0.5013895833333333,2,0.5553571875000001,0.4331152777777778,2,0.6151786718750001,0.49186291666666665,2
WIN_20251109_18_42_31_Pro_mp4-0008_jpg.rf.39d44b86713187cdbd3cb6c3f44eb901,train,4,thang,train\images\WIN_20251109_18_42_31_Pro_mp4-0008_jpg.rf.39d44b86713187cdbd3cb6c3f44eb901.jpg,0.5589285937499999,0.5879959722222222,0.4928571093749999,0.8240079166666667,0.34642859375,0.9060376388888888,2,0.76428578125,0.9012779166666667,2,0.414285703125,0.5363619444444445,2,0.45089289062500004,0.4522726388888889,2,0.49464289062500005,0.5062166666666666,2,0.5321428125,0.4300602777777778,2,0.60178578125,0.49193736111111114,2
WIN_20251109_18_42_31_Pro_mp4-0011_jpg.rf.4ec65905160870f17650ecdfca7faae7,train,2,nghieng_phai,train\images\WIN_20251109_18_42_31_Pro_mp4-0011_jpg.rf.4ec65905160870f17650ecdfca7faae7.jpg,0.544196484375,0.5888555555555556,0.504464296875,0.730099722222222,0.354464296875,0.9237377777777778,2,0.7475446875,0.8808679166666668,2,0.37321429687499996,0.5807784722222222,2,0.3875,0.51091625,2,0.43125,0.5299695833333333,2,0.4625,0.4410541666666667,2,0.559821484375,0.46169527777777775,2
WIN_20251109_18_42_31_Pro_mp4-0012_jpg.rf.53214afee691e88c52623dc2e5841b5d,train,2,nghieng_phai,train\images\WIN_20251109_18_42_31_Pro_mp4-0012_jpg.rf.53214afee691e88c52623dc2e5841b5d.jpg,0.5354910937499999,0.6053570833333334,0.5754464062500001,0.7892856944444445,0.35267859375,0.9387501388888888,2,0.74732140625,0.881573611111111,2,0.39375,0.6338088888888889,2,0.3875,0.5353381944444444,2,0.416964296875,0.5575734722222222,2,0.44285710937499995,0.4575147222222222,2,0.54375,0.46227944444444447,2
WIN_20251109_18_42_31_Pro_mp4-0013_jpg.rf.717eb64209afcc7385b5a08789cd9d21,train,2,nghieng_phai,train\images\WIN_20251109_18_42_31_Pro_mp4-0013_jpg.rf.717eb64209afcc7385b5a08789cd9d21.jpg,0.5494421093749999,0.6166954166666666,0.5154019531249999,0.7666091666666668,0.3625,0.9332644444444443,2,0.7357143749999999,0.8491123611111111,2,0.350000078125,0.6348118055555556,2,0.35803578125,0.5538351388888889,2,0.414285703125,0.5696640277777778,2,0.43571429687499996,0.47439749999999997,2,0.5321428125,0.4442297222222222,2
WIN_20251109_18_42_31_Pro_mp4-0015_jpg.rf.a156d0e53dd127dced850952911a5260,train,2,nghieng_phai,train\images\WIN_20251109_18_42_31_Pro_mp4-0015_jpg.rf.a156d0e53dd127dced850952911a5260.jpg,0.5421875,0.6215277777777778,0.51875,0.7569444444444444,0.349107109375,0.93026375,2,0.7616071875,0.8683866666666666,2,0.370535703125,0.6430908333333333,2,0.36875,0.5748673611111111,2,0.39910718749999996,0.5891465277777778,2,0.422321484375,0.48125847222222223,2,0.529464296875,0.46221930555555557,2
WIN_20251109_18_42_31_Pro_mp4-0016_jpg.rf.2e02c49b315d5a026bfe61c807a59b16,train,2,nghieng_phai,train\images\WIN_20251109_18_42_31_Pro_mp4-0016_jpg.rf.2e02c49b315d5a026bfe61c807a59b16.jpg,0.534765625,0.6145833333333334,0.51015625,0.7708333333333334,0.35267859375,0.9255038888888889,2,0.75892859375,0.8652136111111111,2,0.379464296875,0.6383309722222222,2,0.37767859375,0.56376125,2,0.410714296875,0.5732806944444444,2,0.43392859375,0.4780852777777778,2,0.537500078125,0.4606327777777778,2
WIN_20251109_18_42_31_Pro_mp4-0017_jpg.rf.8bde4adcb6caafab939eb1eb9467db04,train,2,nghieng_phai,train\images\WIN_20251109_18_42_31_Pro_mp4-0017_jpg.rf.8bde4adcb6caafab939eb1eb9467db04.jpg,0.5577008593749999,0.6037461111111112,0.5060265625,0.7828830555555555,0.35892859375,0.9285011111111111,2,0.736607109375,0.8618144444444444,2,0.3616071875,0.5680761111111111,2,0.3866071875,0.5204429166666666,2,0.41875,0.5347329166666667,2,0.46517859375,0.45851972222222226,2,0.5633928125,0.4632830555555556,2
WIN_20251109_18_42_31_Pro_mp4-0018_jpg.rf.28e5b99a17ab1fc23a9f4257257d11af,train,2,nghieng_phai,train\images\WIN_20251109_18_42_31_Pro_mp4-0018_jpg.rf.28e5b99a17ab1fc23a9f4257257d11af.jpg,0.5498884375,0.6047661111111111,0.4859375,0.7904677777777778,0.354464296875,0.92215,2,0.736607109375,0.8697533333333334,2,0.4,0.53949625,2,0.43214289062500005,0.4855118055555555,2,0.46517859375,0.5172673611111112,2,0.506250078125,0.43787861111111115,2,0.582142890625,0.4775729166666667,2
WIN_20251109_18_42_31_Pro_mp4-0019_jpg.rf.9c1fcdfe73c04a931e0fca16beb175f2,train,4,thang,train\images\WIN_20251109_18_42_31_Pro_mp4-0019_jpg.rf.9c1fcdfe73c04a931e0fca16beb175f2.jpg,0.5383928124999999,0.5878694444444444,0.50535703125,0.8051097222222222,0.350000078125,0.9205622222222222,2,0.729464296875,0.8729290277777778,2,0.414285703125,0.5410840277777778,2,0.458035703125,0.45851972222222226,2,0.49821429687499996,0.5236184722222222,2,0.5383928906250001,0.43470305555555555,2,0.60178578125,0.47280972222222223,2
WIN_20251109_18_42_31_Pro_mp4-0020_jpg.rf.8b4b723e21138c770aefea4eb69cf831,train,4,thang,train\images\WIN_20251109_18_42_31_Pro_mp4-0020_jpg.rf.8b4b723e21138c770aefea4eb69cf831.jpg,0.547265625,0.5993055555555555,0.49453125,0.8013888888888889,0.341071484375,0.9191575000000001,2,0.741964375,0.8937720833333334,2,0.4303571875,0.5288561111111112,2,0.4803571875,0.4431802777777778,2,0.514285703125,0.5082304166666667,2,0.5580357031250001,0.4526997222222222,2,0.611607109375,0.5129902777777778,2
WIN_20251109_18_42_31_Pro_mp4-0021_jpg.rf.4f65ce73862224610f5dd56dc23f5a00,train,4,thang,train\images\WIN_20251109_18_42_31_Pro_mp4-0021_jpg.rf.4f65ce73862224610f5dd56dc23f5a00.jpg,0.54486609375,0.6048611111111111,0.49598218749999995,0.7902777777777777,0.3446428125,0.9255038888888889,2,0.7464285937499999,0.9159844444444444,2,0.434821484375,0.5304427777777777,2,0.49107140625,0.44476680555555553,2,0.5276785937499999,0.5129902777777778,2,0.5696428906250001,0.4590461111111111,2,0.616964375,0.5098170833333333,2
WIN_20251109_18_42_31_Pro_mp4-0022_jpg.rf.ee3cc790f8b211b794d530d563f61854,train,4,thang,train\images\WIN_20251109_18_42_31_Pro_mp4-0022_jpg.rf.ee3cc790f8b211b794d530d563f61854.jpg,0.5454471875,0.60515875,0.5150015625,0.7896825000000001,0.35168023437499996,0.92995875,2,0.747793984375,0.9150002777777778,2,0.437255859375,0.5219416666666666,2,0.485909609375,0.4540783333333333,2,0.5308096875,0.5106181944444445,2,0.570648203125,0.44923430555555555,2,0.615404375,0.5316065277777778,2
WIN_20251109_18_42_31_Pro_mp4-0024_jpg.rf.908cbfaab93849909742e74c5e5e7840,train,4,thang,train\images\WIN_20251109_18_42_31_Pro_mp4-0024_jpg.rf.908cbfaab93849909742e74c5e5e7840.jpg,0.548102734375,0.5979166666666667,0.49129468749999994,0.8041666666666667,0.348214296875,0.9112245833333332,2,0.7508928906250001,0.9001184722222222,2,0.43928578125,0.5209231944444445,2,0.49464289062500005,0.44476680555555553,2,0.5303571875,0.5050572222222223,2,0.575892890625,0.44794,2,0.6241071875,0.5177499999999999,2
WIN_20251109_18_42_31_Pro_mp4-0025_jpg.rf.3dd8ee0ec2aef3ab1e85480ad28f32f6,train,4,thang,train\images\WIN_20251109_18_42_31_Pro_mp4-0025_jpg.rf.3dd8ee0ec2aef3ab1e85480ad28f32f6.jpg,0.54587046875,0.5807279166666667,0.5042410937499999,0.7431793055555558,0.36517859375,0.9038894444444444,2,0.72678578125,0.8864238888888889,2,0.43906234375000003,0.5220306944444444,2,0.49352671875,0.4410541666666667,2,0.5381696093749999,0.5061529166666666,2,0.57477671875,0.4474052777777778,2,0.62477671875,0.49662625,2
WIN_20251109_18_42_31_Pro_mp4-0026_jpg.rf.b7cfe5309d92c97105e590dfbc438b73,train,3,nghieng_trai,train\images\WIN_20251109_18_42_31_Pro_mp4-0026_jpg.rf.b7cfe5309d92c97105e590dfbc438b73.jpg,0.5474984375,0.60515875,0.521336171875,0.7896825000000001,0.34813148437499997,0.9292225000000001,2,0.73988125,0.9129775,2,0.4533865625,0.5116490277777778,2,0.5133405468750001,0.4385075,2,0.561615,0.5221819444444444,2,0.5965096875,0.4584030555555556,2,0.63356234375,0.5330248611111111,2
WIN_20251109_18_42_31_Pro_mp4-0027_jpg.rf.b4fd302d1a36116e37810580eae24b13,train,3,nghieng_trai,train\images\WIN_20251109_18_42_31_Pro_mp4-0027_jpg.rf.b4fd302d1a36116e37810580eae24b13.jpg,0.5549108593749998,0.5936822222222222,0.4973214843749999,0.8126355555555557,0.356473203125,0.9046844444444444,2,0.740401796875,0.8999702777777778,2,0.4662946875,0.49032430555555556,2,0.5412946875,0.4395155555555555,2,0.58772328125,0.5252554166666666,2,0.6234375,0.4775729166666667,2,0.652008984375,0.53949625,2
WIN_20251109_18_42_31_Pro_mp4-0028_jpg.rf.2d9a3656579ec2b066503c576767ea6c,train,3,nghieng_trai,train\images\WIN_20251109_18_42_31_Pro_mp4-0028_jpg.rf.2d9a3656579ec2b066503c576767ea6c.jpg,0.552566953125,0.5962070833333333,0.50200890625,0.7503279166666668,0.366964296875,0.9062722222222221,2,0.729464296875,0.87928,2,0.47589289062500006,0.49186291666666665,2,0.560714296875,0.4410541666666667,2,0.5973214062500001,0.5172673611111112,2,0.6401785156249999,0.4886873611111111,2,0.66517859375,0.5363206944444444,2
WIN_20251109_18_42_31_Pro_mp4-0029_jpg.rf.c93b9fe5b212bba9ef0c330cbd400d8a,train,3,nghieng_trai,train\images\WIN_20251109_18_42_31_Pro_mp4-0029_jpg.rf.c93b9fe5b212bba9ef0c330cbd400d8a.jpg,0.5546875,0.6069444444444444,0.528125,0.7861111111111111,0.36527796874999996,0.9143570833333333,2,0.7557765625,0.9179919444444444,2,0.49543976562500003,0.4776940277777778,2,0.58428515625,0.45878291666666665,2,0.615740078125,0.5483011111111111,2,0.652766640625,0.5140981944444444,2,0.66624671875,0.5817056944444444,2
WIN_20251109_18_42_31_Pro_mp4-0030_jpg.rf.1c727251825019ec0a961bfebed8b45e,train,3,nghieng_trai,train\images\WIN_20251109_18_42_31_Pro_mp4-0030_jpg.rf.1c727251825019ec0a961bfebed8b45e.jpg,0.56316953125,0.5779465277777779,0.51651796875,0.7741468055555556,0.3741071875,0.9015088888888889,2,0.7303571875,0.8888068055555556,2,0.5116071875,0.4664586111111111,2,0.6053571875,0.4680463888888889,2,0.6303571875,0.5537862499999999,2,0.67053578125,0.5267940277777777,2,0.6883928906250001,0.5696640277777778,2
WIN_20251109_18_42_31_Pro_mp4-0031_jpg.rf.34cc14f7489d14ca76e12bcec7cd315e,train,3,nghieng_trai,train\images\WIN_20251109_18_42_31_Pro_mp4-0031_jpg.rf.34cc14f7489d14ca76e12bcec7cd315e.jpg,0.564453125,0.6131944444444445,0.48046875,0.7736111111111111,0.36607140625,0.8858391666666667,2,0.759821484375,0.9032916666666667,2,0.525892890625,0.47649861111111114,2,0.626785703125,0.48443166666666665,2,0.648214375,0.5907331944444445,2,0.689285703125,0.56376125,2,0.689285703125,0.6303980555555555,2
WIN_20251109_18_42_31_Pro_mp4-0032_jpg.rf.c8cfae66b67e2899eae581feb7a11c10,train,3,nghieng_trai,train\images\WIN_20251109_18_42_31_Pro_mp4-0032_jpg.rf.c8cfae66b67e2899eae581feb7a11c10.jpg,0.5607142187499999,0.6167658333333332,0.4839285156249999,0.7664681944444444,0.36785718749999996,0.8874256944444444,2,0.75892859375,0.9080515277777778,2,0.53392859375,0.46221930555555557,2,0.63928578125,0.4923645833333333,2,0.6633928906250001,0.6002527777777777,2,0.700892890625,0.5780405555555556,2,0.6883928906250001,0.663716388888889,2
WIN_20251109_18_42_31_Pro_mp4-0033_jpg.rf.c9865f59c2f866e9a5eb4d2e06f0c823,train,3,nghieng_trai,train\images\WIN_20251109_18_42_31_Pro_mp4-0033_jpg.rf.c9865f59c2f866e9a5eb4d2e06f0c823.jpg,0.55859375,0.5902777777777778,0.559375,0.8194444444444444,0.36875,0.8911030555555556,2,0.75625,0.9022206944444444,2,0.536607109375,0.46069111111111116,2,0.63928578125,0.49086763888888885,2,0.65625,0.6052206944444444,2,0.700892890625,0.5734558333333333,2,0.6866071875,0.6671618055555555,2
WIN_20251109_18_42_31_Pro_mp4-0034_jpg.rf.0c7cbf56f19b05a9600daf64efaa3ccb,train,3,nghieng_trai,train\images\WIN_20251109_18_42_31_Pro_mp4-0034_jpg.rf.0c7cbf56f19b05a9600daf64efaa3ccb.jpg,0.566517890625,0.5886658333333333,0.497321484375,0.7685861111111111,0.37388390625,0.8816581944444445,2,0.756026796875,0.9245280555555556,2,0.533705390625,0.4736,2,0.6167410156249999,0.47518777777777776,2,0.650669609375,0.5799809722222222,2,0.6881696093749999,0.560927638888889,2,0.70424109375,0.6022097222222222,2
WIN_20251109_18_42_31_Pro_mp4-0035_jpg.rf.9710ad85563a9ce1c630048daf541412,train,3,nghieng_trai,train\images\WIN_20251109_18_42_31_Pro_mp4-0035_jpg.rf.9710ad85563a9ce1c630048daf541412.jpg,0.5567670312499999,0.6170634722222222,0.5220162499999998,0.7658730555555555,0.37406265625,0.9023825000000001,2,0.7564784375,0.8999333333333334,2,0.51531546875,0.4807090277777778,2,0.605446953125,0.4773608333333333,2,0.635450078125,0.5840541666666667,2,0.669987265625,0.5408529166666667,2,0.684278203125,0.6077241666666666,2
WIN_20251109_18_42_31_Pro_mp4-0036_jpg.rf.32ee9a6c04ba08221ffed3ec7f1d9f9e,train,3,nghieng_trai,train\images\WIN_20251109_18_42_31_Pro_mp4-0036_jpg.rf.32ee9a6c04ba08221ffed3ec7f1d9f9e.jpg,0.560610078125,0.6081348611111111,0.5207737499999999,0.7837301388888889,0.36668617187499997,0.9119698611111111,2,0.764971015625,0.9047154166666667,2,0.48893953124999995,0.4827706944444444,2,0.5665021875,0.4520631944444444,2,0.60422625,0.5445343055555556,2,0.64048546875,0.4997984722222222,2,0.662750234375,0.5635540277777777,2
WIN_20251109_18_42_31_Pro_mp4-0038_jpg.rf.08d0b8884625993220e467440a491449,train,4,thang,train\images\WIN_20251109_18_42_31_Pro_mp4-0038_jpg.rf.08d0b8884625993220e467440a491449.jpg,0.554464296875,0.6058531944444444,0.49285710937499994,0.7882936111111112,0.3553571875,0.9064648611111111,2,0.75625,0.8969454166666667,2,0.45,0.5161634722222223,2,0.51517859375,0.44794,2,0.55267859375,0.5145768055555555,2,0.5866071875000001,0.46539250000000004,2,0.6258928906250001,0.5304427777777777,2
WIN_20251109_18_42_31_Pro_mp4-0039_jpg.rf.bc1f248e4705690df6e6313e082bb870,train,4,thang,train\images\WIN_20251109_18_42_31_Pro_mp4-0039_jpg.rf.bc1f248e4705690df6e6313e082bb870.jpg,0.546093828125,0.5886669444444445,0.4970982812500001,0.7654083333333334,0.36875,0.9110355555555556,2,0.72142859375,0.8888068055555556,2,0.43214289062500005,0.5220306944444444,2,0.49017859374999995,0.44264194444444444,2,0.5276785937499999,0.5077406944444445,2,0.5696428906250001,0.4489930555555555,2,0.6151786718750001,0.5156795833333334,2
WIN_20251109_18_42_31_Pro_mp4-0040_jpg.rf.6b6ce35603748a32e6409237dd94f29c,train,4,thang,train\images\WIN_20251109_18_42_31_Pro_mp4-0040_jpg.rf.6b6ce35603748a32e6409237dd94f29c.jpg,0.541517890625,0.6018848611111112,0.484821484375,0.7962301388888889,0.3446428125,0.9239173611111111,2,0.7455357031250001,0.9064648611111111,2,0.423214296875,0.5352025,2,0.4803571875,0.4495265277777778,2,0.5125,0.5082304166666667,2,0.55267859375,0.4463533333333333,2,0.603571484375,0.5240963888888889,2
WIN_20251109_18_42_31_Pro_mp4-0041_jpg.rf.72188310b88ef340130cd51ce8ace8de,train,4,thang,train\images\WIN_20251109_18_42_31_Pro_mp4-0041_jpg.rf.72188310b88ef340130cd51ce8ace8de.jpg,0.548214296875,0.6038690277777778,0.4982142968749999,0.7922619444444444,0.34017859375000004,0.91834125,2,0.7303571875,0.8977155555555555,2,0.420535703125,0.5454922222222222,2,0.46696429687499996,0.4487102777777778,2,0.505357109375,0.5010676388888889,2,0.5428571875,0.4487102777777778,2,0.60267859375,0.5343861111111111,2
WIN_20251109_18_42_31_Pro_mp4-0042_jpg.rf.8aeeb7c2ab0170fe0f3a5905449a4ba3,train,4,thang,train\images\WIN_20251109_18_42_31_Pro_mp4-0042_jpg.rf.8aeeb7c2ab0170fe0f3a5905449a4ba3.jpg,0.54765625,0.6076388888888888,0.4828125,0.7847222222222222,0.3428571875,0.9176994444444445,2,0.741964375,0.8875543055555555,2,0.42142859374999997,0.5400908333333334,2,0.466071484375,0.45282819444444444,2,0.50982140625,0.49566625000000003,2,0.544642890625,0.44489527777777776,2,0.6,0.53057125,2
WIN_20251109_18_42_31_Pro_mp4-0043_jpg.rf.a5db166b46f24c2b5b126d1606eb1606,train,4,thang,train\images\WIN_20251109_18_42_31_Pro_mp4-0043_jpg.rf.a5db166b46f24c2b5b126d1606eb1606.jpg,0.54375,0.6097222222222223,0.5703125,0.7805555555555556,0.34642859375,0.9323972222222222,2,0.73303578125,0.8958677777777778,2,0.423214296875,0.5305734722222222,2,0.451785703125,0.4495734722222222,2,0.505357109375,0.5035734722222223,2,0.54642859375,0.4400440277777778,2,0.601785859375,0.5003970833333333,2
WIN_20251109_18_42_31_Pro_mp4-0044_jpg.rf.a395c7c1f43f4b4189da15df40123fe4,train,4,thang,train\images\WIN_20251109_18_42_31_Pro_mp4-0044_jpg.rf.a395c7c1f43f4b4189da15df40123fe4.jpg,0.542578125,0.6138888888888889,0.51171875,0.7722222222222223,0.34565078125,0.9122333333333333,2,0.728315078125,0.8855948611111111,2,0.41710554687499996,0.539605,2,0.45992609375000004,0.4509858333333333,2,0.49772429687499997,0.5058748611111111,2,0.536032578125,0.44711833333333334,2,0.5950971093749999,0.5249798611111112,2
WIN_20251109_18_42_31_Pro_mp4-0048_jpg.rf.0db1c6b08ed2f809879a71fd98d6b305,train,2,nghieng_phai,train\images\WIN_20251109_18_42_31_Pro_mp4-0048_jpg.rf.0db1c6b08ed2f809879a71fd98d6b305.jpg,0.49955359374999997,0.58452375,0.597321484375,0.8309523611111111,0.34017859375000004,0.9276325,2,0.71875,0.8561618055555555,2,0.39375,0.5829852777777778,2,0.40446429687499996,0.48769111111111113,2,0.451785703125,0.5226323611111111,2,0.483035703125,0.44480875,2,0.560714296875,0.4845147222222222,2
WIN_20251109_18_42_31_Pro_mp4-0050_jpg.rf.7c78a60cd3282b106e62807effd2b363,train,2,nghieng_phai,train\images\WIN_20251109_18_42_31_Pro_mp4-0050_jpg.rf.7c78a60cd3282b106e62807effd2b363.jpg,0.52544640625,0.6202380555555554,0.5241071093749999,0.7595237499999999,0.34017859375000004,0.9276325,2,0.698214296875,0.8466324999999999,2,0.350000078125,0.6274559722222223,2,0.351785703125,0.5194558333333333,2,0.39375,0.5464558333333334,2,0.425,0.46069111111111116,2,0.5160714843750001,0.5003970833333333,2
WIN_20251109_18_42_31_Pro_mp4-0051_jpg.rf.81ddc62b8ce707457400bbeb1c367377,train,0,nga_phai,train\images\WIN_20251109_18_42_31_Pro_mp4-0051_jpg.rf.81ddc62b8ce707457400bbeb1c367377.jpg,0.5015625,0.6208333333333333,0.4921875,0.7583333333333333,0.317857109375,0.93644,2,0.6732143749999999,0.8205323611111112,2,0.333035703125,0.5426718055555556,2,0.36875,0.5633129166666667,2,0.391071484375,0.47280972222222223,2,0.49107140625,0.4855118055555555,2,0.320535703125,0.6172972222222223,2
WIN_20251109_18_42_31_Pro_mp4-0052_jpg.rf.c8d41599146328cf2403d8879c9ea2cd,train,0,nga_phai,train\images\WIN_20251109_18_42_31_Pro_mp4-0052_jpg.rf.c8d41599146328cf2403d8879c9ea2cd.jpg,0.478124921875,0.6303627777777778,0.48124984375,0.7392744444444445,0.31607140624999996,0.9666076388888889,2,0.6616071875,0.8252956944444444,2,0.30625,0.5633129166666667,2,0.3758928125,0.4791608333333333,2,0.34196429687499996,0.5728394444444445,2,0.466071484375,0.4791608333333333,2,0.29017859375,0.6204727777777778,2
WIN_20251109_18_42_31_Pro_mp4-0053_jpg.rf.0e0c82813be5f01bfdef189b6919d031,train,0,nga_phai,train\images\WIN_20251109_18_42_31_Pro_mp4-0053_jpg.rf.0e0c82813be5f01bfdef189b6919d031.jpg,0.465234375,0.6354166666666666,0.53359375,0.7291666666666666,0.2928571875,1.0,2,0.6607142968749999,0.8255487499999999,2,0.289285703125,0.5780405555555556,2,0.316964296875,0.5907331944444445,2,0.34642859375,0.5018840277777777,2,0.45089289062500004,0.5034706944444445,2,0.287500078125,0.663716388888889,2
WIN_20251109_18_42_31_Pro_mp4-0054_jpg.rf.f9a4c6e541d15034f93c4b0171db1d82,train,0,nga_phai,train\images\WIN_20251109_18_42_31_Pro_mp4-0054_jpg.rf.f9a4c6e541d15034f93c4b0171db1d82.jpg,0.43549109374999995,0.6375991666666666,0.5272321874999999,0.7248015277777777,0.2928571875,0.976275,2,0.65089296875,0.8271352777777778,2,0.269642890625,0.5954930555555555,2,0.30357140625,0.5986661111111111,2,0.329464296875,0.5066438888888889,2,0.4303571875,0.5034706944444445,2,0.26517859375,0.6589568055555556,2
WIN_20251109_18_42_31_Pro_mp4-0055_jpg.rf.fc7ef6e474a061531584aa9a4b82c705,train,0,nga_phai,train\images\WIN_20251109_18_42_31_Pro_mp4-0055_jpg.rf.fc7ef6e474a061531584aa9a4b82c705.jpg,0.41629460937499996,0.5805555555555556,0.69419640625,0.8388888888888889,0.301785703125,0.9689265277777779,2,0.6241071875,0.8037501388888889,2,0.25357140624999996,0.6211030555555556,2,0.286607109375,0.6242794444444445,2,0.307142890625,0.5273970833333333,2,0.40892859374999996,0.5083381944444444,2,0.275,0.7179852777777778,2
WIN_20251109_18_42_31_Pro_mp4-0056_jpg.rf.bb5fd56ccaf1ef10e457a93b9cd2d9e2,train,0,nga_phai,train\images\WIN_20251109_18_42_31_Pro_mp4-0056_jpg.rf.bb5fd56ccaf1ef10e457a93b9cd2d9e2.jpg,0.445089296875,0.6430555555555556,0.6401785156249999,0.7138888888888889,0.2928571875,0.9911618055555554,2,0.6294642968749999,0.7910441666666667,2,0.23928570312500003,0.6496912499999999,2,0.286607109375,0.6481029166666666,2,0.30535718749999996,0.5337500000000001,2,0.40089289062500005,0.5146911111111111,2,0.266964296875,0.7402206944444444,2
WIN_20251109_18_42_31_Pro_mp4-0057_jpg.rf.033de5344ae94cd859b884b6d612fa7f,train,0,nga_phai,train\images\WIN_20251109_18_42_31_Pro_mp4-0057_jpg.rf.033de5344ae94cd859b884b6d612fa7f.jpg,0.45085140625,0.6567459722222222,0.5825064843749999,0.6865079166666667,0.305908203125,0.9891802777777777,2,0.6305890625,0.8180648611111111,2,0.2426321875,0.6396638888888889,2,0.27764890625,0.6482669444444444,2,0.298470625,0.5491226388888889,2,0.40170289062500003,0.5202675,2,0.249825625,0.7145027777777778,2
WIN_20251109_18_42_31_Pro_mp4-0058_jpg.rf.3b1a8b306196130a34882015d35d76f3,train,0,nga_phai,train\images\WIN_20251109_18_42_31_Pro_mp4-0058_jpg.rf.3b1a8b306196130a34882015d35d76f3.jpg,0.44671632812500006,0.6566918055555556,0.585396875,0.682431111111111,0.30879429687500004,0.9808097222222222,2,0.628034296875,0.8094230555555555,2,0.24670843750000002,0.6461743055555556,2,0.27419171875,0.6462054166666666,2,0.295658671875,0.5534473611111111,2,0.4023525,0.5144159722222222,2,0.24936351562499998,0.7160295833333333,2
WIN_20251109_18_42_31_Pro_mp4-0059_jpg.rf.ba029efd81dfe2cb6b299830aad73589,train,0,nga_phai,train\images\WIN_20251109_18_42_31_Pro_mp4-0059_jpg.rf.ba029efd81dfe2cb6b299830aad73589.jpg,0.426339296875,0.6271824999999999,0.64732140625,0.745634861111111,0.294642890625,0.9800443055555556,2,0.628571484375,0.8164559722222222,2,0.2428571875,0.6369854166666666,2,0.29017859375,0.6449266666666666,2,0.308035703125,0.5432794444444444,2,0.40982140625,0.5083381944444444,2,0.27232140625,0.7354559722222221,2
WIN_20251109_18_42_31_Pro_mp4-0061_jpg.rf.251023c5490a2f78756c814e710829e5,train,0,nga_phai,train\images\WIN_20251109_18_42_31_Pro_mp4-0061_jpg.rf.251023c5490a2f78756c814e710829e5.jpg,0.50546875,0.6180555555555556,0.5828125,0.7638888888888888,0.308035703125,0.9736912499999999,2,0.6419643749999999,0.8466324999999999,2,0.30625,0.5543970833333334,2,0.348214296875,0.5845736111111111,2,0.380357109375,0.4940440277777778,2,0.46964281249999995,0.5162794444444445,2,0.307142890625,0.6528677777777777,2
WIN_20251109_18_42_31_Pro_mp4-0062_jpg.rf.d4be11f025b760cab0daa43063f8df89,train,0,nga_phai,train\images\WIN_20251109_18_42_31_Pro_mp4-0062_jpg.rf.d4be11f025b760cab0daa43063f8df89.jpg,0.496484375,0.6236111111111111,0.57265625,0.7527777777777778,0.319642890625,0.9578088888888888,2,0.6714285156249999,0.83869125,2,0.350892890625,0.5019852777777778,2,0.39375,0.5512205555555556,2,0.43571429687499996,0.4845147222222222,2,0.50892859375,0.5162794444444445,2,0.3428571875,0.6131619444444445,2
WIN_20251109_18_42_31_Pro_mp4-0063_jpg.rf.0f961a955d7c85ecfc4a79f0a2b43092,train,2,nghieng_phai,train\images\WIN_20251109_18_42_31_Pro_mp4-0063_jpg.rf.0f961a955d7c85ecfc4a79f0a2b43092.jpg,0.53169640625,0.6162441666666666,0.47232140625,0.7420091666666666,0.341071484375,0.950729861111111,2,0.7035714843750001,0.864990138888889,2,0.379464296875,0.5601372222222223,2,0.414285703125,0.4855118055555555,2,0.45267859374999997,0.5299695833333333,2,0.49017859374999995,0.46487083333333334,2,0.5580357031250001,0.5077406944444445,2
WIN_20251109_18_42_31_Pro_mp4-0064_jpg.rf.ee1a8563f4778fac0653212d292b570e,train,4,thang,train\images\WIN_20251109_18_42_31_Pro_mp4-0064_jpg.rf.ee1a8563f4778fac0653212d292b570e.jpg,0.545758984375,0.6168398611111111,0.490625078125,0.7630468055555555,0.357142890625,0.9380277777777778,2,0.7196428906250001,0.8808679166666668,2,0.412500078125,0.5474351388888888,2,0.45892859374999995,0.4601075,2,0.5008928125,0.52520625,2,0.54017859375,0.45534416666666666,2,0.591071484375,0.5299695833333333,2
WIN_20251109_18_42_31_Pro_mp4-0065_jpg.rf.01583eeef0d6473c6d35f7218758d5c5,train,4,thang,train\images\WIN_20251109_18_42_31_Pro_mp4-0065_jpg.rf.01583eeef0d6473c6d35f7218758d5c5.jpg,0.560714296875,0.608899861111111,0.48571437500000003,0.7566980555555555,0.36607140625,0.9062722222222221,2,0.7339285156249999,0.8761044444444445,2,0.43928578125,0.5220306944444444,2,0.49910718750000005,0.4521686111111111,2,0.537500078125,0.5267940277777777,2,0.5785714843750001,0.4632830555555556,2,0.626785703125,0.4998018055555556,2
WIN_20251109_18_42_31_Pro_mp4-0066_jpg.rf.f56b5dbb742b36959db8f1dffb86df41,train,4,thang,train\images\WIN_20251109_18_42_31_Pro_mp4-0066_jpg.rf.f56b5dbb742b36959db8f1dffb86df41.jpg,0.57075890625,0.5926350000000001,0.5031250781249998,0.7542959722222223,0.381250078125,0.9078600000000001,2,0.748214296875,0.8999211111111112,2,0.4616071875,0.5236184722222222,2,0.519642890625,0.4569319444444444,2,0.5633928125,0.5172673611111112,2,0.6053571875,0.4775729166666667,2,0.642857109375,0.5442595833333334,2
WIN_20251109_18_42_31_Pro_mp4-0067_jpg.rf.6bf77463ff8492b284e95c0aa65b41f4,train,4,thang,train\images\WIN_20251109_18_42_31_Pro_mp4-0067_jpg.rf.6bf77463ff8492b284e95c0aa65b41f4.jpg,0.6095982031249999,0.5746031944444444,0.5093749999999999,0.8507936111111112,0.392857109375,0.9038088888888889,2,0.770535703125,0.9276325,2,0.46964281249999995,0.5162794444444445,2,0.53303578125,0.4511616666666667,2,0.57767859375,0.5305734722222222,2,0.611607109375,0.4733970833333333,2,0.648214375,0.56869125,2
WIN_20251109_18_42_31_Pro_mp4-0069_jpg.rf.c3fbe6c250fe279c5ecdb242a47292e2,train,4,thang,train\images\WIN_20251109_18_42_31_Pro_mp4-0069_jpg.rf.c3fbe6c250fe279c5ecdb242a47292e2.jpg,0.571651796875,0.6127976388888888,0.4959821875000001,0.7744047222222222,0.375,0.9175709722222223,2,0.7767857031250001,0.9223308333333334,2,0.475000078125,0.5256829166666667,2,0.54107140625,0.4542863888888889,2,0.573214296875,0.5193366666666667,2,0.6133928125,0.46539250000000004,2,0.6491071093749999,0.5447220833333334,2
WIN_20251109_18_42_31_Pro_mp4-0070_jpg.rf.29ca9f49ab824fafe8819cf12ab9cf4a,train,4,thang,train\images\WIN_20251109_18_42_31_Pro_mp4-0070_jpg.rf.29ca9f49ab824fafe8819cf12ab9cf4a.jpg,0.5734375,0.60625,0.490625,0.7875,0.37767859375,0.9032916666666667,2,0.7776785937499999,0.9143979166666666,2,0.479464296875,0.5177499999999999,2,0.550892890625,0.4558729166666667,2,0.5892857031250001,0.5240963888888889,2,0.62767859375,0.4733254166666667,2,0.658035703125,0.5447220833333334,2
WIN_20251109_18_42_31_Pro_mp4-0071_jpg.rf.06dbae43e5834aceaa69dfd6a0f8e6c4,train,3,nghieng_trai,train\images\WIN_20251109_18_42_31_Pro_mp4-0071_jpg.rf.06dbae43e5834aceaa69dfd6a0f8e6c4.jpg,0.58671875,0.6118055555555556,0.492633984375,0.7763888888888889,0.385714296875,0.9080515277777778,2,0.78392859375,0.9159844444444444,2,0.5008928125,0.5098170833333333,2,0.576785703125,0.4526997222222222,2,0.616964375,0.5272695833333333,2,0.6553571875,0.48443166666666665,2,0.674107109375,0.5701075,2
WIN_20251109_18_42_31_Pro_mp4-0072_jpg.rf.c469258d9982c0ca4ff56bad29f55dbc,train,3,nghieng_trai,train\images\WIN_20251109_18_42_31_Pro_mp4-0072_jpg.rf.c469258d9982c0ca4ff56bad29f55dbc.jpg,0.59620546875,0.6122806944444446,0.49330367187499996,0.7753406944444445,0.41517859375,0.8983333333333333,2,0.75892859375,0.9237377777777778,2,0.523214296875,0.49503847222222225,2,0.60803578125,0.4537563888888889,2,0.64732140625,0.5283818055555556,2,0.6830357031250001,0.4870997222222222,2,0.71339296875,0.5299695833333333,2
WIN_20251109_18_42_31_Pro_mp4-0073_jpg.rf.7d52fb861753593c3a77edfb4e8d99c1,train,1,nga_trai,train\images\WIN_20251109_18_42_31_Pro_mp4-0073_jpg.rf.7d52fb861753593c3a77edfb4e8d99c1.jpg,0.614453125,0.6131944444444445,0.48671875,0.7736111111111111,0.410714296875,0.8747330555555556,2,0.8276785156249999,0.9794480555555555,2,0.5580357031250001,0.4907780555555556,2,0.6464286718750001,0.4606327777777778,2,0.6883928906250001,0.5510684722222222,2,0.7196428906250001,0.5114036111111111,2,0.73303578125,0.5843868055555556,2
WIN_20251109_18_42_31_Pro_mp4-0074_jpg.rf.6a2c7a99caa4a401f6d0c80743598f57,train,1,nga_trai,train\images\WIN_20251109_18_42_31_Pro_mp4-0074_jpg.rf.6a2c7a99caa4a401f6d0c80743598f57.jpg,0.599020859375,0.6180555555555556,0.5150059375,0.7638888888888888,0.444946328125,0.8614754166666666,2,0.817452578125,0.9639059722222222,2,0.590035546875,0.4922106944444445,2,0.682721796875,0.4705170833333333,2,0.722446953125,0.5716455555555555,2,0.754085,0.5326527777777778,2,0.76486640625,0.6074916666666667,2
WIN_20251109_18_42_31_Pro_mp4-0075_jpg.rf.67e1220a6ff4982099444d70878c88c2,train,1,nga_trai,train\images\WIN_20251109_18_42_31_Pro_mp4-0075_jpg.rf.67e1220a6ff4982099444d70878c88c2.jpg,0.65546875,0.6201388888888889,0.471875,0.7597222222222222,0.44732140625000005,0.8477609722222221,2,0.85178578125,0.9921408333333334,2,0.6214285937499999,0.48760486111111107,2,0.732142890625,0.48443166666666665,2,0.77232140625,0.5891465277777778,2,0.799107109375,0.5590013888888888,2,0.800000078125,0.6335712499999999,2
WIN_20251109_18_42_31_Pro_mp4-0076_jpg.rf.860e5e9e12edfd72deb5914c000bb50f,train,1,nga_trai,train\images\WIN_20251109_18_42_31_Pro_mp4-0076_jpg.rf.860e5e9e12edfd72deb5914c000bb50f.jpg,0.657589296875,0.6182538888888889,0.5205357812499999,0.7634920833333333,0.47232140625,0.8332345833333333,2,0.8285714843750001,0.9745465277777777,2,0.6517857031250001,0.4870997222222222,2,0.763392890625,0.4998018055555556,2,0.79553578125,0.596656111111111,2,0.831250078125,0.5744272222222222,2,0.84107140625,0.61094625,2
WIN_20251109_18_42_31_Pro_mp4-0077_jpg.rf.91a6741feb5834d5cf4767e3fd2bbc5d,train,1,nga_trai,train\images\WIN_20251109_18_42_31_Pro_mp4-0077_jpg.rf.91a6741feb5834d5cf4767e3fd2bbc5d.jpg,0.65859375,0.6347222222222222,0.55,0.7305555555555555,0.488534140625,0.8375573611111111,2,0.8483581250000001,0.9727415277777779,2,0.67911640625,0.5020616666666666,2,0.7880553906250001,0.5183763888888889,2,0.833343515625,0.62921625,2,0.8547189062499999,0.5985475,2,0.851667109375,0.6874768055555556,2
WIN_20251109_18_42_31_Pro_mp4-0079_jpg.rf.954fe23bf770f73e2eadc8dae6d605f8,train,1,nga_trai,train\images\WIN_20251109_18_42_31_Pro_mp4-0079_jpg.rf.954fe23bf770f73e2eadc8dae6d605f8.jpg,0.652232109375,0.543596388888889,0.6883928125000001,0.8919545833333333,0.5035714062500001,0.8259852777777777,2,0.857142890625,0.9784561111111111,2,0.720535703125,0.5051618055555556,2,0.8553571874999999,0.5591616666666667,2,0.862500078125,0.6830441666666667,2,0.90357140625,0.6449266666666666,2,0.8767857031249999,0.7386323611111111,2
WIN_20251109_18_42_31_Pro_mp4-0080_jpg.rf.831313b4b59e562bbccc09d1e9effcee,train,1,nga_trai,train\images\WIN_20251109_18_42_31_Pro_mp4-0080_jpg.rf.831313b4b59e562bbccc09d1e9effcee.jpg,0.6986607031250001,0.6468254166666666,0.60267859375,0.7063491666666667,0.5056457812499999,0.8352088888888889,2,0.8446263281249999,0.9836076388888889,2,0.7271903125,0.5082543055555556,2,0.85266546875,0.5832868055555556,2,0.881234296875,0.6925455555555555,2,0.9000810937500001,0.65942,2,0.8866751562499999,0.7375681944444443,2
WIN_20251109_18_42_31_Pro_mp4-0081_jpg.rf.d12c1c8a3dd07b8324c23d4ab38aa4ed,train,1,nga_trai,train\images\WIN_20251109_18_42_31_Pro_mp4-0081_jpg.rf.d12c1c8a3dd07b8324c23d4ab38aa4ed.jpg,0.71171875,0.6381944444444444,0.5765625,0.7236111111111111,0.4928571875,0.8096829166666667,2,0.8553571874999999,1.0,2,0.720535703125,0.50153625,2,0.848214296875,0.57134625,2,0.86875,0.68082125,2,0.9,0.6538490277777778,2,0.8803571874999999,0.7268322222222222,2
WIN_20251109_18_42_31_Pro_mp4-0082_jpg.rf.0beb05ef132910d190c3a61b020025ae,train,1,nga_trai,train\images\WIN_20251109_18_42_31_Pro_mp4-0082_jpg.rf.0beb05ef132910d190c3a61b020025ae.jpg,0.6946428906250001,0.6306547222222221,0.5589285937499999,0.7386904166666666,0.48214289062500004,0.8192023611111111,2,0.8491071874999999,0.9905541666666666,2,0.6946428906250001,0.4971243055555556,2,0.8142857031249999,0.5478952777777778,2,0.84375,0.6716493055555556,2,0.87767859375,0.6288113888888889,2,0.864285703125,0.6906886111111111,2
WIN_20251109_18_42_31_Pro_mp4-0083_jpg.rf.6477414df0d571b932cab731ea04090b,train,1,nga_trai,train\images\WIN_20251109_18_42_31_Pro_mp4-0083_jpg.rf.6477414df0d571b932cab731ea04090b.jpg,0.669921875,0.5958333333333333,0.51953125,0.8083333333333333,0.475000078125,0.8450441666666666,2,0.84375,0.9895736111111112,2,0.6553571875,0.49722055555555555,2,0.767857109375,0.5115147222222222,2,0.7973214843750001,0.6322205555555556,2,0.84107140625,0.59569125,2,0.802678671875,0.7005148611111112,2
WIN_20251109_18_42_31_Pro_mp4-0084_jpg.rf.9ca9b7e22e240c7a308443fb7555a9e2,train,1,nga_trai,train\images\WIN_20251109_18_42_31_Pro_mp4-0084_jpg.rf.9ca9b7e22e240c7a308443fb7555a9e2.jpg,0.6246651562500001,0.6204469444444444,0.4899553125000001,0.7591061111111111,0.44464289062500006,0.8665779166666667,2,0.7982143749999999,0.9824854166666667,2,0.591071484375,0.4870997222222222,2,0.6883928906250001,0.4791608333333333,2,0.72678578125,0.5649005555555556,2,0.760714296875,0.5363206944444444,2,0.779464296875,0.5918927777777778,2
WIN_20251109_18_42_31_Pro_mp4-0085_jpg.rf.a409d589419bef137e04b2b5a9b0af4e,train,1,nga_trai,train\images\WIN_20251109_18_42_31_Pro_mp4-0085_jpg.rf.a409d589419bef137e04b2b5a9b0af4e.jpg,0.594977734375,0.6088293055555556,0.495758984375,0.78234125,0.40535718750000005,0.8826659722222222,2,0.8107142968750001,0.9667552777777778,2,0.53392859375,0.5145768055555555,2,0.61875,0.45745958333333336,2,0.654464296875,0.5352025,2,0.69017859375,0.4891913888888889,2,0.7071428125,0.5764538888888889,2
WIN_20251109_18_42_31_Pro_mp4-0087_jpg.rf.80117c1eb3e886523ce6ac2ebc5d0d04,train,4,thang,train\images\WIN_20251109_18_42_31_Pro_mp4-0087_jpg.rf.80117c1eb3e886523ce6ac2ebc5d0d04.jpg,0.54838125,0.6094293055555556,0.5052446875,0.7783823611111111,0.362758125,0.9075443055555557,2,0.7365112500000001,0.8996620833333334,2,0.448268359375,0.5178183333333334,2,0.500592890625,0.4505208333333333,2,0.53871375,0.5152840277777778,2,0.57984703125,0.45848833333333333,2,0.62850078125,0.5347066666666667,2
WIN_20251109_18_42_31_Pro_mp4-0088_jpg.rf.6147e1cc24a0151aefc2c2440ac21d7d,train,4,thang,train\images\WIN_20251109_18_42_31_Pro_mp4-0088_jpg.rf.6147e1cc24a0151aefc2c2440ac21d7d.jpg,0.5436384375,0.6103269444444445,0.5270089843749999,0.7793461111111111,0.356919609375,0.9412008333333333,2,0.7149553125,0.9094454166666667,2,0.424776796875,0.5283794444444444,2,0.47566968750000005,0.4474029166666667,2,0.505133984375,0.5045627777777777,2,0.54799109375,0.44899069444444445,2,0.6078125,0.531555,2
WIN_20251109_18_42_31_Pro_mp4-0089_jpg.rf.4ea667fd3ac21f1fa2b11414d4761119,train,4,thang,train\images\WIN_20251109_18_42_31_Pro_mp4-0089_jpg.rf.4ea667fd3ac21f1fa2b11414d4761119.jpg,0.54017859375,0.6071443055555555,0.48571445312500006,0.7857113888888889,0.35357140625,0.9237377777777778,2,0.7142857031250001,0.8967456944444444,2,0.41607140625000005,0.5283818055555556,2,0.466071484375,0.4521686111111111,2,0.5,0.5045651388888889,2,0.545535703125,0.4505808333333334,2,0.5982142968749999,0.5204429166666666,2
WIN_20251109_18_42_31_Pro_mp4-0090_jpg.rf.ddfc75a36526ff674d705aa7d128f2b0,train,4,thang,train\images\WIN_20251109_18_42_31_Pro_mp4-0090_jpg.rf.ddfc75a36526ff674d705aa7d128f2b0.jpg,0.53627234375,0.6085433333333333,0.5006696875,0.7829133333333332,0.350892890625,0.9126233333333333,2,0.7232142968749999,0.8872188888888889,2,0.42142859374999997,0.5363206944444444,2,0.457142890625,0.4474052777777778,2,0.5008928125,0.4934506944444444,2,0.548214296875,0.4410541666666667,2,0.606250078125,0.5172673611111112,2
WIN_20251109_18_42_31_Pro_mp4-0091_jpg.rf.a7647aedcccdf7fd7201fbde7781fe23,train,4,thang,train\images\WIN_20251109_18_42_31_Pro_mp4-0091_jpg.rf.a7647aedcccdf7fd7201fbde7781fe23.jpg,0.5488840625,0.5974020833333333,0.4933037500000001,0.7542891666666669,0.339285703125,0.9189744444444444,2,0.7357143749999999,0.8729290277777778,2,0.42410710937499996,0.52520625,2,0.47053578125,0.4489930555555555,2,0.50982140625,0.5093284722222222,2,0.55,0.4474052777777778,2,0.6053571875,0.52520625,2
WIN_20251109_18_42_31_Pro_mp4-0092_jpg.rf.a6837ae9b5455d4ef6f437a96253a47c,train,4,thang,train\images\WIN_20251109_18_42_31_Pro_mp4-0092_jpg.rf.a6837ae9b5455d4ef6f437a96253a47c.jpg,0.54140625,0.6125,0.496875,0.775,0.354060546875,0.9286954166666667,2,0.7321471875000001,0.9107762500000001,2,0.428061328125,0.5282815277777778,2,0.4681353125,0.4562251388888889,2,0.50733296875,0.5157025,2,0.549516953125,0.4507377777777778,2,0.60507640625,0.5166558333333333,2
WIN_20251109_18_42_31_Pro_mp4-0093_jpg.rf.fad050c34f4b678b1ff950122c647def,train,4,thang,train\images\WIN_20251109_18_42_31_Pro_mp4-0093_jpg.rf.fad050c34f4b678b1ff950122c647def.jpg,0.547879453125,0.5959324999999999,0.486383984375,0.808134861111111,0.350000078125,0.9207443055555555,2,0.736607109375,0.8985319444444444,2,0.42857140625,0.5431355555555555,2,0.46875,0.4526997222222222,2,0.5044642968749999,0.5050572222222223,2,0.54375,0.4431802777777778,2,0.6053571875,0.5225098611111112,2
WIN_20251109_18_42_31_Pro_mp4-0094_jpg.rf.1b717eeb913a957a4a20fb0fbd7d18d3,train,4,thang,train\images\WIN_20251109_18_42_31_Pro_mp4-0094_jpg.rf.1b717eeb913a957a4a20fb0fbd7d18d3.jpg,0.546454296875,0.6079218055555556,0.5036228906250001,0.7674308333333335,0.35325843749999997,0.9261843055555556,2,0.742292109375,0.9159613888888889,2,0.415771484375,0.53566,2,0.456433984375,0.4685097222222222,2,0.491716640625,0.5218951388888888,2,0.5339965624999999,0.44589375,2,0.597896015625,0.5047433333333333,2
WIN_20251109_18_42_31_Pro_mp4-0095_jpg.rf.12894939932a7dfb3b61606c375b0395,train,2,nghieng_phai,train\images\WIN_20251109_18_42_31_Pro_mp4-0095_jpg.rf.12894939932a7dfb3b61606c375b0395.jpg,0.5540178906250001,0.6018848611111112,0.4919643749999999,0.7962301388888889,0.348214296875,0.9223308333333334,2,0.74375,0.8858391666666667,2,0.40714281249999995,0.5590013888888888,2,0.4303571875,0.48125847222222223,2,0.46339289062500005,0.5161634722222223,2,0.50982140625,0.44794,2,0.585714296875,0.5066438888888889,2
WIN_20251109_18_42_31_Pro_mp4-0096_jpg.rf.0cab62cb8bcfb7104ac09c081718c628,train,2,nghieng_phai,train\images\WIN_20251109_18_42_31_Pro_mp4-0096_jpg.rf.0cab62cb8bcfb7104ac09c081718c628.jpg,0.55490984375,0.6160713888888888,0.5116053906250001,0.7678570833333332,0.361393515625,0.9204722222222222,2,0.730272578125,0.8978950000000001,2,0.391435859375,0.5896190277777777,2,0.411738828125,0.5010927777777778,2,0.4411446875,0.5292038888888888,2,0.47819304687499997,0.45224916666666665,2,0.565721796875,0.4941794444444444,2
WIN_20251109_18_42_31_Pro_mp4-0097_jpg.rf.7c6416e9eef120b2b37195663a518e0d,train,3,nghieng_trai,train\images\WIN_20251109_18_42_31_Pro_mp4-0097_jpg.rf.7c6416e9eef120b2b37195663a518e0d.jpg,0.55738609375,0.6170634722222222,0.5098615624999999,0.7658730555555555,0.35624476562499996,0.92214625,2,0.733411484375,0.8882455555555555,2,0.37832203125,0.6102586111111111,2,0.38687132812499997,0.5247240277777778,2,0.41782921875,0.5518275,2,0.451777890625,0.4623480555555556,2,0.550070625,0.4732840277777778,2
WIN_20251109_18_42_31_Pro_mp4-0098_jpg.rf.2a9073be9d430d22e964b4aedee068ab,train,2,nghieng_phai,train\images\WIN_20251109_18_42_31_Pro_mp4-0098_jpg.rf.2a9073be9d430d22e964b4aedee068ab.jpg,0.55624390625,0.6202179166666666,0.5075771093750001,0.7579365277777778,0.3509434375,0.9423983333333333,2,0.739061640625,0.8978252777777779,2,0.368613125,0.6268213888888888,2,0.37299890625,0.5558190277777778,2,0.40498570312500004,0.5754201388888889,2,0.431614453125,0.47178041666666665,2,0.5388925,0.46797500000000003,2
WIN_20251109_18_42_31_Pro_mp4-0099_jpg.rf.1b0866ba20216f2b70fbd5d1eefe5198,train,2,nghieng_phai,train\images\WIN_20251109_18_42_31_Pro_mp4-0099_jpg.rf.1b0866ba20216f2b70fbd5d1eefe5198.jpg,0.53794640625,0.6099222222222223,0.488392890625,0.7611022222222222,0.3602678125,0.9241270833333333,2,0.7334821875,0.8463259722222222,2,0.35758929687499996,0.6113354166666667,2,0.36830359375,0.57322875,2,0.396875078125,0.5827554166666667,2,0.419196484375,0.4906644444444444,2,0.528125,0.45890888888888887,2
WIN_20251109_18_42_31_Pro_mp4-0100_jpg.rf.0d54edcf4180096e3d9abce1e56d148c,train,0,nga_phai,train\images\WIN_20251109_18_42_31_Pro_mp4-0100_jpg.rf.0d54edcf4180096e3d9abce1e56d148c.jpg,0.53984375,0.6201388888888889,0.515625,0.7597222222222222,0.354464296875,0.93026375,2,0.748214296875,0.8509341666666667,2,0.361607109375,0.5923197222222222,2,0.382142890625,0.6097723611111111,2,0.40982140625,0.5082304166666667,2,0.52232140625,0.4701522222222222,2,0.370535703125,0.65737,2
WIN_20251109_18_42_31_Pro_mp4-0101_jpg.rf.4b5847af7b574931205a6c5eaf10e9e1,train,3,nghieng_trai,train\images\WIN_20251109_18_42_31_Pro_mp4-0101_jpg.rf.4b5847af7b574931205a6c5eaf10e9e1.jpg,0.5506831249999999,0.6261702777777779,0.5232413281249999,0.7460318055555556,0.357591875,0.9277111111111112,2,0.7509809375,0.8872845833333334,2,0.37229703125,0.6655893055555556,2,0.36003328125,0.6025855555555556,2,0.382424453125,0.6190786111111112,2,0.40753609375,0.5179501388888889,2,0.523324140625,0.4642547222222222,2
WIN_20251109_18_42_31_Pro_mp4-0103_jpg.rf.53d966ffd5993aa595f7d696b349de99,train,2,nghieng_phai,train\images\WIN_20251109_18_42_31_Pro_mp4-0103_jpg.rf.53d966ffd5993aa595f7d696b349de99.jpg,0.5575894531250001,0.6208256944444445,0.531250078125,0.7423725,0.381250078125,0.9269131944444445,2,0.7464285937499999,0.864990138888889,2,0.37142859375000004,0.65540375,2,0.369642890625,0.5839538888888889,2,0.39642859375,0.6061827777777777,2,0.41875,0.5077406944444445,2,0.5303571875,0.4521686111111111,2
WIN_20251109_18_42_31_Pro_mp4-0104_jpg.rf.7051d78fb214b74b8445ae6346ea7815,train,2,nghieng_phai,train\images\WIN_20251109_18_42_31_Pro_mp4-0104_jpg.rf.7051d78fb214b74b8445ae6346ea7815.jpg,0.552455390625,0.6177579166666667,0.520089296875,0.7644841666666666,0.35892859375,0.9207443055555555,2,0.7660714843750001,0.8699731944444445,2,0.388392890625,0.6541968055555556,2,0.375,0.5843868055555556,2,0.40267859375,0.5986661111111111,2,0.429464296875,0.5002975000000001,2,0.536607109375,0.4638059722222222,2
WIN_20251109_18_42_31_Pro_mp4-0105_jpg.rf.4c7b6a4d1172293d6bb57e118dff54e4,train,2,nghieng_phai,train\images\WIN_20251109_18_42_31_Pro_mp4-0105_jpg.rf.4c7b6a4d1172293d6bb57e118dff54e4.jpg,0.554464296875,0.5757934722222222,0.50892859375,0.8420620833333334,0.376339296875,0.9412008333333333,2,0.7352678906250001,0.8379955555555556,2,0.39419640624999996,0.6220581944444444,2,0.390625,0.5442572222222223,2,0.42366078125,0.5760126388888889,2,0.44419640625,0.48868500000000004,2,0.559375,0.4601051388888889,2
WIN_20251109_18_42_31_Pro_mp4-0106_jpg.rf.11283ff94efeb969e945213683260e7d,train,2,nghieng_phai,train\images\WIN_20251109_18_42_31_Pro_mp4-0106_jpg.rf.11283ff94efeb969e945213683260e7d.jpg,0.559375,0.5914376388888889,0.49553570312499995,0.7535151388888889,0.360714296875,0.9269131944444445,2,0.74107140625,0.8888068055555556,2,0.40803578125,0.5363206944444444,2,0.423214296875,0.4855118055555555,2,0.46160710937499994,0.5267940277777777,2,0.508035703125,0.4537563888888889,2,0.58482140625,0.49503847222222225,2
WIN_20251109_18_42_31_Pro_mp4-0107_jpg.rf.4b0564273779ce8a4d49768aeae6ea1d,train,4,thang,train\images\WIN_20251109_18_42_31_Pro_mp4-0107_jpg.rf.4b0564273779ce8a4d49768aeae6ea1d.jpg,0.5477678125,0.6081445833333333,0.4794642968749999,0.7837108333333334,0.3625,0.9110355555555556,2,0.7357143749999999,0.8713411111111111,2,0.420535703125,0.5379084722222223,2,0.46964281249999995,0.4537563888888889,2,0.50178578125,0.5140918055555556,2,0.54375,0.4442297222222222,2,0.603571484375,0.5236184722222222,2
WIN_20251109_18_42_31_Pro_mp4-0108_jpg.rf.efcbdca67104374d619951e9036d47da,train,4,thang,train\images\WIN_20251109_18_42_31_Pro_mp4-0108_jpg.rf.efcbdca67104374d619951e9036d47da.jpg,0.546316875,0.5865079166666667,0.573437578125,0.8269841666666666,0.35803562499999997,0.9053970833333334,2,0.7375,0.8783972222222223,2,0.434821484375,0.5003970833333333,2,0.48214281249999996,0.43686763888888885,2,0.5205356250000001,0.517867638888889,2,0.5616071875,0.46069111111111116,2,0.61607140625,0.5162794444444445,2
WIN_20251109_18_42_31_Pro_mp4-0109_jpg.rf.3b8a89e77bcb93131f9cf13a2c0ac459,train,4,thang,train\images\WIN_20251109_18_42_31_Pro_mp4-0109_jpg.rf.3b8a89e77bcb93131f9cf13a2c0ac459.jpg,0.547265625,0.60625,0.46953125,0.7875,0.34375,0.9132081944444445,2,0.7401786718750001,0.8941691666666666,2,0.43660718750000005,0.5181470833333334,2,0.49017859374999995,0.4515102777777778,2,0.5267857031250001,0.5086275,2,0.5696428906250001,0.4546834722222222,2,0.616964375,0.5276665277777778,2
WIN_20251109_18_42_31_Pro_mp4-0110_jpg.rf.3331df069fe9e72cea77d7ef5d01f3fd,train,4,thang,train\images\WIN_20251109_18_42_31_Pro_mp4-0110_jpg.rf.3331df069fe9e72cea77d7ef5d01f3fd.jpg,0.54921875,0.6138888888888889,0.5046875,0.7722222222222223,0.35618812499999997,0.9221384722222222,2,0.728149453125,0.9010572222222223,2,0.442191015625,0.5213680555555555,2,0.49179515625,0.44794763888888883,2,0.53199546875,0.5135013888888889,2,0.571411171875,0.45864333333333335,2,0.6160278124999999,0.5391244444444444,2
WIN_20251109_18_42_31_Pro_mp4-0111_jpg.rf.b450989c57f644c65bf79f445c4b505b,train,4,thang,train\images\WIN_20251109_18_42_31_Pro_mp4-0111_jpg.rf.b450989c57f644c65bf79f445c4b505b.jpg,0.54017859375,0.6045411111111111,0.45357124999999987,0.7908197222222223,0.3625,0.9015088888888889,2,0.72678578125,0.87928,2,0.445535703125,0.5204429166666666,2,0.4928571875,0.44581750000000003,2,0.53392859375,0.51091625,2,0.576785703125,0.45534416666666666,2,0.61875,0.5426718055555556,2
WIN_20251109_18_42_31_Pro_mp4-0113_jpg.rf.f6414f4741202bec16a7f916ecb9bf0f,train,3,nghieng_trai,train\images\WIN_20251109_18_42_31_Pro_mp4-0113_jpg.rf.f6414f4741202bec16a7f916ecb9bf0f.jpg,0.54296875,0.6159722222222223,0.5109375,0.7680555555555556,0.359735625,0.9082080555555556,2,0.723410859375,0.8953450000000001,2,0.454537109375,0.5174055555555556,2,0.51254828125,0.44427180555555557,2,0.549957265625,0.5188456944444444,2,0.586805859375,0.47116180555555554,2,0.62466984375,0.5682705555555556,2
WIN_20251109_18_42_31_Pro_mp4-0115_jpg.rf.cbe1271c310dcd252046d1c03807bc3f,train,3,nghieng_trai,train\images\WIN_20251109_18_42_31_Pro_mp4-0115_jpg.rf.cbe1271c310dcd252046d1c03807bc3f.jpg,0.5462053906250001,0.6127976388888888,0.4897321874999999,0.7744047222222222,0.34732140624999996,0.9112245833333332,2,0.74107140625,0.9001184722222222,2,0.46875,0.49871097222222227,2,0.544642890625,0.4526997222222222,2,0.579464296875,0.5320293055555556,2,0.616964375,0.4971243055555556,2,0.6410714843750001,0.5891465277777778,2
WIN_20251109_18_42_31_Pro_mp4-0116_jpg.rf.f6f6c7551b463c97898e4f13f3b6a67e,train,3,nghieng_trai,train\images\WIN_20251109_18_42_31_Pro_mp4-0116_jpg.rf.f6f6c7551b463c97898e4f13f3b6a67e.jpg,0.551004453125,0.6108134722222223,0.48370539062500006,0.7783730555555555,0.35267859375,0.9017051388888889,2,0.748214296875,0.9096380555555555,2,0.48125,0.4891913888888889,2,0.557142890625,0.4606327777777778,2,0.5901785937499999,0.5542416666666666,2,0.63303578125,0.5082304166666667,2,0.6491071093749999,0.5859734722222222,2
WIN_20251109_18_42_31_Pro_mp4-0117_jpg.rf.0e5686bafbaddcb5efad77e809c81032,train,3,nghieng_trai,train\images\WIN_20251109_18_42_31_Pro_mp4-0117_jpg.rf.0e5686bafbaddcb5efad77e809c81032.jpg,0.5513392968749999,0.6098213888888888,0.4955357031250001,0.7803570833333333,0.350892890625,0.9032916666666667,2,0.739285703125,0.9064648611111111,2,0.49107140625,0.48125847222222223,2,0.568750078125,0.45745958333333336,2,0.6053571875,0.5542416666666666,2,0.642857109375,0.5240963888888889,2,0.6553571875,0.6065991666666667,2
WIN_20251109_18_42_31_Pro_mp4-0118_jpg.rf.fbb92ec607901a064ac5798cc31e2f41,train,3,nghieng_trai,train\images\WIN_20251109_18_42_31_Pro_mp4-0118_jpg.rf.fbb92ec607901a064ac5798cc31e2f41.jpg,0.586941953125,0.5824870833333333,0.49754468750000014,0.8268790277777778,0.36785718749999996,0.9006325000000001,2,0.753571484375,0.8990443055555556,2,0.5008928125,0.4845147222222222,2,0.582142890625,0.4733970833333333,2,0.612500078125,0.5734558333333333,2,0.6616071875,0.5480441666666667,2,0.66517859375,0.625867638888889,2
WIN_20251109_18_42_31_Pro_mp4-0119_jpg.rf.b147705d2002a5d309dc5aaf33c8872f,train,3,nghieng_trai,train\images\WIN_20251109_18_42_31_Pro_mp4-0119_jpg.rf.b147705d2002a5d309dc5aaf33c8872f.jpg,0.560825859375,0.6127976388888888,0.4854910937499999,0.7744047222222222,0.358035703125,0.8815123611111111,2,0.75803578125,0.9211772222222223,2,0.5125,0.47217194444444444,2,0.60267859375,0.48645124999999995,2,0.63303578125,0.5848198611111111,2,0.6732143749999999,0.55626125,2,0.674107109375,0.6292444444444444,2
WIN_20251109_18_42_31_Pro_mp4-0120_jpg.rf.9da60b4dbd4d42c6d912a56508fbf5f5,train,3,nghieng_trai,train\images\WIN_20251109_18_42_31_Pro_mp4-0120_jpg.rf.9da60b4dbd4d42c6d912a56508fbf5f5.jpg,0.5765625,0.5902777777777778,0.5375,0.8194444444444444,0.35625,0.8990443055555556,2,0.74375,0.9038088888888889,2,0.519642890625,0.4702205555555556,2,0.6178571093749999,0.49722055555555555,2,0.637500078125,0.6036323611111111,2,0.6946428906250001,0.5813972222222222,2,0.6866071875,0.6481029166666666,2
WIN_20251109_18_42_31_Pro_mp4-0122_jpg.rf.9b0e7bc70795c954260dc79f30d815fb,train,3,nghieng_trai,train\images\WIN_20251109_18_42_31_Pro_mp4-0122_jpg.rf.9b0e7bc70795c954260dc79f30d815fb.jpg,0.557421875,0.6243055555555556,0.50859375,0.7513888888888889,0.38824187499999996,0.8794438888888889,2,0.7630421093749999,0.9216431944444443,2,0.5533364062499999,0.4736229166666667,2,0.65101484375,0.5068261111111111,2,0.6701937499999999,0.6206349999999999,2,0.7063515625,0.5884923611111111,2,0.7145357812500001,0.6462426388888889,2
WIN_20251109_18_42_31_Pro_mp4-0123_jpg.rf.a08479b3c57e618003a084582f2ca275,train,3,nghieng_trai,train\images\WIN_20251109_18_42_31_Pro_mp4-0123_jpg.rf.a08479b3c57e618003a084582f2ca275.jpg,0.58716515625,0.6094954166666666,0.4970981250000001,0.7269266666666667,0.4,0.8475244444444444,2,0.75625,0.9269131944444445,2,0.557142890625,0.4664586111111111,2,0.6625,0.5077406944444445,2,0.6758928125,0.6236483333333334,2,0.7125,0.5918927777777778,2,0.7339285156249999,0.6411138888888889,2
WIN_20251109_18_42_31_Pro_mp4-0124_jpg.rf.db370541813fdd709910409a15998235,train,3,nghieng_trai,train\images\WIN_20251109_18_42_31_Pro_mp4-0124_jpg.rf.db370541813fdd709910409a15998235.jpg,0.5656253125,0.6281565277777778,0.5090914843750001,0.7436868055555557,0.39570203125000003,0.8758038888888889,2,0.775373984375,0.9494801388888889,2,0.57291203125,0.4757586111111111,2,0.67268234375,0.5197038888888889,2,0.693581328125,0.6351158333333333,2,0.7287292187500001,0.6063713888888889,2,0.728191015625,0.6770783333333333,2
WIN_20251109_18_42_31_Pro_mp4-0125_jpg.rf.37e54b21bc3475307ae3c77278335aca,train,3,nghieng_trai,train\images\WIN_20251109_18_42_31_Pro_mp4-0125_jpg.rf.37e54b21bc3475307ae3c77278335aca.jpg,0.5969865624999999,0.5398809722222222,0.5256696875000001,0.9202380555555556,0.37767859375,0.8672795833333333,2,0.768750078125,0.9308090277777777,2,0.57767859375,0.4702205555555556,2,0.6803571093749999,0.5226323611111111,2,0.69017859375,0.6449266666666666,2,0.74375,0.60680875,2,0.71875,0.6941618055555555,2
WIN_20251109_18_42_31_Pro_mp4-0126_jpg.rf.2df72aeac382d1f851c855b1ef7b0d8b,train,3,nghieng_trai,train\images\WIN_20251109_18_42_31_Pro_mp4-0126_jpg.rf.2df72aeac382d1f851c855b1ef7b0d8b.jpg,0.58917421875,0.6260052777777777,0.47343742187499993,0.7479893055555553,0.391071484375,0.8713411111111111,2,0.751785703125,0.9427909722222222,2,0.568750078125,0.48074847222222217,2,0.669642890625,0.5172673611111112,2,0.689285703125,0.6204727777777778,2,0.72767859375,0.5982438888888889,2,0.7383928125,0.6538159722222222,2
WIN_20251109_18_42_31_Pro_mp4-0128_jpg.rf.0f19996108f33b2083fea746f5833ecd,train,3,nghieng_trai,train\images\WIN_20251109_18_42_31_Pro_mp4-0128_jpg.rf.0f19996108f33b2083fea746f5833ecd.jpg,0.5979910937499999,0.5785713888888888,0.5308035156249999,0.8428570833333333,0.401785703125,0.876808888888889,2,0.773214375,0.9165148611111111,2,0.5267857031250001,0.4781616666666667,2,0.61875,0.47657347222222224,2,0.6401785156249999,0.5750440277777777,2,0.6919642968749999,0.5385147222222222,2,0.691071484375,0.6306323611111111,2
WIN_20251109_18_42_31_Pro_mp4-0129_jpg.rf.e8e3996ebcfb4ce1ba16588706b20bb6,train,4,thang,train\images\WIN_20251109_18_42_31_Pro_mp4-0129_jpg.rf.e8e3996ebcfb4ce1ba16588706b20bb6.jpg,0.5751116406250001,0.5755611111111111,0.4694197656250001,0.7249330555555556,0.388392890625,0.8634022222222222,2,0.7491071875,0.9046844444444444,2,0.49642859375,0.4902752777777778,2,0.567857109375,0.4569319444444444,2,0.607142890625,0.5267940277777777,2,0.64732140625,0.4902752777777778,2,0.679464375,0.5315573611111111,2
WIN_20251109_18_42_31_Pro_mp4-0130_jpg.rf.a226bb5f6b76aaaacbf0b0cf5afcde9f,train,3,nghieng_trai,train\images\WIN_20251109_18_42_31_Pro_mp4-0130_jpg.rf.a226bb5f6b76aaaacbf0b0cf5afcde9f.jpg,0.570535703125,0.5947820833333334,0.47142859374999996,0.7820245833333335,0.36785718749999996,0.8858391666666667,2,0.760714296875,0.9159844444444444,2,0.47053578125,0.5161634722222223,2,0.541964296875,0.4542863888888889,2,0.580357109375,0.5240963888888889,2,0.61607140625,0.47967180555555555,2,0.648214375,0.5574147222222222,2
WIN_20251109_18_42_31_Pro_mp4-0131_jpg.rf.f7c10dd82bd6e34fe7b1b96362323a10,train,4,thang,train\images\WIN_20251109_18_42_31_Pro_mp4-0131_jpg.rf.f7c10dd82bd6e34fe7b1b96362323a10.jpg,0.5515625,0.6041666666666666,0.4734375,0.7916666666666666,0.369642890625,0.9062722222222221,2,0.73303578125,0.9142111111111111,2,0.448214296875,0.5188551388888889,2,0.49553578125,0.45698111111111117,2,0.55,0.5188551388888889,2,0.58392859375,0.4664586111111111,2,0.635714296875,0.5204429166666666,2
WIN_20251109_18_42_31_Pro_mp4-0132_jpg.rf.7238c18bee2c951e0ec9ab81a74fd08a,train,4,thang,train\images\WIN_20251109_18_42_31_Pro_mp4-0132_jpg.rf.7238c18bee2c951e0ec9ab81a74fd08a.jpg,0.558816953125,0.6058531944444444,0.477008984375,0.7882936111111112,0.35357140625,0.9017051388888889,2,0.7544642968749999,0.9096380555555555,2,0.44017859374999996,0.5431355555555555,2,0.49107140625,0.4511131944444444,2,0.525,0.5082304166666667,2,0.5669642968749999,0.45745958333333336,2,0.6214285937499999,0.5288561111111112,2
WIN_20251109_18_42_31_Pro_mp4-0133_jpg.rf.a23cdd6eb1e9a48c5bd3839f2fe457c7,train,4,thang,train\images\WIN_20251109_18_42_31_Pro_mp4-0133_jpg.rf.a23cdd6eb1e9a48c5bd3839f2fe457c7.jpg,0.544652734375,0.6117423611111111,0.50407828125,0.7765151388888889,0.3515153125,0.9160847222222223,2,0.7339671875,0.9048640277777779,2,0.4316434375,0.5370058333333334,2,0.47288375,0.45283888888888885,2,0.51505625,0.5143969444444444,2,0.5555614062500001,0.45051097222222225,2,0.60770765625,0.52807375,2
WIN_20251109_18_42_31_Pro_mp4-0134_jpg.rf.f994bfda54ff91e528a0e33ee398fd88,train,4,thang,train\images\WIN_20251109_18_42_31_Pro_mp4-0134_jpg.rf.f994bfda54ff91e528a0e33ee398fd88.jpg,0.551785703125,0.6059469444444444,0.4821428124999999,0.7881061111111112,0.3625,0.9142111111111111,2,0.72142859375,0.89357,2,0.423214296875,0.5379084722222223,2,0.476785703125,0.4664586111111111,2,0.5116071875,0.5093284722222222,2,0.55357140625,0.4601075,2,0.611607109375,0.5236184722222222,2
WIN_20251109_18_42_31_Pro_mp4-0136_jpg.rf.893e2b3a122e6141cf8bc052bf53196a,train,4,thang,train\images\WIN_20251109_18_42_31_Pro_mp4-0136_jpg.rf.893e2b3a122e6141cf8bc052bf53196a.jpg,0.5516740625,0.59890875,0.4805803124999999,0.8021825,0.351785703125,0.8985319444444444,2,0.7455357031250001,0.8985319444444444,2,0.43125,0.541548888888889,2,0.47589289062500006,0.4526997222222222,2,0.510714296875,0.5082304166666667,2,0.55267859375,0.44476680555555553,2,0.6107143749999999,0.5288561111111112,2
WIN_20251109_18_42_31_Pro_mp4-0137_jpg.rf.bb611c224e89ad6fa6f80237583e1e10,train,4,thang,train\images\WIN_20251109_18_42_31_Pro_mp4-0137_jpg.rf.bb611c224e89ad6fa6f80237583e1e10.jpg,0.5477678125,0.6088293055555556,0.4705357031250001,0.78234125,0.351785703125,0.9017051388888889,2,0.74375,0.9112245833333332,2,0.42767859374999995,0.5447220833333334,2,0.47142859374999996,0.4526997222222222,2,0.510714296875,0.5050572222222223,2,0.549107109375,0.4526997222222222,2,0.60803578125,0.5177499999999999,2
WIN_20251109_18_42_31_Pro_mp4-0138_jpg.rf.d5c2e37385ea78bb3971f9f1e6a53b96,train,4,thang,train\images\WIN_20251109_18_42_31_Pro_mp4-0138_jpg.rf.d5c2e37385ea78bb3971f9f1e6a53b96.jpg,0.55189734375,0.5607143055555556,0.5479910937499999,0.878571388888889,0.36517859375,0.8958677777777778,2,0.737500078125,0.89269125,2,0.425892890625,0.5369265277777778,2,0.457142890625,0.46069111111111116,2,0.5071428906250001,0.5210441666666666,2,0.545535703125,0.45275000000000004,2,0.6107143749999999,0.5083381944444444,2
WIN_20251109_18_42_31_Pro_mp4-0139_jpg.rf.03c5a6ad7e34b05b6dfbe181356105d3,train,4,thang,train\images\WIN_20251109_18_42_31_Pro_mp4-0139_jpg.rf.03c5a6ad7e34b05b6dfbe181356105d3.jpg,0.55123625,0.6098484722222222,0.5030406250000001,0.7803030555555556,0.358539921875,0.9149552777777777,2,0.7388721874999999,0.90888375,2,0.42050445312500007,0.5513977777777778,2,0.45176554687500003,0.46270319444444447,2,0.49102781249999994,0.5173709722222222,2,0.531255546875,0.4450066666666667,2,0.593508671875,0.5263622222222222,2
WIN_20251109_18_42_31_Pro_mp4-0142_jpg.rf.de2d93bd18b4b8e0af3cdeaf3b6521be,train,2,nghieng_phai,train\images\WIN_20251109_18_42_31_Pro_mp4-0142_jpg.rf.de2d93bd18b4b8e0af3cdeaf3b6521be.jpg,0.53125,0.6131944444444445,0.4875,0.7736111111111111,0.33392859375,0.9258215277777778,2,0.7241071875,0.8671176388888889,2,0.375,0.5751848611111111,2,0.4,0.4847491666666667,2,0.4303571875,0.5260005555555556,2,0.47232140625,0.45619055555555554,2,0.551785703125,0.5069613888888889,2
WIN_20251109_18_42_31_Pro_mp4-0143_jpg.rf.93c4fabd0bf6fb639a6265ee5b00029b,train,0,nga_phai,train\images\WIN_20251109_18_42_31_Pro_mp4-0143_jpg.rf.93c4fabd0bf6fb639a6265ee5b00029b.jpg,0.528223203125,0.6237373611111111,0.49962820312500006,0.7525252777777779,0.3296259375,0.9506194444444445,2,0.69565375,0.8624230555555557,2,0.37253640625,0.5001380555555556,2,0.40615570312499993,0.5362955555555555,2,0.44556218750000004,0.4581459722222222,2,0.5320822656249999,0.5088186111111112,2,0.35209796875,0.5737797222222222,2
WIN_20251109_18_42_31_Pro_mp4-0144_jpg.rf.6c7f76711cc0eb5be9f363130e529e5b,train,2,nghieng_phai,train\images\WIN_20251109_18_42_31_Pro_mp4-0144_jpg.rf.6c7f76711cc0eb5be9f363130e529e5b.jpg,0.502008984375,0.6297659722222223,0.46026781250000004,0.7404680555555555,0.333035703125,0.9459666666666666,2,0.6803571093749999,0.8491123611111111,2,0.325,0.5903050000000001,2,0.35267859375,0.5267940277777777,2,0.382142890625,0.5537862499999999,2,0.41339289062500006,0.4664586111111111,2,0.510714296875,0.5013895833333333,2
WIN_20251109_18_42_31_Pro_mp4-0146_jpg.rf.10397647bcdf5262da5f6bec09082dd0,train,0,nga_phai,train\images\WIN_20251109_18_42_31_Pro_mp4-0146_jpg.rf.10397647bcdf5262da5f6bec09082dd0.jpg,0.473995546875,0.6237102777777777,0.5037946875000001,0.7525793055555555,0.291964296875,0.9795545833333333,2,0.6517857031250001,0.8320016666666666,2,0.288392890625,0.5495883333333333,2,0.32232140625,0.5781470833333333,2,0.35625,0.4892979166666667,2,0.458035703125,0.5083370833333334,2,0.2821428125,0.6241581944444444,2
WIN_20251109_18_42_31_Pro_mp4-0147_jpg.rf.0d25d6bbe990494c42287606bf8bfe4d,train,0,nga_phai,train\images\WIN_20251109_18_42_31_Pro_mp4-0147_jpg.rf.0d25d6bbe990494c42287606bf8bfe4d.jpg,0.453125,0.6227181944444444,0.52232140625,0.7545634722222222,0.27232140625,1.0,2,0.6321428906250001,0.8192023611111111,2,0.269642890625,0.5605879166666666,2,0.29375,0.5907331944444445,2,0.33392859375,0.5034706944444445,2,0.4375,0.5129902777777778,2,0.26517859375,0.6557834722222222,2
WIN_20251109_18_42_31_Pro_mp4-0148_jpg.rf.bd1951aac249196f77e926561b1104b9,train,0,nga_phai,train\images\WIN_20251109_18_42_31_Pro_mp4-0148_jpg.rf.bd1951aac249196f77e926561b1104b9.jpg,0.42388390625000005,0.6237102777777777,0.4950892968750001,0.7525793055555555,0.270535703125,1.0,2,0.612500078125,0.8128559722222223,2,0.2491071875,0.5732806944444444,2,0.276785703125,0.6081856944444445,2,0.30535718749999996,0.5161634722222223,2,0.41964289062500004,0.5177499999999999,2,0.244642890625,0.6526102777777777,2
WIN_20251109_18_42_31_Pro_mp4-0150_jpg.rf.d15310d66bc9435c0833c8a5d263e23c,train,0,nga_phai,train\images\WIN_20251109_18_42_31_Pro_mp4-0150_jpg.rf.d15310d66bc9435c0833c8a5d263e23c.jpg,0.4015625,0.6371113888888889,0.534374921875,0.7257770833333331,0.26517859375,0.9920120833333333,2,0.5866071875000001,0.7998912499999999,2,0.2178571875,0.5918927777777778,2,0.2508928125,0.618885138888889,2,0.2803571875,0.5220306944444444,2,0.391964296875,0.5220306944444444,2,0.21071429687499998,0.6649304166666667,2
WIN_20251109_18_42_31_Pro_mp4-0151_jpg.rf.066737d18e7143d76727cc8a34dc5822,train,0,nga_phai,train\images\WIN_20251109_18_42_31_Pro_mp4-0151_jpg.rf.066737d18e7143d76727cc8a34dc5822.jpg,0.40848210937499996,0.6023809722222222,0.611607109375,0.7952380555555556,0.263392890625,0.9863972222222223,2,0.575,0.8053383333333334,2,0.19732140625,0.6036323611111111,2,0.24196429687499998,0.625867638888889,2,0.266964296875,0.5385147222222222,2,0.379464296875,0.5258087499999999,2,0.213392890625,0.7005148611111112,2
WIN_20251109_18_42_31_Pro_mp4-0152_jpg.rf.5139db6c1b4140a19be0e3c4cfca14b7,train,0,nga_phai,train\images\WIN_20251109_18_42_31_Pro_mp4-0152_jpg.rf.5139db6c1b4140a19be0e3c4cfca14b7.jpg,0.386495625,0.6356901388888889,0.5180803125,0.7189947222222224,0.266071484375,0.9856609722222222,2,0.573214296875,0.7903645833333334,2,0.20803570312500003,0.5887172222222222,2,0.245535703125,0.6236483333333334,2,0.27142859375,0.5236184722222222,2,0.3875,0.5299695833333333,2,0.193750078125,0.6427016666666667,2
WIN_20251109_18_42_31_Pro_mp4-0153_jpg.rf.44be4f3c50bbc0802954ed8713445a30,train,0,nga_phai,train\images\WIN_20251109_18_42_31_Pro_mp4-0153_jpg.rf.44be4f3c50bbc0802954ed8713445a30.jpg,0.42822820312500004,0.6363636111111112,0.561001875,0.7272727777777778,0.278766953125,0.9838176388888888,2,0.5933171875000001,0.8151041666666666,2,0.21894695312499998,0.5933109722222222,2,0.25234984374999997,0.6213354166666666,2,0.286976171875,0.5282463888888889,2,0.39239226562499996,0.52907,2,0.210918046875,0.6482698611111111,2
WIN_20251109_18_42_31_Pro_mp4-0155_jpg.rf.068d7349924388ba0935b3d1aa347120,train,0,nga_phai,train\images\WIN_20251109_18_42_31_Pro_mp4-0155_jpg.rf.068d7349924388ba0935b3d1aa347120.jpg,0.43828125,0.6256944444444444,0.5216517968750001,0.7486111111111111,0.27142859375,1.0,2,0.614285703125,0.8112694444444445,2,0.257142890625,0.5653477777777778,2,0.287500078125,0.6018393055555555,2,0.323214296875,0.5082304166666667,2,0.42410710937499996,0.5320293055555556,2,0.25178578125,0.6557834722222222,2
WIN_20251109_18_42_31_Pro_mp4-0156_jpg.rf.e6b3be6d52da6c666934ec712b04cb39,train,0,nga_phai,train\images\WIN_20251109_18_42_31_Pro_mp4-0156_jpg.rf.e6b3be6d52da6c666934ec712b04cb39.jpg,0.45580359374999996,0.6227181944444444,0.4830357812500001,0.7545634722222222,0.29017859375,0.9842079166666666,2,0.635714296875,0.8096829166666667,2,0.289285703125,0.5431355555555555,2,0.3241071875,0.5764538888888889,2,0.357142890625,0.4923645833333333,2,0.453571484375,0.5129902777777778,2,0.275892890625,0.6065991666666667,2
WIN_20251109_18_42_31_Pro_mp4-0160_jpg.rf.77ce5621e8dfc4e75826edce20fc9f3e,train,4,thang,train\images\WIN_20251109_18_42_31_Pro_mp4-0160_jpg.rf.77ce5621e8dfc4e75826edce20fc9f3e.jpg,0.550000078125,0.6087147222222222,0.47321453125,0.7665948611111111,0.374330390625,0.8963493055555555,2,0.7323661718750001,0.8772958333333334,2,0.43058031249999995,0.5438631944444444,2,0.481473203125,0.4628866666666666,2,0.5162946875000001,0.5168709722222222,2,0.55647328125,0.4660622222222222,2,0.6136160937499999,0.5152831944444445,2
WIN_20251109_18_42_31_Pro_mp4-0163_jpg.rf.897d0bf5482a7ff1361709150b2de01d,train,4,thang,train\images\WIN_20251109_18_42_31_Pro_mp4-0163_jpg.rf.897d0bf5482a7ff1361709150b2de01d.jpg,0.566517890625,0.5805555555555556,0.49017867187499997,0.8388888888888889,0.381250078125,0.9041301388888889,2,0.751785703125,0.8898359722222223,2,0.457142890625,0.5436005555555555,2,0.49910718750000005,0.45307111111111115,2,0.54642859375,0.5213652777777777,2,0.5928571875,0.45465944444444445,2,0.634821484375,0.5324829166666667,2
WIN_20251109_18_42_31_Pro_mp4-0165_jpg.rf.84dc54c8710618b1ab539d2d4b3c356b,train,4,thang,train\images\WIN_20251109_18_42_31_Pro_mp4-0165_jpg.rf.84dc54c8710618b1ab539d2d4b3c356b.jpg,0.578236640625,0.6085081944444445,0.4631696874999999,0.7670079166666666,0.398214296875,0.9078600000000001,2,0.7544642968749999,0.9046844444444444,2,0.457142890625,0.5236184722222222,2,0.516964296875,0.4601075,2,0.557142890625,0.51091625,2,0.5982142968749999,0.4632830555555556,2,0.638392890625,0.53949625,2
WIN_20251109_18_42_31_Pro_mp4-0166_jpg.rf.44894e86309af101cfd54ad413a540e1,train,4,thang,train\images\WIN_20251109_18_42_31_Pro_mp4-0166_jpg.rf.44894e86309af101cfd54ad413a540e1.jpg,0.580691953125,0.6176594444444444,0.472544609375,0.764681111111111,0.40625,0.9189744444444444,2,0.76428578125,0.9269131944444445,2,0.48125,0.5220306944444444,2,0.537500078125,0.44581750000000003,2,0.5785714843750001,0.5140918055555556,2,0.61964296875,0.46487083333333334,2,0.6616071875,0.5458473611111111,2
WIN_20251109_18_42_31_Pro_mp4-0168_jpg.rf.3ec17b9d1e37f880d85d91ac3e6e6ebd,train,4,thang,train\images\WIN_20251109_18_42_31_Pro_mp4-0168_jpg.rf.3ec17b9d1e37f880d85d91ac3e6e6ebd.jpg,0.627008984375,0.61528125,0.46741070312499994,0.7694373611111112,0.43191960937499996,0.8614038888888889,2,0.790848203125,0.9296783333333333,2,0.5399553125,0.5105056944444445,2,0.603348203125,0.45493361111111114,2,0.6569196875000001,0.5327345833333333,2,0.68638390625,0.48033805555555553,2,0.71763390625,0.5374979166666667,2
WIN_20251109_18_42_31_Pro_mp4-0169_jpg.rf.a9e5b5586e1a9f9dc73f72b0d08c1c4d,train,1,nga_trai,train\images\WIN_20251109_18_42_31_Pro_mp4-0169_jpg.rf.a9e5b5586e1a9f9dc73f72b0d08c1c4d.jpg,0.616015625,0.6243055555555556,0.50703125,0.7513888888888889,0.46449140624999996,0.8718237500000001,2,0.833163203125,0.9803701388888888,2,0.5682955468750001,0.5187470833333333,2,0.6499661718749999,0.46711250000000004,2,0.691913984375,0.5522509722222222,2,0.724900703125,0.5020813888888889,2,0.749495078125,0.5793383333333334,2
WIN_20251109_18_42_31_Pro_mp4-0170_jpg.rf.3e4124a069669f7f3ba9c00ffffd7b28,train,3,nghieng_trai,train\images\WIN_20251109_18_42_31_Pro_mp4-0170_jpg.rf.3e4124a069669f7f3ba9c00ffffd7b28.jpg,0.641183046875,0.6125020833333333,0.4640625000000001,0.7749958333333333,0.476785703125,0.8379979166666668,2,0.830357109375,0.9618443055555557,2,0.6008928906250001,0.51091625,2,0.6866071875,0.47280972222222223,2,0.729464296875,0.5680761111111111,2,0.7616071875,0.5236184722222222,2,0.7875,0.5903050000000001,2
WIN_20251109_18_42_31_Pro_mp4-0172_jpg.rf.5be9b49b0c905838b6e57b638e2ab8b3,train,1,nga_trai,train\images\WIN_20251109_18_42_31_Pro_mp4-0172_jpg.rf.5be9b49b0c905838b6e57b638e2ab8b3.jpg,0.652167578125,0.6344697222222222,0.5003578906249999,0.7310605555555556,0.5040921093749999,0.8337476388888889,2,0.84521484375,0.9836844444444444,2,0.661451875,0.5151268055555556,2,0.763533125,0.5132576388888889,2,0.80426859375,0.6209951388888888,2,0.832444609375,0.5797575,2,0.84194671875,0.6408370833333333,2
WIN_20251109_18_42_31_Pro_mp4-0173_jpg.rf.f78cf0b6f9fe6c41530f4fc2ca8eaf48,train,1,nga_trai,train\images\WIN_20251109_18_42_31_Pro_mp4-0173_jpg.rf.f78cf0b6f9fe6c41530f4fc2ca8eaf48.jpg,0.7,0.5984126388888888,0.5160714843750001,0.8031745833333334,0.5071428906250001,0.8482206944444444,2,0.860714375,0.9768677777777778,2,0.6883928906250001,0.5131029166666666,2,0.79553578125,0.5401029166666667,2,0.823214296875,0.6544558333333333,2,0.8633928125000001,0.6242794444444445,2,0.8428571874999999,0.7068677777777778,2
WIN_20251109_18_42_31_Pro_mp4-0174_jpg.rf.595f0d929410ffa2c804cda7562b1816,train,1,nga_trai,train\images\WIN_20251109_18_42_31_Pro_mp4-0174_jpg.rf.595f0d929410ffa2c804cda7562b1816.jpg,0.7125,0.6354166666666666,0.534375,0.7291666666666666,0.495535703125,0.8239620833333333,2,0.856250078125,1.0,2,0.700000078125,0.5213243055555555,2,0.822321484375,0.5594024999999999,2,0.8446428906250001,0.6768102777777778,2,0.878571484375,0.6419051388888889,2,0.86607140625,0.7164751388888889,2
WIN_20251109_18_42_31_Pro_mp4-0177_jpg.rf.45fdca1c9e0e338d4545243bcd6b88dc,train,1,nga_trai,train\images\WIN_20251109_18_42_31_Pro_mp4-0177_jpg.rf.45fdca1c9e0e338d4545243bcd6b88dc.jpg,0.70170453125,0.6609848611111111,0.5965909375,0.6780302777777777,0.5185990625,0.8546944444444444,2,0.8382790625000001,0.9937411111111112,2,0.7294921875,0.5157088888888889,2,0.83670875,0.58757,2,0.85854828125,0.7124566666666666,2,0.8851374218749999,0.6826566666666667,2,0.8822049218749999,0.7429668055555556,2
WIN_20251109_18_42_31_Pro_mp4-0178_jpg.rf.7071d969382ba022298882e1e7a4a93b,train,1,nga_trai,train\images\WIN_20251109_18_42_31_Pro_mp4-0178_jpg.rf.7071d969382ba022298882e1e7a4a93b.jpg,0.7143972656249999,0.6573479166666667,0.5515625,0.6853041666666666,0.511607109375,0.8538756944444443,2,0.8321428125000001,0.9983631944444444,2,0.7258928906250001,0.5061529166666666,2,0.833035703125,0.5903050000000001,2,0.8508928906250001,0.7046248611111111,2,0.892857109375,0.6982738888888889,2,0.8892857812500001,0.741143611111111,2
WIN_20251109_18_42_31_Pro_mp4-0179_jpg.rf.fb86f2081591b448610a89bd90cacdcf,train,1,nga_trai,train\images\WIN_20251109_18_42_31_Pro_mp4-0179_jpg.rf.fb86f2081591b448610a89bd90cacdcf.jpg,0.7139509375,0.6366070833333334,0.54174109375,0.7267856944444445,0.483035703125,0.81668625,2,0.85,1.0,2,0.705357109375,0.5120606944444445,2,0.825000078125,0.58980375,2,0.84375,0.6929320833333333,2,0.8732142968750001,0.6612002777777778,2,0.8589285156249999,0.7341836111111112,2
WIN_20251109_18_42_31_Pro_mp4-0180_jpg.rf.3b8ffbd481cafdf923d6b37b4b45e756,train,1,nga_trai,train\images\WIN_20251109_18_42_31_Pro_mp4-0180_jpg.rf.3b8ffbd481cafdf923d6b37b4b45e756.jpg,0.687276953125,0.6381,0.509375,0.7238,0.48482156249999997,0.8443490277777778,2,0.818750078125,0.9888365277777779,2,0.669642890625,0.4982141666666667,2,0.7714286718750001,0.5331451388888889,2,0.80089296875,0.6427016666666667,2,0.829464375,0.6236483333333334,2,0.84375,0.6681059722222222,2
WIN_20251109_18_42_31_Pro_mp4-0181_jpg.rf.6677efb9b4ed186ba633d9d8276e47ab,train,1,nga_trai,train\images\WIN_20251109_18_42_31_Pro_mp4-0181_jpg.rf.6677efb9b4ed186ba633d9d8276e47ab.jpg,0.637109375,0.6215277777777778,0.50703125,0.7569444444444444,0.44642859375,0.8500798611111111,2,0.825892890625,0.9976327777777778,2,0.616964375,0.49627,2,0.72142859375,0.507376111111111,2,0.7464285937499999,0.6168508333333333,2,0.7883928906250001,0.5755995833333333,2,0.78125,0.6581023611111111,2
WIN_20251109_18_42_31_Pro_mp4-0182_jpg.rf.a1c5380003e3de4d8bf58027a831316d,train,1,nga_trai,train\images\WIN_20251109_18_42_31_Pro_mp4-0182_jpg.rf.a1c5380003e3de4d8bf58027a831316d.jpg,0.6035715625,0.6075536111111112,0.4785715624999999,0.7848926388888889,0.43392859375,0.8947686111111111,2,0.75892859375,0.9693940277777778,2,0.5589285937499999,0.5010004166666667,2,0.6410714843750001,0.48035930555555556,2,0.675000078125,0.5708625,2,0.71875,0.5248169444444445,2,0.7383928125,0.6026179166666666,2
WIN_20251109_18_42_31_Pro_mp4-0183_jpg.rf.979392fef800b030e179e616ce6cbc2d,train,3,nghieng_trai,train\images\WIN_20251109_18_42_31_Pro_mp4-0183_jpg.rf.979392fef800b030e179e616ce6cbc2d.jpg,0.5657366406250001,0.6088293055555556,0.486383984375,0.78234125,0.375,0.8953587500000001,2,0.7696428125,0.9270905555555555,2,0.50178578125,0.49395111111111106,2,0.573214296875,0.46539250000000004,2,0.606250078125,0.541548888888889,2,0.6526785937499999,0.4971243055555556,2,0.6732143749999999,0.5891465277777778,2
WIN_20251109_18_42_31_Pro_mp4-0184_jpg.rf.12662df3671b965d3e060be493909011,train,4,thang,train\images\WIN_20251109_18_42_31_Pro_mp4-0184_jpg.rf.12662df3671b965d3e060be493909011.jpg,0.55267859375,0.5862805555555556,0.49285710937499994,0.75747875,0.35982156249999997,0.8983333333333333,2,0.736607265625,0.8824556944444445,2,0.45089289062500004,0.5045651388888889,2,0.509821484375,0.4489930555555555,2,0.54642859375,0.5267940277777777,2,0.585714296875,0.46963416666666663,2,0.63392859375,0.5410840277777778,2
WIN_20251109_18_42_31_Pro_mp4-0185_jpg.rf.274f51c80c6793ee165e691d21f66bee,train,4,thang,train\images\WIN_20251109_18_42_31_Pro_mp4-0185_jpg.rf.274f51c80c6793ee165e691d21f66bee.jpg,0.5380304687499999,0.613005,0.505038203125,0.7739898611111111,0.35177890624999997,0.9226345833333334,2,0.7264321093749999,0.9106395833333333,2,0.42673281249999995,0.5221452777777777,2,0.47010945312499997,0.45595111111111114,2,0.510700546875,0.5209172222222223,2,0.5489724218750001,0.4614554166666667,2,0.600905,0.5493952777777777,2
WIN_20251109_18_42_31_Pro_mp4-0186_jpg.rf.b5666b23a8806b3321e982fa23771f7f,train,4,thang,train\images\WIN_20251109_18_42_31_Pro_mp4-0186_jpg.rf.b5666b23a8806b3321e982fa23771f7f.jpg,0.53744921875,0.613005,0.49535296874999996,0.7739898611111111,0.345822421875,0.9343384722222222,2,0.724229296875,0.9043905555555556,2,0.41456187499999997,0.5348159722222222,2,0.457308671875,0.4564493055555556,2,0.4954334375,0.5223030555555556,2,0.537556015625,0.45727291666666664,2,0.5899574999999999,0.5362808333333333,2
WIN_20251109_18_42_31_Pro_mp4-0187_jpg.rf.d689492e3cb1e76918d77e8f407fa5da,train,4,thang,train\images\WIN_20251109_18_42_31_Pro_mp4-0187_jpg.rf.d689492e3cb1e76918d77e8f407fa5da.jpg,0.532143046875,0.6047590277777777,0.48928593750000005,0.7904818055555555,0.34017859375000004,0.9348520833333333,2,0.7071428125,0.89357,2,0.40535718750000005,0.5506106944444444,2,0.45267859374999997,0.4537563888888889,2,0.489285703125,0.5188551388888889,2,0.53125,0.45851972222222226,2,0.5901785937499999,0.52520625,2
WIN_20251109_18_42_31_Pro_mp4-0188_jpg.rf.883e9d878515cae75966cdf6b796def8,train,4,thang,train\images\WIN_20251109_18_42_31_Pro_mp4-0188_jpg.rf.883e9d878515cae75966cdf6b796def8.jpg,0.532447109375,0.6117423611111111,0.5080760937500001,0.7765151388888889,0.34040140625,0.9279266666666667,2,0.707011796875,0.9029011111111112,2,0.411546171875,0.5408479166666667,2,0.45436234375,0.4551373611111111,2,0.49192671875,0.5230724999999999,2,0.531960234375,0.4569079166666667,2,0.5868863281250001,0.5448084722222222,2
WIN_20251109_18_42_31_Pro_mp4-0189_jpg.rf.194b518bf76cf0d42c97b1481be1bdfa,train,4,thang,train\images\WIN_20251109_18_42_31_Pro_mp4-0189_jpg.rf.194b518bf76cf0d42c97b1481be1bdfa.jpg,0.51830359375,0.5438491666666666,0.5544643749999999,0.9123015277777777,0.34553578125,0.9069854166666667,2,0.716964296875,0.8609265277777779,2,0.40803578125,0.5401029166666667,2,0.445535703125,0.46069111111111116,2,0.48214289062500004,0.5226323611111111,2,0.52232140625,0.4670440277777778,2,0.5901785937499999,0.5162794444444445,2
WIN_20251109_18_42_31_Pro_mp4-0190_jpg.rf.7b202eefc0fc5610b08274ab953ea9e9,train,2,nghieng_phai,train\images\WIN_20251109_18_42_31_Pro_mp4-0190_jpg.rf.7b202eefc0fc5610b08274ab953ea9e9.jpg,0.54185265625,0.6108134722222223,0.47879460937499996,0.7783730555555555,0.34017859375000004,0.9186113888888889,2,0.72678578125,0.87736,2,0.40892859374999996,0.5600418055555555,2,0.445535703125,0.46801944444444443,2,0.47053578125,0.5124440277777778,2,0.516964296875,0.45691333333333334,2,0.585714296875,0.5187904166666667,2
WIN_20251109_18_42_31_Pro_mp4-0192_jpg.rf.6e6d1aa6fd631b2ac2b6c69dbe0bdade,train,2,nghieng_phai,train\images\WIN_20251109_18_42_31_Pro_mp4-0192_jpg.rf.6e6d1aa6fd631b2ac2b6c69dbe0bdade.jpg,0.541015625,0.6006944444444444,0.47578125,0.7986111111111112,0.33392859375,0.9461297222222222,2,0.720535703125,0.8636268055555555,2,0.382142890625,0.5558281944444444,2,0.40803578125,0.4907780555555556,2,0.441964296875,0.5272695833333333,2,0.48125,0.45745958333333336,2,0.5633928125,0.5114036111111111,2
WIN_20251109_18_42_31_Pro_mp4-0194_jpg.rf.6d6a61bcbdd58c7bc674ea7aa8fee685,train,2,nghieng_phai,train\images\WIN_20251109_18_42_31_Pro_mp4-0194_jpg.rf.6d6a61bcbdd58c7bc674ea7aa8fee685.jpg,0.536160703125,0.6212395833333334,0.47410703125,0.7575208333333333,0.35625,0.9475544444444444,2,0.706250078125,0.89357,2,0.350000078125,0.5363206944444444,2,0.383035703125,0.5331451388888889,2,0.414285703125,0.5553740277777778,2,0.448214296875,0.4712219444444445,2,0.54017859375,0.4791608333333333,2
WIN_20251109_18_42_31_Pro_mp4-0195_jpg.rf.ebbdc5180a8611972756a05b0b3eb446,train,2,nghieng_phai,train\images\WIN_20251109_18_42_31_Pro_mp4-0195_jpg.rf.ebbdc5180a8611972756a05b0b3eb446.jpg,0.5328125,0.6215277777777778,0.475,0.7569444444444444,0.357142890625,0.9316766666666666,2,0.70982140625,0.8776922222222222,2,0.35625,0.6172972222222223,2,0.364285703125,0.5506106944444444,2,0.40267859375,0.5760149999999999,2,0.43392859375,0.48074847222222217,2,0.5321428125,0.47280972222222223,2
WIN_20251109_18_42_31_Pro_mp4-0196_jpg.rf.c0cebd0b9cb35f7b6b6179020f0db09f,train,0,nga_phai,train\images\WIN_20251109_18_42_31_Pro_mp4-0196_jpg.rf.c0cebd0b9cb35f7b6b6179020f0db09f.jpg,0.53794640625,0.6088293055555556,0.513392890625,0.78234125,0.339285703125,0.9556491666666667,2,0.7258928906250001,0.8620402777777778,2,0.359821484375,0.5685209722222222,2,0.395535703125,0.5939063888888889,2,0.416964296875,0.4971243055555556,2,0.520535703125,0.4860181944444445,2,0.35625,0.6478504166666667,2
WIN_20251109_18_42_31_Pro_mp4-0197_jpg.rf.575c5fc02378cd7071eb8a60dd9dab8d,train,0,nga_phai,train\images\WIN_20251109_18_42_31_Pro_mp4-0197_jpg.rf.575c5fc02378cd7071eb8a60dd9dab8d.jpg,0.5234375,0.6131944444444445,0.5125,0.7736111111111111,0.338392890625,0.9477162499999999,2,0.725,0.8445877777777778,2,0.350892890625,0.5859734722222222,2,0.382142890625,0.6097723611111111,2,0.40803578125,0.5082304166666667,2,0.5071428906250001,0.48284499999999997,2,0.350000078125,0.6557834722222222,2
WIN_20251109_18_42_31_Pro_mp4-0198_jpg.rf.0cd97094e7d46f8270d1ffbbaeead33e,train,2,nghieng_phai,train\images\WIN_20251109_18_42_31_Pro_mp4-0198_jpg.rf.0cd97094e7d46f8270d1ffbbaeead33e.jpg,0.516964296875,0.6123015277777778,0.5696428906250001,0.7753968055555556,0.3553571875,0.9403383333333333,2,0.716964296875,0.8593383333333334,2,0.366964296875,0.69575,2,0.33660718749999996,0.5972795833333333,2,0.370535703125,0.625867638888889,2,0.391964296875,0.5019852777777778,2,0.50178578125,0.4638676388888889,2
WIN_20251109_18_42_31_Pro_mp4-0199_jpg.rf.3104f5f07c251aa5353146244bac75db,train,2,nghieng_phai,train\images\WIN_20251109_18_42_31_Pro_mp4-0199_jpg.rf.3104f5f07c251aa5353146244bac75db.jpg,0.5123884375000001,0.6085302777777778,0.5162946875000001,0.7829394444444445,0.350892890625,0.9300888888888889,2,0.7151785937499999,0.8268834722222221,2,0.33392859375,0.6522281944444445,2,0.33482140625,0.5982438888888889,2,0.37142859375000004,0.6141216666666667,2,0.391964296875,0.5125040277777778,2,0.50178578125,0.4712219444444445,2
WIN_20251109_18_42_31_Pro_mp4-0200_jpg.rf.209bb1955a8adf60ec5c9931a83f42e9,train,2,nghieng_phai,train\images\WIN_20251109_18_42_31_Pro_mp4-0200_jpg.rf.209bb1955a8adf60ec5c9931a83f42e9.jpg,0.52232140625,0.5934523611111111,0.5803571093749998,0.8130952777777777,0.350000078125,0.9578088888888888,2,0.72142859375,0.8529854166666666,2,0.35892859375,0.6989265277777778,2,0.3241071875,0.625867638888889,2,0.3758928125,0.6242794444444445,2,0.38392859375,0.5194558333333333,2,0.49375,0.4733970833333333,2
WIN_20251109_18_42_31_Pro_mp4-0201_jpg.rf.23b294a0b11b405f954372353a67e2ab,train,0,nga_phai,train\images\WIN_20251109_18_42_31_Pro_mp4-0201_jpg.rf.23b294a0b11b405f954372353a67e2ab.jpg,0.5125,0.6197420833333334,0.5428571874999999,0.7605158333333334,0.34017859375000004,0.9699286111111112,2,0.7178571875,0.8398280555555555,2,0.3428571875,0.6113590277777777,2,0.366964296875,0.6319845833333334,2,0.389285703125,0.5272695833333333,2,0.49642859375,0.4749120833333333,2,0.348214296875,0.6843420833333334,2
WIN_20251109_18_42_31_Pro_mp4-0202_jpg.rf.d1f5e28f5ac255f285dbb74426c723fd,train,0,nga_phai,train\images\WIN_20251109_18_42_31_Pro_mp4-0202_jpg.rf.d1f5e28f5ac255f285dbb74426c723fd.jpg,0.520703125,0.6298611111111111,0.52578125,0.7402777777777778,0.359821484375,0.9539055555555556,2,0.7026785156249999,0.8713411111111111,2,0.339285703125,0.5934805555555556,2,0.37321429687499996,0.6125338888888889,2,0.4,0.5140918055555556,2,0.4928571875,0.45851972222222226,2,0.326785703125,0.6442893055555555,2
WIN_20251109_18_42_31_Pro_mp4-0204_jpg.rf.360e4350dc4df89647ecbb376c49f580,train,2,nghieng_phai,train\images\WIN_20251109_18_42_31_Pro_mp4-0204_jpg.rf.360e4350dc4df89647ecbb376c49f580.jpg,0.54017859375,0.6140911111111111,0.49107148437500003,0.7686422222222222,0.34375,0.9078600000000001,2,0.7223214062500001,0.8237079166666667,2,0.3741071875,0.5664884722222222,2,0.39732140625,0.49503847222222225,2,0.43214289062500005,0.5220306944444444,2,0.45982140625,0.43470305555555555,2,0.549107109375,0.4601075,2
WIN_20251109_18_42_31_Pro_mp4-0205_jpg.rf.b1102eda63b888e9d3219cbfb7766946,train,2,nghieng_phai,train\images\WIN_20251109_18_42_31_Pro_mp4-0205_jpg.rf.b1102eda63b888e9d3219cbfb7766946.jpg,0.5459821875,0.6013888888888889,0.5205357031250001,0.7972222222222223,0.354464296875,0.9466913888888888,2,0.710714375,0.8704559722222223,2,0.40535718750000005,0.5925147222222222,2,0.4178571875,0.4924558333333333,2,0.46696429687499996,0.5305734722222222,2,0.49642859375,0.46227944444444447,2,0.5741071875,0.49880874999999997,2
WIN_20251109_18_42_31_Pro_mp4-0207_jpg.rf.c34a7f5e98de2e62ecb2072e822f5a16,train,4,thang,train\images\WIN_20251109_18_42_31_Pro_mp4-0207_jpg.rf.c34a7f5e98de2e62ecb2072e822f5a16.jpg,0.5473214843750001,0.6108134722222223,0.48750007812499996,0.7783730555555555,0.35357140625,0.9128112500000001,2,0.739285703125,0.9001184722222222,2,0.4375,0.54630875,2,0.48660710937499996,0.4638059722222222,2,0.52142859375,0.5193366666666667,2,0.56428578125,0.4717388888888889,2,0.6107143749999999,0.541548888888889,2
WIN_20251109_18_42_31_Pro_mp4-0208_jpg.rf.4811d27cb4487f2b89fe12241fc25f2c,train,4,thang,train\images\WIN_20251109_18_42_31_Pro_mp4-0208_jpg.rf.4811d27cb4487f2b89fe12241fc25f2c.jpg,0.552901796875,0.6177579166666667,0.47633937500000006,0.7644841666666666,0.360714296875,0.9101980555555554,2,0.7401786718750001,0.9086113888888889,2,0.44732140625000005,0.5294161111111111,2,0.5008928125,0.4580194444444444,2,0.539285703125,0.51831,2,0.575,0.4675390277777778,2,0.61964296875,0.5484551388888889,2
WIN_20251109_18_42_31_Pro_mp4-0209_jpg.rf.662b0595e37ddcbeaebe5e5c9cee955c,train,4,thang,train\images\WIN_20251109_18_42_31_Pro_mp4-0209_jpg.rf.662b0595e37ddcbeaebe5e5c9cee955c.jpg,0.5630580468749999,0.5924602777777777,0.48995539062500004,0.8150793055555555,0.36517859375,0.9101618055555556,2,0.7428571093749999,0.8990443055555556,2,0.451785703125,0.5289852777777777,2,0.50267859375,0.4495734722222222,2,0.54107140625,0.5337500000000001,2,0.5866071875000001,0.47657347222222224,2,0.6303571875,0.5226323611111111,2
WIN_20251109_18_42_31_Pro_mp4-0210_jpg.rf.90d152d6274a7be2b2175246f7aa06dc,train,4,thang,train\images\WIN_20251109_18_42_31_Pro_mp4-0210_jpg.rf.90d152d6274a7be2b2175246f7aa06dc.jpg,0.559375,0.6131944444444445,0.465625,0.7736111111111111,0.363392890625,0.9048220833333334,2,0.753571484375,0.90164875,2,0.453571484375,0.5319730555555555,2,0.506250078125,0.46533611111111106,2,0.54017859375,0.5192802777777777,2,0.58125,0.47009597222222227,2,0.6258928906250001,0.5414924999999999,2
WIN_20251109_18_42_31_Pro_mp4-0211_jpg.rf.d689a8ef36b0f17ea36a879289e5ba16,train,4,thang,train\images\WIN_20251109_18_42_31_Pro_mp4-0211_jpg.rf.d689a8ef36b0f17ea36a879289e5ba16.jpg,0.57767859375,0.5656745833333333,0.49464296875,0.8686508333333333,0.363392890625,0.8990443055555556,2,0.7383928125,0.881573611111111,2,0.448214296875,0.5242205555555556,2,0.49375,0.46227944444444447,2,0.545535703125,0.5273970833333333,2,0.576785703125,0.47180875,2,0.6294642968749999,0.5416911111111111,2
WIN_20251109_18_42_31_Pro_mp4-0212_jpg.rf.4e4a76ab5ab6dd5b3b2c34216714b0b8,train,4,thang,train\images\WIN_20251109_18_42_31_Pro_mp4-0212_jpg.rf.4e4a76ab5ab6dd5b3b2c34216714b0b8.jpg,0.55036234375,0.6193181944444445,0.5012928125000001,0.7613636111111111,0.368330546875,0.9128147222222222,2,0.735276640625,0.9061463888888889,2,0.45410710937500004,0.5322906944444444,2,0.5071078124999999,0.45742583333333336,2,0.547690625,0.5285915277777777,2,0.5838928125,0.47169444444444447,2,0.62682828125,0.5522411111111112,2
WIN_20251109_18_42_31_Pro_mp4-0213_jpg.rf.1cc0c6539fdc4a1d6471063cbb06484d,train,3,nghieng_trai,train\images\WIN_20251109_18_42_31_Pro_mp4-0213_jpg.rf.1cc0c6539fdc4a1d6471063cbb06484d.jpg,0.5540178906250001,0.6088293055555556,0.47767859375,0.78234125,0.3553571875,0.9064648611111111,2,0.74464296875,0.8985319444444444,2,0.45892859374999995,0.5256829166666667,2,0.525892890625,0.4558729166666667,2,0.5580357031250001,0.5288561111111112,2,0.5946428125,0.47967180555555555,2,0.6294642968749999,0.5701075,2
WIN_20251109_18_42_31_Pro_mp4-0214_jpg.rf.b6dbf4be4770e7fe00ae709b13b880c4,train,4,thang,train\images\WIN_20251109_18_42_31_Pro_mp4-0214_jpg.rf.b6dbf4be4770e7fe00ae709b13b880c4.jpg,0.551953125,0.5625,0.49140625,0.875,0.369642890625,0.91969125,2,0.7303571875,0.8752206944444445,2,0.46339289062500005,0.5051618055555556,2,0.528571484375,0.4575147222222222,2,0.5696428906250001,0.5369265277777778,2,0.6053571875,0.49722055555555555,2,0.63303578125,0.58775,2
WIN_20251109_18_42_31_Pro_mp4-0215_jpg.rf.8ccab69d70df2d9f2ead060db90c6d96,train,3,nghieng_trai,train\images\WIN_20251109_18_42_31_Pro_mp4-0215_jpg.rf.8ccab69d70df2d9f2ead060db90c6d96.jpg,0.545687578125,0.614196111111111,0.5061478906249999,0.7536448611111111,0.37176515625,0.9079515277777778,2,0.7265014843750001,0.8983388888888888,2,0.479059375,0.5034130555555556,2,0.552171171875,0.4609375,2,0.590315390625,0.5464804166666666,2,0.624800234375,0.5032552777777778,2,0.6487315625,0.5751163888888888,2
WIN_20251109_18_42_31_Pro_mp4-0216_jpg.rf.cf602fd5cfb04955a8cd71a080af5bb5,train,3,nghieng_trai,train\images\WIN_20251109_18_42_31_Pro_mp4-0216_jpg.rf.cf602fd5cfb04955a8cd71a080af5bb5.jpg,0.559375,0.6058531944444444,0.484821484375,0.7882936111111112,0.361607109375,0.8921855555555556,2,0.7464285937499999,0.8969454166666667,2,0.49464289062500005,0.48443166666666665,2,0.575892890625,0.46539250000000004,2,0.612500078125,0.5542416666666666,2,0.6491071093749999,0.5240963888888889,2,0.65892859375,0.6161186111111111,2
WIN_20251109_18_42_31_Pro_mp4-0217_jpg.rf.a0323885ff30177d72d42ba568fec5ad,train,3,nghieng_trai,train\images\WIN_20251109_18_42_31_Pro_mp4-0217_jpg.rf.a0323885ff30177d72d42ba568fec5ad.jpg,0.550390625,0.6229166666666667,0.50703125,0.7541666666666667,0.379602578125,0.9047752777777779,2,0.741410703125,0.9214656944444444,2,0.51260375,0.48889777777777776,2,0.598152890625,0.47093986111111114,2,0.630581953125,0.5677872222222222,2,0.661990078125,0.5308652777777778,2,0.678513984375,0.6011037499999999,2
WIN_20251109_18_42_31_Pro_mp4-0218_jpg.rf.f7e17ab0b79344b1a2b6d7d04f19efa1,train,3,nghieng_trai,train\images\WIN_20251109_18_42_31_Pro_mp4-0218_jpg.rf.f7e17ab0b79344b1a2b6d7d04f19efa1.jpg,0.567633984375,0.61875,0.47901796875,0.7625,0.37142859375000004,0.889012361111111,2,0.7616071875,0.9286772222222223,2,0.525892890625,0.48284499999999997,2,0.61875,0.48125847222222223,2,0.6491071093749999,0.5828002777777778,2,0.6866071875,0.552655,2,0.6866071875,0.6303980555555555,2
WIN_20251109_18_42_31_Pro_mp4-0219_jpg.rf.c9b5ab71a506caaae3cc77809e2a8a24,train,3,nghieng_trai,train\images\WIN_20251109_18_42_31_Pro_mp4-0219_jpg.rf.c9b5ab71a506caaae3cc77809e2a8a24.jpg,0.587276796875,0.6256944444444444,0.49151789062500006,0.7486111111111111,0.382142890625,0.8858391666666667,2,0.770535703125,0.9429563888888889,2,0.54107140625,0.4733254166666667,2,0.6401785156249999,0.4971243055555556,2,0.666071484375,0.5923197222222222,2,0.7026785156249999,0.5716943055555556,2,0.6991071875,0.6478504166666667,2
WIN_20251109_18_42_31_Pro_mp4-0220_jpg.rf.41978413d3405188e0f35aa95547b9a0,train,3,nghieng_trai,train\images\WIN_20251109_18_42_31_Pro_mp4-0220_jpg.rf.41978413d3405188e0f35aa95547b9a0.jpg,0.580078125,0.6256944444444444,0.48046875,0.7486111111111111,0.40267859375,0.8602268055555555,2,0.7669643749999999,0.9285011111111111,2,0.554464375,0.4886873611111111,2,0.6446428125,0.4998018055555556,2,0.674107109375,0.596656111111111,2,0.7116071875000001,0.5823661111111111,2,0.720535703125,0.6268240277777778,2
WIN_20251109_18_42_31_Pro_mp4-0221_jpg.rf.593078eec53407d005a39ff7e70ad1fe,train,3,nghieng_trai,train\images\WIN_20251109_18_42_31_Pro_mp4-0221_jpg.rf.593078eec53407d005a39ff7e70ad1fe.jpg,0.576953125,0.6180555555555556,0.46796875,0.7638888888888888,0.389285703125,0.8602268055555555,2,0.7616071875,0.9285011111111111,2,0.55357140625,0.4712219444444445,2,0.6491071093749999,0.4870997222222222,2,0.6776786718750001,0.6061827777777777,2,0.7071428125,0.5744272222222222,2,0.72767859375,0.6363504166666667,2
WIN_20251109_18_42_31_Pro_mp4-0222_jpg.rf.4399e70913f62628b4a03c9dbe50fc7c,train,1,nga_trai,train\images\WIN_20251109_18_42_31_Pro_mp4-0222_jpg.rf.4399e70913f62628b4a03c9dbe50fc7c.jpg,0.586160703125,0.6316468055555556,0.47589289062500006,0.7367063888888888,0.391964296875,0.8842526388888888,2,0.779464296875,0.9508894444444445,2,0.554464296875,0.48284499999999997,2,0.65357140625,0.5082304166666667,2,0.6776786718750001,0.6113590277777777,2,0.7142857031250001,0.5843868055555556,2,0.706250078125,0.65737,2
WIN_20251109_18_42_31_Pro_mp4-0223_jpg.rf.7b51a48b7e6db78639b2596464a3ec7c,train,3,nghieng_trai,train\images\WIN_20251109_18_42_31_Pro_mp4-0223_jpg.rf.7b51a48b7e6db78639b2596464a3ec7c.jpg,0.5858260156250001,0.6277490277777779,0.4801339843750001,0.7412283333333333,0.391964296875,0.8761044444444445,2,0.7660714843750001,0.9348520833333333,2,0.54017859375,0.48233638888888886,2,0.63303578125,0.4886873611111111,2,0.666964296875,0.5887172222222222,2,0.700892890625,0.5712518055555555,2,0.716964296875,0.6268240277777778,2
WIN_20251109_18_42_31_Pro_mp4-0224_jpg.rf.304a9f3f2dcee2f0fba66cae051d1f45,train,3,nghieng_trai,train\images\WIN_20251109_18_42_31_Pro_mp4-0224_jpg.rf.304a9f3f2dcee2f0fba66cae051d1f45.jpg,0.576674140625,0.6234170833333333,0.4895089062500001,0.7531656944444445,0.388392890625,0.8808679166666668,2,0.75803578125,0.8999211111111112,2,0.525,0.49186291666666665,2,0.61875,0.48233638888888886,2,0.645535703125,0.5728394444444445,2,0.679464375,0.5426718055555556,2,0.700000078125,0.5807783333333333,2
WIN_20251109_18_42_31_Pro_mp4-0225_jpg.rf.b943bdcd949dca7fb061fe5e817d1d1a,train,3,nghieng_trai,train\images\WIN_20251109_18_42_31_Pro_mp4-0225_jpg.rf.b943bdcd949dca7fb061fe5e817d1d1a.jpg,0.58002234375,0.6136970833333333,0.4685268749999999,0.7726058333333333,0.398214296875,0.8983333333333333,2,0.75,0.9157988888888888,2,0.5035714062500001,0.5077406944444445,2,0.5741071875,0.45851972222222226,2,0.616964375,0.5379084722222223,2,0.654464296875,0.5061529166666666,2,0.6866071875,0.5521984722222222,2
WIN_20251109_18_42_31_Pro_mp4-0227_jpg.rf.3e7cc36b3e28422921e3ab1f97bf728c,train,4,thang,train\images\WIN_20251109_18_42_31_Pro_mp4-0227_jpg.rf.3e7cc36b3e28422921e3ab1f97bf728c.jpg,0.58069203125,0.6150973611111111,0.47433039062500004,0.7698052777777779,0.398214296875,0.9078600000000001,2,0.7339285156249999,0.9015088888888889,2,0.45982140625,0.5426718055555556,2,0.520535703125,0.45851972222222226,2,0.5625,0.5220306944444444,2,0.6008928906250001,0.4632830555555556,2,0.6446428125,0.5363206944444444,2
WIN_20251109_18_42_31_Pro_mp4-0228_jpg.rf.76bee4883cddd012f1ab136a9151f917,train,4,thang,train\images\WIN_20251109_18_42_31_Pro_mp4-0228_jpg.rf.76bee4883cddd012f1ab136a9151f917.jpg,0.578683046875,0.6098213888888888,0.4765625000000001,0.7803570833333333,0.37142859375000004,0.9128112500000001,2,0.75803578125,0.9001184722222222,2,0.454464296875,0.5478952777777778,2,0.506250078125,0.4590461111111111,2,0.5428571875,0.5114036111111111,2,0.582142890625,0.46221930555555557,2,0.6294642968749999,0.5367890277777777,2
WIN_20251109_18_42_31_Pro_mp4-0229_jpg.rf.e4b4a3994b26bced390feecfd18f39b3,train,4,thang,train\images\WIN_20251109_18_42_31_Pro_mp4-0229_jpg.rf.e4b4a3994b26bced390feecfd18f39b3.jpg,0.5671875,0.6098213888888888,0.48705359375000007,0.7803570833333333,0.36875,0.9158047222222223,2,0.762500078125,0.9062852777777778,2,0.45089289062500004,0.5524754166666667,2,0.49642859375,0.46362625,2,0.53125,0.5096373611111111,2,0.5696428906250001,0.4604530555555556,2,0.623214296875,0.5366094444444444,2
WIN_20251109_18_42_31_Pro_mp4-0230_jpg.rf.bf68969f293dadc7634f0edb37bb2025,train,4,thang,train\images\WIN_20251109_18_42_31_Pro_mp4-0230_jpg.rf.bf68969f293dadc7634f0edb37bb2025.jpg,0.566183046875,0.6116859722222222,0.460491015625,0.7606520833333333,0.380357109375,0.8872188888888889,2,0.751785703125,0.8761044444444445,2,0.443750078125,0.5458473611111111,2,0.49017859374999995,0.4680463888888889,2,0.525,0.5156795833333334,2,0.567857109375,0.4521686111111111,2,0.6214285937499999,0.5140918055555556,2
WIN_20251109_18_42_31_Pro_mp4-0231_jpg.rf.9f8819501274f7c9920258bb97940496,train,4,thang,train\images\WIN_20251109_18_42_31_Pro_mp4-0231_jpg.rf.9f8819501274f7c9920258bb97940496.jpg,0.561939609375,0.6218434722222222,0.4946178124999999,0.7563130555555555,0.378886796875,0.9242276388888888,2,0.75207796875,0.9093523611111111,2,0.44430265625,0.5544556944444444,2,0.48274648437499995,0.46600277777777777,2,0.524547265625,0.5195855555555556,2,0.559392734375,0.4584122222222222,2,0.615386953125,0.5340811111111111,2
WIN_20251109_18_42_31_Pro_mp4-0232_jpg.rf.21703c9e4bcaceef65a44d89a7354f29,train,4,thang,train\images\WIN_20251109_18_42_31_Pro_mp4-0232_jpg.rf.21703c9e4bcaceef65a44d89a7354f29.jpg,0.5625,0.6142856944444445,0.44642859375,0.7714284722222222,0.385714296875,0.9126233333333333,2,0.732142890625,0.8888068055555556,2,0.4303571875,0.5458473611111111,2,0.476785703125,0.47280972222222223,2,0.5116071875,0.51091625,2,0.55357140625,0.4601075,2,0.611607109375,0.5156795833333334,2
WIN_20251109_18_42_31_Pro_mp4-0233_jpg.rf.3baf71d88cecb12b374622148835efea,train,2,nghieng_phai,train\images\WIN_20251109_18_42_31_Pro_mp4-0233_jpg.rf.3baf71d88cecb12b374622148835efea.jpg,0.55814734375,0.6038690277777778,0.49799117187499997,0.7922619444444444,0.350892890625,0.9239173611111111,2,0.741964375,0.8842526388888888,2,0.4178571875,0.5701075,2,0.45267859374999997,0.4701522222222222,2,0.485714296875,0.5209231944444445,2,0.525892890625,0.4542863888888889,2,0.5901785937499999,0.5161634722222223,2
WIN_20251109_18_42_31_Pro_mp4-0235_jpg.rf.be7ce9622f55e76a918b33dfce89f8fb,train,2,nghieng_phai,train\images\WIN_20251109_18_42_31_Pro_mp4-0235_jpg.rf.be7ce9622f55e76a918b33dfce89f8fb.jpg,0.5102678125,0.6214412500000001,0.45625,0.7571173611111112,0.34375,0.95866875,2,0.689285703125,0.8443490277777778,2,0.3553571875,0.5680761111111111,2,0.37857140624999996,0.5093284722222222,2,0.41517859375,0.5474351388888888,2,0.45892859374999995,0.4632830555555556,2,0.5321428125,0.5156795833333334,2
WIN_20251109_18_42_31_Pro_mp4-0236_jpg.rf.db052102ea936ac48e689ff811001124,train,0,nga_phai,train\images\WIN_20251109_18_42_31_Pro_mp4-0236_jpg.rf.db052102ea936ac48e689ff811001124.jpg,0.525337890625,0.6246868055555556,0.482493984375,0.7367473611111108,0.32666015625,0.9724095833333334,2,0.673547890625,0.8466845833333333,2,0.34701539062500003,0.5251193055555555,2,0.382385234375,0.5592891666666666,2,0.41586304687500003,0.4758719444444444,2,0.5000665625,0.5173858333333333,2,0.329309609375,0.6075056944444445,2
WIN_20251109_18_42_31_Pro_mp4-0237_jpg.rf.cc7374389e00e7ca6d8cf322e6c57975,train,0,nga_phai,train\images\WIN_20251109_18_42_31_Pro_mp4-0237_jpg.rf.cc7374389e00e7ca6d8cf322e6c57975.jpg,0.50581359375,0.6344697222222222,0.503104453125,0.7310605555555556,0.321536015625,0.9798374999999999,2,0.66945578125,0.8371852777777778,2,0.31348765625,0.5537405555555556,2,0.3502196875,0.5878806944444445,2,0.3836059375,0.4972725,2,0.47423484374999997,0.51962,2,0.30083953124999996,0.6265930555555556,2
WIN_20251109_18_42_31_Pro_mp4-0238_jpg.rf.fa1bb9914dbff59ecdd864059be94ff4,train,0,nga_phai,train\images\WIN_20251109_18_42_31_Pro_mp4-0238_jpg.rf.fa1bb9914dbff59ecdd864059be94ff4.jpg,0.469140625,0.6340277777777777,0.51953125,0.7319444444444444,0.298214296875,1.0,2,0.6517857031250001,0.8080961111111111,2,0.29375,0.5716943055555556,2,0.326785703125,0.6081856944444445,2,0.358035703125,0.5098170833333333,2,0.4491071875,0.5240963888888889,2,0.2821428125,0.65737,2
WIN_20251109_18_42_31_Pro_mp4-0239_jpg.rf.e84bea6a1787413a3d7c8ebf77b44319,train,0,nga_phai,train\images\WIN_20251109_18_42_31_Pro_mp4-0239_jpg.rf.e84bea6a1787413a3d7c8ebf77b44319.jpg,0.4484375,0.625,0.6828125,0.75,0.309821484375,0.967865,2,0.6303571875,0.7947472222222222,2,0.2625,0.6025706944444444,2,0.309821484375,0.6343354166666667,2,0.33482140625,0.5231588888888888,2,0.42857140625,0.5199825,2,0.26875,0.6931001388888889,2
WIN_20251109_18_42_31_Pro_mp4-0240_jpg.rf.53d6db92592e65daec303f764a189cc1,train,0,nga_phai,train\images\WIN_20251109_18_42_31_Pro_mp4-0240_jpg.rf.53d6db92592e65daec303f764a189cc1.jpg,0.452566953125,0.6398188888888889,0.5591517968749999,0.7173362499999999,0.287500078125,1.0,2,0.62767859375,0.8049230555555554,2,0.256250078125,0.6097723611111111,2,0.29375,0.6351579166666667,2,0.318750078125,0.5383756944444444,2,0.420535703125,0.5352025,2,0.255357109375,0.6843420833333334,2
WIN_20251109_18_42_31_Pro_mp4-0241_jpg.rf.a1d773500cef8ea9ac558fffad2e0602,train,0,nga_phai,train\images\WIN_20251109_18_42_31_Pro_mp4-0241_jpg.rf.a1d773500cef8ea9ac558fffad2e0602.jpg,0.45058648437500004,0.6515151388888889,0.5616843750000001,0.6969697222222223,0.30702351562499997,0.9936079166666667,2,0.618030859375,0.8170672222222223,2,0.25163406250000003,0.6214734722222222,2,0.286432421875,0.6515151388888889,2,0.31448640625,0.5519205555555555,2,0.413474375,0.5333018055555556,2,0.24698156249999997,0.6856751388888889,2
WIN_20251109_18_42_31_Pro_mp4-0243_jpg.rf.29fe6ccd4ef20892b3b449e278adfe76,train,0,nga_phai,train\images\WIN_20251109_18_42_31_Pro_mp4-0243_jpg.rf.29fe6ccd4ef20892b3b449e278adfe76.jpg,0.44486609374999997,0.6326388888888889,0.519196484375,0.7347222222222223,0.289285703125,1.0,2,0.6366071875,0.8049230555555554,2,0.28125,0.5954930555555555,2,0.317857109375,0.6272248611111111,2,0.34732140624999996,0.5383756944444444,2,0.43839281249999995,0.5336158333333333,2,0.27232140625,0.6732359722222222,2
WIN_20251109_18_42_31_Pro_mp4-0244_jpg.rf.3a836c946f9ef314f0f89787069326c5,train,0,nga_phai,train\images\WIN_20251109_18_42_31_Pro_mp4-0244_jpg.rf.3a836c946f9ef314f0f89787069326c5.jpg,0.480859375,0.6333333333333333,0.45703125,0.7333333333333333,0.32767859375,0.9824854166666667,2,0.65357140625,0.8316468055555556,2,0.318750078125,0.5569616666666667,2,0.361607109375,0.5998316666666667,2,0.389285703125,0.5125040277777778,2,0.473214296875,0.5188551388888889,2,0.29642859375,0.6569915277777778,2
WIN_20251109_18_42_31_Pro_mp4-0245_jpg.rf.d876d4921b210d5c95de7ee8b656af97,train,0,nga_phai,train\images\WIN_20251109_18_42_31_Pro_mp4-0245_jpg.rf.d876d4921b210d5c95de7ee8b656af97.jpg,0.50133921875,0.6250073611111111,0.440178515625,0.7499852777777778,0.326785703125,0.9348520833333333,2,0.668750078125,0.8395856944444445,2,0.360714296875,0.5204429166666666,2,0.398214296875,0.5680761111111111,2,0.43125,0.4886873611111111,2,0.5071428906250001,0.52520625,2,0.328571484375,0.5474351388888888,2
WIN_20251109_18_42_31_Pro_mp4-0246_jpg.rf.f00cf0ee023007560e2924d7596dcae2,train,2,nghieng_phai,train\images\WIN_20251109_18_42_31_Pro_mp4-0246_jpg.rf.f00cf0ee023007560e2924d7596dcae2.jpg,0.52399546875,0.62637,0.43772312499999994,0.7408106944444443,0.350892890625,0.9443788888888889,2,0.68125,0.8729290277777778,2,0.37678578125,0.5807783333333333,2,0.403571484375,0.4982141666666667,2,0.448214296875,0.5537862499999999,2,0.48660710937499996,0.4870997222222222,2,0.55,0.5156795833333334,2
WIN_20251109_18_42_31_Pro_mp4-0247_jpg.rf.b0afc966f97030b7a463dff36a90f7ca,train,4,thang,train\images\WIN_20251109_18_42_31_Pro_mp4-0247_jpg.rf.b0afc966f97030b7a463dff36a90f7ca.jpg,0.540625,0.6291797222222223,0.45625015625,0.7416405555555555,0.36785718749999996,0.9396155555555555,2,0.716964296875,0.8856311111111111,2,0.40446429687499996,0.5728394444444445,2,0.45535710937499996,0.4855118055555555,2,0.4928571875,0.5474351388888888,2,0.529464296875,0.47439749999999997,2,0.585714296875,0.5283818055555556,2
WIN_20251109_18_42_31_Pro_mp4-0248_jpg.rf.92453519463bba06a03533b2e8f90a16,train,4,thang,train\images\WIN_20251109_18_42_31_Pro_mp4-0248_jpg.rf.92453519463bba06a03533b2e8f90a16.jpg,0.543993828125,0.6235795833333333,0.4885559375,0.7345327777777779,0.371987109375,0.9279711111111111,2,0.7299221874999999,0.9122622222222222,2,0.43761374999999997,0.5487886111111111,2,0.48327359375,0.47587694444444445,2,0.52301578125,0.5330156944444444,2,0.560863125,0.47774125,2,0.609605234375,0.5497455555555556,2
WIN_20251109_18_42_31_Pro_mp4-0249_jpg.rf.7d8443b8ced8bf85ee2916d2d09bfadb,train,4,thang,train\images\WIN_20251109_18_42_31_Pro_mp4-0249_jpg.rf.7d8443b8ced8bf85ee2916d2d09bfadb.jpg,0.5537996875,0.6253872222222222,0.4939630468749999,0.7431986111111111,0.376290078125,0.9154484722222221,2,0.740794765625,0.9141168055555555,2,0.45231492187500005,0.5426629166666667,2,0.49911500000000003,0.47067847222222226,2,0.541895078125,0.5299183333333334,2,0.5768460156249999,0.4752604166666667,2,0.62360453125,0.5610943055555556,2
WIN_20251109_18_42_31_Pro_mp4-0250_jpg.rf.401b11c0233455f2d9aa0b4a80354c97,train,4,thang,train\images\WIN_20251109_18_42_31_Pro_mp4-0250_jpg.rf.401b11c0233455f2d9aa0b4a80354c97.jpg,0.563671875,0.6131944444444445,0.46484375,0.7736111111111111,0.370535703125,0.9128112500000001,2,0.75267859375,0.9048783333333332,2,0.458035703125,0.5447220833333334,2,0.50892859375,0.4701522222222222,2,0.544642890625,0.5304427777777777,2,0.585714296875,0.4749120833333333,2,0.6321428906250001,0.541548888888889,2
WIN_20251109_18_42_31_Pro_mp4-0252_jpg.rf.4773c056921005a1085320377fc44882,train,4,thang,train\images\WIN_20251109_18_42_31_Pro_mp4-0252_jpg.rf.4773c056921005a1085320377fc44882.jpg,0.56484375,0.6131944444444445,0.475,0.7736111111111111,0.3758928125,0.9017051388888889,2,0.76428578125,0.9112245833333332,2,0.4616071875,0.5478952777777778,2,0.514285703125,0.48125847222222223,2,0.5473214843750001,0.541548888888889,2,0.591071484375,0.48760486111111107,2,0.6410714843750001,0.5304427777777777,2
WIN_20251109_18_42_31_Pro_mp4-0253_jpg.rf.4f65fdcbebb429d9ec692adb3d9508c6,train,4,thang,train\images\WIN_20251109_18_42_31_Pro_mp4-0253_jpg.rf.4f65fdcbebb429d9ec692adb3d9508c6.jpg,0.56752234375,0.61577375,0.47209820312499995,0.7684523611111111,0.372321484375,0.9064648611111111,2,0.763392890625,0.8969454166666667,2,0.46517859375,0.5399622222222222,2,0.520535703125,0.47967180555555555,2,0.554464296875,0.5447220833333334,2,0.59642859375,0.4860181944444445,2,0.6401785156249999,0.552655,2
WIN_20251109_18_42_31_Pro_mp4-0254_jpg.rf.3d7f1515bafe3afb5a1faef1389e0559,train,4,thang,train\images\WIN_20251109_18_42_31_Pro_mp4-0254_jpg.rf.3d7f1515bafe3afb5a1faef1389e0559.jpg,0.5647321875,0.5785713888888888,0.5116072656249999,0.8428570833333333,0.375,0.9069854166666667,2,0.748214296875,0.8895147222222223,2,0.46875,0.5146911111111111,2,0.52142859375,0.46545583333333335,2,0.56517859375,0.5369265277777778,2,0.606250078125,0.4813381944444444,2,0.643750078125,0.5671029166666667,2
WIN_20251109_18_42_31_Pro_mp4-0255_jpg.rf.b950f23db1ef9fbd32439e6085cc4da0,train,3,nghieng_trai,train\images\WIN_20251109_18_42_31_Pro_mp4-0255_jpg.rf.b950f23db1ef9fbd32439e6085cc4da0.jpg,0.565093984375,0.6186868055555556,0.5009266406250001,0.7626262500000001,0.3806790625,0.91688375,2,0.755998125,0.9225901388888889,2,0.48781796875000005,0.5133118055555556,2,0.552820390625,0.4633838888888889,2,0.59049015625,0.5437923611111112,2,0.63272375,0.49498402777777784,2,0.659937109375,0.5667712500000001,2
WIN_20251109_18_42_31_Pro_mp4-0256_jpg.rf.52e581e479f336ad2bf3068a29cb7ebc,train,3,nghieng_trai,train\images\WIN_20251109_18_42_31_Pro_mp4-0256_jpg.rf.52e581e479f336ad2bf3068a29cb7ebc.jpg,0.590234375,0.5888888888888889,0.57421875,0.8222222222222222,0.382142890625,0.8958677777777778,2,0.77232140625,0.8990443055555556,2,0.5125,0.4940440277777778,2,0.5901785937499999,0.4511616666666667,2,0.6241071875,0.5464558333333334,2,0.6723214843750001,0.517867638888889,2,0.68214296875,0.6036323611111111,2
WIN_20251109_18_42_31_Pro_mp4-0257_jpg.rf.adde9ef263498fd0eb280f80fee4a9c0,train,3,nghieng_trai,train\images\WIN_20251109_18_42_31_Pro_mp4-0257_jpg.rf.adde9ef263498fd0eb280f80fee4a9c0.jpg,0.596484375,0.61875,0.45859375,0.7625,0.41964289062500004,0.8967456944444444,2,0.7750000781249999,0.9443788888888889,2,0.53392859375,0.4934506944444444,2,0.612500078125,0.45534416666666666,2,0.65357140625,0.5426718055555556,2,0.70178578125,0.5172673611111112,2,0.71875,0.5950684722222223,2
WIN_20251109_18_42_31_Pro_mp4-0258_jpg.rf.65effe2d610c7cc19cacd605155f7dc2,train,1,nga_trai,train\images\WIN_20251109_18_42_31_Pro_mp4-0258_jpg.rf.65effe2d610c7cc19cacd605155f7dc2.jpg,0.598957421875,0.6275252777777778,0.5104148437499999,0.7449494444444444,0.43844328125,0.8824525000000001,2,0.817310703125,0.9830926388888889,2,0.576349453125,0.4964044444444445,2,0.670651484375,0.47286833333333333,2,0.704850625,0.5679598611111112,2,0.736278203125,0.5303473611111111,2,0.7527438281250001,0.6005809722222222,2
WIN_20251109_18_42_31_Pro_mp4-0259_jpg.rf.f30975d5846f56773b4c2da468fd818c,train,1,nga_trai,train\images\WIN_20251109_18_42_31_Pro_mp4-0259_jpg.rf.f30975d5846f56773b4c2da468fd818c.jpg,0.6331473437499999,0.6167658333333332,0.5051339062500001,0.7664681944444444,0.44017859374999996,0.8477609722222221,2,0.8455357031249999,1.0,2,0.6133928125,0.48125847222222223,2,0.71875,0.4891913888888889,2,0.753571484375,0.5939063888888889,2,0.7821428906250001,0.552655,2,0.78928578125,0.6192919444444445,2
WIN_20251109_18_42_31_Pro_mp4-0260_jpg.rf.5d6706558d2991c4fd71fc8a40f067e4,train,1,nga_trai,train\images\WIN_20251109_18_42_31_Pro_mp4-0260_jpg.rf.5d6706558d2991c4fd71fc8a40f067e4.jpg,0.6301901562500001,0.6309523611111112,0.5260053125,0.7380952777777777,0.47447421875,0.8511981944444444,2,0.8180934375,0.9726097222222222,2,0.644339453125,0.49028861111111105,2,0.7452959375,0.5027669444444445,2,0.779183515625,0.6207915277777778,2,0.80854140625,0.5836666666666667,2,0.8145141406249999,0.6743784722222222,2
WIN_20251109_18_42_31_Pro_mp4-0261_jpg.rf.3e835e59073fc5a4d00ab5b47ab19dc9,train,1,nga_trai,train\images\WIN_20251109_18_42_31_Pro_mp4-0261_jpg.rf.3e835e59073fc5a4d00ab5b47ab19dc9.jpg,0.6800223437499999,0.6336309722222222,0.5453125,0.7327380555555556,0.45,0.838241388888889,2,0.8491071874999999,0.9953140277777777,2,0.6607142968749999,0.4907780555555556,2,0.7767857031250001,0.5352025,2,0.80357140625,0.6430908333333333,2,0.83839296875,0.6177052777777777,2,0.8285714843750001,0.6700627777777778,2
WIN_20251109_18_42_31_Pro_mp4-0263_jpg.rf.133dbfd203317743bbb22f891f7f6301,train,1,nga_trai,train\images\WIN_20251109_18_42_31_Pro_mp4-0263_jpg.rf.133dbfd203317743bbb22f891f7f6301.jpg,0.6861607031249999,0.5840730555555556,0.5776785156249999,0.8141777777777779,0.47857140625000005,0.8482206944444444,2,0.857142890625,0.9752795833333333,2,0.68214296875,0.5051618055555556,2,0.793750078125,0.5575734722222222,2,0.808035703125,0.69257375,2,0.847321484375,0.6481029166666666,2,0.825000078125,0.7275147222222222,2
WIN_20251109_18_42_31_Pro_mp4-0265_jpg.rf.d8d8188bb3b5dbeb61b9b0e897461fac,train,1,nga_trai,train\images\WIN_20251109_18_42_31_Pro_mp4-0265_jpg.rf.d8d8188bb3b5dbeb61b9b0e897461fac.jpg,0.668359375,0.6201388888888889,0.53203125,0.7597222222222222,0.44732140625000005,0.8386922222222222,2,0.8455357031249999,1.0,2,0.65625,0.49440194444444446,2,0.77232140625,0.5531058333333333,2,0.7883928906250001,0.6594074999999999,2,0.82142859375,0.6229158333333333,2,0.8133928906250001,0.6895526388888888,2
WIN_20251109_18_42_31_Pro_mp4-0266_jpg.rf.563ac40ed214ac9dcac8707d35d17bbd,train,1,nga_trai,train\images\WIN_20251109_18_42_31_Pro_mp4-0266_jpg.rf.563ac40ed214ac9dcac8707d35d17bbd.jpg,0.610999375,0.6247065277777778,0.493305546875,0.7418373611111111,0.44724062499999995,0.8511580555555556,2,0.8306302343749999,0.9799804166666667,2,0.6153259375,0.49258694444444445,2,0.711115078125,0.5050356944444444,2,0.745955,0.6161222222222222,2,0.7783757812500001,0.57594,2,0.789339921875,0.6315844444444444,2
WIN_20251109_18_42_31_Pro_mp4-0267_jpg.rf.4f7368cc2bcf6fe1d96ffb1aa2390652,train,3,nghieng_trai,train\images\WIN_20251109_18_42_31_Pro_mp4-0267_jpg.rf.4f7368cc2bcf6fe1d96ffb1aa2390652.jpg,0.61093765625,0.6142976388888889,0.4602680468750001,0.7555270833333332,0.44017859374999996,0.87928,2,0.7857142968749999,0.9554931944444445,2,0.5660714062500001,0.48233638888888886,2,0.65357140625,0.4775729166666667,2,0.68482140625,0.5696640277777778,2,0.7383928125,0.5379084722222223,2,0.7508928906250001,0.5887172222222222,2
WIN_20251109_18_42_31_Pro_mp4-0268_jpg.rf.e1fded5c49e15716aca879cfe6f7bed7,train,3,nghieng_trai,train\images\WIN_20251109_18_42_31_Pro_mp4-0268_jpg.rf.e1fded5c49e15716aca879cfe6f7bed7.jpg,0.597098203125,0.6162548611111112,0.47008945312499995,0.7642168055555555,0.41875,0.8824556944444445,2,0.759821484375,0.9300888888888889,2,0.5267857031250001,0.4839241666666667,2,0.6053571875,0.4680463888888889,2,0.6410714843750001,0.5442595833333334,2,0.68482140625,0.4870997222222222,2,0.71339296875,0.5379084722222223,2
WIN_20251109_18_42_31_Pro_mp4-0270_jpg.rf.290103898069b20f4a070d39a4833bfa,train,4,thang,train\images\WIN_20251109_18_42_31_Pro_mp4-0270_jpg.rf.290103898069b20f4a070d39a4833bfa.jpg,0.5552455468749999,0.5966011111111111,0.4716517968749999,0.7495400000000001,0.359821484375,0.8856311111111111,2,0.72767859375,0.8665779166666667,2,0.44642859375,0.5283818055555556,2,0.5125,0.4521686111111111,2,0.54107140625,0.5236184722222222,2,0.58392859375,0.46487083333333334,2,0.626785703125,0.5458473611111111,2
WIN_20251109_18_42_31_Pro_mp4-0271_jpg.rf.f946797225a9aa811e129c2509e380e3,train,4,thang,train\images\WIN_20251109_18_42_31_Pro_mp4-0271_jpg.rf.f946797225a9aa811e129c2509e380e3.jpg,0.53783484375,0.6053570833333334,0.533258984375,0.7892856944444445,0.3446428125,0.8982244444444444,2,0.7241071875,0.8807538888888888,2,0.42767859374999995,0.5281655555555556,2,0.46875,0.45510666666666666,2,0.5125,0.5281655555555556,2,0.554464296875,0.4614595833333333,2,0.60892859375,0.5218125,2
WIN_20251109_18_42_31_Pro_mp4-0272_jpg.rf.ddbe9fb4e8faa51e0887d9dffb8876a3,train,4,thang,train\images\WIN_20251109_18_42_31_Pro_mp4-0272_jpg.rf.ddbe9fb4e8faa51e0887d9dffb8876a3.jpg,0.5316964843750001,0.5918436111111112,0.47589289062500006,0.7654056944444444,0.35267859375,0.9205622222222222,2,0.70982140625,0.8951577777777777,2,0.41517859375,0.5426718055555556,2,0.4616071875,0.4521686111111111,2,0.5044642968749999,0.5061529166666666,2,0.5428571875,0.45534416666666666,2,0.5973214062500001,0.5299695833333333,2
WIN_20251109_18_42_31_Pro_mp4-0273_jpg.rf.39b815d6810199ae4a3e0a8952bb2cad,train,4,thang,train\images\WIN_20251109_18_42_31_Pro_mp4-0273_jpg.rf.39b815d6810199ae4a3e0a8952bb2cad.jpg,0.53794640625,0.6127976388888888,0.49553570312499995,0.7744047222222222,0.330357109375,0.9239173611111111,2,0.72767859375,0.889012361111111,2,0.41339289062500006,0.541548888888889,2,0.460714296875,0.45745958333333336,2,0.49375,0.5209231944444445,2,0.539285703125,0.4638059722222222,2,0.591071484375,0.5383756944444444,2
WIN_20251109_18_42_31_Pro_mp4-0274_jpg.rf.2f3392996c3194504074fabd427db1dd,train,4,thang,train\images\WIN_20251109_18_42_31_Pro_mp4-0274_jpg.rf.2f3392996c3194504074fabd427db1dd.jpg,0.531640625,0.5993055555555555,0.48984375,0.8013888888888889,0.332142890625,0.9128112500000001,2,0.722321484375,0.8842526388888888,2,0.41339289062500006,0.5510684722222222,2,0.45625,0.45745958333333336,2,0.49107140625,0.5193366666666667,2,0.53392859375,0.46221930555555557,2,0.5901785937499999,0.5367890277777777,2
WIN_20251109_18_42_31_Pro_mp4-0275_jpg.rf.22c19b8dc80d02b747520719301d576d,train,4,thang,train\images\WIN_20251109_18_42_31_Pro_mp4-0275_jpg.rf.22c19b8dc80d02b747520719301d576d.jpg,0.53392859375,0.5803316666666667,0.46964289062500003,0.82653625,0.349107109375,0.9189744444444444,2,0.706250078125,0.9142111111111111,2,0.410714296875,0.5426718055555556,2,0.457142890625,0.45851972222222226,2,0.491964296875,0.5204429166666666,2,0.537500078125,0.45851972222222226,2,0.59553578125,0.5061529166666666,2
WIN_20251109_18_42_31_Pro_mp4-0276_jpg.rf.72fd72aab5c348f6aaa68ff4a3825856,train,4,thang,train\images\WIN_20251109_18_42_31_Pro_mp4-0276_jpg.rf.72fd72aab5c348f6aaa68ff4a3825856.jpg,0.5365184375000001,0.6155302777777778,0.490650546875,0.7689394444444444,0.35098265624999997,0.9319809722222222,2,0.7157065625000001,0.9091304166666666,2,0.414292734375,0.5466580555555556,2,0.45294187499999994,0.46105097222222224,2,0.490481328125,0.523422638888889,2,0.5313415625,0.4606070833333333,2,0.59004625,0.5348997222222222,2
WIN_20251109_18_42_31_Pro_mp4-0277_jpg.rf.06d48659ed04ef0c11dc1a087145e281,train,4,thang,train\images\WIN_20251109_18_42_31_Pro_mp4-0277_jpg.rf.06d48659ed04ef0c11dc1a087145e281.jpg,0.53984375,0.6058531944444444,0.4970982031249999,0.7882936111111112,0.3375,0.9207443055555555,2,0.725,0.8937720833333334,2,0.410714296875,0.5431355555555555,2,0.44642859375,0.4701522222222222,2,0.48214289062500004,0.5193366666666667,2,0.525,0.4590461111111111,2,0.58482140625,0.5272695833333333,2
WIN_20251109_18_42_31_Pro_mp4-0278_jpg.rf.6c7e9c2fe1efb6b5c46ca6bc99a0c75f,train,2,nghieng_phai,train\images\WIN_20251109_18_42_31_Pro_mp4-0278_jpg.rf.6c7e9c2fe1efb6b5c46ca6bc99a0c75f.jpg,0.532924140625,0.6098213888888888,0.51450890625,0.7803570833333333,0.34375,0.9175709722222223,2,0.729464296875,0.8810794444444444,2,0.40089289062500005,0.5732806944444444,2,0.42767859374999995,0.4860181944444445,2,0.460714296875,0.5304427777777777,2,0.50267859375,0.46221930555555557,2,0.5785714843750001,0.5098170833333333,2
WIN_20251109_18_42_31_Pro_mp4-0279_jpg.rf.03ce14ce0099654aae9f595d05bfaafe,train,2,nghieng_phai,train\images\WIN_20251109_18_42_31_Pro_mp4-0279_jpg.rf.03ce14ce0099654aae9f595d05bfaafe.jpg,0.51640625,0.6053570833333334,0.5685267968750001,0.7892856944444445,0.343526796875,0.91969125,2,0.72924109375,0.8672795833333333,2,0.3944196875,0.6211030555555556,2,0.393526796875,0.50675,2,0.4390625,0.5496323611111111,2,0.47299109375,0.4575147222222222,2,0.56049109375,0.4892794444444445,2
WIN_20251109_18_42_31_Pro_mp4-0280_jpg.rf.a55fc5097f69a7d220708b4f7ff3f3f7,train,2,nghieng_phai,train\images\WIN_20251109_18_42_31_Pro_mp4-0280_jpg.rf.a55fc5097f69a7d220708b4f7ff3f3f7.jpg,0.5358259375000001,0.6184754166666667,0.4765625,0.7630490277777778,0.348214296875,0.9333133333333333,2,0.720535703125,0.864990138888889,2,0.36517859375,0.5823661111111111,2,0.388392890625,0.5220306944444444,2,0.422321484375,0.5617251388888889,2,0.451785703125,0.46487083333333334,2,0.55,0.4839241666666667,2
WIN_20251109_18_42_31_Pro_mp4-0281_jpg.rf.fbe4c547bf0cef443116a05bd406a683,train,2,nghieng_phai,train\images\WIN_20251109_18_42_31_Pro_mp4-0281_jpg.rf.fbe4c547bf0cef443116a05bd406a683.jpg,0.552734375,0.6229166666666667,0.48828125,0.7541666666666667,0.363395,0.9453963888888889,2,0.716483359375,0.9059638888888889,2,0.36630250000000003,0.6038461111111111,2,0.377754921875,0.5420759722222221,2,0.40681593749999995,0.5699179166666666,2,0.43655671875,0.48043416666666666,2,0.5357943749999999,0.4914575,2
WIN_20251109_18_42_31_Pro_mp4-0282_jpg.rf.ebe7444f5620d3013c68dd6df4a50199,train,2,nghieng_phai,train\images\WIN_20251109_18_42_31_Pro_mp4-0282_jpg.rf.ebe7444f5620d3013c68dd6df4a50199.jpg,0.528571328125,0.6206391666666666,0.487499921875,0.7523704166666666,0.35267859375,0.9332644444444443,2,0.7116071093749999,0.85705125,2,0.354464296875,0.61094625,2,0.369642890625,0.5474351388888888,2,0.39910718749999996,0.5776027777777778,2,0.425,0.4791608333333333,2,0.525892890625,0.48074847222222217,2
WIN_20251109_18_42_31_Pro_mp4-0283_jpg.rf.2d47e3f082c8014c51cecceb7f812f60,train,2,nghieng_phai,train\images\WIN_20251109_18_42_31_Pro_mp4-0283_jpg.rf.2d47e3f082c8014c51cecceb7f812f60.jpg,0.5485340625,0.6300184722222222,0.5033181250000001,0.7373095833333334,0.36308703124999997,0.9335345833333334,2,0.7334871875,0.8949998611111111,2,0.364934765625,0.6291873611111112,2,0.363697421875,0.5715306944444444,2,0.39224242187499997,0.5866920833333333,2,0.418964765625,0.4912454166666667,2,0.5204772656250001,0.47846138888888895,2
WIN_20251109_18_42_31_Pro_mp4-0284_jpg.rf.519637dccb0ad527469cf828acdb6812,train,2,nghieng_phai,train\images\WIN_20251109_18_42_31_Pro_mp4-0284_jpg.rf.519637dccb0ad527469cf828acdb6812.jpg,0.5375,0.6173611111111111,0.4953125,0.7652777777777777,0.35267859375,0.93490125,2,0.7339285156249999,0.8571004166666667,2,0.366964296875,0.6522773611111111,2,0.36607140625,0.5760641666666667,2,0.39642859375,0.5823661111111111,2,0.40446429687499996,0.5013895833333333,2,0.517857109375,0.4664586111111111,2
WIN_20251109_18_42_31_Pro_mp4-0285_jpg.rf.e7de0421e8fc37c0fdbceeace24f2cd7,train,0,nga_phai,train\images\WIN_20251109_18_42_31_Pro_mp4-0285_jpg.rf.e7de0421e8fc37c0fdbceeace24f2cd7.jpg,0.534375,0.6237102777777777,0.5151785156249999,0.7525793055555555,0.35625,0.9334369444444445,2,0.736607109375,0.8588672222222222,2,0.363392890625,0.5859734722222222,2,0.3875,0.5986661111111111,2,0.412500078125,0.5034706944444445,2,0.52232140625,0.4733254166666667,2,0.366964296875,0.6430908333333333,2
WIN_20251109_18_42_31_Pro_mp4-0287_jpg.rf.8acd769d0a82af49471141d9b14493de,train,2,nghieng_phai,train\images\WIN_20251109_18_42_31_Pro_mp4-0287_jpg.rf.8acd769d0a82af49471141d9b14493de.jpg,0.5501903125000001,0.6294019444444444,0.5080510937499999,0.7259755555555557,0.37001179687499997,0.9380376388888889,2,0.730313359375,0.8875473611111111,2,0.36785609375,0.6376213888888889,2,0.370721953125,0.5781644444444444,2,0.39318015625,0.5953579166666666,2,0.42102046875,0.4985548611111111,2,0.525268515625,0.48044902777777776,2
WIN_20251109_18_42_31_Pro_mp4-0288_jpg.rf.829478eea08c26dcfeec56b6b2ddef6b,train,1,nga_trai,train\images\WIN_20251109_18_42_31_Pro_mp4-0288_jpg.rf.829478eea08c26dcfeec56b6b2ddef6b.jpg,0.5563354687500001,0.6240079166666667,0.48767093750000007,0.7519841666666666,0.36184695312500004,0.9388873611111112,2,0.729470390625,0.8702566666666667,2,0.38001796875,0.6236048611111111,2,0.384116015625,0.5588184722222223,2,0.4114946875,0.5869140277777778,2,0.4365234375,0.49907,2,0.54007828125,0.48446805555555555,2
WIN_20251109_18_42_31_Pro_mp4-0289_jpg.rf.d80ff3651d61c668c7373ecb92c38f16,train,3,nghieng_trai,train\images\WIN_20251109_18_42_31_Pro_mp4-0289_jpg.rf.d80ff3651d61c668c7373ecb92c38f16.jpg,0.5543296093750001,0.6233354166666666,0.490761484375,0.7466708333333333,0.3725475,0.9290906944444444,2,0.72899,0.8767509722222223,2,0.3906721875,0.5952295833333333,2,0.40226328125000005,0.5270773611111111,2,0.42864992187500006,0.5612669444444444,2,0.46828390625000005,0.47827888888888886,2,0.56235296875,0.49846111111111113,2
WIN_20251109_18_42_31_Pro_mp4-0291_jpg.rf.d452f45b09335e949f60ff69200e087e,train,4,thang,train\images\WIN_20251109_18_42_31_Pro_mp4-0291_jpg.rf.d452f45b09335e949f60ff69200e087e.jpg,0.549776796875,0.5866756944444443,0.47008937500000003,0.7439862500000001,0.361607109375,0.9078600000000001,2,0.7258928906250001,0.864990138888889,2,0.41964289062500004,0.5585495833333334,2,0.45089289062500004,0.48074847222222217,2,0.488392890625,0.5267940277777777,2,0.523214296875,0.46963416666666663,2,0.6,0.5188551388888889,2
WIN_20251109_18_42_31_Pro_mp4-0292_jpg.rf.6729147221572e476ba0cc0b9a54ae4e,train,4,thang,train\images\WIN_20251109_18_42_31_Pro_mp4-0292_jpg.rf.6729147221572e476ba0cc0b9a54ae4e.jpg,0.5616071875,0.6118055555555556,0.4892857031250001,0.7763888888888889,0.3625,0.9112245833333332,2,0.75267859375,0.9080515277777778,2,0.44285710937499995,0.5605879166666666,2,0.47857140625000005,0.4780852777777778,2,0.51517859375,0.5320293055555556,2,0.559821484375,0.4669791666666667,2,0.6151786718750001,0.5177499999999999,2
WIN_20251109_18_42_31_Pro_mp4-0293_jpg.rf.be0ecd5aabef571c4139346e1b88d092,train,4,thang,train\images\WIN_20251109_18_42_31_Pro_mp4-0293_jpg.rf.be0ecd5aabef571c4139346e1b88d092.jpg,0.551339140625,0.6166720833333333,0.46874992187500003,0.7666556944444445,0.366964296875,0.9046844444444444,2,0.729464296875,0.8903944444444444,2,0.445535703125,0.5331451388888889,2,0.49017859374999995,0.4712219444444445,2,0.525892890625,0.5347329166666667,2,0.57142859375,0.47280972222222223,2,0.6258928906250001,0.5267940277777777,2
WIN_20251109_18_42_31_Pro_mp4-0295_jpg.rf.1cc18fbf151ed709b1be78b26d974d77,train,4,thang,train\images\WIN_20251109_18_42_31_Pro_mp4-0295_jpg.rf.1cc18fbf151ed709b1be78b26d974d77.jpg,0.563504453125,0.5706348611111112,0.517633984375,0.8587301388888889,0.3625,0.9038088888888889,2,0.7455357031250001,0.8863383333333333,2,0.4491071875,0.5226323611111111,2,0.489285703125,0.47657347222222224,2,0.53392859375,0.5432794444444444,2,0.575,0.47657347222222224,2,0.6294642968749999,0.5337500000000001,2
WIN_20251109_18_42_31_Pro_mp4-0296_jpg.rf.e6984c2d08325e21f7fa15388517e70c,train,4,thang,train\images\WIN_20251109_18_42_31_Pro_mp4-0296_jpg.rf.e6984c2d08325e21f7fa15388517e70c.jpg,0.5595981250000001,0.6069309722222223,0.4575892187500001,0.7320555555555556,0.37678578125,0.87928,2,0.7508928906250001,0.8840433333333334,2,0.44642859375,0.5188551388888889,2,0.49464289062500005,0.47280972222222223,2,0.5357142968749999,0.52520625,2,0.575,0.47439749999999997,2,0.63303578125,0.5299695833333333,2
WIN_20251109_18_42_31_Pro_mp4-0297_jpg.rf.a1a18473dd38cd6f40e770e3261e505c,train,4,thang,train\images\WIN_20251109_18_42_31_Pro_mp4-0297_jpg.rf.a1a18473dd38cd6f40e770e3261e505c.jpg,0.5609375,0.6131944444444445,0.475,0.7736111111111111,0.36607140625,0.9080515277777778,2,0.7544642968749999,0.9032916666666667,2,0.4616071875,0.5367890277777777,2,0.508035703125,0.46221930555555557,2,0.54017859375,0.5256829166666667,2,0.580357109375,0.4717388888888889,2,0.635714296875,0.5478952777777778,2
WIN_20251109_18_42_31_Pro_mp4-0298_jpg.rf.ec837efa0cdca64b428583cbaff59760,train,4,thang,train\images\WIN_20251109_18_42_31_Pro_mp4-0298_jpg.rf.ec837efa0cdca64b428583cbaff59760.jpg,0.56171875,0.6145833333333334,0.4578125,0.7708333333333334,0.370535703125,0.902957361111111,2,0.75803578125,0.9140634722222223,2,0.46785718750000005,0.5269352777777777,2,0.5267857031250001,0.46505819444444446,2,0.560714296875,0.5301084722222222,2,0.5982142968749999,0.4856838888888889,2,0.6446428125,0.5475609722222222,2
WIN_20251109_18_42_31_Pro_mp4-0300_jpg.rf.722b927c2c13ff018e6b400614ed80bd,train,3,nghieng_trai,train\images\WIN_20251109_18_42_31_Pro_mp4-0300_jpg.rf.722b927c2c13ff018e6b400614ed80bd.jpg,0.5579251562499999,0.6196955555555556,0.4951116406249999,0.7545425000000001,0.386247109375,0.9163805555555555,2,0.7474587500000001,0.9297861111111112,2,0.485173984375,0.5104758333333334,2,0.5491721093749999,0.4604886111111111,2,0.5859097656250001,0.5484533333333333,2,0.620272578125,0.49954624999999997,2,0.65371984375,0.5851434722222222,2
WIN_20251109_18_42_31_Pro_mp4-0301_jpg.rf.e5265b106b30bbcc7b57c67f2c6454ca,train,3,nghieng_trai,train\images\WIN_20251109_18_42_31_Pro_mp4-0301_jpg.rf.e5265b106b30bbcc7b57c67f2c6454ca.jpg,0.56171875,0.6131944444444445,0.4703125,0.7736111111111111,0.372321484375,0.8955791666666667,2,0.7464285937499999,0.9050986111111112,2,0.49375,0.49417152777777773,2,0.57142859375,0.47195930555555554,2,0.60178578125,0.5544620833333334,2,0.638392890625,0.5227302777777777,2,0.65892859375,0.5941268055555555,2
WIN_20251109_18_42_31_Pro_mp4-0302_jpg.rf.840258d637b2eeaaadbd375f65441f2c,train,3,nghieng_trai,train\images\WIN_20251109_18_42_31_Pro_mp4-0302_jpg.rf.840258d637b2eeaaadbd375f65441f2c.jpg,0.563951015625,0.6244140277777778,0.461383984375,0.74799625,0.39017859375,0.9078600000000001,2,0.7241071875,0.9173866666666667,2,0.508035703125,0.4839241666666667,2,0.58392859375,0.4775729166666667,2,0.612500078125,0.5649005555555556,2,0.648214375,0.5474351388888888,2,0.6758928125,0.6030073611111111,2
WIN_20251109_18_42_31_Pro_mp4-0303_jpg.rf.754e0cb5ea2b9ee68e4da8edc71f16be,train,3,nghieng_trai,train\images\WIN_20251109_18_42_31_Pro_mp4-0303_jpg.rf.754e0cb5ea2b9ee68e4da8edc71f16be.jpg,0.570535703125,0.6256944444444444,0.4803571875000001,0.7486111111111111,0.36785718749999996,0.889012361111111,2,0.7616071875,0.9143979166666666,2,0.51875,0.48443166666666665,2,0.606250078125,0.48760486111111107,2,0.63125,0.5907331944444445,2,0.675000078125,0.5732806944444444,2,0.6732143749999999,0.6430908333333333,2
WIN_20251109_18_42_31_Pro_mp4-0304_jpg.rf.5d6b7a41f9c1ad121977759994225f92,train,3,nghieng_trai,train\images\WIN_20251109_18_42_31_Pro_mp4-0304_jpg.rf.5d6b7a41f9c1ad121977759994225f92.jpg,0.5708705468749999,0.6266865277777778,0.47433039062500004,0.7466269444444446,0.375,0.8805908333333333,2,0.7616071875,0.9091493055555555,2,0.5357142968749999,0.4775965277777778,2,0.63125,0.49822222222222223,2,0.6517857031250001,0.6061104166666667,2,0.6946428906250001,0.5854847222222221,2,0.6919642968749999,0.6521215277777778,2
WIN_20251109_18_42_31_Pro_mp4-0305_jpg.rf.29facb08a958d3bde6b66aa549309e4d,train,3,nghieng_trai,train\images\WIN_20251109_18_42_31_Pro_mp4-0305_jpg.rf.29facb08a958d3bde6b66aa549309e4d.jpg,0.578124921875,0.62934375,0.48660703125,0.7285119444444444,0.3866071875,0.85705125,2,0.7455357031250001,0.8999211111111112,2,0.55,0.4886873611111111,2,0.6446428125,0.4998018055555556,2,0.666071484375,0.6093583333333333,2,0.705357109375,0.5855416666666666,2,0.7125,0.6379383333333334,2
WIN_20251109_18_42_31_Pro_mp4-0306_jpg.rf.2a50a3c102c095b5ca285562ace0018b,train,3,nghieng_trai,train\images\WIN_20251109_18_42_31_Pro_mp4-0306_jpg.rf.2a50a3c102c095b5ca285562ace0018b.jpg,0.57544640625,0.6269622222222222,0.4937499218750001,0.7269241666666667,0.3866071875,0.858242638888889,2,0.7571428906250001,0.9074636111111111,2,0.559821484375,0.48194000000000004,2,0.6464286718750001,0.49623,2,0.666964296875,0.6057863888888889,2,0.7026785156249999,0.5883208333333333,2,0.7241071875,0.6407176388888889,2
WIN_20251109_18_42_31_Pro_mp4-0307_jpg.rf.4d5fbfbf03b4bc46a2da98fff989aa8c,train,1,nga_trai,train\images\WIN_20251109_18_42_31_Pro_mp4-0307_jpg.rf.4d5fbfbf03b4bc46a2da98fff989aa8c.jpg,0.60357140625,0.6296626388888888,0.5375,0.7406745833333334,0.389285703125,0.8747330555555556,2,0.78392859375,0.9572358333333333,2,0.56517859375,0.4733254166666667,2,0.6616071875,0.5082304166666667,2,0.6839285937499999,0.6129454166666667,2,0.720535703125,0.6002527777777777,2,0.70982140625,0.6732359722222222,2
WIN_20251109_18_42_31_Pro_mp4-0308_jpg.rf.40703dec8b77caef64857ec3d67bb479,train,3,nghieng_trai,train\images\WIN_20251109_18_42_31_Pro_mp4-0308_jpg.rf.40703dec8b77caef64857ec3d67bb479.jpg,0.58359375,0.6215277777777778,0.4921875,0.7569444444444444,0.3866071875,0.8715598611111111,2,0.7776785937499999,0.9413698611111111,2,0.560714296875,0.4701522222222222,2,0.6616071875,0.5129902777777778,2,0.67857140625,0.6065991666666667,2,0.7196428906250001,0.5923197222222222,2,0.7151785937499999,0.6462638888888889,2
WIN_20251109_18_42_31_Pro_mp4-0311_jpg.rf.bc7d58238a365eb09ea6e4b31e58bb4d,train,3,nghieng_trai,train\images\WIN_20251109_18_42_31_Pro_mp4-0311_jpg.rf.bc7d58238a365eb09ea6e4b31e58bb4d.jpg,0.57857140625,0.6125022222222222,0.46785710937499986,0.7718202777777777,0.4116071875,0.8967455555555556,2,0.75,0.92215,2,0.5071428906250001,0.4998019444444444,2,0.5696428906250001,0.4632830555555556,2,0.607142890625,0.5315573611111111,2,0.6446428125,0.5045651388888889,2,0.67857140625,0.5585495833333334,2
WIN_20251109_18_42_31_Pro_mp4-0312_jpg.rf.74747306ac331d083df85b1750d7e020,train,4,thang,train\images\WIN_20251109_18_42_31_Pro_mp4-0312_jpg.rf.74747306ac331d083df85b1750d7e020.jpg,0.57991078125,0.6135072222222222,0.46875007812499997,0.7729855555555556,0.39732140625,0.9094477777777779,2,0.72767859375,0.9332644444444443,2,0.47589289062500006,0.5077406944444445,2,0.5321428125,0.46169527777777775,2,0.57232140625,0.5331451388888889,2,0.61875,0.4886873611111111,2,0.6553571875,0.5426718055555556,2
WIN_20251109_18_42_31_Pro_mp4-0313_jpg.rf.31454d292199bb61a9987dab57fcff11,train,4,thang,train\images\WIN_20251109_18_42_31_Pro_mp4-0313_jpg.rf.31454d292199bb61a9987dab57fcff11.jpg,0.564071640625,0.6224747222222222,0.49177968750000006,0.7550505555555556,0.389440390625,0.9242769444444445,2,0.753035078125,0.9265456944444443,2,0.46287671875,0.5424163888888889,2,0.509804453125,0.46368472222222223,2,0.54459453125,0.5239356944444444,2,0.5848028125,0.46799541666666666,2,0.6340637499999999,0.5510575,2
WIN_20251109_18_42_31_Pro_mp4-0314_jpg.rf.840aa5ad54b1ce7e8959d413949444ff,train,4,thang,train\images\WIN_20251109_18_42_31_Pro_mp4-0314_jpg.rf.840aa5ad54b1ce7e8959d413949444ff.jpg,0.5618303124999999,0.6224286111111111,0.46741062499999997,0.755142638888889,0.399107109375,0.9237377777777778,2,0.724107109375,0.9015088888888889,2,0.44642859375,0.5506106944444444,2,0.49375,0.4632830555555556,2,0.525892890625,0.5172673611111112,2,0.57142859375,0.46487083333333334,2,0.62232140625,0.5363206944444444,2
WIN_20251109_18_42_31_Pro_mp4-0317_jpg.rf.b3143e41add8b4ad59030c6e3e6b4cd5,train,4,thang,train\images\WIN_20251109_18_42_31_Pro_mp4-0317_jpg.rf.b3143e41add8b4ad59030c6e3e6b4cd5.jpg,0.549609375,0.6284722222222222,0.48671875,0.7430555555555556,0.36924046875,0.9179045833333334,2,0.731109609375,0.8994091666666667,2,0.432431328125,0.5539870833333334,2,0.472708984375,0.46853791666666667,2,0.5055875000000001,0.5218295833333334,2,0.541182109375,0.46435055555555554,2,0.602694453125,0.5400193055555556,2
WIN_20251109_18_42_31_Pro_mp4-0318_jpg.rf.2adcda35d3e92e7f5a55756de8f4ca5f,train,4,thang,train\images\WIN_20251109_18_42_31_Pro_mp4-0318_jpg.rf.2adcda35d3e92e7f5a55756de8f4ca5f.jpg,0.55,0.6247023611111111,0.46607140625000004,0.7505952777777777,0.3553571875,0.9175709722222223,2,0.738392890625,0.8985319444444444,2,0.426785703125,0.5542416666666666,2,0.4625,0.46856569444444446,2,0.5008928125,0.5225098611111112,2,0.541964296875,0.4669791666666667,2,0.5946428125,0.5367890277777777,2
WIN_20251109_18_42_31_Pro_mp4-0319_jpg.rf.78799c72134f6654bd07ba1e1388aaa7,train,4,thang,train\images\WIN_20251109_18_42_31_Pro_mp4-0319_jpg.rf.78799c72134f6654bd07ba1e1388aaa7.jpg,0.52845984375,0.6053570833333334,0.505580390625,0.7892856944444445,0.348214296875,0.9212794444444444,2,0.70982140625,0.8720441666666667,2,0.410714296875,0.56075,2,0.44642859375,0.47498527777777777,2,0.48392859374999997,0.5353381944444444,2,0.520535703125,0.4670440277777778,2,0.580357109375,0.5258087499999999,2
WIN_20251109_18_42_31_Pro_mp4-0321_jpg.rf.f77c2bfcfae4008b90b0c24ad086c3c9,train,4,thang,train\images\WIN_20251109_18_42_31_Pro_mp4-0321_jpg.rf.f77c2bfcfae4008b90b0c24ad086c3c9.jpg,0.52578125,0.6244045833333334,0.46093742187500003,0.7511908333333334,0.34642859375,0.9348520833333333,2,0.698214296875,0.85705125,2,0.36875,0.5410840277777778,2,0.395535703125,0.5029773611111111,2,0.43571429687499996,0.5363206944444444,2,0.47767859375,0.4632830555555556,2,0.549107109375,0.5093284722222222,2
WIN_20251109_18_42_31_Pro_mp4-0322_jpg.rf.1f4e7522cc7856531db1a2004d0bf865,train,2,nghieng_phai,train\images\WIN_20251109_18_42_31_Pro_mp4-0322_jpg.rf.1f4e7522cc7856531db1a2004d0bf865.jpg,0.50078125,0.6347222222222222,0.4515625,0.7305555555555555,0.344642890625,0.950729861111111,2,0.6776786718750001,0.8665779166666667,2,0.34575890625,0.5664859722222222,2,0.371651796875,0.5125016666666666,2,0.40825890625000005,0.5506083333333334,2,0.43861609375,0.4728073611111111,2,0.521651796875,0.5140894444444445,2
WIN_20251109_18_42_31_Pro_mp4-0323_jpg.rf.db81d20d0d1334e8585aa53d9ea25445,train,0,nga_phai,train\images\WIN_20251109_18_42_31_Pro_mp4-0323_jpg.rf.db81d20d0d1334e8585aa53d9ea25445.jpg,0.489508984375,0.6336309722222222,0.44776796875,0.7327380555555556,0.304464296875,0.9719130555555555,2,0.666964296875,0.8465723611111111,2,0.350892890625,0.5260809722222223,2,0.381250078125,0.5546395833333334,2,0.41160710937499995,0.4880026388888889,2,0.5,0.5181479166666667,2,0.329464296875,0.6117568055555556,2
WIN_20251109_18_42_31_Pro_mp4-0324_jpg.rf.f2de0a70d76c0facec47c1a6f1a8d8ce,train,0,nga_phai,train\images\WIN_20251109_18_42_31_Pro_mp4-0324_jpg.rf.f2de0a70d76c0facec47c1a6f1a8d8ce.jpg,0.49140625,0.6177579166666667,0.48504460937499994,0.7644841666666666,0.29017859375,1.0,2,0.64732140625,0.8350683333333333,2,0.328571484375,0.541548888888889,2,0.354464296875,0.5701075,2,0.39375,0.49395111111111106,2,0.4803571875,0.5240963888888889,2,0.31071429687499996,0.622465,2
WIN_20251109_18_42_31_Pro_mp4-0325_jpg.rf.d6cc75294f261d8f0a407369006c0d70,train,0,nga_phai,train\images\WIN_20251109_18_42_31_Pro_mp4-0325_jpg.rf.d6cc75294f261d8f0a407369006c0d70.jpg,0.46908484375,0.6375991666666666,0.48504460937499994,0.7248015277777777,0.28482140624999996,1.0,2,0.6401785156249999,0.8287219444444445,2,0.300892890625,0.5558281944444444,2,0.326785703125,0.5812136111111111,2,0.36517859375,0.5034706944444445,2,0.457142890625,0.5225098611111112,2,0.287500078125,0.6383309722222222,2
WIN_20251109_18_42_31_Pro_mp4-0326_jpg.rf.e52f9491c6d1829895bf4eaa7a887660,train,0,nga_phai,train\images\WIN_20251109_18_42_31_Pro_mp4-0326_jpg.rf.e52f9491c6d1829895bf4eaa7a887660.jpg,0.45524554687499996,0.63787375,0.47700890625000003,0.711452361111111,0.307142890625,0.9713709722222222,2,0.6133928125,0.8221201388888889,2,0.2821428125,0.5712518055555555,2,0.31607140624999996,0.5887172222222222,2,0.34375,0.5045651388888889,2,0.433035703125,0.5156795833333334,2,0.25267859375,0.61094625,2
WIN_20251109_18_42_31_Pro_mp4-0327_jpg.rf.2e7cc087605cd0a5a7f5b2e6f6dcdb1b,train,0,nga_phai,train\images\WIN_20251109_18_42_31_Pro_mp4-0327_jpg.rf.2e7cc087605cd0a5a7f5b2e6f6dcdb1b.jpg,0.44174109375,0.6395833333333333,0.4861607031249999,0.7208333333333333,0.263392890625,1.0,2,0.6133928125,0.8096829166666667,2,0.257142890625,0.5685209722222222,2,0.295535703125,0.6002527777777777,2,0.330357109375,0.5082304166666667,2,0.41964289062500004,0.5256829166666667,2,0.2508928125,0.6446772222222222,2
WIN_20251109_18_42_31_Pro_mp4-0328_jpg.rf.798d530aec8b9d5f5ba3b2ed4e53f86b,train,0,nga_phai,train\images\WIN_20251109_18_42_31_Pro_mp4-0328_jpg.rf.798d530aec8b9d5f5ba3b2ed4e53f86b.jpg,0.41875,0.6395833333333333,0.4703125,0.7208333333333333,0.29017859375,0.9888365277777779,2,0.588392890625,0.8205323611111112,2,0.255357109375,0.5585495833333334,2,0.288392890625,0.6014194444444444,2,0.32232140625,0.5125040277777778,2,0.41964289062500004,0.5220306944444444,2,0.236607109375,0.6093583333333333,2
WIN_20251109_18_42_31_Pro_mp4-0329_jpg.rf.775112d9797eed9a36ee264a94623de8,train,0,nga_phai,train\images\WIN_20251109_18_42_31_Pro_mp4-0329_jpg.rf.775112d9797eed9a36ee264a94623de8.jpg,0.44799109374999996,0.6296626388888888,0.525446484375,0.7406745833333334,0.2616071875,1.0,2,0.6098214843750001,0.8065095833333333,2,0.25,0.5748673611111111,2,0.285714296875,0.5954930555555555,2,0.323214296875,0.5114036111111111,2,0.41607140625000005,0.5193366666666667,2,0.24196429687499998,0.6430908333333333,2
WIN_20251109_18_42_31_Pro_mp4-0330_jpg.rf.f9a8f5a2077dcb3c98a597ef4bb06d47,train,0,nga_phai,train\images\WIN_20251109_18_42_31_Pro_mp4-0330_jpg.rf.f9a8f5a2077dcb3c98a597ef4bb06d47.jpg,0.45491078125,0.6336309722222222,0.5526786718750001,0.7327380555555556,0.266964296875,1.0,2,0.6107143749999999,0.8049230555555554,2,0.255357109375,0.5685209722222222,2,0.287500078125,0.6050125,2,0.320535703125,0.5145768055555555,2,0.41964289062500004,0.5383756944444444,2,0.24642859375,0.6605431944444444,2
WIN_20251109_18_42_31_Pro_mp4-0332_jpg.rf.c6c615a203f736458ec676601517812e,train,0,nga_phai,train\images\WIN_20251109_18_42_31_Pro_mp4-0332_jpg.rf.c6c615a203f736458ec676601517812e.jpg,0.46372765625,0.6326388888888889,0.4921875,0.7347222222222223,0.28482140624999996,1.0,2,0.6366071875,0.811666388888889,2,0.29375,0.5673313888888889,2,0.3241071875,0.6054095833333334,2,0.354464296875,0.521320138888889,2,0.451785703125,0.5308397222222223,2,0.276785703125,0.641901111111111,2
WIN_20251109_18_42_31_Pro_mp4-0334_jpg.rf.6551f06d7b077ce1eef12e52fdc46a03,train,2,nghieng_phai,train\images\WIN_20251109_18_42_31_Pro_mp4-0334_jpg.rf.6551f06d7b077ce1eef12e52fdc46a03.jpg,0.4984375,0.6331747222222223,0.45312492187500003,0.7336504166666666,0.320535703125,0.9523666666666666,2,0.662500078125,0.8285201388888889,2,0.333035703125,0.5713006944444444,2,0.360714296875,0.5156795833333334,2,0.40714281249999995,0.5633129166666667,2,0.43839281249999995,0.49503847222222225,2,0.513392890625,0.5299695833333333,2
WIN_20251109_18_42_31_Pro_mp4-0335_jpg.rf.259910b57e98a61841ca1dbd3ffe7e88,train,4,thang,train\images\WIN_20251109_18_42_31_Pro_mp4-0335_jpg.rf.259910b57e98a61841ca1dbd3ffe7e88.jpg,0.51350453125,0.6233913888888888,0.4658482031250001,0.73089,0.3428571875,0.9570809722222222,2,0.6883928906250001,0.864990138888889,2,0.377678671875,0.5728394444444445,2,0.41517859375,0.4998018055555556,2,0.45,0.5553740277777778,2,0.49375,0.4855118055555555,2,0.551785703125,0.5283818055555556,2
WIN_20251109_18_42_31_Pro_mp4-0336_jpg.rf.bf960d7486dccfa2fb0ad6753d5567ac,train,4,thang,train\images\WIN_20251109_18_42_31_Pro_mp4-0336_jpg.rf.bf960d7486dccfa2fb0ad6753d5567ac.jpg,0.539843828125,0.6222305555555555,0.4578125,0.746012361111111,0.359821484375,0.9316766666666666,2,0.70267859375,0.8618145833333333,2,0.40892859374999996,0.5601372222222223,2,0.45625007812499996,0.47757305555555557,2,0.489285703125,0.5315573611111111,2,0.5303571875,0.47439749999999997,2,0.583035703125,0.5426718055555556,2
WIN_20251109_18_42_31_Pro_mp4-0337_jpg.rf.54c8b6bc740e25f68091bb27637ffe86,train,4,thang,train\images\WIN_20251109_18_42_31_Pro_mp4-0337_jpg.rf.54c8b6bc740e25f68091bb27637ffe86.jpg,0.550000078125,0.6212301388888889,0.4767858593749999,0.7575397222222222,0.3758928125,0.9285011111111111,2,0.7258928906250001,0.89357,2,0.42857140625,0.5521984722222222,2,0.47589289062500006,0.47439749999999997,2,0.5116071875,0.53949625,2,0.5553571875000001,0.4775729166666667,2,0.6008928906250001,0.5379084722222223,2
WIN_20251109_18_42_31_Pro_mp4-0338_jpg.rf.a8b417f7dca5bd4b63dd9afd77622ba4,train,4,thang,train\images\WIN_20251109_18_42_31_Pro_mp4-0338_jpg.rf.a8b417f7dca5bd4b63dd9afd77622ba4.jpg,0.55183546875,0.6237743055555556,0.48577328125,0.7374477777777778,0.367118125,0.9302793055555556,2,0.72867375,0.9109502777777777,2,0.438129765625,0.5458195833333334,2,0.48284359375,0.4724688888888889,2,0.524011796875,0.53488,2,0.558055546875,0.4760594444444445,2,0.60924734375,0.5548601388888889,2
WIN_20251109_18_42_31_Pro_mp4-0340_jpg.rf.2e1c894cc6a2033918541ea85c8ba0bf,train,4,thang,train\images\WIN_20251109_18_42_31_Pro_mp4-0340_jpg.rf.2e1c894cc6a2033918541ea85c8ba0bf.jpg,0.55981859375,0.6179051388888889,0.4875349218749999,0.7484365277777777,0.38113406250000004,0.9290808333333334,2,0.7415189062499999,0.9150883333333334,2,0.450278515625,0.5337654166666667,2,0.499325859375,0.46665875,2,0.536421328125,0.5297752777777778,2,0.5730590624999999,0.474565,2,0.623554609375,0.5572226388888889,2
WIN_20251109_18_42_31_Pro_mp4-0341_jpg.rf.b8846defcd3b93be0b811aae99f227fa,train,4,thang,train\images\WIN_20251109_18_42_31_Pro_mp4-0341_jpg.rf.b8846defcd3b93be0b811aae99f227fa.jpg,0.5685267968750001,0.6152777777777778,0.4629464843750001,0.7694444444444445,0.37767859375,0.8999211111111112,2,0.736607109375,0.8856311111111111,2,0.458035703125,0.5140918055555556,2,0.516964296875,0.4632830555555556,2,0.551785703125,0.5363206944444444,2,0.591071484375,0.47280972222222223,2,0.6401785156249999,0.5506106944444444,2
WIN_20251109_18_42_31_Pro_mp4-0342_jpg.rf.50de1c25a973ec8830c3826577b2e99e,train,3,nghieng_trai,train\images\WIN_20251109_18_42_31_Pro_mp4-0342_jpg.rf.50de1c25a973ec8830c3826577b2e99e.jpg,0.5919196093749999,0.6058531944444444,0.5052678124999999,0.7882936111111112,0.38830359375,0.9064648611111111,2,0.7784821875,0.9128112500000001,2,0.483839296875,0.5336158333333333,2,0.545446484375,0.46539250000000004,2,0.5829464062499999,0.5304427777777777,2,0.623125078125,0.4891913888888889,2,0.654375078125,0.5796272222222222,2
WIN_20251109_18_42_31_Pro_mp4-0343_jpg.rf.8aca523fbcd762b421d0d1ed0614d6e1,train,3,nghieng_trai,train\images\WIN_20251109_18_42_31_Pro_mp4-0343_jpg.rf.8aca523fbcd762b421d0d1ed0614d6e1.jpg,0.586911875,0.6170634722222222,0.49748445312499995,0.7658730555555555,0.415553515625,0.8978019444444445,2,0.7793753125,0.9246186111111112,2,0.511439765625,0.5038365277777778,2,0.57546125,0.46585902777777777,2,0.6069815625,0.55395125,2,0.650560625,0.4998294444444445,2,0.6831926562499999,0.5730019444444444,2
WIN_20251109_18_42_31_Pro_mp4-0344_jpg.rf.cfba453ab9f3c3bd460901b369977954,train,2,nghieng_phai,train\images\WIN_20251109_18_42_31_Pro_mp4-0344_jpg.rf.cfba453ab9f3c3bd460901b369977954.jpg,0.611048984375,0.6123038888888889,0.472544609375,0.7753922222222223,0.424999921875,0.8983331944444444,2,0.7651784375,0.9205619444444445,2,0.5383928906250001,0.4982141666666667,2,0.60267859375,0.46487083333333334,2,0.63928578125,0.5426718055555556,2,0.6883928906250001,0.5045651388888889,2,0.71607140625,0.5807783333333333,2
WIN_20251109_18_42_31_Pro_mp4-0346_jpg.rf.f29884aaf7cee14ef0feacfec9c9eb58,train,1,nga_trai,train\images\WIN_20251109_18_42_31_Pro_mp4-0346_jpg.rf.f29884aaf7cee14ef0feacfec9c9eb58.jpg,0.6516741406250001,0.6127976388888888,0.502008984375,0.7744047222222222,0.448214296875,0.8747330555555556,2,0.854464296875,0.9889676388888888,2,0.591071484375,0.5066438888888889,2,0.6883928906250001,0.48760486111111107,2,0.7089286718750001,0.5764538888888889,2,0.75625,0.5383756944444444,2,0.763392890625,0.6208784722222223,2
WIN_20251109_18_42_31_Pro_mp4-0347_jpg.rf.89d14b0234bc9c95a04a92e327e2f9ad,train,1,nga_trai,train\images\WIN_20251109_18_42_31_Pro_mp4-0347_jpg.rf.89d14b0234bc9c95a04a92e327e2f9ad.jpg,0.6328125,0.6277777777777778,0.5,0.7444444444444445,0.474805546875,0.8534923611111112,2,0.821358828125,0.9612320833333333,2,0.618399453125,0.4997829166666667,2,0.701228515625,0.4978143055555556,2,0.73272265625,0.5874177777777778,2,0.7773525,0.5653987500000001,2,0.785256484375,0.6489024999999999,2
WIN_20251109_18_42_31_Pro_mp4-0348_jpg.rf.e0ca2ffa597a7bcb8799bf5ac7bfae0a,train,2,nghieng_phai,train\images\WIN_20251109_18_42_31_Pro_mp4-0348_jpg.rf.e0ca2ffa597a7bcb8799bf5ac7bfae0a.jpg,0.667410703125,0.62042,0.4901785156249999,0.7273062499999999,0.476785703125,0.8522879166666666,2,0.822321484375,0.9554931944444445,2,0.6321428906250001,0.4998018055555556,2,0.72142859375,0.4998018055555556,2,0.75267859375,0.5998316666666667,2,0.7928571875,0.5728394444444445,2,0.8178571874999999,0.6204727777777778,2
WIN_20251109_18_42_31_Pro_mp4-0350_jpg.rf.f14e1068392362cc9752498b7b5a97b2,train,1,nga_trai,train\images\WIN_20251109_18_42_31_Pro_mp4-0350_jpg.rf.f14e1068392362cc9752498b7b5a97b2.jpg,0.6897321875,0.631525,0.46696437500000004,0.7305008333333335,0.50111609375,0.8324323611111112,2,0.85825890625,0.9737444444444444,2,0.65647328125,0.5005875,2,0.7484375,0.5101141666666666,2,0.7779017968749999,0.6133194444444444,2,0.823437578125,0.5752129166666666,2,0.839508984375,0.6260216666666666,2
WIN_20251109_18_42_31_Pro_mp4-0351_jpg.rf.3217869ed0cfadb9901be30a4083f4b8,train,1,nga_trai,train\images\WIN_20251109_18_42_31_Pro_mp4-0351_jpg.rf.3217869ed0cfadb9901be30a4083f4b8.jpg,0.687276796875,0.6167658333333332,0.4861607031250001,0.7664681944444444,0.48660710937499996,0.8445877777777778,2,0.8714285937499999,1.0,2,0.6633928906250001,0.4907780555555556,2,0.760714296875,0.5129902777777778,2,0.791964296875,0.6129454166666667,2,0.833035703125,0.5939063888888889,2,0.83482140625,0.6494370833333333,2
WIN_20251109_18_42_31_Pro_mp4-0352_jpg.rf.8494e8fa4fc88a133472970b5d025cf3,train,1,nga_trai,train\images\WIN_20251109_18_42_31_Pro_mp4-0352_jpg.rf.8494e8fa4fc88a133472970b5d025cf3.jpg,0.68080359375,0.6108134722222223,0.5223214062500001,0.7783730555555555,0.484821484375,0.8445877777777778,2,0.879464296875,1.0,2,0.65625,0.5002975000000001,2,0.75892859375,0.5129902777777778,2,0.791071484375,0.6113590277777777,2,0.8321428125000001,0.5796272222222222,2,0.8241071874999999,0.6732359722222222,2
WIN_20251109_18_42_31_Pro_mp4-0353_jpg.rf.6620154153d11a802e7253a419629df7,train,1,nga_trai,train\images\WIN_20251109_18_42_31_Pro_mp4-0353_jpg.rf.6620154153d11a802e7253a419629df7.jpg,0.6434257031249999,0.6306818055555555,0.492817265625,0.7386363888888889,0.483417890625,0.8536093055555556,2,0.8550026562499999,0.9860863888888889,2,0.6425115625,0.49579291666666664,2,0.736058984375,0.4978298611111111,2,0.767051015625,0.5994120833333334,2,0.803500078125,0.5617995833333334,2,0.817879453125,0.6351256944444444,2
WIN_20251109_18_42_31_Pro_mp4-0354_jpg.rf.1de2c58e60e574ab2d09ab9e0a85f3e3,train,1,nga_trai,train\images\WIN_20251109_18_42_31_Pro_mp4-0354_jpg.rf.1de2c58e60e574ab2d09ab9e0a85f3e3.jpg,0.671875,0.575,0.603125,0.85,0.47232140625,0.8593383333333334,2,0.85178578125,0.9673383333333334,2,0.628571484375,0.4892794444444445,2,0.71875,0.5051618055555556,2,0.7383928125,0.6004558333333333,2,0.794642890625,0.5718676388888889,2,0.7866071875,0.6719265277777778,2
WIN_20251109_18_42_31_Pro_mp4-0355_jpg.rf.8a72e022cc0fe28fba2ecbfec823f508,train,3,nghieng_trai,train\images\WIN_20251109_18_42_31_Pro_mp4-0355_jpg.rf.8a72e022cc0fe28fba2ecbfec823f508.jpg,0.64921875,0.6201388888888889,0.478125,0.7597222222222222,0.47053578125,0.8856311111111111,2,0.802678671875,0.9602566666666668,2,0.607142890625,0.49503847222222225,2,0.6875,0.4759852777777778,2,0.716964296875,0.5760149999999999,2,0.7616071875,0.5506106944444444,2,0.7875,0.5998316666666667,2
WIN_20251109_18_42_31_Pro_mp4-0356_jpg.rf.a4b56e3efc52070e0ff4eb1a6b81395d,train,2,nghieng_phai,train\images\WIN_20251109_18_42_31_Pro_mp4-0356_jpg.rf.a4b56e3efc52070e0ff4eb1a6b81395d.jpg,0.635602734375,0.6154538888888889,0.4716518749999999,0.7689943055555555,0.458035703125,0.8776922222222222,2,0.8116071874999999,0.9745465277777777,2,0.576785703125,0.5013895833333333,2,0.6491071093749999,0.46169527777777775,2,0.6883928906250001,0.5569616666666667,2,0.732142890625,0.5379084722222223,2,0.75892859375,0.5982438888888889,2
WIN_20251109_18_42_31_Pro_mp4-0357_jpg.rf.e8dc02822bda974ac816160aa1d650f5,train,2,nghieng_phai,train\images\WIN_20251109_18_42_31_Pro_mp4-0357_jpg.rf.e8dc02822bda974ac816160aa1d650f5.jpg,0.61997765625,0.6098213888888888,0.4832589062500001,0.7803570833333333,0.42410710937499996,0.8699731944444445,2,0.822321484375,0.9524761111111111,2,0.5473214843750001,0.5082304166666667,2,0.6133928125,0.4606327777777778,2,0.643750078125,0.541548888888889,2,0.689285703125,0.49871097222222227,2,0.7232142968749999,0.5828002777777778,2
WIN_20251109_18_42_31_Pro_mp4-0359_jpg.rf.af1aca4fed31798e597ba2b06256acd7,train,4,thang,train\images\WIN_20251109_18_42_31_Pro_mp4-0359_jpg.rf.af1aca4fed31798e597ba2b06256acd7.jpg,0.5921876562499999,0.6077423611111111,0.4674107812500001,0.7845152777777777,0.414285703125,0.9094477777777779,2,0.77232140625,0.9285011111111111,2,0.488392890625,0.5156795833333334,2,0.5383928906250001,0.4505808333333334,2,0.575,0.5315573611111111,2,0.628571484375,0.46963416666666663,2,0.675000078125,0.5426718055555556,2
WIN_20251109_18_42_31_Pro_mp4-0360_jpg.rf.c27b6ee784dffe4d46321025fe487f34,train,4,thang,train\images\WIN_20251109_18_42_31_Pro_mp4-0360_jpg.rf.c27b6ee784dffe4d46321025fe487f34.jpg,0.586328125,0.5854166666666667,0.50546875,0.8291666666666667,0.37767859375,0.9080443055555556,2,0.78125,0.9064577777777777,2,0.47410710937499995,0.5145697222222222,2,0.525892890625,0.4590390277777778,2,0.554464296875,0.5304356944444445,2,0.604464296875,0.4685586111111111,2,0.65892859375,0.544715,2
WIN_20251109_18_42_31_Pro_mp4-0361_jpg.rf.e6c7c43e0af4e7697ec367b458e348f7,train,4,thang,train\images\WIN_20251109_18_42_31_Pro_mp4-0361_jpg.rf.e6c7c43e0af4e7697ec367b458e348f7.jpg,0.5823660937499999,0.5587301388888889,0.5441964062500001,0.8825397222222222,0.370535703125,0.8974559722222223,2,0.7616071875,0.8799854166666667,2,0.458035703125,0.5115147222222222,2,0.5,0.4591029166666667,2,0.5357142968749999,0.5337500000000001,2,0.585714296875,0.46069111111111116,2,0.6464286718750001,0.5337500000000001,2
WIN_20251109_18_42_31_Pro_mp4-0362_jpg.rf.e4cfadd686187b0a60da699dc12d9381,train,4,thang,train\images\WIN_20251109_18_42_31_Pro_mp4-0362_jpg.rf.e4cfadd686187b0a60da699dc12d9381.jpg,0.56015625,0.6145833333333334,0.509375,0.7708333333333334,0.37470593750000003,0.934599861111111,2,0.754888359375,0.9017322222222223,2,0.44443859375,0.5382093055555556,2,0.48387835937499996,0.4646119444444444,2,0.5169760937500001,0.5382536111111111,2,0.562347421875,0.46889305555555555,2,0.61978703125,0.5451734722222222,2
WIN_20251109_18_42_31_Pro_mp4-0363_jpg.rf.5fc8dd0ee63be05730e1e9aaa9dc25b8,train,2,nghieng_phai,train\images\WIN_20251109_18_42_31_Pro_mp4-0363_jpg.rf.5fc8dd0ee63be05730e1e9aaa9dc25b8.jpg,0.5564353125,0.6114490277777778,0.5020751562499999,0.7734029166666665,0.36717640625,0.949495,2,0.73315984375,0.8989208333333333,2,0.42820046874999995,0.5474225,2,0.46701328125,0.46791652777777776,2,0.50264390625,0.5335779166666667,2,0.5466946874999999,0.4632259722222222,2,0.60679484375,0.5413461111111111,2
WIN_20251109_18_42_31_Pro_mp4-0364_jpg.rf.e88edb69070d53172913c8e83e3d1ee5,train,4,thang,train\images\WIN_20251109_18_42_31_Pro_mp4-0364_jpg.rf.e88edb69070d53172913c8e83e3d1ee5.jpg,0.5537946875,0.6018848611111112,0.5138392968749999,0.7962301388888889,0.351785703125,0.93026375,2,0.75,0.8905990277777778,2,0.41607140625000005,0.5256829166666667,2,0.457142890625,0.4717388888888889,2,0.497321484375,0.5288561111111112,2,0.545535703125,0.46856569444444446,2,0.60267859375,0.5320293055555556,2
WIN_20251109_18_42_31_Pro_mp4-0365_jpg.rf.02fae0499d4a8fb00498dd4b3f44b426,train,4,thang,train\images\WIN_20251109_18_42_31_Pro_mp4-0365_jpg.rf.02fae0499d4a8fb00498dd4b3f44b426.jpg,0.5506696875,0.6048611111111111,0.48973218750000014,0.7902777777777777,0.348214296875,0.9286772222222223,2,0.741964375,0.8921855555555556,2,0.416964296875,0.5605879166666666,2,0.453571484375,0.4701522222222222,2,0.484821484375,0.5272695833333333,2,0.5321428125,0.46856569444444446,2,0.5928571875,0.5240963888888889,2
WIN_20251109_18_42_31_Pro_mp4-0368_jpg.rf.61ea0e8bdb3b18596fb7cb9175befc95,train,4,thang,train\images\WIN_20251109_18_42_31_Pro_mp4-0368_jpg.rf.61ea0e8bdb3b18596fb7cb9175befc95.jpg,0.520982265625,0.6065286111111111,0.48482156249999997,0.7868443055555556,0.338392890625,0.9475543055555555,2,0.705357109375,0.8840433333333334,2,0.39375,0.5379084722222223,2,0.42767859374999995,0.4870997222222222,2,0.46517859375,0.5267940277777777,2,0.5116071875,0.4664586111111111,2,0.57767859375,0.5283818055555556,2
WIN_20251107_18_18_07_Pro_mp4-0000_jpg.rf.8d48a25dc2c1be1b8c7d3ee9f37e044b,valid,3,nghieng_trai,valid\images\WIN_20251107_18_18_07_Pro_mp4-0000_jpg.rf.8d48a25dc2c1be1b8c7d3ee9f37e044b.jpg,0.570089375,0.5503676388888888,0.46160726562499993,0.8992645833333334,0.39519828125,0.7327319444444444,2,0.7199096875000001,0.7122861111111111,2,0.506809765625,0.4181081944444444,2,0.56298390625,0.38370375,2,0.603092734375,0.47796527777777775,2,0.6429966406250001,0.41517861111111115,2,0.676034140625,0.4733461111111111,2
WIN_20251107_18_18_07_Pro_mp4-0001_jpg.rf.909cf796a704b0d8caefe2a88afb0add,valid,4,thang,valid\images\WIN_20251107_18_18_07_Pro_mp4-0001_jpg.rf.909cf796a704b0d8caefe2a88afb0add.jpg,0.568324765625,0.5516761111111111,0.5189613281250001,0.896647638888889,0.39767890625,0.73727375,2,0.734758671875,0.7308252777777778,2,0.500288515625,0.4193969444444444,2,0.556538515625,0.3860440277777778,2,0.5967170312500001,0.4733970833333333,2,0.64046703125,0.41780874999999995,2,0.680645625,0.4511616666666667,2
WIN_20251107_18_18_07_Pro_mp4-0003_jpg.rf.6004762221d71eefcaf6cf9b5ff3ed6b,valid,4,thang,valid\images\WIN_20251107_18_18_07_Pro_mp4-0003_jpg.rf.6004762221d71eefcaf6cf9b5ff3ed6b.jpg,0.594584921875,0.5458333333333333,0.5519018750000001,0.9083333333333333,0.3967546875,0.7296781944444444,2,0.726588671875,0.7229197222222222,2,0.494101796875,0.4318872222222222,2,0.5428571875,0.3955734722222222,2,0.584821484375,0.4733970833333333,2,0.6258928906250001,0.4146323611111111,2,0.664941953125,0.4702394444444445,2
WIN_20251107_18_18_07_Pro_mp4-0004_jpg.rf.d6edb8c5915bde6c5dfc6bdc0a7bb27f,valid,4,thang,valid\images\WIN_20251107_18_18_07_Pro_mp4-0004_jpg.rf.d6edb8c5915bde6c5dfc6bdc0a7bb27f.jpg,0.564509609375,0.5240079166666667,0.5072409375,0.9519841666666666,0.40000257812499995,0.7295775,2,0.7421003125000001,0.7268802777777778,2,0.49205984375,0.42838041666666665,2,0.544883046875,0.38736486111111107,2,0.586895625,0.4781616666666667,2,0.6413599999999999,0.4082793055555555,2,0.6717171093750001,0.44798527777777775,2
WIN_20251107_18_18_07_Pro_mp4-0005_jpg.rf.e90b0c0a367e9072a3ab17fde09b5397,valid,4,thang,valid\images\WIN_20251107_18_18_07_Pro_mp4-0005_jpg.rf.e90b0c0a367e9072a3ab17fde09b5397.jpg,0.562890625,0.5333333333333333,0.50546875,0.9333333333333333,0.38392859375,0.7427313888888889,2,0.736607109375,0.6950981944444444,2,0.48660710937499996,0.44581750000000003,2,0.541964296875,0.3934209722222222,2,0.579464296875,0.46963416666666663,2,0.62232140625,0.3997720833333333,2,0.66517859375,0.42676416666666667,2
WIN_20251107_18_18_07_Pro_mp4-0007_jpg.rf.2bec21f42119f0107f81817ced4e878b,valid,4,thang,valid\images\WIN_20251107_18_18_07_Pro_mp4-0007_jpg.rf.2bec21f42119f0107f81817ced4e878b.jpg,0.5665282031250001,0.5448498611111111,0.45341882812499995,0.9103002777777778,0.394524765625,0.7477822222222221,2,0.721139140625,0.7389384722222222,2,0.48043851562500006,0.45593930555555556,2,0.5301407031250001,0.3952966666666667,2,0.56777234375,0.4635195833333334,2,0.60966421875,0.3940331944444444,2,0.65297609375,0.4496223611111111,2
WIN_20251107_18_18_07_Pro_mp4-0008_jpg.rf.8dbbe26c3f78ba1fb07e93e4858526fb,valid,4,thang,valid\images\WIN_20251107_18_18_07_Pro_mp4-0008_jpg.rf.8dbbe26c3f78ba1fb07e93e4858526fb.jpg,0.572112734375,0.5420229166666667,0.49669156250000013,0.9159541666666666,0.402452734375,0.7421022222222221,2,0.738117578125,0.7441455555555556,2,0.480310625,0.45196597222222223,2,0.52632,0.39671625,2,0.5645974218750001,0.4777955555555556,2,0.60452828125,0.39643013888888895,2,0.653076171875,0.4431275,2
WIN_20251107_18_18_07_Pro_mp4-0009_jpg.rf.ea36a2ccae2fc7304404293b83f7eb74,valid,4,thang,valid\images\WIN_20251107_18_18_07_Pro_mp4-0009_jpg.rf.ea36a2ccae2fc7304404293b83f7eb74.jpg,0.5674106250000001,0.5432168055555556,0.45267843750000003,0.9135663888888889,0.38482140625,0.7379680555555556,2,0.725,0.6935102777777777,2,0.473214296875,0.44264194444444444,2,0.52142859375,0.39500874999999996,2,0.56517859375,0.4680463888888889,2,0.6107143749999999,0.40135986111111116,2,0.654464296875,0.43470305555555555,2
WIN_20251107_18_18_07_Pro_mp4-0010_jpg.rf.b62f80bde76452343063bb87d9574585,valid,4,thang,valid\images\WIN_20251107_18_18_07_Pro_mp4-0010_jpg.rf.b62f80bde76452343063bb87d9574585.jpg,0.567578125,0.5451388888888888,0.46328125,0.9097222222222222,0.3931046875,0.7439919444444445,2,0.721139140625,0.7503088888888889,2,0.47830843749999996,0.4496223611111111,2,0.527300546875,0.3940331944444444,2,0.566352265625,0.47362666666666664,2,0.605403984375,0.39655999999999997,2,0.650846015625,0.4496223611111111,2
WIN_20251107_18_18_07_Pro_mp4-0011_jpg.rf.799a515b032643693a7cb0906cfd56ac,valid,4,thang,valid\images\WIN_20251107_18_18_07_Pro_mp4-0011_jpg.rf.799a515b032643693a7cb0906cfd56ac.jpg,0.56520734375,0.5449859722222222,0.44709828125000006,0.9100279166666667,0.398785,0.7452554166666666,2,0.726819375,0.7515723611111111,2,0.4790184375,0.45467583333333333,2,0.529430703125,0.3952966666666667,2,0.569902421875,0.4698365277777778,2,0.6110842187500001,0.39150638888888883,2,0.65297609375,0.4458322222222222,2
WIN_20251107_18_18_07_Pro_mp4-0012_jpg.rf.26f3db0089fa2dbf5ffc2e9c71e8b408,valid,4,thang,valid\images\WIN_20251107_18_18_07_Pro_mp4-0012_jpg.rf.26f3db0089fa2dbf5ffc2e9c71e8b408.jpg,0.5683899218749999,0.5486619444444445,0.47587781249999994,0.902676111111111,0.38398328125000003,0.7448311111111111,2,0.74458453125,0.7226365277777779,2,0.479511640625,0.4509154166666667,2,0.528167734375,0.39212430555555555,2,0.568611875,0.47297194444444446,2,0.60997421875,0.39278527777777783,2,0.654529921875,0.4435220833333333,2
WIN_20251107_18_18_07_Pro_mp4-0013_jpg.rf.e579bdf8971e4eafd43daeda141d5eec,valid,4,thang,valid\images\WIN_20251107_18_18_07_Pro_mp4-0013_jpg.rf.e579bdf8971e4eafd43daeda141d5eec.jpg,0.5709628125,0.5439211111111111,0.513900546875,0.9121577777777777,0.399495,0.7540991666666668,2,0.728083984375,0.7469695833333333,2,0.4790184375,0.44456874999999996,2,0.5308507812500001,0.3940331944444444,2,0.572032578125,0.4748901388888889,2,0.613214375,0.3927698611111111,2,0.655106171875,0.44456874999999996,2
WIN_20251107_18_18_07_Pro_mp4-0014_jpg.rf.23475afc402087492b561b60b1d1a3d9,valid,4,thang,valid\images\WIN_20251107_18_18_07_Pro_mp4-0014_jpg.rf.23475afc402087492b561b60b1d1a3d9.jpg,0.559066484375,0.5409477777777778,0.4549503125000001,0.9164769444444444,0.407911015625,0.7312902777777778,2,0.7386890625,0.7224393055555556,2,0.47857140625000005,0.4312891666666667,2,0.5276785937499999,0.39952444444444446,2,0.569979609375,0.4738005555555555,2,0.608520546875,0.39949305555555553,2,0.6553571875,0.4328773611111111,2
WIN_20251107_18_18_07_Pro_mp4-0015_jpg.rf.fc85bcb1a642e34e618f9f1a2d254748,valid,4,thang,valid\images\WIN_20251107_18_18_07_Pro_mp4-0015_jpg.rf.fc85bcb1a642e34e618f9f1a2d254748.jpg,0.56212234375,0.548696111111111,0.5163457031249999,0.9026077777777778,0.39728890625,0.7266019444444445,2,0.7326715625,0.7217240277777778,2,0.47857140625000005,0.4416323611111111,2,0.5267857031250001,0.39398527777777775,2,0.570535703125,0.4733970833333333,2,0.60803578125,0.39239694444444445,2,0.654464296875,0.43527930555555555,2
WIN_20251107_18_18_07_Pro_mp4-0016_jpg.rf.d1e02916658744e213773aacd983dea9,valid,4,thang,valid\images\WIN_20251107_18_18_07_Pro_mp4-0016_jpg.rf.d1e02916658744e213773aacd983dea9.jpg,0.572265625,0.5444444444444444,0.50078125,0.9111111111111111,0.41339289062500006,0.7005148611111112,2,0.70982140625,0.6941618055555555,2,0.47857140625000005,0.4400440277777778,2,0.5267857031250001,0.3971618055555556,2,0.569016875,0.4661754166666667,2,0.6108703906249999,0.3967556944444445,2,0.6571428906250001,0.43527930555555555,2
WIN_20251107_18_18_07_Pro_mp4-0017_jpg.rf.0135ba34cd8457e5da50045f5571b749,valid,4,thang,valid\images\WIN_20251107_18_18_07_Pro_mp4-0017_jpg.rf.0135ba34cd8457e5da50045f5571b749.jpg,0.56953125,0.54375,0.46875,0.9125,0.394524765625,0.7528356944444444,2,0.719008984375,0.7439919444444445,2,0.48043851562500006,0.4496223611111111,2,0.5329808593750001,0.3902430555555556,2,0.572032578125,0.46857319444444445,2,0.614634453125,0.39150638888888883,2,0.655106171875,0.45214916666666666,2
WIN_20251107_18_18_07_Pro_mp4-0021_jpg.rf.13aee412c793e5f249b7ec110ed9331e,valid,4,thang,valid\images\WIN_20251107_18_18_07_Pro_mp4-0021_jpg.rf.13aee412c793e5f249b7ec110ed9331e.jpg,0.56640625,0.5409722222222222,0.490625,0.9180555555555555,0.38392859375,0.7332047222222223,2,0.736607109375,0.7062126388888889,2,0.48660710937499996,0.4362908333333333,2,0.541964296875,0.37913097222222225,2,0.58392859375,0.46487083333333334,2,0.628571484375,0.39500874999999996,2,0.6625,0.45534416666666666,2
WIN_20251107_18_18_07_Pro_mp4-0022_jpg.rf.1831863d472b67ac8089de8f24424827,valid,4,thang,valid\images\WIN_20251107_18_18_07_Pro_mp4-0022_jpg.rf.1831863d472b67ac8089de8f24424827.jpg,0.569084921875,0.548188888888889,0.45825914062499995,0.9036222222222221,0.383035703125,0.7363802777777778,2,0.728571484375,0.6982738888888889,2,0.491964296875,0.42676416666666667,2,0.548214296875,0.37754319444444445,2,0.5866071875000001,0.46169527777777775,2,0.637500078125,0.40135986111111116,2,0.669642890625,0.45851972222222226,2
WIN_20251107_18_18_07_Pro_mp4-0023_jpg.rf.f0796bf1258fac1672054ddf3a3f078e,valid,3,nghieng_trai,valid\images\WIN_20251107_18_18_07_Pro_mp4-0023_jpg.rf.f0796bf1258fac1672054ddf3a3f078e.jpg,0.5654231249999999,0.5468254166666666,0.512739296875,0.9063491666666668,0.396415,0.7232924999999999,2,0.7387584375,0.7235637500000001,2,0.5044642968749999,0.3955734722222222,2,0.5589285937499999,0.3796911111111111,2,0.5928571875,0.47498527777777777,2,0.6410714843750001,0.40669111111111117,2,0.6723214843750001,0.4702205555555556,2
WIN_20251107_18_18_07_Pro_mp4-0024_jpg.rf.e68fb4db9a6ac10f96010174d3675120,valid,3,nghieng_trai,valid\images\WIN_20251107_18_18_07_Pro_mp4-0024_jpg.rf.e68fb4db9a6ac10f96010174d3675120.jpg,0.55942234375,0.5588595833333333,0.4640196093749999,0.8822808333333334,0.387424453125,0.7540991666666668,2,0.728239375,0.7540991666666668,2,0.50954984375,0.40540374999999995,2,0.57416265625,0.3725555555555556,2,0.60114390625,0.4635195833333334,2,0.648005859375,0.4180376388888889,2,0.6771171875,0.510265,2
WIN_20251107_18_18_07_Pro_mp4-0025_jpg.rf.a69b128fc67ce61f0a16cbec8b0df5ca,valid,3,nghieng_trai,valid\images\WIN_20251107_18_18_07_Pro_mp4-0025_jpg.rf.a69b128fc67ce61f0a16cbec8b0df5ca.jpg,0.5646565625,0.5548408333333333,0.48280085937500006,0.8903181944444444,0.391684609375,0.7540991666666668,2,0.72468921875,0.74651875,2,0.514520078125,0.40287694444444444,2,0.57558265625,0.37002888888888885,2,0.6061139843750001,0.4635195833333334,2,0.652266015625,0.42435458333333337,2,0.680667265625,0.5165819444444445,2
WIN_20251107_18_18_07_Pro_mp4-0026_jpg.rf.cc009e82725b48a62fa905df5b2d4556,valid,3,nghieng_trai,valid\images\WIN_20251107_18_18_07_Pro_mp4-0026_jpg.rf.cc009e82725b48a62fa905df5b2d4556.jpg,0.562124609375,0.5572856944444444,0.49518140625000007,0.8845229166666666,0.390264609375,0.7528356944444444,2,0.72610921875,0.7566259722222223,2,0.515940078125,0.4079305555555555,2,0.5841030468749999,0.3725555555555556,2,0.60966421875,0.4635195833333334,2,0.66007640625,0.4294080555555556,2,0.6792471875,0.5165819444444445,2
WIN_20251107_18_18_07_Pro_mp4-0027_jpg.rf.e086f671ba3f18505d2597db5bac59ab,valid,3,nghieng_trai,valid\images\WIN_20251107_18_18_07_Pro_mp4-0027_jpg.rf.e086f671ba3f18505d2597db5bac59ab.jpg,0.57289484375,0.5617426388888889,0.5031675,0.8765147222222223,0.394217734375,0.7206931944444445,2,0.73815921875,0.7237512500000001,2,0.52857140625,0.4019263888888889,2,0.583035703125,0.36857347222222225,2,0.612500078125,0.47657347222222224,2,0.66517859375,0.42575,2,0.685714296875,0.5083381944444444,2
WIN_20251107_18_18_07_Pro_mp4-0028_jpg.rf.dc69d129b17c3014c4d4a0847f7709ee,valid,3,nghieng_trai,valid\images\WIN_20251107_18_18_07_Pro_mp4-0028_jpg.rf.dc69d129b17c3014c4d4a0847f7709ee.jpg,0.556640625,0.5604166666666667,0.50703125,0.8791666666666667,0.392857109375,0.7268536111111111,2,0.7303571875,0.7062126388888889,2,0.519642890625,0.3870698611111111,2,0.5901785937499999,0.3759554166666667,2,0.61607140625,0.4632830555555556,2,0.66517859375,0.4299397222222222,2,0.6830357031250001,0.5220306944444444,2
WIN_20251107_18_18_07_Pro_mp4-0029_jpg.rf.54aad718952a9c9f6c68f5e2ce1ac259,valid,3,nghieng_trai,valid\images\WIN_20251107_18_18_07_Pro_mp4-0029_jpg.rf.54aad718952a9c9f6c68f5e2ce1ac259.jpg,0.5756782031250001,0.561787361111111,0.520054609375,0.8753894444444442,0.414285703125,0.701585,2,0.7303244531249999,0.71048375,2,0.529464296875,0.3871143055555556,2,0.5892857031250001,0.36964375000000005,2,0.6133928125,0.47923208333333334,2,0.666964296875,0.4284084722222222,2,0.6830357031250001,0.5030555555555556,2
WIN_20251107_18_18_07_Pro_mp4-0030_jpg.rf.f95a165cd8326edb45227bd4875a1c68,valid,3,nghieng_trai,valid\images\WIN_20251107_18_18_07_Pro_mp4-0030_jpg.rf.f95a165cd8326edb45227bd4875a1c68.jpg,0.597767890625,0.5388888888888889,0.6401785156249999,0.9222222222222223,0.4375,0.6862205555555556,2,0.7116071093749999,0.6751030555555556,2,0.52142859375,0.38127944444444445,2,0.5875,0.3749263888888889,2,0.60803578125,0.47975,2,0.669642890625,0.43527930555555555,2,0.68125,0.5035734722222223,2
WIN_20251107_18_18_07_Pro_mp4-0031_jpg.rf.cc14a93ebd27ab331790dc75344bf341,valid,3,nghieng_trai,valid\images\WIN_20251107_18_18_07_Pro_mp4-0031_jpg.rf.cc14a93ebd27ab331790dc75344bf341.jpg,0.55859375,0.5590277777777778,0.521875,0.8819444444444444,0.42857140625,0.6862205555555556,2,0.7026785156249999,0.6893970833333334,2,0.528571484375,0.3876322222222222,2,0.5892857031250001,0.38127944444444445,2,0.62232140625,0.47657347222222224,2,0.6678571875,0.43686763888888885,2,0.6830357031250001,0.5099263888888889,2
WIN_20251107_18_18_07_Pro_mp4-0032_jpg.rf.6fafa4ff3a849f2355e37238a41b1fb0,valid,3,nghieng_trai,valid\images\WIN_20251107_18_18_07_Pro_mp4-0032_jpg.rf.6fafa4ff3a849f2355e37238a41b1fb0.jpg,0.556839140625,0.5522397222222223,0.5060003125,0.8650297222222223,0.39529421875000004,0.7235440277777777,2,0.736821953125,0.7193468055555556,2,0.525865625,0.39551916666666664,2,0.59024328125,0.37480277777777776,2,0.6196621875,0.4812134722222222,2,0.669239375,0.4357490277777778,2,0.686579921875,0.4924015277777778,2
WIN_20251107_18_18_07_Pro_mp4-0033_jpg.rf.757a96ed90c4c820d9a1308324ddee24,valid,3,nghieng_trai,valid\images\WIN_20251107_18_18_07_Pro_mp4-0033_jpg.rf.757a96ed90c4c820d9a1308324ddee24.jpg,0.5702784375000001,0.5613730555555556,0.5258702343749999,0.8772538888888889,0.39869554687500003,0.7260002777777778,2,0.744165625,0.7306808333333333,2,0.5297528125000001,0.3947536111111111,2,0.59136,0.3772830555555556,2,0.6189963281249999,0.47828875000000004,2,0.670824296875,0.4328713888888889,2,0.681538515625,0.5059301388888889,2
WIN_20251107_18_18_07_Pro_mp4-0036_jpg.rf.df99d37b0b3916e3dd03fc8f313cc9d9,valid,3,nghieng_trai,valid\images\WIN_20251107_18_18_07_Pro_mp4-0036_jpg.rf.df99d37b0b3916e3dd03fc8f313cc9d9.jpg,0.5632739062499998,0.5557338888888889,0.49253367187499986,0.8885320833333333,0.39642859375,0.7292155555555556,2,0.731250078125,0.6815823611111111,2,0.5428571875,0.39578277777777776,2,0.61875,0.37514166666666665,2,0.6464286718750001,0.47358375,2,0.691071484375,0.44341597222222223,2,0.70982140625,0.4767591666666666,2
WIN_20251107_18_18_07_Pro_mp4-0037_jpg.rf.b4c2b440d9a98f4e26abc5ee12317749,valid,3,nghieng_trai,valid\images\WIN_20251107_18_18_07_Pro_mp4-0037_jpg.rf.b4c2b440d9a98f4e26abc5ee12317749.jpg,0.56892046875,0.5609070833333333,0.5210877343749999,0.86707625,0.388392890625,0.7125637499999999,2,0.74375,0.6998615277777778,2,0.549107109375,0.38548208333333334,2,0.626785703125,0.37913097222222225,2,0.658035703125,0.4855118055555555,2,0.710714375,0.4569319444444444,2,0.720535703125,0.4839241666666667,2
WIN_20251107_18_18_07_Pro_mp4-0038_jpg.rf.1f23b02c498ba7602d178b5ffc9c5b5c,valid,3,nghieng_trai,valid\images\WIN_20251107_18_18_07_Pro_mp4-0038_jpg.rf.1f23b02c498ba7602d178b5ffc9c5b5c.jpg,0.55945953125,0.5660626388888889,0.4917951562499999,0.8678747222222223,0.410714296875,0.7047597222222223,2,0.7348214843750001,0.6936452777777777,2,0.5633928125,0.3934209722222222,2,0.64732140625,0.38865763888888893,2,0.67053578125,0.48233638888888886,2,0.71607140625,0.4505808333333334,2,0.732142890625,0.5013895833333333,2
WIN_20251107_18_18_07_Pro_mp4-0040_jpg.rf.caf44f0ed3bbfa355101df6a30edcd71,valid,3,nghieng_trai,valid\images\WIN_20251107_18_18_07_Pro_mp4-0040_jpg.rf.caf44f0ed3bbfa355101df6a30edcd71.jpg,0.5825090625,0.5686508333333333,0.5046246874999999,0.8626983333333332,0.43392859375,0.7220904166666666,2,0.7553571875,0.7125637499999999,2,0.583035703125,0.4061230555555555,2,0.6714285156249999,0.3918331944444444,2,0.700000078125,0.4982141666666667,2,0.739285703125,0.4664586111111111,2,0.7553571875,0.5172673611111112,2
WIN_20251107_18_18_07_Pro_mp4-0041_jpg.rf.a0ac94c0ae307dd923627f6a92455e53,valid,1,nga_trai,valid\images\WIN_20251107_18_18_07_Pro_mp4-0041_jpg.rf.a0ac94c0ae307dd923627f6a92455e53.jpg,0.590234375,0.5826388888888889,0.52890625,0.8347222222222223,0.425537109375,0.72811125,2,0.77217515625,0.7669122222222222,2,0.594043515625,0.40919388888888886,2,0.6849274999999999,0.4003501388888889,2,0.7048083593750001,0.5052115277777778,2,0.7495403125,0.47236333333333336,2,0.7651609374999999,0.55827375,2
WIN_20251107_18_18_07_Pro_mp4-0042_jpg.rf.efee68b9580f592a92efb7ce848e3e56,valid,3,nghieng_trai,valid\images\WIN_20251107_18_18_07_Pro_mp4-0042_jpg.rf.efee68b9580f592a92efb7ce848e3e56.jpg,0.592499296875,0.5661186111111112,0.513380390625,0.8316036111111111,0.44615312500000004,0.69612625,2,0.7743696875,0.7475338888888888,2,0.6107143749999999,0.4149201388888889,2,0.7035714843750001,0.39744958333333336,2,0.7191078906249999,0.5183770833333333,2,0.763392890625,0.4800379166666667,2,0.773214375,0.543567361111111,2
WIN_20251107_18_18_07_Pro_mp4-0043_jpg.rf.440860fc5719639ec489f4fa8ec0379c,valid,1,nga_trai,valid\images\WIN_20251107_18_18_07_Pro_mp4-0043_jpg.rf.440860fc5719639ec489f4fa8ec0379c.jpg,0.5922575,0.5708451388888889,0.5371935937500001,0.8406337500000001,0.46972375,0.6893101388888888,2,0.7820684375,0.7494279166666667,2,0.62232140625,0.39080875,2,0.71875,0.4082793055555555,2,0.728571484375,0.5131029166666666,2,0.791964296875,0.4956323611111111,2,0.78392859375,0.5543970833333334,2
WIN_20251107_18_18_07_Pro_mp4-0044_jpg.rf.c4d9248861777dfa07c62bdb674c24e9,valid,1,nga_trai,valid\images\WIN_20251107_18_18_07_Pro_mp4-0044_jpg.rf.c4d9248861777dfa07c62bdb674c24e9.jpg,0.602486015625,0.5775004166666666,0.5183756250000001,0.8309536111111113,0.458443359375,0.7150409722222223,2,0.7876559375000001,0.7720959722222221,2,0.6352253906249999,0.40666708333333335,2,0.722559140625,0.4079305555555555,2,0.74457015625,0.5115284722222222,2,0.790722109375,0.4900508333333333,2,0.79427234375,0.5734344444444445,2
WIN_20251107_18_18_07_Pro_mp4-0045_jpg.rf.d12e24f7ba4fe336583dbdc427616e72,valid,1,nga_trai,valid\images\WIN_20251107_18_18_07_Pro_mp4-0045_jpg.rf.d12e24f7ba4fe336583dbdc427616e72.jpg,0.63574359375,0.5813041666666666,0.53386703125,0.8373916666666668,0.47612140625,0.6964813888888889,2,0.806327109375,0.7508877777777777,2,0.654393984375,0.40788250000000004,2,0.740617265625,0.41696750000000005,2,0.75839140625,0.5210441666666666,2,0.804485,0.49612833333333334,2,0.818212890625,0.5639265277777779,2
WIN_20251107_18_18_07_Pro_mp4-0046_jpg.rf.dcc8769333931c6b58aa824cb075b253,valid,1,nga_trai,valid\images\WIN_20251107_18_18_07_Pro_mp4-0046_jpg.rf.dcc8769333931c6b58aa824cb075b253.jpg,0.65736609375,0.48388430555555556,0.49776789062500015,0.638364861111111,0.457142890625,0.6998615277777778,2,0.793750078125,0.7284413888888889,2,0.6571428906250001,0.3997720833333333,2,0.7553571875,0.4251763888888889,2,0.773214375,0.5125040277777778,2,0.81517859375,0.4982141666666667,2,0.831250078125,0.5299695833333333,2
WIN_20251107_18_18_07_Pro_mp4-0047_jpg.rf.bac5e7bea058e63caceeecb86ccd4f9f,valid,1,nga_trai,valid\images\WIN_20251107_18_18_07_Pro_mp4-0047_jpg.rf.bac5e7bea058e63caceeecb86ccd4f9f.jpg,0.667857109375,0.49241902777777774,0.5107142187499999,0.68163125,0.46964281249999995,0.6966859722222222,2,0.802678671875,0.7236780555555555,2,0.666964296875,0.4029476388888889,2,0.76428578125,0.4124741666666667,2,0.7821428906250001,0.5220306944444444,2,0.822321484375,0.4982141666666667,2,0.8428571874999999,0.5363206944444444,2
WIN_20251107_18_18_07_Pro_mp4-0048_jpg.rf.023e97fdf42f5e96cad769290efb12f9,valid,1,nga_trai,valid\images\WIN_20251107_18_18_07_Pro_mp4-0048_jpg.rf.023e97fdf42f5e96cad769290efb12f9.jpg,0.649504296875,0.5926230555555556,0.529015234375,0.8147538888888889,0.49373078125000003,0.7068452777777778,2,0.802176328125,0.7690506944444444,2,0.67967875,0.40978416666666667,2,0.769029921875,0.4229136111111111,2,0.784816171875,0.5444180555555556,2,0.82959421875,0.5098586111111112,2,0.833831796875,0.5819693055555556,2
WIN_20251107_18_18_07_Pro_mp4-0049_jpg.rf.8bf8d61b57decfe04f8337cd52aa4e0f,valid,1,nga_trai,valid\images\WIN_20251107_18_18_07_Pro_mp4-0049_jpg.rf.8bf8d61b57decfe04f8337cd52aa4e0f.jpg,0.64653140625,0.5833076388888888,0.5564557031249999,0.8333845833333331,0.49430984375,0.7118795833333333,2,0.8108936718749999,0.7550554166666666,2,0.68125,0.4051029166666667,2,0.7767857031250001,0.4289263888888889,2,0.79017859375,0.5416911111111111,2,0.847321484375,0.5226323611111111,2,0.8508928906250001,0.576632361111111,2
WIN_20251107_18_18_07_Pro_mp4-0051_jpg.rf.0a6c5ad9aac85b0f047d2b7a860d9545,valid,1,nga_trai,valid\images\WIN_20251107_18_18_07_Pro_mp4-0051_jpg.rf.0a6c5ad9aac85b0f047d2b7a860d9545.jpg,0.6519083593749999,0.5851240277777778,0.5694353906249999,0.7962625,0.50273546875,0.6915493055555556,2,0.8149108593750001,0.7676718055555556,2,0.684840390625,0.3987845833333334,2,0.78662609375,0.44007874999999996,2,0.78662609375,0.5321963888888889,2,0.8401975,0.5321963888888889,2,0.841090390625,0.58302,2
WIN_20251107_18_18_07_Pro_mp4-0053_jpg.rf.3b21b587c0ad9f25842e9c187f38808b,valid,1,nga_trai,valid\images\WIN_20251107_18_18_07_Pro_mp4-0053_jpg.rf.3b21b587c0ad9f25842e9c187f38808b.jpg,0.647729921875,0.588805,0.5461942968749999,0.8035211111111111,0.49321906249999997,0.7275679166666666,2,0.81699328125,0.7894740277777778,2,0.683507421875,0.4205643055555556,2,0.782911796875,0.4306715277777778,2,0.79640234375,0.5342694444444445,2,0.8432643750000001,0.51910875,2,0.843974453125,0.6012290277777778,2
WIN_20251107_18_18_07_Pro_mp4-0054_jpg.rf.3452e8adc5841223c71029fdae6ca4c4,valid,1,nga_trai,valid\images\WIN_20251107_18_18_07_Pro_mp4-0054_jpg.rf.3452e8adc5841223c71029fdae6ca4c4.jpg,0.65079390625,0.5737461111111111,0.5564618750000001,0.8356465277777777,0.476346328125,0.6950981944444444,2,0.8067034375000001,0.7268536111111111,2,0.68438203125,0.4172375,2,0.77634640625,0.42835194444444447,2,0.796881953125,0.5347329166666667,2,0.84152484375,0.51091625,2,0.85313203125,0.5474351388888888,2
WIN_20251107_18_18_07_Pro_mp4-0055_jpg.rf.464fa52515fb447baa748b9481267785,valid,1,nga_trai,valid\images\WIN_20251107_18_18_07_Pro_mp4-0055_jpg.rf.464fa52515fb447baa748b9481267785.jpg,0.6701403906250001,0.5910452777777777,0.5384173437499999,0.8179094444444445,0.497111953125,0.7144640277777777,2,0.8142121875000001,0.7963429166666667,2,0.6849865625,0.4236431944444444,2,0.78297078125,0.4400672222222223,2,0.7978814843750001,0.5487186111111111,2,0.84048328125,0.5209241666666666,2,0.8426134375000001,0.6131515277777778,2
WIN_20251107_18_18_07_Pro_mp4-0059_jpg.rf.61535dd975f2b90524df1de77d080a7e,valid,1,nga_trai,valid\images\WIN_20251107_18_18_07_Pro_mp4-0059_jpg.rf.61535dd975f2b90524df1de77d080a7e.jpg,0.658055625,0.5829705555555555,0.49417109375,0.83405875,0.499858515625,0.6946515277777777,2,0.8119950781249999,0.76045125,2,0.6714285156249999,0.41780874999999995,2,0.759821484375,0.42575,2,0.7797990625,0.5335286111111112,2,0.8267857812500001,0.50675,2,0.8276785156249999,0.5702794444444444,2
WIN_20251107_18_18_07_Pro_mp4-0060_jpg.rf.3ed8d6667a32594999edfed461a015de,valid,1,nga_trai,valid\images\WIN_20251107_18_18_07_Pro_mp4-0060_jpg.rf.3ed8d6667a32594999edfed461a015de.jpg,0.6235528125,0.5847241666666666,0.5366919531250001,0.8305516666666667,0.47909820312500007,0.7186266666666666,2,0.80590265625,0.7750355555555556,2,0.65723625,0.42435458333333337,2,0.743150078125,0.41930097222222223,2,0.770131171875,0.5266890277777777,2,0.815573203125,0.49384097222222223,2,0.8304839062499999,0.5772245833333334,2
WIN_20251107_18_18_07_Pro_mp4-0062_jpg.rf.1f096afe8d9b7987c924f1be443fcdae,valid,1,nga_trai,valid\images\WIN_20251107_18_18_07_Pro_mp4-0062_jpg.rf.1f096afe8d9b7987c924f1be443fcdae.jpg,0.616796875,0.5736111111111111,0.52265625,0.8527777777777777,0.467687421875,0.7333343055555557,2,0.798056875,0.7753511111111111,2,0.63877546875,0.4256179166666667,2,0.703388359375,0.41045722222222225,2,0.741729921875,0.5127918055555556,2,0.790722109375,0.4812070833333334,2,0.8013725781250001,0.5645906944444444,2
WIN_20251107_18_18_07_Pro_mp4-0063_jpg.rf.6019d4a27f0fa0b892ee3bb7c2de6cf5,valid,1,nga_trai,valid\images\WIN_20251107_18_18_07_Pro_mp4-0063_jpg.rf.6019d4a27f0fa0b892ee3bb7c2de6cf5.jpg,0.611238046875,0.5649668055555556,0.49984859375000007,0.8493740277777778,0.46071,0.7140644444444444,2,0.789545234375,0.7458816666666667,2,0.6196046875000001,0.4205643055555556,2,0.700548203125,0.4041402777777778,2,0.72610921875,0.5090016666666667,2,0.772261328125,0.4609927777777778,2,0.7869235156250001,0.5422288888888889,2
WIN_20251107_18_18_07_Pro_mp4-0064_jpg.rf.764cec8b03a80c113a69a953fffd2e7e,valid,3,nghieng_trai,valid\images\WIN_20251107_18_18_07_Pro_mp4-0064_jpg.rf.764cec8b03a80c113a69a953fffd2e7e.jpg,0.6241071875,0.5676351388888888,0.45892859374999995,0.8647295833333334,0.43214289062500005,0.7323909722222223,2,0.7883928906250001,0.7292155555555556,2,0.607142890625,0.4116604166666667,2,0.68482140625,0.40689722222222224,2,0.7116071093749999,0.4942247222222222,2,0.75803578125,0.45929375,2,0.78125,0.5069269444444444,2
WIN_20251107_18_18_07_Pro_mp4-0065_jpg.rf.3139a3fd22523d84e441546c64f33c13,valid,1,nga_trai,valid\images\WIN_20251107_18_18_07_Pro_mp4-0065_jpg.rf.3139a3fd22523d84e441546c64f33c13.jpg,0.59300625,0.5515008333333333,0.495072578125,0.8860902777777779,0.452439765625,0.7287770833333334,2,0.78891546875,0.7668530555555555,2,0.5890732812499999,0.43394375,2,0.6671767187500001,0.4023590277777778,2,0.692027734375,0.4971131944444444,2,0.741019921875,0.44531430555555557,2,0.7630309375000001,0.5324880555555556,2
WIN_20251107_18_18_07_Pro_mp4-0066_jpg.rf.5499f351ddd2105c8f41452f35e8df8f,valid,1,nga_trai,valid\images\WIN_20251107_18_18_07_Pro_mp4-0066_jpg.rf.5499f351ddd2105c8f41452f35e8df8f.jpg,0.58988546875,0.5511629166666667,0.4701924999999999,0.8976740277777777,0.46235796875,0.7070411111111111,2,0.7824401562500001,0.7604561111111111,2,0.5762927343750001,0.43698847222222226,2,0.650846015625,0.40287694444444444,2,0.6771171875,0.49384097222222223,2,0.72397921875,0.43698847222222226,2,0.748830234375,0.5241623611111111,2
WIN_20251107_18_18_07_Pro_mp4-0067_jpg.rf.e4a0dba4a7e329f76b5693c881948b45,valid,3,nghieng_trai,valid\images\WIN_20251107_18_18_07_Pro_mp4-0067_jpg.rf.e4a0dba4a7e329f76b5693c881948b45.jpg,0.606451015625,0.5477968055555555,0.46922421875,0.9044063888888889,0.44415281249999994,0.72753125,2,0.776467421875,0.7480158333333334,2,0.564291796875,0.4203791666666667,2,0.624097578125,0.40276999999999996,2,0.663421640625,0.4977755555555555,2,0.706865546875,0.430075,2,0.7406703125,0.4755626388888889,2
WIN_20251107_18_18_07_Pro_mp4-0068_jpg.rf.a257ba7eda396c5f93fc7e364fa0c444,valid,4,thang,valid\images\WIN_20251107_18_18_07_Pro_mp4-0068_jpg.rf.a257ba7eda396c5f93fc7e364fa0c444.jpg,0.591865390625,0.5474127777777777,0.4751525000000001,0.9051744444444444,0.41872734375,0.7459070833333333,2,0.7553344531249999,0.7189147222222222,2,0.54997734375,0.4220008333333333,2,0.6026559375,0.3965965277777778,2,0.6481915625,0.48074847222222217,2,0.691941640625,0.41882541666666667,2,0.7294416406249999,0.46169527777777775,2
WIN_20251107_18_18_07_Pro_mp4-0069_jpg.rf.dbee5de70935fca0fc76bacff089f6b6,valid,1,nga_trai,valid\images\WIN_20251107_18_18_07_Pro_mp4-0069_jpg.rf.dbee5de70935fca0fc76bacff089f6b6.jpg,0.586323671875,0.5495175,0.4860845312500001,0.8934008333333335,0.42574796875,0.7283676388888889,2,0.768033125,0.7622563888888889,2,0.543223515625,0.45067625,2,0.594345703125,0.4051943055555555,2,0.6355275781249999,0.49742166666666665,2,0.6809695312499999,0.4190915277777778,2,0.7168246093749999,0.48095708333333337,2
WIN_20251107_18_18_07_Pro_mp4-0070_jpg.rf.ea547fa1b1e09d6ecc4f29769132565e,valid,4,thang,valid\images\WIN_20251107_18_18_07_Pro_mp4-0070_jpg.rf.ea547fa1b1e09d6ecc4f29769132565e.jpg,0.5816439062499998,0.5320633333333333,0.47457390624999995,0.9358731944444445,0.4229771875,0.7574320833333333,2,0.7659221875,0.7523784722222222,2,0.528771796875,0.45169180555555555,2,0.582024140625,0.4036830555555555,2,0.61965578125,0.4858033333333333,2,0.66793796875,0.41631694444444445,2,0.70485953125,0.4731694444444445,2
WIN_20251107_18_18_07_Pro_mp4-0075_jpg.rf.f2ac3bf9b36c8b3ce9ffce09b1b5fa41,valid,4,thang,valid\images\WIN_20251107_18_18_07_Pro_mp4-0075_jpg.rf.f2ac3bf9b36c8b3ce9ffce09b1b5fa41.jpg,0.583203125,0.5465277777777777,0.45703125,0.9069444444444444,0.411565546875,0.7624248611111112,2,0.756640625,0.7636883333333333,2,0.50386953125,0.45921152777777774,2,0.551441640625,0.4048858333333334,2,0.5890732812499999,0.4920597222222222,2,0.63238515625,0.4048858333333334,2,0.680667265625,0.46047486111111113,2
WIN_20251107_18_18_07_Pro_mp4-0077_jpg.rf.f6d9d1789b6cbe52d950a48be026c72b,valid,4,thang,valid\images\WIN_20251107_18_18_07_Pro_mp4-0077_jpg.rf.f6d9d1789b6cbe52d950a48be026c72b.jpg,0.5680680468750001,0.5479265277777778,0.46586140625000005,0.90197875,0.415115703125,0.7697094444444444,2,0.739599921875,0.7671826388888888,2,0.504579609375,0.45765236111111113,2,0.552151640625,0.4033265277777778,2,0.5926234375,0.48671027777777776,2,0.633805234375,0.40585333333333334,2,0.68137734375,0.4627058333333333,2
WIN_20251107_18_18_07_Pro_mp4-0078_jpg.rf.f0e4a09b75e786f5cf1e0ec75a902445,valid,4,thang,valid\images\WIN_20251107_18_18_07_Pro_mp4-0078_jpg.rf.f0e4a09b75e786f5cf1e0ec75a902445.jpg,0.580231640625,0.5410593055555556,0.49981867187499995,0.9178813888888888,0.40089289062500005,0.7300293055555555,2,0.7464285937499999,0.6808081944444444,2,0.50267859375,0.4489930555555555,2,0.5473214843750001,0.40135986111111116,2,0.59375,0.4855118055555555,2,0.638392890625,0.3965965277777778,2,0.6839285937499999,0.4220008333333333,2
WIN_20251107_18_18_07_Pro_mp4-0079_jpg.rf.1a347195cc274d0a3364940d51e16b5d,valid,4,thang,valid\images\WIN_20251107_18_18_07_Pro_mp4-0079_jpg.rf.1a347195cc274d0a3364940d51e16b5d.jpg,0.577461875,0.5434375,0.5004316406250001,0.9131248611111109,0.40982140625,0.7316169444444444,2,0.7571428906250001,0.6998615277777778,2,0.49910718750000005,0.4632830555555556,2,0.549107109375,0.4077109722222222,2,0.588392890625,0.46963416666666663,2,0.63392859375,0.4029476388888889,2,0.6830357031250001,0.4077109722222222,2
WIN_20251107_18_18_07_Pro_mp4-0080_jpg.rf.1eb986f1150c1131fa9245bd8a3b2118,valid,2,nghieng_phai,valid\images\WIN_20251107_18_18_07_Pro_mp4-0080_jpg.rf.1eb986f1150c1131fa9245bd8a3b2118.jpg,0.583984375,0.5770833333333333,0.50390625,0.8458333333333333,0.41517859375,0.7284413888888889,2,0.7508928906250001,0.6919226388888889,2,0.491964296875,0.45534416666666666,2,0.5348214062500001,0.42835194444444447,2,0.58125,0.4775729166666667,2,0.628571484375,0.3965965277777778,2,0.675000078125,0.39500874999999996,2
WIN_20251107_18_18_07_Pro_mp4-0081_jpg.rf.2ea171797885930bff44d3ad5388ddb7,valid,4,thang,valid\images\WIN_20251107_18_18_07_Pro_mp4-0081_jpg.rf.2ea171797885930bff44d3ad5388ddb7.jpg,0.5795379687499999,0.545825,0.48737882812499994,0.908349861111111,0.40267859375,0.7236780555555555,2,0.7616071875,0.6855715277777777,2,0.49375,0.4791608333333333,2,0.537500078125,0.41882541666666667,2,0.575892890625,0.4791608333333333,2,0.616964375,0.3918331944444444,2,0.666964296875,0.40135986111111116,2
WIN_20251107_18_18_07_Pro_mp4-0082_jpg.rf.590a966444ed66a64fd44d5c56c43b85,valid,2,nghieng_phai,valid\images\WIN_20251107_18_18_07_Pro_mp4-0082_jpg.rf.590a966444ed66a64fd44d5c56c43b85.jpg,0.5786059375,0.5566604166666667,0.4882051562500001,0.8866791666666667,0.4207959375,0.7540991666666668,2,0.75309046875,0.7566259722222223,2,0.48611882812499996,0.5001579166666666,2,0.5237504687500001,0.4268813888888889,2,0.56777234375,0.48626055555555553,2,0.60114390625,0.3927698611111111,2,0.662916484375,0.4218277777777778,2
WIN_20251107_18_18_07_Pro_mp4-0084_jpg.rf.4ddec2fe4c19d04cc5445e61c32388eb,valid,2,nghieng_phai,valid\images\WIN_20251107_18_18_07_Pro_mp4-0084_jpg.rf.4ddec2fe4c19d04cc5445e61c32388eb.jpg,0.5734365625,0.5553529166666666,0.5023907031249999,0.8892940277777778,0.40219984374999995,0.74160625,2,0.753439765625,0.7320886111111111,2,0.47098921875000005,0.46169527777777775,2,0.5031320312500001,0.43787861111111115,2,0.5459891406249999,0.49186291666666665,2,0.579024921875,0.3934209722222222,2,0.643310546875,0.3997720833333333,2
WIN_20251107_18_18_07_Pro_mp4-0087_jpg.rf.868a133ae66feb3d87d982c1b65f8c02,valid,2,nghieng_phai,valid\images\WIN_20251107_18_18_07_Pro_mp4-0087_jpg.rf.868a133ae66feb3d87d982c1b65f8c02.jpg,0.57469609375,0.5492034722222222,0.47917921874999986,0.9015930555555556,0.392857109375,0.7316169444444444,2,0.7544642968749999,0.7062126388888889,2,0.46875,0.48233638888888886,2,0.49375,0.43787861111111115,2,0.537500078125,0.4982141666666667,2,0.570535703125,0.3965965277777778,2,0.637500078125,0.3902454166666667,2
WIN_20251107_18_18_07_Pro_mp4-0091_jpg.rf.4a933e28dd354d66166c222bd17aa174,valid,2,nghieng_phai,valid\images\WIN_20251107_18_18_07_Pro_mp4-0091_jpg.rf.4a933e28dd354d66166c222bd17aa174.jpg,0.57986015625,0.5529630555555556,0.5074863281249999,0.894073888888889,0.39732140625,0.7316169444444444,2,0.741964375,0.6935104166666667,2,0.4803571875,0.4998018055555556,2,0.5044642968749999,0.4410541666666667,2,0.549107109375,0.4934506944444444,2,0.58482140625,0.39500874999999996,2,0.6464286718750001,0.40453541666666665,2
WIN_20251107_18_18_07_Pro_mp4-0092_jpg.rf.6d8e0e7ce6dfc75062276d65199e202b,valid,2,nghieng_phai,valid\images\WIN_20251107_18_18_07_Pro_mp4-0092_jpg.rf.6d8e0e7ce6dfc75062276d65199e202b.jpg,0.575390625,0.5534722222222223,0.47890625,0.8930555555555556,0.40089289062500005,0.7300293055555555,2,0.74107140625,0.6887470833333333,2,0.47767859375,0.47439749999999997,2,0.5,0.4410541666666667,2,0.545535703125,0.4855118055555555,2,0.5875,0.39500874999999996,2,0.64732140625,0.4204130555555556,2
WIN_20251107_18_18_07_Pro_mp4-0094_jpg.rf.dd15d5e498fb2c6c5af6aff7205b7bfa,valid,2,nghieng_phai,valid\images\WIN_20251107_18_18_07_Pro_mp4-0094_jpg.rf.dd15d5e498fb2c6c5af6aff7205b7bfa.jpg,0.5714364062499999,0.5450205555555556,0.4978499218749999,0.9099588888888889,0.40714281249999995,0.7284413888888889,2,0.7401786718750001,0.68398375,2,0.47589289062500006,0.48233638888888886,2,0.50267859375,0.4410541666666667,2,0.54375,0.49662625,2,0.582142890625,0.4029476388888889,2,0.6464286718750001,0.40453541666666665,2
WIN_20251107_18_18_07_Pro_mp4-0096_jpg.rf.853e359be7493cb6fa75219cf1727fed,valid,2,nghieng_phai,valid\images\WIN_20251107_18_18_07_Pro_mp4-0096_jpg.rf.853e359be7493cb6fa75219cf1727fed.jpg,0.578304140625,0.5512351388888888,0.4910251562500001,0.8906186111111112,0.40982140625,0.7316169444444444,2,0.736607109375,0.6808081944444444,2,0.4616071875,0.4664586111111111,2,0.48392859374999997,0.4601075,2,0.529464296875,0.5029773611111111,2,0.5625,0.4061230555555555,2,0.6294642968749999,0.4124741666666667,2
WIN_20251107_18_18_07_Pro_mp4-0099_jpg.rf.b3baba64f0e80449f236d5cbaeb0c84e,valid,0,nga_phai,valid\images\WIN_20251107_18_18_07_Pro_mp4-0099_jpg.rf.b3baba64f0e80449f236d5cbaeb0c84e.jpg,0.562890625,0.5618055555555556,0.49453125,0.8763888888888889,0.38032414062500003,0.7813758333333334,2,0.72610921875,0.740947361111111,2,0.441386796875,0.4680552777777778,2,0.48256859375000005,0.5135372222222222,2,0.508839765625,0.4086759722222222,2,0.58836328125,0.4010956944444445,2,0.422216015625,0.552702361111111,2
WIN_20251107_18_18_07_Pro_mp4-0100_jpg.rf.41337bf3575f985596ce427d8776978d,valid,0,nga_phai,valid\images\WIN_20251107_18_18_07_Pro_mp4-0100_jpg.rf.41337bf3575f985596ce427d8776978d.jpg,0.55625,0.5631944444444444,0.49375,0.8736111111111111,0.37421875,0.7815004166666667,2,0.705803203125,0.7246479166666666,2,0.42321085937499997,0.48081375,2,0.46368265624999994,0.5212422222222222,2,0.489953828125,0.4125906944444444,2,0.57728765625,0.4088005555555556,2,0.415932421875,0.558505,2
WIN_20251107_18_18_07_Pro_mp4-0101_jpg.rf.90ae234cfd0168f56e271f4d67dcbffd,valid,0,nga_phai,valid\images\WIN_20251107_18_18_07_Pro_mp4-0101_jpg.rf.90ae234cfd0168f56e271f4d67dcbffd.jpg,0.5484375,0.5652777777777778,0.49375,0.8694444444444445,0.3625,0.7617847222222223,2,0.6732143749999999,0.66969375,2,0.403571484375,0.4839241666666667,2,0.45089289062500004,0.5188551388888889,2,0.479464296875,0.4108865277777778,2,0.5589285937499999,0.39500874999999996,2,0.382142890625,0.49662625,2
WIN_20251107_18_18_07_Pro_mp4-0102_jpg.rf.0fb8e55b436ab7baa7650d044027f9f6,valid,0,nga_phai,valid\images\WIN_20251107_18_18_07_Pro_mp4-0102_jpg.rf.0fb8e55b436ab7baa7650d044027f9f6.jpg,0.537611796875,0.5559877777777777,0.484123828125,0.8825566666666668,0.36186335937499997,0.8008445833333334,2,0.69557796875,0.7263045833333334,2,0.38103421875,0.4849972222222222,2,0.4215059375,0.5292158333333333,2,0.44777710937500004,0.4268813888888889,2,0.5358209375,0.40666708333333335,2,0.376063984375,0.5810148611111111,2
WIN_20251107_18_18_07_Pro_mp4-0104_jpg.rf.e72d26cdc97ae5982aab6b147c78de94,valid,0,nga_phai,valid\images\WIN_20251107_18_18_07_Pro_mp4-0104_jpg.rf.e72d26cdc97ae5982aab6b147c78de94.jpg,0.512109375,0.5708333333333333,0.52109375,0.8583333333333333,0.325892890625,0.76255875,2,0.65892859375,0.6815823611111111,2,0.335714296875,0.5148658333333334,2,0.3741071875,0.5482090277777778,2,0.40446429687499996,0.4370648611111111,2,0.4875,0.4100727777777778,2,0.325892890625,0.5545602777777777,2
WIN_20251107_18_18_07_Pro_mp4-0106_jpg.rf.3dc9189c4acc7a1a1e80242f1243411b,valid,0,nga_phai,valid\images\WIN_20251107_18_18_07_Pro_mp4-0106_jpg.rf.3dc9189c4acc7a1a1e80242f1243411b.jpg,0.49172921875000003,0.57749375,0.5659733593749999,0.8450124999999999,0.30719093750000004,0.8084248611111112,2,0.63238515625,0.70735375,2,0.30293078125,0.5431131944444444,2,0.337012265625,0.5772245833333334,2,0.357603125,0.4660463888888889,2,0.4491971875,0.43698847222222226,2,0.299380625,0.6302869444444444,2
WIN_20251107_18_18_07_Pro_mp4-0107_jpg.rf.9d44cb6317f9defc077a011e900e7f72,valid,0,nga_phai,valid\images\WIN_20251107_18_18_07_Pro_mp4-0107_jpg.rf.9d44cb6317f9defc077a011e900e7f72.jpg,0.46829257812499997,0.6031988888888888,0.5572149999999999,0.7853119444444445,0.297250546875,0.8374827777777778,2,0.612504296875,0.7086170833333333,2,0.28233984375,0.5519568055555556,2,0.325651796875,0.5923852777777778,2,0.3434025,0.4774169444444445,2,0.42576609374999996,0.44835888888888886,2,0.276659609375,0.6454476388888889,2
WIN_20251107_18_18_07_Pro_mp4-0109_jpg.rf.1d3ddd69cadc622a5156c1aef3bad0eb,valid,0,nga_phai,valid\images\WIN_20251107_18_18_07_Pro_mp4-0109_jpg.rf.1d3ddd69cadc622a5156c1aef3bad0eb.jpg,0.442018828125,0.5869569444444445,0.5681518750000001,0.8260861111111112,0.28162984375,0.8404788888888889,2,0.58268296875,0.7002426388888888,2,0.258198828125,0.5764305555555556,2,0.29583046875,0.6080152777777778,2,0.315711328125,0.5018905555555555,2,0.397364921875,0.4677790277777778,2,0.24683828124999999,0.6699213888888889,2
WIN_20251107_18_18_07_Pro_mp4-0111_jpg.rf.a91c4ed0a08722cf25a753d9def2dafc,valid,0,nga_phai,valid\images\WIN_20251107_18_18_07_Pro_mp4-0111_jpg.rf.a91c4ed0a08722cf25a753d9def2dafc.jpg,0.427351640625,0.6043180555555555,0.5760400000000001,0.791363888888889,0.265299140625,0.8799201388888889,2,0.56067203125,0.7194697222222222,2,0.23689789062500002,0.5880772222222223,2,0.283759921875,0.6221887500000001,2,0.297960546875,0.50848375,2,0.3781940625,0.48068916666666667,2,0.23405773437500002,0.6853581944444445,2
WIN_20251107_18_18_07_Pro_mp4-0113_jpg.rf.e8ed08c4d0279d52aeed57d027fc7044,valid,0,nga_phai,valid\images\WIN_20251107_18_18_07_Pro_mp4-0113_jpg.rf.e8ed08c4d0279d52aeed57d027fc7044.jpg,0.425,0.6229166666666667,0.5984375,0.7541666666666667,0.25961890625,0.882964861111111,2,0.54292125,0.7035636111111111,2,0.23263765625000002,0.5961754166666667,2,0.283049921875,0.6264968055555555,2,0.294410390625,0.51910875,2,0.372513828125,0.4849972222222222,2,0.23121765625,0.6846127777777777,2
WIN_20251107_18_18_07_Pro_mp4-0116_jpg.rf.598aa039975b93707d5d607244a17988,valid,0,nga_phai,valid\images\WIN_20251107_18_18_07_Pro_mp4-0116_jpg.rf.598aa039975b93707d5d607244a17988.jpg,0.42633015625,0.6193665277777778,0.57424140625,0.7612668055555556,0.26103890625,0.8753844444444444,2,0.568482421875,0.7351481944444445,2,0.23973804687500003,0.5923852777777778,2,0.28873015625,0.6201798611111111,2,0.30222078125,0.5127918055555556,2,0.38174421875000003,0.4849972222222222,2,0.23405773437500002,0.6757690277777778,2
WIN_20251107_18_18_07_Pro_mp4-0121_jpg.rf.37e8d5f1651e287804a5f09cafffdcc4,valid,0,nga_phai,valid\images\WIN_20251107_18_18_07_Pro_mp4-0121_jpg.rf.37e8d5f1651e287804a5f09cafffdcc4.jpg,0.47109375,0.5979166666666667,0.54375,0.8041666666666667,0.295120390625,0.8223220833333333,2,0.594753515625,0.7237777777777777,2,0.290860234375,0.5443765277777778,2,0.33914234374999996,0.5822781944444444,2,0.36044328124999997,0.4761534722222222,2,0.43570656249999995,0.4711,2,0.280919765625,0.6315504166666667,2
WIN_20251107_18_18_07_Pro_mp4-0123_jpg.rf.8e0271489e134e9722b4a5f45e0b672b,valid,0,nga_phai,valid\images\WIN_20251107_18_18_07_Pro_mp4-0123_jpg.rf.8e0271489e134e9722b4a5f45e0b672b.jpg,0.489344296875,0.5739627777777778,0.49117093750000007,0.8362105555555556,0.31074109375000003,0.82105875,2,0.6217346874999999,0.7566259722222223,2,0.328491875,0.5127918055555556,2,0.376063984375,0.55827375,2,0.40517523437499997,0.45593930555555556,2,0.47546835937500004,0.46857319444444445,2,0.307901015625,0.5936486111111111,2
WIN_20251107_18_18_07_Pro_mp4-0125_jpg.rf.c7e5f3bf8df9b3e27283e67894c5673c,valid,0,nga_phai,valid\images\WIN_20251107_18_18_07_Pro_mp4-0125_jpg.rf.c7e5f3bf8df9b3e27283e67894c5673c.jpg,0.523613359375,0.5647263888888889,0.48577976562499997,0.8705472222222223,0.325651796875,0.7844204166666666,2,0.65723625,0.7452554166666666,2,0.36825359375,0.47994375,2,0.41298562499999997,0.5342694444444445,2,0.447067109375,0.43698847222222226,2,0.5130999218750001,0.4572026388888889,2,0.34411257812499996,0.5633273611111111,2
WIN_20251107_18_18_07_Pro_mp4-0127_jpg.rf.75acf842e7d15a0adf8f7df90a84bb90,valid,0,nga_phai,valid\images\WIN_20251107_18_18_07_Pro_mp4-0127_jpg.rf.75acf842e7d15a0adf8f7df90a84bb90.jpg,0.5453115625,0.5545888888888888,0.48883195312499994,0.8908222222222223,0.344822578125,0.7692597222222222,2,0.6785371875,0.7275679166666666,2,0.41724578125,0.44204194444444445,2,0.46339781249999995,0.5064748611111111,2,0.498899375,0.41045722222222225,2,0.55996203125,0.4470955555555555,2,0.373223828125,0.5115284722222222,2
WIN_20251107_18_18_07_Pro_mp4-0132_jpg.rf.cd520ea3dd070b9acdf5ac2b188050ea,valid,4,thang,valid\images\WIN_20251107_18_18_07_Pro_mp4-0132_jpg.rf.cd520ea3dd070b9acdf5ac2b188050ea.jpg,0.572265625,0.5416666666666666,0.49296875,0.9166666666666666,0.3781940625,0.7452554166666666,2,0.743860078125,0.7364116666666667,2,0.45842757812499996,0.47236333333333336,2,0.512389921875,0.39908680555555553,2,0.55925203125,0.4824704166666666,2,0.60327390625,0.39908680555555553,2,0.645165703125,0.4635195833333334,2
WIN_20251107_18_18_07_Pro_mp4-0135_jpg.rf.25ce9b4f3b85472673a22781dd933439,valid,4,thang,valid\images\WIN_20251107_18_18_07_Pro_mp4-0135_jpg.rf.25ce9b4f3b85472673a22781dd933439.jpg,0.5716809375,0.5376927777777778,0.49827257812500003,0.9246144444444444,0.37767859375,0.7347925000000001,2,0.7178571875,0.6712815277777777,2,0.45982140625,0.4601075,2,0.5125,0.4029476388888889,2,0.5589285937499999,0.4775729166666667,2,0.607142890625,0.4029476388888889,2,0.6491071093749999,0.44264194444444444,2
WIN_20251107_18_18_07_Pro_mp4-0137_jpg.rf.cb0124ed3c1adaf228f258d99071e49e,valid,4,thang,valid\images\WIN_20251107_18_18_07_Pro_mp4-0137_jpg.rf.cb0124ed3c1adaf228f258d99071e49e.jpg,0.55789109375,0.5431983333333333,0.5093176562500001,0.9041995833333333,0.384584375,0.7351481944444445,2,0.729659453125,0.7326215277777777,2,0.45984765625,0.47362666666666664,2,0.511679921875,0.40287694444444444,2,0.552151640625,0.4812070833333334,2,0.595463515625,0.40540374999999995,2,0.642325625,0.4635195833333334,2
WIN_20251107_18_18_07_Pro_mp4-0139_jpg.rf.e7cad973b6f64c8ad748c5a3e3c471f6,valid,4,thang,valid\images\WIN_20251107_18_18_07_Pro_mp4-0139_jpg.rf.e7cad973b6f64c8ad748c5a3e3c471f6.jpg,0.575390625,0.5430555555555555,0.48671875,0.9138888888888889,0.37142859375000004,0.7196888888888889,2,0.7178571875,0.6657045833333334,2,0.45625,0.47358375,2,0.510714296875,0.40372166666666665,2,0.551785703125,0.4783470833333333,2,0.5982142968749999,0.4021338888888889,2,0.643750078125,0.42595041666666666,2
WIN_20251107_18_18_07_Pro_mp4-0142_jpg.rf.8cac118c7d67408cca5abfc58e26815c,valid,4,thang,valid\images\WIN_20251107_18_18_07_Pro_mp4-0142_jpg.rf.8cac118c7d67408cca5abfc58e26815c.jpg,0.571118203125,0.5438491666666666,0.5030935937499998,0.9123016666666667,0.37678578125,0.7093881944444445,2,0.7241071875,0.6808081944444444,2,0.4625,0.4442297222222222,2,0.513392890625,0.39500874999999996,2,0.5553571875000001,0.4775729166666667,2,0.604464296875,0.4061230555555555,2,0.6491071093749999,0.45534416666666666,2
WIN_20251107_18_18_07_Pro_mp4-0146_jpg.rf.fb44ed35d3356c71c1ad677163f0127e,valid,3,nghieng_trai,valid\images\WIN_20251107_18_18_07_Pro_mp4-0146_jpg.rf.fb44ed35d3356c71c1ad677163f0127e.jpg,0.5676025,0.5387747222222222,0.5232735937500002,0.9204226388888889,0.382142890625,0.7173270833333334,2,0.74107140625,0.6728693055555556,2,0.5116071875,0.40135986111111116,2,0.5741071875,0.3870698611111111,2,0.614285703125,0.47280972222222223,2,0.67053578125,0.42676416666666667,2,0.6991071875,0.47439749999999997,2
WIN_20251107_18_18_07_Pro_mp4-0151_jpg.rf.8f3003420db594d132b65407827d2196,valid,3,nghieng_trai,valid\images\WIN_20251107_18_18_07_Pro_mp4-0151_jpg.rf.8f3003420db594d132b65407827d2196.jpg,0.560696953125,0.5624979166666666,0.511555078125,0.8750041666666667,0.391964296875,0.7078002777777778,2,0.7241071875,0.6966859722222222,2,0.525,0.3838943055555556,2,0.5901785937499999,0.3934209722222222,2,0.6107143749999999,0.4982141666666667,2,0.66517859375,0.46487083333333334,2,0.69375,0.5299695833333333,2
WIN_20251107_18_18_07_Pro_mp4-0152_jpg.rf.3506ebf9c5b7a75e0bab8a0aa87dc704,valid,3,nghieng_trai,valid\images\WIN_20251107_18_18_07_Pro_mp4-0152_jpg.rf.3506ebf9c5b7a75e0bab8a0aa87dc704.jpg,0.562165234375,0.455505,0.44174117187499995,0.6697191666666668,0.3875,0.7078002777777778,2,0.72767859375,0.6681059722222222,2,0.52142859375,0.3965965277777778,2,0.5866071875000001,0.3918331944444444,2,0.6089285156249999,0.49503847222222225,2,0.666071484375,0.45851972222222226,2,0.69553578125,0.5156795833333334,2
WIN_20251107_18_18_07_Pro_mp4-0155_jpg.rf.25423d9bfea23d9ae5d7e51c3f216d9d,valid,3,nghieng_trai,valid\images\WIN_20251107_18_18_07_Pro_mp4-0155_jpg.rf.25423d9bfea23d9ae5d7e51c3f216d9d.jpg,0.57027484375,0.5445958333333333,0.5176625781249999,0.9108081944444444,0.386714453125,0.7295768055555556,2,0.731789609375,0.7232598611111112,2,0.522330390625,0.4048858333333334,2,0.5890732812499999,0.3935152777777778,2,0.613214375,0.5059569444444444,2,0.665046640625,0.45668472222222223,2,0.6827974218749999,0.5665995833333334,2
WIN_20251107_18_18_07_Pro_mp4-0156_jpg.rf.78e4e5170da5070e7b64fbb56ac9ec1c,valid,3,nghieng_trai,valid\images\WIN_20251107_18_18_07_Pro_mp4-0156_jpg.rf.78e4e5170da5070e7b64fbb56ac9ec1c.jpg,0.564954375,0.5335723611111111,0.4909339062500001,0.8235250000000002,0.384584375,0.7275679166666666,2,0.72397921875,0.7174608333333334,2,0.519490234375,0.40919388888888886,2,0.5784228125,0.39150638888888883,2,0.60966421875,0.4988944444444445,2,0.66646671875,0.46225625,2,0.687057578125,0.5519568055555556,2
WIN_20251107_18_18_07_Pro_mp4-0157_jpg.rf.b4a7d317621d8a98a41be47ce851e068,valid,3,nghieng_trai,valid\images\WIN_20251107_18_18_07_Pro_mp4-0157_jpg.rf.b4a7d317621d8a98a41be47ce851e068.jpg,0.5705846875,0.5327365277777777,0.505368359375,0.8444245833333333,0.38813453125,0.7338848611111112,2,0.7367137500000001,0.7182616666666667,2,0.522330390625,0.4079305555555555,2,0.5869432031249999,0.39908680555555553,2,0.60966421875,0.5052115277777778,2,0.665756640625,0.4572026388888889,2,0.68918765625,0.5519568055555556,2
WIN_20251107_18_18_07_Pro_mp4-0160_jpg.rf.7ef85cebe6b154bf37f4c32ece80ee73,valid,3,nghieng_trai,valid\images\WIN_20251107_18_18_07_Pro_mp4-0160_jpg.rf.7ef85cebe6b154bf37f4c32ece80ee73.jpg,0.56732765625,0.5580493055555555,0.5103475781250001,0.8839013888888889,0.390264609375,0.7389384722222222,2,0.726819375,0.7212509722222222,2,0.500319453125,0.4357251388888889,2,0.566352265625,0.40161361111111116,2,0.59972375,0.4976311111111111,2,0.6487159375,0.4319348611111111,2,0.683507421875,0.5026847222222222,2
WIN_20251107_18_18_07_Pro_mp4-0161_jpg.rf.5bdea5afcc7687fb8d9cb4f76313e9ac,valid,4,thang,valid\images\WIN_20251107_18_18_07_Pro_mp4-0161_jpg.rf.5bdea5afcc7687fb8d9cb4f76313e9ac.jpg,0.567187421875,0.4286991666666667,0.4477678125000001,0.6820488888888889,0.389285703125,0.7078002777777778,2,0.725,0.6712815277777777,2,0.49107140625,0.4299397222222222,2,0.554464296875,0.3965965277777778,2,0.591964296875,0.4855118055555555,2,0.64732140625,0.4220008333333333,2,0.679464375,0.4839241666666667,2
WIN_20251107_18_18_07_Pro_mp4-0162_jpg.rf.a0bc35d6ffd551ec913c1b22974fe6f2,valid,4,thang,valid\images\WIN_20251107_18_18_07_Pro_mp4-0162_jpg.rf.a0bc35d6ffd551ec913c1b22974fe6f2.jpg,0.58125,0.54375,0.4921875,0.9125,0.388070234375,0.7272212499999999,2,0.737043125,0.6989552777777778,2,0.48660710937499996,0.4410541666666667,2,0.550892890625,0.40135986111111116,2,0.582142890625,0.4870997222222222,2,0.637500078125,0.4220008333333333,2,0.67053578125,0.4712219444444445,2
WIN_20251107_18_18_07_Pro_mp4-0163_jpg.rf.5823a59e7d3a57e87fa2467693252c6b,valid,4,thang,valid\images\WIN_20251107_18_18_07_Pro_mp4-0163_jpg.rf.5823a59e7d3a57e87fa2467693252c6b.jpg,0.5719643750000001,0.5428570833333334,0.506636328125,0.9142856944444445,0.385714296875,0.7268536111111111,2,0.7339285156249999,0.6744572222222222,2,0.48660710937499996,0.4474052777777778,2,0.537500078125,0.4029476388888889,2,0.579464296875,0.4934506944444444,2,0.6321428906250001,0.4172375,2,0.669642890625,0.45851972222222226,2
WIN_20251107_18_18_07_Pro_mp4-0164_jpg.rf.2aea22ba6583ba126567a8e42ebec1f3,valid,3,nghieng_trai,valid\images\WIN_20251107_18_18_07_Pro_mp4-0164_jpg.rf.2aea22ba6583ba126567a8e42ebec1f3.jpg,0.57114046875,0.5446486111111111,0.49734117187500004,0.8932116666666666,0.39523484375,0.7389384722222222,2,0.732499609375,0.7237777777777777,2,0.48185859375,0.45467583333333333,2,0.5358209375,0.4003501388888889,2,0.57558265625,0.4824704166666666,2,0.6217346874999999,0.40919388888888886,2,0.6671767187500001,0.47362666666666664,2
WIN_20251107_18_18_07_Pro_mp4-0166_jpg.rf.2aaca28235ec9a3f4514a51624165540,valid,4,thang,valid\images\WIN_20251107_18_18_07_Pro_mp4-0166_jpg.rf.2aaca28235ec9a3f4514a51624165540.jpg,0.570684296875,0.544737361111111,0.5005785937499999,0.9105252777777778,0.393814765625,0.7376751388888888,2,0.739729453125,0.7282591666666666,2,0.479728515625,0.4673098611111111,2,0.5322820312500001,0.4061661111111111,2,0.569902421875,0.4887873611111111,2,0.615344453125,0.4117206944444444,2,0.662206484375,0.46478305555555555,2
WIN_20251107_18_18_07_Pro_mp4-0167_jpg.rf.f5206b8f5ad644721583be0a50df0e6e,valid,4,thang,valid\images\WIN_20251107_18_18_07_Pro_mp4-0167_jpg.rf.f5206b8f5ad644721583be0a50df0e6e.jpg,0.5765625,0.5381944444444444,0.5140625,0.9236111111111112,0.38482140625,0.7236780555555555,2,0.73303578125,0.690335,2,0.475000078125,0.4569319444444444,2,0.5303571875,0.40453541666666665,2,0.5696428906250001,0.4934506944444444,2,0.61607140625,0.41406194444444444,2,0.666071484375,0.4601075,2
WIN_20251107_18_18_07_Pro_mp4-0169_jpg.rf.1cd0a6e42996e3b08ca791ce4413f294,valid,4,thang,valid\images\WIN_20251107_18_18_07_Pro_mp4-0169_jpg.rf.1cd0a6e42996e3b08ca791ce4413f294.jpg,0.5693075000000001,0.5353280555555555,0.4944665624999999,0.8997715277777777,0.388261953125,0.7485276388888888,2,0.734757109375,0.7485276388888888,2,0.47133562500000004,0.4693186111111111,2,0.520327734375,0.41120277777777775,2,0.557959375,0.49458638888888884,2,0.6034014062499999,0.4086759722222222,2,0.652393515625,0.46300166666666664,2
WIN_20251107_18_18_07_Pro_mp4-0170_jpg.rf.a7d20425ee07d53b28d10c5d3d9975e6,valid,4,thang,valid\images\WIN_20251107_18_18_07_Pro_mp4-0170_jpg.rf.a7d20425ee07d53b28d10c5d3d9975e6.jpg,0.574609375,0.5402777777777777,0.50546875,0.9194444444444444,0.375,0.7173270833333334,2,0.74107140625,0.68398375,2,0.45892859374999995,0.4775729166666667,2,0.506250078125,0.42358861111111107,2,0.5428571875,0.4839241666666667,2,0.5928571875,0.40453541666666665,2,0.642857109375,0.42835194444444447,2
WIN_20251107_18_18_07_Pro_mp4-0171_jpg.rf.c1ae8f421d551abea028266b37034e0d,valid,0,nga_phai,valid\images\WIN_20251107_18_18_07_Pro_mp4-0171_jpg.rf.c1ae8f421d551abea028266b37034e0d.jpg,0.5556125,0.5420263888888889,0.5087946093750001,0.891592777777778,0.391684609375,0.7566259722222223,2,0.721614296875,0.6895616666666666,2,0.48753882812500005,0.4281447222222222,2,0.5258805468750001,0.5039480555555556,2,0.5642221875,0.4079305555555555,2,0.622444765625,0.4357251388888889,2,0.447067109375,0.5127918055555556,2
WIN_20251107_18_18_07_Pro_mp4-0172_jpg.rf.4c32fda03a325571755f1b3220b4b34b,valid,2,nghieng_phai,valid\images\WIN_20251107_18_18_07_Pro_mp4-0172_jpg.rf.4c32fda03a325571755f1b3220b4b34b.jpg,0.573374296875,0.5349205555555556,0.48960562499999993,0.9301587499999999,0.37678578125,0.7443191666666666,2,0.7151785937499999,0.6792204166666667,2,0.43928578125,0.49662625,2,0.46517859375,0.44264194444444444,2,0.5116071875,0.4982141666666667,2,0.551785703125,0.40453541666666665,2,0.611607109375,0.41564986111111113,2
WIN_20251107_18_18_07_Pro_mp4-0174_jpg.rf.855b36b99cae0cf3aa722642f063d4b8,valid,0,nga_phai,valid\images\WIN_20251107_18_18_07_Pro_mp4-0174_jpg.rf.855b36b99cae0cf3aa722642f063d4b8.jpg,0.538857578125,0.544703888888889,0.45260679687500005,0.8509231944444445,0.37180375,0.7616794444444446,2,0.702678203125,0.7136706944444444,2,0.42505609375000003,0.46225625,2,0.474048203125,0.5165819444444445,2,0.501739453125,0.40919388888888886,2,0.5791328906250001,0.4180376388888889,2,0.40943546875000003,0.5532202777777778,2
WIN_20251107_18_18_07_Pro_mp4-0175_jpg.rf.ee0eb407c63ea0bc7e4a077f52a42549,valid,2,nghieng_phai,valid\images\WIN_20251107_18_18_07_Pro_mp4-0175_jpg.rf.ee0eb407c63ea0bc7e4a077f52a42549.jpg,0.56089953125,0.5487906944444444,0.499477734375,0.9024186111111111,0.354464296875,0.7435054166666666,2,0.6883928906250001,0.6593533333333333,2,0.391964296875,0.5005758333333333,2,0.4178571875,0.4704081944444444,2,0.4616071875,0.5069269444444444,2,0.49375,0.4195993055555555,2,0.56517859375,0.40372166666666665,2
WIN_20251107_18_18_07_Pro_mp4-0176_jpg.rf.95b44243cf4a3cf8dfc80263e0a066d0,valid,0,nga_phai,valid\images\WIN_20251107_18_18_07_Pro_mp4-0176_jpg.rf.95b44243cf4a3cf8dfc80263e0a066d0.jpg,0.553333359375,0.55819125,0.5064114062499999,0.8836175000000001,0.361153359375,0.7667330555555556,2,0.692027734375,0.7060902777777778,2,0.40304515625,0.4761534722222222,2,0.45203734375,0.5178452777777778,2,0.47759843750000003,0.41551083333333333,2,0.553571796875,0.41298402777777776,2,0.3931046875,0.5696443055555556,2
WIN_20251107_18_18_07_Pro_mp4-0177_jpg.rf.e634acdfda2ff961ad03d0f7e64e6d8a,valid,0,nga_phai,valid\images\WIN_20251107_18_18_07_Pro_mp4-0177_jpg.rf.e634acdfda2ff961ad03d0f7e64e6d8a.jpg,0.520018125,0.5552986111111111,0.4628178125,0.8587644444444444,0.356893125,0.7781034722222222,2,0.683507421875,0.7111438888888889,2,0.393814765625,0.4824704166666666,2,0.43925671875,0.5304791666666666,2,0.46694796875,0.41677416666666667,2,0.54505140625,0.41677416666666667,2,0.38245421875,0.5734344444444445,2
WIN_20251107_18_18_07_Pro_mp4-0178_jpg.rf.5c905a23da14feb22ea4857e4b94ae97,valid,0,nga_phai,valid\images\WIN_20251107_18_18_07_Pro_mp4-0178_jpg.rf.5c905a23da14feb22ea4857e4b94ae97.jpg,0.55078125,0.5625,0.50625,0.875,0.34732140624999996,0.7363802777777778,2,0.6875,0.6728693055555556,2,0.39017859375,0.4855118055555555,2,0.43928578125,0.5220306944444444,2,0.4625,0.41406194444444444,2,0.5383928906250001,0.4092986111111111,2,0.370535703125,0.5347329166666667,2
WIN_20251107_18_18_07_Pro_mp4-0179_jpg.rf.3b87dd22f295cac4802cdb04cefa6861,valid,0,nga_phai,valid\images\WIN_20251107_18_18_07_Pro_mp4-0179_jpg.rf.3b87dd22f295cac4802cdb04cefa6861.jpg,0.5428367187500001,0.5521737499999999,0.4892448437499999,0.895652361111111,0.34642859375,0.7347925000000001,2,0.6875,0.6681059722222222,2,0.3866071875,0.4886873611111111,2,0.43660718750000005,0.5299695833333333,2,0.45892859374999995,0.4204130555555556,2,0.5357142968749999,0.41406194444444444,2,0.36875,0.5267940277777777,2
WIN_20251107_18_18_07_Pro_mp4-0181_jpg.rf.2b84ba3a78b580d5c471b7f81bf53c47,valid,0,nga_phai,valid\images\WIN_20251107_18_18_07_Pro_mp4-0181_jpg.rf.2b84ba3a78b580d5c471b7f81bf53c47.jpg,0.54936609375,0.55674125,0.5250715624999999,0.8865173611111111,0.3428571875,0.7617847222222223,2,0.674107109375,0.6569915277777778,2,0.388392890625,0.4870997222222222,2,0.44107140625,0.52520625,2,0.46517859375,0.4251763888888889,2,0.5428571875,0.4077109722222222,2,0.37321429687499996,0.5283818055555556,2
WIN_20251107_18_18_07_Pro_mp4-0186_jpg.rf.9c5b37de29dc48ebec5f41ee5976a135,valid,3,nghieng_trai,valid\images\WIN_20251107_18_18_07_Pro_mp4-0186_jpg.rf.9c5b37de29dc48ebec5f41ee5976a135.jpg,0.5489955468750001,0.5515223611111111,0.5020089843750001,0.8959016666666666,0.35357140625,0.7617847222222223,2,0.691071484375,0.6950981944444444,2,0.375,0.51091625,2,0.394642890625,0.4759852777777778,2,0.44285710937499995,0.5220306944444444,2,0.475000078125,0.4220008333333333,2,0.541964296875,0.3997720833333333,2
WIN_20251107_18_18_07_Pro_mp4-0187_jpg.rf.3cb5cf06ed894a6be68903b273982aa5,valid,0,nga_phai,valid\images\WIN_20251107_18_18_07_Pro_mp4-0187_jpg.rf.3cb5cf06ed894a6be68903b273982aa5.jpg,0.556891796875,0.5563508333333333,0.497712109375,0.8872981944444445,0.350892890625,0.7522580555555556,2,0.690178671875,0.6792204166666667,2,0.40625,0.47439749999999997,2,0.457142890625,0.5299695833333333,2,0.479464296875,0.4172375,2,0.550892890625,0.3997720833333333,2,0.38482140625,0.52520625,2
WIN_20251107_18_18_07_Pro_mp4-0190_jpg.rf.23ddfa03a78b6a717922710685c14953,valid,0,nga_phai,valid\images\WIN_20251107_18_18_07_Pro_mp4-0190_jpg.rf.23ddfa03a78b6a717922710685c14953.jpg,0.544965625,0.5560781944444445,0.47635937500000003,0.8729319444444444,0.37109375,0.7573713888888889,2,0.71616890625,0.7131527777777779,2,0.45345734374999996,0.4415240277777777,2,0.50386953125,0.5009033333333334,2,0.5358209375,0.4023590277777778,2,0.594753515625,0.4301536111111111,2,0.41795578125,0.5324880555555556,2
WIN_20251107_18_18_07_Pro_mp4-0191_jpg.rf.0f236386e0e2de23dc4922905b3466d9,valid,2,nghieng_phai,valid\images\WIN_20251107_18_18_07_Pro_mp4-0191_jpg.rf.0f236386e0e2de23dc4922905b3466d9.jpg,0.56576015625,0.5458273611111111,0.50428828125,0.9083451388888889,0.3741071875,0.7252658333333334,2,0.7044643749999999,0.6681059722222222,2,0.433035703125,0.5013895833333333,2,0.476785703125,0.4299397222222222,2,0.5276785937499999,0.4902752777777778,2,0.5660714062500001,0.3997720833333333,2,0.611607109375,0.43152749999999995,2
WIN_20251107_18_18_07_Pro_mp4-0193_jpg.rf.74b06d9b4836c4bc821454d4a7bd2fe6,valid,4,thang,valid\images\WIN_20251107_18_18_07_Pro_mp4-0193_jpg.rf.74b06d9b4836c4bc821454d4a7bd2fe6.jpg,0.5725315625,0.5410605555555555,0.4986346093750001,0.91787875,0.37142859375000004,0.7205026388888889,2,0.729464296875,0.6823961111111111,2,0.4491071875,0.48074847222222217,2,0.50892859375,0.41564986111111113,2,0.549107109375,0.49186291666666665,2,0.591071484375,0.3997720833333333,2,0.6321428906250001,0.43470305555555555,2
WIN_20251107_18_18_07_Pro_mp4-0194_jpg.rf.61fac271eaf1ba71de17662782693efc,valid,4,thang,valid\images\WIN_20251107_18_18_07_Pro_mp4-0194_jpg.rf.61fac271eaf1ba71de17662782693efc.jpg,0.566520390625,0.5436794444444445,0.46191031250000003,0.8887990277777779,0.3923946875,0.7326215277777777,2,0.719718984375,0.7326215277777777,2,0.45558742187499995,0.4774169444444445,2,0.512389921875,0.40919388888888886,2,0.555701796875,0.49384097222222223,2,0.596883671875,0.41045722222222225,2,0.63877546875,0.45593930555555556,2
WIN_20251107_18_18_07_Pro_mp4-0195_jpg.rf.5ec6527cf98111f681bd83793553bd5b,valid,4,thang,valid\images\WIN_20251107_18_18_07_Pro_mp4-0195_jpg.rf.5ec6527cf98111f681bd83793553bd5b.jpg,0.566938203125,0.5422916666666666,0.4654914843750001,0.8948580555555556,0.384584375,0.7427286111111111,2,0.7175889062499999,0.7237777777777777,2,0.457717578125,0.47868027777777783,2,0.515940078125,0.4117206944444444,2,0.55925203125,0.49257763888888884,2,0.598303671875,0.4117206944444444,2,0.643745703125,0.47362666666666664,2
WIN_20251107_18_18_07_Pro_mp4-0196_jpg.rf.fb321a3f5c1c4a99b5f95968960f3680,valid,4,thang,valid\images\WIN_20251107_18_18_07_Pro_mp4-0196_jpg.rf.fb321a3f5c1c4a99b5f95968960f3680.jpg,0.56629625,0.5460094444444444,0.5008420312499999,0.9079811111111111,0.38032414062500003,0.7402018055555555,2,0.72397921875,0.7288313888888889,2,0.45984765625,0.47236333333333336,2,0.5180701562500001,0.40919388888888886,2,0.56067203125,0.49131416666666666,2,0.60043375,0.41045722222222225,2,0.643745703125,0.47362666666666664,2
WIN_20251107_18_18_07_Pro_mp4-0197_jpg.rf.5f9e732336bda634f747491515ddec48,valid,4,thang,valid\images\WIN_20251107_18_18_07_Pro_mp4-0197_jpg.rf.5f9e732336bda634f747491515ddec48.jpg,0.572245078125,0.5378968055555556,0.5038652343750001,0.92420625,0.372321484375,0.7316169444444444,2,0.7178571875,0.6744572222222222,2,0.45892859374999995,0.45851972222222226,2,0.510714296875,0.4124741666666667,2,0.5625,0.4870997222222222,2,0.603571484375,0.4061230555555555,2,0.643750078125,0.4474052777777778,2
WIN_20251107_18_18_07_Pro_mp4-0200_jpg.rf.df84a533e7a64e415740d15a40bea98a,valid,3,nghieng_trai,valid\images\WIN_20251107_18_18_07_Pro_mp4-0200_jpg.rf.df84a533e7a64e415740d15a40bea98a.jpg,0.568086875,0.5444259722222222,0.5187230468749999,0.9111480555555556,0.388392890625,0.7284413888888889,2,0.73839296875,0.7109758333333334,2,0.489285703125,0.4394663888888889,2,0.557142890625,0.3934209722222222,2,0.60267859375,0.4775729166666667,2,0.648214375,0.4092986111111111,2,0.6776786718750001,0.4521686111111111,2
WIN_20251107_18_18_07_Pro_mp4-0204_jpg.rf.427f7ccc1f43752f2eefc38605d90fbc,valid,1,nga_trai,valid\images\WIN_20251107_18_18_07_Pro_mp4-0204_jpg.rf.427f7ccc1f43752f2eefc38605d90fbc.jpg,0.583203125,0.5555555555555556,0.50703125,0.8888888888888888,0.42434609375,0.7288313888888889,2,0.768001171875,0.7149340277777778,2,0.555701796875,0.4357251388888889,2,0.634515234375,0.39655999999999997,2,0.6728569531249999,0.48752402777777776,2,0.7168789062500001,0.4319348611111111,2,0.73817984375,0.5140551388888889,2
WIN_20251107_18_18_07_Pro_mp4-0208_jpg.rf.4a1f5abce61909ee829b069926660541,valid,1,nga_trai,valid\images\WIN_20251107_18_18_07_Pro_mp4-0208_jpg.rf.4a1f5abce61909ee829b069926660541.jpg,0.610201953125,0.5680538888888889,0.5260243749999999,0.8638920833333333,0.44464289062500006,0.7173270833333334,2,0.791071484375,0.6823961111111111,2,0.6053571875,0.4204130555555556,2,0.685714296875,0.40135986111111116,2,0.72142859375,0.49503847222222225,2,0.763392890625,0.4505808333333334,2,0.783035703125,0.49186291666666665,2
WIN_20251107_18_18_07_Pro_mp4-0209_jpg.rf.5318453a1c4fe0bb10dcf65fe6b14ebb,valid,1,nga_trai,valid\images\WIN_20251107_18_18_07_Pro_mp4-0209_jpg.rf.5318453a1c4fe0bb10dcf65fe6b14ebb.jpg,0.609375,0.5666666666666667,0.496875,0.8666666666666667,0.45892859374999995,0.7046248611111111,2,0.791071484375,0.7046248611111111,2,0.61875,0.4124741666666667,2,0.700000078125,0.4092986111111111,2,0.736607109375,0.5013895833333333,2,0.775,0.46487083333333334,2,0.799107109375,0.4855118055555555,2
WIN_20251107_18_18_07_Pro_mp4-0213_jpg.rf.a741bab225dab49a1049b180032d36c3,valid,1,nga_trai,valid\images\WIN_20251107_18_18_07_Pro_mp4-0213_jpg.rf.a741bab225dab49a1049b180032d36c3.jpg,0.649834453125,0.5909606944444444,0.506725625,0.8027959722222222,0.49751140625,0.7154256944444444,2,0.816819609375,0.7684165277777778,2,0.664292734375,0.4333470833333334,2,0.752150078125,0.4398575,2,0.779982109375,0.5514766666666666,2,0.82087015625,0.51425875,2,0.8221296875,0.5885070833333333,2
WIN_20251107_18_18_07_Pro_mp4-0216_jpg.rf.2adf62e72c5d74870c66073af94b5be4,valid,1,nga_trai,valid\images\WIN_20251107_18_18_07_Pro_mp4-0216_jpg.rf.2adf62e72c5d74870c66073af94b5be4.jpg,0.644209921875,0.5935256944444445,0.52891828125,0.7932915277777778,0.49463914062500003,0.7237777777777777,2,0.816283203125,0.7882105555555556,2,0.670016875,0.44077861111111105,2,0.7644509375,0.45088569444444443,2,0.782911796875,0.5557470833333333,2,0.8304839062499999,0.5279525,2,0.83261390625,0.6125995833333333,2
WIN_20251107_18_18_07_Pro_mp4-0220_jpg.rf.19c6534229fdfa9e7a2ec96bed06b54f,valid,1,nga_trai,valid\images\WIN_20251107_18_18_07_Pro_mp4-0220_jpg.rf.19c6534229fdfa9e7a2ec96bed06b54f.jpg,0.647934375,0.5855158333333333,0.5452024999999999,0.8289683333333334,0.47053578125,0.7093881944444445,2,0.8142857031249999,0.7347925000000001,2,0.666964296875,0.42676416666666667,2,0.75803578125,0.4474052777777778,2,0.78392859375,0.5633129166666667,2,0.83482140625,0.5299695833333333,2,0.84375,0.5664884722222222,2
WIN_20251107_18_18_07_Pro_mp4-0223_jpg.rf.d4bc03917687a469ddeefe4857292469,valid,1,nga_trai,valid\images\WIN_20251107_18_18_07_Pro_mp4-0223_jpg.rf.d4bc03917687a469ddeefe4857292469.jpg,0.6635059375,0.5981827777777777,0.47089499999999995,0.79194625,0.49250906250000004,0.7351481944444445,2,0.80279265625,0.7515723611111111,2,0.65865640625,0.4395152777777778,2,0.75451046875,0.4496223611111111,2,0.7736814062499999,0.5570104166666667,2,0.8212534375,0.5203720833333333,2,0.82409359375,0.6125995833333333,2
WIN_20251107_18_18_07_Pro_mp4-0224_jpg.rf.e73d588c194d9940d1ed30134dcb0ef3,valid,1,nga_trai,valid\images\WIN_20251107_18_18_07_Pro_mp4-0224_jpg.rf.e73d588c194d9940d1ed30134dcb0ef3.jpg,0.658984375,0.5944444444444444,0.46953125,0.8111111111111111,0.48256859375000005,0.7313581944444445,2,0.8205434374999999,0.7667330555555556,2,0.65652625,0.44204194444444445,2,0.750250390625,0.4470955555555555,2,0.770131171875,0.5481666666666667,2,0.816283203125,0.5153186111111111,2,0.81699328125,0.6024923611111112,2
WIN_20251107_18_18_07_Pro_mp4-0225_jpg.rf.a2a92a65dd148e21672ab96b8da96598,valid,1,nga_trai,valid\images\WIN_20251107_18_18_07_Pro_mp4-0225_jpg.rf.a2a92a65dd148e21672ab96b8da96598.jpg,0.64029546875,0.5781706944444445,0.5158377343749999,0.8301511111111111,0.466071484375,0.7220904166666666,2,0.7982143749999999,0.7220904166666666,2,0.65,0.42358861111111107,2,0.737500078125,0.43787861111111115,2,0.7669643749999999,0.5458473611111111,2,0.8089285937499999,0.5093284722222222,2,0.8241071874999999,0.5521984722222222,2
WIN_20251107_18_18_07_Pro_mp4-0227_jpg.rf.32d09e07d2b16c38f6ec56790a58acb5,valid,1,nga_trai,valid\images\WIN_20251107_18_18_07_Pro_mp4-0227_jpg.rf.32d09e07d2b16c38f6ec56790a58acb5.jpg,0.6205182812500001,0.5768808333333333,0.46808187500000004,0.8307898611111111,0.47262820312500003,0.7402018055555555,2,0.798532421875,0.7679963888888889,2,0.61747453125,0.43698847222222226,2,0.7019682031250001,0.4357251388888889,2,0.728949453125,0.5330059722222222,2,0.7779415625,0.48626055555555553,2,0.789302109375,0.5797513888888889,2
WIN_20251107_18_18_07_Pro_mp4-0228_jpg.rf.ddac63a0b652d338abb1498adb43ef93,valid,1,nga_trai,valid\images\WIN_20251107_18_18_07_Pro_mp4-0228_jpg.rf.ddac63a0b652d338abb1498adb43ef93.jpg,0.6040644531249999,0.5603455555555555,0.47697984374999997,0.8496525,0.459137578125,0.7364116666666667,2,0.790012109375,0.7414652777777778,2,0.59972375,0.44456874999999996,2,0.68137734375,0.4306715277777778,2,0.7055184375,0.5279525,2,0.757350625,0.4774169444444445,2,0.769421171875,0.5645906944444444,2
WIN_20251107_18_18_07_Pro_mp4-0230_jpg.rf.e190400fe2fb68ec093a8b78d9eafcdf,valid,3,nghieng_trai,valid\images\WIN_20251107_18_18_07_Pro_mp4-0230_jpg.rf.e190400fe2fb68ec093a8b78d9eafcdf.jpg,0.58515625,0.5513888888888889,0.490625,0.8972222222222223,0.433035703125,0.7300293055555555,2,0.77232140625,0.690335,2,0.560714296875,0.4505808333333334,2,0.6205357031250001,0.43152749999999995,2,0.66517859375,0.5204429166666666,2,0.706250078125,0.4489930555555555,2,0.7401786718750001,0.4934506944444444,2
WIN_20251107_18_18_07_Pro_mp4-0231_jpg.rf.d254652fd8e6ae7938e65e5541ac1803,valid,4,thang,valid\images\WIN_20251107_18_18_07_Pro_mp4-0231_jpg.rf.d254652fd8e6ae7938e65e5541ac1803.jpg,0.590625,0.54375,0.4734375,0.9125,0.428113671875,0.7236780555555555,2,0.767399375,0.7030370833333333,2,0.54418515625,0.4601075,2,0.60043515625,0.42676416666666667,2,0.63972078125,0.5029773611111111,2,0.6852565625,0.4442297222222222,2,0.726328046875,0.48074847222222217,2
WIN_20251107_18_18_07_Pro_mp4-0233_jpg.rf.f4b41fd3c9c3bf300296f5e752868bf1,valid,4,thang,valid\images\WIN_20251107_18_18_07_Pro_mp4-0233_jpg.rf.f4b41fd3c9c3bf300296f5e752868bf1.jpg,0.584304375,0.5468055555555555,0.49210562499999994,0.9031669444444445,0.40892859374999996,0.7300293055555555,2,0.7714286718750001,0.6887470833333333,2,0.5160714843750001,0.47439749999999997,2,0.570535703125,0.4204130555555556,2,0.611607109375,0.5172673611111112,2,0.6607142968749999,0.4394663888888889,2,0.6991071875,0.4775729166666667,2
WIN_20251107_18_18_07_Pro_mp4-0234_jpg.rf.fa9b38d6c57ed12254fd1fc3255d0e79,valid,4,thang,valid\images\WIN_20251107_18_18_07_Pro_mp4-0234_jpg.rf.fa9b38d6c57ed12254fd1fc3255d0e79.jpg,0.588574609375,0.5494029166666667,0.4856314062499999,0.9011941666666666,0.40267859375,0.7284413888888889,2,0.7544642968749999,0.6808081944444444,2,0.50178578125,0.4601075,2,0.55267859375,0.43152749999999995,2,0.5973214062500001,0.51091625,2,0.642857109375,0.42676416666666667,2,0.689285703125,0.4474052777777778,2
WIN_20251107_18_18_07_Pro_mp4-0235_jpg.rf.86134625c5f347726638b32ddcb0fe60,valid,4,thang,valid\images\WIN_20251107_18_18_07_Pro_mp4-0235_jpg.rf.86134625c5f347726638b32ddcb0fe60.jpg,0.5816336718749999,0.5466225,0.47423265625000005,0.906755,0.40625,0.7284413888888889,2,0.748214296875,0.6823961111111111,2,0.49464289062500005,0.4791608333333333,2,0.5383928906250001,0.4299397222222222,2,0.583035703125,0.5220306944444444,2,0.626785703125,0.4251763888888889,2,0.67857140625,0.4489930555555555,2
WIN_20251107_18_18_07_Pro_mp4-0238_jpg.rf.398d681af6695b4b57f1db20963fc945,valid,4,thang,valid\images\WIN_20251107_18_18_07_Pro_mp4-0238_jpg.rf.398d681af6695b4b57f1db20963fc945.jpg,0.572146015625,0.5494147222222223,0.46329945312499987,0.8850469444444444,0.40233507812499997,0.7402018055555555,2,0.739599921875,0.7263045833333334,2,0.47830843749999996,0.49636777777777774,2,0.5258805468750001,0.4344616666666667,2,0.56777234375,0.5153186111111111,2,0.6110842187500001,0.4294080555555556,2,0.662916484375,0.46478305555555555,2
WIN_20251107_18_18_07_Pro_mp4-0241_jpg.rf.ebd5e4a4afa9473cf563e29f913eaecc,valid,4,thang,valid\images\WIN_20251107_18_18_07_Pro_mp4-0241_jpg.rf.ebd5e4a4afa9473cf563e29f913eaecc.jpg,0.58684390625,0.5458273611111111,0.49109851562499995,0.9083451388888889,0.39375,0.7316169444444444,2,0.74107140625,0.6760448611111111,2,0.47410710937499995,0.4902752777777778,2,0.517857109375,0.4410541666666667,2,0.557142890625,0.5156795833333334,2,0.6008928906250001,0.42835194444444447,2,0.6553571875,0.4505808333333334,2
WIN_20251107_18_18_07_Pro_mp4-0244_jpg.rf.a967929c046eb052ec7d41e7d8d518ab,valid,0,nga_phai,valid\images\WIN_20251107_18_18_07_Pro_mp4-0244_jpg.rf.a967929c046eb052ec7d41e7d8d518ab.jpg,0.57617828125,0.5542816666666667,0.4737644531250001,0.8836834722222221,0.390264609375,0.7679963888888889,2,0.726819375,0.7111438888888889,2,0.46978804687500003,0.45088569444444443,2,0.512389921875,0.5266890277777777,2,0.55286171875,0.42435458333333337,2,0.6188946093750001,0.4458322222222222,2,0.43996671875000004,0.53679625,2
WIN_20251107_18_18_07_Pro_mp4-0245_jpg.rf.ef5c2fc8d9823085aed298135c5cccff,valid,2,nghieng_phai,valid\images\WIN_20251107_18_18_07_Pro_mp4-0245_jpg.rf.ef5c2fc8d9823085aed298135c5cccff.jpg,0.56371328125,0.5454763888888888,0.49081937500000006,0.8854097222222223,0.36875,0.7379681944444444,2,0.72678578125,0.6760448611111111,2,0.422321484375,0.4982141666666667,2,0.451785703125,0.46487083333333334,2,0.4928571875,0.5315573611111111,2,0.537500078125,0.4251763888888889,2,0.6089285156249999,0.43470305555555555,2
WIN_20251107_18_18_07_Pro_mp4-0246_jpg.rf.1d39446d78efe8b41a862918fafb9100,valid,2,nghieng_phai,valid\images\WIN_20251107_18_18_07_Pro_mp4-0246_jpg.rf.1d39446d78efe8b41a862918fafb9100.jpg,0.55677671875,0.5388888888888889,0.5095215625,0.9222222222222223,0.3692034375,0.7300293055555555,2,0.697774921875,0.6808081944444444,2,0.401346328125,0.5061529166666666,2,0.426346328125,0.47280972222222223,2,0.46920343750000004,0.5363206944444444,2,0.5031320312500001,0.4299397222222222,2,0.582596328125,0.42358861111111107,2
WIN_20251107_18_18_07_Pro_mp4-0247_jpg.rf.096a75547d63a488ef0cabc62166c236,valid,0,nga_phai,valid\images\WIN_20251107_18_18_07_Pro_mp4-0247_jpg.rf.096a75547d63a488ef0cabc62166c236.jpg,0.527497578125,0.5608269444444444,0.46112632812500004,0.878345972222222,0.364703515625,0.7654697222222222,2,0.694157890625,0.7111438888888889,2,0.398785,0.4887873611111111,2,0.43641664062499996,0.5481666666666667,2,0.47333820312499997,0.4395152777777778,2,0.554991796875,0.44204194444444445,2,0.3789040625,0.5923852777777778,2
WIN_20251107_18_18_07_Pro_mp4-0248_jpg.rf.d06cb79785557f503aa74174d8856da1,valid,0,nga_phai,valid\images\WIN_20251107_18_18_07_Pro_mp4-0248_jpg.rf.d06cb79785557f503aa74174d8856da1.jpg,0.527206953125,0.558915,0.470749140625,0.8425220833333333,0.35334296875,0.7882105555555556,2,0.682087421875,0.7086170833333333,2,0.37464390625,0.5052115277777778,2,0.416535703125,0.5620640277777778,2,0.44848710937499997,0.45088569444444443,2,0.5336908593749999,0.44077861111111105,2,0.3639934375,0.5974388888888889,2
WIN_20251107_18_18_07_Pro_mp4-0249_jpg.rf.f51c487de61bd88a3466d2cb111781fa,valid,0,nga_phai,valid\images\WIN_20251107_18_18_07_Pro_mp4-0249_jpg.rf.f51c487de61bd88a3466d2cb111781fa.jpg,0.520703125,0.5625,0.50703125,0.875,0.33125,0.7554336111111111,2,0.674107109375,0.6776326388888889,2,0.35357140625,0.5077406944444445,2,0.403571484375,0.5696640277777778,2,0.43571429687499996,0.4521686111111111,2,0.51517859375,0.4362908333333333,2,0.34017859375000004,0.5442595833333334,2
WIN_20251107_18_18_07_Pro_mp4-0252_jpg.rf.b25b24b2912e2686dc12484d2ad6ab95,valid,0,nga_phai,valid\images\WIN_20251107_18_18_07_Pro_mp4-0252_jpg.rf.b25b24b2912e2686dc12484d2ad6ab95.jpg,0.49698664062500003,0.506105,0.5256696875,0.7018925,0.323214296875,0.7649602777777778,2,0.6446428125,0.6950981944444444,2,0.3241071875,0.5474351388888888,2,0.36875,0.5918927777777778,2,0.39732140625,0.4759852777777778,2,0.47857140625000005,0.4410541666666667,2,0.30892859375000004,0.5696640277777778,2
WIN_20251107_18_18_07_Pro_mp4-0253_jpg.rf.efcef250501c8d69cf63d1116db269f6,valid,0,nga_phai,valid\images\WIN_20251107_18_18_07_Pro_mp4-0253_jpg.rf.efcef250501c8d69cf63d1116db269f6.jpg,0.49610515624999996,0.5851090277777777,0.528803515625,0.8297819444444444,0.32366773437499996,0.76255875,2,0.637953515625,0.6879333333333334,2,0.32366773437499996,0.5434458333333333,2,0.36652484375,0.5879034722222223,2,0.383489140625,0.4783470833333333,2,0.47009625,0.4275381944444444,2,0.301346328125,0.5720256944444444,2
WIN_20251107_18_18_07_Pro_mp4-0255_jpg.rf.bf1302923ec6a5cf06505dbce43c7706,valid,0,nga_phai,valid\images\WIN_20251107_18_18_07_Pro_mp4-0255_jpg.rf.bf1302923ec6a5cf06505dbce43c7706.jpg,0.498046875,0.5902777777777778,0.52734375,0.8194444444444444,0.316964296875,0.7760745833333332,2,0.6464286718750001,0.6935104166666667,2,0.32142859375,0.5426718055555556,2,0.366964296875,0.596656111111111,2,0.391071484375,0.47439749999999997,2,0.475000078125,0.4442297222222222,2,0.304464296875,0.5776027777777778,2
WIN_20251107_18_18_07_Pro_mp4-0257_jpg.rf.c7a571b7d80dd7c63497e8caeff511bd,valid,0,nga_phai,valid\images\WIN_20251107_18_18_07_Pro_mp4-0257_jpg.rf.c7a571b7d80dd7c63497e8caeff511bd.jpg,0.497604921875,0.5779804166666667,0.5273525781249999,0.8440391666666667,0.31428578125,0.7601969444444445,2,0.6366071875,0.6887470833333333,2,0.323214296875,0.5474351388888888,2,0.37678578125,0.5839538888888889,2,0.39642859375,0.46963416666666663,2,0.48125,0.44581750000000003,2,0.307142890625,0.5696640277777778,2
WIN_20251107_18_18_07_Pro_mp4-0259_jpg.rf.145bc683a43cc6ce82ec13170d3a2c0c,valid,0,nga_phai,valid\images\WIN_20251107_18_18_07_Pro_mp4-0259_jpg.rf.145bc683a43cc6ce82ec13170d3a2c0c.jpg,0.497356796875,0.5763831944444444,0.5277492968749999,0.8472336111111111,0.32142859375,0.7776625,2,0.659821484375,0.6950981944444444,2,0.328571484375,0.5442595833333334,2,0.37142859375000004,0.5887172222222222,2,0.401785703125,0.47280972222222223,2,0.47857140625000005,0.43787861111111115,2,0.31071429687499996,0.5823661111111111,2
WIN_20251107_18_18_07_Pro_mp4-0260_jpg.rf.0f34baa3430325c0925020136cb9ff0e,valid,0,nga_phai,valid\images\WIN_20251107_18_18_07_Pro_mp4-0260_jpg.rf.0f34baa3430325c0925020136cb9ff0e.jpg,0.49606289062500003,0.5856869444444445,0.5214215624999999,0.8286261111111112,0.325651796875,0.7995811111111111,2,0.643745703125,0.7212509722222222,2,0.329201875,0.5405863888888889,2,0.368963671875,0.5885951388888889,2,0.39665484375000004,0.4774169444444445,2,0.48114859374999996,0.44835888888888886,2,0.325651796875,0.6403941666666667,2
WIN_20251107_18_18_07_Pro_mp4-0261_jpg.rf.aff0134b5745445f76e833dbef62c86b,valid,0,nga_phai,valid\images\WIN_20251107_18_18_07_Pro_mp4-0261_jpg.rf.aff0134b5745445f76e833dbef62c86b.jpg,0.472995078125,0.5780654166666667,0.45791210937500004,0.8149713888888889,0.325651796875,0.7970543055555556,2,0.63948546875,0.7174608333333334,2,0.329201875,0.5431131944444444,2,0.373223828125,0.5873318055555555,2,0.39665484375000004,0.4774169444444445,2,0.48043851562500006,0.4534125,2,0.31642140625000004,0.6315504166666667,2
WIN_20251107_18_18_07_Pro_mp4-0262_jpg.rf.43f98e914e15f02cb99d50fb94076167,valid,0,nga_phai,valid\images\WIN_20251107_18_18_07_Pro_mp4-0262_jpg.rf.43f98e914e15f02cb99d50fb94076167.jpg,0.478581875,0.5751125,0.47122624999999996,0.8402504166666666,0.322811640625,0.7995811111111111,2,0.643745703125,0.7275679166666666,2,0.337012265625,0.5330059722222222,2,0.385294375,0.57596125,2,0.41085546875,0.4635195833333334,2,0.48327867187500007,0.4572026388888889,2,0.324231640625,0.6214431944444444,2
WIN_20251107_18_18_07_Pro_mp4-0263_jpg.rf.40e2281778cbe3baca6072e098814b91,valid,2,nghieng_phai,valid\images\WIN_20251107_18_18_07_Pro_mp4-0263_jpg.rf.40e2281778cbe3baca6072e098814b91.jpg,0.5085143750000001,0.5837405555555556,0.5161358593750001,0.83251875,0.325892890625,0.7522580555555556,2,0.6464286718750001,0.6950981944444444,2,0.319642890625,0.5680761111111111,2,0.34642859375,0.5172673611111112,2,0.40267859375,0.5680761111111111,2,0.42142859374999997,0.4474052777777778,2,0.48125,0.43787861111111115,2
WIN_20251107_18_18_07_Pro_mp4-0266_jpg.rf.7bb90e572b186da04ee1f266c696fa73,valid,0,nga_phai,valid\images\WIN_20251107_18_18_07_Pro_mp4-0266_jpg.rf.7bb90e572b186da04ee1f266c696fa73.jpg,0.477123671875,0.60105875,0.5051295312499999,0.7895383333333332,0.305060859375,0.8071613888888889,2,0.6188946093750001,0.7174608333333334,2,0.322811640625,0.5266890277777777,2,0.38032414062500003,0.5633273611111111,2,0.39807492187500004,0.45467583333333333,2,0.45274734375000003,0.46857319444444445,2,0.29654046875,0.629023611111111,2
WIN_20251107_18_18_07_Pro_mp4-0267_jpg.rf.90845d78e5b67b58ece7d43c7e98c8b9,valid,0,nga_phai,valid\images\WIN_20251107_18_18_07_Pro_mp4-0267_jpg.rf.90845d78e5b67b58ece7d43c7e98c8b9.jpg,0.455151953125,0.6013343055555556,0.50763265625,0.7698284722222225,0.28873015625,0.8387462499999999,2,0.598303671875,0.6997733333333334,2,0.30293078125,0.5418497222222223,2,0.351922890625,0.5734344444444445,2,0.37038375,0.4698365277777778,2,0.428606328125,0.4698365277777778,2,0.278789765625,0.6416575,2
WIN_20251107_18_18_07_Pro_mp4-0272_jpg.rf.4888dedcee23b92c4cd0d475fc4fda48,valid,0,nga_phai,valid\images\WIN_20251107_18_18_07_Pro_mp4-0272_jpg.rf.4888dedcee23b92c4cd0d475fc4fda48.jpg,0.41015625,0.6368055555555555,0.5640625,0.7263888888888889,0.260714296875,0.8459368055555555,2,0.5553571875000001,0.66969375,2,0.2508928125,0.5918927777777778,2,0.301785703125,0.6125338888888889,2,0.3116071875,0.5061529166666666,2,0.37767859375,0.4902752777777778,2,0.2428571875,0.68398375,2
WIN_20251107_18_18_07_Pro_mp4-0273_jpg.rf.438cc071c4dc809cf47d91b89383547c,valid,0,nga_phai,valid\images\WIN_20251107_18_18_07_Pro_mp4-0273_jpg.rf.438cc071c4dc809cf47d91b89383547c.jpg,0.414820703125,0.6212301388888889,0.554194921875,0.7575397222222222,0.25892859375,0.84276125,2,0.56517859375,0.6681059722222222,2,0.25,0.5918927777777778,2,0.301785703125,0.61094625,2,0.3116071875,0.5061529166666666,2,0.3758928125,0.4791608333333333,2,0.232142890625,0.6601670833333333,2
WIN_20251107_18_18_07_Pro_mp4-0274_jpg.rf.5e1b7bf6c3570b7bacc40f6541f8e788,valid,0,nga_phai,valid\images\WIN_20251107_18_18_07_Pro_mp4-0274_jpg.rf.5e1b7bf6c3570b7bacc40f6541f8e788.jpg,0.4051246875,0.6323547222222222,0.526944140625,0.7352904166666665,0.2773696875,0.8703309722222221,2,0.547891484375,0.7124073611111111,2,0.24612828125,0.5987022222222222,2,0.294410390625,0.6163897222222222,2,0.30861101562500004,0.5153186111111111,2,0.376063984375,0.49257763888888884,2,0.242578125,0.7048269444444444,2
WIN_20251107_18_18_07_Pro_mp4-0275_jpg.rf.6567d60b9bec47317f00b1472e0f8ba0,valid,0,nga_phai,valid\images\WIN_20251107_18_18_07_Pro_mp4-0275_jpg.rf.6567d60b9bec47317f00b1472e0f8ba0.jpg,0.41904609375,0.6285452777777778,0.564877734375,0.7205824999999998,0.264285703125,0.84276125,2,0.557142890625,0.6776326388888889,2,0.24107140624999998,0.596656111111111,2,0.300892890625,0.6157094444444444,2,0.3133928125,0.5029773611111111,2,0.375,0.48233638888888886,2,0.23928570312500003,0.6792204166666667,2
WIN_20251107_18_18_07_Pro_mp4-0278_jpg.rf.b45b00033f561fd972bd638d70f4ab62,valid,0,nga_phai,valid\images\WIN_20251107_18_18_07_Pro_mp4-0278_jpg.rf.b45b00033f561fd972bd638d70f4ab62.jpg,0.4251996875,0.6247915277777778,0.580756484375,0.7504169444444445,0.266071484375,0.8276575,2,0.567857109375,0.6784066666666667,2,0.247321484375,0.6053690277777778,2,0.307142890625,0.6148956944444445,2,0.31517859375,0.5164536111111111,2,0.37767859375,0.48311041666666665,2,0.23303570312500002,0.6482390277777778,2
WIN_20251107_18_18_07_Pro_mp4-0279_jpg.rf.0109bacfd2b864b36c92ee4964a37969,valid,0,nga_phai,valid\images\WIN_20251107_18_18_07_Pro_mp4-0279_jpg.rf.0109bacfd2b864b36c92ee4964a37969.jpg,0.4125,0.63125,0.528125,0.7375,0.27452953125,0.8551702777777779,2,0.565642265625,0.7136706944444444,2,0.26103890625,0.5936486111111111,2,0.31003109375000004,0.6075459722222223,2,0.322811640625,0.5077381944444445,2,0.389554609375,0.48626055555555553,2,0.255358671875,0.6909295833333333,2
WIN_20251107_18_18_07_Pro_mp4-0281_jpg.rf.6f7e0b6423c7dbe9aca646a03afff435,valid,0,nga_phai,valid\images\WIN_20251107_18_18_07_Pro_mp4-0281_jpg.rf.6f7e0b6423c7dbe9aca646a03afff435.jpg,0.4478621875,0.6129104166666667,0.523008046875,0.7741791666666666,0.286600078125,0.8223220833333333,2,0.586233203125,0.7136706944444444,2,0.292990390625,0.5620640277777778,2,0.3434025,0.5923852777777778,2,0.35973328125,0.48626055555555553,2,0.42363609375,0.47994375,2,0.27594953125,0.6656618055555555,2
WIN_20251107_18_18_07_Pro_mp4-0283_jpg.rf.ca603cebbb090d0f464d84c147a48c1a,valid,0,nga_phai,valid\images\WIN_20251107_18_18_07_Pro_mp4-0283_jpg.rf.ca603cebbb090d0f464d84c147a48c1a.jpg,0.477355078125,0.5927208333333334,0.46040093750000005,0.8115779166666667,0.318551484375,0.7970543055555556,2,0.634515234375,0.7313581944444445,2,0.357603125,0.5127918055555556,2,0.41014546875,0.55827375,2,0.43144640624999997,0.45467583333333333,2,0.488248828125,0.4660463888888889,2,0.3213915625,0.5961754166666667,2
WIN_20251107_18_18_07_Pro_mp4-0288_jpg.rf.dbeb23df90a3a9529c1805302b660452,valid,4,thang,valid\images\WIN_20251107_18_18_07_Pro_mp4-0288_jpg.rf.dbeb23df90a3a9529c1805302b660452.jpg,0.575,0.54375,0.5015625,0.9125,0.380357109375,0.7062126388888889,2,0.729464296875,0.6681059722222222,2,0.45267859374999997,0.49186291666666665,2,0.513392890625,0.43470305555555555,2,0.56428578125,0.5236184722222222,2,0.606250078125,0.4204130555555556,2,0.6491071093749999,0.4569319444444444,2
WIN_20251107_18_18_07_Pro_mp4-0289_jpg.rf.e83d3e40a1ddb77fe7b23f34d867e6e1,valid,4,thang,valid\images\WIN_20251107_18_18_07_Pro_mp4-0289_jpg.rf.e83d3e40a1ddb77fe7b23f34d867e6e1.jpg,0.557925546875,0.54624375,0.4826340625,0.9075124999999999,0.393814765625,0.7326215277777777,2,0.730369453125,0.7086170833333333,2,0.457717578125,0.4988944444444445,2,0.5209103125000001,0.43698847222222226,2,0.5635121875,0.5203720833333333,2,0.60966421875,0.4294080555555556,2,0.652266015625,0.49257763888888884,2
WIN_20251107_18_18_07_Pro_mp4-0295_jpg.rf.f0396dbafe2b0e25114f49ac1561f529,valid,4,thang,valid\images\WIN_20251107_18_18_07_Pro_mp4-0295_jpg.rf.f0396dbafe2b0e25114f49ac1561f529.jpg,0.568812578125,0.5448602777777778,0.4825114843749999,0.9043077777777777,0.39852906250000003,0.7169004166666667,2,0.7297946093750001,0.6958352777777778,2,0.476509765625,0.47913208333333335,2,0.5311001562500001,0.4304322222222222,2,0.579154296875,0.5192648611111111,2,0.629197578125,0.43286375,2,0.662261953125,0.4833145833333333,2
WIN_20251107_18_18_07_Pro_mp4-0300_jpg.rf.c16c573226fdaf20b5fb542cda6ea7d1,valid,1,nga_trai,valid\images\WIN_20251107_18_18_07_Pro_mp4-0300_jpg.rf.c16c573226fdaf20b5fb542cda6ea7d1.jpg,0.5998509375000001,0.5593054166666667,0.47546640625,0.8813891666666667,0.45416734375,0.7402018055555555,2,0.7921421875,0.7275679166666666,2,0.583393046875,0.45972944444444447,2,0.65936640625,0.4180376388888889,2,0.697708125,0.5140551388888889,2,0.747410234375,0.4572026388888889,2,0.769421171875,0.5506934722222222,2
WIN_20251107_18_18_07_Pro_mp4-0306_jpg.rf.6c21d2afc688a35b8c6147b873ffbaac,valid,1,nga_trai,valid\images\WIN_20251107_18_18_07_Pro_mp4-0306_jpg.rf.6c21d2afc688a35b8c6147b873ffbaac.jpg,0.71875,0.60625,0.5625,0.7736111111111111,0.560714296875,0.6792204166666667,2,0.8991071093749999,0.7998912499999999,2,0.739285703125,0.4775729166666667,2,0.8267857812500001,0.46963416666666663,2,0.854464296875,0.5791906944444444,2,0.90892859375,0.53949625,2,0.9375,0.5680761111111111,2
WIN_20251107_18_18_07_Pro_mp4-0308_jpg.rf.a2286525cbfc8e2e45c6eac7e50d8d9f,valid,1,nga_trai,valid\images\WIN_20251107_18_18_07_Pro_mp4-0308_jpg.rf.a2286525cbfc8e2e45c6eac7e50d8d9f.jpg,0.735933671875,0.6033333333333333,0.514294609375,0.7607111111111111,0.60114390625,0.7048269444444444,2,0.8979367968749999,0.8197954166666667,2,0.756640625,0.4887873611111111,2,0.85178484375,0.4849972222222222,2,0.871665625,0.5797513888888889,2,0.926338046875,0.5506934722222222,2,0.9376985937500001,0.6416575,2
WIN_20251107_18_18_07_Pro_mp4-0311_jpg.rf.0826b9ffd18605d1fcaee476b039218f,valid,1,nga_trai,valid\images\WIN_20251107_18_18_07_Pro_mp4-0311_jpg.rf.0826b9ffd18605d1fcaee476b039218f.jpg,0.7409299218750001,0.6017204166666666,0.51814015625,0.7609156944444442,0.58716375,0.6957761111111112,2,0.887286328125,0.8197954166666667,2,0.7529574218749999,0.48047375000000003,2,0.841844375,0.4824704166666666,2,0.8666953906250001,0.5772245833333334,2,0.9206578125,0.5570104166666667,2,0.928468125,0.65050125,2
WIN_20251107_18_18_07_Pro_mp4-0312_jpg.rf.99fa9814aeb32cb89c8823bf3aed1e67,valid,1,nga_trai,valid\images\WIN_20251107_18_18_07_Pro_mp4-0312_jpg.rf.99fa9814aeb32cb89c8823bf3aed1e67.jpg,0.7344432031249999,0.6078626388888888,0.5030749218749999,0.7746444444444445,0.5912034375,0.6979920833333334,2,0.8908365625,0.8028533333333333,2,0.7495403125,0.47942583333333333,2,0.842554375,0.48321597222222223,2,0.8659853906249999,0.5792334722222222,2,0.916397578125,0.5514388888888889,2,0.9229764062499999,0.6342083333333334,2
WIN_20251107_18_18_07_Pro_mp4-0315_jpg.rf.fc339ff02c24361386ddcbefb40b7dd4,valid,1,nga_trai,valid\images\WIN_20251107_18_18_07_Pro_mp4-0315_jpg.rf.fc339ff02c24361386ddcbefb40b7dd4.jpg,0.745232421875,0.6058905555555555,0.50168859375,0.765878888888889,0.5824057812500001,0.6948241666666667,2,0.8931221875,0.8240984722222222,2,0.7575062499999999,0.49056374999999997,2,0.8469702343750001,0.4956172222222222,2,0.8682711718749999,0.5891080555555556,2,0.9257836718749999,0.5625769444444445,2,0.93075390625,0.6548043055555556,2
WIN_20251107_18_18_07_Pro_mp4-0316_jpg.rf.db34d716e79d1a504098086df1718448,valid,1,nga_trai,valid\images\WIN_20251107_18_18_07_Pro_mp4-0316_jpg.rf.db34d716e79d1a504098086df1718448.jpg,0.732737578125,0.613902638888889,0.5345248437500001,0.7721945833333334,0.596883671875,0.7136706944444444,2,0.8887064062500001,0.8172686111111112,2,0.75451046875,0.4900508333333333,2,0.848234609375,0.49257763888888884,2,0.8666953906250001,0.5936486111111111,2,0.922787890625,0.5620640277777778,2,0.928468125,0.6643984722222223,2
WIN_20251107_18_18_07_Pro_mp4-0317_jpg.rf.8fd99c690c00956a8800f2bfba4f6747,valid,1,nga_trai,valid\images\WIN_20251107_18_18_07_Pro_mp4-0317_jpg.rf.8fd99c690c00956a8800f2bfba4f6747.jpg,0.76328125,0.5235656944444445,0.4734375,0.6733219444444444,0.5696428906250001,0.6633426388888889,2,0.891964375,0.785601388888889,2,0.7508928906250001,0.4870997222222222,2,0.833928671875,0.4902752777777778,2,0.86964296875,0.5950684722222223,2,0.9178571874999999,0.5569616666666667,2,0.941964296875,0.6077705555555556,2
WIN_20251107_18_18_07_Pro_mp4-0319_jpg.rf.63732f86ec6d766ce1e253064cf5f321,valid,1,nga_trai,valid\images\WIN_20251107_18_18_07_Pro_mp4-0319_jpg.rf.63732f86ec6d766ce1e253064cf5f321.jpg,0.7263053125,0.6024936111111111,0.5468067187499999,0.7950126388888887,0.5831017187499999,0.70735375,2,0.886285,0.8223220833333333,2,0.74143859375,0.4774169444444445,2,0.834452734375,0.48752402777777776,2,0.8522035156250001,0.5873318055555555,2,0.91113609375,0.5506934722222222,2,0.918946484375,0.6403941666666667,2
WIN_20251107_18_18_07_Pro_mp4-0321_jpg.rf.d12512190c4dc3b8eb6db448a70ca0a0,valid,1,nga_trai,valid\images\WIN_20251107_18_18_07_Pro_mp4-0321_jpg.rf.d12512190c4dc3b8eb6db448a70ca0a0.jpg,0.6947228125,0.6034499999999999,0.5555625000000001,0.7930998611111111,0.568772734375,0.6839193055555556,2,0.875215859375,0.7995811111111111,2,0.720428984375,0.4837338888888889,2,0.812733125,0.47362666666666664,2,0.8304839062499999,0.5658541666666667,2,0.88515625,0.5355327777777777,2,0.899356875,0.6264968055555555,2
WIN_20251107_18_18_07_Pro_mp4-0322_jpg.rf.3f847f78ebf502f3af651bd9865bfd66,valid,1,nga_trai,valid\images\WIN_20251107_18_18_07_Pro_mp4-0322_jpg.rf.3f847f78ebf502f3af651bd9865bfd66.jpg,0.7047994531249999,0.558737361111111,0.48326937500000006,0.7411548611111111,0.546983203125,0.6929894444444444,2,0.8659853906249999,0.7869472222222222,2,0.7019682031250001,0.4824704166666666,2,0.785041875,0.4698365277777778,2,0.8070528906250001,0.5595372222222222,2,0.8603051562499999,0.5165819444444445,2,0.8780559374999999,0.6151263888888889,2
WIN_20251107_18_18_07_Pro_mp4-0323_jpg.rf.4af80766273be89833da08e2fc98fa41,valid,1,nga_trai,valid\images\WIN_20251107_18_18_07_Pro_mp4-0323_jpg.rf.4af80766273be89833da08e2fc98fa41.jpg,0.661328125,0.58125,0.51796875,0.8375,0.50982140625,0.6808081944444444,2,0.8598214843750001,0.7522580555555556,2,0.6803571093749999,0.47439749999999997,2,0.7455357031250001,0.4489930555555555,2,0.7821428906250001,0.5506106944444444,2,0.835714375,0.5013895833333333,2,0.8714285937499999,0.5458473611111111,2
WIN_20251107_18_18_07_Pro_mp4-0324_jpg.rf.3ad992aec629c6182b01f6e7e8cfef03,valid,1,nga_trai,valid\images\WIN_20251107_18_18_07_Pro_mp4-0324_jpg.rf.3ad992aec629c6182b01f6e7e8cfef03.jpg,0.639601328125,0.5724534722222221,0.5043178906250001,0.8330415277777777,0.511607109375,0.6879333333333334,2,0.84642859375,0.7323909722222223,2,0.65625,0.47517152777777777,2,0.7241071875,0.4418281944444445,2,0.758035625,0.5386825000000001,2,0.808035703125,0.4767591666666666,2,0.8446428125000001,0.5291558333333334,2
WIN_20251107_18_18_07_Pro_mp4-0325_jpg.rf.6d9cd97ed03767263b86603a57a17f9c,valid,1,nga_trai,valid\images\WIN_20251107_18_18_07_Pro_mp4-0325_jpg.rf.6d9cd97ed03767263b86603a57a17f9c.jpg,0.646919609375,0.5563872222222221,0.48499359374999995,0.831830277777778,0.49748093750000005,0.7030658333333334,2,0.8305220312499999,0.7559777777777777,2,0.636008515625,0.4709645833333333,2,0.6998381250000001,0.4425548611111111,2,0.733209609375,0.5347823611111111,2,0.787171953125,0.4804566666666667,2,0.8184133593749999,0.5625769444444445,2
WIN_20251107_18_18_07_Pro_mp4-0327_jpg.rf.193617fc56febc7b922832cd3d7d3b78,valid,3,nghieng_trai,valid\images\WIN_20251107_18_18_07_Pro_mp4-0327_jpg.rf.193617fc56febc7b922832cd3d7d3b78.jpg,0.63984421875,0.5541626388888888,0.44218828125,0.8916745833333334,0.46557179687500005,0.7495815277777779,2,0.79701015625,0.7404979166666666,2,0.58392859375,0.46963416666666663,2,0.63928578125,0.43470305555555555,2,0.676785703125,0.5283818055555556,2,0.73303578125,0.4569319444444444,2,0.762500078125,0.5156795833333334,2
WIN_20251107_18_18_07_Pro_mp4-0330_jpg.rf.96a9a545caa7b83419073acfa31e0029,valid,4,thang,valid\images\WIN_20251107_18_18_07_Pro_mp4-0330_jpg.rf.96a9a545caa7b83419073acfa31e0029.jpg,0.588671875,0.5534722222222223,0.48515625,0.8930555555555556,0.418665859375,0.7439919444444445,2,0.758770703125,0.7225144444444445,2,0.50315953125,0.50142125,2,0.547181484375,0.4395152777777778,2,0.58978328125,0.5254256944444445,2,0.63877546875,0.4357251388888889,2,0.693447890625,0.47994375,2
WIN_20251107_18_18_07_Pro_mp4-0331_jpg.rf.6cd45286f3bb05efaa1223e2bd295c1a,valid,4,thang,valid\images\WIN_20251107_18_18_07_Pro_mp4-0331_jpg.rf.6cd45286f3bb05efaa1223e2bd295c1a.jpg,0.593359375,0.5416666666666666,0.48046875,0.9166666666666666,0.40786742187499997,0.7423424999999999,2,0.748256171875,0.7007688888888889,2,0.4803571875,0.4902752777777778,2,0.528865234375,0.43668625000000005,2,0.5696428906250001,0.5172673611111112,2,0.6178571093749999,0.42835194444444447,2,0.674107109375,0.4537563888888889,2
WIN_20251107_18_18_07_Pro_mp4-0332_jpg.rf.9f290fea122136fcefa156fadbf8243d,valid,4,thang,valid\images\WIN_20251107_18_18_07_Pro_mp4-0332_jpg.rf.9f290fea122136fcefa156fadbf8243d.jpg,0.575,0.5465277777777777,0.515625,0.9069444444444444,0.39375,0.7220904166666666,2,0.75267859375,0.6776326388888889,2,0.47142859374999996,0.4870997222222222,2,0.519642890625,0.43470305555555555,2,0.56428578125,0.5172673611111112,2,0.6107143749999999,0.4204130555555556,2,0.6625,0.4601075,2
WIN_20251107_18_18_07_Pro_mp4-0335_jpg.rf.2958487255b038b1a39b4f52fc707a78,valid,4,thang,valid\images\WIN_20251107_18_18_07_Pro_mp4-0335_jpg.rf.2958487255b038b1a39b4f52fc707a78.jpg,0.587863671875,0.5414581944444444,0.48956656249999997,0.9170836111111111,0.394642890625,0.7196888888888889,2,0.74107140625,0.6784066666666667,2,0.483035703125,0.4815226388888889,2,0.5321428125,0.4148361111111111,2,0.575,0.5053391666666667,2,0.6214285937499999,0.4148361111111111,2,0.67053578125,0.45294263888888886,2
WIN_20251107_18_18_07_Pro_mp4-0340_jpg.rf.b4ceb0d7304739e1b68e654f5150d313,valid,0,nga_phai,valid\images\WIN_20251107_18_18_07_Pro_mp4-0340_jpg.rf.b4ceb0d7304739e1b68e654f5150d313.jpg,0.568071796875,0.5260538888888888,0.44814085937500003,0.8710018055555556,0.411565546875,0.7553624999999999,2,0.74599015625,0.7035636111111111,2,0.50386953125,0.44077861111111105,2,0.547181484375,0.5077381944444445,2,0.58978328125,0.41677416666666667,2,0.651556015625,0.4458322222222222,2,0.469078046875,0.51910875,2
WIN_20251107_18_18_07_Pro_mp4-0344_jpg.rf.9bb4732b0285f8ee7810158eeb746bee,valid,2,nghieng_phai,valid\images\WIN_20251107_18_18_07_Pro_mp4-0344_jpg.rf.9bb4732b0285f8ee7810158eeb746bee.jpg,0.5672446093750001,0.5627009722222223,0.49586789062500014,0.8683456944444444,0.380357109375,0.7395558333333333,2,0.7348214843750001,0.6776326388888889,2,0.412500078125,0.5379084722222223,2,0.429464296875,0.48233638888888886,2,0.47232140625,0.53949625,2,0.50178578125,0.4220008333333333,2,0.58392859375,0.4077109722222222,2
WIN_20251107_18_18_07_Pro_mp4-0345_jpg.rf.2c2df03857c948b23be3970a1cb6a74c,valid,2,nghieng_phai,valid\images\WIN_20251107_18_18_07_Pro_mp4-0345_jpg.rf.2c2df03857c948b23be3970a1cb6a74c.jpg,0.565195078125,0.5590875,0.49824734374999996,0.8816926388888889,0.3813084375,0.7739799999999999,2,0.717302578125,0.7115962499999999,2,0.391964296875,0.5315573611111111,2,0.414285703125,0.4982141666666667,2,0.460714296875,0.5363206944444444,2,0.4875,0.4251763888888889,2,0.5669642968749999,0.40135986111111116,2
WIN_20251107_18_18_07_Pro_mp4-0346_jpg.rf.e96a2dd04e2fb3b053f85523e83f5e50,valid,2,nghieng_phai,valid\images\WIN_20251107_18_18_07_Pro_mp4-0346_jpg.rf.e96a2dd04e2fb3b053f85523e83f5e50.jpg,0.556640625,0.5604166666666667,0.50078125,0.8791666666666667,0.361607109375,0.7395558333333333,2,0.6883928906250001,0.6601670833333333,2,0.38482140625,0.5315573611111111,2,0.40625,0.49662625,2,0.45625,0.5442595833333334,2,0.48214289062500004,0.43152749999999995,2,0.5589285937499999,0.4029476388888889,2
WIN_20251107_18_18_07_Pro_mp4-0349_jpg.rf.b7a7355d285def49a15a870b73b1426f,valid,2,nghieng_phai,valid\images\WIN_20251107_18_18_07_Pro_mp4-0349_jpg.rf.b7a7355d285def49a15a870b73b1426f.jpg,0.566360078125,0.5656745833333333,0.4867378125000001,0.8686506944444444,0.363392890625,0.7363802777777778,2,0.708035859375,0.66969375,2,0.3866071875,0.5379084722222223,2,0.40803578125,0.4870997222222222,2,0.45803578125,0.5490227777777777,2,0.485714296875,0.42835194444444447,2,0.5616071875,0.4108865277777778,2
WIN_20251107_18_18_07_Pro_mp4-0350_jpg.rf.618d895864efd4efb29aa925c37ed41c,valid,2,nghieng_phai,valid\images\WIN_20251107_18_18_07_Pro_mp4-0350_jpg.rf.618d895864efd4efb29aa925c37ed41c.jpg,0.547259453125,0.5587265277777778,0.47690945312499994,0.8825468055555556,0.370500859375,0.7675005555555556,2,0.713178359375,0.7102166666666666,2,0.39017859375,0.5347329166666667,2,0.40982140625,0.4982141666666667,2,0.458035703125,0.5537862499999999,2,0.49107140625,0.42835194444444447,2,0.56428578125,0.41882541666666667,2
WIN_20251107_18_18_07_Pro_mp4-0351_jpg.rf.141d12c7ca65929a68d3c273208e07a3,valid,2,nghieng_phai,valid\images\WIN_20251107_18_18_07_Pro_mp4-0351_jpg.rf.141d12c7ca65929a68d3c273208e07a3.jpg,0.5653669531250001,0.5567459722222222,0.49010890625000003,0.8865080555555556,0.36517859375,0.7379681944444444,2,0.7178571875,0.6760448611111111,2,0.38392859375,0.5315573611111111,2,0.410714296875,0.4902752777777778,2,0.460714296875,0.5569616666666667,2,0.485714296875,0.43152749999999995,2,0.5589285937499999,0.4108865277777778,2
WIN_20251107_18_18_07_Pro_mp4-0352_jpg.rf.f421fbc118dcd8fd52976391a8f8223a,valid,2,nghieng_phai,valid\images\WIN_20251107_18_18_07_Pro_mp4-0352_jpg.rf.f421fbc118dcd8fd52976391a8f8223a.jpg,0.564950625,0.5589248611111112,0.505267421875,0.8821502777777778,0.37048773437500004,0.7704380555555557,2,0.7184928125,0.7162311111111112,2,0.389285703125,0.5331451388888889,2,0.40982140625,0.49662625,2,0.460714296875,0.5458473611111111,2,0.488392890625,0.4299397222222222,2,0.5660714062500001,0.4108865277777778,2
WIN_20251107_18_18_07_Pro_mp4-0354_jpg.rf.e8c42f2767f0c3d62f37b03621a93da2,valid,2,nghieng_phai,valid\images\WIN_20251107_18_18_07_Pro_mp4-0354_jpg.rf.e8c42f2767f0c3d62f37b03621a93da2.jpg,0.560702578125,0.5553516666666667,0.4955121093749999,0.8892966666666666,0.364285703125,0.741143611111111,2,0.7071428125,0.6585794444444445,2,0.403571484375,0.5188551388888889,2,0.42767859374999995,0.4870997222222222,2,0.47767859375,0.5363206944444444,2,0.5071428906250001,0.42676416666666667,2,0.579464296875,0.4172375,2
WIN_20251107_18_18_07_Pro_mp4-0355_jpg.rf.9ac2611bc3503e50d8547ba694f8f317,valid,0,nga_phai,valid\images\WIN_20251107_18_18_07_Pro_mp4-0355_jpg.rf.9ac2611bc3503e50d8547ba694f8f317.jpg,0.547399375,0.5551594444444444,0.480875,0.8896809722222222,0.3789040625,0.7642062500000001,2,0.7126186718749999,0.7161973611111111,2,0.4491971875,0.4572026388888889,2,0.5010294531249999,0.5165819444444445,2,0.53227078125,0.40919388888888886,2,0.594043515625,0.4344616666666667,2,0.414405625,0.5481666666666667,2
WIN_20251107_18_18_07_Pro_mp4-0357_jpg.rf.cbba4c7030b01fd0154735a08fddf57e,valid,0,nga_phai,valid\images\WIN_20251107_18_18_07_Pro_mp4-0357_jpg.rf.cbba4c7030b01fd0154735a08fddf57e.jpg,0.555776640625,0.5343734722222222,0.43864953124999995,0.85890625,0.388178046875,0.7560516666666667,2,0.7246732031249999,0.6937884722222222,2,0.49108906250000006,0.4319348611111111,2,0.541501171875,0.4988944444444445,2,0.579969921875,0.40388749999999995,2,0.63025515625,0.45972944444444447,2,0.442096875,0.5127918055555556,2
WIN_20251107_18_18_07_Pro_mp4-0358_jpg.rf.f845cdf5f1892c232fa54e31ec0f0493,valid,4,thang,valid\images\WIN_20251107_18_18_07_Pro_mp4-0358_jpg.rf.f845cdf5f1892c232fa54e31ec0f0493.jpg,0.562237421875,0.5416204166666667,0.4770150000000001,0.8921640277777778,0.39303867187499997,0.7347744444444444,2,0.72809390625,0.7243380555555556,2,0.46126773437499996,0.5026847222222222,2,0.5180701562500001,0.4218277777777778,2,0.5635121875,0.49131416666666666,2,0.60114390625,0.4041402777777778,2,0.648005859375,0.47362666666666664,2
WIN_20251107_18_18_07_Pro_mp4-0359_jpg.rf.7c4d2c3c5da61fb38bfa499481c377fd,valid,4,thang,valid\images\WIN_20251107_18_18_07_Pro_mp4-0359_jpg.rf.7c4d2c3c5da61fb38bfa499481c377fd.jpg,0.592461328125,0.5458333333333333,0.4907262500000001,0.9083333333333333,0.392857109375,0.7157391666666666,2,0.74107140625,0.6760448611111111,2,0.46875,0.4632830555555556,2,0.5303571875,0.41564986111111113,2,0.57767859375,0.49662625,2,0.6178571093749999,0.40453541666666665,2,0.6553571875,0.4569319444444444,2
WIN_20251107_18_18_07_Pro_mp4-0360_jpg.rf.43870fb1b3ab2f3bfafd94562abefb92,valid,4,thang,valid\images\WIN_20251107_18_18_07_Pro_mp4-0360_jpg.rf.43870fb1b3ab2f3bfafd94562abefb92.jpg,0.5718115625,0.5478209722222223,0.492090625,0.9043580555555555,0.40464640625000003,0.7204072222222223,2,0.74374109375,0.7039240277777778,2,0.47801710937499997,0.4824704166666666,2,0.5383697656249999,0.41677416666666667,2,0.582391640625,0.4900508333333333,2,0.619313359375,0.4117206944444444,2,0.66191515625,0.4774169444444445,2
WIN_20251107_18_18_07_Pro_mp4-0361_jpg.rf.7d0b0d6dbe097f747a3235bccc335fe7,valid,4,thang,valid\images\WIN_20251107_18_18_07_Pro_mp4-0361_jpg.rf.7d0b0d6dbe097f747a3235bccc335fe7.jpg,0.5884115624999999,0.5409826388888888,0.46923390625000005,0.9081775,0.394642890625,0.7268536111111111,2,0.741964375,0.6776326388888889,2,0.475000078125,0.47439749999999997,2,0.537500078125,0.4172375,2,0.58482140625,0.4982141666666667,2,0.61875,0.4077109722222222,2,0.66517859375,0.4362908333333333,2
WIN_20251107_18_18_07_Pro_mp4-0362_jpg.rf.6f65f00f15a8667b8a66dd7f8f8aa36c,valid,4,thang,valid\images\WIN_20251107_18_18_07_Pro_mp4-0362_jpg.rf.6f65f00f15a8667b8a66dd7f8f8aa36c.jpg,0.58203125,0.5409722222222222,0.5140625,0.9180555555555555,0.3875,0.7220904166666666,2,0.7383928125,0.6760448611111111,2,0.479464296875,0.46963416666666663,2,0.53392859375,0.41882541666666667,2,0.582142890625,0.4982141666666667,2,0.62232140625,0.4220008333333333,2,0.66428578125,0.4474052777777778,2
WIN_20251107_18_18_07_Pro_mp4-0365_jpg.rf.859c3069ec4ed3f87bf7b5885ddeb675,valid,4,thang,valid\images\WIN_20251107_18_18_07_Pro_mp4-0365_jpg.rf.859c3069ec4ed3f87bf7b5885ddeb675.jpg,0.581751796875,0.54651125,0.4759393750000001,0.8964,0.398785,0.7402018055555555,2,0.74599015625,0.7338848611111112,2,0.48256859375000005,0.47994375,2,0.54292125,0.41045722222222225,2,0.5848131249999999,0.4887873611111111,2,0.628835,0.4079305555555555,2,0.6678867187499999,0.4824704166666666,2
WIN_20251107_18_18_07_Pro_mp4-0371_jpg.rf.320db666b269a665452953c709f61c29,valid,3,nghieng_trai,valid\images\WIN_20251107_18_18_07_Pro_mp4-0371_jpg.rf.320db666b269a665452953c709f61c29.jpg,0.581640625,0.5555555555555556,0.49140625,0.8888888888888888,0.42857140625,0.7093881944444445,2,0.7776785937499999,0.6823961111111111,2,0.580357109375,0.4299397222222222,2,0.67053578125,0.41406194444444444,2,0.708035703125,0.51091625,2,0.7508928906250001,0.46487083333333334,2,0.7741071093749999,0.49503847222222225,2
WIN_20251107_18_18_07_Pro_mp4-0374_jpg.rf.88cc5fb1fc1234d3f885eb72c7b2ea4c,valid,1,nga_trai,valid\images\WIN_20251107_18_18_07_Pro_mp4-0374_jpg.rf.88cc5fb1fc1234d3f885eb72c7b2ea4c.jpg,0.6169472656250001,0.5689055555555556,0.5112515625000001,0.8293019444444444,0.464546875,0.7147204166666666,2,0.798411953125,0.7401652777777777,2,0.627415,0.44204194444444445,2,0.72539921875,0.42435458333333337,2,0.75380046875,0.5330059722222222,2,0.8013725781250001,0.4887873611111111,2,0.8018438281250001,0.58094125,2
WIN_20251107_18_18_07_Pro_mp4-0375_jpg.rf.7f32d569601e092d939c78734aa2fb43,valid,1,nga_trai,valid\images\WIN_20251107_18_18_07_Pro_mp4-0375_jpg.rf.7f32d569601e092d939c78734aa2fb43.jpg,0.6265625,0.5625,0.521875,0.875,0.454464296875,0.7173270833333334,2,0.80357140625,0.7125637499999999,2,0.638392890625,0.43152749999999995,2,0.728571484375,0.4204130555555556,2,0.763392890625,0.5299695833333333,2,0.80982140625,0.49662625,2,0.823214296875,0.5490227777777777,2
WIN_20251107_18_18_07_Pro_mp4-0377_jpg.rf.a3068927c4914934716972cd79e9e1af,valid,1,nga_trai,valid\images\WIN_20251107_18_18_07_Pro_mp4-0377_jpg.rf.a3068927c4914934716972cd79e9e1af.jpg,0.645135546875,0.5760484722222222,0.48714171875000006,0.807908888888889,0.4750615625,0.7113616666666667,2,0.80721765625,0.7545523611111111,2,0.64658578125,0.4389973611111111,2,0.74457015625,0.4326802777777778,2,0.7658710937500001,0.538805,2,0.8148632031249999,0.5046936111111111,2,0.8248035937499999,0.60450125,2
WIN_20251107_18_18_07_Pro_mp4-0379_jpg.rf.c69dc722e9848b5f95896d6093d8eb41,valid,1,nga_trai,valid\images\WIN_20251107_18_18_07_Pro_mp4-0379_jpg.rf.c69dc722e9848b5f95896d6093d8eb41.jpg,0.6431526562500001,0.5826222222222222,0.510295546875,0.8331280555555556,0.478864375,0.7297556944444443,2,0.8066295312499999,0.7537484722222222,2,0.648454140625,0.43607958333333335,2,0.748120234375,0.43743805555555554,2,0.7665810937499999,0.5385091666666667,2,0.812733125,0.5043977777777778,2,0.82267359375,0.5978884722222222,2
WIN_20251107_18_18_07_Pro_mp4-0381_jpg.rf.29a327d521467431a66d2e806daf57ec,valid,1,nga_trai,valid\images\WIN_20251107_18_18_07_Pro_mp4-0381_jpg.rf.29a327d521467431a66d2e806daf57ec.jpg,0.6328125,0.5819444444444445,0.490625,0.8361111111111111,0.46481781250000004,0.7604159722222222,2,0.7994967187500001,0.7429618055555556,2,0.633805234375,0.4344616666666667,2,0.72539921875,0.4256179166666667,2,0.751670390625,0.5304791666666666,2,0.80279265625,0.49257763888888884,2,0.8056328125000001,0.5961754166666667,2
WIN_20251107_18_18_07_Pro_mp4-0382_jpg.rf.b6de3b7c83d4134591f14b43d8151b25,valid,1,nga_trai,valid\images\WIN_20251107_18_18_07_Pro_mp4-0382_jpg.rf.b6de3b7c83d4134591f14b43d8151b25.jpg,0.627643828125,0.5781609722222222,0.47088828125000004,0.8436780555555556,0.45842757812499996,0.7604159722222222,2,0.79427234375,0.719987638888889,2,0.6203146875,0.4433054166666666,2,0.704098359375,0.41677416666666667,2,0.730369453125,0.5241623611111111,2,0.782911796875,0.4812070833333334,2,0.799952578125,0.5683809722222223,2
WIN_20251107_18_18_07_Pro_mp4-0383_jpg.rf.999a469ee1c2b2483a4e837b104ed6ce,valid,1,nga_trai,valid\images\WIN_20251107_18_18_07_Pro_mp4-0383_jpg.rf.999a469ee1c2b2483a4e837b104ed6ce.jpg,0.5958666406249999,0.5770868055555556,0.482014921875,0.845826388888889,0.45274734375000003,0.7709727777777778,2,0.7914321875,0.7343344444444445,2,0.596173671875,0.44122819444444444,2,0.6778271874999999,0.40964347222222225,2,0.71048859375,0.5107147222222223,2,0.755220625,0.45891569444444447,2,0.7758114843749999,0.553669861111111,2
WIN_20251107_18_18_07_Pro_mp4-0385_jpg.rf.3bcc101e559ea3ce9d33e38497a93545,valid,4,thang,valid\images\WIN_20251107_18_18_07_Pro_mp4-0385_jpg.rf.3bcc101e559ea3ce9d33e38497a93545.jpg,0.588614296875,0.556743611111111,0.4977713281249999,0.8865127777777778,0.422321484375,0.7236780555555555,2,0.770535703125,0.690335,2,0.557142890625,0.4521686111111111,2,0.6178571093749999,0.4061230555555555,2,0.65625,0.5013895833333333,2,0.705357109375,0.43152749999999995,2,0.7348214843750001,0.5045651388888889,2
WIN_20251107_18_18_07_Pro_mp4-0387_jpg.rf.b85a4d7f9004d264f40c0f11f453c132,valid,4,thang,valid\images\WIN_20251107_18_18_07_Pro_mp4-0387_jpg.rf.b85a4d7f9004d264f40c0f11f453c132.jpg,0.585753984375,0.5505666666666666,0.5035686718750001,0.897958611111111,0.42466953125,0.7696165277777779,2,0.7699497656250001,0.7430711111111111,2,0.51875,0.45534416666666666,2,0.57142859375,0.4108865277777778,2,0.606250078125,0.4855118055555555,2,0.65892859375,0.41406194444444444,2,0.7044643749999999,0.4680463888888889,2
WIN_20251107_18_18_07_Pro_mp4-0389_jpg.rf.79c97e3df45ec483f4c0a995e05760d9,valid,4,thang,valid\images\WIN_20251107_18_18_07_Pro_mp4-0389_jpg.rf.79c97e3df45ec483f4c0a995e05760d9.jpg,0.60546875,0.5458333333333333,0.490625,0.9083333333333333,0.416535703125,0.7394513888888888,2,0.74670015625,0.7369245833333333,2,0.50315953125,0.47034944444444443,2,0.554991796875,0.40718,2,0.593333515625,0.4829833333333333,2,0.6352253906249999,0.4122336111111111,2,0.6863475,0.4716129166666667,2
WIN_20251107_18_18_07_Pro_mp4-0391_jpg.rf.66eee9b14580d3eee9fba6c38dd78a67,valid,4,thang,valid\images\WIN_20251107_18_18_07_Pro_mp4-0391_jpg.rf.66eee9b14580d3eee9fba6c38dd78a67.jpg,0.59145015625,0.5449319444444445,0.4417615625,0.8897216666666666,0.422216015625,0.7540991666666668,2,0.7495403125,0.7414652777777778,2,0.502449453125,0.4660463888888889,2,0.558541953125,0.40666708333333335,2,0.5912034375,0.4887873611111111,2,0.640905625,0.41298402777777776,2,0.683507421875,0.47236333333333336,2
WIN_20251107_18_18_07_Pro_mp4-0392_jpg.rf.2860bbd92dde3f09532d9704d61440f3,valid,4,thang,valid\images\WIN_20251107_18_18_07_Pro_mp4-0392_jpg.rf.2860bbd92dde3f09532d9704d61440f3.jpg,0.57416515625,0.5548930555555556,0.49095554687499987,0.8883979166666668,0.4,0.7308031944444445,2,0.748214296875,0.68317,2,0.5044642968749999,0.45611819444444446,2,0.55625,0.4100727777777778,2,0.5991071875,0.4974004166666667,2,0.6446428125,0.4116604166666667,2,0.6866071875,0.4577059722222222,2
WIN_20251107_18_18_07_Pro_mp4-0393_jpg.rf.75bf7e1384b5dd0d5ed82b07e6320949,valid,4,thang,valid\images\WIN_20251107_18_18_07_Pro_mp4-0393_jpg.rf.75bf7e1384b5dd0d5ed82b07e6320949.jpg,0.5928646093750001,0.5486456944444444,0.46608640625,0.898085,0.40535718750000005,0.7268536111111111,2,0.751785703125,0.6776326388888889,2,0.5044642968749999,0.4521686111111111,2,0.5580357031250001,0.4061230555555555,2,0.603571484375,0.4902752777777778,2,0.6491071093749999,0.4092986111111111,2,0.6875,0.46169527777777775,2
WIN_20251109_20_43_47_Pro_mp4-0000_jpg.rf.7e2a635cc2d646f4874d525b3198c816,test,4,thang,test\images\WIN_20251109_20_43_47_Pro_mp4-0000_jpg.rf.7e2a635cc2d646f4874d525b3198c816.jpg,0.584040390625,0.5915120833333333,0.46941968749999996,0.7015222222222223,0.411607265625,0.8454188888888888,2,0.761607265625,0.8803498611111111,2,0.499983359375,0.5984651388888889,2,0.56112390625,0.5826329166666666,2,0.610218359375,0.6590366666666666,2,0.645341328125,0.5780805555555556,2,0.6896417968749999,0.5713580555555555,2
WIN_20251109_20_43_47_Pro_mp4-0001_jpg.rf.bcd9cea2e833550078653893f4cb3ff2,test,4,thang,test\images\WIN_20251109_20_43_47_Pro_mp4-0001_jpg.rf.bcd9cea2e833550078653893f4cb3ff2.jpg,0.5754907812500001,0.6317447222222223,0.46774289062500013,0.7331863888888889,0.4198775,0.8715474999999999,2,0.755490390625,0.9146937500000001,2,0.502266640625,0.5996883333333334,2,0.55928734375,0.5690943055555556,2,0.6083401562499999,0.6455472222222222,2,0.642797265625,0.5673433333333333,2,0.687144921875,0.5818141666666666,2
WIN_20251109_20_43_47_Pro_mp4-0002_jpg.rf.a47d2ec0697e9c2cc027de32aba1af84,test,4,thang,test\images\WIN_20251109_20_43_47_Pro_mp4-0002_jpg.rf.a47d2ec0697e9c2cc027de32aba1af84.jpg,0.593359375,0.5819444444444445,0.56484375,0.8361111111111111,0.4178571875,0.8545736111111111,2,0.767857109375,0.9006325000000001,2,0.5,0.5893383333333333,2,0.55625,0.5591616666666667,2,0.606250078125,0.6369854166666666,2,0.64732140625,0.5496323611111111,2,0.69375,0.56869125,2
WIN_20251109_20_43_47_Pro_mp4-0003_jpg.rf.90a898d834d4a0b26c9035dbe149bb27,test,4,thang,test\images\WIN_20251109_20_43_47_Pro_mp4-0003_jpg.rf.90a898d834d4a0b26c9035dbe149bb27.jpg,0.6137277343750001,0.58047625,0.470758984375,0.8390475,0.42767859374999995,0.8723761111111111,2,0.75803578125,0.8930231944444446,2,0.506250078125,0.5785525,2,0.560929765625,0.5612818055555556,2,0.613275703125,0.6385190277777778,2,0.65,0.5515525,2,0.6928571875,0.5658465277777778,2
WIN_20251109_20_43_47_Pro_mp4-0004_jpg.rf.51c2a7ee7ff2f4e4ac82cff08cb13ceb,test,4,thang,test\images\WIN_20251109_20_43_47_Pro_mp4-0004_jpg.rf.51c2a7ee7ff2f4e4ac82cff08cb13ceb.jpg,0.627232109375,0.5607143055555556,0.504464296875,0.878571388888889,0.412500078125,0.8625148611111112,2,0.7571428906250001,0.9006325000000001,2,0.50178578125,0.5972795833333333,2,0.5473214843750001,0.5559852777777777,2,0.604464296875,0.6322205555555556,2,0.64732140625,0.5448676388888889,2,0.6875,0.5750440277777777,2
WIN_20251109_20_43_47_Pro_mp4-0005_jpg.rf.07d4c5e9e1967db371e7bf9ae03d68b8,test,4,thang,test\images\WIN_20251109_20_43_47_Pro_mp4-0005_jpg.rf.07d4c5e9e1967db371e7bf9ae03d68b8.jpg,0.576171875,0.6368055555555555,0.45859375,0.7263888888888889,0.42643320312500005,0.8868962499999999,2,0.7607144531250001,0.9320647222222221,2,0.501628515625,0.5987659722222222,2,0.558635390625,0.5574347222222222,2,0.6065757031250001,0.6316140277777778,2,0.63899921875,0.5495827777777778,2,0.6824007812499999,0.5737698611111112,2
WIN_20251109_20_43_47_Pro_mp4-0006_jpg.rf.d7b5d30568b3b441a4cbf3432d142ba9,test,4,thang,test\images\WIN_20251109_20_43_47_Pro_mp4-0006_jpg.rf.d7b5d30568b3b441a4cbf3432d142ba9.jpg,0.590625,0.5888188888888889,0.4580357031249999,0.6825397222222224,0.42142859374999997,0.8507001388888888,2,0.75892859375,0.9078600000000001,2,0.5,0.5855416666666666,2,0.56517859375,0.5601372222222223,2,0.607142890625,0.6220605555555555,2,0.63928578125,0.5521984722222222,2,0.6830357031250001,0.5839538888888889,2
WIN_20251109_20_43_47_Pro_mp4-0007_jpg.rf.35426123a5610ca6e2e91db4a9d09853,test,4,thang,test\images\WIN_20251109_20_43_47_Pro_mp4-0007_jpg.rf.35426123a5610ca6e2e91db4a9d09853.jpg,0.58470984375,0.6029165277777777,0.4502232812500001,0.6812299999999999,0.412500078125,0.8562040277777778,2,0.75803578125,0.8911351388888888,2,0.49642859375,0.5846945833333334,2,0.5589285937499999,0.5608779166666668,2,0.607142890625,0.6196255555555555,2,0.638392890625,0.55135125,2,0.68482140625,0.57993125,2
WIN_20251109_20_43_47_Pro_mp4-0008_jpg.rf.910845fc2407a6cccd1ab66480c89516,test,4,thang,test\images\WIN_20251109_20_43_47_Pro_mp4-0008_jpg.rf.910845fc2407a6cccd1ab66480c89516.jpg,0.5868303125,0.5920098611111111,0.4566965625,0.679333611111111,0.40892859374999996,0.8411734722222223,2,0.759821484375,0.8967456944444444,2,0.495535703125,0.5839538888888889,2,0.5625,0.5553740277777778,2,0.6053571875,0.6268240277777778,2,0.6419643749999999,0.5521984722222222,2,0.6839285937499999,0.5807783333333333,2
WIN_20251109_20_43_47_Pro_mp4-0009_jpg.rf.12db9333f594cbd93bd0b03ac55eb5d2,test,4,thang,test\images\WIN_20251109_20_43_47_Pro_mp4-0009_jpg.rf.12db9333f594cbd93bd0b03ac55eb5d2.jpg,0.5763008593750001,0.6331651388888888,0.446635859375,0.7234009722222222,0.43071398437499997,0.8676609722222223,2,0.768016484375,0.9240501388888889,2,0.503889609375,0.5941150000000001,2,0.55840234375,0.5598465277777778,2,0.607643828125,0.6248668055555556,2,0.6395125,0.5475951388888889,2,0.685347109375,0.5622829166666666,2
WIN_20251109_20_43_47_Pro_mp4-0010_jpg.rf.9471b44dadefb20e2481df2f5d73be6e,test,4,thang,test\images\WIN_20251109_20_43_47_Pro_mp4-0010_jpg.rf.9471b44dadefb20e2481df2f5d73be6e.jpg,0.57495671875,0.6308470833333333,0.4553111718749999,0.7288658333333333,0.42860828125,0.8661222222222221,2,0.760622890625,0.9211598611111111,2,0.5066472656250001,0.5994959722222222,2,0.560064140625,0.5564827777777778,2,0.608121015625,0.6220555555555556,2,0.641371328125,0.5482609722222223,2,0.68378515625,0.56259375,2
WIN_20251109_20_43_47_Pro_mp4-0011_jpg.rf.5fba9ce7fe6f10ec10f67e8fe734e1b1,test,4,thang,test\images\WIN_20251109_20_43_47_Pro_mp4-0011_jpg.rf.5fba9ce7fe6f10ec10f67e8fe734e1b1.jpg,0.57624125,0.6363636111111112,0.45361882812499993,0.7272727777777778,0.42514312500000007,0.8622109722222223,2,0.75668890625,0.9149305555555556,2,0.50439453125,0.5912494444444444,2,0.558848984375,0.55459875,2,0.60501375,0.6179716666666667,2,0.638255703125,0.5478269444444445,2,0.684065390625,0.5610647222222223,2
WIN_20251109_20_43_47_Pro_mp4-0012_jpg.rf.d463db7a8117e43be6344bcdb8fabd58,test,4,thang,test\images\WIN_20251109_20_43_47_Pro_mp4-0012_jpg.rf.d463db7a8117e43be6344bcdb8fabd58.jpg,0.5829241406250001,0.5985804166666666,0.4698660937499999,0.6757191666666668,0.410714296875,0.8475244444444444,2,0.762500078125,0.9078600000000001,2,0.495535703125,0.5839538888888889,2,0.549107109375,0.5537862499999999,2,0.6,0.6157094444444444,2,0.6294642968749999,0.53949625,2,0.6758928125,0.5633129166666667,2
WIN_20251109_20_43_47_Pro_mp4-0013_jpg.rf.e1f8a24763d2606e664a046dc488660c,test,4,thang,test\images\WIN_20251109_20_43_47_Pro_mp4-0013_jpg.rf.e1f8a24763d2606e664a046dc488660c.jpg,0.5856026562500001,0.6177579166666667,0.4502232031249999,0.7644841666666666,0.423214296875,0.8652136111111111,2,0.7660714843750001,0.9143979166666666,2,0.489285703125,0.6129454166666667,2,0.536607109375,0.5574147222222222,2,0.5785714843750001,0.622465,2,0.611607109375,0.5399622222222222,2,0.6678571875,0.5494818055555555,2
WIN_20251109_20_43_47_Pro_mp4-0014_jpg.rf.ff1791c7beede7462051be80c0852966,test,2,nghieng_phai,test\images\WIN_20251109_20_43_47_Pro_mp4-0014_jpg.rf.ff1791c7beede7462051be80c0852966.jpg,0.58125,0.6177579166666667,0.44642867187499996,0.7644841666666666,0.416964296875,0.8860376388888889,2,0.76428578125,0.9130097222222222,2,0.48214289062500004,0.6321830555555555,2,0.52232140625,0.5687194444444444,2,0.5696428906250001,0.6258366666666666,2,0.5982142968749999,0.5369876388888889,2,0.6607142968749999,0.5544401388888889,2
WIN_20251109_20_43_47_Pro_mp4-0015_jpg.rf.de3cc4e44d096f4e08d06cb3e7737195,test,2,nghieng_phai,test\images\WIN_20251109_20_43_47_Pro_mp4-0015_jpg.rf.de3cc4e44d096f4e08d06cb3e7737195.jpg,0.582421875,0.6097222222222223,0.54140625,0.7805555555555556,0.4178571875,0.881573611111111,2,0.768750078125,0.9022206944444444,2,0.46875,0.6496912499999999,2,0.49464289062500005,0.5845736111111111,2,0.55267859375,0.6338088888888889,2,0.5785714843750001,0.5321618055555556,2,0.63303578125,0.5194558333333333,2
WIN_20251109_20_43_47_Pro_mp4-0016_jpg.rf.80039933e79ca8bfda6715c59d2cc9fd,test,2,nghieng_phai,test\images\WIN_20251109_20_43_47_Pro_mp4-0016_jpg.rf.80039933e79ca8bfda6715c59d2cc9fd.jpg,0.5772321875,0.6142856944444445,0.5294642968749999,0.771428611111111,0.40803578125,0.8593383333333334,2,0.753571484375,0.8704559722222223,2,0.466071484375,0.6639852777777777,2,0.489285703125,0.5925147222222222,2,0.54642859375,0.6274559722222223,2,0.56428578125,0.5353381944444444,2,0.61875,0.517867638888889,2
WIN_20251109_20_43_47_Pro_mp4-0017_jpg.rf.1f7be6fe228318bff740b977d3439d3f,test,2,nghieng_phai,test\images\WIN_20251109_20_43_47_Pro_mp4-0017_jpg.rf.1f7be6fe228318bff740b977d3439d3f.jpg,0.580859375,0.6340277777777777,0.45078125,0.7319444444444444,0.412500078125,0.8763195833333334,2,0.763392890625,0.8953587500000001,2,0.4616071875,0.6843420833333334,2,0.4928571875,0.5923197222222222,2,0.54642859375,0.6050125,2,0.5589285937499999,0.5193366666666667,2,0.6133928125,0.5098170833333333,2
WIN_20251109_20_43_47_Pro_mp4-0018_jpg.rf.3bba56fc5c88c6ba41346025b6cb1efe,test,2,nghieng_phai,test\images\WIN_20251109_20_43_47_Pro_mp4-0018_jpg.rf.3bba56fc5c88c6ba41346025b6cb1efe.jpg,0.571316953125,0.6082808333333333,0.5555803906250001,0.7752916666666667,0.40089289062500005,0.8831619444444445,2,0.759821484375,0.8847501388888889,2,0.460714296875,0.6798676388888889,2,0.484821484375,0.6052206944444444,2,0.54375,0.6195147222222221,2,0.5553571875000001,0.5162794444444445,2,0.6053571875,0.5099263888888889,2
WIN_20251109_20_43_47_Pro_mp4-0019_jpg.rf.de3fa6cf1de2fdec219a0b9d7ef69742,test,2,nghieng_phai,test\images\WIN_20251109_20_43_47_Pro_mp4-0019_jpg.rf.de3fa6cf1de2fdec219a0b9d7ef69742.jpg,0.58270109375,0.6202040277777777,0.45602687500000005,0.6102427777777777,0.4098215625,0.8729288888888889,2,0.753571484375,0.864990138888889,2,0.45625,0.68398375,2,0.488392890625,0.5934805555555556,2,0.5428571875,0.618885138888889,2,0.5580357031250001,0.5140918055555556,2,0.6053571875,0.4982141666666667,2
WIN_20251109_20_43_47_Pro_mp4-0020_jpg.rf.454c62ba2feb0af554f542cb24448285,test,2,nghieng_phai,test\images\WIN_20251109_20_43_47_Pro_mp4-0020_jpg.rf.454c62ba2feb0af554f542cb24448285.jpg,0.58046875,0.6423611111111112,0.440625,0.7152777777777778,0.40803578125,0.8731465277777777,2,0.759821484375,0.87790625,2,0.458035703125,0.6906886111111111,2,0.48392859374999997,0.6050125,2,0.541964296875,0.6192919444444445,2,0.55267859375,0.5256829166666667,2,0.603571484375,0.5161634722222223,2
WIN_20251109_20_43_47_Pro_mp4-0021_jpg.rf.4cd2a79785edf924ad2f7ee65fc0bcda,test,2,nghieng_phai,test\images\WIN_20251109_20_43_47_Pro_mp4-0021_jpg.rf.4cd2a79785edf924ad2f7ee65fc0bcda.jpg,0.58359375,0.6277477777777779,0.47209812500000015,0.6300863888888889,0.40892859374999996,0.8761044444444445,2,0.759821484375,0.8713411111111111,2,0.45089289062500004,0.6808081944444444,2,0.488392890625,0.6125338888888889,2,0.54017859375,0.6204727777777778,2,0.557142890625,0.52520625,2,0.60803578125,0.51091625,2
WIN_20251109_20_43_47_Pro_mp4-0022_jpg.rf.22186a9e39bd4c333cf4b884d00a3053,test,2,nghieng_phai,test\images\WIN_20251109_20_43_47_Pro_mp4-0022_jpg.rf.22186a9e39bd4c333cf4b884d00a3053.jpg,0.5859375,0.5999629166666667,0.46205359375000005,0.6316719444444444,0.41607140625000005,0.8745168055555556,2,0.75892859375,0.8808679166666668,2,0.443750078125,0.6744572222222222,2,0.48392859374999997,0.6125338888888889,2,0.541964296875,0.6268240277777778,2,0.55357140625,0.52520625,2,0.604464296875,0.5077406944444445,2
WIN_20251109_20_43_47_Pro_mp4-0023_jpg.rf.34b3d1c8fb6627d367582e9268fae13d,test,2,nghieng_phai,test\images\WIN_20251109_20_43_47_Pro_mp4-0023_jpg.rf.34b3d1c8fb6627d367582e9268fae13d.jpg,0.582171328125,0.6524251388888889,0.45837679687499994,0.6861633333333333,0.42974578125,0.8834388888888889,2,0.75891109375,0.9117740277777778,2,0.46217484375,0.6979856944444444,2,0.48625875,0.614825,2,0.54238890625,0.6256559722222222,2,0.5513028125,0.5332722222222223,2,0.604711328125,0.5085425,2
WIN_20251109_20_43_47_Pro_mp4-0024_jpg.rf.fbfc63973bcb348b875c01a789ed729b,test,2,nghieng_phai,test\images\WIN_20251109_20_43_47_Pro_mp4-0024_jpg.rf.fbfc63973bcb348b875c01a789ed729b.jpg,0.5809728125,0.6546716666666667,0.4574002343750001,0.6906565277777778,0.41994406250000005,0.8893870833333334,2,0.7604425781249999,0.89852625,2,0.45912031249999996,0.6913716666666667,2,0.4861671875,0.6126745833333334,2,0.540674375,0.62636625,2,0.550939375,0.5320736111111112,2,0.605427109375,0.5146188888888888,2
WIN_20251109_20_43_47_Pro_mp4-0025_jpg.rf.a3daba077101e47158e2c180fdcb9939,test,2,nghieng_phai,test\images\WIN_20251109_20_43_47_Pro_mp4-0025_jpg.rf.a3daba077101e47158e2c180fdcb9939.jpg,0.57930546875,0.6540404166666667,0.45974734375,0.6919191666666666,0.420565546875,0.8897915277777778,2,0.757157734375,0.8922822222222223,2,0.45955031249999995,0.6931275,2,0.488009375,0.6121468055555556,2,0.543540234375,0.6235252777777778,2,0.5532503906249999,0.5305052777777778,2,0.606939140625,0.5142883333333333,2
WIN_20251109_20_43_47_Pro_mp4-0026_jpg.rf.88be77865ab67c14be6bf55adf44d4f4,test,2,nghieng_phai,test\images\WIN_20251109_20_43_47_Pro_mp4-0026_jpg.rf.88be77865ab67c14be6bf55adf44d4f4.jpg,0.56205359375,0.6420634722222223,0.49910718749999994,0.7158730555555555,0.410714296875,0.8783972222222223,2,0.7660714843750001,0.881573611111111,2,0.46339289062500005,0.6830441666666667,2,0.49107140625,0.60680875,2,0.549107109375,0.6274559722222223,2,0.5625,0.5226323611111111,2,0.6053571875,0.50675,2
WIN_20251109_20_43_47_Pro_mp4-0027_jpg.rf.b883ed363d99411529dbfbb8fe0db7c8,test,2,nghieng_phai,test\images\WIN_20251109_20_43_47_Pro_mp4-0027_jpg.rf.b883ed363d99411529dbfbb8fe0db7c8.jpg,0.57533484375,0.6247023611111111,0.46540179687500005,0.7505952777777777,0.412500078125,0.8731465277777777,2,0.759821484375,0.889012361111111,2,0.45892859374999995,0.6938616666666667,2,0.484821484375,0.6034261111111111,2,0.54107140625,0.6161186111111111,2,0.5553571875000001,0.5288561111111112,2,0.5982142968749999,0.5177499999999999,2
WIN_20251109_20_43_47_Pro_mp4-0028_jpg.rf.40ff8ebfaa89ca716420070a88255cb7,test,2,nghieng_phai,test\images\WIN_20251109_20_43_47_Pro_mp4-0028_jpg.rf.40ff8ebfaa89ca716420070a88255cb7.jpg,0.5703125,0.6388888888888888,0.659375,0.7222222222222222,0.40267859375,0.8688677777777778,2,0.762500078125,0.876808888888889,2,0.45267859374999997,0.6782794444444444,2,0.48125,0.5988676388888889,2,0.53303578125,0.6242794444444445,2,0.55,0.5242205555555556,2,0.6053571875,0.5035734722222223,2
WIN_20251109_20_43_47_Pro_mp4-0029_jpg.rf.a71e64429bf9028d41dfc593ece7b6ef,test,2,nghieng_phai,test\images\WIN_20251109_20_43_47_Pro_mp4-0029_jpg.rf.a71e64429bf9028d41dfc593ece7b6ef.jpg,0.581072734375,0.6502525,0.449077265625,0.699495,0.41771906249999996,0.8997198611111111,2,0.7458884375,0.8984226388888888,2,0.45035898437500005,0.6832436111111111,2,0.47736984375,0.598913888888889,2,0.527823671875,0.6237866666666666,2,0.545906796875,0.53297125,2,0.6028803125,0.5253363888888889,2
WIN_20251109_20_43_47_Pro_mp4-0030_jpg.rf.4d4bd936bd59d765a97bf14b6c8645e0,test,2,nghieng_phai,test\images\WIN_20251109_20_43_47_Pro_mp4-0030_jpg.rf.4d4bd936bd59d765a97bf14b6c8645e0.jpg,0.570978359375,0.6565656944444445,0.4553000781249999,0.6868686111111111,0.4108359375,0.8992858333333333,2,0.7466596875,0.8868962499999999,2,0.44282117187500003,0.6900202777777777,2,0.46601453125000003,0.6023713888888889,2,0.51359421875,0.6242848611111111,2,0.536523984375,0.5304509722222222,2,0.5950289843750001,0.5190380555555556,2
WIN_20251109_20_43_47_Pro_mp4-0031_jpg.rf.367a3b1ede9c33194acb336838ff4abd,test,2,nghieng_phai,test\images\WIN_20251109_20_43_47_Pro_mp4-0031_jpg.rf.367a3b1ede9c33194acb336838ff4abd.jpg,0.57265625,0.6576388888888889,0.4578125,0.6847222222222222,0.402687734375,0.8904918055555555,2,0.736319765625,0.87654375,2,0.41872890625,0.689685,2,0.439336640625,0.6114761111111111,2,0.48606734375,0.6330788888888889,2,0.507884609375,0.5390329166666666,2,0.5680846875000001,0.53352375,2
WIN_20251109_20_43_47_Pro_mp4-0032_jpg.rf.3b99acbb1c3e117117a433faef426720,test,0,nga_phai,test\images\WIN_20251109_20_43_47_Pro_mp4-0032_jpg.rf.3b99acbb1c3e117117a433faef426720.jpg,0.560584296875,0.6616161111111112,0.4734414062500001,0.6767676388888889,0.3831509375,0.9088245833333334,2,0.701155234375,0.8331409722222222,2,0.40530671875,0.6255179166666667,2,0.4501509375,0.6420898611111111,2,0.475078203125,0.5473188888888889,2,0.538396640625,0.5259873611111111,2,0.389576328125,0.7042938888888889,2
WIN_20251109_20_43_47_Pro_mp4-0033_jpg.rf.4daf08356dc46876a1fd402cf7934062,test,0,nga_phai,test\images\WIN_20251109_20_43_47_Pro_mp4-0033_jpg.rf.4daf08356dc46876a1fd402cf7934062.jpg,0.5382288281250001,0.6659169444444444,0.5125371874999999,0.6651673611111111,0.370647109375,0.9060230555555555,2,0.694829765625,0.8343050000000001,2,0.37643984375,0.6307163888888888,2,0.42006890625000004,0.6462279166666667,2,0.44132578125000005,0.5511659722222222,2,0.5040921093749999,0.5274522222222222,2,0.366377421875,0.7075441666666666,2
WIN_20251109_20_43_47_Pro_mp4-0034_jpg.rf.78311216e52d5bf91224c216ccedeed0,test,0,nga_phai,test\images\WIN_20251109_20_43_47_Pro_mp4-0034_jpg.rf.78311216e52d5bf91224c216ccedeed0.jpg,0.473660703125,0.6338972222222222,0.47410703125,0.6400166666666667,0.3428571875,0.9015088888888889,2,0.6616071875,0.8014791666666667,2,0.351785703125,0.6427016666666667,2,0.39910718749999996,0.6442893055555555,2,0.41517859375,0.5474351388888888,2,0.48214289062500004,0.5267940277777777,2,0.335714296875,0.7220904166666666,2
WIN_20251109_20_43_47_Pro_mp4-0035_jpg.rf.627a32e40d96c2b1e77ac950b949379d,test,0,nga_phai,test\images\WIN_20251109_20_43_47_Pro_mp4-0035_jpg.rf.627a32e40d96c2b1e77ac950b949379d.jpg,0.500991796875,0.67633125,0.5445972656250001,0.6430663888888889,0.351751171875,0.9238972222222223,2,0.66043921875,0.8173334722222222,2,0.333693046875,0.6584251388888889,2,0.3765896875,0.6614633333333333,2,0.390697109375,0.5674863888888889,2,0.460920859375,0.5360884722222222,2,0.332050703125,0.7455413888888889,2
WIN_20251109_20_43_47_Pro_mp4-0036_jpg.rf.1fa2742a2c9f590234c0876afa2cdaa7,test,0,nga_phai,test\images\WIN_20251109_20_43_47_Pro_mp4-0036_jpg.rf.1fa2742a2c9f590234c0876afa2cdaa7.jpg,0.4842634375,0.6892340277777778,0.5689732812499999,0.6197379166666668,0.34732140624999996,0.8974559722222223,2,0.6625,0.7862794444444445,2,0.325892890625,0.6576323611111111,2,0.36785718749999996,0.6687501388888889,2,0.388392890625,0.5575734722222222,2,0.448214296875,0.5226323611111111,2,0.3116071875,0.7322795833333333,2
WIN_20251109_20_43_47_Pro_mp4-0037_jpg.rf.dec4fce84ced30c47b72f6ad77fd5cee,test,0,nga_phai,test\images\WIN_20251109_20_43_47_Pro_mp4-0037_jpg.rf.dec4fce84ced30c47b72f6ad77fd5cee.jpg,0.49765625,0.6840277777777778,0.546875,0.6319444444444444,0.34941515624999997,0.9413223611111111,2,0.647469296875,0.8259351388888889,2,0.324290859375,0.6739465277777777,2,0.366488359375,0.6726295833333333,2,0.37865375,0.5779179166666667,2,0.44863890624999997,0.5475359722222223,2,0.323611171875,0.7596226388888889,2
WIN_20251109_20_43_47_Pro_mp4-0038_jpg.rf.773d5fe83c56844a8cb97aa5c0628949,test,0,nga_phai,test\images\WIN_20251109_20_43_47_Pro_mp4-0038_jpg.rf.773d5fe83c56844a8cb97aa5c0628949.jpg,0.486718828125,0.6643848611111112,0.551562578125,0.6712301388888889,0.333035703125,0.93026375,2,0.6633928906250001,0.7985766666666666,2,0.32142859375,0.668476111111111,2,0.36607140625,0.6732359722222222,2,0.381250078125,0.5780405555555556,2,0.44642859375,0.5320293055555556,2,0.31428578125,0.7478058333333334,2
WIN_20251109_20_43_47_Pro_mp4-0039_jpg.rf.2d9b27b48fbed870b9cee22d769e8e7b,test,0,nga_phai,test\images\WIN_20251109_20_43_47_Pro_mp4-0039_jpg.rf.2d9b27b48fbed870b9cee22d769e8e7b.jpg,0.4546875,0.6525277777777778,0.7174107812500001,0.6931506944444444,0.332142890625,0.9069854166666667,2,0.6633928906250001,0.8053383333333334,2,0.319642890625,0.6687501388888889,2,0.3741071875,0.6719265277777778,2,0.380357109375,0.5671029166666667,2,0.44285710937499995,0.5273970833333333,2,0.323214296875,0.7402206944444444,2
WIN_20251109_20_43_47_Pro_mp4-0040_jpg.rf.57c0bd56dae7c164a293244872bee5b1,test,0,nga_phai,test\images\WIN_20251109_20_43_47_Pro_mp4-0040_jpg.rf.57c0bd56dae7c164a293244872bee5b1.jpg,0.51484375,0.6444444444444445,0.6390625,0.7111111111111111,0.341071484375,0.9006325000000001,2,0.6553571875,0.8085147222222222,2,0.323214296875,0.6608090277777778,2,0.380357109375,0.6655736111111111,2,0.381250078125,0.5623381944444444,2,0.44464289062500006,0.5258087499999999,2,0.326785703125,0.7481619444444445,2
WIN_20251109_20_43_47_Pro_mp4-0041_jpg.rf.2e33d5c9bf82567f61b1821423c5c63d,test,0,nga_phai,test\images\WIN_20251109_20_43_47_Pro_mp4-0041_jpg.rf.2e33d5c9bf82567f61b1821423c5c63d.jpg,0.499313359375,0.6736111111111112,0.5426607812500001,0.6527777777777778,0.350294609375,0.9311966666666667,2,0.654133203125,0.8265319444444443,2,0.33290242187499997,0.6462822222222222,2,0.37848453125,0.6524769444444444,2,0.394891875,0.5510426388888889,2,0.458141015625,0.5279355555555556,2,0.32876585937499997,0.7395734722222221,2
WIN_20251109_20_43_47_Pro_mp4-0042_jpg.rf.62e34c5965b68e0c694e185e24f9739b,test,0,nga_phai,test\images\WIN_20251109_20_43_47_Pro_mp4-0042_jpg.rf.62e34c5965b68e0c694e185e24f9739b.jpg,0.49632953124999996,0.6736111111111112,0.52817046875,0.6527777777777778,0.34907117187500003,0.9315024999999999,2,0.649050625,0.8315084722222222,2,0.33701390625,0.6368125,2,0.382928984375,0.6384598611111111,2,0.398603984375,0.5505345833333334,2,0.46267703125,0.5373905555555556,2,0.32948445312499997,0.727213611111111,2
WIN_20251109_20_43_47_Pro_mp4-0043_jpg.rf.72f51ec9e8d98c4d51b2445cd2c6ab8f,test,0,nga_phai,test\images\WIN_20251109_20_43_47_Pro_mp4-0043_jpg.rf.72f51ec9e8d98c4d51b2445cd2c6ab8f.jpg,0.501004453125,0.6291338888888889,0.556919609375,0.63049,0.32767859375,0.89357,2,0.658035703125,0.8030669444444445,2,0.33482140625,0.6315870833333334,2,0.3866071875,0.6315870833333334,2,0.40446429687499996,0.53949625,2,0.46517859375,0.5315573611111111,2,0.31428578125,0.7125637499999999,2
WIN_20251109_20_43_47_Pro_mp4-0044_jpg.rf.1b693e294bb49a868a28c70da1945ce9,test,0,nga_phai,test\images\WIN_20251109_20_43_47_Pro_mp4-0044_jpg.rf.1b693e294bb49a868a28c70da1945ce9.jpg,0.472767890625,0.6140548611111112,0.497321484375,0.6638238888888888,0.339285703125,0.8951577777777777,2,0.6491071093749999,0.8030669444444445,2,0.339285703125,0.633175,2,0.388392890625,0.6442893055555555,2,0.4,0.5474351388888888,2,0.464285703125,0.52520625,2,0.3133928125,0.7046248611111111,2
WIN_20251109_20_43_47_Pro_mp4-0045_jpg.rf.9a64d208ef8f554935e69607f34afdd2,test,0,nga_phai,test\images\WIN_20251109_20_43_47_Pro_mp4-0045_jpg.rf.9a64d208ef8f554935e69607f34afdd2.jpg,0.501171875,0.6618055555555555,0.55390625,0.6763888888888889,0.332142890625,0.9207443055555555,2,0.65625,0.8017498611111111,2,0.3428571875,0.6256381944444445,2,0.3866071875,0.6335712499999999,2,0.40625,0.541548888888889,2,0.47142859374999996,0.5256829166666667,2,0.329464296875,0.72083375,2
WIN_20251109_20_43_47_Pro_mp4-0046_jpg.rf.0e102f20091296a83eae28a53e381aa1,test,0,nga_phai,test\images\WIN_20251109_20_43_47_Pro_mp4-0046_jpg.rf.0e102f20091296a83eae28a53e381aa1.jpg,0.49910718750000005,0.6465277777777778,0.53392859375,0.7069444444444445,0.33392859375,0.9128112500000001,2,0.666071484375,0.7985766666666666,2,0.34642859375,0.6272248611111111,2,0.39017859375,0.6319845833333334,2,0.40803578125,0.5431355555555555,2,0.47053578125,0.5225098611111112,2,0.330357109375,0.7255934722222221,2
WIN_20251109_20_43_47_Pro_mp4-0047_jpg.rf.fa2b7b80dd66c7c6e5de76bd33ee80a8,test,0,nga_phai,test\images\WIN_20251109_20_43_47_Pro_mp4-0047_jpg.rf.fa2b7b80dd66c7c6e5de76bd33ee80a8.jpg,0.47589289062500006,0.6400501388888888,0.47321429687500005,0.6562905555555555,0.33660718749999996,0.9062722222222221,2,0.6571428906250001,0.7887769444444445,2,0.34732140624999996,0.6141216666666667,2,0.39375,0.6220605555555555,2,0.40535718750000005,0.5410840277777778,2,0.47410710937499995,0.5156795833333334,2,0.318750078125,0.7125637499999999,2
WIN_20251109_20_43_47_Pro_mp4-0048_jpg.rf.6aed8bc27ff2e60194906e713f2f7bf5,test,0,nga_phai,test\images\WIN_20251109_20_43_47_Pro_mp4-0048_jpg.rf.6aed8bc27ff2e60194906e713f2f7bf5.jpg,0.504658125,0.6667799999999999,0.5189486718749998,0.6654040277777776,0.34780890625,0.9256036111111112,2,0.6523021875,0.8295602777777779,2,0.3448875,0.6282009722222223,2,0.395460625,0.6375719444444444,2,0.4074984375,0.5394965277777778,2,0.47253140625,0.5243991666666667,2,0.33346,0.7148141666666666,2
WIN_20251109_20_43_47_Pro_mp4-0049_jpg.rf.703a0ab4e43c2673362e6deafd90dd9f,test,0,nga_phai,test\images\WIN_20251109_20_43_47_Pro_mp4-0049_jpg.rf.703a0ab4e43c2673362e6deafd90dd9f.jpg,0.5071428906250001,0.6539681944444444,0.6482143749999999,0.6920634722222222,0.330357109375,0.9022206944444444,2,0.658035703125,0.8053383333333334,2,0.34553578125,0.6274559722222223,2,0.39375,0.6338088888888889,2,0.401785703125,0.5401029166666667,2,0.46696429687499996,0.5242205555555556,2,0.33392859375,0.7195736111111111,2
WIN_20251109_20_43_47_Pro_mp4-0050_jpg.rf.c4d5eb0704c8a504d2eafdc28dcd004a,test,0,nga_phai,test\images\WIN_20251109_20_43_47_Pro_mp4-0050_jpg.rf.c4d5eb0704c8a504d2eafdc28dcd004a.jpg,0.501339296875,0.6584325,0.5294642968749999,0.6831348611111112,0.33125,0.9032916666666667,2,0.666964296875,0.8065095833333333,2,0.34553578125,0.6272248611111111,2,0.391964296875,0.6288113888888889,2,0.40982140625,0.541548888888889,2,0.476785703125,0.5225098611111112,2,0.33392859375,0.7176605555555555,2
WIN_20251109_20_43_47_Pro_mp4-0051_jpg.rf.ee40fa89429b7d7abb5385c55b28d804,test,0,nga_phai,test\images\WIN_20251109_20_43_47_Pro_mp4-0051_jpg.rf.ee40fa89429b7d7abb5385c55b28d804.jpg,0.504230859375,0.6664495833333334,0.5184048437500002,0.6637073611111112,0.350114296875,0.9233694444444445,2,0.6529624218750001,0.8324405555555556,2,0.34896296875,0.6248323611111111,2,0.39604601562499997,0.6259469444444444,2,0.41138804687499997,0.5448231944444444,2,0.471360625,0.52988875,2,0.336120625,0.7202098611111112,2
WIN_20251109_20_43_47_Pro_mp4-0052_jpg.rf.9b2c1b76640154f44c14d1a9cf3491c9,test,0,nga_phai,test\images\WIN_20251109_20_43_47_Pro_mp4-0052_jpg.rf.9b2c1b76640154f44c14d1a9cf3491c9.jpg,0.51017203125,0.66287875,0.5246054687500001,0.6742423611111111,0.346676875,0.9176727777777777,2,0.6574429687500001,0.8274690277777778,2,0.352272734375,0.6241122222222222,2,0.39987179687499996,0.6306127777777778,2,0.41484484374999997,0.5413016666666667,2,0.47748914062500003,0.5307863888888888,2,0.34028484375,0.7206734722222222,2
WIN_20251109_20_43_47_Pro_mp4-0053_jpg.rf.abc992d8d1d59f81fa8fc67cb32e57a8,test,0,nga_phai,test\images\WIN_20251109_20_43_47_Pro_mp4-0053_jpg.rf.abc992d8d1d59f81fa8fc67cb32e57a8.jpg,0.51060265625,0.6435515277777778,0.51450890625,0.7128968055555556,0.34017859375000004,0.9048783333333332,2,0.6732143749999999,0.8033365277777778,2,0.363392890625,0.6081856944444445,2,0.412500078125,0.6256381944444445,2,0.4303571875,0.5336158333333333,2,0.491964296875,0.5304427777777777,2,0.3446428125,0.7097275000000001,2
WIN_20251109_20_43_47_Pro_mp4-0054_jpg.rf.ebd7ede30e0acb8090268c66b0206607,test,0,nga_phai,test\images\WIN_20251109_20_43_47_Pro_mp4-0054_jpg.rf.ebd7ede30e0acb8090268c66b0206607.jpg,0.49977671875,0.61564125,0.4575892187500001,0.6511238888888887,0.34642859375,0.89357,2,0.6803571093749999,0.8046545833333334,2,0.38392859375,0.5839538888888889,2,0.43928578125,0.61094625,2,0.45535710937499996,0.5172673611111112,2,0.5044642968749999,0.5093284722222222,2,0.34553578125,0.66969375,2
WIN_20251109_20_43_47_Pro_mp4-0055_jpg.rf.c8ff2f375f402ea5516479b96b4c89b2,test,2,nghieng_phai,test\images\WIN_20251109_20_43_47_Pro_mp4-0055_jpg.rf.c8ff2f375f402ea5516479b96b4c89b2.jpg,0.527120546875,0.6053243055555556,0.4564732812499999,0.6781090277777778,0.350892890625,0.87928,2,0.68214296875,0.8157690277777778,2,0.36875,0.6379383333333334,2,0.416964296875,0.5696640277777778,2,0.46875,0.5903050000000001,2,0.49642859375,0.49662625,2,0.54107140625,0.52520625,2
WIN_20251109_20_43_47_Pro_mp4-0056_jpg.rf.cdbc1fcddd5a14ad4034c290882b5cc2,test,2,nghieng_phai,test\images\WIN_20251109_20_43_47_Pro_mp4-0056_jpg.rf.cdbc1fcddd5a14ad4034c290882b5cc2.jpg,0.54084828125,0.6326388888888889,0.46116078124999993,0.7347222222222223,0.37142859375000004,0.8683866666666666,2,0.7125,0.8588672222222222,2,0.41607140625000005,0.6383309722222222,2,0.454464296875,0.54630875,2,0.5044642968749999,0.5843868055555556,2,0.53303578125,0.5002975000000001,2,0.579464296875,0.5304427777777777,2
WIN_20251109_20_43_47_Pro_mp4-0057_jpg.rf.c524f39615a790599b9f5a19832e6bef,test,4,thang,test\images\WIN_20251109_20_43_47_Pro_mp4-0057_jpg.rf.c524f39615a790599b9f5a19832e6bef.jpg,0.58203125,0.5815476388888888,0.5770089062499999,0.8369047222222222,0.379464296875,0.8783972222222223,2,0.72142859375,0.8688677777777778,2,0.43392859375,0.6099852777777778,2,0.47857140625000005,0.5321618055555556,2,0.53303578125,0.5813972222222222,2,0.567857109375,0.5051618055555556,2,0.6098214843750001,0.5369265277777778,2
WIN_20251109_20_43_47_Pro_mp4-0058_jpg.rf.e4d73623fea11ef8012ee30fa4aad568,test,2,nghieng_phai,test\images\WIN_20251109_20_43_47_Pro_mp4-0058_jpg.rf.e4d73623fea11ef8012ee30fa4aad568.jpg,0.559821484375,0.6266865277777778,0.43214296875,0.7466269444444446,0.39017859375,0.8572841666666666,2,0.725,0.8588706944444444,2,0.454464296875,0.5970830555555556,2,0.505357109375,0.5336194444444444,2,0.554464296875,0.5812172222222223,2,0.588392890625,0.5066475,2,0.628571484375,0.5463122222222222,2
WIN_20251109_20_43_47_Pro_mp4-0059_jpg.rf.de0959d4cc33e00b304393684c27268e,test,4,thang,test\images\WIN_20251109_20_43_47_Pro_mp4-0059_jpg.rf.de0959d4cc33e00b304393684c27268e.jpg,0.57578125,0.5819444444444445,0.46875,0.8361111111111111,0.40446429687499996,0.8672795833333333,2,0.75,0.8783972222222223,2,0.473214296875,0.5829852777777778,2,0.5267857031250001,0.5258087499999999,2,0.576785703125,0.5941029166666667,2,0.6133928125,0.5083381944444444,2,0.654464296875,0.5401029166666667,2
WIN_20251109_20_43_47_Pro_mp4-0060_jpg.rf.bbcae71e1340eb4a435b7a95ed5c59c7,test,4,thang,test\images\WIN_20251109_20_43_47_Pro_mp4-0060_jpg.rf.bbcae71e1340eb4a435b7a95ed5c59c7.jpg,0.5981027343750001,0.5815476388888888,0.4841518749999999,0.8369047222222222,0.42142859374999997,0.8418676388888888,2,0.7428571093749999,0.8911030555555556,2,0.491964296875,0.5718676388888889,2,0.548214296875,0.5273970833333333,2,0.5928571875,0.5909263888888888,2,0.6294642968749999,0.5146911111111111,2,0.6714285156249999,0.5448676388888889,2
WIN_20251109_20_43_47_Pro_mp4-0061_jpg.rf.cf632ed52cf7b3aa39f3c8d7b595f739,test,4,thang,test\images\WIN_20251109_20_43_47_Pro_mp4-0061_jpg.rf.cf632ed52cf7b3aa39f3c8d7b595f739.jpg,0.591071484375,0.5896472222222222,0.45,0.6745323611111111,0.41607140625000005,0.8316468055555556,2,0.74464296875,0.85705125,2,0.491964296875,0.5633129166666667,2,0.55625,0.5188551388888889,2,0.60178578125,0.5855416666666666,2,0.637500078125,0.5204429166666666,2,0.6803571093749999,0.5664884722222222,2
WIN_20251109_20_43_47_Pro_mp4-0062_jpg.rf.029f65bfe67cee4e8027d7bab662eb17,test,4,thang,test\images\WIN_20251109_20_43_47_Pro_mp4-0062_jpg.rf.029f65bfe67cee4e8027d7bab662eb17.jpg,0.58638390625,0.5936094444444444,0.42544640625,0.6888365277777778,0.41875,0.84276125,2,0.75625,0.8761044444444445,2,0.497321484375,0.5680761111111111,2,0.557142890625,0.5283818055555556,2,0.604464296875,0.5871295833333333,2,0.6419643749999999,0.5188551388888889,2,0.68482140625,0.5521984722222222,2
WIN_20251109_20_43_47_Pro_mp4-0063_jpg.rf.12156a25345fb99b7c48bbad00281276,test,4,thang,test\images\WIN_20251109_20_43_47_Pro_mp4-0063_jpg.rf.12156a25345fb99b7c48bbad00281276.jpg,0.5836250781250001,0.6267681944444444,0.4527615625000001,0.7409101388888887,0.43482281250000004,0.862659861111111,2,0.757066171875,0.9122129166666667,2,0.509144140625,0.5839104166666667,2,0.5606967187499999,0.5314719444444445,2,0.60589046875,0.5902186111111111,2,0.6390825,0.5286655555555556,2,0.684156953125,0.5652520833333333,2
WIN_20251109_20_43_47_Pro_mp4-0064_jpg.rf.f99b1ccd7778b18dcbe2393ddadf28a3,test,4,thang,test\images\WIN_20251109_20_43_47_Pro_mp4-0064_jpg.rf.f99b1ccd7778b18dcbe2393ddadf28a3.jpg,0.5892857031250001,0.6167658333333332,0.44642859375,0.7664681944444444,0.420535703125,0.8509341666666667,2,0.76428578125,0.889012361111111,2,0.5035714062500001,0.5812136111111111,2,0.56517859375,0.5288561111111112,2,0.607142890625,0.5939063888888889,2,0.6410714843750001,0.5272695833333333,2,0.68482140625,0.5558281944444444,2
WIN_20251109_20_43_47_Pro_mp4-0065_jpg.rf.ac35c7c5506a61cde93e78c1aa9b8c72,test,4,thang,test\images\WIN_20251109_20_43_47_Pro_mp4-0065_jpg.rf.ac35c7c5506a61cde93e78c1aa9b8c72.jpg,0.607589296875,0.5825045833333333,0.4830357812499999,0.6919931944444444,0.412500078125,0.8379979166666668,2,0.7651785156249999,0.8840433333333334,2,0.49821429687499996,0.5712518055555555,2,0.56428578125,0.5236184722222222,2,0.603571484375,0.5871295833333333,2,0.6401785156249999,0.5188551388888889,2,0.68482140625,0.5585495833333334,2
WIN_20251109_20_43_47_Pro_mp4-0066_jpg.rf.87677ed3ac55fbc35ee180a2b6d3a664,test,4,thang,test\images\WIN_20251109_20_43_47_Pro_mp4-0066_jpg.rf.87677ed3ac55fbc35ee180a2b6d3a664.jpg,0.586088671875,0.6280086111111112,0.45484789062499986,0.7358151388888886,0.437569375,0.8500680555555555,2,0.760450859375,0.9076408333333333,2,0.50777921875,0.5822926388888889,2,0.558996015625,0.5328331944444444,2,0.60491109375,0.5930890277777777,2,0.637326328125,0.5269738888888889,2,0.683757421875,0.5637872222222222,2
WIN_20251109_20_43_47_Pro_mp4-0067_jpg.rf.b3a6d4c4451d1509bb2b63416897f617,test,4,thang,test\images\WIN_20251109_20_43_47_Pro_mp4-0067_jpg.rf.b3a6d4c4451d1509bb2b63416897f617.jpg,0.5814431250000001,0.6319444444444444,0.4668634375,0.7361111111111112,0.434098671875,0.8643563888888889,2,0.7642378125,0.8949356944444444,2,0.507895703125,0.5844677777777778,2,0.559925390625,0.5287641666666667,2,0.6049221874999999,0.5915206944444444,2,0.636599453125,0.5228456944444444,2,0.6826726562500001,0.5648081944444444,2
WIN_20251109_20_43_47_Pro_mp4-0068_jpg.rf.6455f304d55350609659271698c67da1,test,4,thang,test\images\WIN_20251109_20_43_47_Pro_mp4-0068_jpg.rf.6455f304d55350609659271698c67da1.jpg,0.5970982031250001,0.5888520833333334,0.43794640625000003,0.682473611111111,0.420535703125,0.8348223611111111,2,0.753571484375,0.8761044444444445,2,0.5008928125,0.5696640277777778,2,0.560714296875,0.5267940277777777,2,0.607142890625,0.5887172222222222,2,0.6419643749999999,0.5172673611111112,2,0.6839285937499999,0.5664884722222222,2
WIN_20251109_20_43_47_Pro_mp4-0069_jpg.rf.925d0fdeb31adda9f6990bfd36edb0b5,test,4,thang,test\images\WIN_20251109_20_43_47_Pro_mp4-0069_jpg.rf.925d0fdeb31adda9f6990bfd36edb0b5.jpg,0.5835557031249999,0.6344697222222222,0.45688421874999996,0.7310605555555556,0.4315296875,0.8570865277777778,2,0.76118328125,0.9146543055555556,2,0.50671390625,0.5845466666666667,2,0.558554921875,0.5299627777777778,2,0.60741078125,0.5928523611111112,2,0.638383359375,0.5243154166666666,2,0.680933203125,0.5660166666666666,2
WIN_20251109_20_43_47_Pro_mp4-0070_jpg.rf.b85530ff4ec3497818b6cbba034c8753,test,4,thang,test\images\WIN_20251109_20_43_47_Pro_mp4-0070_jpg.rf.b85530ff4ec3497818b6cbba034c8753.jpg,0.61997765625,0.5900277777777778,0.44754460937499985,0.8181506944444444,0.4303571875,0.8339265277777778,2,0.7571428906250001,0.8799854166666667,2,0.50267859375,0.5909263888888888,2,0.559821484375,0.5258087499999999,2,0.601785859375,0.60680875,2,0.643750078125,0.5242205555555556,2,0.68214296875,0.5543970833333334,2
WIN_20251109_20_43_47_Pro_mp4-0071_jpg.rf.5b6a205709b1f5c7609a3ade9e68840e,test,4,thang,test\images\WIN_20251109_20_43_47_Pro_mp4-0071_jpg.rf.5b6a205709b1f5c7609a3ade9e68840e.jpg,0.5893972656249999,0.5912361111111111,0.4337052343749999,0.6935833333333333,0.414285703125,0.8443490277777778,2,0.759821484375,0.8745168055555556,2,0.5008928125,0.5664884722222222,2,0.56428578125,0.5267940277777777,2,0.6053571875,0.5871295833333333,2,0.6446428125,0.5172673611111112,2,0.6839285937499999,0.5633129166666667,2
WIN_20251109_20_43_47_Pro_mp4-0072_jpg.rf.05e3f9aee3d645412f34929146ca1c42,test,4,thang,test\images\WIN_20251109_20_43_47_Pro_mp4-0072_jpg.rf.05e3f9aee3d645412f34929146ca1c42.jpg,0.602566953125,0.60734125,0.49308039062500003,0.7853174999999999,0.42410710937499996,0.8529854166666666,2,0.7669643749999999,0.8879265277777778,2,0.505357109375,0.5750440277777777,2,0.5669642968749999,0.5226323611111111,2,0.61607140625,0.5972795833333333,2,0.645535703125,0.5226323611111111,2,0.6883928906250001,0.5798088888888889,2
WIN_20251109_20_43_47_Pro_mp4-0073_jpg.rf.37d02f1ba7e8574fd6351938eccc0271,test,4,thang,test\images\WIN_20251109_20_43_47_Pro_mp4-0073_jpg.rf.37d02f1ba7e8574fd6351938eccc0271.jpg,0.58939734375,0.6185898611111111,0.43549117187499997,0.750275,0.42142859374999997,0.8334816666666667,2,0.76428578125,0.889012361111111,2,0.510714296875,0.5796272222222222,2,0.580357109375,0.5193366666666667,2,0.6303571875,0.5875601388888889,2,0.66428578125,0.5256829166666667,2,0.69017859375,0.5859734722222222,2
WIN_20251109_20_43_47_Pro_mp4-0074_jpg.rf.796cc6b2a08a60d650c44b3823f215ea,test,3,nghieng_trai,test\images\WIN_20251109_20_43_47_Pro_mp4-0074_jpg.rf.796cc6b2a08a60d650c44b3823f215ea.jpg,0.5834364843750001,0.6363636111111112,0.45522515625000004,0.7272727777777778,0.43914515625000006,0.8563959722222222,2,0.7590415625,0.9130761111111111,2,0.5266640625,0.5618440277777778,2,0.5980418750000001,0.5211834722222222,2,0.6456104687499999,0.5946279166666666,2,0.673866953125,0.5379626388888888,2,0.7028059375,0.6012616666666666,2
WIN_20251109_20_43_47_Pro_mp4-0075_jpg.rf.5deabf7335b27c78415c63ad98b7c681,test,3,nghieng_trai,test\images\WIN_20251109_20_43_47_Pro_mp4-0075_jpg.rf.5deabf7335b27c78415c63ad98b7c681.jpg,0.597433046875,0.62172625,0.4337053124999999,0.7565475,0.42767859374999995,0.8271352777777778,2,0.767857109375,0.8953587500000001,2,0.537500078125,0.5542416666666666,2,0.60803578125,0.5098170833333333,2,0.6419643749999999,0.5748673611111111,2,0.6839285937499999,0.5367890277777777,2,0.7151785937499999,0.6177052777777777,2
WIN_20251109_20_43_47_Pro_mp4-0076_jpg.rf.7fc660a3a13ab6c3e8e6a7432aed5e51,test,3,nghieng_trai,test\images\WIN_20251109_20_43_47_Pro_mp4-0076_jpg.rf.7fc660a3a13ab6c3e8e6a7432aed5e51.jpg,0.606473203125,0.6197420833333334,0.44955359375,0.7605158333333334,0.426785703125,0.8271352777777778,2,0.7660714843750001,0.9080515277777778,2,0.5473214843750001,0.5304427777777777,2,0.60267859375,0.5018840277777777,2,0.623214296875,0.5716943055555556,2,0.676785703125,0.5383756944444444,2,0.722321484375,0.6256381944444445,2
WIN_20251109_20_43_47_Pro_mp4-0077_jpg.rf.ebd0440268e19613c09b18fb5da418c5,test,3,nghieng_trai,test\images\WIN_20251109_20_43_47_Pro_mp4-0077_jpg.rf.ebd0440268e19613c09b18fb5da418c5.jpg,0.5821560937499999,0.6363636111111112,0.45266445312499987,0.7272727777777778,0.43365757812499994,0.8572541666666667,2,0.757707109375,0.9256184722222222,2,0.552420859375,0.5277629166666666,2,0.60043890625,0.4947127777777778,2,0.6169128125000001,0.5710868055555556,2,0.6708540625,0.5480193055555556,2,0.71810078125,0.6349975,2
WIN_20251109_20_43_47_Pro_mp4-0078_jpg.rf.7eb14a41e7e6307a139d02cb17738e90,test,3,nghieng_trai,test\images\WIN_20251109_20_43_47_Pro_mp4-0078_jpg.rf.7eb14a41e7e6307a139d02cb17738e90.jpg,0.616183046875,0.60734125,0.46227687500000003,0.7853174999999999,0.42767859374999995,0.8291618055555555,2,0.768750078125,0.9006325000000001,2,0.559821484375,0.5194558333333333,2,0.6107143749999999,0.4924558333333333,2,0.6214285937499999,0.58775,2,0.6830357031250001,0.5559852777777777,2,0.72142859375,0.6544558333333333,2
WIN_20251109_20_43_47_Pro_mp4-0079_jpg.rf.670e1788da7aca72cb9e4f831e6709d8,test,3,nghieng_trai,test\images\WIN_20251109_20_43_47_Pro_mp4-0079_jpg.rf.670e1788da7aca72cb9e4f831e6709d8.jpg,0.591517890625,0.6256944444444444,0.43303570312499995,0.7486111111111111,0.41607140625000005,0.8445877777777778,2,0.760714296875,0.9143979166666666,2,0.5553571875000001,0.5161634722222223,2,0.614285703125,0.5002975000000001,2,0.635714296875,0.5859734722222222,2,0.6875,0.5716943055555556,2,0.716964296875,0.6541968055555556,2
WIN_20251109_20_43_47_Pro_mp4-0080_jpg.rf.9ece246bffa92b2477253450c21f0e1c,test,3,nghieng_trai,test\images\WIN_20251109_20_43_47_Pro_mp4-0080_jpg.rf.9ece246bffa92b2477253450c21f0e1c.jpg,0.5897321875,0.6296626388888888,0.43839289062500003,0.7406745833333334,0.4178571875,0.8366548611111111,2,0.75267859375,0.9080515277777778,2,0.5553571875000001,0.5145768055555555,2,0.62232140625,0.5018840277777777,2,0.634821484375,0.5732806944444444,2,0.691071484375,0.5732806944444444,2,0.728571484375,0.663716388888889,2
WIN_20251109_20_43_47_Pro_mp4-0081_jpg.rf.adc08a4d7e2dc83593ca49a734205acd,test,3,nghieng_trai,test\images\WIN_20251109_20_43_47_Pro_mp4-0081_jpg.rf.adc08a4d7e2dc83593ca49a734205acd.jpg,0.575,0.6506944444444445,0.4578125,0.6986111111111111,0.42406117187500003,0.8522677777777777,2,0.752355390625,0.9412927777777779,2,0.5636624218749999,0.5164486111111112,2,0.6225031249999999,0.5037681944444444,2,0.6411742968749999,0.5869633333333334,2,0.687733046875,0.5748747222222222,2,0.713459375,0.6704397222222223,2
WIN_20251109_20_43_47_Pro_mp4-0082_jpg.rf.97cbb7d0eb295aab277a4369e80410a5,test,3,nghieng_trai,test\images\WIN_20251109_20_43_47_Pro_mp4-0082_jpg.rf.97cbb7d0eb295aab277a4369e80410a5.jpg,0.57628421875,0.6540404166666667,0.4480230468750001,0.6919191666666666,0.42502664062499995,0.85429,2,0.75622,0.9319218055555556,2,0.5671081250000001,0.5175781944444444,2,0.623529609375,0.503284861111111,2,0.640300390625,0.5910472222222222,2,0.69026875,0.5779968055555555,2,0.720131640625,0.67232875,2
WIN_20251109_20_43_47_Pro_mp4-0083_jpg.rf.bb9c5a322a27ef69cc16bac0fa827d58,test,1,nga_trai,test\images\WIN_20251109_20_43_47_Pro_mp4-0083_jpg.rf.bb9c5a322a27ef69cc16bac0fa827d58.jpg,0.57109625,0.6489898611111111,0.4566955468750001,0.7020201388888889,0.427945234375,0.8459300000000001,2,0.74331109375,0.9309205555555555,2,0.56653390625,0.5158123611111112,2,0.620452890625,0.5057113888888889,2,0.640699921875,0.5936858333333334,2,0.688243515625,0.5774048611111111,2,0.7216186718750001,0.6761856944444444,2
WIN_20251109_20_43_47_Pro_mp4-0084_jpg.rf.6377bc02a40b1e0b1004ae1e4888d4f2,test,3,nghieng_trai,test\images\WIN_20251109_20_43_47_Pro_mp4-0084_jpg.rf.6377bc02a40b1e0b1004ae1e4888d4f2.jpg,0.5905134375,0.63859125,0.43325898437499993,0.7228174999999999,0.4178571875,0.8239620833333333,2,0.75625,0.8985319444444444,2,0.5625,0.5193366666666667,2,0.6205357031250001,0.5098170833333333,2,0.637500078125,0.6034261111111111,2,0.69553578125,0.5828002777777778,2,0.722321484375,0.6605431944444444,2
WIN_20251109_20_43_47_Pro_mp4-0085_jpg.rf.515de5f0b58c6ba618b32359412c5c8c,test,3,nghieng_trai,test\images\WIN_20251109_20_43_47_Pro_mp4-0085_jpg.rf.515de5f0b58c6ba618b32359412c5c8c.jpg,0.608984375,0.6027777777777777,0.50703125,0.7944444444444444,0.41339289062500006,0.8339265277777778,2,0.75,0.8879265277777778,2,0.5633928125,0.517867638888889,2,0.616964375,0.5131029166666666,2,0.6294642968749999,0.6131619444444445,2,0.697321484375,0.6020441666666666,2,0.7241071875,0.6608090277777778,2
WIN_20251109_20_43_47_Pro_mp4-0086_jpg.rf.8489638b0917aaf569601057b40f6f90,test,3,nghieng_trai,test\images\WIN_20251109_20_43_47_Pro_mp4-0086_jpg.rf.8489638b0917aaf569601057b40f6f90.jpg,0.5796875781249999,0.6263545833333334,0.4424107031249999,0.6551016666666668,0.410714296875,0.8316468055555556,2,0.74732140625,0.9015088888888889,2,0.559821484375,0.5267940277777777,2,0.6178571093749999,0.5267940277777777,2,0.635714296875,0.6172972222222223,2,0.689285703125,0.5823661111111111,2,0.72767859375,0.6617548611111111,2
WIN_20251109_20_43_47_Pro_mp4-0087_jpg.rf.17439809d873f4ee064cfcabe80e1629,test,3,nghieng_trai,test\images\WIN_20251109_20_43_47_Pro_mp4-0087_jpg.rf.17439809d873f4ee064cfcabe80e1629.jpg,0.5871653125,0.6033377777777779,0.47031265624999996,0.6503263888888889,0.40982140625,0.8395856944444445,2,0.75,0.8919822222222222,2,0.559821484375,0.5220306944444444,2,0.6151786718750001,0.5220306944444444,2,0.634821484375,0.604595,2,0.6883928906250001,0.5982438888888889,2,0.7241071875,0.6490527777777777,2
WIN_20251109_20_43_47_Pro_mp4-0088_jpg.rf.5ca43bb965f2f7ff27cab2c74fdd99c2,test,3,nghieng_trai,test\images\WIN_20251109_20_43_47_Pro_mp4-0088_jpg.rf.5ca43bb965f2f7ff27cab2c74fdd99c2.jpg,0.629129453125,0.5865079166666667,0.47924109374999996,0.8269841666666666,0.43125,0.8307501388888888,2,0.75625,0.8911030555555556,2,0.5669642968749999,0.5273970833333333,2,0.612500078125,0.517867638888889,2,0.63392859375,0.6115736111111112,2,0.6919642968749999,0.6004558333333333,2,0.7241071875,0.6512794444444444,2
WIN_20251109_20_43_47_Pro_mp4-0089_jpg.rf.f5528c4a49b5e74cc8c8a1d6f52fdca7,test,3,nghieng_trai,test\images\WIN_20251109_20_43_47_Pro_mp4-0089_jpg.rf.f5528c4a49b5e74cc8c8a1d6f52fdca7.jpg,0.574498984375,0.6435448611111111,0.4586570312500001,0.7113320833333331,0.42786203125,0.8444848611111111,2,0.74901234375,0.9270290277777778,2,0.5605246875,0.5236298611111111,2,0.6150457031250001,0.523422638888889,2,0.6351040625000001,0.6189286111111111,2,0.6843844531250001,0.5945341666666667,2,0.716849609375,0.6673077777777777,2
WIN_20251109_20_43_47_Pro_mp4-0090_jpg.rf.b2f55ef0890bd0256ce073da1e3a05b3,test,3,nghieng_trai,test\images\WIN_20251109_20_43_47_Pro_mp4-0090_jpg.rf.b2f55ef0890bd0256ce073da1e3a05b3.jpg,0.619140625,0.5625,0.53984375,0.875,0.425892890625,0.827573611111111,2,0.7616071875,0.8974559722222223,2,0.5616071875,0.5131029166666666,2,0.616964375,0.5115147222222222,2,0.6321428906250001,0.6226911111111111,2,0.6883928906250001,0.5893383333333333,2,0.722321484375,0.6560441666666667,2
WIN_20251109_20_43_47_Pro_mp4-0091_jpg.rf.e867921677d3d41ec8867e81ee0b78b5,test,3,nghieng_trai,test\images\WIN_20251109_20_43_47_Pro_mp4-0091_jpg.rf.e867921677d3d41ec8867e81ee0b78b5.jpg,0.579464296875,0.6172841666666666,0.44464289062500006,0.7177984722222222,0.4178571875,0.83328375,2,0.75,0.8983825000000001,2,0.557142890625,0.5236676388888889,2,0.607142890625,0.4870997222222222,2,0.6303571875,0.6078197222222222,2,0.6830357031250001,0.5871786111111111,2,0.7232142968749999,0.6522775,2
WIN_20251109_20_43_47_Pro_mp4-0092_jpg.rf.3c4e35b3e2ba0193c018fbb501bfe1a5,test,3,nghieng_trai,test\images\WIN_20251109_20_43_47_Pro_mp4-0092_jpg.rf.3c4e35b3e2ba0193c018fbb501bfe1a5.jpg,0.5897321875,0.6336309722222222,0.43839289062500003,0.7327380555555556,0.4178571875,0.8303084722222221,2,0.76428578125,0.9397833333333333,2,0.5616071875,0.5240963888888889,2,0.61607140625,0.5225098611111112,2,0.6366071875,0.6097723611111111,2,0.691071484375,0.5859734722222222,2,0.72142859375,0.65737,2
WIN_20251109_20_43_47_Pro_mp4-0093_jpg.rf.6660f97e714cb26faef5c2c742c94ab0,test,3,nghieng_trai,test\images\WIN_20251109_20_43_47_Pro_mp4-0093_jpg.rf.6660f97e714cb26faef5c2c742c94ab0.jpg,0.58616078125,0.6352891666666667,0.44017859374999996,0.6848658333333334,0.41607140625000005,0.8284712499999999,2,0.75803578125,0.8951577777777777,2,0.560714296875,0.5236184722222222,2,0.62232140625,0.5220306944444444,2,0.645535703125,0.6014194444444444,2,0.700892890625,0.5887172222222222,2,0.7303571875,0.6538159722222222,2
WIN_20251109_20_43_47_Pro_mp4-0094_jpg.rf.b542df750e2b3e38e0f3cb4e47665565,test,3,nghieng_trai,test\images\WIN_20251109_20_43_47_Pro_mp4-0094_jpg.rf.b542df750e2b3e38e0f3cb4e47665565.jpg,0.5856026562500001,0.5736111111111111,0.5216517968750001,0.8527777777777777,0.42410710937499996,0.8259852777777777,2,0.759821484375,0.8879265277777778,2,0.57767859375,0.5305734722222222,2,0.6401785156249999,0.5289852777777777,2,0.65357140625,0.6099852777777778,2,0.71339296875,0.5972795833333333,2,0.7401786718750001,0.6655736111111111,2
WIN_20251109_20_43_47_Pro_mp4-0095_jpg.rf.446c1bb5a3caaba3462f99cdeab0521c,test,1,nga_trai,test\images\WIN_20251109_20_43_47_Pro_mp4-0095_jpg.rf.446c1bb5a3caaba3462f99cdeab0521c.jpg,0.6219865625000001,0.6336309722222222,0.42924101562500006,0.7327380555555556,0.44017859374999996,0.8192023611111111,2,0.7776785937499999,0.9318502777777777,2,0.5982142968749999,0.5225098611111112,2,0.6607142968749999,0.5177499999999999,2,0.68482140625,0.6145320833333333,2,0.7303571875,0.5954930555555555,2,0.7491071875,0.668476111111111,2
WIN_20251109_20_43_47_Pro_mp4-0096_jpg.rf.6ad382f51bfe3f6a47c61d7ff86a3e80,test,1,nga_trai,test\images\WIN_20251109_20_43_47_Pro_mp4-0096_jpg.rf.6ad382f51bfe3f6a47c61d7ff86a3e80.jpg,0.629296875,0.6326388888888889,0.43828125,0.7347222222222223,0.458928515625,0.8174059722222222,2,0.76875,0.9221990277777777,2,0.608035703125,0.5268431944444444,2,0.684821484375,0.5316065277777778,2,0.70892859375,0.6221097222222222,2,0.7535714062500001,0.5998809722222223,2,0.77946421875,0.6602162500000001,2
WIN_20251109_20_43_47_Pro_mp4-0097_jpg.rf.0e442d3ded60c92921ee06ffc229685f,test,1,nga_trai,test\images\WIN_20251109_20_43_47_Pro_mp4-0097_jpg.rf.0e442d3ded60c92921ee06ffc229685f.jpg,0.63872765625,0.6023809722222222,0.5207589062500001,0.7952380555555556,0.46875,0.8212206944444445,2,0.799107109375,0.9308090277777777,2,0.63928578125,0.5273970833333333,2,0.716964296875,0.5496323611111111,2,0.7401786718750001,0.6576323611111111,2,0.791964296875,0.6195147222222221,2,0.794642890625,0.6862205555555556,2
WIN_20251109_20_43_47_Pro_mp4-0098_jpg.rf.cb115753eb480dd8d90fad28bfada85d,test,1,nga_trai,test\images\WIN_20251109_20_43_47_Pro_mp4-0098_jpg.rf.cb115753eb480dd8d90fad28bfada85d.jpg,0.63359375,0.6701388888888888,0.484375,0.6597222222222222,0.49631570312499995,0.7991141666666667,2,0.7990167968749999,0.9808977777777778,2,0.65601421875,0.5510279166666666,2,0.7364307812499999,0.5603693055555555,2,0.7640658593749999,0.6603486111111111,2,0.798808671875,0.634642361111111,2,0.810416484375,0.7015122222222222,2
WIN_20251109_20_43_47_Pro_mp4-0099_jpg.rf.4b03c7c8eac0afbbb607c9b2b3f9b487,test,1,nga_trai,test\images\WIN_20251109_20_43_47_Pro_mp4-0099_jpg.rf.4b03c7c8eac0afbbb607c9b2b3f9b487.jpg,0.66328125,0.6493055555555556,0.4640625,0.7013888888888888,0.505357109375,0.7906756944444445,2,0.8089285937499999,0.9874130555555556,2,0.6723214843750001,0.5463406944444444,2,0.7491071875,0.5669663888888888,2,0.7714286718750001,0.6621618055555556,2,0.8142857031249999,0.6510558333333333,2,0.822321484375,0.7129327777777777,2
WIN_20251109_20_43_47_Pro_mp4-0100_jpg.rf.259334611f3aaaf102b067f8014ae2d8,test,1,nga_trai,test\images\WIN_20251109_20_43_47_Pro_mp4-0100_jpg.rf.259334611f3aaaf102b067f8014ae2d8.jpg,0.669642890625,0.6643848611111112,0.47321429687500005,0.6712301388888889,0.510714296875,0.7827106944444444,2,0.8241071874999999,0.9857944444444445,2,0.675000078125,0.5494818055555555,2,0.760714296875,0.5732806944444444,2,0.77857140625,0.663716388888889,2,0.823214296875,0.6526102777777777,2,0.829464375,0.7113141666666667,2
WIN_20251109_20_43_47_Pro_mp4-0101_jpg.rf.25a4f07b9ae61419e6dfe740447408c9,test,1,nga_trai,test\images\WIN_20251109_20_43_47_Pro_mp4-0101_jpg.rf.25a4f07b9ae61419e6dfe740447408c9.jpg,0.69419640625,0.66140875,0.46875,0.6771825,0.50892859375,0.7731912500000001,2,0.81517859375,0.9937273611111112,2,0.68482140625,0.5478952777777778,2,0.760714296875,0.5716943055555556,2,0.78392859375,0.6653030555555556,2,0.825892890625,0.6541968055555556,2,0.825892890625,0.7303533333333334,2
WIN_20251109_20_43_47_Pro_mp4-0102_jpg.rf.e4c16bd7366958f1ba45ac17bb5feb75,test,1,nga_trai,test\images\WIN_20251109_20_43_47_Pro_mp4-0102_jpg.rf.e4c16bd7366958f1ba45ac17bb5feb75.jpg,0.6610490625,0.5795634722222223,0.5475446093749999,0.8408730555555555,0.513392890625,0.7989854166666667,2,0.8107142968750001,0.9514559722222222,2,0.689285703125,0.5496323611111111,2,0.763392890625,0.56869125,2,0.779464296875,0.6639852777777777,2,0.829464375,0.6528677777777777,2,0.8267857812500001,0.7386323611111111,2
WIN_20251109_20_43_47_Pro_mp4-0103_jpg.rf.31669d7994c1bea69e5d20d460b9ac65,test,1,nga_trai,test\images\WIN_20251109_20_43_47_Pro_mp4-0103_jpg.rf.31669d7994c1bea69e5d20d460b9ac65.jpg,0.6581601562500001,0.6805555555555556,0.5095186718750001,0.6388888888888888,0.527008046875,0.791341111111111,2,0.824007890625,0.9700915277777779,2,0.69182515625,0.5523497222222222,2,0.763949296875,0.5639056944444444,2,0.785730546875,0.67051375,2,0.827190078125,0.6511255555555556,2,0.836217734375,0.7241358333333333,2
WIN_20251109_20_43_47_Pro_mp4-0104_jpg.rf.ec7b1c5d34056fecc84bb1f4497ffd76,test,1,nga_trai,test\images\WIN_20251109_20_43_47_Pro_mp4-0104_jpg.rf.ec7b1c5d34056fecc84bb1f4497ffd76.jpg,0.700390625,0.66875,0.45546875,0.6625,0.51875,0.7858840277777778,2,0.825000078125,0.9921408333333334,2,0.6919642968749999,0.5431355555555555,2,0.773214375,0.5621745833333333,2,0.794642890625,0.6589568055555556,2,0.83482140625,0.6430908333333333,2,0.8375,0.7192470833333333,2
WIN_20251109_20_43_47_Pro_mp4-0105_jpg.rf.56a47fcadf25c6b54540370001e87864,test,1,nga_trai,test\images\WIN_20251109_20_43_47_Pro_mp4-0105_jpg.rf.56a47fcadf25c6b54540370001e87864.jpg,0.695424140625,0.66140875,0.47343757812499987,0.6771825,0.520535703125,0.7731912500000001,2,0.83839296875,0.9857944444444445,2,0.691071484375,0.5447220833333334,2,0.77232140625,0.56376125,2,0.79553578125,0.6526102777777777,2,0.833928671875,0.6415041666666667,2,0.8366071093749999,0.7255934722222221,2
WIN_20251109_20_43_47_Pro_mp4-0106_jpg.rf.d4401b81274f423c7814cdae7a3e16b3,test,1,nga_trai,test\images\WIN_20251109_20_43_47_Pro_mp4-0106_jpg.rf.d4401b81274f423c7814cdae7a3e16b3.jpg,0.699107109375,0.6563455555555555,0.48035710937499987,0.6776841666666668,0.5160714843750001,0.7840134722222222,2,0.81517859375,0.9618443055555557,2,0.6883928906250001,0.5442595833333334,2,0.7669643749999999,0.5521984722222222,2,0.791071484375,0.6474648611111111,2,0.839285703125,0.6347627777777778,2,0.853571484375,0.6919226388888889,2
WIN_20251109_20_43_47_Pro_mp4-0107_jpg.rf.20a1f059c9a0ce871f08369156811033,test,1,nga_trai,test\images\WIN_20251109_20_43_47_Pro_mp4-0107_jpg.rf.20a1f059c9a0ce871f08369156811033.jpg,0.6530650781250001,0.6627455555555557,0.53766421875,0.6537740277777779,0.53126109375,0.7949811111111111,2,0.824859609375,0.9546095833333333,2,0.687131015625,0.5466184722222222,2,0.763893828125,0.5552941666666666,2,0.7892067968750001,0.6532661111111111,2,0.829723046875,0.6320923611111111,2,0.841253125,0.7036970833333334,2
WIN_20251109_20_43_47_Pro_mp4-0108_jpg.rf.74cf9717216380eed5c343b551026194,test,1,nga_trai,test\images\WIN_20251109_20_43_47_Pro_mp4-0108_jpg.rf.74cf9717216380eed5c343b551026194.jpg,0.6598214062500001,0.5875,0.5607142968750001,0.825,0.516964296875,0.7926323611111111,2,0.8285714843750001,0.9419265277777777,2,0.6803571093749999,0.5385147222222222,2,0.75803578125,0.5464558333333334,2,0.7767857031250001,0.6433383333333333,2,0.8285714843750001,0.6290443055555556,2,0.835714375,0.7068677777777778,2
WIN_20251109_20_43_47_Pro_mp4-0109_jpg.rf.acb673611cbac40d2122071d945b708c,test,1,nga_trai,test\images\WIN_20251109_20_43_47_Pro_mp4-0109_jpg.rf.acb673611cbac40d2122071d945b708c.jpg,0.673660703125,0.6402459722222222,0.5098213281249999,0.7098834722222224,0.5116071875,0.7744869444444444,2,0.8089285937499999,0.92215,2,0.67857140625,0.5490227777777777,2,0.7553571875,0.5585495833333334,2,0.7776785937499999,0.6379383333333334,2,0.8276785156249999,0.6315870833333334,2,0.8428571874999999,0.6950981944444444,2
WIN_20251109_20_43_47_Pro_mp4-0110_jpg.rf.5eecb54b947ee62dc6feb8b39a7b61e7,test,1,nga_trai,test\images\WIN_20251109_20_43_47_Pro_mp4-0110_jpg.rf.5eecb54b947ee62dc6feb8b39a7b61e7.jpg,0.6459059374999999,0.6620329166666666,0.5247664062499999,0.6750759722222223,0.5158775,0.7924409722222222,2,0.815046796875,0.9567402777777777,2,0.6830111718749999,0.5451141666666667,2,0.7534984375,0.5482116666666667,2,0.781469140625,0.6455818055555556,2,0.8198825,0.6197866666666667,2,0.837305234375,0.69304375,2
WIN_20251109_20_43_47_Pro_mp4-0111_jpg.rf.86408ea3116c946f55a9060327076045,test,1,nga_trai,test\images\WIN_20251109_20_43_47_Pro_mp4-0111_jpg.rf.86408ea3116c946f55a9060327076045.jpg,0.6891740625,0.6412672222222222,0.4716517187500001,0.6984122222222222,0.5035714062500001,0.7808380555555555,2,0.82142859375,0.9300888888888889,2,0.679464375,0.53949625,2,0.75267859375,0.5458473611111111,2,0.77857140625,0.633175,2,0.81875,0.618885138888889,2,0.839285703125,0.6887470833333333,2
WIN_20251109_20_43_47_Pro_mp4-0112_jpg.rf.ec05b188f762058fdcb4bcda4e138a2c,test,1,nga_trai,test\images\WIN_20251109_20_43_47_Pro_mp4-0112_jpg.rf.ec05b188f762058fdcb4bcda4e138a2c.jpg,0.68515625,0.6409722222222223,0.4609375,0.7180555555555556,0.5125,0.7763643055555556,2,0.8375,0.9857944444444445,2,0.676785703125,0.5447220833333334,2,0.7544642968749999,0.54630875,2,0.7767857031250001,0.6415041666666667,2,0.822321484375,0.622465,2,0.830357109375,0.7049677777777777,2
WIN_20251109_20_43_47_Pro_mp4-0113_jpg.rf.5b504878c7f1558e313b5737d8b9931d,test,1,nga_trai,test\images\WIN_20251109_20_43_47_Pro_mp4-0113_jpg.rf.5b504878c7f1558e313b5737d8b9931d.jpg,0.685044609375,0.6370786111111111,0.45669632812500005,0.7035158333333335,0.5008928125,0.7840134722222222,2,0.8142857031249999,0.9269131944444445,2,0.66517859375,0.53949625,2,0.739285703125,0.5426718055555556,2,0.77232140625,0.6204727777777778,2,0.8178571874999999,0.604595,2,0.8321428125000001,0.6887470833333333,2
WIN_20251109_20_43_47_Pro_mp4-0114_jpg.rf.c6500c7b1858255fe2db7d084e8660e3,test,1,nga_trai,test\images\WIN_20251109_20_43_47_Pro_mp4-0114_jpg.rf.c6500c7b1858255fe2db7d084e8660e3.jpg,0.653571484375,0.6325672222222222,0.46250015624999996,0.7094611111111111,0.49017859374999995,0.7998912499999999,2,0.799107109375,0.9205622222222222,2,0.63928578125,0.5347819444444445,2,0.720535859375,0.5284308333333333,2,0.7508928906250001,0.6125827777777778,2,0.793750078125,0.5887172222222222,2,0.8116071874999999,0.6744572222222222,2
WIN_20251109_20_43_47_Pro_mp4-0115_jpg.rf.cd6a7229eff81947048b4d9e1425ccb1,test,1,nga_trai,test\images\WIN_20251109_20_43_47_Pro_mp4-0115_jpg.rf.cd6a7229eff81947048b4d9e1425ccb1.jpg,0.6375,0.6284722222222222,0.4515625,0.7430555555555556,0.47589289062500006,0.7954034722222223,2,0.7973214843750001,0.9397833333333333,2,0.625,0.5367890277777777,2,0.697321484375,0.5225098611111112,2,0.7303571875,0.6065991666666667,2,0.770535703125,0.5796272222222222,2,0.7821428906250001,0.663716388888889,2
WIN_20251109_20_43_47_Pro_mp4-0116_jpg.rf.c2213a3ed3e9df49efaa72458e74ffa0,test,3,nghieng_trai,test\images\WIN_20251109_20_43_47_Pro_mp4-0116_jpg.rf.c2213a3ed3e9df49efaa72458e74ffa0.jpg,0.600000078125,0.5914681944444444,0.49464296875,0.8170634722222222,0.44107140625,0.8164559722222222,2,0.7741071093749999,0.876808888888889,2,0.56517859375,0.5464558333333334,2,0.626785703125,0.5210441666666666,2,0.6678571875,0.5988676388888889,2,0.7116071093749999,0.5416911111111111,2,0.7303571875,0.6401618055555556,2
WIN_20251109_20_43_47_Pro_mp4-0117_jpg.rf.dc313b77d7e8e803856eb50ee26b7b9e,test,3,nghieng_trai,test\images\WIN_20251109_20_43_47_Pro_mp4-0117_jpg.rf.dc313b77d7e8e803856eb50ee26b7b9e.jpg,0.6063615625000001,0.5934523611111111,0.5140625000000001,0.8130952777777777,0.416964296875,0.85775,2,0.7821428906250001,0.9053970833333334,2,0.54375,0.5496323611111111,2,0.60267859375,0.5162794444444445,2,0.637500078125,0.5829852777777778,2,0.6875,0.5337500000000001,2,0.7116071093749999,0.6211030555555556,2
WIN_20251109_20_43_47_Pro_mp4-0118_jpg.rf.fcae007552a585198b00a4364e868391,test,4,thang,test\images\WIN_20251109_20_43_47_Pro_mp4-0118_jpg.rf.fcae007552a585198b00a4364e868391.jpg,0.592578125,0.6215277777777778,0.42734375,0.7569444444444444,0.4178571875,0.8318949999999999,2,0.7544642968749999,0.8985319444444444,2,0.5160714843750001,0.5621745833333333,2,0.57142859375,0.5129902777777778,2,0.614285703125,0.5796272222222222,2,0.65089296875,0.5225098611111112,2,0.6839285937499999,0.5732806944444444,2
WIN_20251109_20_43_47_Pro_mp4-0119_jpg.rf.7ddba5c7e2013abf2aa0c4074ed2cda5,test,4,thang,test\images\WIN_20251109_20_43_47_Pro_mp4-0119_jpg.rf.7ddba5c7e2013abf2aa0c4074ed2cda5.jpg,0.5783482031249999,0.5910402777777778,0.4629464843749999,0.6939748611111112,0.40446429687499996,0.8348223611111111,2,0.737500078125,0.8507001388888888,2,0.485714296875,0.5569616666666667,2,0.54642859375,0.5204429166666666,2,0.585714296875,0.5791906944444444,2,0.61964296875,0.5188551388888889,2,0.6625,0.5601372222222223,2
WIN_20251109_20_43_47_Pro_mp4-0120_jpg.rf.8d6b273f2f790f320e1dc27b62353717,test,4,thang,test\images\WIN_20251109_20_43_47_Pro_mp4-0120_jpg.rf.8d6b273f2f790f320e1dc27b62353717.jpg,0.56305796875,0.609295,0.43638390625,0.6796944444444444,0.40535710937499997,0.8475245833333334,2,0.727678515625,0.8729288888888889,2,0.47857140625000005,0.5903051388888889,2,0.5321428125,0.5363206944444444,2,0.573214296875,0.5855416666666666,2,0.612500078125,0.5188551388888889,2,0.65625,0.5379084722222223,2
WIN_20251109_20_43_47_Pro_mp4-0121_jpg.rf.2bc81a782cadba3167a45d9f35f1c4b5,test,4,thang,test\images\WIN_20251109_20_43_47_Pro_mp4-0121_jpg.rf.2bc81a782cadba3167a45d9f35f1c4b5.jpg,0.565959921875,0.5972516666666667,0.4502233593750001,0.7038790277777777,0.395535703125,0.87774125,2,0.720535703125,0.9158477777777777,2,0.466071484375,0.5696640277777778,2,0.5321428125,0.5125040277777778,2,0.570535703125,0.5887172222222222,2,0.604464296875,0.5204429166666666,2,0.648214375,0.5379084722222223,2
WIN_20251109_20_43_47_Pro_mp4-0122_jpg.rf.6c30cd2c0a782bc1bc76bcfaaad36690,test,4,thang,test\images\WIN_20251109_20_43_47_Pro_mp4-0122_jpg.rf.6c30cd2c0a782bc1bc76bcfaaad36690.jpg,0.5672329687500001,0.6325756944444444,0.46117054687500014,0.7348484722222223,0.41079710937499997,0.8653626388888889,2,0.73479390625,0.8972438888888888,2,0.479633671875,0.5728426388888889,2,0.527610078125,0.5302881944444444,2,0.573552890625,0.5859622222222223,2,0.604769609375,0.5209418055555556,2,0.6502990625,0.5531338888888888,2
WIN_20251109_20_43_47_Pro_mp4-0123_jpg.rf.e37ee44d977db60af9527348733f1988,test,4,thang,test\images\WIN_20251109_20_43_47_Pro_mp4-0123_jpg.rf.e37ee44d977db60af9527348733f1988.jpg,0.54296875,0.6097222222222223,0.5484375,0.7805555555555556,0.40446429687499996,0.8482206944444444,2,0.7464285937499999,0.85775,2,0.48125,0.5798088888888889,2,0.523214296875,0.5226323611111111,2,0.5669642968749999,0.5988676388888889,2,0.60267859375,0.5194558333333333,2,0.65625,0.5448676388888889,2
WIN_20251109_20_43_47_Pro_mp4-0124_jpg.rf.3ad6ae918cddd2853e0ef7d8a2928664,test,4,thang,test\images\WIN_20251109_20_43_47_Pro_mp4-0124_jpg.rf.3ad6ae918cddd2853e0ef7d8a2928664.jpg,0.5814732031250001,0.5836770833333335,0.50669640625,0.8213225000000001,0.40803578125,0.8371030555555555,2,0.753571484375,0.8736323611111112,2,0.48392859374999997,0.5655147222222222,2,0.5241071875000001,0.5194558333333333,2,0.5660714062500001,0.5941029166666667,2,0.6053571875,0.5242205555555556,2,0.65625,0.5432794444444444,2
WIN_20251109_20_43_47_Pro_mp4-0125_jpg.rf.0eb3d244f358b7d6896ea7f3ee96536a,test,4,thang,test\images\WIN_20251109_20_43_47_Pro_mp4-0125_jpg.rf.0eb3d244f358b7d6896ea7f3ee96536a.jpg,0.57734375,0.6197420833333334,0.429241015625,0.7605158333333334,0.40714281249999995,0.8350683333333333,2,0.7491071875,0.87790625,2,0.483035703125,0.5764538888888889,2,0.5357142968749999,0.5288561111111112,2,0.57767859375,0.5923197222222222,2,0.6178571093749999,0.5209231944444445,2,0.6571428906250001,0.5653477777777778,2
WIN_20251109_20_43_47_Pro_mp4-0126_jpg.rf.8528a8e6f1037688ea0926920a7197bb,test,4,thang,test\images\WIN_20251109_20_43_47_Pro_mp4-0126_jpg.rf.8528a8e6f1037688ea0926920a7197bb.jpg,0.5694196875,0.5910497222222222,0.455803515625,0.6717270833333333,0.40535718750000005,0.8332345833333333,2,0.739285703125,0.8634022222222222,2,0.47410710937499995,0.5585495833333334,2,0.5348214062500001,0.5204429166666666,2,0.57767859375,0.5823661111111111,2,0.6133928125,0.5220306944444444,2,0.6625,0.5410840277777778,2
WIN_20251109_20_43_47_Pro_mp4-0127_jpg.rf.63d04b0f0d78120372b831dde7a02db9,test,4,thang,test\images\WIN_20251109_20_43_47_Pro_mp4-0127_jpg.rf.63d04b0f0d78120372b831dde7a02db9.jpg,0.57471671875,0.6294191666666666,0.4576721093750001,0.7411616666666666,0.41109953125,0.8628323611111111,2,0.740306484375,0.9038036111111112,2,0.49137460937500005,0.5753433333333333,2,0.538865546875,0.5319651388888889,2,0.58169,0.5867759722222222,2,0.61535640625,0.5243993055555556,2,0.6587912499999999,0.5581104166666666,2
WIN_20251109_20_43_47_Pro_mp4-0128_jpg.rf.61082bd28f8f1378a7489760f4059f42,test,4,thang,test\images\WIN_20251109_20_43_47_Pro_mp4-0128_jpg.rf.61082bd28f8f1378a7489760f4059f42.jpg,0.574288125,0.6294191666666666,0.4681785156250001,0.7411616666666666,0.41596570312500003,0.8593305555555555,2,0.740969609375,0.8895744444444444,2,0.4890996875,0.56658875,2,0.5384021875,0.5304213888888889,2,0.583673671875,0.5909436111111112,2,0.617032109375,0.5271119444444444,2,0.665568984375,0.55950625,2
WIN_20251109_20_43_47_Pro_mp4-0129_jpg.rf.67db9dc94a93ecbb26fd8183f0d8558d,test,4,thang,test\images\WIN_20251109_20_43_47_Pro_mp4-0129_jpg.rf.67db9dc94a93ecbb26fd8183f0d8558d.jpg,0.59330359375,0.5746031944444444,0.50803578125,0.8507936111111112,0.39017859375,0.8584624999999999,2,0.7571428906250001,0.8711684722222223,2,0.48392859374999997,0.5662270833333333,2,0.5321428125,0.5217565277777777,2,0.5785714843750001,0.5964036111111111,2,0.612500078125,0.5249329166666666,2,0.6571428906250001,0.5598741666666667,2
WIN_20251109_20_43_47_Pro_mp4-0130_jpg.rf.6b42aacd100ae2df0fda07cb35d60edd,test,4,thang,test\images\WIN_20251109_20_43_47_Pro_mp4-0130_jpg.rf.6b42aacd100ae2df0fda07cb35d60edd.jpg,0.5733684374999999,0.6319444444444444,0.46633914062499987,0.7361111111111112,0.41905351562500004,0.8689729166666667,2,0.733870078125,0.9054756944444444,2,0.48190859374999995,0.5827809722222222,2,0.5278903125000001,0.5321230555555556,2,0.565834765625,0.58821125,2,0.60061921875,0.5237876388888889,2,0.656133515625,0.5584359722222222,2
WIN_20251109_20_43_47_Pro_mp4-0131_jpg.rf.b135db07b39eaf4dee7391030e2122f8,test,4,thang,test\images\WIN_20251109_20_43_47_Pro_mp4-0131_jpg.rf.b135db07b39eaf4dee7391030e2122f8.jpg,0.57131703125,0.602551111111111,0.41986624999999994,0.6963577777777776,0.391964296875,0.8379979166666668,2,0.7348214843750001,0.8745168055555556,2,0.47142859374999996,0.5744272222222222,2,0.520535703125,0.5299695833333333,2,0.5580357031250001,0.5855416666666666,2,0.59375,0.5204429166666666,2,0.65,0.5220306944444444,2
WIN_20251109_20_43_47_Pro_mp4-0132_jpg.rf.f0d10cc93b26eebc98d539c09d4f1154,test,4,thang,test\images\WIN_20251109_20_43_47_Pro_mp4-0132_jpg.rf.f0d10cc93b26eebc98d539c09d4f1154.jpg,0.5703125,0.6131944444444445,0.4515625,0.7736111111111111,0.395535703125,0.8414147222222221,2,0.74375,0.86045375,2,0.466071484375,0.5923197222222222,2,0.50267859375,0.541548888888889,2,0.549107109375,0.6018393055555555,2,0.5785714843750001,0.5177499999999999,2,0.637500078125,0.5272695833333333,2
WIN_20251109_20_43_47_Pro_mp4-0133_jpg.rf.b61ae047ea9e8e82a1fdb8912d730b91,test,2,nghieng_phai,test\images\WIN_20251109_20_43_47_Pro_mp4-0133_jpg.rf.b61ae047ea9e8e82a1fdb8912d730b91.jpg,0.571577578125,0.6351009722222222,0.4613370312500001,0.7297979166666667,0.4173528125,0.8583097222222221,2,0.73456640625,0.8942944444444445,2,0.46466343749999994,0.626455,2,0.4928921875,0.5514076388888889,2,0.5380415625,0.5909288888888888,2,0.56544359375,0.5125670833333333,2,0.622791640625,0.5192056944444444,2
WIN_20251109_20_43_47_Pro_mp4-0134_jpg.rf.c8ceb5530976f01934a08c745b6668d0,test,2,nghieng_phai,test\images\WIN_20251109_20_43_47_Pro_mp4-0134_jpg.rf.c8ceb5530976f01934a08c745b6668d0.jpg,0.550223203125,0.616269861111111,0.5781249999999999,0.7674602777777778,0.403571484375,0.8545736111111111,2,0.7491071875,0.8641030555555554,2,0.45625,0.6385734722222222,2,0.47767859375,0.5591616666666667,2,0.5303571875,0.60680875,2,0.548214296875,0.5019852777777778,2,0.607142890625,0.5003970833333333,2
WIN_20251109_20_43_47_Pro_mp4-0135_jpg.rf.480fb9fd0ce050649532270c97371030,test,2,nghieng_phai,test\images\WIN_20251109_20_43_47_Pro_mp4-0135_jpg.rf.480fb9fd0ce050649532270c97371030.jpg,0.578125,0.5924602777777777,0.5133928906249999,0.8150793055555555,0.40267859375,0.8545736111111111,2,0.748214296875,0.85775,2,0.44732140625000005,0.6576323611111111,2,0.47232140625,0.576632361111111,2,0.528571484375,0.5925147222222222,2,0.54107140625,0.49880874999999997,2,0.5928571875,0.4829263888888889,2
WIN_20251109_20_43_47_Pro_mp4-0136_jpg.rf.391ac1d42d983cad7dd0a6c9950232a3,test,2,nghieng_phai,test\images\WIN_20251109_20_43_47_Pro_mp4-0136_jpg.rf.391ac1d42d983cad7dd0a6c9950232a3.jpg,0.576916796875,0.6468616666666667,0.46633359374999994,0.6952384722222221,0.415774296875,0.8744327777777777,2,0.7410805468749999,0.8978604166666667,2,0.452980703125,0.6704298611111111,2,0.47357734375,0.5826033333333334,2,0.523759296875,0.59274875,2,0.537525546875,0.5081231944444444,2,0.592609765625,0.49624166666666664,2
WIN_20251109_20_43_47_Pro_mp4-0137_jpg.rf.3ea6d4ef1913edd0cb283ef1829c7372,test,2,nghieng_phai,test\images\WIN_20251109_20_43_47_Pro_mp4-0137_jpg.rf.3ea6d4ef1913edd0cb283ef1829c7372.jpg,0.55703125,0.6319444444444444,0.603125,0.7361111111111112,0.414285703125,0.8498088888888888,2,0.7553571875,0.8625148611111112,2,0.44642859375,0.6655736111111111,2,0.46875,0.5734558333333333,2,0.528571484375,0.60680875,2,0.537500078125,0.49722055555555555,2,0.59375,0.4829263888888889,2
WIN_20251109_20_43_47_Pro_mp4-0138_jpg.rf.6f70fc1b0b9dce55dc2ac5d9590fde34,test,2,nghieng_phai,test\images\WIN_20251109_20_43_47_Pro_mp4-0138_jpg.rf.6f70fc1b0b9dce55dc2ac5d9590fde34.jpg,0.561495546875,0.6202380555555554,0.535937578125,0.7595237499999999,0.40625,0.8482206944444444,2,0.7571428906250001,0.8529854166666666,2,0.441964296875,0.6592206944444444,2,0.47053578125,0.5941029166666667,2,0.53125,0.6020441666666666,2,0.537500078125,0.50675,2,0.59553578125,0.4829263888888889,2
WIN_20251109_20_43_47_Pro_mp4-0139_jpg.rf.8597f1000a6f59c260c7ed483999d590,test,2,nghieng_phai,test\images\WIN_20251109_20_43_47_Pro_mp4-0139_jpg.rf.8597f1000a6f59c260c7ed483999d590.jpg,0.5436384375000001,0.616811111111111,0.5537946875000002,0.7487015277777778,0.40089289062500005,0.8831619444444445,2,0.7428571093749999,0.8704559722222223,2,0.4491071875,0.6576323611111111,2,0.47053578125,0.59569125,2,0.5276785937499999,0.60680875,2,0.529464296875,0.50675,2,0.5901785937499999,0.48610291666666666,2
WIN_20251109_20_43_47_Pro_mp4-0140_jpg.rf.254a2389cacbdc1a9c740966180c73bb,test,2,nghieng_phai,test\images\WIN_20251109_20_43_47_Pro_mp4-0140_jpg.rf.254a2389cacbdc1a9c740966180c73bb.jpg,0.5780134375,0.6336309722222222,0.46183039062500003,0.7327380555555556,0.39642859375,0.8398280555555555,2,0.759821484375,0.8541073611111112,2,0.451785703125,0.6716493055555556,2,0.475000078125,0.5812136111111111,2,0.525,0.5923197222222222,2,0.539285703125,0.5082304166666667,2,0.591964296875,0.48443166666666665,2
WIN_20251109_20_43_47_Pro_mp4-0141_jpg.rf.3e3aa79301ade0535812323d62aba28d,test,2,nghieng_phai,test\images\WIN_20251109_20_43_47_Pro_mp4-0141_jpg.rf.3e3aa79301ade0535812323d62aba28d.jpg,0.5748884375,0.6316468055555556,0.4555804687499999,0.7367063888888888,0.40089289062500005,0.8366548611111111,2,0.7508928906250001,0.8541073611111112,2,0.44642859375,0.6653030555555556,2,0.475000078125,0.5780405555555556,2,0.523214296875,0.5970795833333333,2,0.537500078125,0.5082304166666667,2,0.59642859375,0.49395111111111106,2
WIN_20251109_20_43_47_Pro_mp4-0142_jpg.rf.f2650ae528d58174af23f3096e426bac,test,2,nghieng_phai,test\images\WIN_20251109_20_43_47_Pro_mp4-0142_jpg.rf.f2650ae528d58174af23f3096e426bac.jpg,0.569308046875,0.6261904166666666,0.520312578125,0.7476190277777778,0.40892859374999996,0.8482206944444444,2,0.75267859375,0.85775,2,0.44464289062500006,0.6608090277777778,2,0.473214296875,0.5813972222222222,2,0.525,0.6020441666666666,2,0.539285703125,0.50675,2,0.591071484375,0.48769111111111113,2
WIN_20251109_20_43_47_Pro_mp4-0143_jpg.rf.3ec9d0f99f2615353d11555de5735086,test,2,nghieng_phai,test\images\WIN_20251109_20_43_47_Pro_mp4-0143_jpg.rf.3ec9d0f99f2615353d11555de5735086.jpg,0.5765625,0.6520833333333333,0.4734375,0.6958333333333333,0.41559390625,0.8708470833333334,2,0.740012421875,0.9007259722222222,2,0.453155546875,0.6724225,2,0.47207921875,0.5885909722222222,2,0.521808984375,0.5995551388888889,2,0.5376586718749999,0.5099086111111112,2,0.5924654687500001,0.49760791666666665,2
WIN_20251109_20_43_47_Pro_mp4-0144_jpg.rf.6bb874b4d24c2455af1c8db64bfa80ef,test,2,nghieng_phai,test\images\WIN_20251109_20_43_47_Pro_mp4-0144_jpg.rf.6bb874b4d24c2455af1c8db64bfa80ef.jpg,0.582142890625,0.6069143055555556,0.4482141406250001,0.6463487500000001,0.412500078125,0.8554633333333332,2,0.7428571093749999,0.8538756944444443,2,0.44285710937499995,0.6665183333333333,2,0.47142859374999996,0.5918927777777778,2,0.52232140625,0.5855416666666666,2,0.536607109375,0.5061529166666666,2,0.59375,0.48233638888888886,2
WIN_20251109_20_43_47_Pro_mp4-0145_jpg.rf.38473f7593a0e104d49e6cc03fb7d5be,test,2,nghieng_phai,test\images\WIN_20251109_20_43_47_Pro_mp4-0145_jpg.rf.38473f7593a0e104d49e6cc03fb7d5be.jpg,0.5540178906250001,0.6539681944444444,0.5544643749999999,0.6920634722222222,0.41517859375,0.8434559722222222,2,0.75,0.8450441666666666,2,0.44642859375,0.6623970833333334,2,0.475000078125,0.5798088888888889,2,0.5321428125,0.59569125,2,0.5348214062500001,0.49722055555555555,2,0.5928571875,0.49722055555555555,2
WIN_20251109_20_43_47_Pro_mp4-0146_jpg.rf.591d570d993549e1d506461fbed38814,test,2,nghieng_phai,test\images\WIN_20251109_20_43_47_Pro_mp4-0146_jpg.rf.591d570d993549e1d506461fbed38814.jpg,0.57890625,0.6266865277777778,0.47254468749999995,0.7466269444444446,0.41339289062500006,0.8652136111111111,2,0.753571484375,0.8668001388888888,2,0.45267859374999997,0.6748226388888889,2,0.473214296875,0.5812136111111111,2,0.523214296875,0.5954930555555555,2,0.541964296875,0.5082304166666667,2,0.5973214062500001,0.49871097222222227,2
WIN_20251109_20_43_47_Pro_mp4-0147_jpg.rf.6c26f26a70a33743407bac5a9cd382cb,test,2,nghieng_phai,test\images\WIN_20251109_20_43_47_Pro_mp4-0147_jpg.rf.6c26f26a70a33743407bac5a9cd382cb.jpg,0.5751115625,0.6286706944444445,0.4337053124999999,0.7426586111111111,0.395535703125,0.8366548611111111,2,0.6517766429924242,0.6424236316872428,2,0.44295556660353536,0.499893191170969,2,0.5006369128787879,0.38736915918443693,2,0.5407948121843434,0.48488998690609797,2,0.6057775946969697,0.3836183581182192,2,0.6722206644570707,0.4873905209502431,2
WIN_20251109_20_43_47_Pro_mp4-0148_jpg.rf.40f536f149b7c97ef537db8326a9806a,test,2,nghieng_phai,test\images\WIN_20251109_20_43_47_Pro_mp4-0148_jpg.rf.40f536f149b7c97ef537db8326a9806a.jpg,0.5768765625000001,0.6420454166666667,0.469482421875,0.7159090277777779,0.416637109375,0.8682676388888889,2,0.7350435937500001,0.8863538888888889,2,0.45008156250000003,0.6628491666666666,2,0.4732471875,0.5825886111111112,2,0.5230490624999999,0.5974047222222222,2,0.537606015625,0.5093809722222222,2,0.59725953125,0.4997041666666666,2
WIN_20251109_20_43_47_Pro_mp4-0149_jpg.rf.17a4b99f8a3e688d58557761bb2514b4,test,2,nghieng_phai,test\images\WIN_20251109_20_43_47_Pro_mp4-0149_jpg.rf.17a4b99f8a3e688d58557761bb2514b4.jpg,0.576171875,0.64375,0.47109375,0.7125,0.413196875,0.87745125,2,0.7368802343749999,0.8931798611111111,2,0.450944375,0.6575422222222223,2,0.472944765625,0.5808525,2,0.5223,0.5969656944444444,2,0.537764140625,0.5114869444444444,2,0.59555609375,0.49480152777777775,2
WIN_20251109_20_43_47_Pro_mp4-0150_jpg.rf.27a1dacfd5a4b0554f146b5410448aed,test,2,nghieng_phai,test\images\WIN_20251109_20_43_47_Pro_mp4-0150_jpg.rf.27a1dacfd5a4b0554f146b5410448aed.jpg,0.562890625,0.6284722222222222,0.45390625,0.7430555555555556,0.39642859375,0.8414147222222221,2,0.75625,0.8636268055555555,2,0.4491071875,0.662129861111111,2,0.475000078125,0.5796272222222222,2,0.52142859375,0.5923197222222222,2,0.545535703125,0.5018840277777777,2,0.5982142968749999,0.4891913888888889,2
WIN_20251109_20_43_47_Pro_mp4-0151_jpg.rf.273b468e870738389223520aa09eaa1f,test,2,nghieng_phai,test\images\WIN_20251109_20_43_47_Pro_mp4-0151_jpg.rf.273b468e870738389223520aa09eaa1f.jpg,0.575669609375,0.6266865277777778,0.4504464062500001,0.7466269444444446,0.40089289062500005,0.8414147222222221,2,0.7508928906250001,0.8620402777777778,2,0.44732140625000005,0.6494370833333333,2,0.47589289062500006,0.5701075,2,0.525892890625,0.5923197222222222,2,0.539285703125,0.5145768055555555,2,0.5973214062500001,0.4891913888888889,2
WIN_20251109_20_43_47_Pro_mp4-0152_jpg.rf.72e0007fd6b807bdb9a4be43ca3aaf72,test,2,nghieng_phai,test\images\WIN_20251109_20_43_47_Pro_mp4-0152_jpg.rf.72e0007fd6b807bdb9a4be43ca3aaf72.jpg,0.57142859375,0.5970381944444445,0.4392857031249999,0.6439708333333333,0.38303578125,0.8523368055555556,2,0.72142859375,0.8475736111111112,2,0.42410718750000004,0.6506894444444444,2,0.466071484375,0.5728394444444445,2,0.51517859375,0.6093583333333333,2,0.54017859375,0.51091625,2,0.5946428125,0.4886873611111111,2
WIN_20251109_20_43_47_Pro_mp4-0153_jpg.rf.8972f17ec0626daeb0eb949f7228a18a,test,2,nghieng_phai,test\images\WIN_20251109_20_43_47_Pro_mp4-0153_jpg.rf.8972f17ec0626daeb0eb949f7228a18a.jpg,0.55267859375,0.6375991666666666,0.453571484375,0.7248015277777777,0.38392859375,0.8509341666666667,2,0.74732140625,0.8556938888888889,2,0.43125,0.6653030555555556,2,0.4491071875,0.5859734722222222,2,0.49464289062500005,0.6065991666666667,2,0.517857109375,0.5114036111111111,2,0.5785714843750001,0.4907780555555556,2
WIN_20251109_20_43_47_Pro_mp4-0154_jpg.rf.f910f708c9f583c585e265e78080ff85,test,2,nghieng_phai,test\images\WIN_20251109_20_43_47_Pro_mp4-0154_jpg.rf.f910f708c9f583c585e265e78080ff85.jpg,0.52578125,0.6166666666666667,0.571875,0.7666666666666667,0.372321484375,0.8783972222222223,2,0.70982140625,0.8402794444444445,2,0.40803578125,0.6687501388888889,2,0.41517859375,0.6020441666666666,2,0.46696429687499996,0.6211030555555556,2,0.4928571875,0.5242205555555556,2,0.55625,0.5051618055555556,2
WIN_20251109_20_43_47_Pro_mp4-0155_jpg.rf.07c247d8794fcced8b2c08c322928e0f,test,2,nghieng_phai,test\images\WIN_20251109_20_43_47_Pro_mp4-0155_jpg.rf.07c247d8794fcced8b2c08c322928e0f.jpg,0.5197544531249999,0.6480158333333333,0.6265624999999999,0.7039681944444445,0.375,0.8911030555555556,2,0.71339296875,0.8323383333333333,2,0.383035703125,0.69257375,2,0.3866071875,0.6211030555555556,2,0.43392859375,0.6353970833333333,2,0.45982140625,0.5305734722222222,2,0.520535703125,0.5019852777777778,2
WIN_20251109_20_43_47_Pro_mp4-0156_jpg.rf.f772431d8d1f3f89f3ebb43b356ac88f,test,0,nga_phai,test\images\WIN_20251109_20_43_47_Pro_mp4-0156_jpg.rf.f772431d8d1f3f89f3ebb43b356ac88f.jpg,0.532151640625,0.6590316666666667,0.5089055468750001,0.681699861111111,0.3732078125,0.9165433333333334,2,0.6841125781249999,0.8414368055555557,2,0.37362390625,0.6339765277777778,2,0.41635406250000007,0.6484918055555556,2,0.43815195312500005,0.5562411111111112,2,0.5020640625,0.5241872222222222,2,0.35991875,0.6947452777777778,2
WIN_20251109_20_43_47_Pro_mp4-0157_jpg.rf.a003b171c9c9580a6b8309024ba20d60,test,0,nga_phai,test\images\WIN_20251109_20_43_47_Pro_mp4-0157_jpg.rf.a003b171c9c9580a6b8309024ba20d60.jpg,0.46741078125,0.6092727777777778,0.6580358593750001,0.7733074999999999,0.329464296875,0.9228677777777777,2,0.685714296875,0.8132795833333333,2,0.35625,0.6544558333333333,2,0.40982140625,0.6735147222222223,2,0.416964296875,0.5543970833333334,2,0.48214289062500004,0.5242205555555556,2,0.3553571875,0.72275,2
WIN_20251109_20_43_47_Pro_mp4-0158_jpg.rf.2a4771b0e34168d301452a5f08a966f8,test,0,nga_phai,test\images\WIN_20251109_20_43_47_Pro_mp4-0158_jpg.rf.2a4771b0e34168d301452a5f08a966f8.jpg,0.484765625,0.65625,0.49921875,0.6875,0.330357109375,0.9017051388888889,2,0.6776786718750001,0.8049230555555554,2,0.349107109375,0.6541968055555556,2,0.39375,0.65737,2,0.40892859374999996,0.5510684722222222,2,0.47410710937499995,0.5177499999999999,2,0.34553578125,0.7366995833333334,2
WIN_20251109_20_43_47_Pro_mp4-0159_jpg.rf.93797cb35bd3573526d0a90d030937e2,test,0,nga_phai,test\images\WIN_20251109_20_43_47_Pro_mp4-0159_jpg.rf.93797cb35bd3573526d0a90d030937e2.jpg,0.47265625,0.6493055555555556,0.5046875,0.7013888888888888,0.33660718749999996,0.9017051388888889,2,0.6723214843750001,0.8033365277777778,2,0.34642859375,0.65102375,2,0.389285703125,0.6526102777777777,2,0.40535718750000005,0.5590013888888888,2,0.46696429687499996,0.5145768055555555,2,0.339285703125,0.72718,2
WIN_20251109_20_43_47_Pro_mp4-0160_jpg.rf.b3ac13b797322d70c1986342399c1c16,test,0,nga_phai,test\images\WIN_20251109_20_43_47_Pro_mp4-0160_jpg.rf.b3ac13b797322d70c1986342399c1c16.jpg,0.5160714843750001,0.6539681944444444,0.666071484375,0.6920634722222222,0.34196429687499996,0.8990443055555556,2,0.6553571875,0.8101029166666667,2,0.34553578125,0.6512794444444444,2,0.389285703125,0.6623970833333334,2,0.40535718750000005,0.5496323611111111,2,0.4616071875,0.517867638888889,2,0.33392859375,0.7370441666666666,2
WIN_20251109_20_43_47_Pro_mp4-0161_jpg.rf.f78797c008acce404410cb03192fcbe1,test,0,nga_phai,test\images\WIN_20251109_20_43_47_Pro_mp4-0161_jpg.rf.f78797c008acce404410cb03192fcbe1.jpg,0.485546875,0.6493055555555556,0.51796875,0.7013888888888888,0.32767859375,0.8921855555555556,2,0.6732143749999999,0.8017498611111111,2,0.3446428125,0.6430908333333333,2,0.39375,0.6494370833333333,2,0.40714281249999995,0.5510684722222222,2,0.46964281249999995,0.5193366666666667,2,0.33392859375,0.7287666666666667,2
WIN_20251109_20_43_47_Pro_mp4-0162_jpg.rf.287057b08f86dfc950842428671f12d8,test,0,nga_phai,test\images\WIN_20251109_20_43_47_Pro_mp4-0162_jpg.rf.287057b08f86dfc950842428671f12d8.jpg,0.4725446875,0.66172875,0.46741085937500004,0.6733670833333333,0.30267867187499997,0.9079091666666668,2,0.63214296875,0.8110548611111111,2,0.32946437500000003,0.6379383333333334,2,0.37767859375,0.6427016666666667,2,0.40446429687499996,0.5553740277777778,2,0.475000078125,0.51091625,2,0.2991071875,0.7205516666666666,2
WIN_20251109_20_43_47_Pro_mp4-0163_jpg.rf.58eb398235f0581eb09c39d6d8df37f9,test,0,nga_phai,test\images\WIN_20251109_20_43_47_Pro_mp4-0163_jpg.rf.58eb398235f0581eb09c39d6d8df37f9.jpg,0.475223203125,0.6504959722222222,0.490625,0.6990079166666667,0.33125,0.8858391666666667,2,0.67857140625,0.8176158333333333,2,0.35267859375,0.6415041666666667,2,0.398214296875,0.6446772222222222,2,0.412500078125,0.5478952777777778,2,0.47410710937499995,0.5129902777777778,2,0.33392859375,0.7240068055555555,2
WIN_20251109_20_43_47_Pro_mp4-0164_jpg.rf.99d87dcedb61d7e829bc295e518ecf2d,test,0,nga_phai,test\images\WIN_20251109_20_43_47_Pro_mp4-0164_jpg.rf.99d87dcedb61d7e829bc295e518ecf2d.jpg,0.50718546875,0.6640698611111111,0.527155078125,0.6715741666666666,0.350488828125,0.9130809722222223,2,0.66184578125,0.8451754166666666,2,0.35427859375000004,0.6388247222222222,2,0.4008428125,0.6435694444444444,2,0.413762890625,0.5511313888888889,2,0.473838125,0.5254597222222223,2,0.34517046875,0.7282394444444444,2
WIN_20251109_20_43_47_Pro_mp4-0165_jpg.rf.75042a505fbc67cc1fe271074abfd7e5,test,0,nga_phai,test\images\WIN_20251109_20_43_47_Pro_mp4-0165_jpg.rf.75042a505fbc67cc1fe271074abfd7e5.jpg,0.479296875,0.6631944444444444,0.48046875,0.6736111111111112,0.322321484375,0.8920313888888889,2,0.6553571875,0.7998912499999999,2,0.351785703125,0.6411138888888889,2,0.40625,0.6347627777777778,2,0.423214296875,0.5490227777777777,2,0.4803571875,0.5093284722222222,2,0.313392890625,0.7189640277777778,2
WIN_20251109_20_43_47_Pro_mp4-0166_jpg.rf.c1614cd2b4a1cf94c8c603861455d84a,test,0,nga_phai,test\images\WIN_20251109_20_43_47_Pro_mp4-0166_jpg.rf.c1614cd2b4a1cf94c8c603861455d84a.jpg,0.5116071875,0.613293611111111,0.648214375,0.7734126388888888,0.34017859375000004,0.8990443055555556,2,0.669642890625,0.8164559722222222,2,0.357142890625,0.6338088888888889,2,0.40803578125,0.6481029166666666,2,0.41517859375,0.5464558333333334,2,0.475000078125,0.5099263888888889,2,0.3375,0.72275,2
WIN_20251109_20_43_47_Pro_mp4-0167_jpg.rf.f6f304eefe01ca6c4abd8914383179f6,test,0,nga_phai,test\images\WIN_20251109_20_43_47_Pro_mp4-0167_jpg.rf.f6f304eefe01ca6c4abd8914383179f6.jpg,0.509765625,0.6659722222222222,0.52578125,0.6680555555555555,0.347364921875,0.9019245833333334,2,0.666281953125,0.8262261111111111,2,0.35600695312499997,0.6387311111111111,2,0.40631101562499994,0.6426126388888889,2,0.416293046875,0.5468158333333334,2,0.48133710937499996,0.5258986111111111,2,0.345134375,0.7176501388888888,2
WIN_20251109_20_43_47_Pro_mp4-0168_jpg.rf.03dce661efaf36df156b1185eabaff29,test,0,nga_phai,test\images\WIN_20251109_20_43_47_Pro_mp4-0168_jpg.rf.03dce661efaf36df156b1185eabaff29.jpg,0.514369609375,0.66287875,0.51311421875,0.6742423611111111,0.35513859375,0.9149305555555556,2,0.662037265625,0.8511926388888889,2,0.363980390625,0.6324229166666666,2,0.41504742187500004,0.6311552777777778,2,0.42605039062500005,0.5460365277777778,2,0.485756640625,0.52026125,2,0.35169843749999996,0.7187795833333334,2
WIN_20251109_20_43_47_Pro_mp4-0169_jpg.rf.9d41906429cd94559f20809453567d68,test,0,nga_phai,test\images\WIN_20251109_20_43_47_Pro_mp4-0169_jpg.rf.9d41906429cd94559f20809453567d68.jpg,0.5294800000000001,0.6477272222222222,0.483675859375,0.7045454166666667,0.36216593750000003,0.9166075,2,0.6739640625,0.8471630555555556,2,0.39007015625,0.6038066666666666,2,0.4417253125,0.6173945833333333,2,0.455150234375,0.5285077777777778,2,0.513710703125,0.5056966666666667,2,0.3698646875,0.7002347222222222,2
WIN_20251109_20_43_47_Pro_mp4-0170_jpg.rf.e587573a6252d893ee529ece35330a4c,test,2,nghieng_phai,test\images\WIN_20251109_20_43_47_Pro_mp4-0170_jpg.rf.e587573a6252d893ee529ece35330a4c.jpg,0.54725234375,0.6388888888888888,0.472345546875,0.7222222222222222,0.3736128125,0.8979984722222222,2,0.70233984375,0.8826694444444445,2,0.391867890625,0.6639638888888888,2,0.42715734375,0.5753038888888888,2,0.47721171875,0.59929375,2,0.49517265625,0.5135436111111111,2,0.5479625,0.5016966666666667,2
WIN_20251109_20_43_47_Pro_mp4-0171_jpg.rf.c8edf2ec38c00925386d2230bafdfba1,test,2,nghieng_phai,test\images\WIN_20251109_20_43_47_Pro_mp4-0171_jpg.rf.c8edf2ec38c00925386d2230bafdfba1.jpg,0.53470984375,0.5746031944444444,0.5091518749999999,0.8507936111111112,0.37321429687499996,0.8783972222222223,2,0.71339296875,0.8529854166666666,2,0.412500078125,0.6163381944444445,2,0.451785703125,0.5512205555555556,2,0.51517859375,0.5972795833333333,2,0.539285703125,0.4956323611111111,2,0.58392859375,0.50675,2
WIN_20251109_20_43_47_Pro_mp4-0172_jpg.rf.3fce33b632b06461cf8c8bf1dd46a5e1,test,2,nghieng_phai,test\images\WIN_20251109_20_43_47_Pro_mp4-0172_jpg.rf.3fce33b632b06461cf8c8bf1dd46a5e1.jpg,0.56529015625,0.5954365277777778,0.512276796875,0.8091269444444446,0.383035703125,0.876808888888889,2,0.72678578125,0.8593383333333334,2,0.448214296875,0.5909263888888888,2,0.4875,0.5480441666666667,2,0.541964296875,0.5925147222222222,2,0.5669642968749999,0.5115147222222222,2,0.6133928125,0.5242205555555556,2
WIN_20251109_20_43_47_Pro_mp4-0173_jpg.rf.a533c19e8a8431137d50da47ee6b4eb1,test,4,thang,test\images\WIN_20251109_20_43_47_Pro_mp4-0173_jpg.rf.a533c19e8a8431137d50da47ee6b4eb1.jpg,0.564843828125,0.6167658333333332,0.448883984375,0.7664681944444444,0.392857109375,0.8414147222222221,2,0.741964375,0.87790625,2,0.46517859375,0.5828002777777778,2,0.51517859375,0.5320293055555556,2,0.557142890625,0.5923197222222222,2,0.588392890625,0.5209231944444445,2,0.642857109375,0.541548888888889,2
WIN_20251109_20_43_47_Pro_mp4-0174_jpg.rf.684c77685c7e27740dff9ed99715cecc,test,4,thang,test\images\WIN_20251109_20_43_47_Pro_mp4-0174_jpg.rf.684c77685c7e27740dff9ed99715cecc.jpg,0.5858259375,0.5884920833333334,0.48549109375,0.8230158333333334,0.40089289062500005,0.85775,2,0.7455357031250001,0.8736323611111112,2,0.4803571875,0.5829852777777778,2,0.52232140625,0.5385147222222222,2,0.5660714062500001,0.5972795833333333,2,0.607142890625,0.5146911111111111,2,0.6571428906250001,0.5353381944444444,2
WIN_20251109_20_43_47_Pro_mp4-0175_jpg.rf.a03f987a9f5f89ea7674c798d5635f47,test,4,thang,test\images\WIN_20251109_20_43_47_Pro_mp4-0175_jpg.rf.a03f987a9f5f89ea7674c798d5635f47.jpg,0.590848203125,0.6003968055555556,0.48973218750000014,0.7992063888888888,0.41517859375,0.8498088888888888,2,0.748214296875,0.8688677777777778,2,0.489285703125,0.5655147222222222,2,0.53392859375,0.5369265277777778,2,0.575,0.58775,2,0.6214285937499999,0.5210441666666666,2,0.66517859375,0.5496323611111111,2
WIN_20251109_20_43_47_Pro_mp4-0176_jpg.rf.3cbd8ccc0ee72744da0a634271986b34,test,4,thang,test\images\WIN_20251109_20_43_47_Pro_mp4-0176_jpg.rf.3cbd8ccc0ee72744da0a634271986b34.jpg,0.573995546875,0.5952545833333334,0.4502232031250001,0.6665911111111111,0.39732140625,0.8428102777777777,2,0.72857140625,0.8888556944444445,2,0.46964289062500003,0.5760640277777778,2,0.529464296875,0.52520625,2,0.5696428906250001,0.5887172222222222,2,0.6107143749999999,0.5299695833333333,2,0.669642890625,0.5410840277777778,2
WIN_20251109_20_43_47_Pro_mp4-0177_jpg.rf.0ded6d54368e20224c29d31bbc86b630,test,4,thang,test\images\WIN_20251109_20_43_47_Pro_mp4-0177_jpg.rf.0ded6d54368e20224c29d31bbc86b630.jpg,0.598883984375,0.6063491666666666,0.47901796875,0.7873015277777777,0.42142859374999997,0.8561618055555555,2,0.748214296875,0.9069854166666667,2,0.497321484375,0.5702794444444444,2,0.54642859375,0.5432794444444444,2,0.5892857031250001,0.6020441666666666,2,0.6151786718750001,0.5337500000000001,2,0.668750078125,0.5559852777777777,2
WIN_20251109_20_43_47_Pro_mp4-0178_jpg.rf.50235e9436ddc5db573027b86959d636,test,4,thang,test\images\WIN_20251109_20_43_47_Pro_mp4-0178_jpg.rf.50235e9436ddc5db573027b86959d636.jpg,0.58046875,0.58706375,0.43013382812500006,0.6796991666666667,0.4178571875,0.8395856944444445,2,0.7428571093749999,0.864990138888889,2,0.485714296875,0.5680761111111111,2,0.545535703125,0.5347329166666667,2,0.5875,0.5934805555555556,2,0.628571484375,0.5236184722222222,2,0.669642890625,0.5442595833333334,2
WIN_20251109_20_43_47_Pro_mp4-0179_jpg.rf.e46c378aed49f64f75c14edc0649ca2d,test,4,thang,test\images\WIN_20251109_20_43_47_Pro_mp4-0179_jpg.rf.e46c378aed49f64f75c14edc0649ca2d.jpg,0.583482109375,0.6177579166666667,0.44375,0.7644841666666666,0.40625,0.8303084722222221,2,0.759821484375,0.8842526388888888,2,0.4928571875,0.5764538888888889,2,0.54642859375,0.5367890277777777,2,0.5892857031250001,0.5986661111111111,2,0.6258928906250001,0.5177499999999999,2,0.6723214843750001,0.5494818055555555,2
WIN_20251109_20_43_47_Pro_mp4-0180_jpg.rf.91d118ab95741257642d74f0e3d9feba,test,4,thang,test\images\WIN_20251109_20_43_47_Pro_mp4-0180_jpg.rf.91d118ab95741257642d74f0e3d9feba.jpg,0.583203125,0.6131944444444445,0.42890625,0.7736111111111111,0.41339289062500006,0.8366761111111111,2,0.759821484375,0.8858604166666666,2,0.49464289062500005,0.5875813888888889,2,0.54375,0.5272908333333334,2,0.58482140625,0.5971008333333333,2,0.6205357031250001,0.5352238888888888,2,0.67053578125,0.5510897222222222,2
WIN_20251109_20_43_47_Pro_mp4-0181_jpg.rf.889a30aa22503133ba94e285648ac6d2,test,4,thang,test\images\WIN_20251109_20_43_47_Pro_mp4-0181_jpg.rf.889a30aa22503133ba94e285648ac6d2.jpg,0.5891741406250001,0.61577375,0.4484375781249999,0.7684523611111111,0.414285703125,0.8303084722222221,2,0.75803578125,0.8572805555555555,2,0.4928571875,0.5923197222222222,2,0.54375,0.5352025,2,0.58482140625,0.6113590277777777,2,0.6214285937499999,0.5320293055555556,2,0.668750078125,0.56376125,2
WIN_20251109_20_43_47_Pro_mp4-0182_jpg.rf.93bf63e9247a7bdd96a5031b1f78dd8f,test,4,thang,test\images\WIN_20251109_20_43_47_Pro_mp4-0182_jpg.rf.93bf63e9247a7bdd96a5031b1f78dd8f.jpg,0.5839287499999999,0.5878623611111111,0.4500001562499999,0.6717508333333332,0.41339289062500006,0.8316468055555556,2,0.741071484375,0.84276125,2,0.48214289062500004,0.5664884722222222,2,0.544642890625,0.5315573611111111,2,0.580357109375,0.5950684722222223,2,0.61964296875,0.5331451388888889,2,0.6678571875,0.5410840277777778,2
WIN_20251109_20_43_47_Pro_mp4-0183_jpg.rf.4dc88a09d81c062d149981038ccc0de6,test,4,thang,test\images\WIN_20251109_20_43_47_Pro_mp4-0183_jpg.rf.4dc88a09d81c062d149981038ccc0de6.jpg,0.58537953125,0.5895063888888888,0.45781242187500004,0.68443875,0.420535703125,0.8522831944444444,2,0.736607109375,0.8316420833333333,2,0.489285703125,0.6189341666666667,2,0.54107140625,0.5299648611111111,2,0.5892857031250001,0.6411629166666667,2,0.623214296875,0.52361375,2,0.6678571875,0.5490180555555556,2
WIN_20251109_20_43_47_Pro_mp4-0184_jpg.rf.71a5ca75a4204a63a97ce2244a995410,test,4,thang,test\images\WIN_20251109_20_43_47_Pro_mp4-0184_jpg.rf.71a5ca75a4204a63a97ce2244a995410.jpg,0.585714296875,0.6167658333333332,0.4482142968749999,0.7664681944444444,0.414285703125,0.8350683333333333,2,0.760714296875,0.8556938888888889,2,0.49821429687499996,0.5843868055555556,2,0.549107109375,0.5304427777777777,2,0.591071484375,0.6018393055555555,2,0.6303571875,0.5304427777777777,2,0.674107109375,0.5685209722222222,2
WIN_20251109_20_43_47_Pro_mp4-0185_jpg.rf.3b84f4ececa7a66cfb6da8938bca44bc,test,4,thang,test\images\WIN_20251109_20_43_47_Pro_mp4-0185_jpg.rf.3b84f4ececa7a66cfb6da8938bca44bc.jpg,0.585379453125,0.61577375,0.4453124999999999,0.7684523611111111,0.414285703125,0.8366548611111111,2,0.75803578125,0.8509341666666667,2,0.50178578125,0.5780405555555556,2,0.55,0.5304427777777777,2,0.588392890625,0.5970795833333333,2,0.6294642968749999,0.5288561111111112,2,0.6714285156249999,0.552655,2
WIN_20251109_20_43_47_Pro_mp4-0186_jpg.rf.84d306ccc8a02a06c7ed3480adc441a3,test,4,thang,test\images\WIN_20251109_20_43_47_Pro_mp4-0186_jpg.rf.84d306ccc8a02a06c7ed3480adc441a3.jpg,0.58203125,0.6076388888888888,0.4328125,0.7847222222222222,0.40892859374999996,0.8366548611111111,2,0.7508928906250001,0.8556938888888889,2,0.50267859375,0.5590013888888888,2,0.5625,0.5209231944444445,2,0.604464296875,0.5843868055555556,2,0.6401785156249999,0.5304427777777777,2,0.676785703125,0.5843868055555556,2
WIN_20251109_20_43_47_Pro_mp4-0187_jpg.rf.93e8ded9e95861f0a92f7f2b15c004ea,test,4,thang,test\images\WIN_20251109_20_43_47_Pro_mp4-0187_jpg.rf.93e8ded9e95861f0a92f7f2b15c004ea.jpg,0.5735490624999999,0.5858758333333334,0.426116015625,0.6598459722222221,0.40535718750000005,0.8507001388888888,2,0.74107140625,0.8475244444444444,2,0.514285703125,0.5220306944444444,2,0.57767859375,0.5077406944444445,2,0.61607140625,0.5903050000000001,2,0.65625,0.5299695833333333,2,0.6866071875,0.5823661111111111,2
WIN_20251109_20_43_47_Pro_mp4-0188_jpg.rf.9c98675d584fa385f040a0425ec7744a,test,3,nghieng_trai,test\images\WIN_20251109_20_43_47_Pro_mp4-0188_jpg.rf.9c98675d584fa385f040a0425ec7744a.jpg,0.5823660937499999,0.5924602777777777,0.5352678125000001,0.8150793055555555,0.42142859374999997,0.8355148611111111,2,0.73303578125,0.8513972222222221,2,0.51875,0.5194558333333333,2,0.591071484375,0.5003970833333333,2,0.62232140625,0.5988676388888889,2,0.666964296875,0.5559852777777777,2,0.685714296875,0.6242794444444445,2
WIN_20251109_20_43_47_Pro_mp4-0189_jpg.rf.e5d895db5a2fef20a23707e86e8c67c5,test,2,nghieng_phai,test\images\WIN_20251109_20_43_47_Pro_mp4-0189_jpg.rf.e5d895db5a2fef20a23707e86e8c67c5.jpg,0.567348125,0.6363636111111112,0.4614007812499999,0.7272727777777778,0.408671953125,0.8648102777777779,2,0.737313046875,0.8829111111111112,2,0.528273125,0.5216718055555556,2,0.5985440625,0.5098198611111111,2,0.629549921875,0.6050840277777778,2,0.667261328125,0.5694444444444444,2,0.685555234375,0.6371429166666667,2
WIN_20251109_20_43_47_Pro_mp4-0190_jpg.rf.88ce426f628b631da750116bfc40836d,test,3,nghieng_trai,test\images\WIN_20251109_20_43_47_Pro_mp4-0190_jpg.rf.88ce426f628b631da750116bfc40836d.jpg,0.584765625,0.5833333333333334,0.53828125,0.8333333333333334,0.420535703125,0.8402794444444445,2,0.728571484375,0.8656912499999999,2,0.525892890625,0.5115147222222222,2,0.60267859375,0.5146911111111111,2,0.62767859375,0.6179265277777778,2,0.675000078125,0.576632361111111,2,0.685714296875,0.6528677777777777,2
WIN_20251109_20_43_47_Pro_mp4-0191_jpg.rf.deb8ac52a1e0defe995ad0a60c7f4575,test,3,nghieng_trai,test\images\WIN_20251109_20_43_47_Pro_mp4-0191_jpg.rf.deb8ac52a1e0defe995ad0a60c7f4575.jpg,0.569140625,0.6340277777777777,0.44296875,0.7319444444444444,0.391964296875,0.8334816666666667,2,0.74107140625,0.8683866666666666,2,0.5383928906250001,0.5114036111111111,2,0.6133928125,0.5225098611111112,2,0.6419643749999999,0.6319845833333334,2,0.68214296875,0.5986661111111111,2,0.69375,0.6589568055555556,2
WIN_20251109_20_43_47_Pro_mp4-0192_jpg.rf.cb2397a7f3f577f3d4049c7e0a011c44,test,3,nghieng_trai,test\images\WIN_20251109_20_43_47_Pro_mp4-0192_jpg.rf.cb2397a7f3f577f3d4049c7e0a011c44.jpg,0.561160703125,0.6180290277777778,0.4651786718750001,0.646348888888889,0.392857109375,0.8411734722222223,2,0.7258928906250001,0.864990138888889,2,0.536607109375,0.5140918055555556,2,0.6133928125,0.5267940277777777,2,0.643750078125,0.6125338888888889,2,0.679464375,0.5998316666666667,2,0.69642859375,0.6522281944444445,2
WIN_20251109_20_43_47_Pro_mp4-0193_jpg.rf.d126c87bea3c7e652aa703bb75504554,test,3,nghieng_trai,test\images\WIN_20251109_20_43_47_Pro_mp4-0193_jpg.rf.d126c87bea3c7e652aa703bb75504554.jpg,0.585546875,0.5902777777777778,0.56015625,0.8194444444444444,0.398214296875,0.8720441666666667,2,0.72767859375,0.8688677777777778,2,0.536607109375,0.50675,2,0.612500078125,0.5273970833333333,2,0.6205357031250001,0.6274559722222223,2,0.6758928125,0.6099852777777778,2,0.685714296875,0.6846325,2
WIN_20251109_20_43_47_Pro_mp4-0194_jpg.rf.66cfe9b327e467151ee22d543cdbd261,test,3,nghieng_trai,test\images\WIN_20251109_20_43_47_Pro_mp4-0194_jpg.rf.66cfe9b327e467151ee22d543cdbd261.jpg,0.596651796875,0.5944444444444444,0.528125078125,0.8111111111111111,0.39017859375,0.8339194444444444,2,0.7151785937499999,0.8498018055555556,2,0.536607109375,0.5130959722222223,2,0.60803578125,0.5289783333333333,2,0.6294642968749999,0.635390138888889,2,0.6723214843750001,0.6147429166666666,2,0.68482140625,0.6878018055555556,2
WIN_20251109_20_43_47_Pro_mp4-0195_jpg.rf.8a8e286292826b806e93779918658f74,test,2,nghieng_phai,test\images\WIN_20251109_20_43_47_Pro_mp4-0195_jpg.rf.8a8e286292826b806e93779918658f74.jpg,0.55344875,0.6477272222222222,0.4691134374999999,0.7045454166666667,0.401292265625,0.8497475000000001,2,0.71528484375,0.8864523611111111,2,0.5377446875,0.5199702777777778,2,0.609042109375,0.53225125,2,0.6367215625,0.6324573611111112,2,0.673583984375,0.6018486111111111,2,0.68753609375,0.66851125,2
WIN_20251109_20_43_47_Pro_mp4-0196_jpg.rf.6f3aa85d4a4c6b89146fc9afdaafc80c,test,2,nghieng_phai,test\images\WIN_20251109_20_43_47_Pro_mp4-0196_jpg.rf.6f3aa85d4a4c6b89146fc9afdaafc80c.jpg,0.5564796875,0.6464645833333333,0.4652321875,0.7070706944444445,0.39829046875,0.8681541666666667,2,0.72073921875,0.9003955555555556,2,0.538565859375,0.5207445833333334,2,0.6129788281249999,0.5303819444444444,2,0.638630234375,0.6267361111111112,2,0.6747353125,0.6032197222222222,2,0.68806875,0.6846491666666666,2
WIN_20251109_20_43_47_Pro_mp4-0197_jpg.rf.ba180fd107b9fc4b8702367faab66b8f,test,3,nghieng_trai,test\images\WIN_20251109_20_43_47_Pro_mp4-0197_jpg.rf.ba180fd107b9fc4b8702367faab66b8f.jpg,0.56450890625,0.5999665277777778,0.43705359374999997,0.6157869444444445,0.388392890625,0.8284712499999999,2,0.71607140625,0.8554633333333332,2,0.5321428125,0.5061529166666666,2,0.607142890625,0.5236184722222222,2,0.628571484375,0.6204727777777778,2,0.666964296875,0.5903050000000001,2,0.6839285937499999,0.6665183333333333,2
WIN_20251109_20_43_47_Pro_mp4-0198_jpg.rf.a6170e9b8a74fe03402369e269fc09a2,test,3,nghieng_trai,test\images\WIN_20251109_20_43_47_Pro_mp4-0198_jpg.rf.a6170e9b8a74fe03402369e269fc09a2.jpg,0.5603796875,0.6071618055555557,0.4345983593750001,0.6523034722222223,0.392857265625,0.8348713888888889,2,0.716964453125,0.8634513888888888,2,0.533035859375,0.5030263888888888,2,0.5937501562499999,0.5204919444444445,2,0.6160715625,0.5967051388888889,2,0.663393046875,0.5982930555555556,2,0.6946428906250001,0.6427016666666667,2
WIN_20251109_20_43_47_Pro_mp4-0199_jpg.rf.033f5e9b1f846e50280c0932f3686d4a,test,3,nghieng_trai,test\images\WIN_20251109_20_43_47_Pro_mp4-0199_jpg.rf.033f5e9b1f846e50280c0932f3686d4a.jpg,0.560267890625,0.6229170833333334,0.4330358593749999,0.7509927777777777,0.388392890625,0.824373888888889,2,0.72678578125,0.8719715277777778,2,0.5321428125,0.5134019444444444,2,0.5973214062500001,0.5165751388888888,2,0.614285703125,0.6054244444444444,2,0.6633928906250001,0.5927315277777778,2,0.685714296875,0.6657147222222222,2
WIN_20251109_20_43_47_Pro_mp4-0200_jpg.rf.2aa81e94e2e18fd963334dede6ae95ab,test,3,nghieng_trai,test\images\WIN_20251109_20_43_47_Pro_mp4-0200_jpg.rf.2aa81e94e2e18fd963334dede6ae95ab.jpg,0.5877232812500001,0.5994047222222221,0.5191964843750001,0.8011904166666666,0.392857109375,0.8450441666666666,2,0.7258928906250001,0.8672795833333333,2,0.53303578125,0.5083381944444444,2,0.5928571875,0.517867638888889,2,0.614285703125,0.6163381944444445,2,0.659821484375,0.5941029166666667,2,0.6919642968749999,0.6560441666666667,2
WIN_20251109_20_43_47_Pro_mp4-0201_jpg.rf.98421ca896bdae95e1e6f9c652c1785e,test,3,nghieng_trai,test\images\WIN_20251109_20_43_47_Pro_mp4-0201_jpg.rf.98421ca896bdae95e1e6f9c652c1785e.jpg,0.567857109375,0.61577375,0.4392857031249999,0.7684523611111111,0.392857109375,0.8271352777777778,2,0.7339285156249999,0.8699731944444445,2,0.53303578125,0.5034706944444445,2,0.5973214062500001,0.5193366666666667,2,0.616964375,0.6050125,2,0.6633928906250001,0.5859734722222222,2,0.68482140625,0.6700627777777778,2
WIN_20251109_20_43_47_Pro_mp4-0202_jpg.rf.7eeff1f59e6eef73a2aecef656fc28f3,test,2,nghieng_phai,test\images\WIN_20251109_20_43_47_Pro_mp4-0202_jpg.rf.7eeff1f59e6eef73a2aecef656fc28f3.jpg,0.552734375,0.6451388888888889,0.46484375,0.7097222222222223,0.40272382812499996,0.8525193055555556,2,0.72379375,0.9084151388888889,2,0.534409921875,0.5197581944444445,2,0.5936917187499999,0.5216766666666667,2,0.614626796875,0.6156043055555556,2,0.659795625,0.5921125,2,0.6854164843749999,0.6676629166666667,2
WIN_20251109_20_43_47_Pro_mp4-0203_jpg.rf.88b484cea29ca8d1528116f59a968bec,test,3,nghieng_trai,test\images\WIN_20251109_20_43_47_Pro_mp4-0203_jpg.rf.88b484cea29ca8d1528116f59a968bec.jpg,0.56428578125,0.6047275,0.44642874999999993,0.6538983333333332,0.39017859375,0.8395856944444445,2,0.7116071093749999,0.8538756944444443,2,0.5267857031250001,0.5093284722222222,2,0.591964296875,0.5236184722222222,2,0.611607109375,0.5998316666666667,2,0.6616071875,0.5823661111111111,2,0.691071484375,0.65540375,2
WIN_20251109_20_43_47_Pro_mp4-0204_jpg.rf.afa73cba6d9c88d91af54fe1b3614b13,test,3,nghieng_trai,test\images\WIN_20251109_20_43_47_Pro_mp4-0204_jpg.rf.afa73cba6d9c88d91af54fe1b3614b13.jpg,0.558705390625,0.63859125,0.44330367187499997,0.7228174999999999,0.3875,0.8287219444444445,2,0.72678578125,0.8699731944444445,2,0.53303578125,0.5193366666666667,2,0.5946428125,0.5225098611111112,2,0.61875,0.6177052777777777,2,0.666071484375,0.5939063888888889,2,0.6883928906250001,0.6668897222222222,2
WIN_20251109_20_43_47_Pro_mp4-0205_jpg.rf.ccb1a76a460924f72577aa1217422513,test,2,nghieng_phai,test\images\WIN_20251109_20_43_47_Pro_mp4-0205_jpg.rf.ccb1a76a460924f72577aa1217422513.jpg,0.55501625,0.6401515277777778,0.463725703125,0.7196969444444444,0.395957265625,0.8561790277777778,2,0.72214578125,0.8887162500000001,2,0.5335055468750001,0.5207347222222222,2,0.590828671875,0.5245768055555555,2,0.61129203125,0.61818875,2,0.657995078125,0.5953529166666667,2,0.6851584374999999,0.66614875,2
WIN_20251109_20_43_47_Pro_mp4-0206_jpg.rf.d14bf3116ce0f3d8fa71fbac25c085d1,test,2,nghieng_phai,test\images\WIN_20251109_20_43_47_Pro_mp4-0206_jpg.rf.d14bf3116ce0f3d8fa71fbac25c085d1.jpg,0.555826328125,0.6445706944444444,0.46108453125000004,0.7108586111111111,0.392236875,0.8713156944444445,2,0.71373953125,0.8967605555555556,2,0.5317021875,0.5192451388888889,2,0.5898160156250001,0.5248875,2,0.612055,0.6218138888888889,2,0.656610625,0.5899966666666666,2,0.682453515625,0.6629674999999999,2
WIN_20251109_20_43_47_Pro_mp4-0207_jpg.rf.c2621fe9fcc5566dcc42d0bdccb295d1,test,3,nghieng_trai,test\images\WIN_20251109_20_43_47_Pro_mp4-0207_jpg.rf.c2621fe9fcc5566dcc42d0bdccb295d1.jpg,0.555915078125,0.6023434722222222,0.43816953124999997,0.6364376388888888,0.385714296875,0.8364101388888888,2,0.7232142968749999,0.8618144444444444,2,0.523214296875,0.5172673611111112,2,0.5866071875000001,0.5188551388888889,2,0.6098214843750001,0.6093583333333333,2,0.6526785937499999,0.5823661111111111,2,0.69642859375,0.6172972222222223,2
WIN_20251109_20_43_47_Pro_mp4-0208_jpg.rf.46308eab0ad58187e7f012310fbdc1f4,test,3,nghieng_trai,test\images\WIN_20251109_20_43_47_Pro_mp4-0208_jpg.rf.46308eab0ad58187e7f012310fbdc1f4.jpg,0.60078125,0.5984126388888888,0.516294609375,0.8031745833333334,0.388392890625,0.8434559722222222,2,0.725,0.8656912499999999,2,0.5276785937499999,0.517867638888889,2,0.5866071875000001,0.5258087499999999,2,0.6053571875,0.6179265277777778,2,0.6616071875,0.5941029166666667,2,0.691071484375,0.6512794444444444,2
WIN_20251109_20_43_47_Pro_mp4-0209_jpg.rf.2e79172367d2d33b86f8991c52609117,test,3,nghieng_trai,test\images\WIN_20251109_20_43_47_Pro_mp4-0209_jpg.rf.2e79172367d2d33b86f8991c52609117.jpg,0.55747765625,0.6375991666666666,0.43861609375,0.7248015277777777,0.394642890625,0.8366548611111111,2,0.72767859375,0.86045375,2,0.53125,0.5161634722222223,2,0.591964296875,0.5209231944444445,2,0.616964375,0.6113590277777777,2,0.6616071875,0.5828002777777778,2,0.6883928906250001,0.6557834722222222,2
WIN_20251109_20_43_47_Pro_mp4-0210_jpg.rf.06294f684beb20c2537e7920ae73fc0f,test,3,nghieng_trai,test\images\WIN_20251109_20_43_47_Pro_mp4-0210_jpg.rf.06294f684beb20c2537e7920ae73fc0f.jpg,0.55794734375,0.6392291666666666,0.46958781250000003,0.720377638888889,0.40671328124999995,0.8591086111111111,2,0.7339810156250001,0.8989849999999999,2,0.529948828125,0.5263080555555556,2,0.5898465625,0.5239208333333334,2,0.6122408593750001,0.6142430555555556,2,0.6571655468750001,0.58675125,2,0.68912578125,0.6488518055555555,2
WIN_20251109_20_43_47_Pro_mp4-0211_jpg.rf.725e4d1c0936dfc85019c5c8f0838a4b,test,2,nghieng_phai,test\images\WIN_20251109_20_43_47_Pro_mp4-0211_jpg.rf.725e4d1c0936dfc85019c5c8f0838a4b.jpg,0.56356671875,0.6405115277777778,0.46811468749999996,0.7189769444444445,0.40520960937500006,0.8537079166666667,2,0.73157015625,0.8941366666666667,2,0.537433984375,0.5208333333333334,2,0.5990572656250001,0.5236101388888889,2,0.624020625,0.6211726388888889,2,0.668703984375,0.5894047222222222,2,0.6964777343749999,0.6493154166666666,2
WIN_20251109_20_43_47_Pro_mp4-0212_jpg.rf.ea4cc94f5b619fa8ca608d92f8f0a2bd,test,3,nghieng_trai,test\images\WIN_20251109_20_43_47_Pro_mp4-0212_jpg.rf.ea4cc94f5b619fa8ca608d92f8f0a2bd.jpg,0.60033484375,0.6306547222222221,0.470758984375,0.7386904166666666,0.41517859375,0.8096829166666667,2,0.7544642968749999,0.8985319444444444,2,0.5625,0.5161634722222223,2,0.63303578125,0.5225098611111112,2,0.6616071875,0.6208784722222223,2,0.706250078125,0.5986661111111111,2,0.716964296875,0.6700627777777778,2
WIN_20251109_20_43_47_Pro_mp4-0213_jpg.rf.6a83f452c52ca1aa96eae86870bd6277,test,1,nga_trai,test\images\WIN_20251109_20_43_47_Pro_mp4-0213_jpg.rf.6a83f452c52ca1aa96eae86870bd6277.jpg,0.604464296875,0.6267522222222222,0.4607142968749999,0.651131111111111,0.43125,0.8078301388888889,2,0.753571484375,0.8951577777777777,2,0.5901785937499999,0.5220306944444444,2,0.668750078125,0.5347329166666667,2,0.69642859375,0.6220605555555555,2,0.737500078125,0.6030073611111111,2,0.75892859375,0.6490527777777777,2
WIN_20251109_20_43_47_Pro_mp4-0214_jpg.rf.86be6c1a369b272fb581da89b33d23b2,test,1,nga_trai,test\images\WIN_20251109_20_43_47_Pro_mp4-0214_jpg.rf.86be6c1a369b272fb581da89b33d23b2.jpg,0.620870546875,0.6313209722222223,0.4779017968749999,0.6832758333333332,0.448214296875,0.7903645833333334,2,0.7669643749999999,0.8983333333333333,2,0.6151786718750001,0.5347329166666667,2,0.705357109375,0.53949625,2,0.728571484375,0.6427016666666667,2,0.77589296875,0.6268240277777778,2,0.7866071875,0.6728693055555556,2
WIN_20251109_20_43_47_Pro_mp4-0215_jpg.rf.cc1d4ab7c2c1bd921ff8ddca4b5f30f8,test,1,nga_trai,test\images\WIN_20251109_20_43_47_Pro_mp4-0215_jpg.rf.cc1d4ab7c2c1bd921ff8ddca4b5f30f8.jpg,0.631473203125,0.6261904166666666,0.54419640625,0.7476190277777778,0.46964281249999995,0.7815148611111111,2,0.7866071875,0.91969125,2,0.6464286718750001,0.5305734722222222,2,0.72767859375,0.5559852777777777,2,0.748214296875,0.6496912499999999,2,0.791964296875,0.6401618055555556,2,0.78928578125,0.72275,2
WIN_20251109_20_43_47_Pro_mp4-0216_jpg.rf.f8ee13f997ffb88316542416d88494ef,test,1,nga_trai,test\images\WIN_20251109_20_43_47_Pro_mp4-0216_jpg.rf.f8ee13f997ffb88316542416d88494ef.jpg,0.658203125,0.6548611111111111,0.48671875,0.6902777777777778,0.47857140625000005,0.7688609722222222,2,0.801785703125,0.9655981944444444,2,0.6607142968749999,0.5403918055555555,2,0.7428571093749999,0.5657772222222223,2,0.7669643749999999,0.6641459722222222,2,0.80714296875,0.6498665277777778,2,0.8053571093749999,0.7133302777777778,2
WIN_20251109_20_43_47_Pro_mp4-0217_jpg.rf.0607e7199475a0afc88d90f2373a4108,test,1,nga_trai,test\images\WIN_20251109_20_43_47_Pro_mp4-0217_jpg.rf.0607e7199475a0afc88d90f2373a4108.jpg,0.669419609375,0.6504959722222222,0.4950892968750001,0.6990079166666667,0.49107140625,0.7652581944444444,2,0.80714296875,0.9493027777777778,2,0.6678571875,0.5383756944444444,2,0.7508928906250001,0.5732806944444444,2,0.77232140625,0.662129861111111,2,0.81517859375,0.6589568055555556,2,0.8133928906250001,0.7192470833333333,2
WIN_20251109_20_43_47_Pro_mp4-0218_jpg.rf.d5da560206e4f06083a38843c6870ea9,test,1,nga_trai,test\images\WIN_20251109_20_43_47_Pro_mp4-0218_jpg.rf.d5da560206e4f06083a38843c6870ea9.jpg,0.65524546875,0.6606981944444444,0.48950875000000005,0.6658030555555555,0.495535703125,0.7728991666666667,2,0.791071484375,0.950729861111111,2,0.66517859375,0.5521984722222222,2,0.74732140625,0.5680761111111111,2,0.7669643749999999,0.6585793055555555,2,0.80982140625,0.6442893055555555,2,0.831250078125,0.7093880555555556,2
WIN_20251109_20_43_47_Pro_mp4-0219_jpg.rf.d2b4a93fde7beb2b54c8e07fae36f06e,test,1,nga_trai,test\images\WIN_20251109_20_43_47_Pro_mp4-0219_jpg.rf.d2b4a93fde7beb2b54c8e07fae36f06e.jpg,0.65,0.6111111111111112,0.7,0.775,0.50982140625,0.7862794444444445,2,0.7964285156249999,0.9149266666666667,2,0.68125,0.5464558333333334,2,0.751785703125,0.56869125,2,0.7669643749999999,0.6735147222222223,2,0.80982140625,0.6496912499999999,2,0.816071484375,0.7386323611111111,2
WIN_20251109_20_43_47_Pro_mp4-0220_jpg.rf.6c17bb01588fb5615d99e390c74e0f16,test,1,nga_trai,test\images\WIN_20251109_20_43_47_Pro_mp4-0220_jpg.rf.6c17bb01588fb5615d99e390c74e0f16.jpg,0.683035625,0.6110822222222222,0.48392843750000003,0.7205779166666667,0.490625078125,0.7685297222222223,2,0.80580359375,0.9257194444444445,2,0.678125,0.5351268055555555,2,0.76026796875,0.5668823611111111,2,0.7808035156249999,0.6716755555555556,2,0.82544640625,0.6589733333333333,2,0.840625078125,0.7018431944444444,2
WIN_20251109_20_43_47_Pro_mp4-0221_jpg.rf.80db4fc84f39bb560ca5832370867675,test,1,nga_trai,test\images\WIN_20251109_20_43_47_Pro_mp4-0221_jpg.rf.80db4fc84f39bb560ca5832370867675.jpg,0.652734375,0.6180555555555556,0.59453125,0.7638888888888888,0.51875,0.7744390277777777,2,0.8089285937499999,0.9269097222222222,2,0.6839285937499999,0.5377919444444444,2,0.770535703125,0.5806743055555555,2,0.793750078125,0.690262638888889,2,0.835714375,0.6759684722222222,2,0.8267857812500001,0.7633213888888889,2
WIN_20251109_20_43_47_Pro_mp4-0222_jpg.rf.8b5fce5fbf9d2b8ffab3849ee9786375,test,1,nga_trai,test\images\WIN_20251109_20_43_47_Pro_mp4-0222_jpg.rf.8b5fce5fbf9d2b8ffab3849ee9786375.jpg,0.69720984375,0.6643848611111112,0.5037946874999999,0.6712301388888889,0.513392890625,0.7604984722222222,2,0.816071484375,0.9794480555555555,2,0.69375,0.541548888888889,2,0.7767857031250001,0.5764538888888889,2,0.7982143749999999,0.6875152777777778,2,0.83482140625,0.6732359722222222,2,0.83482140625,0.7287666666666667,2
WIN_20251109_20_43_47_Pro_mp4-0223_jpg.rf.77975d582b2ea7f6b952859b81172cdb,test,1,nga_trai,test\images\WIN_20251109_20_43_47_Pro_mp4-0223_jpg.rf.77975d582b2ea7f6b952859b81172cdb.jpg,0.681473203125,0.6386923611111112,0.535267890625,0.6113727777777779,0.5035714062500001,0.7538458333333333,2,0.808035703125,0.9157988888888888,2,0.68482140625,0.53949625,2,0.7669643749999999,0.5696640277777778,2,0.784821484375,0.6712815277777777,2,0.830357109375,0.66969375,2,0.8366071093749999,0.7300293055555555,2
WIN_20251109_20_43_47_Pro_mp4-0224_jpg.rf.9a52c9ecda76732d1ede45c236c0e7eb,test,1,nga_trai,test\images\WIN_20251109_20_43_47_Pro_mp4-0224_jpg.rf.9a52c9ecda76732d1ede45c236c0e7eb.jpg,0.69799109375,0.6581816666666667,0.49151781250000004,0.6201258333333333,0.50982140625,0.7824747222222223,2,0.80982140625,0.93648875,2,0.685714296875,0.5299695833333333,2,0.767857109375,0.5791906944444444,2,0.7875,0.6856204166666667,2,0.831250078125,0.6633426388888889,2,0.84375,0.7236780555555555,2
WIN_20251109_20_43_47_Pro_mp4-0225_jpg.rf.21c54683b5cf81f9a9b2b4b692bd3c5c,test,1,nga_trai,test\images\WIN_20251109_20_43_47_Pro_mp4-0225_jpg.rf.21c54683b5cf81f9a9b2b4b692bd3c5c.jpg,0.6959821093749999,0.6614898611111111,0.4901784375000001,0.6546933333333335,0.512946484375,0.7538481944444445,2,0.800446484375,0.9348544444444444,2,0.682589296875,0.5426741666666667,2,0.765625,0.5712541666666666,2,0.78794640625,0.677635,2,0.831696484375,0.6633450000000001,2,0.848660703125,0.7093905555555555,2
WIN_20251109_20_43_47_Pro_mp4-0226_jpg.rf.4a7deac059411fd763dcef690b86f775,test,2,nghieng_phai,test\images\WIN_20251109_20_43_47_Pro_mp4-0226_jpg.rf.4a7deac059411fd763dcef690b86f775.jpg,0.644355078125,0.6780302777777778,0.53871015625,0.6439394444444444,0.527904140625,0.7874841666666667,2,0.8019021093750001,0.9603801388888888,2,0.6912675,0.5472104166666666,2,0.770560546875,0.5823469444444445,2,0.792805078125,0.6830906944444445,2,0.8296896874999999,0.6679243055555556,2,0.834170234375,0.7346166666666666,2
WIN_20251109_20_43_47_Pro_mp4-0227_jpg.rf.c7dc4ea772ed457b3e14cbd25076ba3c,test,1,nga_trai,test\images\WIN_20251109_20_43_47_Pro_mp4-0227_jpg.rf.c7dc4ea772ed457b3e14cbd25076ba3c.jpg,0.6487723437499999,0.6261379166666666,0.5720982031249999,0.7395773611111114,0.525892890625,0.7831030555555556,2,0.8053571093749999,0.9308090277777777,2,0.68482140625,0.5337500000000001,2,0.775,0.5782205555555555,2,0.784821484375,0.6878088888888889,2,0.831250078125,0.6735147222222223,2,0.8241071874999999,0.7465736111111111,2
WIN_20251109_20_43_47_Pro_mp4-0228_jpg.rf.6fb43a5dd0ca016b57a5ce43149ea65c,test,1,nga_trai,test\images\WIN_20251109_20_43_47_Pro_mp4-0228_jpg.rf.6fb43a5dd0ca016b57a5ce43149ea65c.jpg,0.67857140625,0.6574404166666666,0.4910714062500001,0.6851190277777778,0.506250078125,0.7606927777777778,2,0.82053578125,0.9701227777777777,2,0.69017859375,0.5433297222222222,2,0.7696428125,0.5766481944444444,2,0.791071484375,0.6750169444444445,2,0.829464375,0.6670838888888889,2,0.8276785156249999,0.7479999999999999,2
WIN_20251109_20_43_47_Pro_mp4-0229_jpg.rf.7eb13e57274b91aff20d10ecc8d71503,test,1,nga_trai,test\images\WIN_20251109_20_43_47_Pro_mp4-0229_jpg.rf.7eb13e57274b91aff20d10ecc8d71503.jpg,0.640960703125,0.6792929166666666,0.543285,0.6414141666666667,0.524796953125,0.7802143055555555,2,0.8088157031250001,0.9803306944444445,2,0.692601953125,0.5497109722222222,2,0.767697421875,0.58148375,2,0.789592421875,0.6882102777777778,2,0.82700140625,0.6641069444444444,2,0.836595,0.7257980555555557,2
WIN_20251109_20_43_47_Pro_mp4-0230_jpg.rf.eab5ad91c4e1fbedc30108567347867e,test,1,nga_trai,test\images\WIN_20251109_20_43_47_Pro_mp4-0230_jpg.rf.eab5ad91c4e1fbedc30108567347867e.jpg,0.641015625,0.6729166666666667,0.53984375,0.6541666666666667,0.5151478125,0.7906259722222223,2,0.8049455468750001,0.9737709722222222,2,0.68515015625,0.5498638888888888,2,0.76370515625,0.5758216666666667,2,0.7855890624999999,0.6821831944444444,2,0.8219271875,0.6578677777777778,2,0.8337874218750001,0.7189570833333333,2
WIN_20251109_20_43_47_Pro_mp4-0231_jpg.rf.612f2c18e48cc076015dee8ecf57817b,test,1,nga_trai,test\images\WIN_20251109_20_43_47_Pro_mp4-0231_jpg.rf.612f2c18e48cc076015dee8ecf57817b.jpg,0.6180803125,0.5934523611111111,0.6602678124999999,0.8130952777777777,0.4928571875,0.7926323611111111,2,0.80982140625,0.9117501388888889,2,0.65892859375,0.5512205555555556,2,0.74107140625,0.5655147222222222,2,0.7553571875,0.6623970833333334,2,0.802678671875,0.6496912499999999,2,0.804464375,0.72275,2
WIN_20251109_20_43_47_Pro_mp4-0232_jpg.rf.756169935e87b78cf0337c6df7d356ad,test,1,nga_trai,test\images\WIN_20251109_20_43_47_Pro_mp4-0232_jpg.rf.756169935e87b78cf0337c6df7d356ad.jpg,0.65435265625,0.63015875,0.5698660156249999,0.7396825,0.4928571875,0.7831030555555556,2,0.775,0.9006325000000001,2,0.626785703125,0.5321618055555556,2,0.697321484375,0.5401029166666667,2,0.7232142968749999,0.6401618055555556,2,0.770535703125,0.6179265277777778,2,0.7767857031250001,0.6846325,2
WIN_20251109_20_43_47_Pro_mp4-0233_jpg.rf.21c1d283c59fc37d88001c8bffc7f1bb,test,1,nga_trai,test\images\WIN_20251109_20_43_47_Pro_mp4-0233_jpg.rf.21c1d283c59fc37d88001c8bffc7f1bb.jpg,0.60625,0.6326388888888889,0.47142859375000007,0.7347222222222223,0.45982140625,0.7922302777777778,2,0.7821428906250001,0.93026375,2,0.5982142968749999,0.5447220833333334,2,0.6758928125,0.541548888888889,2,0.700000078125,0.6272248611111111,2,0.7464285937499999,0.5891465277777778,2,0.7544642968749999,0.6589568055555556,2
WIN_20251109_20_43_47_Pro_mp4-0234_jpg.rf.ef21cc3848431eac2dea11eee258ab51,test,3,nghieng_trai,test\images\WIN_20251109_20_43_47_Pro_mp4-0234_jpg.rf.ef21cc3848431eac2dea11eee258ab51.jpg,0.58470984375,0.6256944444444444,0.439508984375,0.7486111111111111,0.43392859375,0.7922302777777778,2,0.7714286718750001,0.9080515277777778,2,0.557142890625,0.5542416666666666,2,0.6258928906250001,0.5336158333333333,2,0.6625,0.6129454166666667,2,0.700892890625,0.5732806944444444,2,0.7151785937499999,0.6415041666666667,2
WIN_20251109_20_43_47_Pro_mp4-0235_jpg.rf.3f07873f24d6e9831f7cd9d1789046c6,test,4,thang,test\images\WIN_20251109_20_43_47_Pro_mp4-0235_jpg.rf.3f07873f24d6e9831f7cd9d1789046c6.jpg,0.558203125,0.6097222222222223,0.55390625,0.7805555555555556,0.42142859374999997,0.8434559722222222,2,0.74107140625,0.85775,2,0.517857109375,0.5559852777777777,2,0.575,0.5448676388888889,2,0.6178571093749999,0.6195147222222221,2,0.65625,0.5480441666666667,2,0.6928571875,0.5845736111111111,2
WIN_20251109_20_43_47_Pro_mp4-0236_jpg.rf.8e7d9b5752bcd3e030506529d7b05067,test,4,thang,test\images\WIN_20251109_20_43_47_Pro_mp4-0236_jpg.rf.8e7d9b5752bcd3e030506529d7b05067.jpg,0.581808046875,0.5822993055555555,0.45066968750000014,0.6320683333333332,0.41607140625000005,0.8173569444444444,2,0.72678578125,0.8713411111111111,2,0.497321484375,0.5855416666666666,2,0.548214296875,0.5347329166666667,2,0.5928571875,0.596656111111111,2,0.6294642968749999,0.5315573611111111,2,0.67053578125,0.5458473611111111,2
WIN_20251109_20_43_47_Pro_mp4-0237_jpg.rf.b82bc62da09c90f47f2e32fe8fbed9e6,test,4,thang,test\images\WIN_20251109_20_43_47_Pro_mp4-0237_jpg.rf.b82bc62da09c90f47f2e32fe8fbed9e6.jpg,0.5667410937499999,0.5815476388888888,0.44151781250000005,0.8369047222222222,0.412500078125,0.8371030555555555,2,0.72767859375,0.8513972222222221,2,0.484821484375,0.5750440277777777,2,0.536607109375,0.5448676388888889,2,0.583035703125,0.6052206944444444,2,0.6089285156249999,0.5321618055555556,2,0.6633928906250001,0.5337500000000001,2
WIN_20251109_20_43_47_Pro_mp4-0238_jpg.rf.a8a4ed5c7ecb7ff19d76dfa8f1a97a08,test,4,thang,test\images\WIN_20251109_20_43_47_Pro_mp4-0238_jpg.rf.a8a4ed5c7ecb7ff19d76dfa8f1a97a08.jpg,0.57622765625,0.5692161111111111,0.43861617187499996,0.7916076388888889,0.40267859375,0.8379979166666668,2,0.728571484375,0.8602268055555555,2,0.479464296875,0.5791906944444444,2,0.53392859375,0.5379084722222223,2,0.5741071875,0.6014194444444444,2,0.607142890625,0.5331451388888889,2,0.6571428906250001,0.5315573611111111,2
WIN_20251109_20_43_47_Pro_mp4-0239_jpg.rf.a34c8fe7d7d5b24a0304f918765d8172,test,4,thang,test\images\WIN_20251109_20_43_47_Pro_mp4-0239_jpg.rf.a34c8fe7d7d5b24a0304f918765d8172.jpg,0.575558046875,0.6256944444444444,0.4256696875000001,0.7486111111111111,0.40535718750000005,0.8398280555555555,2,0.7357143749999999,0.8715598611111111,2,0.483035703125,0.5891465277777778,2,0.5321428125,0.5494818055555555,2,0.576785703125,0.6097723611111111,2,0.60803578125,0.541548888888889,2,0.65625,0.5431355555555555,2
WIN_20251109_20_43_47_Pro_mp4-0240_jpg.rf.44cb4a0b2c01f4127f618372aa88aef7,test,4,thang,test\images\WIN_20251109_20_43_47_Pro_mp4-0240_jpg.rf.44cb4a0b2c01f4127f618372aa88aef7.jpg,0.569977734375,0.6053290277777778,0.442187578125,0.6780994444444446,0.403571484375,0.8300590277777778,2,0.7178571875,0.864990138888889,2,0.47857140625000005,0.5696640277777778,2,0.53303578125,0.5347329166666667,2,0.5785714843750001,0.6030073611111111,2,0.6098214843750001,0.5331451388888889,2,0.6571428906250001,0.5490227777777777,2
WIN_20251109_20_43_47_Pro_mp4-0241_jpg.rf.d6a76bb3d2abf35253432c0e6e35063a,test,4,thang,test\images\WIN_20251109_20_43_47_Pro_mp4-0241_jpg.rf.d6a76bb3d2abf35253432c0e6e35063a.jpg,0.5659597656249999,0.57338,0.4377231250000001,0.6435552777777779,0.40803578125,0.8316468055555556,2,0.7303571875,0.8554633333333332,2,0.4803571875,0.5728394444444445,2,0.5357142968749999,0.5363206944444444,2,0.579464296875,0.5998316666666667,2,0.612500078125,0.5379084722222223,2,0.65892859375,0.5601372222222223,2
WIN_20251109_20_43_47_Pro_mp4-0242_jpg.rf.31ac327eac44c12e195f6e447146daaa,test,4,thang,test\images\WIN_20251109_20_43_47_Pro_mp4-0242_jpg.rf.31ac327eac44c12e195f6e447146daaa.jpg,0.583258984375,0.6177579166666667,0.4299107812500001,0.7644841666666666,0.40625,0.8366548611111111,2,0.7464285937499999,0.8699731944444445,2,0.49017859374999995,0.5875601388888889,2,0.54375,0.54630875,2,0.58392859375,0.6081856944444445,2,0.616964375,0.5399622222222222,2,0.666071484375,0.5701075,2
WIN_20251109_20_43_47_Pro_mp4-0243_jpg.rf.4bd33b5d20c9be4617326b1dc355dd6a,test,4,thang,test\images\WIN_20251109_20_43_47_Pro_mp4-0243_jpg.rf.4bd33b5d20c9be4617326b1dc355dd6a.jpg,0.5790178906250001,0.5977876388888889,0.43839289062500003,0.696357638888889,0.41339289062500006,0.8538756944444443,2,0.730357265625,0.87134125,2,0.48303578125,0.5823661111111111,2,0.541071484375,0.5490229166666667,2,0.580357109375,0.618885,2,0.616071484375,0.5458473611111111,2,0.665178671875,0.5696640277777778,2
WIN_20251109_20_43_47_Pro_mp4-0244_jpg.rf.005e8c3d0b932d61bc18bd82a3ee7d6f,test,4,thang,test\images\WIN_20251109_20_43_47_Pro_mp4-0244_jpg.rf.005e8c3d0b932d61bc18bd82a3ee7d6f.jpg,0.5719063281250001,0.6329925,0.45631273437499986,0.730631527777778,0.421594765625,0.8547240277777778,2,0.739590703125,0.8988616666666667,2,0.49778328125,0.5855281944444445,2,0.542680234375,0.5431709722222222,2,0.5887728906249999,0.6097645833333334,2,0.6216125781249999,0.5420168055555555,2,0.6680270312500001,0.5649463888888888,2
WIN_20251109_20_43_47_Pro_mp4-0245_jpg.rf.f0f2fa4ef7b6f360b0c4c690faea3124,test,4,thang,test\images\WIN_20251109_20_43_47_Pro_mp4-0245_jpg.rf.f0f2fa4ef7b6f360b0c4c690faea3124.jpg,0.572209765625,0.6071055555555556,0.42879468749999994,0.6777222222222222,0.40714281249999995,0.8364101388888888,2,0.74107140625,0.8665779166666667,2,0.48392859374999997,0.5712518055555555,2,0.541964296875,0.5299695833333333,2,0.5866071875000001,0.604595,2,0.626785703125,0.5347329166666667,2,0.6732143749999999,0.5569616666666667,2
WIN_20251109_20_43_47_Pro_mp4-0246_jpg.rf.73db123b692f9209acf32637c8e41675,test,1,nga_trai,test\images\WIN_20251109_20_43_47_Pro_mp4-0246_jpg.rf.73db123b692f9209acf32637c8e41675.jpg,0.5721171875,0.6332070833333334,0.4567343749999999,0.7335858333333333,0.42340640625,0.8476711111111112,2,0.7341031250000001,0.8978012500000001,2,0.49998609375,0.5895970833333334,2,0.546425546875,0.5459526388888889,2,0.58746890625,0.6108052777777778,2,0.622755546875,0.5387172222222222,2,0.66988578125,0.5606948611111111,2
WIN_20251109_20_43_47_Pro_mp4-0247_jpg.rf.75c5e0d7344d3a813ede11cb2dcc2ab8,test,4,thang,test\images\WIN_20251109_20_43_47_Pro_mp4-0247_jpg.rf.75c5e0d7344d3a813ede11cb2dcc2ab8.jpg,0.584598203125,0.5979941666666666,0.4575893750000001,0.6800670833333334,0.40892859374999996,0.8252956944444444,2,0.732142890625,0.8586390277777778,2,0.4875,0.5696640277777778,2,0.545535703125,0.5442595833333334,2,0.5866071875000001,0.6125338888888889,2,0.625,0.5363206944444444,2,0.669642890625,0.5601372222222223,2
WIN_20251109_20_43_47_Pro_mp4-0248_jpg.rf.6b551896c3ab9136bf7c51a84be150eb,test,4,thang,test\images\WIN_20251109_20_43_47_Pro_mp4-0248_jpg.rf.6b551896c3ab9136bf7c51a84be150eb.jpg,0.583705390625,0.5924602777777777,0.46651789062500015,0.8150793055555555,0.40892859374999996,0.8477219444444444,2,0.720535703125,0.8477219444444444,2,0.49375,0.5809356944444445,2,0.54107140625,0.541229861111111,2,0.591964296875,0.6127004166666666,2,0.61964296875,0.5396416666666666,2,0.669642890625,0.5587005555555555,2
WIN_20251109_20_43_47_Pro_mp4-0249_jpg.rf.2ae58eb357b80c0f880895ec2f46bfd3,test,4,thang,test\images\WIN_20251109_20_43_47_Pro_mp4-0249_jpg.rf.2ae58eb357b80c0f880895ec2f46bfd3.jpg,0.5780134375,0.6177579166666667,0.45290187500000006,0.7644841666666666,0.41160710937499995,0.8366548611111111,2,0.74464296875,0.8810794444444444,2,0.495535703125,0.5859734722222222,2,0.549107109375,0.5383756944444444,2,0.5901785937499999,0.6050125,2,0.6258928906250001,0.5447220833333334,2,0.6714285156249999,0.5716943055555556,2
WIN_20251109_20_43_47_Pro_mp4-0250_jpg.rf.ec9d09ba6e55dbfb56b2e51d00d8211b,test,4,thang,test\images\WIN_20251109_20_43_47_Pro_mp4-0250_jpg.rf.ec9d09ba6e55dbfb56b2e51d00d8211b.jpg,0.5827008593749999,0.6168304166666667,0.4328125,0.6900279166666667,0.41629460937499996,0.84276375,2,0.7261160156249999,0.8697556944444444,2,0.49040179687499996,0.5712541666666666,2,0.543973203125,0.5394986111111112,2,0.5904017968749999,0.6014218055555556,2,0.6225446875,0.5363230555555556,2,0.6725446093749999,0.5601395833333334,2
WIN_20251109_20_43_47_Pro_mp4-0251_jpg.rf.3ec24e31838665b9230bd24bcc9f5233,test,4,thang,test\images\WIN_20251109_20_43_47_Pro_mp4-0251_jpg.rf.3ec24e31838665b9230bd24bcc9f5233.jpg,0.5733259375,0.5944444444444444,0.48370539062500006,0.8111111111111111,0.41964289062500004,0.8450441666666666,2,0.7357143749999999,0.8736323611111112,2,0.49107140625,0.56869125,2,0.54642859375,0.5432794444444444,2,0.58392859375,0.6131619444444445,2,0.625,0.5401029166666667,2,0.666964296875,0.5718676388888889,2
WIN_20251109_20_43_47_Pro_mp4-0252_jpg.rf.6d0c7553efffa138d93751fcb05549b3,test,4,thang,test\images\WIN_20251109_20_43_47_Pro_mp4-0252_jpg.rf.6d0c7553efffa138d93751fcb05549b3.jpg,0.57265625,0.6270833333333333,0.434375,0.7458333333333333,0.40982140625,0.8414147222222221,2,0.74107140625,0.8826659722222222,2,0.489285703125,0.5907331944444445,2,0.5303571875,0.5431355555555555,2,0.573214296875,0.6065991666666667,2,0.6151786718750001,0.5447220833333334,2,0.65892859375,0.5558281944444444,2
WIN_20251109_20_43_47_Pro_mp4-0253_jpg.rf.cc9ad17cbacf9ced3b06520dd0596d19,test,4,thang,test\images\WIN_20251109_20_43_47_Pro_mp4-0253_jpg.rf.cc9ad17cbacf9ced3b06520dd0596d19.jpg,0.5824777343750001,0.5934523611111111,0.5154018749999999,0.8130952777777777,0.40446429687499996,0.8513972222222221,2,0.72767859375,0.85775,2,0.46875,0.5909263888888888,2,0.49375,0.5496323611111111,2,0.536607109375,0.6195147222222221,2,0.57767859375,0.5321618055555556,2,0.6419643749999999,0.5464558333333334,2
WIN_20251109_20_43_47_Pro_mp4-0254_jpg.rf.12f69c77fe2548a0294c61189e211973,test,2,nghieng_phai,test\images\WIN_20251109_20_43_47_Pro_mp4-0254_jpg.rf.12f69c77fe2548a0294c61189e211973.jpg,0.556138359375,0.6167658333333332,0.41808031250000005,0.7664681944444444,0.40089289062500005,0.8572805555555555,2,0.722321484375,0.8541073611111112,2,0.45089289062500004,0.622465,2,0.48214289062500004,0.5558281944444444,2,0.51875,0.6097723611111111,2,0.55625,0.5352025,2,0.62232140625,0.5383756944444444,2
WIN_20251109_20_43_47_Pro_mp4-0255_jpg.rf.fb191eab90cefe045b5de8229700fa4d,test,2,nghieng_phai,test\images\WIN_20251109_20_43_47_Pro_mp4-0255_jpg.rf.fb191eab90cefe045b5de8229700fa4d.jpg,0.56714703125,0.6388888888888888,0.4567371874999999,0.7222222222222222,0.4100453125,0.8737866666666666,2,0.719335390625,0.8781663888888889,2,0.44387265625000005,0.64943375,2,0.4684753125,0.5761669444444444,2,0.5189846874999999,0.6069977777777779,2,0.53879890625,0.5249466666666667,2,0.595234296875,0.5158123611111112,2
WIN_20251109_20_43_47_Pro_mp4-0256_jpg.rf.21e1823a22705c490fd579e24447c1df,test,2,nghieng_phai,test\images\WIN_20251109_20_43_47_Pro_mp4-0256_jpg.rf.21e1823a22705c490fd579e24447c1df.jpg,0.565278515625,0.6515151388888889,0.4530001562499999,0.6969697222222223,0.4015696875,0.8797990277777777,2,0.7192937500000001,0.8807409722222223,2,0.43708937499999995,0.6723977777777778,2,0.462280234375,0.5863025000000001,2,0.5171508593749999,0.6020902777777778,2,0.5285921874999999,0.5189443055555556,2,0.579193125,0.5131786111111112,2
WIN_20251109_20_43_47_Pro_mp4-0257_jpg.rf.83df2d3e41f860896dbe3a2cf5d357ae,test,2,nghieng_phai,test\images\WIN_20251109_20_43_47_Pro_mp4-0257_jpg.rf.83df2d3e41f860896dbe3a2cf5d357ae.jpg,0.565922109375,0.6515151388888889,0.45712835937499996,0.6969697222222223,0.397150234375,0.8883019444444444,2,0.7178871874999999,0.8775893055555555,2,0.43037828125,0.674415,2,0.453050078125,0.5986969444444444,2,0.5110834375,0.6083836111111112,2,0.5196228125,0.5243795833333333,2,0.57040125,0.5036251388888888,2
WIN_20251109_20_43_47_Pro_mp4-0258_jpg.rf.4167578976a24f49044a9d7d0d9a9846,test,2,nghieng_phai,test\images\WIN_20251109_20_43_47_Pro_mp4-0258_jpg.rf.4167578976a24f49044a9d7d0d9a9846.jpg,0.5514508593749999,0.6079030555555556,0.441741015625,0.6316697222222223,0.385714296875,0.8665779166666667,2,0.710714375,0.84276125,2,0.416964296875,0.6855715277777777,2,0.45178578125,0.61094625,2,0.50178578125,0.6141216666666667,2,0.51428578125,0.5331451388888889,2,0.55803578125,0.5077406944444445,2
WIN_20251109_20_43_47_Pro_mp4-0259_jpg.rf.43b9344a4bcedc2c14680310970b1e97,test,3,nghieng_trai,test\images\WIN_20251109_20_43_47_Pro_mp4-0259_jpg.rf.43b9344a4bcedc2c14680310970b1e97.jpg,0.5493303125,0.6051191666666667,0.431696484375,0.586428611111111,0.39375,0.85705125,2,0.7241071875,0.84276125,2,0.40535718750000005,0.6776326388888889,2,0.448214296875,0.61094625,2,0.5008928125,0.6141216666666667,2,0.5160714843750001,0.5204429166666666,2,0.55625,0.4886873611111111,2
WIN_20251109_20_43_47_Pro_mp4-0260_jpg.rf.17bafdb59332ec975c796b40c75c8c92,test,2,nghieng_phai,test\images\WIN_20251109_20_43_47_Pro_mp4-0260_jpg.rf.17bafdb59332ec975c796b40c75c8c92.jpg,0.552232109375,0.6303359722222223,0.44910718749999995,0.6090325000000001,0.380357109375,0.864990138888889,2,0.7232142968749999,0.8252956944444444,2,0.40892859374999996,0.68398375,2,0.44464289062500006,0.6030073611111111,2,0.49464289062500005,0.6268240277777778,2,0.508035703125,0.5267940277777777,2,0.559821484375,0.5061529166666666,2
WIN_20251109_20_43_47_Pro_mp4-0261_jpg.rf.5719f62ae7768e63e2ad75840a3b0a98,test,2,nghieng_phai,test\images\WIN_20251109_20_43_47_Pro_mp4-0261_jpg.rf.5719f62ae7768e63e2ad75840a3b0a98.jpg,0.558370625,0.6233808333333334,0.467187578125,0.6546981944444445,0.382142890625,0.8538756944444443,2,0.7044643749999999,0.8364101388888888,2,0.40535718750000005,0.68398375,2,0.441964296875,0.618885138888889,2,0.4928571875,0.633175,2,0.5071428906250001,0.5267940277777777,2,0.557142890625,0.4934506944444444,2
WIN_20251109_20_43_47_Pro_mp4-0262_jpg.rf.3375a827c36b4b18be8e666aaa5e6b72,test,2,nghieng_phai,test\images\WIN_20251109_20_43_47_Pro_mp4-0262_jpg.rf.3375a827c36b4b18be8e666aaa5e6b72.jpg,0.544140625,0.6423611111111112,0.44140625,0.7152777777777778,0.380357109375,0.87790625,2,0.7178571875,0.8541073611111112,2,0.41607140625000005,0.692275,2,0.44107140625,0.6240516666666667,2,0.49642859375,0.6319845833333334,2,0.50178578125,0.541548888888889,2,0.557142890625,0.5018840277777777,2
WIN_20251109_20_43_47_Pro_mp4-0263_jpg.rf.e110949a0e9e0ad4f9c306c1ea3418c3,test,2,nghieng_phai,test\images\WIN_20251109_20_43_47_Pro_mp4-0263_jpg.rf.e110949a0e9e0ad4f9c306c1ea3418c3.jpg,0.548325859375,0.6123015277777778,0.5319196093749998,0.7753968055555556,0.379464296875,0.876808888888889,2,0.7089286718750001,0.8513972222222221,2,0.420535703125,0.7005148611111112,2,0.43214289062500005,0.6290443055555556,2,0.49017859374999995,0.6385734722222222,2,0.5008928125,0.5369265277777778,2,0.55357140625,0.5051618055555556,2
WIN_20251109_20_43_47_Pro_mp4-0264_jpg.rf.be01824d17e935c91e933aa78e05a585,test,2,nghieng_phai,test\images\WIN_20251109_20_43_47_Pro_mp4-0264_jpg.rf.be01824d17e935c91e933aa78e05a585.jpg,0.55482203125,0.6536581944444444,0.451973671875,0.6810537499999999,0.39867328125,0.8903931944444443,2,0.70604359375,0.8698656944444445,2,0.41943359375,0.70012625,2,0.43864859375,0.6296559722222222,2,0.489377109375,0.6381095833333333,2,0.5017728124999999,0.5434422222222222,2,0.55265671875,0.5143623611111111,2
WIN_20251109_20_43_47_Pro_mp4-0265_jpg.rf.79d5f5c5e4a56803fba64b0316d9eea3,test,3,nghieng_trai,test\images\WIN_20251109_20_43_47_Pro_mp4-0265_jpg.rf.79d5f5c5e4a56803fba64b0316d9eea3.jpg,0.54732140625,0.6140665277777777,0.4464284375,0.6225179166666666,0.38392859375,0.8602268055555555,2,0.705357109375,0.8284712499999999,2,0.403571484375,0.6823961111111111,2,0.44107140625,0.6172972222222223,2,0.491964296875,0.6395259722222223,2,0.50178578125,0.53949625,2,0.550892890625,0.49503847222222225,2
WIN_20251109_20_43_47_Pro_mp4-0266_jpg.rf.d10974dc80fdca6cf411932865b3354e,test,2,nghieng_phai,test\images\WIN_20251109_20_43_47_Pro_mp4-0266_jpg.rf.d10974dc80fdca6cf411932865b3354e.jpg,0.546484375,0.6409722222222223,0.42890625,0.7180555555555556,0.3875,0.8763195833333334,2,0.72767859375,0.8620402777777778,2,0.414285703125,0.6891019444444444,2,0.44285710937499995,0.6256381944444445,2,0.495535703125,0.6383309722222222,2,0.50267859375,0.5431355555555555,2,0.5553571875000001,0.4971243055555556,2
WIN_20251109_20_43_47_Pro_mp4-0267_jpg.rf.f287081052a7441ba055860cc066c0bd,test,2,nghieng_phai,test\images\WIN_20251109_20_43_47_Pro_mp4-0267_jpg.rf.f287081052a7441ba055860cc066c0bd.jpg,0.5225446875,0.6192459722222222,0.5852678906250001,0.7615079166666667,0.392857109375,0.8720441666666667,2,0.708035703125,0.8371030555555555,2,0.410714296875,0.7052794444444445,2,0.441964296875,0.6179265277777778,2,0.495535703125,0.6449266666666666,2,0.50178578125,0.5258087499999999,2,0.548214296875,0.5210441666666666,2
WIN_20251109_20_43_47_Pro_mp4-0268_jpg.rf.97eb50fbfe3d27979102082c620da189,test,2,nghieng_phai,test\images\WIN_20251109_20_43_47_Pro_mp4-0268_jpg.rf.97eb50fbfe3d27979102082c620da189.jpg,0.554296875,0.6590277777777778,0.45546875,0.6819444444444445,0.39113828125,0.9015398611111111,2,0.7099026562499999,0.8777126388888888,2,0.41059734375,0.692955,2,0.43283359375,0.6146129166666666,2,0.48321812499999994,0.62945375,2,0.49605765625,0.5403497222222222,2,0.5521822656250001,0.5142883333333333,2
WIN_20251109_20_43_47_Pro_mp4-0269_jpg.rf.da2fc3c973fe41ac56807aa96064b2a0,test,2,nghieng_phai,test\images\WIN_20251109_20_43_47_Pro_mp4-0269_jpg.rf.da2fc3c973fe41ac56807aa96064b2a0.jpg,0.531361640625,0.6405754166666666,0.46227687499999986,0.7188491666666668,0.370535703125,0.8731465277777777,2,0.6991071875,0.8541073611111112,2,0.391071484375,0.6827555555555556,2,0.416964296875,0.6097723611111111,2,0.46339289062500005,0.6335712499999999,2,0.48392859374999997,0.5399622222222222,2,0.54107140625,0.5161634722222223,2
WIN_20251109_20_43_47_Pro_mp4-0270_jpg.rf.80ad24eebd114da72704dc448f99cfc8,test,2,nghieng_phai,test\images\WIN_20251109_20_43_47_Pro_mp4-0270_jpg.rf.80ad24eebd114da72704dc448f99cfc8.jpg,0.481026796875,0.6283152777777777,0.6450892968749999,0.7002813888888888,0.3625,0.8799854166666667,2,0.67857140625,0.8101029166666667,2,0.369642890625,0.7005148611111112,2,0.380357109375,0.6338088888888889,2,0.43660718750000005,0.6401618055555556,2,0.45267859374999997,0.5416911111111111,2,0.505357109375,0.517867638888889,2
WIN_20251109_20_43_47_Pro_mp4-0271_jpg.rf.c7572a6ee28fd66a3092d403e887f234,test,0,nga_phai,test\images\WIN_20251109_20_43_47_Pro_mp4-0271_jpg.rf.c7572a6ee28fd66a3092d403e887f234.jpg,0.49520093750000005,0.6341269444444444,0.6310267968749999,0.7317459722222222,0.34017859375000004,0.89269125,2,0.6678571875,0.8307501388888888,2,0.350892890625,0.6592206944444444,2,0.40714281249999995,0.6623970833333334,2,0.41517859375,0.5559852777777777,2,0.47857140625000005,0.5258087499999999,2,0.341071484375,0.7179852777777778,2
WIN_20251109_20_43_47_Pro_mp4-0272_jpg.rf.cdc945e20ea17f0f5d92f1efca55f00c,test,0,nga_phai,test\images\WIN_20251109_20_43_47_Pro_mp4-0272_jpg.rf.cdc945e20ea17f0f5d92f1efca55f00c.jpg,0.46785718750000005,0.6534722222222222,0.4892857031250001,0.6930555555555555,0.335714296875,0.9001184722222222,2,0.6401785156249999,0.8080961111111111,2,0.338392890625,0.6605431944444444,2,0.381250078125,0.6716493055555556,2,0.392857109375,0.5748673611111111,2,0.46517859375,0.5272695833333333,2,0.325,0.7240068055555555,2
WIN_20251109_20_43_47_Pro_mp4-0273_jpg.rf.d3fe91ac1d5591a7f19628856b8acd94,test,0,nga_phai,test\images\WIN_20251109_20_43_47_Pro_mp4-0273_jpg.rf.d3fe91ac1d5591a7f19628856b8acd94.jpg,0.48386171874999995,0.6742423611111111,0.5217007812500001,0.6515151388888889,0.340800859375,0.9262547222222223,2,0.6349903125,0.8314295833333333,2,0.324584921875,0.6674065277777778,2,0.36869953125,0.6813447222222222,2,0.383239765625,0.5811040277777778,2,0.451621328125,0.54224375,2,0.3150190625,0.7308090277777778,2
WIN_20251109_20_43_47_Pro_mp4-0274_jpg.rf.f3445cc465c394b6bc63e68621d8db6b,test,0,nga_phai,test\images\WIN_20251109_20_43_47_Pro_mp4-0274_jpg.rf.f3445cc465c394b6bc63e68621d8db6b.jpg,0.457142890625,0.6594245833333333,0.503571484375,0.6811508333333333,0.326785703125,0.9270905555555555,2,0.6464286718750001,0.8239620833333333,2,0.31517859375,0.668476111111111,2,0.360714296875,0.6843420833333334,2,0.3758928125,0.5796272222222222,2,0.44642859375,0.5383756944444444,2,0.304464296875,0.7319398611111112,2
WIN_20251109_20_43_47_Pro_mp4-0275_jpg.rf.37845166d33277ff63de064caa29215b,test,0,nga_phai,test\images\WIN_20251109_20_43_47_Pro_mp4-0275_jpg.rf.37845166d33277ff63de064caa29215b.jpg,0.44497765625,0.6529481944444444,0.4886163281249999,0.6495479166666668,0.317857109375,0.9030966666666667,2,0.625,0.7681358333333334,2,0.3125,0.6665183333333333,2,0.3553571875,0.6744572222222222,2,0.36607140625,0.5823661111111111,2,0.44017859374999996,0.5363206944444444,2,0.294642890625,0.7252658333333334,2
WIN_20251109_20_43_47_Pro_mp4-0276_jpg.rf.8ffc3ad29a30716fbe2185fb283469b7,test,0,nga_phai,test\images\WIN_20251109_20_43_47_Pro_mp4-0276_jpg.rf.8ffc3ad29a30716fbe2185fb283469b7.jpg,0.46015625,0.6410713888888888,0.6368303125000001,0.7178572222222223,0.329464296875,0.9149266666666667,2,0.635714296875,0.7783381944444444,2,0.309821484375,0.6703381944444444,2,0.358035703125,0.6909854166666667,2,0.366964296875,0.5718676388888889,2,0.4375,0.5226323611111111,2,0.30625,0.7449852777777778,2
WIN_20251109_20_43_47_Pro_mp4-0277_jpg.rf.f19028d404e80491c8dfa9489761a44c,test,1,nga_trai,test\images\WIN_20251109_20_43_47_Pro_mp4-0277_jpg.rf.f19028d404e80491c8dfa9489761a44c.jpg,0.497733359375,0.6830808333333334,0.57927359375,0.6338383333333334,0.33297453125,0.9378304166666667,2,0.624389609375,0.8123816666666667,2,0.304984375,0.7361752777777778,2,0.31396203125,0.6708886111111111,2,0.35595984375,0.6777145833333333,2,0.37233109375,0.58094625,2,0.436570625,0.5360490277777779,2
WIN_20251109_20_43_47_Pro_mp4-0278_jpg.rf.23a009bb1b26b7086baa76c239f6da8e,test,0,nga_phai,test\images\WIN_20251109_20_43_47_Pro_mp4-0278_jpg.rf.23a009bb1b26b7086baa76c239f6da8e.jpg,0.469196484375,0.6579365277777778,0.6169643749999999,0.6841269444444446,0.319642890625,0.9101618055555556,2,0.6214285937499999,0.7783381944444444,2,0.31607140624999996,0.6719265277777778,2,0.3625,0.6909854166666667,2,0.366964296875,0.576632361111111,2,0.443750078125,0.5273970833333333,2,0.309821484375,0.7386323611111111,2
WIN_20251109_20_43_47_Pro_mp4-0279_jpg.rf.c5882bf859bf7b228a69791b87c33bff,test,0,nga_phai,test\images\WIN_20251109_20_43_47_Pro_mp4-0279_jpg.rf.c5882bf859bf7b228a69791b87c33bff.jpg,0.47466515625000005,0.6534722222222222,0.5274553125000001,0.6930555555555555,0.32767859375,0.93026375,2,0.637500078125,0.7652581944444444,2,0.32232140625,0.6700627777777778,2,0.36785718749999996,0.6795823611111111,2,0.381250078125,0.5732806944444444,2,0.45,0.5304427777777777,2,0.30892859375000004,0.7224204166666667,2
WIN_20251109_20_43_47_Pro_mp4-0280_jpg.rf.e9e9dd1e84cf0f11c6296a1b2fa51a73,test,0,nga_phai,test\images\WIN_20251109_20_43_47_Pro_mp4-0280_jpg.rf.e9e9dd1e84cf0f11c6296a1b2fa51a73.jpg,0.468973203125,0.6643848611111112,0.5138392968749999,0.6712301388888889,0.329464296875,0.9159844444444444,2,0.638392890625,0.7731912500000001,2,0.325,0.6668897222222222,2,0.37142859375000004,0.6795823611111111,2,0.38482140625,0.5780405555555556,2,0.4491071875,0.5304427777777777,2,0.307142890625,0.7255934722222221,2
WIN_20251109_20_43_47_Pro_mp4-0281_jpg.rf.c29a207eb12b9324f7aa90c8b767d52f,test,4,thang,test\images\WIN_20251109_20_43_47_Pro_mp4-0281_jpg.rf.c29a207eb12b9324f7aa90c8b767d52f.jpg,0.50625,0.6701388888888888,0.5625,0.6597222222222222,0.340254375,0.9319612500000001,2,0.6397927343750001,0.7993904166666667,2,0.319175,0.7347152777777778,2,0.328674296875,0.6629972222222222,2,0.3744090625,0.6782127777777778,2,0.38972335937499997,0.57195,2,0.454778515625,0.5394965277777778,2
WIN_20251109_20_43_47_Pro_mp4-0282_jpg.rf.5418ebdf2874092c3de78e66b46e33d8,test,0,nga_phai,test\images\WIN_20251109_20_43_47_Pro_mp4-0282_jpg.rf.5418ebdf2874092c3de78e66b46e33d8.jpg,0.48203125,0.6097222222222223,0.6484375,0.7805555555555556,0.333035703125,0.8974559722222223,2,0.6446428125,0.7751618055555555,2,0.323214296875,0.6544558333333333,2,0.380357109375,0.6782794444444444,2,0.37857140624999996,0.5671029166666667,2,0.45982140625,0.5083381944444444,2,0.31517859375,0.7259265277777778,2
WIN_20251109_20_43_47_Pro_mp4-0283_jpg.rf.b3adc3da6c59cb9f1492931fc3a8f682,test,0,nga_phai,test\images\WIN_20251109_20_43_47_Pro_mp4-0283_jpg.rf.b3adc3da6c59cb9f1492931fc3a8f682.jpg,0.462499921875,0.6584325,0.487499921875,0.6831348611111112,0.33392859375,0.9143979166666666,2,0.6446428125,0.7731912500000001,2,0.33392859375,0.6589568055555556,2,0.379464296875,0.6668897222222222,2,0.39375,0.5764538888888889,2,0.458035703125,0.5225098611111112,2,0.3133928125,0.7192470833333333,2
WIN_20251109_20_43_47_Pro_mp4-0284_jpg.rf.0b1e5aa51bbae2f608fb97c6b4548918,test,2,nghieng_phai,test\images\WIN_20251109_20_43_47_Pro_mp4-0284_jpg.rf.0b1e5aa51bbae2f608fb97c6b4548918.jpg,0.47455359374999995,0.6420634722222223,0.6366071874999999,0.7158730555555555,0.335714296875,0.9053970833333334,2,0.62767859375,0.7767499999999999,2,0.316964296875,0.7195736111111111,2,0.332142890625,0.6655736111111111,2,0.37678578125,0.6735147222222223,2,0.388392890625,0.5718676388888889,2,0.45535710937499996,0.5305734722222222,2
WIN_20251109_20_43_47_Pro_mp4-0285_jpg.rf.11302d15cff130d98d183898916a9020,test,0,nga_phai,test\images\WIN_20251109_20_43_47_Pro_mp4-0285_jpg.rf.11302d15cff130d98d183898916a9020.jpg,0.50703125,0.6701388888888888,0.5640625,0.6597222222222222,0.3497203125,0.9286073611111111,2,0.63646625,0.7912376388888889,2,0.33390945312500003,0.6613843055555556,2,0.37998265625,0.6680625,2,0.394414765625,0.5718069444444445,2,0.458670859375,0.5388208333333334,2,0.322506953125,0.7268929166666667,2
WIN_20251109_20_43_47_Pro_mp4-0286_jpg.rf.0366d1dbbd65c4e9050f67d25d055e37,test,0,nga_phai,test\images\WIN_20251109_20_43_47_Pro_mp4-0286_jpg.rf.0366d1dbbd65c4e9050f67d25d055e37.jpg,0.46183031249999995,0.5785713888888888,0.7138392968749999,0.8428570833333333,0.32767859375,0.9181030555555556,2,0.635714296875,0.7592794444444444,2,0.328571484375,0.6592206944444444,2,0.385714296875,0.6766913888888889,2,0.39375,0.5591616666666667,2,0.45982140625,0.5210441666666666,2,0.323214296875,0.7243383333333333,2
WIN_20251109_20_43_47_Pro_mp4-0287_jpg.rf.37001c4b7ae0ff3137db0184f9223fa7,test,1,nga_trai,test\images\WIN_20251109_20_43_47_Pro_mp4-0287_jpg.rf.37001c4b7ae0ff3137db0184f9223fa7.jpg,0.467410703125,0.6275497222222223,0.484821484375,0.6749405555555554,0.332142890625,0.9046844444444444,2,0.6401785156249999,0.7697236111111111,2,0.31071429687499996,0.7109758333333334,2,0.33392859375,0.6490527777777777,2,0.380357109375,0.6665183333333333,2,0.4,0.5649005555555556,2,0.460714296875,0.5315573611111111,2
WIN_20251109_20_43_47_Pro_mp4-0288_jpg.rf.3c7a0e7862feb9fa8caa1ea3527f476c,test,0,nga_phai,test\images\WIN_20251109_20_43_47_Pro_mp4-0288_jpg.rf.3c7a0e7862feb9fa8caa1ea3527f476c.jpg,0.512890625,0.6701388888888888,0.55390625,0.6597222222222222,0.34235171875,0.9294506944444445,2,0.6343771874999999,0.7909811111111111,2,0.338315078125,0.6581044444444444,2,0.383783515625,0.6697197222222222,2,0.400476640625,0.5751854166666667,2,0.46157835937499997,0.5350970833333334,2,0.327004140625,0.7314847222222222,2
WIN_20251109_20_43_47_Pro_mp4-0289_jpg.rf.d9af43ec2661b00637505c7f49d3d350,test,2,nghieng_phai,test\images\WIN_20251109_20_43_47_Pro_mp4-0289_jpg.rf.d9af43ec2661b00637505c7f49d3d350.jpg,0.51498828125,0.6654040277777777,0.556965234375,0.6691919444444445,0.34634953125,0.9281240277777777,2,0.644037421875,0.7907837499999999,2,0.3276728125,0.72120125,2,0.342188046875,0.6547259722222222,2,0.38966234375000003,0.6697738888888889,2,0.4060475,0.5667712500000001,2,0.4658175,0.5361673611111111,2
WIN_20251109_20_43_47_Pro_mp4-0290_jpg.rf.f06aea3c22c3f250acc4c58025fedf80,test,0,nga_phai,test\images\WIN_20251109_20_43_47_Pro_mp4-0290_jpg.rf.f06aea3c22c3f250acc4c58025fedf80.jpg,0.5087053125,0.6375991666666666,0.4861607031250001,0.7248015277777777,0.348214296875,0.8969454166666667,2,0.668750078125,0.79064375,2,0.379464296875,0.6208784722222223,2,0.43214289062500005,0.6430908333333333,2,0.45089289062500004,0.5447220833333334,2,0.50267859375,0.5177499999999999,2,0.351785703125,0.6906886111111111,2
WIN_20251109_20_43_47_Pro_mp4-0291_jpg.rf.b2ba4dfb7cf704e19c5e857add16b77f,test,0,nga_phai,test\images\WIN_20251109_20_43_47_Pro_mp4-0291_jpg.rf.b2ba4dfb7cf704e19c5e857add16b77f.jpg,0.501004609375,0.5828975,0.4676340625,0.6149944444444445,0.35111609375,0.8669623611111111,2,0.677008984375,0.7923369444444445,2,0.39843757812499997,0.5970406944444444,2,0.445758984375,0.6414983333333334,2,0.481473203125,0.5319419444444444,2,0.5270089062500001,0.5017741666666666,2,0.35825898437500003,0.6684905555555556,2
WIN_20251109_20_43_47_Pro_mp4-0292_jpg.rf.2c39b1f6bf3b375473c1fd4f49ac3a38,test,2,nghieng_phai,test\images\WIN_20251109_20_43_47_Pro_mp4-0292_jpg.rf.2c39b1f6bf3b375473c1fd4f49ac3a38.jpg,0.5436384375000001,0.6090838888888889,0.432366015625,0.6578880555555555,0.37857140624999996,0.8538756944444443,2,0.7071428125,0.8062423611111111,2,0.40982140625,0.6284115277777778,2,0.453571484375,0.5633129166666667,2,0.50267859375,0.5950684722222223,2,0.54017859375,0.5204429166666666,2,0.575892890625,0.5140918055555556,2
WIN_20251109_20_43_47_Pro_mp4-0294_jpg.rf.2c1f124f1ee87e3056ef0a0b053a020f,test,4,thang,test\images\WIN_20251109_20_43_47_Pro_mp4-0294_jpg.rf.2c1f124f1ee87e3056ef0a0b053a020f.jpg,0.574999921875,0.5928202777777778,0.43392859375,0.6491327777777779,0.41875,0.8554633333333332,2,0.741964375,0.8395856944444445,2,0.47232140625,0.5823661111111111,2,0.53125,0.5331451388888889,2,0.570535703125,0.5791906944444444,2,0.606250078125,0.5125040277777778,2,0.6517857031250001,0.5521984722222222,2
WIN_20251109_20_43_47_Pro_mp4-0295_jpg.rf.da3eaf1376e91f2a6436b66ad4460d9d,test,4,thang,test\images\WIN_20251109_20_43_47_Pro_mp4-0295_jpg.rf.da3eaf1376e91f2a6436b66ad4460d9d.jpg,0.5697544531250001,0.6031225,0.5747767968749999,0.7887847222222222,0.43839281249999995,0.8529854166666666,2,0.770535703125,0.8593383333333334,2,0.49910718750000005,0.5845736111111111,2,0.54375,0.5321618055555556,2,0.58392859375,0.5829852777777778,2,0.6205357031250001,0.5146911111111111,2,0.666071484375,0.5448676388888889,2
WIN_20251109_20_43_47_Pro_mp4-0296_jpg.rf.649250971794638a579e091773ea0ba3,test,2,nghieng_phai,test\images\WIN_20251109_20_43_47_Pro_mp4-0296_jpg.rf.649250971794638a579e091773ea0ba3.jpg,0.5859721875,0.6338383333333334,0.463137578125,0.7323231944444444,0.441866796875,0.8592468055555555,2,0.7552434375,0.8778951388888889,2,0.503501171875,0.5921668055555556,2,0.553466796875,0.5318665277777778,2,0.5975203125,0.59266,2,0.6270114062500001,0.5278616666666667,2,0.674005703125,0.5538391666666667,2
WIN_20251109_20_43_47_Pro_mp4-0297_jpg.rf.625605a0388d136f271a652d49f02299,test,4,thang,test\images\WIN_20251109_20_43_47_Pro_mp4-0297_jpg.rf.625605a0388d136f271a652d49f02299.jpg,0.59575890625,0.6247023611111111,0.437053515625,0.7505952777777777,0.43214289062500005,0.8287219444444445,2,0.76428578125,0.8763195833333334,2,0.508035703125,0.5891465277777778,2,0.5625,0.5320293055555556,2,0.60267859375,0.6002527777777777,2,0.635714296875,0.5272695833333333,2,0.68125,0.56376125,2
WIN_20251109_20_43_47_Pro_mp4-0298_jpg.rf.b575006a514e894d1c00e7dbf5be0f52,test,4,thang,test\images\WIN_20251109_20_43_47_Pro_mp4-0298_jpg.rf.b575006a514e894d1c00e7dbf5be0f52.jpg,0.5871707031250001,0.639175,0.4641141406250001,0.7202691666666665,0.44219968749999994,0.8502851388888888,2,0.76048140625,0.8861762500000001,2,0.50891671875,0.5855429166666666,2,0.559861640625,0.5365323611111111,2,0.6019703125,0.5910323611111111,2,0.6348321875,0.5311956944444444,2,0.680431015625,0.5538391666666667,2
WIN_20251109_20_43_47_Pro_mp4-0299_jpg.rf.2dd598309d75303a42282f78ab8746b8,test,4,thang,test\images\WIN_20251109_20_43_47_Pro_mp4-0299_jpg.rf.2dd598309d75303a42282f78ab8746b8.jpg,0.587109375,0.6368055555555555,0.45234375,0.7263888888888889,0.44159765625,0.8534268055555556,2,0.750751875,0.8798926388888889,2,0.51057296875,0.5777106944444445,2,0.5606606249999999,0.5361820833333334,2,0.604575390625,0.5933652777777778,2,0.6364191406249999,0.5313288888888889,2,0.681429765625,0.5581943055555556,2
WIN_20251109_20_43_47_Pro_mp4-0300_jpg.rf.234771a0ddaac7af13db8e6617fb830e,test,4,thang,test\images\WIN_20251109_20_43_47_Pro_mp4-0300_jpg.rf.234771a0ddaac7af13db8e6617fb830e.jpg,0.59609375,0.5743759722222223,0.4506696874999999,0.7495327777777776,0.426785703125,0.8332345833333333,2,0.7491071875,0.8554633333333332,2,0.5008928125,0.5728394444444445,2,0.5633928125,0.53949625,2,0.6008928906250001,0.5950684722222223,2,0.63392859375,0.5363206944444444,2,0.6830357031250001,0.5506106944444444,2
WIN_20251109_20_43_47_Pro_mp4-0301_jpg.rf.63b6d1b0524cda8e0e1b240b96084829,test,4,thang,test\images\WIN_20251109_20_43_47_Pro_mp4-0301_jpg.rf.63b6d1b0524cda8e0e1b240b96084829.jpg,0.586941953125,0.5369047222222221,0.5689732812499999,0.9261904166666666,0.44017859374999996,0.8291852777777778,2,0.7553571875,0.86095,2,0.510714296875,0.5909498611111111,2,0.557142890625,0.5448909722222223,2,0.603571484375,0.5988909722222222,2,0.6366071875,0.5385380555555556,2,0.6839285937499999,0.5575969444444445,2
WIN_20251109_20_43_47_Pro_mp4-0302_jpg.rf.8eb0c680077b490be7f1eca325bb5311,test,4,thang,test\images\WIN_20251109_20_43_47_Pro_mp4-0302_jpg.rf.8eb0c680077b490be7f1eca325bb5311.jpg,0.5950892968750001,0.5977877777777778,0.4258929687500001,0.6646022222222222,0.42857140625,0.8173569444444444,2,0.751785703125,0.8459368055555555,2,0.505357109375,0.5680761111111111,2,0.5687499218750001,0.5283818055555556,2,0.60267859375,0.5903050000000001,2,0.639285703125,0.5299695833333333,2,0.68214296875,0.5649005555555556,2
WIN_20251109_20_43_47_Pro_mp4-0303_jpg.rf.f8de833161f2f59f7e4a4a60209f62c1,test,4,thang,test\images\WIN_20251109_20_43_47_Pro_mp4-0303_jpg.rf.f8de833161f2f59f7e4a4a60209f62c1.jpg,0.59375,0.5961940277777777,0.4267858593749999,0.6900184722222222,0.42767859374999995,0.8332345833333333,2,0.7508928906250001,0.8602268055555555,2,0.508035703125,0.5887172222222222,2,0.55982140625,0.5379084722222223,2,0.603571484375,0.5871295833333333,2,0.6401785156249999,0.5331451388888889,2,0.68482140625,0.5490227777777777,2
WIN_20251109_20_43_47_Pro_mp4-0304_jpg.rf.ed0854c3b464b675df90a56c870c33c5,test,4,thang,test\images\WIN_20251109_20_43_47_Pro_mp4-0304_jpg.rf.ed0854c3b464b675df90a56c870c33c5.jpg,0.601339296875,0.57356875,0.44553578124999993,0.6400025000000001,0.4303571875,0.8268834722222221,2,0.75,0.8554633333333332,2,0.505357109375,0.5791906944444444,2,0.5660714062500001,0.5347329166666667,2,0.607142890625,0.5918927777777778,2,0.6410714843750001,0.5299695833333333,2,0.6866071875,0.5521984722222222,2
WIN_20251109_20_43_47_Pro_mp4-0305_jpg.rf.9001dfbbecbf46c6d330463fd1606c51,test,4,thang,test\images\WIN_20251109_20_43_47_Pro_mp4-0305_jpg.rf.9001dfbbecbf46c6d330463fd1606c51.jpg,0.5875,0.5728006944444444,0.4357142968750001,0.6289347222222221,0.42767859374999995,0.8284712499999999,2,0.7553571875,0.8554633333333332,2,0.50982140625,0.5776027777777778,2,0.5625,0.5331451388888889,2,0.606250078125,0.596656111111111,2,0.6446428125,0.5299695833333333,2,0.685714296875,0.5712518055555555,2
WIN_20251109_20_43_47_Pro_mp4-0306_jpg.rf.a94e0dc4b84d08012c1350b882f9d141,test,4,thang,test\images\WIN_20251109_20_43_47_Pro_mp4-0306_jpg.rf.a94e0dc4b84d08012c1350b882f9d141.jpg,0.620870546875,0.6202380555555554,0.5006696093749999,0.7595237499999999,0.44174109375,0.8327155555555555,2,0.749776875,0.8517743055555556,2,0.513169609375,0.5754213888888889,2,0.564955390625,0.5452448611111111,2,0.61049109375,0.5992448611111111,2,0.646205390625,0.5357154166666667,2,0.6881696093749999,0.5627154166666667,2
WIN_20251109_20_43_47_Pro_mp4-0307_jpg.rf.f6ac1d0cc258e16090fa8d3eb732b425,test,4,thang,test\images\WIN_20251109_20_43_47_Pro_mp4-0307_jpg.rf.f6ac1d0cc258e16090fa8d3eb732b425.jpg,0.595982109375,0.6023809722222222,0.4598214062500001,0.7952380555555556,0.42142859374999997,0.827573611111111,2,0.7491071875,0.8545736111111111,2,0.513392890625,0.576632361111111,2,0.56517859375,0.5401029166666667,2,0.606250078125,0.60680875,2,0.638392890625,0.5305734722222222,2,0.68482140625,0.5734558333333333,2
WIN_20251109_20_43_47_Pro_mp4-0308_jpg.rf.e50e1b87f9aee4b59d68251367937205,test,4,thang,test\images\WIN_20251109_20_43_47_Pro_mp4-0308_jpg.rf.e50e1b87f9aee4b59d68251367937205.jpg,0.58671875,0.6145833333333334,0.43125,0.7708333333333334,0.4303571875,0.838241388888889,2,0.762500078125,0.8699731944444445,2,0.5116071875,0.5891465277777778,2,0.5669642968749999,0.5352025,2,0.6098214843750001,0.6050125,2,0.6410714843750001,0.5352025,2,0.68482140625,0.5828002777777778,2
WIN_20251109_20_43_47_Pro_mp4-0309_jpg.rf.9bbda151c0b76d3f27b7aba2777a504c,test,4,thang,test\images\WIN_20251109_20_43_47_Pro_mp4-0309_jpg.rf.9bbda151c0b76d3f27b7aba2777a504c.jpg,0.595200859375,0.6046009722222223,0.44397320312499994,0.7050586111111112,0.42879460937499997,0.8523370833333332,2,0.7506696093749999,0.86337625,2,0.5046875,0.5871786111111111,2,0.5667410937499999,0.5410579166666666,2,0.6060267968749999,0.6061568055555556,2,0.637723203125,0.5411331944444444,2,0.6859374218750001,0.5601865277777778,2
WIN_20251109_20_43_47_Pro_mp4-0310_jpg.rf.52dd333c8c82db81c5338d1577c974ef,test,4,thang,test\images\WIN_20251109_20_43_47_Pro_mp4-0310_jpg.rf.52dd333c8c82db81c5338d1577c974ef.jpg,0.587109375,0.6215277777777778,0.43359375,0.7569444444444444,0.425892890625,0.8350683333333333,2,0.759821484375,0.8747330555555556,2,0.505357109375,0.5875601388888889,2,0.554464296875,0.541548888888889,2,0.60178578125,0.5923197222222222,2,0.63392859375,0.5399622222222222,2,0.68214296875,0.56376125,2
WIN_20251109_20_43_47_Pro_mp4-0311_jpg.rf.5aac4fdd24fd90fba8dc840bcebf2362,test,4,thang,test\images\WIN_20251109_20_43_47_Pro_mp4-0311_jpg.rf.5aac4fdd24fd90fba8dc840bcebf2362.jpg,0.57954265625,0.6332070833333334,0.4659035156250001,0.7335858333333333,0.4290965625,0.8636806944444444,2,0.754502734375,0.8854709722222222,2,0.504924453125,0.5827858333333333,2,0.5557778124999999,0.5379922222222222,2,0.6029246875000001,0.5957722222222223,2,0.635650625,0.5323695833333334,2,0.6815934375,0.5630425,2
WIN_20251109_20_43_47_Pro_mp4-0312_jpg.rf.ac1baf0c3abaad65742f8024cc1baa0a,test,4,thang,test\images\WIN_20251109_20_43_47_Pro_mp4-0312_jpg.rf.ac1baf0c3abaad65742f8024cc1baa0a.jpg,0.58084796875,0.6287188888888888,0.46425281249999995,0.742286111111111,0.42190828125,0.8700136111111111,2,0.744473515625,0.8817669444444445,2,0.50099046875,0.5876440277777778,2,0.549296953125,0.5387222222222222,2,0.5962857031250001,0.5963147222222223,2,0.6284789843749999,0.530056388888889,2,0.6794128125000001,0.5663125,2
WIN_20251109_20_43_47_Pro_mp4-0313_jpg.rf.e06266449e2c9a7e5e316392fccbc988,test,4,thang,test\images\WIN_20251109_20_43_47_Pro_mp4-0313_jpg.rf.e06266449e2c9a7e5e316392fccbc988.jpg,0.579623125,0.6306818055555555,0.4632235156250001,0.7386363888888889,0.421697421875,0.8565438888888889,2,0.748041328125,0.8855645833333333,2,0.49915382812500003,0.5878265277777778,2,0.54500234375,0.5410698611111111,2,0.5907648437499999,0.6060063888888888,2,0.6230746093749999,0.5346827777777778,2,0.677445859375,0.5657108333333334,2
WIN_20251109_20_43_47_Pro_mp4-0314_jpg.rf.65710d9b5e66c0e02f8286c8ada933f2,test,4,thang,test\images\WIN_20251109_20_43_47_Pro_mp4-0314_jpg.rf.65710d9b5e66c0e02f8286c8ada933f2.jpg,0.5872767968750001,0.61875,0.4468750000000001,0.7625,0.41875,0.8477609722222221,2,0.751785703125,0.8683866666666666,2,0.495535703125,0.5970795833333333,2,0.5428571875,0.541548888888889,2,0.585714296875,0.6145320833333333,2,0.62232140625,0.5352025,2,0.6758928125,0.5748673611111111,2
WIN_20251109_20_43_47_Pro_mp4-0315_jpg.rf.3ae6705b55f08840dda311172e5b7b9b,test,4,thang,test\images\WIN_20251109_20_43_47_Pro_mp4-0315_jpg.rf.3ae6705b55f08840dda311172e5b7b9b.jpg,0.5811384375,0.5805555555555556,0.4502232031250001,0.8388888888888889,0.429464296875,0.8323383333333333,2,0.74732140625,0.8529854166666666,2,0.49642859375,0.5941029166666667,2,0.536607109375,0.5512205555555556,2,0.58482140625,0.6115736111111112,2,0.6214285937499999,0.5273970833333333,2,0.679464375,0.5559852777777777,2
WIN_20251109_20_43_47_Pro_mp4-0316_jpg.rf.99ca508e89eb1fd962f99519e6665a67,test,4,thang,test\images\WIN_20251109_20_43_47_Pro_mp4-0316_jpg.rf.99ca508e89eb1fd962f99519e6665a67.jpg,0.571986640625,0.60734125,0.543526796875,0.7853174999999999,0.423214296875,0.8720441666666667,2,0.7464285937499999,0.8513972222222221,2,0.495535703125,0.58775,2,0.539285703125,0.5416911111111111,2,0.5866071875000001,0.6195147222222221,2,0.6303571875,0.5464558333333334,2,0.6758928125,0.5559852777777777,2
