image_id,original_split,class_name,nd_group,img_width,img_height,bbox_x,bbox_y,bbox_w,bbox_h,brightness,is_dark,has_annotation,num_annotations,annotation_id,split
sipotion_1749650550988_leaning_forward_0_68_jpg.rf.74c604a1b3da097a0be1a2d0b0d5fcf1.jpg,train,slouch,SINGLE_sipotion_1749650550988_leaning_forward_0_68_jpg.rf.74c604a1b3da097a0be1a2d0b0d5fcf1.jpg,640,640,0.297922,0.214578,0.45,0.611453,123.67,False,True,1,1,valid
48ddae6c1833765180cf4a91f937114c_jpg.rf.016d0edf96f5644b422bddb625e42b77.jpg,train,leaning_forward,SINGLE_48ddae6c1833765180cf4a91f937114c_jpg.rf.016d0edf96f5644b422bddb625e42b77.jpg,426,640,0.102066,0.234,0.51939,0.5565,151.28,False,True,1,2,train
sipotion_1749649856675_slouch_0_83_jpg.rf.e9c576c3c6fa751c034cfc28488cd381.jpg,train,good_posture,ND_0009,640,640,0.473953,0.478125,0.201047,0.479172,119.22,False,True,2,3,train
sipotion_1749649856675_slouch_0_83_jpg.rf.e9c576c3c6fa751c034cfc28488cd381.jpg,train,leaning_backward,ND_0009,640,640,0.0,0.329172,0.18125,0.280203,119.22,False,True,2,4,train
b9c5f3e637dc92a1919e6e96fe2b5ee2_jpg.rf.0df0aed15163cbef693e69b4bb435eff.jpg,train,leaning_backward,SINGLE_b9c5f3e637dc92a1919e6e96fe2b5ee2_jpg.rf.0df0aed15163cbef693e69b4bb435eff.jpg,426,640,0.189577,0.234125,0.722559,0.692984,178.67,False,True,1,5,train
sipotion_1749650402977_leaning_forward_0_93_jpg.rf.4afa8c96c80163e9e8c54209af77a6ef.jpg,train,leaning_forward,SINGLE_sipotion_1749650402977_leaning_forward_0_93_jpg.rf.4afa8c96c80163e9e8c54209af77a6ef.jpg,640,640,0.397922,0.284375,0.414578,0.486453,94.44,False,True,1,6,train
sipotion_1749658455036_slouch_0_43_jpg.rf.feaa278ef66d6681eced3afb003db418.jpg,train,good_posture,SINGLE_sipotion_1749658455036_slouch_0_43_jpg.rf.feaa278ef66d6681eced3afb003db418.jpg,640,640,0.114578,0.101047,0.5625,0.854172,146.74,False,True,1,7,valid
sipotion_1749658795005_good_posture_0_45_jpg.rf.754a0c9e4cb6913e56457ffbfdf289e3.jpg,train,leaning_forward,ND_0010,640,640,0.286453,0.20625,0.396875,0.767703,119.54,False,True,1,8,train
03fd679809fc70b36daa038971206388_jpg.rf.83d0514e701009e74ea2628483d290f5.jpg,train,leaning_backward,SINGLE_03fd679809fc70b36daa038971206388_jpg.rf.83d0514e701009e74ea2628483d290f5.jpg,451,640,0.116918,0.215,0.783925,0.609891,187.24,False,True,1,9,train
sipotion_1749637011586_leaning_forward_0_45_jpg.rf.c46232a3c6bac0f11852d935cd1d735c.jpg,train,leaning_backward,SINGLE_sipotion_1749637011586_leaning_forward_0_45_jpg.rf.c46232a3c6bac0f11852d935cd1d735c.jpg,640,640,0.361453,0.152078,0.270828,0.46875,130.31,False,True,1,10,train
sipotion_1749658179885_leaning_backward_0_77_jpg.rf.65451d09227f37d20855036a157850fb.jpg,train,leaning_backward,SINGLE_sipotion_1749658179885_leaning_backward_0_77_jpg.rf.65451d09227f37d20855036a157850fb.jpg,640,640,0.25,0.183328,0.748953,0.7875,138.11,False,True,1,11,valid
ca09442eac5a421002e9abbce5785282_jpg.rf.e12c30e19c0aec85fd60b4d674d48bc1.jpg,train,leaning_backward,SINGLE_ca09442eac5a421002e9abbce5785282_jpg.rf.e12c30e19c0aec85fd60b4d674d48bc1.jpg,476,640,0.091954,0.162953,0.732206,0.61575,163.98,False,True,1,12,train
sipotion_1749660929556_leaning_forward_0_90_jpg.rf.3783ed37dc4163b14a4b606f44acfee9.jpg,train,leaning_forward,SINGLE_sipotion_1749660929556_leaning_forward_0_90_jpg.rf.3783ed37dc4163b14a4b606f44acfee9.jpg,640,640,0.367703,0.215625,0.428125,0.780203,124.29,False,True,1,13,train
sipotion_1749660922587_leaning_forward_0_88_jpg.rf.c755c4bd55148f66cadc7fb9e83d50b6.jpg,train,leaning_forward,SINGLE_sipotion_1749660922587_leaning_forward_0_88_jpg.rf.c755c4bd55148f66cadc7fb9e83d50b6.jpg,640,640,0.165625,0.058328,0.548953,0.925,119.7,False,True,1,14,train
16a88fe94b0ee27f4819c63b2df6ee41_jpg.rf.78a12d5088c47bfd1bcf52afa2917c83.jpg,train,leaning_forward,SINGLE_16a88fe94b0ee27f4819c63b2df6ee41_jpg.rf.78a12d5088c47bfd1bcf52afa2917c83.jpg,640,640,0.560766,0.398422,0.169766,0.207766,185.89,False,True,2,15,valid
16a88fe94b0ee27f4819c63b2df6ee41_jpg.rf.78a12d5088c47bfd1bcf52afa2917c83.jpg,train,leaning_backward,SINGLE_16a88fe94b0ee27f4819c63b2df6ee41_jpg.rf.78a12d5088c47bfd1bcf52afa2917c83.jpg,640,640,0.070312,0.400141,0.170906,0.20375,185.89,False,True,2,16,valid
sipotion_1749658453496_slouch_0_83_jpg.rf.e7945d0845d76abd1ac0e26c83281481.jpg,train,good_posture,SINGLE_sipotion_1749658453496_slouch_0_83_jpg.rf.e7945d0845d76abd1ac0e26c83281481.jpg,640,640,0.083328,0.111453,0.590625,0.872922,142.48,False,True,1,17,train
sipotion_1749658254428_slouch_0_70_jpg.rf.e829ba60054545ee54f71eac467af038.jpg,train,leaning_backward,SINGLE_sipotion_1749658254428_slouch_0_70_jpg.rf.e829ba60054545ee54f71eac467af038.jpg,640,640,0.00625,0.007297,0.702078,0.983328,120.79,False,True,1,18,valid
353ff20c38ac089148b3d6307d0470f5_jpg.rf.7e92ed4fdf18512aad3d6343516a1d30.jpg,train,leaning_backward,SINGLE_353ff20c38ac089148b3d6307d0470f5_jpg.rf.7e92ed4fdf18512aad3d6343516a1d30.jpg,640,426,0.611422,0.318192,0.333625,0.541878,108.26,False,True,1,19,test
sipotion_1749660944688_leaning_forward_0_92_jpg.rf.b3029682f907d7d2383997467991402e.jpg,train,leaning_forward,SINGLE_sipotion_1749660944688_leaning_forward_0_92_jpg.rf.b3029682f907d7d2383997467991402e.jpg,640,640,0.233328,0.259375,0.513547,0.734375,143.71,False,True,1,20,test
sipotion_1749658301936_slouch_0_79_jpg.rf.e7bd06bec199f15de2fa1e96742d9a0f.jpg,train,leaning_backward,ND_0020,640,640,0.126047,0.327078,0.764578,0.634375,129.22,False,True,1,21,train
f63330d769a8f44368f380945d2a1656_jpg.rf.ecdbe3b239d59be33f698fcb58aa7d96.jpg,train,leaning_forward,SINGLE_f63330d769a8f44368f380945d2a1656_jpg.rf.ecdbe3b239d59be33f698fcb58aa7d96.jpg,640,426,0.463656,0.102887,0.251359,0.837066,145.19,False,True,1,22,train
036894bc9625960d01fc04bcf5d663b6_jpg.rf.50bf05257130edb096b8696be46d0af0.jpg,train,good_posture,SINGLE_036894bc9625960d01fc04bcf5d663b6_jpg.rf.50bf05257130edb096b8696be46d0af0.jpg,640,462,0.368797,0.073506,0.258156,0.53368,236.38,False,True,1,23,train
sipotion_1749636396471_good_posture_0_81_jpg.rf.04aea4cf15e94704603a60797b8bfb22.jpg,train,slouch,ND_0016,640,640,0.25625,0.0,0.740625,0.965625,136.57,False,True,1,24,train
0d3c7ea98ef00e38def853945a9bad57_jpg.rf.781cde90d112ed38c52994ab877d899b.jpg,train,leaning_backward,SINGLE_0d3c7ea98ef00e38def853945a9bad57_jpg.rf.781cde90d112ed38c52994ab877d899b.jpg,426,640,0.284531,0.311437,0.642418,0.569219,177.84,False,True,1,25,train
sipotion_1749636392897_good_posture_0_88_jpg.rf.534d5657ee3d7e99e4778e567e50f86f.jpg,train,slouch,ND_0016,640,640,0.252078,0.0,0.745828,0.961453,135.08,False,True,1,26,train
sipotion_1749650541949_leaning_forward_0_45_jpg.rf.cb6a09f83bac171d310be3e1fd94cd5a.jpg,train,good_posture,SINGLE_sipotion_1749650541949_leaning_forward_0_45_jpg.rf.cb6a09f83bac171d310be3e1fd94cd5a.jpg,640,640,0.190625,0.134375,0.490625,0.658328,130.36,False,True,1,27,train
5678fa20200e3d80dc15d6db3090e4a1_jpg.rf.51c2cf195b6093f974f286d7be153990.jpg,train,good_posture,SINGLE_5678fa20200e3d80dc15d6db3090e4a1_jpg.rf.51c2cf195b6093f974f286d7be153990.jpg,502,640,0.088347,0.198125,0.414542,0.633672,191.96,False,True,1,28,valid
sipotion_1749660908457_leaning_forward_0_83_jpg.rf.23059baeaa1c8fb0704256e77e38083a.jpg,train,leaning_forward,ND_0011,640,640,0.139891,0.061625,0.670828,0.938359,105.84,False,True,1,29,train
sipotion_1749658601907_leaning_backward_0_52_jpg.rf.fe8e636369912d319f8aff30480b87e4.jpg,train,leaning_backward,SINGLE_sipotion_1749658601907_leaning_backward_0_52_jpg.rf.fe8e636369912d319f8aff30480b87e4.jpg,640,640,0.0,0.194797,0.685422,0.791672,161.2,False,True,1,30,train
ac97be302e96fe2b06d6813335189dd7_jpg.rf.a797a646925b00890ad2fe80613fc5a8.jpg,train,slouch,SINGLE_ac97be302e96fe2b06d6813335189dd7_jpg.rf.a797a646925b00890ad2fe80613fc5a8.jpg,426,640,0.190516,0.082281,0.662277,0.856094,183.08,False,True,1,31,train
85c031b309e33385e14a6c47b735e9a2_jpg.rf.db68234017e316945eee4996f7395dbb.jpg,train,slouch,SINGLE_85c031b309e33385e14a6c47b735e9a2_jpg.rf.db68234017e316945eee4996f7395dbb.jpg,640,459,0.126172,0.095621,0.328672,0.737298,220.93,False,True,2,32,valid
85c031b309e33385e14a6c47b735e9a2_jpg.rf.db68234017e316945eee4996f7395dbb.jpg,train,leaning_forward,SINGLE_85c031b309e33385e14a6c47b735e9a2_jpg.rf.db68234017e316945eee4996f7395dbb.jpg,640,459,0.553172,0.144336,0.271734,0.713813,220.93,False,True,2,33,valid
sipotion_1749658646618_leaning_forward_0_44_jpg.rf.db03a5bbda086c6decd82cb710242f43.jpg,train,leaning_forward,SINGLE_sipotion_1749658646618_leaning_forward_0_44_jpg.rf.db03a5bbda086c6decd82cb710242f43.jpg,640,640,0.210422,0.1375,0.510422,0.832297,123.53,False,True,1,34,test
sipotion_1749649859977_slouch_0_63_jpg.rf.0f65919b3a0b364aae7a341726de0f7c.jpg,train,leaning_backward,ND_0009,640,640,0.260422,0.225,0.404172,0.684375,112.59,False,True,1,35,train
sipotion_1749649826277_leaning_backward_0_86_jpg.rf.4a94dbd3c99df31514dd3ea5367a08af.jpg,train,leaning_backward,ND_0012,640,640,0.286453,0.479172,0.291672,0.367703,114.51,False,True,1,36,train
sipotion_1749658387145_good_posture_0_65_jpg.rf.d9266bf92b18319cbf2881749c1961ab.jpg,train,good_posture,SINGLE_sipotion_1749658387145_good_posture_0_65_jpg.rf.d9266bf92b18319cbf2881749c1961ab.jpg,640,640,0.234078,0.026312,0.522172,0.948,141.34,False,True,1,37,train
sipotion_1749658385294_good_posture_0_48_jpg.rf.88c632f00cc0674fffeb088892049e88.jpg,train,good_posture,SINGLE_sipotion_1749658385294_good_posture_0_48_jpg.rf.88c632f00cc0674fffeb088892049e88.jpg,640,640,0.191672,0.053125,0.623953,0.946875,138.06,False,True,1,38,valid
sipotion_1749658369570_slouch_0_47_jpg.rf.5735dc197b207d75bec003a5ccaf0ed4.jpg,train,leaning_backward,SINGLE_sipotion_1749658369570_slouch_0_47_jpg.rf.5735dc197b207d75bec003a5ccaf0ed4.jpg,640,640,0.368891,0.095719,0.385266,0.750109,138.34,False,True,1,39,valid
sipotion_1749658557209_slouch_0_40_jpg.rf.26dbbbf14197dddb074a86193aad0451.jpg,train,leaning_forward,SINGLE_sipotion_1749658557209_slouch_0_40_jpg.rf.26dbbbf14197dddb074a86193aad0451.jpg,640,640,0.311453,0.023953,0.540625,0.975,121.41,False,True,1,40,train
sipotion_1749658202114_leaning_forward_0_83_jpg.rf.978b4a18ab2f8bbefb179c24b2bac3aa.jpg,train,slouch,SINGLE_sipotion_1749658202114_leaning_forward_0_83_jpg.rf.978b4a18ab2f8bbefb179c24b2bac3aa.jpg,640,640,0.252078,0.308328,0.665625,0.690625,148.89,False,True,1,41,valid
f44c6ccd421750ad1c75b35d6b2ee4da_jpg.rf.2c652bccd2ca78d48a289e11cbe12891.jpg,train,good_posture,SINGLE_f44c6ccd421750ad1c75b35d6b2ee4da_jpg.rf.2c652bccd2ca78d48a289e11cbe12891.jpg,480,640,0.227667,0.146109,0.565188,0.701031,186.0,False,True,1,42,train
07c82ef97039dc0302cb5dfd1f4cb413_jpg.rf.d97c4c03daec059b46ff8cdad7f1b4dc.jpg,train,good_posture,SINGLE_07c82ef97039dc0302cb5dfd1f4cb413_jpg.rf.d97c4c03daec059b46ff8cdad7f1b4dc.jpg,640,426,0.729594,0.18993,0.222219,0.689202,175.38,False,True,1,43,train
12409ad7deb10d5ed474ba47e6738b4a_jpg.rf.3b1702d63ad0a9dcb2d79ff5c68e155d.jpg,train,slouch,SINGLE_12409ad7deb10d5ed474ba47e6738b4a_jpg.rf.3b1702d63ad0a9dcb2d79ff5c68e155d.jpg,640,640,0.247281,0.011766,0.456516,0.988219,146.1,False,True,1,44,train
sipotion_1749649786281_leaning_forward_0_86_jpg.rf.15510ce0c8edc6ba1493dfb6a0ac1cf7.jpg,train,slouch,SINGLE_sipotion_1749649786281_leaning_forward_0_86_jpg.rf.15510ce0c8edc6ba1493dfb6a0ac1cf7.jpg,640,640,0.220828,0.221875,0.536453,0.584375,105.86,False,True,1,45,train
2d9d6695b9738eff81cbab92e7e48700-Copy_jpg.rf.2bd12894bf06a8f86dc6ef73d61099ed.jpg,train,leaning_backward,SINGLE_2d9d6695b9738eff81cbab92e7e48700-Copy_jpg.rf.2bd12894bf06a8f86dc6ef73d61099ed.jpg,640,423,0.077438,0.018558,0.663297,0.957849,169.15,False,True,1,46,valid
a2b289bc83b7a4fd46328abc1128405d_jpg.rf.dcf1c3bec66ba974bd48c1163cb3e4b5.jpg,train,slouch,SINGLE_a2b289bc83b7a4fd46328abc1128405d_jpg.rf.dcf1c3bec66ba974bd48c1163cb3e4b5.jpg,640,640,0.788094,0.351391,0.113609,0.195609,212.59,False,True,2,47,train
a2b289bc83b7a4fd46328abc1128405d_jpg.rf.dcf1c3bec66ba974bd48c1163cb3e4b5.jpg,train,slouch,SINGLE_a2b289bc83b7a4fd46328abc1128405d_jpg.rf.dcf1c3bec66ba974bd48c1163cb3e4b5.jpg,640,640,0.702031,0.712594,0.204203,0.232266,212.59,False,True,2,48,train
sipotion_1749658834856_leaning_backward_0_69_jpg.rf.4eef4b81e703fae8f97f7fd5a128b697.jpg,train,good_posture,SINGLE_sipotion_1749658834856_leaning_backward_0_69_jpg.rf.4eef4b81e703fae8f97f7fd5a128b697.jpg,640,640,0.241672,0.233328,0.582297,0.75625,155.78,False,True,1,49,train
sipotion_1749658504608_slouch_0_56_jpg.rf.2f89a4b62a0fec14a74286edfe4e60a3.jpg,train,good_posture,SINGLE_sipotion_1749658504608_slouch_0_56_jpg.rf.2f89a4b62a0fec14a74286edfe4e60a3.jpg,640,640,0.28125,0.296875,0.391672,0.565625,114.09,False,True,1,50,test
c2bc59cd78921a4811bca7253f33bf8a-Copy_jpg.rf.12ced5adb9a6bce6b41db068ae9ae52b.jpg,train,leaning_backward,SINGLE_c2bc59cd78921a4811bca7253f33bf8a-Copy_jpg.rf.12ced5adb9a6bce6b41db068ae9ae52b.jpg,426,640,0.108967,0.390609,0.849014,0.435344,193.37,False,True,1,51,test
sipotion_1749658592179_leaning_backward_0_57_jpg.rf.1b646c04b560cc80de3c69720e0dce9e.jpg,train,leaning_backward,ND_0021,640,640,0.232297,0.14375,0.757297,0.851047,122.59,False,True,1,52,train
164beb21e641c2e24c5a1f6f62587bc1_jpg.rf.c1fe4efbb833abc0060ad38c537226f9.jpg,train,slouch,SINGLE_164beb21e641c2e24c5a1f6f62587bc1_jpg.rf.c1fe4efbb833abc0060ad38c537226f9.jpg,640,314,0.112391,0.164459,0.245797,0.617898,231.39,False,True,2,53,test
164beb21e641c2e24c5a1f6f62587bc1_jpg.rf.c1fe4efbb833abc0060ad38c537226f9.jpg,train,leaning_backward,SINGLE_164beb21e641c2e24c5a1f6f62587bc1_jpg.rf.c1fe4efbb833abc0060ad38c537226f9.jpg,640,314,0.387859,0.106592,0.348312,0.563408,231.39,False,True,2,54,test
642810152cca1b37a584fac07693a363_jpg.rf.44a6b80d928650d62dba3aa4d211823c.jpg,train,leaning_forward,SINGLE_642810152cca1b37a584fac07693a363_jpg.rf.44a6b80d928650d62dba3aa4d211823c.jpg,640,640,0.076078,0.109594,0.392219,0.772859,199.61,False,True,2,55,train
642810152cca1b37a584fac07693a363_jpg.rf.44a6b80d928650d62dba3aa4d211823c.jpg,train,slouch,SINGLE_642810152cca1b37a584fac07693a363_jpg.rf.44a6b80d928650d62dba3aa4d211823c.jpg,640,640,0.497281,0.093297,0.451094,0.807266,199.61,False,True,2,56,train
sipotion_1749658658497_slouch_0_81_jpg.rf.d38860f50cefb5975a94f695f947d3d2.jpg,train,leaning_forward,ND_0003,640,640,0.260422,0.219797,0.492703,0.764578,152.44,False,True,1,57,train
bb8d22e4651148c458fdfca7e92d22f9_jpg.rf.cea3a98b1b592ca58b00039b83d7391a.jpg,train,good_posture,SINGLE_bb8d22e4651148c458fdfca7e92d22f9_jpg.rf.cea3a98b1b592ca58b00039b83d7391a.jpg,426,640,0.065258,0.152562,0.507347,0.490969,166.53,False,True,1,58,test
sipotion_1749649829222_leaning_backward_0_85_jpg.rf.cd58771c8e0857e69e9ce39fbdab5729.jpg,train,leaning_backward,ND_0012,640,640,0.285422,0.46875,0.285422,0.351047,133.23,False,True,1,59,train
334cbc1795755361563740d1b9c2ba02_jpg.rf.a6a7a4dda70cec7a7518a465ef2dcdd6.jpg,train,leaning_forward,SINGLE_334cbc1795755361563740d1b9c2ba02_jpg.rf.a6a7a4dda70cec7a7518a465ef2dcdd6.jpg,537,640,0.078901,0.003047,0.805419,0.979531,166.82,False,True,1,60,train
sipotion_1749658273577_good_posture_0_72_jpg.rf.486224dc355378e655413def1352e9ff.jpg,train,good_posture,SINGLE_sipotion_1749658273577_good_posture_0_72_jpg.rf.486224dc355378e655413def1352e9ff.jpg,640,640,0.14375,0.114578,0.589578,0.884375,149.06,False,True,1,61,train
sipotion_1749660936500_leaning_forward_0_85_jpg.rf.3522e0fbbdc135f03a0acbab14f85120.jpg,train,leaning_forward,ND_0013,640,640,0.298953,0.186453,0.511453,0.807297,126.6,False,True,1,62,train
sipotion_1749660918279_leaning_forward_0_93_jpg.rf.625f894163494d676920e088a9a3031a.jpg,train,leaning_forward,SINGLE_sipotion_1749660918279_leaning_forward_0_93_jpg.rf.625f894163494d676920e088a9a3031a.jpg,640,640,0.21875,0.040625,0.596875,0.952078,106.69,False,True,1,63,train
f96e0320bb76b43237861d629e025daa-1-_jpg.rf.8a4391d38ddbde7a8c529cd70c8301d4.jpg,train,leaning_backward,SINGLE_f96e0320bb76b43237861d629e025daa-1-_jpg.rf.8a4391d38ddbde7a8c529cd70c8301d4.jpg,491,640,0.170061,0.381875,0.573727,0.536891,181.25,False,True,1,64,valid
4bf7a1f74bd8a456fecc108fe136dcea_jpg.rf.e0181a963af50ca0e7511833cf094e95.jpg,train,leaning_backward,SINGLE_4bf7a1f74bd8a456fecc108fe136dcea_jpg.rf.e0181a963af50ca0e7511833cf094e95.jpg,426,640,0.115681,0.415156,0.650915,0.299906,127.83,False,True,1,65,train
sipotion_1749658652880_slouch_0_76_jpg.rf.f8cd8fd3375b3b21681716a0afbfe08c.jpg,train,leaning_forward,ND_0003,640,640,0.233328,0.219797,0.516672,0.779172,156.75,False,True,1,66,train
sipotion_1749658655732_slouch_0_84_jpg.rf.1f9fd59ce28a9a5e82b4145d14b1f3d2.jpg,train,good_posture,SINGLE_sipotion_1749658655732_slouch_0_84_jpg.rf.1f9fd59ce28a9a5e82b4145d14b1f3d2.jpg,640,640,0.208328,0.164578,0.544797,0.822922,136.11,False,True,1,67,train
sipotion_1749658433630_good_posture_0_77_jpg.rf.9fa58e32268ca4cc678cc457054fd15f.jpg,train,leaning_backward,SINGLE_sipotion_1749658433630_good_posture_0_77_jpg.rf.9fa58e32268ca4cc678cc457054fd15f.jpg,640,640,0.40625,0.391672,0.301047,0.407297,144.16,False,True,1,68,valid
sipotion_1749658422979_slouch_0_86_jpg.rf.f9bc69c200b78a51ff3aec363fdd95ee.jpg,train,good_posture,SINGLE_sipotion_1749658422979_slouch_0_86_jpg.rf.f9bc69c200b78a51ff3aec363fdd95ee.jpg,640,640,0.377984,0.090625,0.383484,0.766453,137.15,False,True,1,69,train
sipotion_1749658442127_good_posture_0_53_jpg.rf.bd7378953f28490c8dd013edd3900395.jpg,train,good_posture,SINGLE_sipotion_1749658442127_good_posture_0_53_jpg.rf.bd7378953f28490c8dd013edd3900395.jpg,640,640,0.0,0.129172,0.508328,0.869797,148.71,False,True,1,70,train
4edf682b2586f97d3036b834179bb71e_jpg.rf.15dbfe28a107ad6766366a65a5d70021.jpg,train,leaning_backward,SINGLE_4edf682b2586f97d3036b834179bb71e_jpg.rf.15dbfe28a107ad6766366a65a5d70021.jpg,480,640,0.190292,0.421344,0.509687,0.286562,121.11,False,True,1,71,train
d431ef6818d215d304c11efe5a8d485d_jpg.rf.f4c65b623ecc3197482189e109820891.jpg,train,leaning_backward,SINGLE_d431ef6818d215d304c11efe5a8d485d_jpg.rf.f4c65b623ecc3197482189e109820891.jpg,465,640,0.34714,0.460766,0.585398,0.377719,214.49,False,True,1,72,train
df71d8ccc4340726edec1490867bf2b5_jpg.rf.8da49f91ab5020cc92cb42d2450a0dd9.jpg,train,good_posture,SINGLE_df71d8ccc4340726edec1490867bf2b5_jpg.rf.8da49f91ab5020cc92cb42d2450a0dd9.jpg,426,640,0.368099,0.012094,0.524859,0.6695,170.17,False,True,1,73,train
sipotion_1749650401543_leaning_forward_0_58_jpg.rf.7725919671b206dd9e24898ab94209e1.jpg,train,leaning_forward,ND_0017,640,640,0.373953,0.33125,0.41875,0.457297,105.89,False,True,1,74,train
sipotion_1749658178359_good_posture_0_71_jpg.rf.0b2c683ee8e2ea563c0401cb9d803b45.jpg,train,leaning_backward,SINGLE_sipotion_1749658178359_good_posture_0_71_jpg.rf.0b2c683ee8e2ea563c0401cb9d803b45.jpg,640,640,0.270828,0.216672,0.71875,0.782297,134.21,False,True,1,75,test
sipotion_1749642775499_leaning_forward_0_70_jpg.rf.9875c6cfe98a700506bbffbb304ec449.jpg,train,slouch,SINGLE_sipotion_1749642775499_leaning_forward_0_70_jpg.rf.9875c6cfe98a700506bbffbb304ec449.jpg,640,640,0.298953,0.271875,0.471875,0.479172,95.76,False,True,1,76,valid
sipotion_1749660914798_leaning_forward_0_92_jpg.rf.13ad6cb48abfb2fadc35b9456f639a24.jpg,train,leaning_forward,SINGLE_sipotion_1749660914798_leaning_forward_0_92_jpg.rf.13ad6cb48abfb2fadc35b9456f639a24.jpg,640,640,0.207297,0.030203,0.604172,0.9625,108.14,False,True,1,77,train
sipotion_1749649868548_slouch_0_86_jpg.rf.9eb0741bf441b370b5726c9d301c7017.jpg,train,good_posture,ND_0009,640,640,0.25625,0.30625,0.405203,0.625,119.08,False,True,1,78,train
sipotion_1749660935080_leaning_forward_0_91_jpg.rf.f3bd6cb3d47f968f17256d35efcf90ba.jpg,train,leaning_forward,ND_0004,640,640,0.21875,0.261453,0.435422,0.735422,119.36,False,True,1,79,train
0138e93a957e274905ea6c2ed2d4042d_jpg.rf.601de128185a0d950a6067ad646f88c8.jpg,train,leaning_forward,SINGLE_0138e93a957e274905ea6c2ed2d4042d_jpg.rf.601de128185a0d950a6067ad646f88c8.jpg,640,640,0.61825,0.054219,0.149719,0.230672,211.41,False,True,10,80,train
0138e93a957e274905ea6c2ed2d4042d_jpg.rf.601de128185a0d950a6067ad646f88c8.jpg,train,leaning_forward,SINGLE_0138e93a957e274905ea6c2ed2d4042d_jpg.rf.601de128185a0d950a6067ad646f88c8.jpg,640,640,0.814297,0.050984,0.160484,0.231031,211.41,False,True,10,81,train
0138e93a957e274905ea6c2ed2d4042d_jpg.rf.601de128185a0d950a6067ad646f88c8.jpg,train,leaning_forward,SINGLE_0138e93a957e274905ea6c2ed2d4042d_jpg.rf.601de128185a0d950a6067ad646f88c8.jpg,640,640,0.828297,0.387031,0.155812,0.226609,211.41,False,True,10,82,train
0138e93a957e274905ea6c2ed2d4042d_jpg.rf.601de128185a0d950a6067ad646f88c8.jpg,train,leaning_forward,SINGLE_0138e93a957e274905ea6c2ed2d4042d_jpg.rf.601de128185a0d950a6067ad646f88c8.jpg,640,640,0.218656,0.381656,0.165516,0.242391,211.41,False,True,10,83,train
0138e93a957e274905ea6c2ed2d4042d_jpg.rf.601de128185a0d950a6067ad646f88c8.jpg,train,leaning_forward,SINGLE_0138e93a957e274905ea6c2ed2d4042d_jpg.rf.601de128185a0d950a6067ad646f88c8.jpg,640,640,0.018313,0.383813,0.163359,0.240969,211.41,False,True,10,84,train
0138e93a957e274905ea6c2ed2d4042d_jpg.rf.601de128185a0d950a6067ad646f88c8.jpg,train,leaning_forward,SINGLE_0138e93a957e274905ea6c2ed2d4042d_jpg.rf.601de128185a0d950a6067ad646f88c8.jpg,640,640,0.042016,0.712328,0.154016,0.23025,211.41,False,True,10,85,train
0138e93a957e274905ea6c2ed2d4042d_jpg.rf.601de128185a0d950a6067ad646f88c8.jpg,train,leaning_forward,SINGLE_0138e93a957e274905ea6c2ed2d4042d_jpg.rf.601de128185a0d950a6067ad646f88c8.jpg,640,640,0.228344,0.713391,0.166594,0.229891,211.41,False,True,10,86,train
0138e93a957e274905ea6c2ed2d4042d_jpg.rf.601de128185a0d950a6067ad646f88c8.jpg,train,leaning_forward,SINGLE_0138e93a957e274905ea6c2ed2d4042d_jpg.rf.601de128185a0d950a6067ad646f88c8.jpg,640,640,0.443766,0.724172,0.149359,0.241375,211.41,False,True,10,87,train
0138e93a957e274905ea6c2ed2d4042d_jpg.rf.601de128185a0d950a6067ad646f88c8.jpg,train,leaning_forward,SINGLE_0138e93a957e274905ea6c2ed2d4042d_jpg.rf.601de128185a0d950a6067ad646f88c8.jpg,640,640,0.634422,0.726328,0.156531,0.232766,211.41,False,True,10,88,train
0138e93a957e274905ea6c2ed2d4042d_jpg.rf.601de128185a0d950a6067ad646f88c8.jpg,train,leaning_forward,SINGLE_0138e93a957e274905ea6c2ed2d4042d_jpg.rf.601de128185a0d950a6067ad646f88c8.jpg,640,640,0.843359,0.719859,0.14075,0.253578,211.41,False,True,10,89,train
a661ffb01f95295449f9d5357024b13e_jpg.rf.58e2468e4ab71622dfaa6564cb083acb.jpg,train,leaning_forward,SINGLE_a661ffb01f95295449f9d5357024b13e_jpg.rf.58e2468e4ab71622dfaa6564cb083acb.jpg,640,426,0.259375,0.08216,0.251563,0.91784,212.53,False,True,1,90,train
sipotion_1749648180037_leaning_forward_0_82_jpg.rf.f982d335b0f69c83b3389ec79d5c5988.jpg,train,slouch,SINGLE_sipotion_1749648180037_leaning_forward_0_82_jpg.rf.f982d335b0f69c83b3389ec79d5c5988.jpg,640,640,0.391672,0.055203,0.483328,0.797922,148.56,False,True,1,91,test
sipotion_1749642774253_leaning_forward_0_48_jpg.rf.7ee6346799ec7594ad7dca2c5b5dd9df.jpg,train,slouch,SINGLE_sipotion_1749642774253_leaning_forward_0_48_jpg.rf.7ee6346799ec7594ad7dca2c5b5dd9df.jpg,640,640,0.307297,0.294797,0.471875,0.482297,97.41,False,True,1,92,valid
12549cd180196f34b4527ceb4f8eab15_jpg.rf.7d67896ccdd692205b5ce7a42339a3e6.jpg,train,good_posture,SINGLE_12549cd180196f34b4527ceb4f8eab15_jpg.rf.7d67896ccdd692205b5ce7a42339a3e6.jpg,479,640,0.237035,0.053312,0.623215,0.946688,177.54,False,True,1,93,train
sipotion_1749658638019_good_posture_0_45_jpg.rf.5ec32f364f88c7aa5479128056bf4a31.jpg,train,good_posture,SINGLE_sipotion_1749658638019_good_posture_0_45_jpg.rf.5ec32f364f88c7aa5479128056bf4a31.jpg,640,640,0.172922,0.198953,0.50625,0.796875,120.03,False,True,1,94,train
sipotion_1749658643366_slouch_0_75_jpg.rf.dec505548c56b3ecbeae3f29fd807e10.jpg,train,leaning_forward,SINGLE_sipotion_1749658643366_slouch_0_75_jpg.rf.dec505548c56b3ecbeae3f29fd807e10.jpg,640,640,0.154172,0.095828,0.576047,0.865625,137.45,False,True,1,95,train
sipotion_1749645595364_slouch_0_84_jpg.rf.4a21416230f7d636b3bb398ed9b80adf.jpg,train,leaning_backward,SINGLE_sipotion_1749645595364_slouch_0_84_jpg.rf.4a21416230f7d636b3bb398ed9b80adf.jpg,640,640,0.208328,0.222922,0.669797,0.726047,113.93,False,True,1,96,train
sipotion_1749658262311_slouch_0_73_jpg.rf.7b54b4a24c5d78c4be3e62406796273e.jpg,train,good_posture,SINGLE_sipotion_1749658262311_slouch_0_73_jpg.rf.7b54b4a24c5d78c4be3e62406796273e.jpg,640,640,0.177078,0.110422,0.589578,0.888547,159.2,False,True,1,97,train
d47bfdaf545091c1be93494644ea634d_jpg.rf.3427cbccab87faa602fc3c20ab16f2ec.jpg,train,leaning_forward,SINGLE_d47bfdaf545091c1be93494644ea634d_jpg.rf.3427cbccab87faa602fc3c20ab16f2ec.jpg,640,426,0.271297,0.144202,0.170328,0.312324,189.92,False,True,2,98,train
d47bfdaf545091c1be93494644ea634d_jpg.rf.3427cbccab87faa602fc3c20ab16f2ec.jpg,train,leaning_forward,SINGLE_d47bfdaf545091c1be93494644ea634d_jpg.rf.3427cbccab87faa602fc3c20ab16f2ec.jpg,640,426,0.417031,0.132347,0.131703,0.282887,189.92,False,True,2,99,train
sipotion_1749658299486_leaning_backward_0_77_jpg.rf.90dbac00dbd0b79961482696ea1899c6.jpg,train,leaning_backward,SINGLE_sipotion_1749658299486_leaning_backward_0_77_jpg.rf.90dbac00dbd0b79961482696ea1899c6.jpg,640,640,0.002078,0.223953,0.814578,0.769797,132.25,False,True,1,100,test
sipotion_1749643406632_leaning_forward_0_55_jpg.rf.e61215c99298cdc791e1f78160e79c63.jpg,train,leaning_backward,ND_0000,640,640,0.455203,0.267703,0.333328,0.584375,101.77,False,True,1,101,train
7e8987d97815ac92e40af23969d37b6d_jpg.rf.e9b6aeaab13338a7b44e6ed7e460fbcf.jpg,train,leaning_backward,SINGLE_7e8987d97815ac92e40af23969d37b6d_jpg.rf.e9b6aeaab13338a7b44e6ed7e460fbcf.jpg,640,426,0.326531,0.172042,0.353172,0.518122,202.33,False,True,1,102,test
sipotion_1749658458320_slouch_0_78_jpg.rf.a185d3ad24d2248935e1fc4f18243fb1.jpg,train,good_posture,SINGLE_sipotion_1749658458320_slouch_0_78_jpg.rf.a185d3ad24d2248935e1fc4f18243fb1.jpg,640,640,0.147922,0.147922,0.538547,0.821875,78.23,False,True,1,103,train
cd73af0a7e9bee5131375eedd7085d25-Copy_jpg.rf.23d6ec572e70e35874420ef6e3259027.jpg,train,leaning_backward,SINGLE_cd73af0a7e9bee5131375eedd7085d25-Copy_jpg.rf.23d6ec572e70e35874420ef6e3259027.jpg,426,640,0.184038,0.255563,0.719859,0.595266,139.7,False,True,1,104,valid
21821f3caee00e219a0312ce4934fb83-Copy-2-_jpg.rf.d9c678339fc98f1183eb71ee5a9a561f.jpg,train,leaning_backward,SINGLE_21821f3caee00e219a0312ce4934fb83-Copy-2-_jpg.rf.d9c678339fc98f1183eb71ee5a9a561f.jpg,480,640,0.121521,0.245656,0.821771,0.63475,79.02,False,True,1,105,train
sipotion_1749658828803_leaning_forward_0_75_jpg.rf.8b56297a19cec1982cc64432b1fd96b0.jpg,train,good_posture,SINGLE_sipotion_1749658828803_leaning_forward_0_75_jpg.rf.8b56297a19cec1982cc64432b1fd96b0.jpg,640,640,0.280203,0.152078,0.567703,0.836453,152.89,False,True,1,106,test
dfec9db25da4c451e5fe8f32d856c863_jpg.rf.76251fa87322bc2592494573fae49b0a.jpg,train,good_posture,SINGLE_dfec9db25da4c451e5fe8f32d856c863_jpg.rf.76251fa87322bc2592494573fae49b0a.jpg,640,640,0.220109,0.033516,0.324281,0.52125,114.93,False,True,1,107,train
bbba32a0604bc925cc7c0c82e83dadd9_jpg.rf.1c86d6c6428b8de320af63d3a9568444.jpg,train,leaning_forward,SINGLE_bbba32a0604bc925cc7c0c82e83dadd9_jpg.rf.1c86d6c6428b8de320af63d3a9568444.jpg,640,426,0.212297,0.138638,0.290984,0.78007,219.29,False,True,2,108,test
bbba32a0604bc925cc7c0c82e83dadd9_jpg.rf.1c86d6c6428b8de320af63d3a9568444.jpg,train,leaning_forward,SINGLE_bbba32a0604bc925cc7c0c82e83dadd9_jpg.rf.1c86d6c6428b8de320af63d3a9568444.jpg,640,426,0.531594,0.108005,0.285328,0.739319,219.29,False,True,2,109,test
2433a50aeeb63b52d760b867a3b6e3a0-1-_jpg.rf.7f9fd6a7fe026846cc38a2e6a4cdd986.jpg,train,leaning_backward,SINGLE_2433a50aeeb63b52d760b867a3b6e3a0-1-_jpg.rf.7f9fd6a7fe026846cc38a2e6a4cdd986.jpg,506,640,0.273142,0.167031,0.613972,0.618594,138.46,False,True,1,110,train
1e077cbdaf6bf7432f615de9c900f1f6_jpg.rf.0234ea9151cc51112d6ae00b7d5f8380.jpg,train,leaning_backward,SINGLE_1e077cbdaf6bf7432f615de9c900f1f6_jpg.rf.0234ea9151cc51112d6ae00b7d5f8380.jpg,426,640,0.0,0.238531,0.721244,0.701344,180.64,False,True,1,111,train
sipotion_1749658641704_good_posture_0_77_jpg.rf.4118283b9b55f366438b3eaa09f7b3ab.jpg,train,good_posture,SINGLE_sipotion_1749658641704_good_posture_0_77_jpg.rf.4118283b9b55f366438b3eaa09f7b3ab.jpg,640,640,0.047922,0.089578,0.590625,0.909375,143.75,False,True,1,112,train
e5604a6624bedc3aeed64683825cd0c0-Copy_jpg.rf.4e0c03914fe5b0d9a62b6a78edf056f0.jpg,train,leaning_backward,SINGLE_e5604a6624bedc3aeed64683825cd0c0-Copy_jpg.rf.4e0c03914fe5b0d9a62b6a78edf056f0.jpg,435,640,0.128759,0.265687,0.842115,0.715172,85.3,False,True,1,113,train
3ae0a216bf8c89853fc98afed0124740-Copy_jpg.rf.311635dcce6f67ef5f37de57bf9fe253.jpg,train,leaning_backward,SINGLE_3ae0a216bf8c89853fc98afed0124740-Copy_jpg.rf.311635dcce6f67ef5f37de57bf9fe253.jpg,640,480,0.044641,0.038687,0.822969,0.883521,142.57,False,True,1,114,train
sipotion_1749645589982_slouch_0_71_jpg.rf.80f5c486a73e4d22c75cdb855a5fcc51.jpg,train,leaning_backward,ND_0022,640,640,0.161453,0.25,0.642703,0.711453,116.79,False,True,1,115,train
sipotion_1749658448988_slouch_0_84_jpg.rf.e6660bf5603a631393da8704825aca30.jpg,train,good_posture,ND_0018,640,640,0.027078,0.084375,0.56875,0.913547,141.66,False,True,1,116,train
sipotion_1749648876198_leaning_forward_0_65_jpg.rf.1e46ee024b6af2cec059d62144c72406.jpg,train,leaning_forward,SINGLE_sipotion_1749648876198_leaning_forward_0_65_jpg.rf.1e46ee024b6af2cec059d62144c72406.jpg,640,640,0.179172,0.189578,0.5,0.802078,131.75,False,True,1,117,train
09e09f885afa44118ab87bd5665c62f0-Copy_jpg.rf.bd8efccdf939bd5a0caac32851a03d9b.jpg,train,leaning_backward,SINGLE_09e09f885afa44118ab87bd5665c62f0-Copy_jpg.rf.bd8efccdf939bd5a0caac32851a03d9b.jpg,480,640,0.118917,0.146109,0.868729,0.656875,130.1,False,True,1,118,valid
2fd36c70e229800db9a2de27e2f1f0eb_jpg.rf.a81d1ca16a5ae39c4bcc5028dd3f2801.jpg,train,good_posture,SINGLE_2fd36c70e229800db9a2de27e2f1f0eb_jpg.rf.a81d1ca16a5ae39c4bcc5028dd3f2801.jpg,470,640,0.27883,0.0,0.684106,0.754203,195.44,False,True,1,119,train
sipotion_1749649872648_good_posture_0_83_jpg.rf.cf3c89f146a64438f4d19633eb2a575e.jpg,train,good_posture,SINGLE_sipotion_1749649872648_good_posture_0_83_jpg.rf.cf3c89f146a64438f4d19633eb2a575e.jpg,640,640,0.267703,0.26875,0.402078,0.677078,112.5,False,True,1,120,train
6fa6108ec125b86c241e37f7dbbbaa0c-Copy-2-_jpg.rf.e7cf75c20a16c5ef6c410e23db876f69.jpg,train,leaning_backward,SINGLE_6fa6108ec125b86c241e37f7dbbbaa0c-Copy-2-_jpg.rf.e7cf75c20a16c5ef6c410e23db876f69.jpg,426,640,0.023826,0.116109,0.946901,0.731578,99.7,False,True,1,121,train
sipotion_1749650629537_leaning_forward_0_74_jpg.rf.6d3655b770b62b12fa689845607d8d52.jpg,train,slouch,SINGLE_sipotion_1749650629537_leaning_forward_0_74_jpg.rf.6d3655b770b62b12fa689845607d8d52.jpg,640,640,0.244797,0.269797,0.514578,0.690625,108.11,False,True,1,122,train
sipotion_1749660955828_leaning_forward_0_77_jpg.rf.b82f4c76fed9a6df75807bfff30380fe.jpg,train,leaning_forward,SINGLE_sipotion_1749660955828_leaning_forward_0_77_jpg.rf.b82f4c76fed9a6df75807bfff30380fe.jpg,640,640,0.217703,0.077078,0.604172,0.909375,107.8,False,True,1,123,train
fd3c0a1d148c0464657d60fdbc00e435_jpg.rf.98b074d12f3a4ad746cbe1a45e9ab8c5.jpg,train,good_posture,SINGLE_fd3c0a1d148c0464657d60fdbc00e435_jpg.rf.98b074d12f3a4ad746cbe1a45e9ab8c5.jpg,426,640,0.517113,0.270234,0.310728,0.496125,206.56,False,True,1,124,test
sipotion_1749658123570_leaning_forward_0_72_jpg.rf.f35f90a32ab0a7adf8d1c0a9c2c7d2c1.jpg,train,leaning_backward,SINGLE_sipotion_1749658123570_leaning_forward_0_72_jpg.rf.f35f90a32ab0a7adf8d1c0a9c2c7d2c1.jpg,640,640,0.280203,0.372922,0.532297,0.534375,127.06,False,True,1,125,valid
e05314483d2996c4f28557bd514225a6_jpg.rf.076cc17b768110344549a619990f07a6.jpg,train,leaning_forward,SINGLE_e05314483d2996c4f28557bd514225a6_jpg.rf.076cc17b768110344549a619990f07a6.jpg,426,640,0.153075,0.4695,0.624859,0.477906,234.91,False,True,1,126,train
sipotion_1749649839187_leaning_backward_0_87_jpg.rf.28070e7c36d426da233d3d90b942d15b.jpg,train,leaning_backward,ND_0012,640,640,0.0,0.321875,0.582297,0.578125,123.43,False,True,1,127,train
sipotion_1749649831717_leaning_backward_0_87_jpg.rf.2da313649b27519ac1f868e961ef0bd3.jpg,train,leaning_backward,SINGLE_sipotion_1749649831717_leaning_backward_0_87_jpg.rf.2da313649b27519ac1f868e961ef0bd3.jpg,640,640,0.058328,0.316672,0.548953,0.565625,122.66,False,True,1,128,train
c68978748040ecf1b74bc3107b5d2bcb-Copy_jpg.rf.9087477bfbf3692ab0efb56c006d3139.jpg,train,leaning_backward,SINGLE_c68978748040ecf1b74bc3107b5d2bcb-Copy_jpg.rf.9087477bfbf3692ab0efb56c006d3139.jpg,640,640,0.209234,0.177531,0.75,0.621641,213.69,False,True,1,129,train
sipotion_1749658634338_good_posture_0_84_jpg.rf.163e76fafaae7ca6e2c0ffaad7d56b91.jpg,train,good_posture,SINGLE_sipotion_1749658634338_good_posture_0_84_jpg.rf.163e76fafaae7ca6e2c0ffaad7d56b91.jpg,640,640,0.015625,0.127078,0.578125,0.86875,125.86,False,True,1,130,train
sipotion_1749658437008_good_posture_0_50_jpg.rf.0d4a07889670840df7aa618b41c39ed7.jpg,train,leaning_backward,SINGLE_sipotion_1749658437008_good_posture_0_50_jpg.rf.0d4a07889670840df7aa618b41c39ed7.jpg,640,640,0.295828,0.43125,0.303125,0.435422,155.05,False,True,1,131,train
sipotion_1749658451280_slouch_0_45_jpg.rf.79d512df7379b09b8de23731761d3e09.jpg,train,good_posture,SINGLE_sipotion_1749658451280_slouch_0_45_jpg.rf.79d512df7379b09b8de23731761d3e09.jpg,640,640,0.125,0.129172,0.58125,0.869797,145.16,False,True,1,132,train
sipotion_1749658604526_leaning_backward_0_60_jpg.rf.28bd337d87ccc2a59e1ceb3152c9ead0.jpg,train,leaning_backward,SINGLE_sipotion_1749658604526_leaning_backward_0_60_jpg.rf.28bd337d87ccc2a59e1ceb3152c9ead0.jpg,640,640,0.0,0.184375,0.704172,0.804172,126.98,False,True,1,133,train
f6e18f36f8f24f3d4f57011266eae634_jpg.rf.4421bffbf647494781b667b809395829.jpg,train,leaning_forward,SINGLE_f6e18f36f8f24f3d4f57011266eae634_jpg.rf.4421bffbf647494781b667b809395829.jpg,640,426,0.171531,0.120751,0.314766,0.750352,230.13,False,True,2,134,test
f6e18f36f8f24f3d4f57011266eae634_jpg.rf.4421bffbf647494781b667b809395829.jpg,train,leaning_forward,SINGLE_f6e18f36f8f24f3d4f57011266eae634_jpg.rf.4421bffbf647494781b667b809395829.jpg,640,426,0.504422,0.077394,0.295516,0.841315,230.13,False,True,2,135,test
sipotion_1749650613542_good_posture_0_48_jpg.rf.88c93f2eb66d405595d48c06102e547b.jpg,train,good_posture,SINGLE_sipotion_1749650613542_good_posture_0_48_jpg.rf.88c93f2eb66d405595d48c06102e547b.jpg,640,640,0.002078,0.144797,0.44375,0.853125,158.58,False,True,1,136,test
sipotion_1749660940181_leaning_forward_0_90_jpg.rf.6873c0f5cb0500115f48b8b1bc12a532.jpg,train,leaning_forward,SINGLE_sipotion_1749660940181_leaning_forward_0_90_jpg.rf.6873c0f5cb0500115f48b8b1bc12a532.jpg,640,640,0.276047,0.234375,0.461453,0.7625,121.21,False,True,1,137,test
sipotion_1749658420718_slouch_0_86_jpg.rf.0a487d7a73f184cecb1c439794562d54.jpg,train,good_posture,ND_0023,640,640,0.28825,0.050328,0.456391,0.859453,138.88,False,True,1,138,train
09301a2b43d56f479527a3bb7a3a677f-Copy_jpg.rf.337e41395bf7a48cb9a36b3809fb9ed4.jpg,train,leaning_backward,SINGLE_09301a2b43d56f479527a3bb7a3a677f-Copy_jpg.rf.337e41395bf7a48cb9a36b3809fb9ed4.jpg,640,334,0.278125,0.101796,0.692187,0.898204,173.53,False,True,1,139,test
sipotion_1749658304298_leaning_backward_0_52_jpg.rf.084f3777200bf03fe8225235bfcee008.jpg,train,leaning_backward,ND_0020,640,640,0.139578,0.346875,0.75,0.6125,133.18,False,True,1,140,train
sipotion_1749658412228_good_posture_0_74_jpg.rf.2b89b69ad4f12c9686a9ffeb8f8943a6.jpg,train,leaning_backward,SINGLE_sipotion_1749658412228_good_posture_0_74_jpg.rf.2b89b69ad4f12c9686a9ffeb8f8943a6.jpg,640,640,0.260859,0.061781,0.455797,0.710141,138.95,False,True,1,141,train
sipotion_1749658446733_slouch_0_88_jpg.rf.fa7237aee7f3991d0c780b7c1769dc7f.jpg,train,good_posture,ND_0018,640,640,0.01875,0.084375,0.563547,0.914578,136.64,False,True,1,142,train
3cdae28d0a450e822ac4b9f2e9659c47_jpg.rf.2f7fefa22971dc006b04908f77933764.jpg,train,slouch,SINGLE_3cdae28d0a450e822ac4b9f2e9659c47_jpg.rf.2f7fefa22971dc006b04908f77933764.jpg,640,360,0.169031,0.0,0.2945,0.977389,201.93,False,True,2,143,valid
3cdae28d0a450e822ac4b9f2e9659c47_jpg.rf.2f7fefa22971dc006b04908f77933764.jpg,train,leaning_backward,SINGLE_3cdae28d0a450e822ac4b9f2e9659c47_jpg.rf.2f7fefa22971dc006b04908f77933764.jpg,640,360,0.595172,0.0,0.32575,1.0,201.93,False,True,2,144,valid
sipotion_1749649795485_slouch_0_86_jpg.rf.2bd1d63d9950793142e53f13d0b12d45.jpg,train,slouch,SINGLE_sipotion_1749649795485_slouch_0_86_jpg.rf.2bd1d63d9950793142e53f13d0b12d45.jpg,640,640,0.236453,0.1125,0.607297,0.765625,111.56,False,True,1,145,train
20391302a3fa71cfe6c528a9ce6608e8-Copy_jpg.rf.4229c39779dccf994e8f9bf213255362.jpg,train,leaning_backward,SINGLE_20391302a3fa71cfe6c528a9ce6608e8-Copy_jpg.rf.4229c39779dccf994e8f9bf213255362.jpg,426,640,0.086854,0.117188,0.913146,0.776563,111.27,False,True,1,146,train
sipotion_1749647352388_good_posture_0_69_jpg.rf.63cefee89431cffc795f140cf2d54232.jpg,train,leaning_backward,SINGLE_sipotion_1749647352388_good_posture_0_69_jpg.rf.63cefee89431cffc795f140cf2d54232.jpg,640,640,0.471875,0.422922,0.192703,0.335422,121.1,False,True,1,147,valid
f51df552cb413d9b48a554464edef3e9-Copy_jpg.rf.7eab833ff146ac5c7f0365bdcec2fd35.jpg,train,leaning_backward,SINGLE_f51df552cb413d9b48a554464edef3e9-Copy_jpg.rf.7eab833ff146ac5c7f0365bdcec2fd35.jpg,457,640,0.100022,0.172234,0.834705,0.712063,132.74,False,True,1,148,train
sipotion_1749658459865_slouch_0_77_jpg.rf.b649ccceecb386a992e3f4c2e06526e6.jpg,train,good_posture,SINGLE_sipotion_1749658459865_slouch_0_77_jpg.rf.b649ccceecb386a992e3f4c2e06526e6.jpg,640,640,0.147922,0.167703,0.515625,0.804172,71.92,False,True,1,149,train
7fb92fe484957615d0cc11f9fd553f04_jpg.rf.eacad5e9cf52b89ca6a52937c744194e.jpg,train,good_posture,SINGLE_7fb92fe484957615d0cc11f9fd553f04_jpg.rf.eacad5e9cf52b89ca6a52937c744194e.jpg,427,640,0.445691,0.399203,0.382998,0.500359,159.63,False,True,1,150,train
sipotion_1749658594702_slouch_0_54_jpg.rf.6757b893848cd64a8014a28506a4fb36.jpg,train,leaning_backward,ND_0021,640,640,0.264578,0.139578,0.73125,0.859375,124.97,False,True,1,151,train
sipotion_1749658256683_slouch_0_89_jpg.rf.9422c6312684d00af05a3f958c2f75c9.jpg,train,leaning_forward,SINGLE_sipotion_1749658256683_slouch_0_89_jpg.rf.9422c6312684d00af05a3f958c2f75c9.jpg,640,640,0.0,0.036453,0.489578,0.960422,147.53,False,True,1,152,valid
849b2ec6f8b8a6a998ec0b8f32c7fecd_jpg.rf.5b3a2c5212f0bb3a054b889921e2e919.jpg,train,good_posture,SINGLE_849b2ec6f8b8a6a998ec0b8f32c7fecd_jpg.rf.5b3a2c5212f0bb3a054b889921e2e919.jpg,640,426,0.251703,0.108169,0.205781,0.735211,213.17,False,True,1,153,train
0bfdcb63e31ef0f0a836d1b3a166edfb_jpg.rf.d30f5e6a0d51cd113a60a0cf1d866da5.jpg,train,leaning_forward,SINGLE_0bfdcb63e31ef0f0a836d1b3a166edfb_jpg.rf.d30f5e6a0d51cd113a60a0cf1d866da5.jpg,640,426,0.712641,0.321268,0.163156,0.557207,159.21,False,True,3,154,train
0bfdcb63e31ef0f0a836d1b3a166edfb_jpg.rf.d30f5e6a0d51cd113a60a0cf1d866da5.jpg,train,leaning_backward,SINGLE_0bfdcb63e31ef0f0a836d1b3a166edfb_jpg.rf.d30f5e6a0d51cd113a60a0cf1d866da5.jpg,640,426,0.426938,0.34716,0.174297,0.370493,159.21,False,True,3,155,train
0bfdcb63e31ef0f0a836d1b3a166edfb_jpg.rf.d30f5e6a0d51cd113a60a0cf1d866da5.jpg,train,good_posture,SINGLE_0bfdcb63e31ef0f0a836d1b3a166edfb_jpg.rf.d30f5e6a0d51cd113a60a0cf1d866da5.jpg,640,426,0.212375,0.326103,0.102062,0.287958,159.21,False,True,3,156,train
sipotion_1749649849610_slouch_0_75_jpg.rf.d7e193c8ce1097a755ae423c374d6243.jpg,train,leaning_backward,ND_0009,640,640,0.0,0.321875,0.178125,0.289578,115.71,False,True,2,157,train
sipotion_1749649849610_slouch_0_75_jpg.rf.d7e193c8ce1097a755ae423c374d6243.jpg,train,good_posture,ND_0009,640,640,0.259375,0.305203,0.425,0.686453,115.71,False,True,2,158,train
5737d2dcd9c475179bdc79a15d69ae5c_jpg.rf.50458a6be3a35559941779f926ad0ec5.jpg,train,slouch,SINGLE_5737d2dcd9c475179bdc79a15d69ae5c_jpg.rf.50458a6be3a35559941779f926ad0ec5.jpg,426,640,0.16331,0.007547,0.746174,0.758813,179.63,False,True,1,159,train
9674c858004b86eb5e31d50256e77705_jpg.rf.8cc29eadca1656785f077667eb79f920.jpg,train,good_posture,SINGLE_9674c858004b86eb5e31d50256e77705_jpg.rf.8cc29eadca1656785f077667eb79f920.jpg,640,426,0.141156,0.327911,0.178,0.392911,177.69,False,True,1,160,train
ee4768006ff50a644e8a6527315f6b79_jpg.rf.12b2f7f75376e2c9765d4bef0e59c440.jpg,train,leaning_backward,SINGLE_ee4768006ff50a644e8a6527315f6b79_jpg.rf.12b2f7f75376e2c9765d4bef0e59c440.jpg,426,640,0.040822,0.433281,0.555657,0.470391,195.06,False,True,1,161,test
01b17ea7357cadd6243eed9d48ea58b4_jpg.rf.c37de5a02dd949a6c86b89d654466d1c.jpg,train,leaning_forward,SINGLE_01b17ea7357cadd6243eed9d48ea58b4_jpg.rf.c37de5a02dd949a6c86b89d654466d1c.jpg,640,430,0.222781,0.261558,0.376422,0.695372,170.17,False,True,1,162,train
sipotion_1749660958831_leaning_forward_0_89_jpg.rf.d0f563162073838893bc08b9fe7fbae6.jpg,train,leaning_forward,SINGLE_sipotion_1749660958831_leaning_forward_0_89_jpg.rf.d0f563162073838893bc08b9fe7fbae6.jpg,640,640,0.2625,0.088547,0.578125,0.90625,104.07,False,True,1,163,train
sipotion_1749658565923_leaning_backward_0_48_jpg.rf.5d629b9310988b99b2cc459b88c3c98c.jpg,train,good_posture,SINGLE_sipotion_1749658565923_leaning_backward_0_48_jpg.rf.5d629b9310988b99b2cc459b88c3c98c.jpg,640,640,0.314578,0.058328,0.638547,0.940625,130.29,False,True,1,164,train
sipotion_1749658630751_good_posture_0_89_jpg.rf.40e51137a805eb181f933df08805e96d.jpg,train,slouch,SINGLE_sipotion_1749658630751_good_posture_0_89_jpg.rf.40e51137a805eb181f933df08805e96d.jpg,640,640,0.084375,0.161453,0.601047,0.828125,118.46,False,True,1,165,valid
sipotion_1749649836581_leaning_backward_0_85_jpg.rf.84665b23d097d08cf4bc1522012a3994.jpg,train,leaning_backward,ND_0012,640,640,0.007297,0.327078,0.58125,0.575,120.62,False,True,1,166,train
4e2fd288916df75caab1737d5a197716_jpg.rf.7435f8d95fb3c9a20c2be840f86f70a6.jpg,train,slouch,SINGLE_4e2fd288916df75caab1737d5a197716_jpg.rf.7435f8d95fb3c9a20c2be840f86f70a6.jpg,640,426,0.290422,0.365728,0.157375,0.317559,201.32,False,True,1,167,train
dff3fe4cfcb4b4386de32392b2df634c_jpg.rf.1a9bf2f94805fedab1fc460285f68c4b.jpg,train,good_posture,SINGLE_dff3fe4cfcb4b4386de32392b2df634c_jpg.rf.1a9bf2f94805fedab1fc460285f68c4b.jpg,640,480,0.362969,0.182021,0.208328,0.548083,238.81,False,True,1,168,train
53791f6ddfc3b182f97ee0f2cf649948_jpg.rf.16fa2f898ce8c640b62bc3783a618596.jpg,train,slouch,SINGLE_53791f6ddfc3b182f97ee0f2cf649948_jpg.rf.16fa2f898ce8c640b62bc3783a618596.jpg,575,640,0.159774,0.091266,0.364904,0.528453,218.16,False,True,1,169,valid
7d8d47a28f031a2f2a5de4e9ddcfd4f9-Copy_jpg.rf.6ddae3618a6eb100b043a6730ddaeaec.jpg,train,leaning_backward,SINGLE_7d8d47a28f031a2f2a5de4e9ddcfd4f9-Copy_jpg.rf.6ddae3618a6eb100b043a6730ddaeaec.jpg,427,640,0.061148,0.288359,0.770023,0.566875,170.78,False,True,1,170,valid
sipotion_1749658329483_slouch_0_89_jpg.rf.70fb600356b6454cd495896e0897ddc3.jpg,train,leaning_forward,SINGLE_sipotion_1749658329483_slouch_0_89_jpg.rf.70fb600356b6454cd495896e0897ddc3.jpg,640,640,0.145828,0.14375,0.583328,0.852078,147.46,False,True,1,171,test
d560297e87e162602cbb5a4731a65784_jpg.rf.0946e561e206b97bec98ab597f8f1c2a.jpg,train,leaning_backward,SINGLE_d560297e87e162602cbb5a4731a65784_jpg.rf.0946e561e206b97bec98ab597f8f1c2a.jpg,480,640,0.244646,0.533469,0.3715,0.357812,183.63,False,True,1,172,train
sipotion_1749658486061_leaning_backward_0_40_jpg.rf.b92d89866e2f6478ebdc1868b1440364.jpg,train,good_posture,SINGLE_sipotion_1749658486061_leaning_backward_0_40_jpg.rf.b92d89866e2f6478ebdc1868b1440364.jpg,640,640,0.378125,0.052078,0.447922,0.928125,125.55,False,True,1,173,train
sipotion_1749645801741_leaning_forward_0_65_jpg.rf.6c57435fd1d80c5cf9b8be48e46a3f46.jpg,train,slouch,SINGLE_sipotion_1749645801741_leaning_forward_0_65_jpg.rf.6c57435fd1d80c5cf9b8be48e46a3f46.jpg,640,640,0.38125,0.178125,0.30625,0.520828,156.46,False,True,2,174,valid
sipotion_1749645801741_leaning_forward_0_65_jpg.rf.6c57435fd1d80c5cf9b8be48e46a3f46.jpg,train,leaning_forward,SINGLE_sipotion_1749645801741_leaning_forward_0_65_jpg.rf.6c57435fd1d80c5cf9b8be48e46a3f46.jpg,640,640,0.002078,0.1625,0.435422,0.494797,156.46,False,True,2,175,valid
sipotion_1749658260259_good_posture_0_75_jpg.rf.b0baefd1f72572d466a67a8a03fc9d14.jpg,train,good_posture,SINGLE_sipotion_1749658260259_good_posture_0_75_jpg.rf.b0baefd1f72572d466a67a8a03fc9d14.jpg,640,640,0.169797,0.128125,0.615625,0.870828,161.61,False,True,1,176,test
sipotion_1749660951608_leaning_forward_0_66_jpg.rf.fb6471f1818841ec06e686ad51722ab6.jpg,train,leaning_forward,SINGLE_sipotion_1749660951608_leaning_forward_0_66_jpg.rf.fb6471f1818841ec06e686ad51722ab6.jpg,640,640,0.046875,0.0,0.746875,0.989578,99.96,False,True,1,177,test
08dc77d43e6397ad35d0c0ac48a08dc5_jpg.rf.07cabfd761ce6fac3c3c61e1c87dd9ac.jpg,train,leaning_forward,SINGLE_08dc77d43e6397ad35d0c0ac48a08dc5_jpg.rf.07cabfd761ce6fac3c3c61e1c87dd9ac.jpg,522,640,0.224789,0.156484,0.501762,0.678953,146.39,False,True,1,178,train
sipotion_1749658648868_good_posture_0_66_jpg.rf.30960e8ce39c1dd04f1023ed2a3f83a6.jpg,train,leaning_forward,SINGLE_sipotion_1749658648868_good_posture_0_66_jpg.rf.30960e8ce39c1dd04f1023ed2a3f83a6.jpg,640,640,0.114578,0.164578,0.540625,0.833328,143.91,False,True,1,179,train
sipotion_1749658292929_good_posture_0_62_jpg.rf.368417eeca183159a0e84f1479117699.jpg,train,leaning_backward,SINGLE_sipotion_1749658292929_good_posture_0_62_jpg.rf.368417eeca183159a0e84f1479117699.jpg,640,640,0.002078,0.197922,0.805203,0.794797,134.99,False,True,1,180,train
f087346802e1b07f6849dbfe8a5a538b-Copy_jpg.rf.e12dc36d92ed6e6535397cd2a0dccf6f.jpg,train,leaning_backward,SINGLE_f087346802e1b07f6849dbfe8a5a538b-Copy_jpg.rf.e12dc36d92ed6e6535397cd2a0dccf6f.jpg,426,640,0.112254,0.292875,0.862981,0.502156,94.31,False,True,1,181,train
sipotion_1749658311807_slouch_0_74_jpg.rf.399b0950824c9782f513d05e1bae9f2a.jpg,train,leaning_backward,ND_0007,640,640,0.0125,0.33125,0.892703,0.608328,132.19,False,True,1,182,train
858de11184a0a2c5f0aa2fd6f2ab2055_jpg.rf.10d457e06bcf93671107b291bddcebd1.jpg,train,leaning_backward,SINGLE_858de11184a0a2c5f0aa2fd6f2ab2055_jpg.rf.10d457e06bcf93671107b291bddcebd1.jpg,426,640,0.102066,0.256641,0.752981,0.594219,176.09,False,True,1,183,train
sipotion_1749648187026_good_posture_0_89_jpg.rf.0a35924b58722fbfbef4ae1101c6909d.jpg,train,leaning_backward,SINGLE_sipotion_1749648187026_good_posture_0_89_jpg.rf.0a35924b58722fbfbef4ae1101c6909d.jpg,640,640,0.289578,0.116672,0.536453,0.778125,142.7,False,True,1,184,train
296e69b197fcd623a2a449d15685e610_jpg.rf.616d9fb2aa7bb3b73b0ac9cf3b67dc3b.jpg,train,good_posture,SINGLE_296e69b197fcd623a2a449d15685e610_jpg.rf.616d9fb2aa7bb3b73b0ac9cf3b67dc3b.jpg,640,348,0.550266,0.003333,0.210156,0.828966,191.28,False,True,3,185,test
296e69b197fcd623a2a449d15685e610_jpg.rf.616d9fb2aa7bb3b73b0ac9cf3b67dc3b.jpg,train,good_posture,SINGLE_296e69b197fcd623a2a449d15685e610_jpg.rf.616d9fb2aa7bb3b73b0ac9cf3b67dc3b.jpg,640,348,0.226906,0.010833,0.126812,0.595057,191.28,False,True,3,186,test
296e69b197fcd623a2a449d15685e610_jpg.rf.616d9fb2aa7bb3b73b0ac9cf3b67dc3b.jpg,train,good_posture,SINGLE_296e69b197fcd623a2a449d15685e610_jpg.rf.616d9fb2aa7bb3b73b0ac9cf3b67dc3b.jpg,640,348,0.123641,0.018333,0.113219,0.535948,191.28,False,True,3,187,test
41026b9c0d71c6d97dc50ebe4a2b207b-Copy_jpg.rf.311d1b3fc1de66dd306c3c5b021d9402.jpg,train,leaning_backward,SINGLE_41026b9c0d71c6d97dc50ebe4a2b207b-Copy_jpg.rf.311d1b3fc1de66dd306c3c5b021d9402.jpg,640,547,0.022203,0.016453,0.973344,0.965612,159.29,False,True,1,188,train
8f4099979759756165a3f64c3976b0e0-Copy_jpg.rf.a0afb283a7f78919ce5e3d2bef072485.jpg,train,leaning_backward,SINGLE_8f4099979759756165a3f64c3976b0e0-Copy_jpg.rf.a0afb283a7f78919ce5e3d2bef072485.jpg,550,640,0.097982,0.338891,0.686836,0.651375,138.58,False,True,1,189,train
898e89760339366ed5451797043449a8_jpg.rf.25ac2650bb96fe516ab5a44adc166c0f.jpg,train,leaning_backward,SINGLE_898e89760339366ed5451797043449a8_jpg.rf.25ac2650bb96fe516ab5a44adc166c0f.jpg,640,640,0.154891,0.022641,0.704719,0.883359,185.87,False,True,1,190,train
sipotion_1749648194709_good_posture_0_88_jpg.rf.ff6ecd0e88f04f84d359254ffea43115.jpg,train,leaning_backward,ND_0005,640,640,0.327078,0.094797,0.51875,0.826047,144.77,False,True,1,191,train
8f502de8d9390e8a73c55732e739f718_jpg.rf.fe3fe822de28b972306f069a1c7ebe2e.jpg,train,leaning_forward,ND_0001,640,640,0.736375,0.653844,0.199422,0.327672,199.92,False,True,4,192,train
8f502de8d9390e8a73c55732e739f718_jpg.rf.fe3fe822de28b972306f069a1c7ebe2e.jpg,train,leaning_forward,ND_0001,640,640,0.542984,0.008844,0.18525,0.330594,199.92,False,True,4,193,train
8f502de8d9390e8a73c55732e739f718_jpg.rf.fe3fe822de28b972306f069a1c7ebe2e.jpg,train,leaning_backward,ND_0001,640,640,0.728953,0.014156,0.179938,0.333078,199.92,False,True,4,194,train
8f502de8d9390e8a73c55732e739f718_jpg.rf.fe3fe822de28b972306f069a1c7ebe2e.jpg,train,leaning_backward,ND_0001,640,640,0.318781,0.351016,0.234484,0.313188,199.92,False,True,4,195,train
cfc535292780d25ef6711e326371fd44-Copy-2-_jpg.rf.f996d2dec6a99f36ed0ee2b87df84272.jpg,train,leaning_backward,SINGLE_cfc535292780d25ef6711e326371fd44-Copy-2-_jpg.rf.f996d2dec6a99f36ed0ee2b87df84272.jpg,464,640,0.161659,0.256078,0.832134,0.589625,159.37,False,True,1,196,train
4bf01322111c82958983446eb5005404_jpg.rf.3ff3cb499dd1d3ece26d9d3a65419cf8.jpg,train,good_posture,SINGLE_4bf01322111c82958983446eb5005404_jpg.rf.3ff3cb499dd1d3ece26d9d3a65419cf8.jpg,640,400,0.186641,0.66645,0.112891,0.304075,220.33,False,True,6,197,valid
4bf01322111c82958983446eb5005404_jpg.rf.3ff3cb499dd1d3ece26d9d3a65419cf8.jpg,train,good_posture,SINGLE_4bf01322111c82958983446eb5005404_jpg.rf.3ff3cb499dd1d3ece26d9d3a65419cf8.jpg,640,400,0.208141,0.339225,0.103469,0.2775,220.33,False,True,6,198,valid
4bf01322111c82958983446eb5005404_jpg.rf.3ff3cb499dd1d3ece26d9d3a65419cf8.jpg,train,good_posture,SINGLE_4bf01322111c82958983446eb5005404_jpg.rf.3ff3cb499dd1d3ece26d9d3a65419cf8.jpg,640,400,0.859172,0.340375,0.108062,0.29175,220.33,False,True,6,199,valid
4bf01322111c82958983446eb5005404_jpg.rf.3ff3cb499dd1d3ece26d9d3a65419cf8.jpg,train,good_posture,SINGLE_4bf01322111c82958983446eb5005404_jpg.rf.3ff3cb499dd1d3ece26d9d3a65419cf8.jpg,640,400,0.881906,0.001525,0.118094,0.290625,220.33,False,True,6,200,valid
4bf01322111c82958983446eb5005404_jpg.rf.3ff3cb499dd1d3ece26d9d3a65419cf8.jpg,train,good_posture,SINGLE_4bf01322111c82958983446eb5005404_jpg.rf.3ff3cb499dd1d3ece26d9d3a65419cf8.jpg,640,400,0.712203,0.00155,0.111922,0.316125,220.33,False,True,6,201,valid
4bf01322111c82958983446eb5005404_jpg.rf.3ff3cb499dd1d3ece26d9d3a65419cf8.jpg,train,good_posture,SINGLE_4bf01322111c82958983446eb5005404_jpg.rf.3ff3cb499dd1d3ece26d9d3a65419cf8.jpg,640,400,0.206703,0.010825,0.077844,0.215625,220.33,False,True,6,202,valid
sipotion_1749658822870_good_posture_0_66_jpg.rf.0296849beadd39a422d97f2f098b9a5c.jpg,train,leaning_backward,SINGLE_sipotion_1749658822870_good_posture_0_66_jpg.rf.0296849beadd39a422d97f2f098b9a5c.jpg,640,640,0.333328,0.155203,0.530203,0.757297,119.96,False,True,1,203,train
6b9933790ae2c8f7ccfdb2667922a709_jpg.rf.f6985b4f2f67545bf0143929c516794a.jpg,train,leaning_forward,ND_0001,640,640,0.75725,0.657422,0.173266,0.330281,199.8,False,True,5,204,train
6b9933790ae2c8f7ccfdb2667922a709_jpg.rf.f6985b4f2f67545bf0143929c516794a.jpg,train,leaning_forward,ND_0001,640,640,0.546172,0.657438,0.180297,0.314453,199.8,False,True,5,205,train
6b9933790ae2c8f7ccfdb2667922a709_jpg.rf.f6985b4f2f67545bf0143929c516794a.jpg,train,leaning_backward,ND_0001,640,640,0.313984,0.354,0.216359,0.31275,199.8,False,True,5,206,train
6b9933790ae2c8f7ccfdb2667922a709_jpg.rf.f6985b4f2f67545bf0143929c516794a.jpg,train,leaning_forward,ND_0001,640,640,0.529031,0.003078,0.197453,0.340094,199.8,False,True,5,207,train
6b9933790ae2c8f7ccfdb2667922a709_jpg.rf.f6985b4f2f67545bf0143929c516794a.jpg,train,leaning_backward,ND_0001,640,640,0.732187,0.008344,0.1825,0.333047,199.8,False,True,5,208,train
sipotion_1749660919964_leaning_forward_0_85_jpg.rf.81cc1b211c0b305545cf6237c93897d3.jpg,train,leaning_forward,SINGLE_sipotion_1749660919964_leaning_forward_0_85_jpg.rf.81cc1b211c0b305545cf6237c93897d3.jpg,640,640,0.113094,0.0,0.579766,1.0,110.81,False,True,1,209,train
sipotion_1749660938394_leaning_forward_0_76_jpg.rf.4f1808559a77305552f4d196ef9a63f1.jpg,train,leaning_forward,ND_0013,640,640,0.290469,0.141672,0.552391,0.858328,113.37,False,True,1,210,train
sipotion_1749637004429_leaning_forward_0_73_jpg.rf.33ab2ee1b733a15ff7cea7d3fb584e9f.jpg,train,leaning_backward,ND_0015,640,640,0.38125,0.195828,0.269797,0.455203,119.86,False,True,1,211,train
sipotion_1749658183428_leaning_backward_0_84_jpg.rf.67b60dc14f6ad73062a4763d8a363675.jpg,train,leaning_backward,SINGLE_sipotion_1749658183428_leaning_backward_0_84_jpg.rf.67b60dc14f6ad73062a4763d8a363675.jpg,640,640,0.211453,0.236453,0.769797,0.758328,136.96,False,True,1,212,valid
5e99dbc09d506693908b448404ddd720_jpg.rf.a26574dfa400ac5def5f9dc13fc3ebcb.jpg,train,good_posture,SINGLE_5e99dbc09d506693908b448404ddd720_jpg.rf.a26574dfa400ac5def5f9dc13fc3ebcb.jpg,624,640,0.319183,0.019031,0.422933,0.836141,233.07,False,True,1,213,train
sipotion_1749660957256_leaning_forward_0_75_jpg.rf.a8258ec9659dff7d9e6aa2ca0e377e3a.jpg,train,leaning_forward,SINGLE_sipotion_1749660957256_leaning_forward_0_75_jpg.rf.a8258ec9659dff7d9e6aa2ca0e377e3a.jpg,640,640,0.195828,0.077078,0.604172,0.910422,102.73,False,True,1,214,train
sipotion_1749658134931_good_posture_0_65_jpg.rf.dad513f2a8cfae72dac4ed76364776e2.jpg,train,good_posture,SINGLE_sipotion_1749658134931_good_posture_0_65_jpg.rf.dad513f2a8cfae72dac4ed76364776e2.jpg,640,640,0.204469,0.314266,0.419047,0.641844,132.77,False,True,1,215,train
sipotion_1749645306351_slouch_0_78_jpg.rf.2587ee695d28b37c105c63278983acda.jpg,train,slouch,SINGLE_sipotion_1749645306351_slouch_0_78_jpg.rf.2587ee695d28b37c105c63278983acda.jpg,640,640,0.197922,0.123953,0.540625,0.842703,118.45,False,True,1,216,train
89ffedf86bcae016dc47d225336bea2c_jpg.rf.afd93114b03cc10416db66680ee7add3.jpg,train,leaning_backward,SINGLE_89ffedf86bcae016dc47d225336bea2c_jpg.rf.afd93114b03cc10416db66680ee7add3.jpg,427,640,0.402365,0.377344,0.39555,0.339016,194.1,False,True,1,217,test
sipotion_1749660941511_slouch_0_84_jpg.rf.606bf14cdeafb585e0f98f726dda601b.jpg,train,leaning_forward,SINGLE_sipotion_1749660941511_slouch_0_84_jpg.rf.606bf14cdeafb585e0f98f726dda601b.jpg,640,640,0.207297,0.244797,0.514578,0.75,122.67,False,True,1,218,train
sipotion_1749642781104_slouch_0_70_jpg.rf.990f668229f0c6c1066fa3467ae5a1a2.jpg,train,good_posture,SINGLE_sipotion_1749642781104_slouch_0_70_jpg.rf.990f668229f0c6c1066fa3467ae5a1a2.jpg,640,640,0.088547,0.019797,0.6375,0.975,129.98,False,True,1,219,train
6540afb9817ad3038376f157c5f444b7-Copy_jpg.rf.78609668c320316342a5ce9443fb2c74.jpg,train,leaning_backward,SINGLE_6540afb9817ad3038376f157c5f444b7-Copy_jpg.rf.78609668c320316342a5ce9443fb2c74.jpg,601,640,0.174309,0.148984,0.625491,0.695859,211.52,False,True,1,220,train
sipotion_1749658650304_slouch_0_87_jpg.rf.da14f4a0fce49e4a8eddd2817d296759.jpg,train,leaning_forward,SINGLE_sipotion_1749658650304_slouch_0_87_jpg.rf.da14f4a0fce49e4a8eddd2817d296759.jpg,640,640,0.190625,0.209375,0.519797,0.782297,158.78,False,True,1,221,train
sipotion_1749658371195_good_posture_0_71_jpg.rf.222e5d7d63c39acd3780ce4cfbf31ca5.jpg,train,leaning_backward,SINGLE_sipotion_1749658371195_good_posture_0_71_jpg.rf.222e5d7d63c39acd3780ce4cfbf31ca5.jpg,640,640,0.233484,0.038094,0.640484,0.951094,132.24,False,True,1,222,train
6c1f3c4137444b2d99a3aba76fa81da9_jpg.rf.0e7a02089cc395df188d058e3218e3a6.jpg,train,good_posture,SINGLE_6c1f3c4137444b2d99a3aba76fa81da9_jpg.rf.0e7a02089cc395df188d058e3218e3a6.jpg,640,640,0.804344,0.05525,0.153078,0.275016,210.12,False,True,8,223,train
6c1f3c4137444b2d99a3aba76fa81da9_jpg.rf.0e7a02089cc395df188d058e3218e3a6.jpg,train,good_posture,SINGLE_6c1f3c4137444b2d99a3aba76fa81da9_jpg.rf.0e7a02089cc395df188d058e3218e3a6.jpg,640,640,0.611422,0.047094,0.153984,0.277734,210.12,False,True,8,224,train
6c1f3c4137444b2d99a3aba76fa81da9_jpg.rf.0e7a02089cc395df188d058e3218e3a6.jpg,train,good_posture,SINGLE_6c1f3c4137444b2d99a3aba76fa81da9_jpg.rf.0e7a02089cc395df188d058e3218e3a6.jpg,640,640,0.641297,0.712859,0.160328,0.267359,210.12,False,True,8,225,train
6c1f3c4137444b2d99a3aba76fa81da9_jpg.rf.0e7a02089cc395df188d058e3218e3a6.jpg,train,good_posture,SINGLE_6c1f3c4137444b2d99a3aba76fa81da9_jpg.rf.0e7a02089cc395df188d058e3218e3a6.jpg,640,640,0.839687,0.712859,0.153984,0.287141,210.12,False,True,8,226,train
6c1f3c4137444b2d99a3aba76fa81da9_jpg.rf.0e7a02089cc395df188d058e3218e3a6.jpg,train,good_posture,SINGLE_6c1f3c4137444b2d99a3aba76fa81da9_jpg.rf.0e7a02089cc395df188d058e3218e3a6.jpg,640,640,0.41575,0.038953,0.150359,0.280453,210.12,False,True,8,227,train
6c1f3c4137444b2d99a3aba76fa81da9_jpg.rf.0e7a02089cc395df188d058e3218e3a6.jpg,train,good_posture,SINGLE_6c1f3c4137444b2d99a3aba76fa81da9_jpg.rf.0e7a02089cc395df188d058e3218e3a6.jpg,640,640,0.019031,0.375906,0.137672,0.267563,210.12,False,True,8,228,train
6c1f3c4137444b2d99a3aba76fa81da9_jpg.rf.0e7a02089cc395df188d058e3218e3a6.jpg,train,good_posture,SINGLE_6c1f3c4137444b2d99a3aba76fa81da9_jpg.rf.0e7a02089cc395df188d058e3218e3a6.jpg,640,640,0.247281,0.715578,0.157609,0.251969,210.12,False,True,8,229,train
6c1f3c4137444b2d99a3aba76fa81da9_jpg.rf.0e7a02089cc395df188d058e3218e3a6.jpg,train,good_posture,SINGLE_6c1f3c4137444b2d99a3aba76fa81da9_jpg.rf.0e7a02089cc395df188d058e3218e3a6.jpg,640,640,0.203813,0.373188,0.148547,0.263047,210.12,False,True,8,230,train
sipotion_1749660902542_leaning_forward_0_85_jpg.rf.591245f96b3ae4a4d8c684b9bddff4ea.jpg,train,leaning_forward,SINGLE_sipotion_1749660902542_leaning_forward_0_85_jpg.rf.591245f96b3ae4a4d8c684b9bddff4ea.jpg,640,640,0.069797,0.092703,0.626047,0.904172,132.37,False,True,1,231,train
sipotion_1749643409553_leaning_forward_0_53_jpg.rf.bad1b47de4a0ef545516855ef32811b4.jpg,train,leaning_backward,ND_0014,640,640,0.455203,0.261453,0.346875,0.59375,103.01,False,True,1,232,train
sipotion_1749658614520_slouch_0_60_jpg.rf.bc0ca6bd5946aeba5e2abab7936d905b.jpg,train,leaning_backward,SINGLE_sipotion_1749658614520_slouch_0_60_jpg.rf.bc0ca6bd5946aeba5e2abab7936d905b.jpg,640,640,0.059375,0.20625,0.690625,0.792703,162.47,False,True,1,233,train
84ce84f5221f3f7c9682c2deb2b5ec8c_jpg.rf.2c898cb4f75b45059df5867b137a4f95.jpg,train,good_posture,SINGLE_84ce84f5221f3f7c9682c2deb2b5ec8c_jpg.rf.2c898cb4f75b45059df5867b137a4f95.jpg,447,640,0.203087,0.178141,0.552438,0.71025,188.76,False,True,1,234,train
52fec01b15da043b9dfe7441feda1d21_jpg.rf.d2928be2941262d2059a37e96af05c42.jpg,train,slouch,SINGLE_52fec01b15da043b9dfe7441feda1d21_jpg.rf.d2928be2941262d2059a37e96af05c42.jpg,640,452,0.767,0.073031,0.180266,0.418584,228.06,False,True,5,235,train
52fec01b15da043b9dfe7441feda1d21_jpg.rf.d2928be2941262d2059a37e96af05c42.jpg,train,slouch,SINGLE_52fec01b15da043b9dfe7441feda1d21_jpg.rf.d2928be2941262d2059a37e96af05c42.jpg,640,452,0.275516,0.070642,0.202375,0.411394,228.06,False,True,5,236,train
52fec01b15da043b9dfe7441feda1d21_jpg.rf.d2928be2941262d2059a37e96af05c42.jpg,train,slouch,SINGLE_52fec01b15da043b9dfe7441feda1d21_jpg.rf.d2928be2941262d2059a37e96af05c42.jpg,640,452,0.260203,0.506504,0.175734,0.452013,228.06,False,True,5,237,train
52fec01b15da043b9dfe7441feda1d21_jpg.rf.d2928be2941262d2059a37e96af05c42.jpg,train,slouch,SINGLE_52fec01b15da043b9dfe7441feda1d21_jpg.rf.d2928be2941262d2059a37e96af05c42.jpg,640,452,0.549312,0.501681,0.200687,0.431173,228.06,False,True,5,238,train
52fec01b15da043b9dfe7441feda1d21_jpg.rf.d2928be2941262d2059a37e96af05c42.jpg,train,slouch,SINGLE_52fec01b15da043b9dfe7441feda1d21_jpg.rf.d2928be2941262d2059a37e96af05c42.jpg,640,452,0.045906,0.516128,0.162141,0.413518,228.06,False,True,5,239,train
sipotion_1749658613751_slouch_0_63_jpg.rf.68844549248df3021b9170c9d4c67cfc.jpg,train,leaning_backward,SINGLE_sipotion_1749658613751_slouch_0_63_jpg.rf.68844549248df3021b9170c9d4c67cfc.jpg,640,640,0.08125,0.222922,0.701047,0.76875,163.29,False,True,1,240,train
ffe663dd5674a2b0db9fb61cfbd00801_jpg.rf.f4981fb8d2a403c09511f42ed19d7f7b.jpg,train,leaning_backward,SINGLE_ffe663dd5674a2b0db9fb61cfbd00801_jpg.rf.f4981fb8d2a403c09511f42ed19d7f7b.jpg,426,640,0.132676,0.360812,0.47061,0.375375,136.41,False,True,1,241,train
sipotion_1749660937848_leaning_forward_0_92_jpg.rf.350cb9fb06f142fecf400547869879f0.jpg,train,leaning_forward,ND_0013,640,640,0.292703,0.203125,0.504172,0.79375,116.43,False,True,1,242,train
sipotion_1749649847145_slouch_0_41_jpg.rf.b857cca51d4ba9f01dd2cadca5033cd5.jpg,train,good_posture,SINGLE_sipotion_1749649847145_slouch_0_41_jpg.rf.b857cca51d4ba9f01dd2cadca5033cd5.jpg,640,640,0.289578,0.341672,0.421875,0.654172,140.43,False,True,1,243,train
sipotion_1749658790180_good_posture_0_76_jpg.rf.dfed0e4854ef75d39bd90c8e3dd3e72d.jpg,train,good_posture,SINGLE_sipotion_1749658790180_good_posture_0_76_jpg.rf.dfed0e4854ef75d39bd90c8e3dd3e72d.jpg,640,640,0.321875,0.203125,0.415625,0.771875,124.47,False,True,1,244,valid
sipotion_1749645829233_good_posture_0_56_jpg.rf.b6cfa82b7dc4b9da9c57f7e76b36242b.jpg,train,leaning_forward,SINGLE_sipotion_1749645829233_good_posture_0_56_jpg.rf.b6cfa82b7dc4b9da9c57f7e76b36242b.jpg,640,640,0.167703,0.010422,0.539578,0.696875,137.62,False,True,1,245,train
sipotion_1749645833337_good_posture_0_65_jpg.rf.6c77b35a27fd2740f55b09ca4354c93f.jpg,train,leaning_forward,SINGLE_sipotion_1749645833337_good_posture_0_65_jpg.rf.6c77b35a27fd2740f55b09ca4354c93f.jpg,640,640,0.153125,0.00625,0.553125,0.694797,109.52,False,True,1,246,valid
sipotion_1749658482775_leaning_forward_0_64_jpg.rf.09b4ef1782f036eef90c7828647a1d4e.jpg,train,good_posture,SINGLE_sipotion_1749658482775_leaning_forward_0_64_jpg.rf.09b4ef1782f036eef90c7828647a1d4e.jpg,640,640,0.34375,0.130203,0.575,0.801047,129.95,False,True,1,247,train
sipotion_1749658107689_good_posture_0_49_jpg.rf.8d048a3fe69ef93cc6880e7b77743be4.jpg,train,leaning_backward,SINGLE_sipotion_1749658107689_good_posture_0_49_jpg.rf.8d048a3fe69ef93cc6880e7b77743be4.jpg,640,640,0.236453,0.180203,0.645828,0.81875,141.1,False,True,1,248,test
1b8ec72febb3253935e1efa77f4f8c30_jpg.rf.4193e12df68d9068fc1f6670adedd23f.jpg,train,leaning_backward,SINGLE_1b8ec72febb3253935e1efa77f4f8c30_jpg.rf.4193e12df68d9068fc1f6670adedd23f.jpg,640,640,0.635422,0.662312,0.296,0.318703,221.11,False,True,1,249,valid
sipotion_1749658611290_slouch_0_86_jpg.rf.9135a1b53a553e487a0a1bd646aac75d.jpg,train,leaning_backward,SINGLE_sipotion_1749658611290_slouch_0_86_jpg.rf.9135a1b53a553e487a0a1bd646aac75d.jpg,640,640,0.10625,0.23125,0.710422,0.767703,155.64,False,True,1,250,train
sipotion_1749660943167_leaning_forward_0_48_jpg.rf.1261b4d2a7cc24d2a467bbc51a449847.jpg,train,leaning_forward,SINGLE_sipotion_1749660943167_leaning_forward_0_48_jpg.rf.1261b4d2a7cc24d2a467bbc51a449847.jpg,640,640,0.258328,0.267703,0.514578,0.728125,118.15,False,True,1,251,train
sipotion_1749658182044_leaning_backward_0_72_jpg.rf.1bc096049c867da81b0527a855c1ac1c.jpg,train,leaning_backward,SINGLE_sipotion_1749658182044_leaning_backward_0_72_jpg.rf.1bc096049c867da81b0527a855c1ac1c.jpg,640,640,0.25,0.23125,0.748953,0.7625,137.48,False,True,1,252,test
sipotion_1749658425432_slouch_0_91_jpg.rf.94f2f2e1b3960d9b8e7a1cdc953334ca.jpg,train,good_posture,ND_0023,640,640,0.489578,0.309375,0.259375,0.398953,134.7,False,True,1,253,train
sipotion_1749645592391_slouch_0_75_jpg.rf.47c8b0855c06191279205b95944322dc.jpg,train,leaning_backward,ND_0022,640,640,0.171875,0.24375,0.655203,0.707297,117.34,False,True,1,254,train
sipotion_1749658506358_slouch_0_42_jpg.rf.aa5f6264890fec0d637c7896e884888e.jpg,train,good_posture,SINGLE_sipotion_1749658506358_slouch_0_42_jpg.rf.aa5f6264890fec0d637c7896e884888e.jpg,640,640,0.320828,0.28125,0.367703,0.566672,126.01,False,True,1,255,train
sipotion_1749643410796_leaning_forward_0_57_jpg.rf.a5715283dd691af42ae48716b0d540c3.jpg,train,leaning_backward,ND_0014,640,640,0.445828,0.282297,0.342703,0.58125,99.48,False,True,1,256,train
sipotion_1749649863538_good_posture_0_52_jpg.rf.deed709c8c6b02b3d7621e4c99a502bd.jpg,train,good_posture,ND_0009,640,640,0.275,0.265625,0.4,0.658328,119.3,False,True,1,257,train
sipotion_1749658252268_slouch_0_77_jpg.rf.387f25fcd2db6cc42b9903d7913d641d.jpg,train,good_posture,SINGLE_sipotion_1749658252268_slouch_0_77_jpg.rf.387f25fcd2db6cc42b9903d7913d641d.jpg,640,640,0.115625,0.160422,0.633328,0.835422,143.6,False,True,1,258,test
8b82ac3fee6777c470294e4855fa5163_jpg.rf.c57358f98727d23bb3990e9bbebed1b8.jpg,train,slouch,SINGLE_8b82ac3fee6777c470294e4855fa5163_jpg.rf.c57358f98727d23bb3990e9bbebed1b8.jpg,640,430,0.58775,0.0,0.32925,0.720907,197.72,False,True,1,259,train
sipotion_1749649834248_leaning_backward_0_78_jpg.rf.8fe0c8316c6bd2d090cf37d306b1ac92.jpg,train,leaning_backward,SINGLE_sipotion_1749649834248_leaning_backward_0_78_jpg.rf.8fe0c8316c6bd2d090cf37d306b1ac92.jpg,640,640,0.09375,0.317703,0.547922,0.585422,119.88,False,True,1,260,test
044d4a352fdddb2cea89f8d96f2d0774-Copy_jpg.rf.20b025133f2be8c931963fa0261588ee.jpg,train,leaning_backward,SINGLE_044d4a352fdddb2cea89f8d96f2d0774-Copy_jpg.rf.20b025133f2be8c931963fa0261588ee.jpg,640,640,0.046187,0.115031,0.894937,0.800016,188.2,False,True,1,261,train
4848a99da0ac7a1cc1de96e29bf8f00b_jpg.rf.58bcbe87f2f91b922614a8080517a94a.jpg,train,good_posture,SINGLE_4848a99da0ac7a1cc1de96e29bf8f00b_jpg.rf.58bcbe87f2f91b922614a8080517a94a.jpg,640,480,0.298906,0.140604,0.251688,0.629146,239.38,False,True,1,262,test
3e17076a8652c07631177b9017a1bbc9-Copy-2-_jpg.rf.48140237148989c9937c4a4044805a2e.jpg,valid,leaning_forward,SINGLE_3e17076a8652c07631177b9017a1bbc9-Copy-2-_jpg.rf.48140237148989c9937c4a4044805a2e.jpg,426,640,0.151995,0.213875,0.746643,0.734109,157.22,False,True,1,1,train
sipotion_1749658590712_slouch_0_46_jpg.rf.364261f6f1ce4d8d72f53bd7b1b356dd.jpg,valid,leaning_backward,SINGLE_sipotion_1749658590712_slouch_0_46_jpg.rf.364261f6f1ce4d8d72f53bd7b1b356dd.jpg,640,640,0.304172,0.113547,0.6875,0.885422,129.91,False,True,1,2,train
sipotion_1749643396987_leaning_forward_0_70_jpg.rf.3cac18d462c4132841ec31cb17375bc8.jpg,valid,leaning_backward,SINGLE_sipotion_1749643396987_leaning_forward_0_70_jpg.rf.3cac18d462c4132841ec31cb17375bc8.jpg,640,640,0.396875,0.277078,0.325,0.580203,95.87,False,True,1,3,train
41c32da2204db972afe8d411e3afac90-Copy_jpg.rf.03632fe1d828a018a86fab50f48c298f.jpg,valid,leaning_backward,SINGLE_41c32da2204db972afe8d411e3afac90-Copy_jpg.rf.03632fe1d828a018a86fab50f48c298f.jpg,511,640,0.020548,0.173234,0.935225,0.743266,125.3,False,True,1,4,train
posture-307-_jpg.rf.174ee4dc081f5535d2f1f9d97592b301.jpg,valid,leaning_backward,SINGLE_posture-307-_jpg.rf.174ee4dc081f5535d2f1f9d97592b301.jpg,640,640,0.000875,0.089406,0.920141,0.882953,107.97,False,True,1,5,train
sipotion_1749658156542_leaning_forward_0_90_jpg.rf.d6b1d13fa2ccfe1354a54d41ed4ab00f.jpg,valid,leaning_forward,SINGLE_sipotion_1749658156542_leaning_forward_0_90_jpg.rf.d6b1d13fa2ccfe1354a54d41ed4ab00f.jpg,640,640,0.25625,0.122922,0.665625,0.876047,123.91,False,True,1,6,train
40f380863d2e98f3399367e1a96c77f1-Copy-2-_jpg.rf.a26a141903b297825a4bc6d8ba9a0eeb.jpg,valid,leaning_forward,SINGLE_40f380863d2e98f3399367e1a96c77f1-Copy-2-_jpg.rf.a26a141903b297825a4bc6d8ba9a0eeb.jpg,512,640,0.319277,0.120469,0.477812,0.573703,173.88,False,True,1,7,train
sipotion_1749645315512_slouch_0_72_jpg.rf.ef06daa7707260f80f6e8439325b9904.jpg,valid,slouch,ND_0008,640,640,0.213547,0.116672,0.544797,0.844797,118.25,False,True,1,8,train
25df132587629fa4d6480745ef7c96d6_jpg.rf.51d7f3baca40e113ac71eba3618927a2.jpg,valid,leaning_backward,SINGLE_25df132587629fa4d6480745ef7c96d6_jpg.rf.51d7f3baca40e113ac71eba3618927a2.jpg,426,640,0.197324,0.279281,0.601033,0.444844,164.33,False,True,1,9,test
dedeb08b001858feb7812dcb0f5cf67d-Copy_jpg.rf.1ebcaa3ab9b507556781d03b482727e1.jpg,valid,leaning_forward,SINGLE_dedeb08b001858feb7812dcb0f5cf67d-Copy_jpg.rf.1ebcaa3ab9b507556781d03b482727e1.jpg,426,640,0.204484,0.028703,0.753967,0.679031,44.66,True,True,1,10,train
58559f1cee11500edb770caa7200494c-Copy-2-_jpg.rf.cb997c5c2f5ea7a7b0eb70d18ed33cd1.jpg,valid,slouch,SINGLE_58559f1cee11500edb770caa7200494c-Copy-2-_jpg.rf.cb997c5c2f5ea7a7b0eb70d18ed33cd1.jpg,446,640,0.105516,0.083812,0.770359,0.671484,176.56,False,True,1,11,train
81d3071c8fb84aea6c753330a0c2a74d-Copy_jpg.rf.109c8b7837410e87f0c03f1f6d21d1f5.jpg,valid,slouch,SINGLE_81d3071c8fb84aea6c753330a0c2a74d-Copy_jpg.rf.109c8b7837410e87f0c03f1f6d21d1f5.jpg,426,640,0.128662,0.199844,0.619014,0.54575,183.84,False,True,1,12,train
8f0fca25bc3336cae618ee45f790488b_jpg.rf.d697754a25c2019a7b2cfccc83cf9781.jpg,valid,leaning_backward,SINGLE_8f0fca25bc3336cae618ee45f790488b_jpg.rf.d697754a25c2019a7b2cfccc83cf9781.jpg,512,640,0.523105,0.405797,0.398555,0.458563,196.94,False,True,1,13,train
986d901b1752cb344d90d41a018f4930-Copy_jpg.rf.6e3b6948c8877efdc29f6d6c4cca9b67.jpg,valid,leaning_backward,SINGLE_986d901b1752cb344d90d41a018f4930-Copy_jpg.rf.6e3b6948c8877efdc29f6d6c4cca9b67.jpg,640,548,0.213625,0.099599,0.722453,0.833504,206.36,False,True,1,14,train
ed47c4eae34245140bf78ec26d531755-Copy-2-_jpg.rf.d36776311b17d3c2497a7b9c07932fd6.jpg,valid,leaning_forward,SINGLE_ed47c4eae34245140bf78ec26d531755-Copy-2-_jpg.rf.d36776311b17d3c2497a7b9c07932fd6.jpg,460,640,0.199326,0.029031,0.685217,0.679188,166.63,False,True,1,15,train
posture-631-_jpg.rf.f23c585ad2f3ed7afff42339c37f47fb.jpg,valid,slouch,ND_0019,640,640,0.057297,0.068562,0.617188,0.768453,155.74,False,True,1,16,train
sipotion_1749658430249_slouch_0_70_jpg.rf.298a5b5e116427d2f8d69c10e4f101ad.jpg,valid,leaning_backward,SINGLE_sipotion_1749658430249_slouch_0_70_jpg.rf.298a5b5e116427d2f8d69c10e4f101ad.jpg,640,640,0.459375,0.330203,0.271875,0.3875,136.9,False,True,1,17,train
sipotion_1749637008612_leaning_forward_0_60_jpg.rf.8c5ec19c1891caddf56246ba0fe50d42.jpg,valid,leaning_backward,SINGLE_sipotion_1749637008612_leaning_forward_0_60_jpg.rf.8c5ec19c1891caddf56246ba0fe50d42.jpg,640,640,0.416672,0.283328,0.260422,0.451047,136.22,False,True,1,18,train
44c10348f8facd7ff005860e80f2f05c-Copy_jpg.rf.530010485ae6e7bda03c472ced85c862.jpg,valid,leaning_forward,SINGLE_44c10348f8facd7ff005860e80f2f05c-Copy_jpg.rf.530010485ae6e7bda03c472ced85c862.jpg,512,640,0.094121,0.003125,0.773535,0.985969,180.87,False,True,1,19,train
aca8a2544d5b8aee2672d0fe2470d2ed_jpg.rf.243ea5406477f9e8e43b20e640228138.jpg,valid,leaning_forward,SINGLE_aca8a2544d5b8aee2672d0fe2470d2ed_jpg.rf.243ea5406477f9e8e43b20e640228138.jpg,640,426,0.221859,0.080869,0.399953,0.873897,182.21,False,True,1,20,train
sipotion_1749660931532_leaning_forward_0_92_jpg.rf.095d51532c94dbfa8ea692281c8027a1.jpg,valid,leaning_forward,SINGLE_sipotion_1749660931532_leaning_forward_0_92_jpg.rf.095d51532c94dbfa8ea692281c8027a1.jpg,640,640,0.325,0.221875,0.414578,0.771875,125.39,False,True,1,21,train
posture-341-_jpg.rf.bb422cdcf4cbdd304533d8b196b9e8fc.jpg,valid,good_posture,ND_0002,640,640,0.148438,0.0,0.600688,1.0,183.49,False,True,1,22,train
1f538c6c7b2ed936f7519ab26ec0607d-Copy_jpg.rf.b7f49616455ba7836070e0d64b36f556.jpg,valid,good_posture,SINGLE_1f538c6c7b2ed936f7519ab26ec0607d-Copy_jpg.rf.b7f49616455ba7836070e0d64b36f556.jpg,480,640,0.010437,0.013891,0.82175,0.970625,213.1,False,True,1,23,train
9e32ad3c610a145c2aff263ba959ebaa-Copy-2-_jpg.rf.7fe2eee016c9caa872fc0a9248a2145a.jpg,valid,leaning_forward,SINGLE_9e32ad3c610a145c2aff263ba959ebaa-Copy-2-_jpg.rf.7fe2eee016c9caa872fc0a9248a2145a.jpg,480,640,0.289979,0.008344,0.537792,0.635313,200.12,False,True,1,24,valid
sipotion_1749658572805_leaning_backward_0_69_jpg.rf.ea8a89d11a8318e55f9f874927804a5a.jpg,valid,good_posture,SINGLE_sipotion_1749658572805_leaning_backward_0_69_jpg.rf.ea8a89d11a8318e55f9f874927804a5a.jpg,640,640,0.367703,0.078125,0.607297,0.920828,132.5,False,True,1,25,train
ffa92358d37ea94935100c11ffe145126-Copy_jpg.rf.019f1226531163d41e06b56c57040ed1.jpg,valid,good_posture,SINGLE_ffa92358d37ea94935100c11ffe145126-Copy_jpg.rf.019f1226531163d41e06b56c57040ed1.jpg,523,640,0.113078,0.07575,0.664226,0.606359,154.87,False,True,1,26,train
posture-134-_jpg.rf.91a1795b3ca1d7bee058652a45d22b24.jpg,valid,slouch,SINGLE_posture-134-_jpg.rf.91a1795b3ca1d7bee058652a45d22b24.jpg,640,640,0.166656,0.217016,0.591141,0.659922,126.97,False,True,1,27,train
038d8139e2ed9526260fd48f2089435d_jpg.rf.b8c055f5ffdcd0dc2e1f01bfd0f6a818.jpg,valid,good_posture,SINGLE_038d8139e2ed9526260fd48f2089435d_jpg.rf.b8c055f5ffdcd0dc2e1f01bfd0f6a818.jpg,420,640,0.636167,0.38475,0.232262,0.353812,170.33,False,True,1,28,train
7786351d2a6636d3a1a0da5a9f16974a-Copy-2-_jpg.rf.00ffa1e3e1e0b27cea38fbd536a72319.jpg,valid,leaning_backward,SINGLE_7786351d2a6636d3a1a0da5a9f16974a-Copy-2-_jpg.rf.00ffa1e3e1e0b27cea38fbd536a72319.jpg,640,640,0.195328,0.297734,0.657984,0.530609,182.93,False,True,1,29,train
posture-153-_jpg.rf.b3bef02972d582d8d7a7c0972f594785.jpg,valid,good_posture,SINGLE_posture-153-_jpg.rf.b3bef02972d582d8d7a7c0972f594785.jpg,640,640,0.174484,0.248266,0.553813,0.751734,124.4,False,True,1,30,train
images3-Copy-2-_jpg.rf.163073f9d943e6664faa7c6a3dfc75bf.jpg,valid,good_posture,SINGLE_images3-Copy-2-_jpg.rf.163073f9d943e6664faa7c6a3dfc75bf.jpg,361,640,0.145928,0.011156,0.831634,0.849203,161.1,False,True,1,31,train
64728be89f9d6d4acac08119e5c062e6-Copy_jpg.rf.81f241fee3221ef58efed46562a368b0.jpg,valid,leaning_forward,SINGLE_64728be89f9d6d4acac08119e5c062e6-Copy_jpg.rf.81f241fee3221ef58efed46562a368b0.jpg,640,269,0.231609,0.0,0.341016,0.936803,205.63,False,True,1,32,train
e29e0a43c00012bd6fd1f5259e9bce5c-Copy_jpg.rf.a13b4accc017680d2358b99a9c754efa.jpg,valid,slouch,SINGLE_e29e0a43c00012bd6fd1f5259e9bce5c-Copy_jpg.rf.a13b4accc017680d2358b99a9c754efa.jpg,512,640,0.146074,0.011781,0.782383,0.669734,152.41,False,True,1,33,train
posture-266-_jpg.rf.c1b0605ccf3ae56d8e8d2f1fbb0c1a1f.jpg,valid,leaning_forward,SINGLE_posture-266-_jpg.rf.c1b0605ccf3ae56d8e8d2f1fbb0c1a1f.jpg,640,640,0.033859,0.240453,0.862844,0.686797,118.07,False,True,1,34,valid
ac1ba8b24f47d2f3f9bf48048d2e30bb-Copy_jpg.rf.43501505a5bcec0f30218d14b9630b1e.jpg,valid,slouch,SINGLE_ac1ba8b24f47d2f3f9bf48048d2e30bb-Copy_jpg.rf.43501505a5bcec0f30218d14b9630b1e.jpg,427,640,0.109578,0.123422,0.757658,0.578094,177.74,False,True,1,35,test
posture-364-_jpg.rf.b1df830a6f0daeaf643720c25719d158.jpg,valid,good_posture,SINGLE_posture-364-_jpg.rf.b1df830a6f0daeaf643720c25719d158.jpg,640,640,0.5,0.133688,0.261281,0.686,64.17,False,True,1,36,train
sipotion_1749660946045_leaning_forward_0_92_jpg.rf.7e543899fb8dc36e2477f555f7ce8e2b.jpg,valid,leaning_forward,ND_0004,640,640,0.184375,0.25,0.466672,0.748953,116.45,False,True,1,37,train
0ef52a85265746d1683f9486e96ce923-Copy_jpg.rf.594fc007a1d16dba7e26a5d1ef710ef4.jpg,valid,slouch,SINGLE_0ef52a85265746d1683f9486e96ce923-Copy_jpg.rf.594fc007a1d16dba7e26a5d1ef710ef4.jpg,503,640,0.146143,0.129094,0.64004,0.709812,58.25,False,True,1,38,train
posture-541-_jpg.rf.a5153dc1522dfa95abd1494b39b754af.jpg,valid,slouch,SINGLE_posture-541-_jpg.rf.a5153dc1522dfa95abd1494b39b754af.jpg,640,640,0.205719,0.050344,0.586812,0.949656,118.16,False,True,1,39,train
cf421be439fc0e9f75e370c21455c4e9-Copy_jpg.rf.7f60707b6b516dce08e0d06253198eee.jpg,valid,good_posture,SINGLE_cf421be439fc0e9f75e370c21455c4e9-Copy_jpg.rf.7f60707b6b516dce08e0d06253198eee.jpg,429,640,0.175711,0.025906,0.745315,0.699531,221.69,False,True,1,40,valid
3e568046de584d919cf9c86e3db0f5a2-Copy_jpg.rf.8da6000a8084237f2851d67db1e92f39.jpg,valid,leaning_forward,SINGLE_3e568046de584d919cf9c86e3db0f5a2-Copy_jpg.rf.8da6000a8084237f2851d67db1e92f39.jpg,640,480,0.072234,0.28475,0.243203,0.353417,230.96,False,True,2,41,valid
3e568046de584d919cf9c86e3db0f5a2-Copy_jpg.rf.8da6000a8084237f2851d67db1e92f39.jpg,valid,leaning_forward,SINGLE_3e568046de584d919cf9c86e3db0f5a2-Copy_jpg.rf.8da6000a8084237f2851d67db1e92f39.jpg,640,480,0.629609,0.200854,0.272234,0.417604,230.96,False,True,2,42,valid
posture-277-_jpg.rf.29f20b282a59addabd1bb5dc64731928.jpg,valid,leaning_forward,SINGLE_posture-277-_jpg.rf.29f20b282a59addabd1bb5dc64731928.jpg,640,640,0.09375,0.056437,0.771703,0.863875,115.09,False,True,1,43,test
sipotion_1749658444481_slouch_0_84_jpg.rf.a1b59925b03d9be1740593517fe2d471.jpg,valid,good_posture,SINGLE_sipotion_1749658444481_slouch_0_84_jpg.rf.a1b59925b03d9be1740593517fe2d471.jpg,640,640,0.26875,0.316672,0.279172,0.407297,142.49,False,True,1,44,train
sipotion_1749658319239_slouch_0_84_jpg.rf.090668f4888fec33e67f0f2da8d5b0b3.jpg,valid,leaning_forward,SINGLE_sipotion_1749658319239_slouch_0_84_jpg.rf.090668f4888fec33e67f0f2da8d5b0b3.jpg,640,640,0.1,0.126047,0.61875,0.86875,148.53,False,True,1,45,train
dd893ff77e5319d3bfa31f964a8bbef3-Copy_jpg.rf.012eaf3933dc91e04ec15aa05e8dee5a.jpg,valid,leaning_forward,SINGLE_dd893ff77e5319d3bfa31f964a8bbef3-Copy_jpg.rf.012eaf3933dc91e04ec15aa05e8dee5a.jpg,451,640,0.078847,0.156484,0.701641,0.458719,198.74,False,True,1,46,valid
d410d40029f8109963184a7983921747-Copy-2-_jpg.rf.a773e387109f54b887ee226949cc10f8.jpg,valid,slouch,SINGLE_d410d40029f8109963184a7983921747-Copy-2-_jpg.rf.a773e387109f54b887ee226949cc10f8.jpg,640,426,0.373219,0.0,0.503578,0.970423,171.98,False,True,1,47,train
posture-592-_jpg.rf.ed71b21e546a671d9841b0ef75fc876c.jpg,valid,good_posture,SINGLE_posture-592-_jpg.rf.ed71b21e546a671d9841b0ef75fc876c.jpg,640,640,0.164062,0.079,0.559031,0.921,117.34,False,True,1,48,train
512b65bb04bded5177b2a62a6c59a04c_jpg.rf.dab27cbe2dd392e6b197c6ba0af59d8d.jpg,valid,leaning_backward,SINGLE_512b65bb04bded5177b2a62a6c59a04c_jpg.rf.dab27cbe2dd392e6b197c6ba0af59d8d.jpg,640,640,0.116281,0.006031,0.73125,0.879609,195.48,False,True,1,49,train
8e57678dca9bd1457f434d451dc7a484_jpg.rf.df4eb0e64ae7ff2f5231aca9116071f2.jpg,valid,good_posture,SINGLE_8e57678dca9bd1457f434d451dc7a484_jpg.rf.df4eb0e64ae7ff2f5231aca9116071f2.jpg,426,640,0.143146,0.057469,0.50669,0.518328,156.26,False,True,1,50,train
posture-177-_jpg.rf.5eb1f3df67fea97963e732c21e8c7541.jpg,valid,good_posture,SINGLE_posture-177-_jpg.rf.5eb1f3df67fea97963e732c21e8c7541.jpg,640,640,0.174469,0.217016,0.489578,0.630422,128.53,False,True,1,51,train
sipotion_1749648197532_good_posture_0_85_jpg.rf.4c3fb000830d28832d727f4f11522af3.jpg,valid,good_posture,ND_0005,640,640,0.325,0.086453,0.510422,0.821875,147.32,False,True,1,52,train
posture-595-_jpg.rf.c96e545875de03847a81f9feedefe30b.jpg,valid,good_posture,SINGLE_posture-595-_jpg.rf.c96e545875de03847a81f9feedefe30b.jpg,640,640,0.575531,0.032125,0.357641,0.926359,219.47,False,True,2,53,train
posture-595-_jpg.rf.c96e545875de03847a81f9feedefe30b.jpg,valid,leaning_backward,SINGLE_posture-595-_jpg.rf.c96e545875de03847a81f9feedefe30b.jpg,640,640,0.054688,0.076391,0.484375,0.878531,219.47,False,True,2,54,train
sipotion_1749658563677_leaning_backward_0_60_jpg.rf.3ebf8947b4df6a069dc4b7b4885c96a9.jpg,valid,good_posture,ND_0006,640,640,0.334375,0.053125,0.630203,0.945828,135.39,False,True,1,55,train
e25b7f05698b5236f71476766c37a1f9-Copy_jpg.rf.0b49b80f21e881617e864616a72fc219.jpg,valid,good_posture,SINGLE_e25b7f05698b5236f71476766c37a1f9-Copy_jpg.rf.0b49b80f21e881617e864616a72fc219.jpg,363,640,0.067163,0.003172,0.733196,0.543219,191.4,False,True,1,56,train
12faae8bd575b49b06841c73067a3a3a_jpg.rf.24ad561eb360bf7dcb71307ec43c2a6d.jpg,valid,good_posture,SINGLE_12faae8bd575b49b06841c73067a3a3a_jpg.rf.24ad561eb360bf7dcb71307ec43c2a6d.jpg,640,480,0.381797,0.083333,0.351906,0.916667,163.88,False,True,1,57,valid
sipotion_1749658606791_leaning_backward_0_72_jpg.rf.60cba1fc77dcd58e22079cef470a8ba0.jpg,valid,leaning_backward,SINGLE_sipotion_1749658606791_leaning_backward_0_72_jpg.rf.60cba1fc77dcd58e22079cef470a8ba0.jpg,640,640,0.047922,0.180203,0.70625,0.789578,146.98,False,True,1,58,train
83e6943e72db0525aa10b6d2c48accf0_jpg.rf.0d82fe914b3def90e4593570fb1a7fac.jpg,valid,leaning_backward,SINGLE_83e6943e72db0525aa10b6d2c48accf0_jpg.rf.0d82fe914b3def90e4593570fb1a7fac.jpg,513,640,0.074503,0.213406,0.782827,0.519453,167.42,False,True,1,59,test
9e1e04f95254cfb02d87fe470c12c70b-Copy_jpg.rf.ad4ebeadee337d2d2559aac564f1ba68.jpg,valid,good_posture,SINGLE_9e1e04f95254cfb02d87fe470c12c70b-Copy_jpg.rf.ad4ebeadee337d2d2559aac564f1ba68.jpg,426,640,0.13608,0.027922,0.696291,0.611703,178.85,False,True,1,60,train
2f733fdf5255897ece4bf1ce6269e318-Copy_jpg.rf.5fae10780b4b821e4300daf9d40bff69.jpg,valid,good_posture,SINGLE_2f733fdf5255897ece4bf1ce6269e318-Copy_jpg.rf.5fae10780b4b821e4300daf9d40bff69.jpg,426,640,0.023826,0.091422,0.793404,0.906687,134.35,False,True,1,61,train
61a1e85af5b11c3a1a2549d5dca58295-Copy_jpg.rf.b37c756971a2d9d441b81d1cae1128f5.jpg,valid,leaning_backward,SINGLE_61a1e85af5b11c3a1a2549d5dca58295-Copy_jpg.rf.b37c756971a2d9d441b81d1cae1128f5.jpg,484,640,0.05436,0.016281,0.90374,0.882328,182.42,False,True,1,62,train
79f4e495baca26738beef86cb33185c7-Copy_jpg.rf.969d22aea3ad923f1926724127fb47a9.jpg,valid,slouch,SINGLE_79f4e495baca26738beef86cb33185c7-Copy_jpg.rf.969d22aea3ad923f1926724127fb47a9.jpg,640,395,0.099781,0.054709,0.534141,0.937392,192.46,False,True,1,63,train
sipotion_1749648177533_good_posture_0_53_jpg.rf.be0b0689d14ca5bd9f5016d9b954fd71.jpg,valid,slouch,SINGLE_sipotion_1749648177533_good_posture_0_53_jpg.rf.be0b0689d14ca5bd9f5016d9b954fd71.jpg,640,640,0.3,0.165625,0.575,0.769797,146.88,False,True,1,64,valid
03c40be672e90af46fb59496c8034b57-Copy-2-_jpg.rf.b1c852f6b38cfa74ecc8c7d934917622.jpg,valid,good_posture,SINGLE_03c40be672e90af46fb59496c8034b57-Copy-2-_jpg.rf.b1c852f6b38cfa74ecc8c7d934917622.jpg,512,640,0.159648,0.212859,0.598945,0.700375,212.86,False,True,1,65,valid
50c40c54fd6d704689e7e611cae50592_jpg.rf.171442f68411b1d96881f4530a026afb.jpg,valid,slouch,SINGLE_50c40c54fd6d704689e7e611cae50592_jpg.rf.171442f68411b1d96881f4530a026afb.jpg,640,640,0.585938,0.243063,0.338547,0.583562,92.47,False,True,2,66,train
50c40c54fd6d704689e7e611cae50592_jpg.rf.171442f68411b1d96881f4530a026afb.jpg,valid,leaning_forward,SINGLE_50c40c54fd6d704689e7e611cae50592_jpg.rf.171442f68411b1d96881f4530a026afb.jpg,640,640,0.071188,0.240453,0.429688,0.678125,92.47,False,True,2,67,train
7353602e3a7424adb6606eec01fd3524-Copy_jpg.rf.8947c06bbf5960093a6ff12d932d05d0.jpg,valid,leaning_forward,SINGLE_7353602e3a7424adb6606eec01fd3524-Copy_jpg.rf.8947c06bbf5960093a6ff12d932d05d0.jpg,480,640,0.356667,0.143344,0.546667,0.521969,168.34,False,True,1,68,train
sipotion_1749645791964_slouch_0_62_jpg.rf.1cb9b7c8672cf0cf814850fd9564f327.jpg,valid,slouch,SINGLE_sipotion_1749645791964_slouch_0_62_jpg.rf.1cb9b7c8672cf0cf814850fd9564f327.jpg,640,640,0.241672,0.19375,0.403125,0.775,119.41,False,True,1,69,test
ed25f52d26067ace9581553a3c4e3778_jpg.rf.d3dfa6e83c2ea86168f8cebae0db4c5b.jpg,valid,slouch,SINGLE_ed25f52d26067ace9581553a3c4e3778_jpg.rf.d3dfa6e83c2ea86168f8cebae0db4c5b.jpg,428,640,0.282593,0.146469,0.559486,0.803859,168.68,False,True,1,70,valid
images1-Copy-2-_jpg.rf.ce6ff2b9a588f026ab2d253787629b1f.jpg,valid,good_posture,SINGLE_images1-Copy-2-_jpg.rf.ce6ff2b9a588f026ab2d253787629b1f.jpg,479,640,0.18572,0.070359,0.713048,0.908766,137.55,False,True,1,71,train
How-to-sit-meditation-Copy-2-_jpg.rf.d1151bddc9ac6445789a020754264bb0.jpg,valid,good_posture,SINGLE_How-to-sit-meditation-Copy-2-_jpg.rf.d1151bddc9ac6445789a020754264bb0.jpg,640,359,0.521312,0.147716,0.242422,0.713454,101.22,False,True,1,72,train
bd4c7f8bebd96b6a55b75657d73e3a08-Copy_jpg.rf.865a1346cbd03ea1c423447d34059b11.jpg,valid,leaning_forward,SINGLE_bd4c7f8bebd96b6a55b75657d73e3a08-Copy_jpg.rf.865a1346cbd03ea1c423447d34059b11.jpg,640,480,0.306672,0.013813,0.447078,0.980104,201.31,False,True,1,73,train
fcc0c65a43d726d5a4cea47c25adf234-Copy_jpg.rf.153b47e46395a0c49859b6d0fe7f85f7.jpg,valid,slouch,SINGLE_fcc0c65a43d726d5a4cea47c25adf234-Copy_jpg.rf.153b47e46395a0c49859b6d0fe7f85f7.jpg,454,640,0.17348,0.222812,0.781278,0.549625,212.54,False,True,1,74,train
0c60817f7c51abb568167d5c48eb8a47-Copy_jpg.rf.fb6a5f27c3e2ff278757d7f867c2fbf0.jpg,valid,slouch,ND_0019,640,426,0.060937,0.070423,0.621875,0.929577,158.17,False,True,1,75,train
5aa27058712bce0b807380efa57177c4-Copy-2-_jpg.rf.85d5129516ca539c84d83d6f7ee05233.jpg,valid,slouch,SINGLE_5aa27058712bce0b807380efa57177c4-Copy-2-_jpg.rf.85d5129516ca539c84d83d6f7ee05233.jpg,640,424,0.245312,0.117925,0.7375,0.882075,122.49,False,True,1,76,train
ab7b2a592ffdd401c56928941f8da82c_jpg.rf.aa9635a406412e5820fcb4f9c3d45909.jpg,valid,leaning_backward,SINGLE_ab7b2a592ffdd401c56928941f8da82c_jpg.rf.aa9635a406412e5820fcb4f9c3d45909.jpg,512,640,0.144023,0.391297,0.697012,0.608703,149.6,False,True,1,77,train
posture-284-_jpg.rf.32dad887c3d4991a016e4ef2439d213b.jpg,valid,leaning_forward,SINGLE_posture-284-_jpg.rf.32dad887c3d4991a016e4ef2439d213b.jpg,640,640,0.148438,0.060766,0.793406,0.741563,133.79,False,True,1,78,train
sipotion_1749660954336_leaning_forward_0_65_jpg.rf.e282dae6520a88115b991da076612400.jpg,valid,leaning_forward,SINGLE_sipotion_1749660954336_leaning_forward_0_65_jpg.rf.e282dae6520a88115b991da076612400.jpg,640,640,0.140469,0.000297,0.686906,0.999703,101.97,False,True,1,79,train
da0f01744cef05b9d5e6cbd18c0dfcaf-Copy_jpg.rf.1a9ff1ba78cd919210701c13f0214fff.jpg,valid,good_posture,SINGLE_da0f01744cef05b9d5e6cbd18c0dfcaf-Copy_jpg.rf.1a9ff1ba78cd919210701c13f0214fff.jpg,384,640,0.141797,0.030859,0.671484,0.7585,115.8,False,True,1,80,train
posture-124-_jpg.rf.3a5be28d07c87cb7240811ebc7467871.jpg,valid,good_posture,SINGLE_posture-124-_jpg.rf.3a5be28d07c87cb7240811ebc7467871.jpg,640,640,0.028656,0.159719,0.739578,0.731094,136.77,False,True,1,81,train
Uk862ZxbaFujYS424qTfsP-Copy-2-_jpg.rf.8fce0c0856dad484aed71c1d52817861.jpg,valid,good_posture,SINGLE_Uk862ZxbaFujYS424qTfsP-Copy-2-_jpg.rf.8fce0c0856dad484aed71c1d52817861.jpg,640,360,0.255,0.003944,0.377781,0.986861,199.68,False,True,1,82,test
d76754ef2c95e08e01c86403b703364f_jpg.rf.6786807d9538c9850d2c81808a052988.jpg,valid,leaning_backward,SINGLE_d76754ef2c95e08e01c86403b703364f_jpg.rf.6786807d9538c9850d2c81808a052988.jpg,480,640,0.260958,0.168203,0.683646,0.831797,185.82,False,True,1,83,valid
1bff90c2a0f45c5ba8db4d1f057691c2-Copy_jpg.rf.ddd734b7c27b2351a50b44411559b1fe.jpg,valid,slouch,SINGLE_1bff90c2a0f45c5ba8db4d1f057691c2-Copy_jpg.rf.ddd734b7c27b2351a50b44411559b1fe.jpg,466,640,0.074785,0.0,0.775086,0.748516,207.2,False,True,1,84,test
03c69ace93f40e3e724ba009796000d0_jpg.rf.acacafab75f564e99cb409520e38ebef.jpg,valid,slouch,SINGLE_03c69ace93f40e3e724ba009796000d0_jpg.rf.acacafab75f564e99cb409520e38ebef.jpg,640,640,0.4675,0.125844,0.52,0.804312,162.4,False,True,1,85,train
sipotion_1749660928120_leaning_forward_0_61_jpg.rf.bac14b82de06a2b6a0d1d4ca302533d1.jpg,valid,leaning_forward,SINGLE_sipotion_1749660928120_leaning_forward_0_61_jpg.rf.bac14b82de06a2b6a0d1d4ca302533d1.jpg,640,640,0.325,0.182297,0.544797,0.805203,110.7,False,True,1,86,valid
sipotion_1749658792534_good_posture_0_72_jpg.rf.980442380fc848cd5a8a4c52127591de.jpg,valid,good_posture,ND_0010,640,640,0.3,0.226047,0.394797,0.745828,120.36,False,True,1,87,train
download-Copy-2-_jpg.rf.f256e926076799b28840df9f6c32fd2c.jpg,valid,good_posture,SINGLE_download-Copy-2-_jpg.rf.f256e926076799b28840df9f6c32fd2c.jpg,494,640,0.189656,0.079297,0.698887,0.896859,222.7,False,True,1,88,train
ac76e47ce5febbecb8ae39dd5ae21474-Copy_jpg.rf.e2ff5c67a6a31a70f98cc646e04fc3b2.jpg,valid,leaning_forward,SINGLE_ac76e47ce5febbecb8ae39dd5ae21474-Copy_jpg.rf.e2ff5c67a6a31a70f98cc646e04fc3b2.jpg,426,640,0.087653,0.017594,0.890282,0.971453,185.47,False,True,1,89,train
sipotion_1749643405698_leaning_forward_0_40_jpg.rf.0378da516ce1a91f4ed3d0a010168e8c.jpg,valid,leaning_backward,ND_0000,640,640,0.458328,0.2625,0.33125,0.584375,98.09,False,True,1,90,train
581cacc03b45e71bd4c2568986682ecf-Copy_jpg.rf.b71d0fc095f2203ae1c842d71354512e.jpg,valid,good_posture,SINGLE_581cacc03b45e71bd4c2568986682ecf-Copy_jpg.rf.b71d0fc095f2203ae1c842d71354512e.jpg,640,425,0.41875,0.051765,0.339062,0.948235,153.59,False,True,1,91,train
images2-Copy-2-_jpg.rf.513308aeac1aba699fb6c282f0b4a34b.jpg,valid,good_posture,SINGLE_images2-Copy-2-_jpg.rf.513308aeac1aba699fb6c282f0b4a34b.jpg,640,458,0.253359,0.020939,0.433656,0.899913,192.3,False,True,1,92,train
How-to-Maintain-Neutral-Spine-Copy-2-_jpg.rf.15a63020dfcbe373e79723aa6c3dbd3d.jpg,valid,good_posture,SINGLE_How-to-Maintain-Neutral-Spine-Copy-2-_jpg.rf.15a63020dfcbe373e79723aa6c3dbd3d.jpg,640,325,0.4275,0.010677,0.289578,0.957662,134.67,False,True,1,93,train
78bed333dd432f0d70aae2a9e8fa7370-Copy_jpg.rf.086d4bdec6a727ce4b384ce040fda633.jpg,valid,slouch,SINGLE_78bed333dd432f0d70aae2a9e8fa7370-Copy_jpg.rf.086d4bdec6a727ce4b384ce040fda633.jpg,427,640,0.10192,0.150344,0.704333,0.773766,147.6,False,True,1,94,train
a67dcb23e4c2e37037f5bde07a53af1f-Copy_jpg.rf.a9a98c11f1cb129671a9136794e65b76.jpg,valid,good_posture,SINGLE_a67dcb23e4c2e37037f5bde07a53af1f-Copy_jpg.rf.a9a98c11f1cb129671a9136794e65b76.jpg,640,426,0.273438,0.004695,0.464062,0.995305,137.66,False,True,1,95,train
posture-254-_jpg.rf.903ec44420bacd4623f79c0ba7397b21.jpg,valid,slouch,ND_0024,640,640,0.291672,0.058156,0.464406,0.785813,130.66,False,True,1,96,train
11376b36328b5aecfce91a930ae7dd13-Copy_jpg.rf.2c99983e2f5421754b6dffe0442124bc.jpg,valid,slouch,SINGLE_11376b36328b5aecfce91a930ae7dd13-Copy_jpg.rf.2c99983e2f5421754b6dffe0442124bc.jpg,640,426,0.332875,0.212606,0.370812,0.757981,177.81,False,True,1,97,train
sipotion_1749648202573_good_posture_0_87_jpg.rf.a8897cb1f8afafd69f7505d9b16d9434.jpg,valid,good_posture,ND_0005,640,640,0.320828,0.120828,0.54375,0.817703,148.29,False,True,1,98,train
posture-665-_jpg.rf.5b75a03650655b9e6d9e90054ff971ea.jpg,valid,slouch,SINGLE_posture-665-_jpg.rf.5b75a03650655b9e6d9e90054ff971ea.jpg,640,640,0.135422,0.014625,0.664062,0.981031,190.45,False,True,1,99,valid
sipotion_1749658575353_slouch_0_55_jpg.rf.e7d938919df651e030ad7435eef42c9c.jpg,valid,good_posture,SINGLE_sipotion_1749658575353_slouch_0_55_jpg.rf.e7d938919df651e030ad7435eef42c9c.jpg,640,640,0.316672,0.079172,0.648953,0.908328,144.11,False,True,1,100,test
898eec2b4ad9d4dba72f74f4007e644b-Copy_jpg.rf.66840d174754f01b4a91f1692990b064.jpg,valid,leaning_forward,SINGLE_898eec2b4ad9d4dba72f74f4007e644b-Copy_jpg.rf.66840d174754f01b4a91f1692990b064.jpg,544,640,0.327868,0.300547,0.54921,0.695625,99.5,False,True,1,101,train
sipotion_1749658439192_slouch_0_82_jpg.rf.3c8d6b52423695101c34de965ad5e505.jpg,valid,good_posture,SINGLE_sipotion_1749658439192_slouch_0_82_jpg.rf.3c8d6b52423695101c34de965ad5e505.jpg,640,640,0.377078,0.383328,0.25,0.427078,136.26,False,True,1,102,train
33d01e7a66dee25ccebf4c35e38658d0-Copy_jpg.rf.69e259c9834119892820f5428827049b.jpg,valid,slouch,SINGLE_33d01e7a66dee25ccebf4c35e38658d0-Copy_jpg.rf.69e259c9834119892820f5428827049b.jpg,512,640,0.190215,0.060688,0.699727,0.897813,144.13,False,True,1,103,train
posture-314-_jpg.rf.6acdd6bf569b3c8a2b346353c0ab4b27.jpg,valid,leaning_backward,SINGLE_posture-314-_jpg.rf.6acdd6bf569b3c8a2b346353c0ab4b27.jpg,640,640,0.002609,0.136281,0.875,0.716359,102.2,False,True,1,104,test
2717706a396e68f341b88f63e445b64c5-Copy_jpg.rf.d4861e9470f49accab5203166b17b83e.jpg,valid,good_posture,SINGLE_2717706a396e68f341b88f63e445b64c5-Copy_jpg.rf.d4861e9470f49accab5203166b17b83e.jpg,426,640,0.068052,0.009813,0.861854,0.975313,161.29,False,True,1,105,train
Posture-correction-sitting-2048x1161-Copy_jpg.rf.67e379290ca6ebb646ed4638e356f2f2.jpg,valid,slouch,SINGLE_Posture-correction-sitting-2048x1161-Copy_jpg.rf.67e379290ca6ebb646ed4638e356f2f2.jpg,640,362,0.040688,0.113177,0.307625,0.768536,213.79,False,True,3,106,train
Posture-correction-sitting-2048x1161-Copy_jpg.rf.67e379290ca6ebb646ed4638e356f2f2.jpg,valid,leaning_backward,SINGLE_Posture-correction-sitting-2048x1161-Copy_jpg.rf.67e379290ca6ebb646ed4638e356f2f2.jpg,640,362,0.328781,0.144834,0.341797,0.733066,213.79,False,True,3,107,train
Posture-correction-sitting-2048x1161-Copy_jpg.rf.67e379290ca6ebb646ed4638e356f2f2.jpg,valid,good_posture,SINGLE_Posture-correction-sitting-2048x1161-Copy_jpg.rf.67e379290ca6ebb646ed4638e356f2f2.jpg,640,362,0.677078,0.078646,0.302734,0.824171,213.79,False,True,3,108,train
a32266f248f948449f9c7dceb6b5292a_jpg.rf.8954aaf396de8d1e8c25447323309c3a.jpg,valid,leaning_forward,SINGLE_a32266f248f948449f9c7dceb6b5292a_jpg.rf.8954aaf396de8d1e8c25447323309c3a.jpg,640,640,0.244563,0.041672,0.473734,0.657937,171.58,False,True,2,109,train
a32266f248f948449f9c7dceb6b5292a_jpg.rf.8954aaf396de8d1e8c25447323309c3a.jpg,valid,slouch,SINGLE_a32266f248f948449f9c7dceb6b5292a_jpg.rf.8954aaf396de8d1e8c25447323309c3a.jpg,640,640,0.573375,0.0,0.365937,0.466047,171.58,False,True,2,110,train
1876f9487ac4a54e573bfb7a208a029e_jpg.rf.7d129606ecbc1bf0ba4abb602fd9c3ab.jpg,valid,leaning_forward,SINGLE_1876f9487ac4a54e573bfb7a208a029e_jpg.rf.7d129606ecbc1bf0ba4abb602fd9c3ab.jpg,427,640,0.031897,0.051422,0.867658,0.874297,212.7,False,True,1,111,train
fbdc06057eb3328ac3789a7d5ceea517-Copy_jpg.rf.6496d864bfa725134655337591a7cbd4.jpg,valid,slouch,SINGLE_fbdc06057eb3328ac3789a7d5ceea517-Copy_jpg.rf.6496d864bfa725134655337591a7cbd4.jpg,481,640,0.213119,0.017016,0.706258,0.674984,179.36,False,True,1,112,valid
78a07089ecd665b3951e0c3545028f5c_jpg.rf.64c2ecda911a28a56b504cc53f94bf24.jpg,valid,leaning_forward,SINGLE_78a07089ecd665b3951e0c3545028f5c_jpg.rf.64c2ecda911a28a56b504cc53f94bf24.jpg,640,480,0.170812,0.099208,0.536359,0.644687,205.01,False,True,1,113,train
posture-615-_jpg.rf.8d7f6c727f84e4eb2e3cfaea5cf85d9c.jpg,valid,good_posture,SINGLE_posture-615-_jpg.rf.8d7f6c727f84e4eb2e3cfaea5cf85d9c.jpg,640,640,0.242188,0.1415,0.574656,0.742391,147.89,False,True,1,114,train
59c146d54c50e3f829b9a50f72a6b7fa-Copy_jpg.rf.404a3db1277161ef57a8698d8c93ac3b.jpg,valid,slouch,SINGLE_59c146d54c50e3f829b9a50f72a6b7fa-Copy_jpg.rf.404a3db1277161ef57a8698d8c93ac3b.jpg,576,640,0.081024,0.401922,0.603767,0.598078,181.99,False,True,1,115,train
posture-332-_jpg.rf.445755fa5fb210168933ce7db0563105.jpg,valid,slouch,SINGLE_posture-332-_jpg.rf.445755fa5fb210168933ce7db0563105.jpg,640,640,0.296891,0.003469,0.618922,0.996531,155.2,False,True,1,116,test
c9491ad49cea73d453803358b2508f57-Copy_jpg.rf.4b7499a5593dc29eb4de0c2f017c8f5b.jpg,valid,slouch,SINGLE_c9491ad49cea73d453803358b2508f57-Copy_jpg.rf.4b7499a5593dc29eb4de0c2f017c8f5b.jpg,640,478,0.334375,0.246862,0.504687,0.753138,190.61,False,True,1,117,valid
posture-507-_jpg.rf.8f66d4f2053db512062e2e8a0534d1d3.jpg,valid,good_posture,SINGLE_posture-507-_jpg.rf.8f66d4f2053db512062e2e8a0534d1d3.jpg,640,640,0.335938,0.016484,0.420141,0.872594,236.45,False,True,1,118,train
posture-253-_jpg.rf.8d7b694bac7b5c2b461903d4b7b6e7e3.jpg,valid,slouch,ND_0024,640,640,0.265625,0.037312,0.511281,0.843078,124.32,False,True,1,119,train
posture-140-_jpg.rf.5b1e87412e506e146360e59438144188.jpg,valid,leaning_backward,SINGLE_posture-140-_jpg.rf.5b1e87412e506e146360e59438144188.jpg,640,640,0.197922,0.227438,0.530375,0.548875,128.69,False,True,1,120,valid
952c9d489a4376391098069dde605ff4-Copy_jpg.rf.b377902d055d5021b24459a4c049db85.jpg,valid,slouch,SINGLE_952c9d489a4376391098069dde605ff4-Copy_jpg.rf.b377902d055d5021b24459a4c049db85.jpg,424,640,0.20809,0.170687,0.720896,0.597656,144.49,False,True,1,121,train
posture-199-_jpg.rf.d2cef090b3d562bf0c95bc4dbe224dca.jpg,valid,slouch,SINGLE_posture-199-_jpg.rf.d2cef090b3d562bf0c95bc4dbe224dca.jpg,640,640,0.265625,0.23525,0.441844,0.695484,129.83,False,True,1,122,train
81842e02a2b88474cf168d2e89fc1d30-Copy_jpg.rf.0710f97d730e30e20c2095a36106d3d2.jpg,valid,slouch,SINGLE_81842e02a2b88474cf168d2e89fc1d30-Copy_jpg.rf.0710f97d730e30e20c2095a36106d3d2.jpg,640,426,0.118063,0.0,0.655563,0.989038,159.87,False,True,1,123,test
a0e4c9bc32937f24d184ab8297c010c7-Copy_jpg.rf.ca571112508e38448819b505ff10729e.jpg,valid,leaning_backward,SINGLE_a0e4c9bc32937f24d184ab8297c010c7-Copy_jpg.rf.ca571112508e38448819b505ff10729e.jpg,426,640,0.238146,0.330344,0.644108,0.576203,194.32,False,True,1,124,train
d30ff00ccb4e7da517e131e7bb6911ac-Copy_jpg.rf.97156bdfdc5801f7cf64f4f1724ddfb7.jpg,valid,slouch,SINGLE_d30ff00ccb4e7da517e131e7bb6911ac-Copy_jpg.rf.97156bdfdc5801f7cf64f4f1724ddfb7.jpg,640,589,0.228719,0.286248,0.497438,0.607929,126.75,False,True,1,125,train
8fbf1291964b1c6f0adbbde337b9d5ef-Copy_jpg.rf.bb958d0aabbd5e1134f8f36b9442683b.jpg,valid,leaning_backward,SINGLE_8fbf1291964b1c6f0adbbde337b9d5ef-Copy_jpg.rf.bb958d0aabbd5e1134f8f36b9442683b.jpg,518,640,0.135927,0.319609,0.78834,0.561406,89.63,False,True,1,126,test
sipotion_1749658310237_slouch_0_76_jpg.rf.c3e02bf96476c3a1be25d71d3b430f11.jpg,valid,leaning_backward,SINGLE_sipotion_1749658310237_slouch_0_76_jpg.rf.c3e02bf96476c3a1be25d71d3b430f11.jpg,640,640,0.021875,0.3125,0.905203,0.586453,132.18,False,True,1,127,test
72caa2ca1fb3e5e2f073ad9eba4642a3-Copy_jpg.rf.71fc44260f35810a3406ab0f0a1a3fc7.jpg,valid,good_posture,SINGLE_72caa2ca1fb3e5e2f073ad9eba4642a3-Copy_jpg.rf.71fc44260f35810a3406ab0f0a1a3fc7.jpg,385,640,0.086156,0.096391,0.785974,0.820344,163.96,False,True,1,128,train
93c555ce64f1fab69293e4f5631cbcce-Copy-2-_jpg.rf.3f3890cfe467aad3d0c341016c42ba77.jpg,valid,leaning_backward,SINGLE_93c555ce64f1fab69293e4f5631cbcce-Copy-2-_jpg.rf.3f3890cfe467aad3d0c341016c42ba77.jpg,508,640,0.146417,0.190094,0.7525,0.701109,223.81,False,True,1,129,test
download-1-Copy_jpg.rf.e291aa959ceaca5ddc3b31d3988b1f9b.jpg,valid,good_posture,SINGLE_download-1-Copy_jpg.rf.e291aa959ceaca5ddc3b31d3988b1f9b.jpg,425,640,0.191647,0.072734,0.695435,0.927266,225.89,False,True,1,130,test
fdd6e467bfcad201d3cc6ac923ae829f-Copy_jpg.rf.492d6761226bba3de7e36ed23cfde0eb.jpg,valid,leaning_forward,SINGLE_fdd6e467bfcad201d3cc6ac923ae829f-Copy_jpg.rf.492d6761226bba3de7e36ed23cfde0eb.jpg,640,406,0.152859,0.343596,0.520266,0.64,163.22,False,True,1,131,train
0fc32a3a4348547000601fbb1eae3e94-Copy_jpg.rf.63b4ffb54b24e037b71eec0382a8b992.jpg,valid,leaning_forward,SINGLE_0fc32a3a4348547000601fbb1eae3e94-Copy_jpg.rf.63b4ffb54b24e037b71eec0382a8b992.jpg,426,640,0.265352,0.120766,0.587418,0.512828,130.54,False,True,1,132,train
sipotion_1749649871123_slouch_0_61_jpg.rf.c520a724a5d3ba60e60ae054eb4ab412.jpg,valid,good_posture,ND_0009,640,640,0.266672,0.292703,0.397922,0.641672,117.25,False,True,1,133,train
sipotion_1749642779298_slouch_0_86_jpg.rf.82e6cb6571934949d2bf677d36ba4c5c.jpg,valid,good_posture,SINGLE_sipotion_1749642779298_slouch_0_86_jpg.rf.82e6cb6571934949d2bf677d36ba4c5c.jpg,640,640,0.075,0.080203,0.639578,0.915625,131.45,False,True,1,134,train
dc363969c85546a62fa7a83449c00058-Copy_jpg.rf.4584b363d63661677a086d6266aa9c37.jpg,valid,leaning_forward,SINGLE_dc363969c85546a62fa7a83449c00058-Copy_jpg.rf.4584b363d63661677a086d6266aa9c37.jpg,420,640,0.2075,0.00075,0.667786,0.849109,219.71,False,True,1,135,train
a9d20aa2783b0cdec9ecb2794ba293f6_jpg.rf.0295454090581e54e46da15c8ea84560.jpg,valid,slouch,SINGLE_a9d20aa2783b0cdec9ecb2794ba293f6_jpg.rf.0295454090581e54e46da15c8ea84560.jpg,640,640,0.190203,0.275359,0.490047,0.694016,204.49,False,True,1,136,train
b1a1b440cf8dde72bf0050fd51a5348a-Copy_jpg.rf.8d6e4342057f7f41ce19b690f76cfaba.jpg,valid,good_posture,SINGLE_b1a1b440cf8dde72bf0050fd51a5348a-Copy_jpg.rf.8d6e4342057f7f41ce19b690f76cfaba.jpg,359,640,0.038997,0.165625,0.961003,0.804688,167.9,False,True,1,137,train
posture-616-_jpg.rf.54aeb023a05db6acb203a006a6a929c6.jpg,valid,good_posture,SINGLE_posture-616-_jpg.rf.54aeb023a05db6acb203a006a6a929c6.jpg,640,640,0.125,0.133688,0.646703,0.836953,143.19,False,True,1,138,test
95f300b6cdfccc43002b0b4391efcc89-Copy_jpg.rf.493800ab5305636a9c207ad2854f2166.jpg,valid,good_posture,SINGLE_95f300b6cdfccc43002b0b4391efcc89-Copy_jpg.rf.493800ab5305636a9c207ad2854f2166.jpg,640,640,0.2125,0.013328,0.595,0.983453,193.16,False,True,1,139,train
sipotion_1749658269783_slouch_0_83_jpg.rf.7393f3c2b6ef30f8d760ffd841976a21.jpg,valid,slouch,SINGLE_sipotion_1749658269783_slouch_0_83_jpg.rf.7393f3c2b6ef30f8d760ffd841976a21.jpg,640,640,0.005203,0.01875,0.703125,0.972922,149.45,False,True,1,140,valid
sipotion_1749642772961_slouch_0_81_jpg.rf.606b5177cf7a067a95214f5804745d77.jpg,valid,slouch,SINGLE_sipotion_1749642772961_slouch_0_81_jpg.rf.606b5177cf7a067a95214f5804745d77.jpg,640,640,0.345828,0.336453,0.469797,0.480203,96.76,False,True,2,141,train
sipotion_1749642772961_slouch_0_81_jpg.rf.606b5177cf7a067a95214f5804745d77.jpg,valid,slouch,SINGLE_sipotion_1749642772961_slouch_0_81_jpg.rf.606b5177cf7a067a95214f5804745d77.jpg,640,640,0.88125,0.007297,0.115625,0.723953,96.76,False,True,2,142,train
posture-130-_jpg.rf.5ad6b0896214a83a060654edd34097cc.jpg,valid,slouch,SINGLE_posture-130-_jpg.rf.5ad6b0896214a83a060654edd34097cc.jpg,640,640,0.294281,0.214406,0.541672,0.785594,132.14,False,True,1,143,valid
istockphoto-527344921-612x612-Copy-2-_jpg.rf.74c9d2b0604b847700bd2b773f3424b3.jpg,valid,good_posture,SINGLE_istockphoto-527344921-612x612-Copy-2-_jpg.rf.74c9d2b0604b847700bd2b773f3424b3.jpg,426,640,0.310939,0.210594,0.598709,0.606656,158.32,False,True,1,144,test
f76cc9fd2cc3177ae5f2fbb0a6606f8d_jpg.rf.90b0297fb008e5372bd0bc01a4640712.jpg,valid,leaning_backward,SINGLE_f76cc9fd2cc3177ae5f2fbb0a6606f8d_jpg.rf.90b0297fb008e5372bd0bc01a4640712.jpg,502,640,0.197072,0.281641,0.722629,0.576797,201.48,False,True,1,145,test
6b5cc3d65032e3edd263f9f90e424793-Copy_jpg.rf.2eddd80d8f7e05c660ea1e715a694887.jpg,valid,good_posture,SINGLE_6b5cc3d65032e3edd263f9f90e424793-Copy_jpg.rf.2eddd80d8f7e05c660ea1e715a694887.jpg,640,464,0.2375,0.012931,0.734375,0.987069,169.93,False,True,1,146,train
ec9c1402586471c07a8e6f58355d2787-Copy_jpg.rf.2bc01e16980d57f662365cdc34b78877.jpg,valid,good_posture,SINGLE_ec9c1402586471c07a8e6f58355d2787-Copy_jpg.rf.2bc01e16980d57f662365cdc34b78877.jpg,640,618,0.411094,0.032443,0.386031,0.759223,170.34,False,True,1,147,test
posture-298-_jpg.rf.10fbf93f9567e50523f157e095271794.jpg,valid,good_posture,SINGLE_posture-298-_jpg.rf.10fbf93f9567e50523f157e095271794.jpg,640,640,0.221359,0.079,0.5625,0.921,113.02,False,True,1,148,train
4ad9540ec4a9101b15e87046f303f0c0-Copy-2-_jpg.rf.38d892556c06e868141008514f655623.jpg,valid,leaning_backward,SINGLE_4ad9540ec4a9101b15e87046f303f0c0-Copy-2-_jpg.rf.38d892556c06e868141008514f655623.jpg,508,640,0.102047,0.197984,0.768701,0.729125,200.23,False,True,1,149,test
sipotion_1749643407582_leaning_forward_0_46_jpg.rf.1e9e36d323dd76bf5402f4ec107662d7.jpg,valid,leaning_backward,ND_0014,640,640,0.459375,0.261453,0.339578,0.592703,106.53,False,True,1,150,train
d83d919d196e54927215e3e0ce4bbe73_jpg.rf.2a76505b3abf3e306b3eaf9cbd1881a7.jpg,valid,leaning_forward,SINGLE_d83d919d196e54927215e3e0ce4bbe73_jpg.rf.2a76505b3abf3e306b3eaf9cbd1881a7.jpg,426,640,0.170094,0.301938,0.571549,0.488563,203.09,False,True,1,151,train
6f6ba4bd80803fa49fef96ce7cabd1c91-Copy_jpg.rf.7aa8a09c78ebba0c1548555dc85597ca.jpg,valid,leaning_forward,SINGLE_6f6ba4bd80803fa49fef96ce7cabd1c91-Copy_jpg.rf.7aa8a09c78ebba0c1548555dc85597ca.jpg,401,640,0.196958,0.131016,0.744015,0.608859,104.32,False,True,1,152,valid
sipotion_1749658568490_leaning_backward_0_44_jpg.rf.ee5163d16e021b829c2fe3c59a192f63.jpg,valid,good_posture,ND_0006,640,640,0.335422,0.055203,0.633328,0.94375,133.03,False,True,1,153,train
posture-293-_jpg.rf.c7734904a55dca695d9ecfa5b753e355.jpg,valid,leaning_forward,SINGLE_posture-293-_jpg.rf.c7734904a55dca695d9ecfa5b753e355.jpg,640,640,0.023438,0.144094,0.850688,0.855906,97.68,False,True,1,154,train
a9d891f191864702f024ae4342770987_jpg.rf.9e2d2f3ef484f5cf3280c121d17dc55d.jpg,valid,slouch,SINGLE_a9d891f191864702f024ae4342770987_jpg.rf.9e2d2f3ef484f5cf3280c121d17dc55d.jpg,640,426,0.168141,0.0723,0.296641,0.900822,175.96,False,True,2,155,train
a9d891f191864702f024ae4342770987_jpg.rf.9e2d2f3ef484f5cf3280c121d17dc55d.jpg,valid,good_posture,SINGLE_a9d891f191864702f024ae4342770987_jpg.rf.9e2d2f3ef484f5cf3280c121d17dc55d.jpg,640,426,0.482344,0.097817,0.272313,0.877019,175.96,False,True,2,156,train
posture-62-_jpg.rf.4d460dcf66e4fa5430cd6d4494de20e2.jpg,valid,leaning_forward,SINGLE_posture-62-_jpg.rf.4d460dcf66e4fa5430cd6d4494de20e2.jpg,640,640,0.184891,0.348594,0.53125,0.561125,154.22,False,True,1,157,valid
9fb929be400c5002e2f0cd0337eb266b_jpg.rf.c819eca47bb236d4813cf60b0d9b1f36.jpg,valid,slouch,SINGLE_9fb929be400c5002e2f0cd0337eb266b_jpg.rf.c819eca47bb236d4813cf60b0d9b1f36.jpg,640,426,0.209187,0.343216,0.136047,0.343545,192.08,False,True,3,158,test
9fb929be400c5002e2f0cd0337eb266b_jpg.rf.c819eca47bb236d4813cf60b0d9b1f36.jpg,valid,leaning_forward,SINGLE_9fb929be400c5002e2f0cd0337eb266b_jpg.rf.c819eca47bb236d4813cf60b0d9b1f36.jpg,640,426,0.510203,0.350892,0.160438,0.438005,192.08,False,True,3,159,test
9fb929be400c5002e2f0cd0337eb266b_jpg.rf.c819eca47bb236d4813cf60b0d9b1f36.jpg,valid,leaning_forward,SINGLE_9fb929be400c5002e2f0cd0337eb266b_jpg.rf.c819eca47bb236d4813cf60b0d9b1f36.jpg,640,426,0.675156,0.322793,0.19275,0.503568,192.08,False,True,3,160,test
d6a87d374f2a1d615f59eed5b6b38df4-Copy_jpg.rf.cfe76c4c6b0bf32c8d807149a6d4a338.jpg,valid,slouch,SINGLE_d6a87d374f2a1d615f59eed5b6b38df4-Copy_jpg.rf.cfe76c4c6b0bf32c8d807149a6d4a338.jpg,443,640,0.263657,0.135828,0.66456,0.676047,182.92,False,True,1,161,test
7b89017dc596f89add0284d36671e21d-Copy_jpg.rf.465c9cfc93c54d8232a5de3f45bdefb0.jpg,valid,good_posture,SINGLE_7b89017dc596f89add0284d36671e21d-Copy_jpg.rf.465c9cfc93c54d8232a5de3f45bdefb0.jpg,360,640,0.122222,0.029687,0.877778,0.934375,175.03,False,True,1,162,test
5ecd213f80f7319f47061ce6385f3d97-Copy_jpg.rf.91bfce6132fb7a08e48a5aebb6e29e3c.jpg,valid,leaning_backward,SINGLE_5ecd213f80f7319f47061ce6385f3d97-Copy_jpg.rf.91bfce6132fb7a08e48a5aebb6e29e3c.jpg,426,640,0.088451,0.349484,0.891338,0.516453,145.32,False,True,1,163,test
eb81401aa31b0635f62e053833cc7443-Copy_jpg.rf.ef555feafc6c86a26c38f09dd6b2ca7f.jpg,valid,good_posture,SINGLE_eb81401aa31b0635f62e053833cc7443-Copy_jpg.rf.ef555feafc6c86a26c38f09dd6b2ca7f.jpg,426,640,0.088451,0.009813,0.730305,0.966266,169.09,False,True,1,164,train
images-Copy-2-_jpg.rf.2714c13fd3f5aecb8eb37156df450263.jpg,valid,good_posture,SINGLE_images-Copy-2-_jpg.rf.2714c13fd3f5aecb8eb37156df450263.jpg,640,392,0.325,0.109694,0.415625,0.890306,161.14,False,True,1,165,train
sipotion_1749648192602_good_posture_0_91_jpg.rf.69d313a1c3e285cf4c517efc1aaef251.jpg,valid,good_posture,SINGLE_sipotion_1749648192602_good_posture_0_91_jpg.rf.69d313a1c3e285cf4c517efc1aaef251.jpg,640,640,0.390625,0.105203,0.514578,0.835422,145.92,False,True,1,166,train
posture-116-_jpg.rf.5c5893301c7459c23e66e38875c6822f.jpg,valid,good_posture,SINGLE_posture-116-_jpg.rf.5c5893301c7459c23e66e38875c6822f.jpg,640,640,0.302094,0.235234,0.51475,0.553203,134.18,False,True,1,167,train
302a01836d072e261341689ba8a2ab15_jpg.rf.f6788e42cf2979085b2f81ae555436da.jpg,valid,leaning_backward,SINGLE_302a01836d072e261341689ba8a2ab15_jpg.rf.f6788e42cf2979085b2f81ae555436da.jpg,427,640,0.133372,0.304047,0.748876,0.595313,176.56,False,True,1,168,test
sipotion_1749658158383_slouch_0_84_jpg.rf.8867e3bb4ae0f7302b7bfec06ae0ef1b.jpg,valid,leaning_forward,SINGLE_sipotion_1749658158383_slouch_0_84_jpg.rf.8867e3bb4ae0f7302b7bfec06ae0ef1b.jpg,640,640,0.226781,0.087375,0.531547,0.912625,119.65,False,True,1,169,train
posture-289-_jpg.rf.ae8092ca463b4bafb10a62503eb48518.jpg,valid,leaning_backward,SINGLE_posture-289-_jpg.rf.ae8092ca463b4bafb10a62503eb48518.jpg,640,640,0.247391,0.146703,0.737844,0.853297,116.92,False,True,1,170,train
posture-250-_jpg.rf.7b303f4603a85492d978f281e8f7ba64.jpg,valid,slouch,SINGLE_posture-250-_jpg.rf.7b303f4603a85492d978f281e8f7ba64.jpg,640,640,0.127594,0.11025,0.685766,0.88975,138.08,False,True,1,171,test
544f9fc3c00c3e060cd924b74746e59c_jpg.rf.bed77ea07a2a848eb54cb50b372030eb.jpg,valid,leaning_forward,SINGLE_544f9fc3c00c3e060cd924b74746e59c_jpg.rf.bed77ea07a2a848eb54cb50b372030eb.jpg,426,640,0.149695,0.107187,0.723498,0.555078,199.15,False,True,1,172,test
c1caa2f841f17368b81c38f15447b8cf-Copy_jpg.rf.8c98ee068586133ee895e75ddcf13c48.jpg,valid,slouch,SINGLE_c1caa2f841f17368b81c38f15447b8cf-Copy_jpg.rf.8c98ee068586133ee895e75ddcf13c48.jpg,487,640,0.3677,0.029359,0.624168,0.683375,223.69,False,True,1,173,train
86ef29704f2d54c6e5068ddb28d3ad1d-Copy_jpg.rf.da85e71567818de369694320fdc27bed.jpg,valid,good_posture,SINGLE_86ef29704f2d54c6e5068ddb28d3ad1d-Copy_jpg.rf.da85e71567818de369694320fdc27bed.jpg,426,640,0.108873,0.222672,0.619178,0.773016,155.61,False,True,1,174,test
sipotion_1749658140051_leaning_forward_0_82_jpg.rf.eb9f1e90789c80521a2a3a9a124d5265.jpg,valid,leaning_forward,SINGLE_sipotion_1749658140051_leaning_forward_0_82_jpg.rf.eb9f1e90789c80521a2a3a9a124d5265.jpg,640,640,0.35,0.244797,0.558328,0.754172,148.3,False,True,1,175,train
461894a0d79e24a7487b9a9d6bbccb05-Copy_jpg.rf.b45efa5cbd654e3a03c784944c66df01.jpg,valid,good_posture,SINGLE_461894a0d79e24a7487b9a9d6bbccb05-Copy_jpg.rf.b45efa5cbd654e3a03c784944c66df01.jpg,420,640,0.18231,0.276688,0.611357,0.460062,166.81,False,True,1,176,train
c0d976a7fa3cf85a18892bae31bc1b84-Copy_jpg.rf.7fbbf5b1426603cdd6f3d6dcccd71541.jpg,valid,good_posture,SINGLE_c0d976a7fa3cf85a18892bae31bc1b84-Copy_jpg.rf.7fbbf5b1426603cdd6f3d6dcccd71541.jpg,465,640,0.053032,0.148219,0.920731,0.851781,28.82,True,True,1,177,train
sipotion_1749648942786_leaning_forward_0_78_jpg.rf.c69ec708e875001702504f406db0b28b.jpg,valid,leaning_forward,SINGLE_sipotion_1749648942786_leaning_forward_0_78_jpg.rf.c69ec708e875001702504f406db0b28b.jpg,640,640,0.128125,0.0625,0.601047,0.929172,157.09,False,True,1,178,train
3e87da47f3303399401aa6078084fb36_jpg.rf.638ac87cf0ca8b8d14d9402ff7590ca1.jpg,valid,leaning_backward,SINGLE_3e87da47f3303399401aa6078084fb36_jpg.rf.638ac87cf0ca8b8d14d9402ff7590ca1.jpg,512,640,0.197012,0.356891,0.498184,0.531016,127.49,False,True,1,179,train
proper-sitting-posture-at-desk-Copy-2-_jpg.rf.4daa4ecfea2a3fbcf50bd186cac86eee.jpg,valid,good_posture,ND_0002,640,449,0.121875,0.020045,0.50625,0.979955,183.53,False,True,1,180,train
sitting-position-for-good-posture-Copy-2-_jpg.rf.397bb8daa4f822a4ea121d8b24bcce63.jpg,valid,good_posture,SINGLE_sitting-position-for-good-posture-Copy-2-_jpg.rf.397bb8daa4f822a4ea121d8b24bcce63.jpg,640,426,0.446031,0.050869,0.328578,0.828427,110.85,False,True,1,181,train
sipotion_1749658800943_slouch_0_62_jpg.rf.dcbb7a03bd69d8cfd4bf624d2a9808b9.jpg,valid,good_posture,SINGLE_sipotion_1749658800943_slouch_0_62_jpg.rf.dcbb7a03bd69d8cfd4bf624d2a9808b9.jpg,640,640,0.365625,0.25,0.4,0.692703,140.55,False,True,1,182,train
8a210910355fa7d37737ad36acfacf96_jpg.rf.64dc05ef32ebbcaf8a3344326c446406.jpg,valid,leaning_forward,SINGLE_8a210910355fa7d37737ad36acfacf96_jpg.rf.64dc05ef32ebbcaf8a3344326c446406.jpg,426,640,0.125376,0.038594,0.835751,0.702859,182.48,False,True,1,183,test
sipotion_1749645303944_slouch_0_58_jpg.rf.9e856dab488170bfc5f34093afec76a7.jpg,valid,slouch,SINGLE_sipotion_1749645303944_slouch_0_58_jpg.rf.9e856dab488170bfc5f34093afec76a7.jpg,640,640,0.133328,0.128125,0.567703,0.847922,117.44,False,True,1,184,train
f37e2c1ed9d9aa63d998bd5a47267e67-Copy_jpg.rf.162c486239ffdb0af01af3ea1bdce381.jpg,valid,good_posture,SINGLE_f37e2c1ed9d9aa63d998bd5a47267e67-Copy_jpg.rf.162c486239ffdb0af01af3ea1bdce381.jpg,640,638,0.307063,0.096317,0.673906,0.894248,177.23,False,True,1,185,test
22d97eb7ab5211a7dab979a1ca9e5220-Copy-2-_jpg.rf.3ef1c616191a3b6b0a21c8c449c5d0b0.jpg,valid,slouch,SINGLE_22d97eb7ab5211a7dab979a1ca9e5220-Copy-2-_jpg.rf.3ef1c616191a3b6b0a21c8c449c5d0b0.jpg,640,427,0.243172,0.054098,0.659094,0.920632,158.47,False,True,1,186,test
e17fb7d70c00033624fd798cf8c18c6e-Copy_jpg.rf.5f14be5ea8bf1b34f935cdc4561a4c67.jpg,valid,slouch,SINGLE_e17fb7d70c00033624fd798cf8c18c6e-Copy_jpg.rf.5f14be5ea8bf1b34f935cdc4561a4c67.jpg,640,449,0.035187,0.164521,0.290109,0.794677,203.38,False,True,2,187,train
e17fb7d70c00033624fd798cf8c18c6e-Copy_jpg.rf.5f14be5ea8bf1b34f935cdc4561a4c67.jpg,valid,good_posture,SINGLE_e17fb7d70c00033624fd798cf8c18c6e-Copy_jpg.rf.5f14be5ea8bf1b34f935cdc4561a4c67.jpg,640,449,0.675922,0.064232,0.243219,0.523898,203.38,False,True,2,188,train
7fecb34e90cfdd30eb3fe79164dce4c6-Copy_jpg.rf.af4974b3efd5e4e93fededacb50c978a.jpg,valid,slouch,SINGLE_7fecb34e90cfdd30eb3fe79164dce4c6-Copy_jpg.rf.af4974b3efd5e4e93fededacb50c978a.jpg,536,640,0.14959,0.060734,0.750243,0.573672,147.25,False,True,1,189,train
134d30ead329e22fb6848eef387886b4-Copy_jpg.rf.d7e306e91ccc07e55e5d0b0a6b54f587.jpg,valid,slouch,SINGLE_134d30ead329e22fb6848eef387886b4-Copy_jpg.rf.d7e306e91ccc07e55e5d0b0a6b54f587.jpg,427,640,0.204192,0.030266,0.601265,0.670094,130.63,False,True,1,190,train
da450f412176a127fba055c488836f04-Copy-2-_jpg.rf.d625a3a93d4c67ceabde1e833f2ec113.jpg,valid,leaning_forward,SINGLE_da450f412176a127fba055c488836f04-Copy-2-_jpg.rf.d625a3a93d4c67ceabde1e833f2ec113.jpg,640,640,0.02175,0.082422,0.651266,0.861594,110.21,False,True,1,191,valid
d14f05abce90fb024fe06da8ddcf723e-Copy_jpg.rf.bed6a063e5ac3bd862965fc83f0a0fb0.jpg,valid,slouch,SINGLE_d14f05abce90fb024fe06da8ddcf723e-Copy_jpg.rf.bed6a063e5ac3bd862965fc83f0a0fb0.jpg,483,640,0.212857,0.073172,0.579462,0.5635,148.13,False,True,1,192,valid
c36ad258bd18ccf9a724c9cfdbfa74007_jpg.rf.53ecfd7ccf57ceea4788be993ef8438b.jpg,valid,leaning_backward,SINGLE_c36ad258bd18ccf9a724c9cfdbfa74007_jpg.rf.53ecfd7ccf57ceea4788be993ef8438b.jpg,640,640,0.111422,0.136781,0.675719,0.819922,194.94,False,True,1,193,valid
sipotion_1749645827036_leaning_forward_0_89_jpg.rf.569ab7f92fd686ab01c2c4701d25d8b7.jpg,valid,leaning_forward,SINGLE_sipotion_1749645827036_leaning_forward_0_89_jpg.rf.569ab7f92fd686ab01c2c4701d25d8b7.jpg,640,640,0.372922,0.178125,0.333328,0.408328,115.61,False,True,1,194,train
sipotion_1749660905991_leaning_forward_0_88_jpg.rf.544e696145c41c1edf921fe5f8bf1973.jpg,valid,leaning_forward,ND_0011,640,640,0.141375,0.028563,0.658641,0.971422,104.11,False,True,1,195,train
sipotion_1749658636068_slouch_0_58_jpg.rf.ed71a27d8249e802914aafd785df9e9f.jpg,test,good_posture,SINGLE_sipotion_1749658636068_slouch_0_58_jpg.rf.ed71a27d8249e802914aafd785df9e9f.jpg,640,640,0.035422,0.107297,0.561453,0.891672,133.86,False,True,1,1,train
72daffd77d1f9d8af6e5e640485f6e0c-Copy_jpg.rf.8b04cbb167ce4cefb9fac0426ff7e84f.jpg,test,leaning_backward,SINGLE_72daffd77d1f9d8af6e5e640485f6e0c-Copy_jpg.rf.8b04cbb167ce4cefb9fac0426ff7e84f.jpg,457,640,0.199037,0.173437,0.689562,0.775094,193.91,False,True,1,2,train
c142feaefecfdb85382550c96a969304-Copy_jpg.rf.8b888a6ef444e877552590d3ebe10e73.jpg,test,good_posture,SINGLE_c142feaefecfdb85382550c96a969304-Copy_jpg.rf.8b888a6ef444e877552590d3ebe10e73.jpg,426,640,0.038545,0.016609,0.830094,0.917234,157.82,False,True,1,3,train
0274eea195802ee11fe9cb42d744a3a5-Copy_jpg.rf.c92ebb2bbd2526dcb66083afc4d57378.jpg,test,leaning_backward,SINGLE_0274eea195802ee11fe9cb42d744a3a5-Copy_jpg.rf.c92ebb2bbd2526dcb66083afc4d57378.jpg,640,527,0.09375,0.072106,0.795312,0.927894,180.93,False,True,1,4,valid
sipotion_1749658307508_slouch_0_76_jpg.rf.a2c574cac241e5380c06e63df693ecf1.jpg,test,leaning_backward,ND_0007,640,640,0.022922,0.314578,0.877078,0.607297,131.13,False,True,1,5,train
42a2e2f9936efee584a8097f31c5aabe_jpg.rf.006c7f0ad56fb2fdd8109ac75c42a41d.jpg,test,leaning_backward,SINGLE_42a2e2f9936efee584a8097f31c5aabe_jpg.rf.006c7f0ad56fb2fdd8109ac75c42a41d.jpg,426,640,0.401432,0.449125,0.485376,0.353453,144.37,False,True,1,6,valid
65ce382b9740824cd60c75dd3d63f124-Copy_jpg.rf.d385f9aca6133626f7913c0ecd6565d5.jpg,test,leaning_backward,SINGLE_65ce382b9740824cd60c75dd3d63f124-Copy_jpg.rf.d385f9aca6133626f7913c0ecd6565d5.jpg,640,426,0.673203,0.148122,0.281578,0.598404,206.06,False,True,1,7,test
432b48ccf28d7fcc0f22e6ba64125813_jpg.rf.3a05b66b5666c452a6a8dfa7f816bf4e.jpg,test,good_posture,SINGLE_432b48ccf28d7fcc0f22e6ba64125813_jpg.rf.3a05b66b5666c452a6a8dfa7f816bf4e.jpg,426,640,0.292582,0.197766,0.419577,0.529375,174.88,False,True,1,8,valid
c6d1f57389e8f64ee15a5322e439df9e-Copy_jpg.rf.8e4471bb6cac6ae4feeda1069ea96a99.jpg,test,leaning_forward,SINGLE_c6d1f57389e8f64ee15a5322e439df9e-Copy_jpg.rf.8e4471bb6cac6ae4feeda1069ea96a99.jpg,480,640,0.189979,0.055844,0.675562,0.666094,90.67,False,True,1,9,train
740512adde40d4ee80d56ae28860911b-Copy-2-_jpg.rf.0f2817c94f4b0fc0e7225f02af6255e6.jpg,test,leaning_forward,SINGLE_740512adde40d4ee80d56ae28860911b-Copy-2-_jpg.rf.0f2817c94f4b0fc0e7225f02af6255e6.jpg,640,640,0.127719,0.085141,0.548906,0.554719,199.45,False,True,1,10,train
62da6af058cd30c332ac28dc90ed0623_jpg.rf.52841a069c88fc40eeeef4d1047ed6d2.jpg,test,slouch,SINGLE_62da6af058cd30c332ac28dc90ed0623_jpg.rf.52841a069c88fc40eeeef4d1047ed6d2.jpg,390,640,0.198436,0.001734,0.462282,0.547531,182.98,False,True,1,11,train
bc18373311979c71fed00857b3a4a10c-Copy_jpg.rf.b05435656b5086bd9b6765255542bfc1.jpg,test,leaning_backward,SINGLE_bc18373311979c71fed00857b3a4a10c-Copy_jpg.rf.b05435656b5086bd9b6765255542bfc1.jpg,640,530,0.320312,0.211321,0.540625,0.788679,189.1,False,True,1,12,train
sipotion_1749658258832_slouch_0_91_jpg.rf.52eef3e58d32e9f4150a3afce05cb9c4.jpg,test,slouch,SINGLE_sipotion_1749658258832_slouch_0_91_jpg.rf.52eef3e58d32e9f4150a3afce05cb9c4.jpg,640,640,0.2375,0.191672,0.533328,0.807297,168.34,False,True,1,13,test
3a3fd2e7590db30a55c2487fcf1a5347-Copy_jpg.rf.d3b920287e63a611858ae2f131ea15d5.jpg,test,leaning_backward,SINGLE_3a3fd2e7590db30a55c2487fcf1a5347-Copy_jpg.rf.d3b920287e63a611858ae2f131ea15d5.jpg,640,426,0.5255,0.182254,0.352609,0.727723,201.64,False,True,1,14,valid
d974879dd06b5613537beedc5cfa1555-Copy_jpg.rf.b941e30c38c14548f3ca2d61a837ebc5.jpg,test,leaning_backward,SINGLE_d974879dd06b5613537beedc5cfa1555-Copy_jpg.rf.b941e30c38c14548f3ca2d61a837ebc5.jpg,640,640,0.002719,0.065938,0.974641,0.896922,152.33,False,True,1,15,train
704ade2870b57685ece9df6865b63eee_jpg.rf.9a6115d3c468f7c4521703607bb5f615.jpg,test,good_posture,SINGLE_704ade2870b57685ece9df6865b63eee_jpg.rf.9a6115d3c468f7c4521703607bb5f615.jpg,426,640,0.187465,0.191328,0.32831,0.307391,180.0,False,True,2,16,train
704ade2870b57685ece9df6865b63eee_jpg.rf.9a6115d3c468f7c4521703607bb5f615.jpg,test,good_posture,SINGLE_704ade2870b57685ece9df6865b63eee_jpg.rf.9a6115d3c468f7c4521703607bb5f615.jpg,426,640,0.572582,0.175437,0.256737,0.368625,180.0,False,True,2,17,train
sipotion_1749636390966_good_posture_0_81_jpg.rf.5de3f5c1bf4c6af49cd20393d45dd6ea.jpg,test,slouch,ND_0016,640,640,0.244797,0.0,0.727078,0.933328,129.38,False,True,1,18,train
91ebb2d20fb64512390fe8bc365944ab-Copy-2-_jpg.rf.107a2e8d0f12f74349057082ad2a16ee.jpg,test,leaning_backward,SINGLE_91ebb2d20fb64512390fe8bc365944ab-Copy-2-_jpg.rf.107a2e8d0f12f74349057082ad2a16ee.jpg,512,640,0.103125,0.180844,0.76875,0.819156,182.48,False,True,1,19,train
sipotion_1749658833293_leaning_forward_0_66_jpg.rf.e66038de18f08b2535039ce514d0229c.jpg,test,good_posture,SINGLE_sipotion_1749658833293_leaning_forward_0_66_jpg.rf.e66038de18f08b2535039ce514d0229c.jpg,640,640,0.220828,0.235422,0.569797,0.759375,172.81,False,True,1,20,train
sipotion_1749658804428_slouch_0_64_jpg.rf.e97e3fcb031d4e23d8e4181e0fd7dfb7.jpg,test,good_posture,SINGLE_sipotion_1749658804428_slouch_0_64_jpg.rf.e97e3fcb031d4e23d8e4181e0fd7dfb7.jpg,640,640,0.333328,0.194797,0.417703,0.76875,140.56,False,True,1,21,train
d13525dd5abd2e0bfacd61bc45026d28-Copy_jpg.rf.023c2f92edde79cfb2603188d3cda349.jpg,test,leaning_backward,SINGLE_d13525dd5abd2e0bfacd61bc45026d28-Copy_jpg.rf.023c2f92edde79cfb2603188d3cda349.jpg,640,515,0.005922,0.009709,0.946547,0.959126,208.67,False,True,1,22,valid
308f25d389f7166c6c2f7878b53c9dd0-Copy_jpg.rf.7424cf94f4054490de4cbabbdf7b48a9.jpg,test,leaning_forward,SINGLE_308f25d389f7166c6c2f7878b53c9dd0-Copy_jpg.rf.7424cf94f4054490de4cbabbdf7b48a9.jpg,427,640,0.207213,0.188875,0.56281,0.493625,177.54,False,True,1,23,train
65012d0639e0f9159e97dfab863c23c0-Copy_jpg.rf.e1e8418a481de637a4526c07fd678220.jpg,test,leaning_backward,SINGLE_65012d0639e0f9159e97dfab863c23c0-Copy_jpg.rf.e1e8418a481de637a4526c07fd678220.jpg,640,408,0.389062,0.284314,0.329688,0.715686,218.89,False,True,1,24,test
eb30355b4f2a6c8180104e5218f24051-Copy_jpg.rf.3ef04e10c91c0c6004a17bef99d707ef.jpg,test,leaning_forward,SINGLE_eb30355b4f2a6c8180104e5218f24051-Copy_jpg.rf.3ef04e10c91c0c6004a17bef99d707ef.jpg,426,640,0.074859,0.229469,0.773404,0.731516,147.9,False,True,1,25,valid
166d1b2cb6e2ca4c6f50f57d9d936e19-Copy-2-_jpg.rf.2856ed8934c641e99153a8fd082a8824.jpg,test,slouch,SINGLE_166d1b2cb6e2ca4c6f50f57d9d936e19-Copy-2-_jpg.rf.2856ed8934c641e99153a8fd082a8824.jpg,640,640,0.122281,0.014484,0.744563,0.944016,138.41,False,True,1,26,valid
99f55cc0728ede9d4d24f7afde08b037-Copy-2-_jpg.rf.51c65bb99f13dc2f0e7e361216381871.jpg,test,leaning_forward,SINGLE_99f55cc0728ede9d4d24f7afde08b037-Copy-2-_jpg.rf.51c65bb99f13dc2f0e7e361216381871.jpg,510,640,0.0,0.0,0.904137,1.0,167.27,False,True,1,27,test
444cf0f06077401c805cc3972c0a3c0b_jpg.rf.84bfa71a93944fa4a111412ba226737e.jpg,test,leaning_forward,SINGLE_444cf0f06077401c805cc3972c0a3c0b_jpg.rf.84bfa71a93944fa4a111412ba226737e.jpg,426,640,0.0,0.228703,0.91392,0.721484,211.77,False,True,1,28,train
2c5219f9f7b315e1843c637ecb0311b3-Copy_jpg.rf.8925fe83a2fc7fe8044dbc0cf2bcba38.jpg,test,leaning_backward,SINGLE_2c5219f9f7b315e1843c637ecb0311b3-Copy_jpg.rf.8925fe83a2fc7fe8044dbc0cf2bcba38.jpg,640,426,0.130016,0.308826,0.397219,0.539366,117.94,False,True,2,29,test
2c5219f9f7b315e1843c637ecb0311b3-Copy_jpg.rf.8925fe83a2fc7fe8044dbc0cf2bcba38.jpg,test,leaning_backward,SINGLE_2c5219f9f7b315e1843c637ecb0311b3-Copy_jpg.rf.8925fe83a2fc7fe8044dbc0cf2bcba38.jpg,640,426,0.57,0.286009,0.348328,0.611221,117.94,False,True,2,30,test
sipotion_1749658608416_slouch_0_65_jpg.rf.7b30b884c027ee627a7e1057b00a19d4.jpg,test,leaning_backward,SINGLE_sipotion_1749658608416_slouch_0_65_jpg.rf.7b30b884c027ee627a7e1057b00a19d4.jpg,640,640,0.053125,0.219797,0.688547,0.775,147.46,False,True,1,31,test
4538140074cd3b191dbfe2bd8dcad832_jpg.rf.2e834b3da4dc1244fcd5cd024074a5f8.jpg,test,leaning_forward,SINGLE_4538140074cd3b191dbfe2bd8dcad832_jpg.rf.2e834b3da4dc1244fcd5cd024074a5f8.jpg,448,640,0.122634,0.028625,0.871719,0.969141,167.89,False,True,1,32,train
sipotion_1749637002402_leaning_forward_0_55_jpg.rf.8748aa4f545120cb5507355719d80643.jpg,test,leaning_backward,ND_0015,640,640,0.382297,0.194797,0.2625,0.467703,124.8,False,True,1,33,train
6b0d10c3616f1938b4d574a563b40be3-Copy_jpg.rf.532d817889900c8e7fc317ee54936971.jpg,test,leaning_forward,SINGLE_6b0d10c3616f1938b4d574a563b40be3-Copy_jpg.rf.532d817889900c8e7fc317ee54936971.jpg,480,640,0.078167,0.084953,0.830208,0.830109,150.1,False,True,1,34,train
f09855e5cd54c62f84675476c12ec4e6_jpg.rf.41832fe1f6a3c7fcf2ab6eed65b0f022.jpg,test,leaning_forward,SINGLE_f09855e5cd54c62f84675476c12ec4e6_jpg.rf.41832fe1f6a3c7fcf2ab6eed65b0f022.jpg,640,496,0.238625,0.005625,0.677969,0.961532,173.38,False,True,1,35,train
a39787e6425e2969fd41dd5084f48b58-Copy_jpg.rf.d5f0d75b547911f497cbf7fe671208c8.jpg,test,slouch,SINGLE_a39787e6425e2969fd41dd5084f48b58-Copy_jpg.rf.d5f0d75b547911f497cbf7fe671208c8.jpg,640,426,0.103734,0.005962,0.566891,0.976995,220.97,False,True,1,36,test
db74ca092dbf7bd34c56125630300039-Copy_jpg.rf.66d918d05930c49e58c4893b58bbab44.jpg,test,leaning_forward,SINGLE_db74ca092dbf7bd34c56125630300039-Copy_jpg.rf.66d918d05930c49e58c4893b58bbab44.jpg,426,640,0.197324,0.342687,0.446808,0.443281,170.16,False,True,2,37,train
db74ca092dbf7bd34c56125630300039-Copy_jpg.rf.66d918d05930c49e58c4893b58bbab44.jpg,test,leaning_backward,SINGLE_db74ca092dbf7bd34c56125630300039-Copy_jpg.rf.66d918d05930c49e58c4893b58bbab44.jpg,426,640,0.554531,0.356281,0.314108,0.364828,170.16,False,True,2,38,train
cbdd25e5fbc027fbd268ecbc9c497959_jpg.rf.1680ebf40ad5afdd392a876358f5911c.jpg,test,leaning_forward,SINGLE_cbdd25e5fbc027fbd268ecbc9c497959_jpg.rf.1680ebf40ad5afdd392a876358f5911c.jpg,448,640,0.163103,0.003172,0.709085,0.676625,202.0,False,True,1,39,train
person-with-good-posture-sitting-on-desk-with-laptop_Cr_DragonImages_envato-Copy-2-_jpg.rf.d139a4ce00accbfcdef8fb5e3d68ebf8.jpg,test,good_posture,SINGLE_person-with-good-posture-sitting-on-desk-with-laptop_Cr_DragonImages_envato-Copy-2-_jpg.rf.d139a4ce00accbfcdef8fb5e3d68ebf8.jpg,640,426,0.284375,0.044601,0.490625,0.955399,151.88,False,True,1,40,train
sipotion_1749658615050_slouch_0_60_jpg.rf.4a184b2300e491beea6d79446a813258.jpg,test,slouch,SINGLE_sipotion_1749658615050_slouch_0_60_jpg.rf.4a184b2300e491beea6d79446a813258.jpg,640,640,0.172922,0.189578,0.610422,0.802078,153.88,False,True,1,41,train
sipotion_1749660912234_leaning_forward_0_72_jpg.rf.cf9a4247c1342de3f91b68c9e4a67a32.jpg,test,leaning_forward,SINGLE_sipotion_1749660912234_leaning_forward_0_72_jpg.rf.cf9a4247c1342de3f91b68c9e4a67a32.jpg,640,640,0.116672,0.003125,0.625,0.978125,100.68,False,True,1,42,test
a1bf02829610e90737b5f048b5e33d32-Copy_jpg.rf.e91e31cae2c9b96fbdb616c133aaaba8.jpg,test,good_posture,SINGLE_a1bf02829610e90737b5f048b5e33d32-Copy_jpg.rf.e91e31cae2c9b96fbdb616c133aaaba8.jpg,640,426,0.409859,0.174601,0.281188,0.721526,217.74,False,True,1,43,train
sipotion_1749645312114_slouch_0_72_jpg.rf.e3d25d73aa5f4fa1bf58b82d342b0fb4.jpg,test,slouch,ND_0008,640,640,0.222922,0.121875,0.534375,0.840625,118.64,False,True,1,44,train
sipotion_1749658126825_leaning_forward_0_61_jpg.rf.667d1ab0c2c9eea8e7d957242170dabf.jpg,test,good_posture,SINGLE_sipotion_1749658126825_leaning_forward_0_61_jpg.rf.667d1ab0c2c9eea8e7d957242170dabf.jpg,640,640,0.317703,0.077078,0.658328,0.921875,134.38,False,True,1,45,train
sipotion_1749658821418_leaning_forward_0_82_jpg.rf.90d587caac573624e6e55cf7cd0ba7f9.jpg,test,leaning_backward,SINGLE_sipotion_1749658821418_leaning_forward_0_82_jpg.rf.90d587caac573624e6e55cf7cd0ba7f9.jpg,640,640,0.279172,0.167703,0.538547,0.7875,122.68,False,True,1,46,train
d331558d85678f525213c0fabe9cd385-Copy_jpg.rf.5d1fda43580888d35131e028caebc1fd.jpg,test,leaning_forward,SINGLE_d331558d85678f525213c0fabe9cd385-Copy_jpg.rf.5d1fda43580888d35131e028caebc1fd.jpg,480,640,0.020396,0.250594,0.561771,0.625406,92.7,False,True,1,47,train
30a4b35a96c093fefda959d40f799386_jpg.rf.b326fedb0c5907a74d9fc5b9ccf45095.jpg,test,leaning_forward,SINGLE_30a4b35a96c093fefda959d40f799386_jpg.rf.b326fedb0c5907a74d9fc5b9ccf45095.jpg,640,428,0.638188,0.019299,0.294172,0.784533,184.74,False,True,2,48,train
30a4b35a96c093fefda959d40f799386_jpg.rf.b326fedb0c5907a74d9fc5b9ccf45095.jpg,test,leaning_forward,SINGLE_30a4b35a96c093fefda959d40f799386_jpg.rf.b326fedb0c5907a74d9fc5b9ccf45095.jpg,640,428,0.130078,0.014019,0.312359,0.816098,184.74,False,True,2,49,train
07da296c0d7ed298ef1adc0a1ad22a47_jpg.rf.e9a1e17deaa92800e1f4cb8499f7776e.jpg,test,leaning_forward,SINGLE_07da296c0d7ed298ef1adc0a1ad22a47_jpg.rf.e9a1e17deaa92800e1f4cb8499f7776e.jpg,490,640,0.282306,0.131078,0.549898,0.692078,155.9,False,True,1,50,test
59d2fde6e6d87a1538a49e6fa55f75a2-Copy_jpg.rf.356c60f1b7d51387bce4c7cf7cde9b1d.jpg,test,leaning_backward,SINGLE_59d2fde6e6d87a1538a49e6fa55f75a2-Copy_jpg.rf.356c60f1b7d51387bce4c7cf7cde9b1d.jpg,520,640,0.053365,0.304281,0.893231,0.654422,135.11,False,True,1,51,valid
posture-233-_jpg.rf.7066d9a2ca67655a4d0e6241dece9659.jpg,test,leaning_forward,SINGLE_posture-233-_jpg.rf.7066d9a2ca67655a4d0e6241dece9659.jpg,640,640,0.208344,0.209203,0.646703,0.707641,157.12,False,True,1,52,train
sipotion_1749650397826_leaning_forward_0_85_jpg.rf.e024f6690122f97e3a50a6061403b7fa.jpg,test,leaning_forward,ND_0017,640,640,0.0,0.0,0.621875,0.8375,103.05,False,True,1,53,train
269e71cd36f6371d09d8d86ea33cc736-Copy_jpg.rf.2691763d89271f473ab22d686e812812.jpg,test,leaning_backward,SINGLE_269e71cd36f6371d09d8d86ea33cc736-Copy_jpg.rf.2691763d89271f473ab22d686e812812.jpg,457,640,0.061247,0.358453,0.832473,0.599594,192.35,False,True,1,54,valid
109063978371b3373c43d70e2241077e-Copy_jpg.rf.019fb8817278bf229b8ef229c0ca5873.jpg,test,leaning_forward,SINGLE_109063978371b3373c43d70e2241077e-Copy_jpg.rf.019fb8817278bf229b8ef229c0ca5873.jpg,628,640,0.369602,0.195547,0.535366,0.565609,196.22,False,True,1,55,train
96bd4af03d7fadfa533e7da434c45962_jpg.rf.a95dbb8d7e45d470a8459684b6c602a1.jpg,test,good_posture,SINGLE_96bd4af03d7fadfa533e7da434c45962_jpg.rf.a95dbb8d7e45d470a8459684b6c602a1.jpg,425,640,0.075294,0.040828,0.537106,0.696094,130.38,False,True,1,56,valid
b343425a170baaa4b13d5da4e2a1dd58-Copy_jpg.rf.06eb8ea5646640e319dff331772f6dc3.jpg,test,leaning_forward,SINGLE_b343425a170baaa4b13d5da4e2a1dd58-Copy_jpg.rf.06eb8ea5646640e319dff331772f6dc3.jpg,426,640,0.16331,0.236266,0.71216,0.653828,162.93,False,True,1,57,train
b687c7fca4465fd3a16ec49e64b56613-Copy_jpg.rf.bb361bc8f6894886271cbe806935ad1d.jpg,test,leaning_backward,SINGLE_b687c7fca4465fd3a16ec49e64b56613-Copy_jpg.rf.bb361bc8f6894886271cbe806935ad1d.jpg,479,640,0.002088,0.014063,0.997912,0.876563,79.98,False,True,1,58,train
7cfb52d66039f707c2a39eed8e9395e8-Copy_jpg.rf.93c8312d994380e70fbe818567f7c5e4.jpg,test,leaning_forward,SINGLE_7cfb52d66039f707c2a39eed8e9395e8-Copy_jpg.rf.93c8312d994380e70fbe818567f7c5e4.jpg,427,640,0.214028,0.243281,0.594496,0.714047,126.05,False,True,1,59,train
54d5623444aa28a035629077f1e3ec07-Copy-2-_jpg.rf.d47437caa93a10d596c532b727522781.jpg,test,leaning_backward,SINGLE_54d5623444aa28a035629077f1e3ec07-Copy-2-_jpg.rf.d47437caa93a10d596c532b727522781.jpg,640,426,0.134031,0.1373,0.458578,0.797488,130.01,False,True,1,60,valid
f716e154978334ae2e295d599f94ce18-1-Copy_jpg.rf.227d7e3aaaa6f21158712804037bdea7.jpg,test,leaning_forward,SINGLE_f716e154978334ae2e295d599f94ce18-1-Copy_jpg.rf.227d7e3aaaa6f21158712804037bdea7.jpg,457,640,0.170131,0.076125,0.773479,0.889328,181.33,False,True,1,61,train
d2551c12ee75b9801558fc5fc9aa6835-Copy_jpg.rf.b23b1aff26c060abfd7f17bb9ef2123b.jpg,test,leaning_backward,SINGLE_d2551c12ee75b9801558fc5fc9aa6835-Copy_jpg.rf.b23b1aff26c060abfd7f17bb9ef2123b.jpg,512,640,0.050937,0.343297,0.807305,0.524687,199.81,False,True,1,62,train
ae991ba64b9c8d6dae8690ad6b3d081c-Copy_jpg.rf.f1f94b91a9163d6ba7133e4bacdd1e25.jpg,test,leaning_forward,SINGLE_ae991ba64b9c8d6dae8690ad6b3d081c-Copy_jpg.rf.f1f94b91a9163d6ba7133e4bacdd1e25.jpg,640,640,0.431156,0.169703,0.359313,0.520656,133.85,False,True,1,63,train
55632de40c58a115989eac19fd4a0434-Copy_jpg.rf.4df1d597a86ca75ccd80c18862107ccf.jpg,test,leaning_forward,SINGLE_55632de40c58a115989eac19fd4a0434-Copy_jpg.rf.4df1d597a86ca75ccd80c18862107ccf.jpg,640,640,0.298906,0.093297,0.517219,0.6045,161.95,False,True,1,64,train
4c84606a0be3a00dcd0c5afa33e8e379-Copy_jpg.rf.4abb6266a233f40df4c9bb97f0b58d4b.jpg,test,leaning_backward,SINGLE_4c84606a0be3a00dcd0c5afa33e8e379-Copy_jpg.rf.4abb6266a233f40df4c9bb97f0b58d4b.jpg,640,360,0.177984,0.104667,0.486406,0.830472,201.76,False,True,1,65,train
65b68aa00170db5f0a8af73b0aabb967-Copy-2-_jpg.rf.6db438ef58d42ae06604559a213077fa.jpg,test,leaning_forward,SINGLE_65b68aa00170db5f0a8af73b0aabb967-Copy-2-_jpg.rf.6db438ef58d42ae06604559a213077fa.jpg,518,640,0.187104,0.022953,0.776737,0.755609,116.31,False,True,1,66,train
ef22e2258b249c12ed7d356d9763d6e3-Copy_jpg.rf.b459b262a8affa810dc4d58d11eabfa0.jpg,test,leaning_forward,SINGLE_ef22e2258b249c12ed7d356d9763d6e3-Copy_jpg.rf.b459b262a8affa810dc4d58d11eabfa0.jpg,512,640,0.169844,0.033516,0.717832,0.887797,151.64,False,True,1,67,train
d6ed48520eb23c8108f497dba46154ed-Copy_jpg.rf.144603397b29ed24c456f46102829800.jpg,test,leaning_forward,SINGLE_d6ed48520eb23c8108f497dba46154ed-Copy_jpg.rf.144603397b29ed24c456f46102829800.jpg,426,640,0.275563,0.301938,0.615775,0.645484,180.81,False,True,1,68,valid
sipotion_1749658418267_slouch_0_79_jpg.rf.9a36e8883a15711843e135f72ae05c0b.jpg,test,leaning_backward,SINGLE_sipotion_1749658418267_slouch_0_79_jpg.rf.9a36e8883a15711843e135f72ae05c0b.jpg,640,640,0.286906,0.083359,0.462047,0.779672,137.43,False,True,1,69,train
sipotion_1749658241945_slouch_0_57_jpg.rf.e8abc4389f9eb095c15124cfc07ff936.jpg,test,slouch,SINGLE_sipotion_1749658241945_slouch_0_57_jpg.rf.e8abc4389f9eb095c15124cfc07ff936.jpg,640,640,0.304172,0.417703,0.346875,0.511453,139.08,False,True,1,70,valid
posture-299-_jpg.rf.cac5831ec89417da394c3c7b3558f21d.jpg,test,good_posture,SINGLE_posture-299-_jpg.rf.cac5831ec89417da394c3c7b3558f21d.jpg,640,640,0.213547,0.068562,0.530375,0.931422,112.68,False,True,1,71,test
sipotion_1749660960259_leaning_forward_0_93_jpg.rf.17c54483695fd33a61c646d48995086b.jpg,test,leaning_forward,SINGLE_sipotion_1749660960259_leaning_forward_0_93_jpg.rf.17c54483695fd33a61c646d48995086b.jpg,640,640,0.229172,0.114578,0.596875,0.882297,110.41,False,True,1,72,train
5337e518499bc811621e435c8ff6ec8d_jpg.rf.9006e1a7eeacb21b21a063402b9c52d8.jpg,test,leaning_forward,SINGLE_5337e518499bc811621e435c8ff6ec8d_jpg.rf.9006e1a7eeacb21b21a063402b9c52d8.jpg,479,640,0.096681,0.048234,0.597829,0.674766,205.9,False,True,1,73,train
72d1d0e31b3ee7bf4c0bc751c39d764a-Copy-2-_jpg.rf.3cb52d8e9f43e8bfce2ee492f7701488.jpg,test,leaning_forward,SINGLE_72d1d0e31b3ee7bf4c0bc751c39d764a-Copy-2-_jpg.rf.3cb52d8e9f43e8bfce2ee492f7701488.jpg,480,640,0.108729,0.054375,0.774729,0.721453,220.11,False,True,1,74,train
43b535f4216a408236b1b9d7f6c1fea2_jpg.rf.a4b006a5b103bfee161629366e04e484.jpg,test,leaning_forward,SINGLE_43b535f4216a408236b1b9d7f6c1fea2_jpg.rf.a4b006a5b103bfee161629366e04e484.jpg,426,640,0.074836,0.224938,0.512582,0.637984,174.51,False,True,1,75,valid
0ca729bb0533a56046bef7fc90a5e528-Copy_jpg.rf.7a774761abe2cd8883801e26694120b1.jpg,test,leaning_backward,SINGLE_0ca729bb0533a56046bef7fc90a5e528-Copy_jpg.rf.7a774761abe2cd8883801e26694120b1.jpg,640,627,0.122188,0.135758,0.650047,0.798596,107.35,False,True,1,76,train
posture-281-_jpg.rf.e849242ae8b497576395d659c73fddaf.jpg,test,leaning_forward,SINGLE_posture-281-_jpg.rf.e849242ae8b497576395d659c73fddaf.jpg,640,640,0.174484,0.146703,0.737844,0.771875,155.21,False,True,1,77,valid
sipotion_1749660947461_leaning_forward_0_94_jpg.rf.af45beb08b97a24c365f0ba757c9cd8a.jpg,test,leaning_forward,SINGLE_sipotion_1749660947461_leaning_forward_0_94_jpg.rf.af45beb08b97a24c365f0ba757c9cd8a.jpg,640,640,0.228125,0.254172,0.455203,0.744797,143.03,False,True,1,78,valid
d161f2786ecb34da296fd6a5f5e2f9b8-Copy_jpg.rf.0d977df8a0e3a71a15dd45b1456d169b.jpg,test,slouch,SINGLE_d161f2786ecb34da296fd6a5f5e2f9b8-Copy_jpg.rf.0d977df8a0e3a71a15dd45b1456d169b.jpg,492,640,0.027215,0.03225,0.709837,0.792609,140.83,False,True,1,79,test
posture-154-_jpg.rf.29f152c3da336483f6e4365513e6811e.jpg,test,good_posture,SINGLE_posture-154-_jpg.rf.29f152c3da336483f6e4365513e6811e.jpg,640,640,0.200531,0.219609,0.567703,0.747547,125.34,False,True,1,80,valid
384a130b2bbe3f8efd1c030c8575ae32_jpg.rf.38185fd4398fa15e2e6152489b962976.jpg,test,slouch,SINGLE_384a130b2bbe3f8efd1c030c8575ae32_jpg.rf.38185fd4398fa15e2e6152489b962976.jpg,640,630,0.558359,0.044286,0.207922,0.424587,196.54,False,True,3,81,train
384a130b2bbe3f8efd1c030c8575ae32_jpg.rf.38185fd4398fa15e2e6152489b962976.jpg,test,slouch,SINGLE_384a130b2bbe3f8efd1c030c8575ae32_jpg.rf.38185fd4398fa15e2e6152489b962976.jpg,640,630,0.042766,0.522079,0.232219,0.368968,196.54,False,True,3,82,train
384a130b2bbe3f8efd1c030c8575ae32_jpg.rf.38185fd4398fa15e2e6152489b962976.jpg,test,slouch,SINGLE_384a130b2bbe3f8efd1c030c8575ae32_jpg.rf.38185fd4398fa15e2e6152489b962976.jpg,640,630,0.744453,0.465873,0.216297,0.382603,196.54,False,True,3,83,train
posture-496-_jpg.rf.8c22147098904f17466838acee64f8fa.jpg,test,good_posture,SINGLE_posture-496-_jpg.rf.8c22147098904f17466838acee64f8fa.jpg,640,640,0.210938,0.245656,0.769094,0.495937,118.14,False,True,1,84,train
sipotion_1749648193249_good_posture_0_88_jpg.rf.d95125fe1b20ef6376719179dc796b95.jpg,test,leaning_backward,ND_0005,640,640,0.36875,0.096875,0.486453,0.829172,146.85,False,True,1,85,train
18dbb46aabd5f4894e58e4134de6e8c5-Copy-2-_jpg.rf.4a958c4ee4c1d3ea7a2b3c709dee2fdb.jpg,test,good_posture,SINGLE_18dbb46aabd5f4894e58e4134de6e8c5-Copy-2-_jpg.rf.4a958c4ee4c1d3ea7a2b3c709dee2fdb.jpg,469,640,0.208337,0.176828,0.595672,0.737766,126.78,False,True,1,86,valid
abcde4b64bd43fc40fb1074ee9dab339-Copy_jpg.rf.b541ee54383795e6ccb9d2325a95b1fa.jpg,test,leaning_backward,SINGLE_abcde4b64bd43fc40fb1074ee9dab339-Copy_jpg.rf.b541ee54383795e6ccb9d2325a95b1fa.jpg,512,640,0.22418,0.316125,0.604629,0.597125,198.94,False,True,1,87,train
8342eed2d92fca7228e9732d22ecf673-Copy-2-_jpg.rf.e1fca2b45563fb9516f8f7f8786be0c4.jpg,test,leaning_forward,SINGLE_8342eed2d92fca7228e9732d22ecf673-Copy-2-_jpg.rf.e1fca2b45563fb9516f8f7f8786be0c4.jpg,640,633,0.394547,0.05594,0.390031,0.652354,195.83,False,True,1,88,train
1dbfaeae7a5f83ec3a42df89e3956a0d-Copy_jpg.rf.a192f1b99e4c3fba3f149792e62b1000.jpg,test,leaning_backward,SINGLE_1dbfaeae7a5f83ec3a42df89e3956a0d-Copy_jpg.rf.a192f1b99e4c3fba3f149792e62b1000.jpg,426,640,0.142887,0.347219,0.657723,0.473453,195.34,False,True,1,89,test
20f8b04e8c35f11d763dfd70082e1e27-Copy-2-_jpg.rf.3f6a5e6a42df5f1b50b03c1df56aad77.jpg,test,leaning_forward,SINGLE_20f8b04e8c35f11d763dfd70082e1e27-Copy-2-_jpg.rf.3f6a5e6a42df5f1b50b03c1df56aad77.jpg,426,640,0.197324,0.344953,0.673615,0.564734,205.11,False,True,1,90,train
cec46972cbef1a581b89ea0a19058678_jpg.rf.789e8b4874d5ada9dc694a9c5abaaff6.jpg,test,good_posture,SINGLE_cec46972cbef1a581b89ea0a19058678_jpg.rf.789e8b4874d5ada9dc694a9c5abaaff6.jpg,640,426,0.538391,0.074836,0.276266,0.853239,205.74,False,True,1,91,valid
07682242a71b0f05da9a31a4f5a473f7_jpg.rf.47164d522c552bca44190e5b5b1afce2.jpg,test,slouch,SINGLE_07682242a71b0f05da9a31a4f5a473f7_jpg.rf.47164d522c552bca44190e5b5b1afce2.jpg,640,640,0.021438,0.010312,0.215859,0.347313,204.87,False,True,7,92,train
07682242a71b0f05da9a31a4f5a473f7_jpg.rf.47164d522c552bca44190e5b5b1afce2.jpg,test,slouch,SINGLE_07682242a71b0f05da9a31a4f5a473f7_jpg.rf.47164d522c552bca44190e5b5b1afce2.jpg,640,640,0.752375,0.024609,0.230953,0.380609,204.87,False,True,7,93,train
07682242a71b0f05da9a31a4f5a473f7_jpg.rf.47164d522c552bca44190e5b5b1afce2.jpg,test,slouch,SINGLE_07682242a71b0f05da9a31a4f5a473f7_jpg.rf.47164d522c552bca44190e5b5b1afce2.jpg,640,640,0.745234,0.412703,0.241266,0.339922,204.87,False,True,7,94,train
07682242a71b0f05da9a31a4f5a473f7_jpg.rf.47164d522c552bca44190e5b5b1afce2.jpg,test,slouch,SINGLE_07682242a71b0f05da9a31a4f5a473f7_jpg.rf.47164d522c552bca44190e5b5b1afce2.jpg,640,640,0.021422,0.386516,0.290484,0.331219,204.87,False,True,7,95,train
07682242a71b0f05da9a31a4f5a473f7_jpg.rf.47164d522c552bca44190e5b5b1afce2.jpg,test,slouch,SINGLE_07682242a71b0f05da9a31a4f5a473f7_jpg.rf.47164d522c552bca44190e5b5b1afce2.jpg,640,640,0.397625,0.396047,0.280953,0.356578,204.87,False,True,7,96,train
07682242a71b0f05da9a31a4f5a473f7_jpg.rf.47164d522c552bca44190e5b5b1afce2.jpg,test,leaning_forward,SINGLE_07682242a71b0f05da9a31a4f5a473f7_jpg.rf.47164d522c552bca44190e5b5b1afce2.jpg,640,640,0.321422,0.703188,0.273016,0.293734,204.87,False,True,7,97,train
07682242a71b0f05da9a31a4f5a473f7_jpg.rf.47164d522c552bca44190e5b5b1afce2.jpg,test,leaning_backward,SINGLE_07682242a71b0f05da9a31a4f5a473f7_jpg.rf.47164d522c552bca44190e5b5b1afce2.jpg,640,640,0.738094,0.750797,0.261906,0.249203,204.87,False,True,7,98,train
posture-460-_jpg.rf.7ddfbcada67874837da6d99cee6429f0.jpg,test,good_posture,SINGLE_posture-460-_jpg.rf.7ddfbcada67874837da6d99cee6429f0.jpg,640,640,0.171875,0.000875,0.714406,0.999125,166.61,False,True,1,99,valid
97c46ea03ebf7108d0587b11e4cb3d23-Copy_jpg.rf.7e4d3596291bd0396a8e7b4a5b2c991e.jpg,test,leaning_forward,SINGLE_97c46ea03ebf7108d0587b11e4cb3d23-Copy_jpg.rf.7e4d3596291bd0396a8e7b4a5b2c991e.jpg,434,640,0.190461,0.164516,0.721014,0.731234,218.47,False,True,1,100,train
b401411a6b10217bba7fff0087d4ad5a-Copy_jpg.rf.6281c6804c6871b0db7f9a0981d83a1c.jpg,test,leaning_forward,SINGLE_b401411a6b10217bba7fff0087d4ad5a-Copy_jpg.rf.6281c6804c6871b0db7f9a0981d83a1c.jpg,426,640,0.006808,0.111406,0.850516,0.888594,129.94,False,True,1,101,valid
b128cc384c711b81eb35bc8af1aa0e3b-Copy_jpg.rf.d2131938b14e564bc6b7803161acee4c.jpg,test,leaning_backward,SINGLE_b128cc384c711b81eb35bc8af1aa0e3b-Copy_jpg.rf.d2131938b14e564bc6b7803161acee4c.jpg,426,640,0.19392,0.426484,0.731432,0.398719,174.34,False,True,1,102,train
sipotion_1749636397809_good_posture_0_77_jpg.rf.b63043ebcc84a4664eb52765d294f722.jpg,test,slouch,SINGLE_sipotion_1749636397809_good_posture_0_77_jpg.rf.b63043ebcc84a4664eb52765d294f722.jpg,640,640,0.221875,0.0,0.758328,0.945828,138.31,False,True,1,103,test
150b0302549c4eff4b7a3417d5160012-Copy_jpg.rf.a7fe66aae04d9b3b1d1a39d104f6fd72.jpg,test,no_annotation,SINGLE_150b0302549c4eff4b7a3417d5160012-Copy_jpg.rf.a7fe66aae04d9b3b1d1a39d104f6fd72.jpg,639,640,0,0,0,0,114.77,False,False,0,-1,test
