split,image_path,relative_path,label_path,width,height,file_size_bytes,sha256,dhash64,brightness_mean,edge_variance,is_corrupt,label_exists,label_empty,object_count,valid_object_count,invalid_object_count,error
train,D:\.Candra\Project\TA\02_data\raw\Sitting_posture.v17i.yolov8\train\images\ngaphai_mp4-0000_jpg.rf.19a1858d01a65f54b6e89e1c56f6df5b.jpg,train\images\ngaphai_mp4-0000_jpg.rf.19a1858d01a65f54b6e89e1c56f6df5b.jpg,D:\.Candra\Project\TA\02_data\raw\Sitting_posture.v17i.yolov8\train\labels\ngaphai_mp4-0000_jpg.rf.19a1858d01a65f54b6e89e1c56f6df5b.txt,1280,720,85823,9f8474a7f69ce2ebade00337b309036971b0f1a4f883a14ac1b507c56b4a2dc5,8ccdcccccc88919b,188.4969,486.1832,False,True,False,1,1,0,
train,D:\.Candra\Project\TA\02_data\raw\Sitting_posture.v17i.yolov8\train\images\ngaphai_mp4-0002_jpg.rf.c07ba23c029c0ade6bfb475f3cb7984d.jpg,train\images\ngaphai_mp4-0002_jpg.rf.c07ba23c029c0ade6bfb475f3cb7984d.jpg,D:\.Candra\Project\TA\02_data\raw\Sitting_posture.v17i.yolov8\train\labels\ngaphai_mp4-0002_jpg.rf.c07ba23c029c0ade6bfb475f3cb7984d.txt,1280,720,84138,6954e3ec7e7290066f3783c85b5d4982b6060631edae2b1d663204bef47fe97d,8ccdcccccc88919b,188.5781,487.9796,False,True,False,1,1,0,
train,D:\.Candra\Project\TA\02_data\raw\Sitting_posture.v17i.yolov8\train\images\ngaphai_mp4-0003_jpg.rf.414e4f7bcc77a30db15a24809417dca9.jpg,train\images\ngaphai_mp4-0003_jpg.rf.414e4f7bcc77a30db15a24809417dca9.jpg,D:\.Candra\Project\TA\02_data\raw\Sitting_posture.v17i.yolov8\train\labels\ngaphai_mp4-0003_jpg.rf.414e4f7bcc77a30db15a24809417dca9.txt,1280,720,83513,a06b43e1d9103b36a25f5dcf0e3b7dddf484e0485eda763c16b481b90dde27a5,8ccdcccccc88919b,188.5595,487.8419,False,True,False,1,1,0,
train,D:\.Candra\Project\TA\02_data\raw\Sitting_posture.v17i.yolov8\train\images\ngaphai_mp4-0005_jpg.rf.b476b62199fb0ced81a35deb03de3c81.jpg,train\images\ngaphai_mp4-0005_jpg.rf.b476b62199fb0ced81a35deb03de3c81.jpg,D:\.Candra\Project\TA\02_data\raw\Sitting_posture.v17i.yolov8\train\labels\ngaphai_mp4-0005_jpg.rf.b476b62199fb0ced81a35deb03de3c81.txt,1280,720,80791,dbc476221fb5eeecbe369110e15d161b6f87e7a029810072a53e0abb0cac001c,8ccdcccccc88919b,188.5802,494.8438,False,True,False,1,1,0,
train,D:\.Candra\Project\TA\02_data\raw\Sitting_posture.v17i.yolov8\train\images\ngaphai_mp4-0007_jpg.rf.46edaae56ad85b646e31a5016d3e9195.jpg,train\images\ngaphai_mp4-0007_jpg.rf.46edaae56ad85b646e31a5016d3e9195.jpg,D:\.Candra\Project\TA\02_data\raw\Sitting_posture.v17i.yolov8\train\labels\ngaphai_mp4-0007_jpg.rf.46edaae56ad85b646e31a5016d3e9195.txt,1280,720,80322,b331dcd3aa5c7459a4a3975a579e2239368a0444b1e763e7c2054637343f9425,8ccdcccccc88919b,188.6338,497.8758,False,True,False,1,1,0,
train,D:\.Candra\Project\TA\02_data\raw\Sitting_posture.v17i.yolov8\train\images\ngaphai_mp4-0008_jpg.rf.17292802d4251984398910f75cee7675.jpg,train\images\ngaphai_mp4-0008_jpg.rf.17292802d4251984398910f75cee7675.jpg,D:\.Candra\Project\TA\02_data\raw\Sitting_posture.v17i.yolov8\train\labels\ngaphai_mp4-0008_jpg.rf.17292802d4251984398910f75cee7675.txt,1280,720,79219,442aad6defce590cf402117d7dadef62518ac5d950b61e8383078b11c960d644,8ccccccccc88919b,188.6378,484.6488,False,True,False,2,2,0,
train,D:\.Candra\Project\TA\02_data\raw\Sitting_posture.v17i.yolov8\train\images\ngaphai_mp4-0011_jpg.rf.c5786cd2b51a87cf3ee8327c9a14ff2d.jpg,train\images\ngaphai_mp4-0011_jpg.rf.c5786cd2b51a87cf3ee8327c9a14ff2d.jpg,D:\.Candra\Project\TA\02_data\raw\Sitting_posture.v17i.yolov8\train\labels\ngaphai_mp4-0011_jpg.rf.c5786cd2b51a87cf3ee8327c9a14ff2d.txt,1280,720,78438,4d7d3a7892a8547df195c3583e9c500d056e6b5f1f972245eaf14e861ab8ad45,8ccccccccc88919b,188.7545,487.0926,False,True,False,1,1,0,
train,D:\.Candra\Project\TA\02_data\raw\Sitting_posture.v17i.yolov8\train\images\ngaphai_mp4-0012_jpg.rf.a301262f7d98e0fa1dc783dd35758e4f.jpg,train\images\ngaphai_mp4-0012_jpg.rf.a301262f7d98e0fa1dc783dd35758e4f.jpg,D:\.Candra\Project\TA\02_data\raw\Sitting_posture.v17i.yolov8\train\labels\ngaphai_mp4-0012_jpg.rf.a301262f7d98e0fa1dc783dd35758e4f.txt,1280,720,78290,35562de625f5dca1659fe64ff14f7a8879fbf4bda5bd6de78bc348607c0237c2,8ccccccccc88919b,188.7645,481.9905,False,True,False,1,1,0,
train,D:\.Candra\Project\TA\02_data\raw\Sitting_posture.v17i.yolov8\train\images\ngaphai_mp4-0014_jpg.rf.0a22a5ea1a8e9ac6af74a3132dd241aa.jpg,train\images\ngaphai_mp4-0014_jpg.rf.0a22a5ea1a8e9ac6af74a3132dd241aa.jpg,D:\.Candra\Project\TA\02_data\raw\Sitting_posture.v17i.yolov8\train\labels\ngaphai_mp4-0014_jpg.rf.0a22a5ea1a8e9ac6af74a3132dd241aa.txt,1280,720,78066,dd1f76fdc99a2aa9ca2823f281411473a8262dd0b13bd532864caa2bfd2f56aa,8ccccccccc88919b,188.761,479.6353,False,True,False,1,1,0,
train,D:\.Candra\Project\TA\02_data\raw\Sitting_posture.v17i.yolov8\train\images\ngaphai_mp4-0015_jpg.rf.6a10b8d4e6d145d35a24ad9676fc9bcd.jpg,train\images\ngaphai_mp4-0015_jpg.rf.6a10b8d4e6d145d35a24ad9676fc9bcd.jpg,D:\.Candra\Project\TA\02_data\raw\Sitting_posture.v17i.yolov8\train\labels\ngaphai_mp4-0015_jpg.rf.6a10b8d4e6d145d35a24ad9676fc9bcd.txt,1280,720,78333,6046ad5531beb2ddbb2cc8a953d8ff45162d4738490b7d3b93ed2d0d90012ad0,8ccccccccc88919b,188.7525,483.2346,False,True,False,1,1,0,
train,D:\.Candra\Project\TA\02_data\raw\Sitting_posture.v17i.yolov8\train\images\ngaphai_mp4-0016_jpg.rf.f2a61b4f39deceddc32abb750f9c6d77.jpg,train\images\ngaphai_mp4-0016_jpg.rf.f2a61b4f39deceddc32abb750f9c6d77.jpg,D:\.Candra\Project\TA\02_data\raw\Sitting_posture.v17i.yolov8\train\labels\ngaphai_mp4-0016_jpg.rf.f2a61b4f39deceddc32abb750f9c6d77.txt,1280,720,78166,54cd62536d57130516b4bf9e32780ee27718300bdfe36f89074a6b31e50d22a7,8ccccccccc88919b,188.7164,475.9929,False,True,False,1,1,0,
train,D:\.Candra\Project\TA\02_data\raw\Sitting_posture.v17i.yolov8\train\images\ngaphai_mp4-0017_jpg.rf.79d8e82eb46a777a0ab9bc742e535edf.jpg,train\images\ngaphai_mp4-0017_jpg.rf.79d8e82eb46a777a0ab9bc742e535edf.jpg,D:\.Candra\Project\TA\02_data\raw\Sitting_posture.v17i.yolov8\train\labels\ngaphai_mp4-0017_jpg.rf.79d8e82eb46a777a0ab9bc742e535edf.txt,1280,720,78114,2742a82f0e4edb92a1e68855c100eadf96fde4922871ebdb79137afdd2fde3f6,8ccccccccc88919b,188.7552,474.4802,False,True,False,1,1,0,
train,D:\.Candra\Project\TA\02_data\raw\Sitting_posture.v17i.yolov8\train\images\ngaphai_mp4-0018_jpg.rf.ac1d383a2b06455e4125d7ddfe107c65.jpg,train\images\ngaphai_mp4-0018_jpg.rf.ac1d383a2b06455e4125d7ddfe107c65.jpg,D:\.Candra\Project\TA\02_data\raw\Sitting_posture.v17i.yolov8\train\labels\ngaphai_mp4-0018_jpg.rf.ac1d383a2b06455e4125d7ddfe107c65.txt,1280,720,77914,daa94fed95900c36fa71055537e2574c27c11d19addf567071aa2246633cb06b,8ccccccccc88919b,188.7706,474.7073,False,True,False,1,1,0,
train,D:\.Candra\Project\TA\02_data\raw\Sitting_posture.v17i.yolov8\train\images\ngaphai_mp4-0020_jpg.rf.24e49d08093b92fb982f8be86376acb9.jpg,train\images\ngaphai_mp4-0020_jpg.rf.24e49d08093b92fb982f8be86376acb9.jpg,D:\.Candra\Project\TA\02_data\raw\Sitting_posture.v17i.yolov8\train\labels\ngaphai_mp4-0020_jpg.rf.24e49d08093b92fb982f8be86376acb9.txt,1280,720,78187,ac381de001d5ecbc5d29776781f87c3758cb770b1bafcdac3c85f24fdb37fc0f,8ccccccccc88919b,188.7924,475.9129,False,True,False,1,1,0,
train,D:\.Candra\Project\TA\02_data\raw\Sitting_posture.v17i.yolov8\train\images\ngaphai_mp4-0021_jpg.rf.97d889d6d78e122f5e4877228186613a.jpg,train\images\ngaphai_mp4-0021_jpg.rf.97d889d6d78e122f5e4877228186613a.jpg,D:\.Candra\Project\TA\02_data\raw\Sitting_posture.v17i.yolov8\train\labels\ngaphai_mp4-0021_jpg.rf.97d889d6d78e122f5e4877228186613a.txt,1280,720,77834,ac6b1b9fda03261037414dd6b00f6dfc704a17fab26cd6437aaa7f4107eae770,8ccdcccccc88919b,188.7876,473.4284,False,True,False,1,1,0,
train,D:\.Candra\Project\TA\02_data\raw\Sitting_posture.v17i.yolov8\train\images\ngaphai_mp4-0023_jpg.rf.f0a7f2b86fcf73ab62e64e46bab3a5b9.jpg,train\images\ngaphai_mp4-0023_jpg.rf.f0a7f2b86fcf73ab62e64e46bab3a5b9.jpg,D:\.Candra\Project\TA\02_data\raw\Sitting_posture.v17i.yolov8\train\labels\ngaphai_mp4-0023_jpg.rf.f0a7f2b86fcf73ab62e64e46bab3a5b9.txt,1280,720,77712,efdbca2fb38b82a2e447a3a7d8e98bf618a74f20c7be86dedba15807c0a8ca98,8ccccccccc88919b,188.8063,466.8473,False,True,False,1,1,0,
train,D:\.Candra\Project\TA\02_data\raw\Sitting_posture.v17i.yolov8\train\images\ngaphai_mp4-0025_jpg.rf.24ba027c5840cff463d11cf2bc43c7c6.jpg,train\images\ngaphai_mp4-0025_jpg.rf.24ba027c5840cff463d11cf2bc43c7c6.jpg,D:\.Candra\Project\TA\02_data\raw\Sitting_posture.v17i.yolov8\train\labels\ngaphai_mp4-0025_jpg.rf.24ba027c5840cff463d11cf2bc43c7c6.txt,1280,720,77690,13ffafac67297f1233b6023ed014118f58a78b70ea1f2ccdef135b4376229cce,8ccccccccc88919b,188.821,469.751,False,True,False,1,1,0,
train,D:\.Candra\Project\TA\02_data\raw\Sitting_posture.v17i.yolov8\train\images\ngaphai_mp4-0026_jpg.rf.15c62d806aa0de58bcce387098cce8da.jpg,train\images\ngaphai_mp4-0026_jpg.rf.15c62d806aa0de58bcce387098cce8da.jpg,D:\.Candra\Project\TA\02_data\raw\Sitting_posture.v17i.yolov8\train\labels\ngaphai_mp4-0026_jpg.rf.15c62d806aa0de58bcce387098cce8da.txt,1280,720,77809,67eb9db031ce5b8f395ab444c33aa3a4b68d58b7dc9991ee3efa7eb19b0b4f49,8ccccccccc88919b,188.7487,492.8637,False,True,False,1,1,0,
train,D:\.Candra\Project\TA\02_data\raw\Sitting_posture.v17i.yolov8\train\images\ngaphai_mp4-0027_jpg.rf.39e3a225ac1ff319702c7bc5783067b6.jpg,train\images\ngaphai_mp4-0027_jpg.rf.39e3a225ac1ff319702c7bc5783067b6.jpg,D:\.Candra\Project\TA\02_data\raw\Sitting_posture.v17i.yolov8\train\labels\ngaphai_mp4-0027_jpg.rf.39e3a225ac1ff319702c7bc5783067b6.txt,1280,720,76980,23016cb2e80d3215752a0387a6b32e26d5cbe3a8e0a928c7a071111ed910270b,8ccccccccc88919b,188.7505,486.2677,False,True,False,1,1,0,
train,D:\.Candra\Project\TA\02_data\raw\Sitting_posture.v17i.yolov8\train\images\ngaphai_mp4-0028_jpg.rf.b301221808da33a5cbcc811b80c5d403.jpg,train\images\ngaphai_mp4-0028_jpg.rf.b301221808da33a5cbcc811b80c5d403.jpg,D:\.Candra\Project\TA\02_data\raw\Sitting_posture.v17i.yolov8\train\labels\ngaphai_mp4-0028_jpg.rf.b301221808da33a5cbcc811b80c5d403.txt,1280,720,76816,a57a81e9dd44cc2891a9792639d0d909a78c9bd57b59dcf2e7d96a08c68f299f,8ccccccccc88919b,188.7822,481.58,False,True,False,1,1,0,
train,D:\.Candra\Project\TA\02_data\raw\Sitting_posture.v17i.yolov8\train\images\ngaphai_mp4-0030_jpg.rf.1da827689a12b14e78d5712c60323648.jpg,train\images\ngaphai_mp4-0030_jpg.rf.1da827689a12b14e78d5712c60323648.jpg,D:\.Candra\Project\TA\02_data\raw\Sitting_posture.v17i.yolov8\train\labels\ngaphai_mp4-0030_jpg.rf.1da827689a12b14e78d5712c60323648.txt,1280,720,76756,0b58f140cf6879eb3d5181ee0470371e2b3382c18647f5196f357c834995c75d,8ccccccccc88919b,188.7943,469.3467,False,True,False,1,1,0,
train,D:\.Candra\Project\TA\02_data\raw\Sitting_posture.v17i.yolov8\train\images\ngaphai_mp4-0031_jpg.rf.8ddeb3d4189b631815de0ba912e15072.jpg,train\images\ngaphai_mp4-0031_jpg.rf.8ddeb3d4189b631815de0ba912e15072.jpg,D:\.Candra\Project\TA\02_data\raw\Sitting_posture.v17i.yolov8\train\labels\ngaphai_mp4-0031_jpg.rf.8ddeb3d4189b631815de0ba912e15072.txt,1280,720,76362,77e8570d9adb29acb04853451279208d87b14fed859d20823f54eea2841f2d53,8ccccccccc88919b,188.8418,455.5758,False,True,False,1,1,0,
train,D:\.Candra\Project\TA\02_data\raw\Sitting_posture.v17i.yolov8\train\images\ngaphai_mp4-0032_jpg.rf.927abdefceceb2681a695bc60ac36144.jpg,train\images\ngaphai_mp4-0032_jpg.rf.927abdefceceb2681a695bc60ac36144.jpg,D:\.Candra\Project\TA\02_data\raw\Sitting_posture.v17i.yolov8\train\labels\ngaphai_mp4-0032_jpg.rf.927abdefceceb2681a695bc60ac36144.txt,1280,720,75651,48dde15229154557feb045ee113ddc34a817298f9b4906adb81a94b8306eff69,cccccccccc88919b,188.9637,419.8458,False,True,False,1,1,0,
train,D:\.Candra\Project\TA\02_data\raw\Sitting_posture.v17i.yolov8\train\images\ngaphai_mp4-0034_jpg.rf.b32ee45623a317873600b1b478da3cea.jpg,train\images\ngaphai_mp4-0034_jpg.rf.b32ee45623a317873600b1b478da3cea.jpg,D:\.Candra\Project\TA\02_data\raw\Sitting_posture.v17i.yolov8\train\labels\ngaphai_mp4-0034_jpg.rf.b32ee45623a317873600b1b478da3cea.txt,1280,720,74225,b7977ee40c07ab04390d4d9b9b6353cc5c6f813eb4362780355c9578c505dab4,c8c8c8c8cc889193,189.5886,373.3806,False,True,False,1,1,0,
train,D:\.Candra\Project\TA\02_data\raw\Sitting_posture.v17i.yolov8\train\images\ngaphai_mp4-0036_jpg.rf.551fa061af37400d4563ab566a12f78d.jpg,train\images\ngaphai_mp4-0036_jpg.rf.551fa061af37400d4563ab566a12f78d.jpg,D:\.Candra\Project\TA\02_data\raw\Sitting_posture.v17i.yolov8\train\labels\ngaphai_mp4-0036_jpg.rf.551fa061af37400d4563ab566a12f78d.txt,1280,720,73404,aff5ecc999a2333a6138ce1e58ccce7b3670f9b2af1b7e13fc5340524ef9fc5a,d89898c8c8889193,189.8871,357.3027,False,True,False,1,1,0,
train,D:\.Candra\Project\TA\02_data\raw\Sitting_posture.v17i.yolov8\train\images\ngaphai_mp4-0037_jpg.rf.21374a725b571d88384a6bfbdc4835c4.jpg,train\images\ngaphai_mp4-0037_jpg.rf.21374a725b571d88384a6bfbdc4835c4.jpg,D:\.Candra\Project\TA\02_data\raw\Sitting_posture.v17i.yolov8\train\labels\ngaphai_mp4-0037_jpg.rf.21374a725b571d88384a6bfbdc4835c4.txt,1280,720,73454,2b27bb940065f9d3b3448e7b1255e8257cfa67d20122d4dfd84387d378f10806,989898c8c8889193,189.9451,353.9579,False,True,False,1,1,0,
train,D:\.Candra\Project\TA\02_data\raw\Sitting_posture.v17i.yolov8\train\images\ngaphai_mp4-0038_jpg.rf.4836f7db43321fbc21a5b274a2a69948.jpg,train\images\ngaphai_mp4-0038_jpg.rf.4836f7db43321fbc21a5b274a2a69948.jpg,D:\.Candra\Project\TA\02_data\raw\Sitting_posture.v17i.yolov8\train\labels\ngaphai_mp4-0038_jpg.rf.4836f7db43321fbc21a5b274a2a69948.txt,1280,720,73219,f7a8fa6ee11aeee1d423e4adb011e0c90a20e66478d5a0c6a12b5a4faeb3aae5,909898d8c8889193,190.1021,349.0892,False,True,False,1,1,0,
train,D:\.Candra\Project\TA\02_data\raw\Sitting_posture.v17i.yolov8\train\images\ngaphai_mp4-0040_jpg.rf.0fe19bc61b8f3f34927c7c1e1ded646d.jpg,train\images\ngaphai_mp4-0040_jpg.rf.0fe19bc61b8f3f34927c7c1e1ded646d.jpg,D:\.Candra\Project\TA\02_data\raw\Sitting_posture.v17i.yolov8\train\labels\ngaphai_mp4-0040_jpg.rf.0fe19bc61b8f3f34927c7c1e1ded646d.txt,1280,720,72339,819a85b1497e6ea04c2ec741ac406792c3e84c8812ee1c2fde1944c65f78acf6,909898d8c8889193,190.3462,337.5954,False,True,False,1,1,0,
train,D:\.Candra\Project\TA\02_data\raw\Sitting_posture.v17i.yolov8\train\images\ngaphai_mp4-0043_jpg.rf.0f1fa1b636b2e831944c2cec6a55a9e2.jpg,train\images\ngaphai_mp4-0043_jpg.rf.0f1fa1b636b2e831944c2cec6a55a9e2.jpg,D:\.Candra\Project\TA\02_data\raw\Sitting_posture.v17i.yolov8\train\labels\ngaphai_mp4-0043_jpg.rf.0f1fa1b636b2e831944c2cec6a55a9e2.txt,1280,720,74517,29349953b393215b9038d10d518a414c682dd7017573b2d4c8f401fa691466bd,90909090d8989197,190.2901,354.3682,False,True,False,1,1,0,
train,D:\.Candra\Project\TA\02_data\raw\Sitting_posture.v17i.yolov8\train\images\ngaphai_mp4-0045_jpg.rf.84fb57b7e8b7258088008f6ac5e22ce2.jpg,train\images\ngaphai_mp4-0045_jpg.rf.84fb57b7e8b7258088008f6ac5e22ce2.jpg,D:\.Candra\Project\TA\02_data\raw\Sitting_posture.v17i.yolov8\train\labels\ngaphai_mp4-0045_jpg.rf.84fb57b7e8b7258088008f6ac5e22ce2.txt,1280,720,75147,b40f9b610dd9bcbbfb0cd57eaffc6478aacb31d43915692b5d9c5ed7dcc352a7,90909090d8989597,190.34,350.4389,False,True,False,1,1,0,
train,D:\.Candra\Project\TA\02_data\raw\Sitting_posture.v17i.yolov8\train\images\ngaphai_mp4-0047_jpg.rf.7bea0886ed45715bff70bf48f1ae2d7e.jpg,train\images\ngaphai_mp4-0047_jpg.rf.7bea0886ed45715bff70bf48f1ae2d7e.jpg,D:\.Candra\Project\TA\02_data\raw\Sitting_posture.v17i.yolov8\train\labels\ngaphai_mp4-0047_jpg.rf.7bea0886ed45715bff70bf48f1ae2d7e.txt,1280,720,77520,a8b28ff6a56a1a3629ae7c245bc89e2d4b81828423a43155a99e776a37126bdb,90b0b0909898a597,190.2078,373.6386,False,True,False,1,1,0,
train,D:\.Candra\Project\TA\02_data\raw\Sitting_posture.v17i.yolov8\train\images\ngaphai_mp4-0049_jpg.rf.6166188a23a3373e1a33382097eb73e2.jpg,train\images\ngaphai_mp4-0049_jpg.rf.6166188a23a3373e1a33382097eb73e2.jpg,D:\.Candra\Project\TA\02_data\raw\Sitting_posture.v17i.yolov8\train\labels\ngaphai_mp4-0049_jpg.rf.6166188a23a3373e1a33382097eb73e2.txt,1280,720,79349,0b339a28b531b433e9815f0247a50da2faeb49599639d7b6f44d37071aae4430,90b0b0909890a597,190.1896,419.8372,False,True,False,1,1,0,
train,D:\.Candra\Project\TA\02_data\raw\Sitting_posture.v17i.yolov8\train\images\ngaphai_mp4-0050_jpg.rf.f7860703b17adaaa417bb8bd22a413c3.jpg,train\images\ngaphai_mp4-0050_jpg.rf.f7860703b17adaaa417bb8bd22a413c3.jpg,D:\.Candra\Project\TA\02_data\raw\Sitting_posture.v17i.yolov8\train\labels\ngaphai_mp4-0050_jpg.rf.f7860703b17adaaa417bb8bd22a413c3.txt,1280,720,82257,e35927c11b7c454be83d4dc4611aef602a7c578ee96883303fe1cadfac6d6e25,90b0b0909890a595,190.0194,523.9828,False,True,False,1,1,0,
train,D:\.Candra\Project\TA\02_data\raw\Sitting_posture.v17i.yolov8\train\images\ngaphai_mp4-0051_jpg.rf.6e4a2cefb094e97e1b9da18959e1eda6.jpg,train\images\ngaphai_mp4-0051_jpg.rf.6e4a2cefb094e97e1b9da18959e1eda6.jpg,D:\.Candra\Project\TA\02_data\raw\Sitting_posture.v17i.yolov8\train\labels\ngaphai_mp4-0051_jpg.rf.6e4a2cefb094e97e1b9da18959e1eda6.txt,1280,720,81142,36b033e1f81fb5b6b700abe98c102c5b56aa8e0ced2a8bf640ed455928927999,90b0b0909898a595,190.1532,478.0034,False,True,False,1,1,0,
train,D:\.Candra\Project\TA\02_data\raw\Sitting_posture.v17i.yolov8\train\images\ngaphai_mp4-0052_jpg.rf.099d0cfdd2a29100c191789bfdcc53a7.jpg,train\images\ngaphai_mp4-0052_jpg.rf.099d0cfdd2a29100c191789bfdcc53a7.jpg,D:\.Candra\Project\TA\02_data\raw\Sitting_posture.v17i.yolov8\train\labels\ngaphai_mp4-0052_jpg.rf.099d0cfdd2a29100c191789bfdcc53a7.txt,1280,720,80686,0d4a834929edcce171e5a4595ed49799d0a6882f458b5c2cde50b170a2e20e2c,90b0b0909898a595,190.2289,466.9502,False,True,False,1,1,0,
train,D:\.Candra\Project\TA\02_data\raw\Sitting_posture.v17i.yolov8\train\images\ngaphai_mp4-0054_jpg.rf.38d3dc91db97d10b0801a4488f75194f.jpg,train\images\ngaphai_mp4-0054_jpg.rf.38d3dc91db97d10b0801a4488f75194f.jpg,D:\.Candra\Project\TA\02_data\raw\Sitting_posture.v17i.yolov8\train\labels\ngaphai_mp4-0054_jpg.rf.38d3dc91db97d10b0801a4488f75194f.txt,1280,720,80434,6d45b9ea06ce014df0b76ad540d5da2aa7ce771c433cc0fb6e79a81387284dbc,90b0b09098988595,190.3632,459.8058,False,True,False,1,1,0,
train,D:\.Candra\Project\TA\02_data\raw\Sitting_posture.v17i.yolov8\train\images\ngaphai_mp4-0055_jpg.rf.774c1b1cdbd717165471d0cd36c34c91.jpg,train\images\ngaphai_mp4-0055_jpg.rf.774c1b1cdbd717165471d0cd36c34c91.jpg,D:\.Candra\Project\TA\02_data\raw\Sitting_posture.v17i.yolov8\train\labels\ngaphai_mp4-0055_jpg.rf.774c1b1cdbd717165471d0cd36c34c91.txt,1280,720,81066,ea7d0234aac5ed685bc30ad93b3a4d9b1c6efc2124e0f41c8daf7abf24b44494,90b0b09098988595,190.2944,485.9302,False,True,False,1,1,0,
train,D:\.Candra\Project\TA\02_data\raw\Sitting_posture.v17i.yolov8\train\images\ngaphai_mp4-0059_jpg.rf.1227030709644b7a58f48b3a1dea5299.jpg,train\images\ngaphai_mp4-0059_jpg.rf.1227030709644b7a58f48b3a1dea5299.jpg,D:\.Candra\Project\TA\02_data\raw\Sitting_posture.v17i.yolov8\train\labels\ngaphai_mp4-0059_jpg.rf.1227030709644b7a58f48b3a1dea5299.txt,1280,720,80835,99fd4ee998b93e4199a967c4c57868c8bb91e09f0c2ec432fda0c6624fde884d,90b0b09098989597,189.3865,479.9891,False,True,False,1,1,0,
train,D:\.Candra\Project\TA\02_data\raw\Sitting_posture.v17i.yolov8\train\images\ngaphai_mp4-0062_jpg.rf.e2484e370313c996e537942fab8e3108.jpg,train\images\ngaphai_mp4-0062_jpg.rf.e2484e370313c996e537942fab8e3108.jpg,D:\.Candra\Project\TA\02_data\raw\Sitting_posture.v17i.yolov8\train\labels\ngaphai_mp4-0062_jpg.rf.e2484e370313c996e537942fab8e3108.txt,1280,720,79344,89588452b8edcc23dd5619a270933fdcf3402fdf1e4af73092a1b49eb0480a18,90b0b0909898a595,189.321,405.3824,False,True,False,1,1,0,
train,D:\.Candra\Project\TA\02_data\raw\Sitting_posture.v17i.yolov8\train\images\ngaphai_mp4-0063_jpg.rf.c96c2f10da48ec4ebabad5239ab0639c.jpg,train\images\ngaphai_mp4-0063_jpg.rf.c96c2f10da48ec4ebabad5239ab0639c.jpg,D:\.Candra\Project\TA\02_data\raw\Sitting_posture.v17i.yolov8\train\labels\ngaphai_mp4-0063_jpg.rf.c96c2f10da48ec4ebabad5239ab0639c.txt,1280,720,78944,646599e4143d537afabdf4cce9c22a081e69f3bb0a2a96cd68659a5f01aea978,80b0b0909898a595,189.3182,393.5196,False,True,False,1,1,0,
train,D:\.Candra\Project\TA\02_data\raw\Sitting_posture.v17i.yolov8\train\images\ngaphai_mp4-0064_jpg.rf.712f1ef18b1ead9fde77858a2738237d.jpg,train\images\ngaphai_mp4-0064_jpg.rf.712f1ef18b1ead9fde77858a2738237d.jpg,D:\.Candra\Project\TA\02_data\raw\Sitting_posture.v17i.yolov8\train\labels\ngaphai_mp4-0064_jpg.rf.712f1ef18b1ead9fde77858a2738237d.txt,1280,720,78580,f3d108254c6b110a134bca2f3fb483fd76fd472bb4ebb0ccaf292ff0fbcf51b6,80b030909898a595,189.2518,380.8701,False,True,False,1,1,0,
train,D:\.Candra\Project\TA\02_data\raw\Sitting_posture.v17i.yolov8\train\images\ngaphai_mp4-0065_jpg.rf.5d614b8eba7d31073accd3783b604e3c.jpg,train\images\ngaphai_mp4-0065_jpg.rf.5d614b8eba7d31073accd3783b604e3c.jpg,D:\.Candra\Project\TA\02_data\raw\Sitting_posture.v17i.yolov8\train\labels\ngaphai_mp4-0065_jpg.rf.5d614b8eba7d31073accd3783b604e3c.txt,1280,720,78081,fd500a3086fe9a35fc3f70d60a04d0473140baf8bb523a20974cc492e1de6eb6,803030909098a595,189.2409,371.6567,False,True,False,1,1,0,
train,D:\.Candra\Project\TA\02_data\raw\Sitting_posture.v17i.yolov8\train\images\ngaphai_mp4-0067_jpg.rf.462a2f1f1171265fcb8ac6252567ca5c.jpg,train\images\ngaphai_mp4-0067_jpg.rf.462a2f1f1171265fcb8ac6252567ca5c.jpg,D:\.Candra\Project\TA\02_data\raw\Sitting_posture.v17i.yolov8\train\labels\ngaphai_mp4-0067_jpg.rf.462a2f1f1171265fcb8ac6252567ca5c.txt,1280,720,77559,4fb9d71ab6f6fdd09d02c948d50ce5db0d137fc5c2e3aeacbf04240836a5e2c7,803030b09098a537,189.0911,361.8571,False,True,False,1,1,0,
train,D:\.Candra\Project\TA\02_data\raw\Sitting_posture.v17i.yolov8\train\images\ngaphai_mp4-0068_jpg.rf.8ffe001ff81e1e9d25e52196443c75a8.jpg,train\images\ngaphai_mp4-0068_jpg.rf.8ffe001ff81e1e9d25e52196443c75a8.jpg,D:\.Candra\Project\TA\02_data\raw\Sitting_posture.v17i.yolov8\train\labels\ngaphai_mp4-0068_jpg.rf.8ffe001ff81e1e9d25e52196443c75a8.txt,1280,720,76850,443ad9ab6c600cab849201b18faa1c94f3fe0c8d668de55a09b2da70031962f2,803030b090982537,188.7725,355.2248,False,True,False,1,1,0,
train,D:\.Candra\Project\TA\02_data\raw\Sitting_posture.v17i.yolov8\train\images\ngaphai_mp4-0069_jpg.rf.f048dfbaa7401e63f7317878dd03aab9.jpg,train\images\ngaphai_mp4-0069_jpg.rf.f048dfbaa7401e63f7317878dd03aab9.jpg,D:\.Candra\Project\TA\02_data\raw\Sitting_posture.v17i.yolov8\train\labels\ngaphai_mp4-0069_jpg.rf.f048dfbaa7401e63f7317878dd03aab9.txt,1280,720,76852,02564137bc9446e8c444345cd74721714c9dd9965ab80f4e1366e00d1308cfcc,8030303090982537,188.5406,352.5573,False,True,False,1,1,0,
train,D:\.Candra\Project\TA\02_data\raw\Sitting_posture.v17i.yolov8\train\images\ngaphai_mp4-0070_jpg.rf.6b2a63b346cdeb99692ad3b6fa4447b8.jpg,train\images\ngaphai_mp4-0070_jpg.rf.6b2a63b346cdeb99692ad3b6fa4447b8.jpg,D:\.Candra\Project\TA\02_data\raw\Sitting_posture.v17i.yolov8\train\labels\ngaphai_mp4-0070_jpg.rf.6b2a63b346cdeb99692ad3b6fa4447b8.txt,1280,720,77075,05ce14d46211c28d5a3dea34794a36bb6b67dd1303680cb5bd18ef765b285586,8030303090982537,188.304,358.0234,False,True,False,1,1,0,
train,D:\.Candra\Project\TA\02_data\raw\Sitting_posture.v17i.yolov8\train\images\ngaphai_mp4-0071_jpg.rf.dee0915ed5e519ec311c04b9d7ccc17c.jpg,train\images\ngaphai_mp4-0071_jpg.rf.dee0915ed5e519ec311c04b9d7ccc17c.jpg,D:\.Candra\Project\TA\02_data\raw\Sitting_posture.v17i.yolov8\train\labels\ngaphai_mp4-0071_jpg.rf.dee0915ed5e519ec311c04b9d7ccc17c.txt,1280,720,77471,0e57a9fd36e712506aa6dff7cf119bb3a8c7cccd7815a706815476ee7da3623b,8020303090982527,188.0061,360.1328,False,True,False,1,1,0,
train,D:\.Candra\Project\TA\02_data\raw\Sitting_posture.v17i.yolov8\train\images\ngaphai_mp4-0074_jpg.rf.cb838650a503553450ff217ee9178727.jpg,train\images\ngaphai_mp4-0074_jpg.rf.cb838650a503553450ff217ee9178727.jpg,D:\.Candra\Project\TA\02_data\raw\Sitting_posture.v17i.yolov8\train\labels\ngaphai_mp4-0074_jpg.rf.cb838650a503553450ff217ee9178727.txt,1280,720,80269,0caefcbb19380facb221204eb45aae8b953ce124998c9e7ac43bc2e29ecdc61d,80607030b0982727,186.1129,433.9048,False,True,False,1,1,0,
train,D:\.Candra\Project\TA\02_data\raw\Sitting_posture.v17i.yolov8\train\images\ngaphai_mp4-0075_jpg.rf.7b86b35e4f58945ced5cdfc14a3bdd6e.jpg,train\images\ngaphai_mp4-0075_jpg.rf.7b86b35e4f58945ced5cdfc14a3bdd6e.jpg,D:\.Candra\Project\TA\02_data\raw\Sitting_posture.v17i.yolov8\train\labels\ngaphai_mp4-0075_jpg.rf.7b86b35e4f58945ced5cdfc14a3bdd6e.txt,1280,720,80081,fd470c7a2e4d0c97d37a46f9fa5063903729c9859a095f4c1acdd96a0fa49e88,80606030b0982737,185.3763,399.4662,False,True,False,1,1,0,
train,D:\.Candra\Project\TA\02_data\raw\Sitting_posture.v17i.yolov8\train\images\ngaphai_mp4-0076_jpg.rf.bc63fb75171b478363d4c0ba0d2f4d2a.jpg,train\images\ngaphai_mp4-0076_jpg.rf.bc63fb75171b478363d4c0ba0d2f4d2a.jpg,D:\.Candra\Project\TA\02_data\raw\Sitting_posture.v17i.yolov8\train\labels\ngaphai_mp4-0076_jpg.rf.bc63fb75171b478363d4c0ba0d2f4d2a.txt,1280,720,79449,65bcfb3f38e159290c73d937108a82b220a534fdb076d7f0d6f66c64125c3aed,8060603038982737,184.5347,394.086,False,True,False,1,1,0,
train,D:\.Candra\Project\TA\02_data\raw\Sitting_posture.v17i.yolov8\train\images\ngaphai_mp4-0078_jpg.rf.8a87bf74e219751c5df944f381d07223.jpg,train\images\ngaphai_mp4-0078_jpg.rf.8a87bf74e219751c5df944f381d07223.jpg,D:\.Candra\Project\TA\02_data\raw\Sitting_posture.v17i.yolov8\train\labels\ngaphai_mp4-0078_jpg.rf.8a87bf74e219751c5df944f381d07223.txt,1280,720,81623,843433ff8aab20c3d3202b56a190c941a0a81bedd4a6ef7f2325948ef8477633,8060607038b82727,183.4184,463.5226,False,True,False,1,1,0,
train,D:\.Candra\Project\TA\02_data\raw\Sitting_posture.v17i.yolov8\train\images\ngaphai_mp4-0079_jpg.rf.a3dc347846d62a91596e83f8848468ac.jpg,train\images\ngaphai_mp4-0079_jpg.rf.a3dc347846d62a91596e83f8848468ac.jpg,D:\.Candra\Project\TA\02_data\raw\Sitting_posture.v17i.yolov8\train\labels\ngaphai_mp4-0079_jpg.rf.a3dc347846d62a91596e83f8848468ac.txt,1280,720,81896,f41c2b3ac2ac28ee1abeb1e84ae49efa56f6e518f57eb8249fbd7e0e4e6d7f54,8060607038b82727,183.4453,465.758,False,True,False,1,1,0,
train,D:\.Candra\Project\TA\02_data\raw\Sitting_posture.v17i.yolov8\train\images\ngaphai_mp4-0080_jpg.rf.cb29f5af82a46b96bc7cb0501908f234.jpg,train\images\ngaphai_mp4-0080_jpg.rf.cb29f5af82a46b96bc7cb0501908f234.jpg,D:\.Candra\Project\TA\02_data\raw\Sitting_posture.v17i.yolov8\train\labels\ngaphai_mp4-0080_jpg.rf.cb29f5af82a46b96bc7cb0501908f234.txt,1280,720,82035,2362993c7941905e79c5834bbeb68fcb2ef0bff407732e7973546237bbfd5c16,8060607038b82727,183.5504,466.7816,False,True,False,1,1,0,
train,D:\.Candra\Project\TA\02_data\raw\Sitting_posture.v17i.yolov8\train\images\ngaphai_mp4-0081_jpg.rf.63bfc1e2fd5f3b767e0c8bbab5efee0d.jpg,train\images\ngaphai_mp4-0081_jpg.rf.63bfc1e2fd5f3b767e0c8bbab5efee0d.jpg,D:\.Candra\Project\TA\02_data\raw\Sitting_posture.v17i.yolov8\train\labels\ngaphai_mp4-0081_jpg.rf.63bfc1e2fd5f3b767e0c8bbab5efee0d.txt,1280,720,81510,e2a5fca18b4b6ce24fc9ac03e79fcb4d59ca9767ee990e55877957e8d209562c,8060607038b82727,183.8413,444.0757,False,True,False,1,1,0,
train,D:\.Candra\Project\TA\02_data\raw\Sitting_posture.v17i.yolov8\train\images\ngaphai_mp4-0083_jpg.rf.4f21ddb745ccaf77c201ba12fa0175d9.jpg,train\images\ngaphai_mp4-0083_jpg.rf.4f21ddb745ccaf77c201ba12fa0175d9.jpg,D:\.Candra\Project\TA\02_data\raw\Sitting_posture.v17i.yolov8\train\labels\ngaphai_mp4-0083_jpg.rf.4f21ddb745ccaf77c201ba12fa0175d9.txt,1280,720,81246,21eccd3806fc08106f23ea86a3d42faefdc6026958ab0555c874663df82ad1c0,8060607038b82727,184.0051,440.0357,False,True,False,1,1,0,
train,D:\.Candra\Project\TA\02_data\raw\Sitting_posture.v17i.yolov8\train\images\ngaphai_mp4-0084_jpg.rf.4f804921d602b45260ac47c3fe672f7b.jpg,train\images\ngaphai_mp4-0084_jpg.rf.4f804921d602b45260ac47c3fe672f7b.jpg,D:\.Candra\Project\TA\02_data\raw\Sitting_posture.v17i.yolov8\train\labels\ngaphai_mp4-0084_jpg.rf.4f804921d602b45260ac47c3fe672f7b.txt,1280,720,81438,fe3043da62306d03cc7d84cfa23e6e49e497bbcb25816ddc5dc995be151137c4,8060607038b82727,184.0381,440.1572,False,True,False,1,1,0,
train,D:\.Candra\Project\TA\02_data\raw\Sitting_posture.v17i.yolov8\train\images\ngaphai_mp4-0088_jpg.rf.02c22b29fd37f2b95d1b053d330eeca5.jpg,train\images\ngaphai_mp4-0088_jpg.rf.02c22b29fd37f2b95d1b053d330eeca5.jpg,D:\.Candra\Project\TA\02_data\raw\Sitting_posture.v17i.yolov8\train\labels\ngaphai_mp4-0088_jpg.rf.02c22b29fd37f2b95d1b053d330eeca5.txt,1280,720,82438,940dd809a9fec0a77e40ac2cccf9329e94a116cb704e1d7c288eb813b61dab28,8060606038b82727,184.1287,477.5844,False,True,False,1,1,0,
train,D:\.Candra\Project\TA\02_data\raw\Sitting_posture.v17i.yolov8\train\images\ngaphai_mp4-0089_jpg.rf.16dd529a7c5b382e7c385b8ae11b445f.jpg,train\images\ngaphai_mp4-0089_jpg.rf.16dd529a7c5b382e7c385b8ae11b445f.jpg,D:\.Candra\Project\TA\02_data\raw\Sitting_posture.v17i.yolov8\train\labels\ngaphai_mp4-0089_jpg.rf.16dd529a7c5b382e7c385b8ae11b445f.txt,1280,720,82258,6272664585edbbeed543a824543fe557329e1aca0cc05e517473ae5dd0a63ab2,8060606038b82727,184.189,470.0811,False,True,False,1,1,0,
train,D:\.Candra\Project\TA\02_data\raw\Sitting_posture.v17i.yolov8\train\images\ngaphai_mp4-0090_jpg.rf.f623b6bf9ee6c84c4aa2375f4c8e19d8.jpg,train\images\ngaphai_mp4-0090_jpg.rf.f623b6bf9ee6c84c4aa2375f4c8e19d8.jpg,D:\.Candra\Project\TA\02_data\raw\Sitting_posture.v17i.yolov8\train\labels\ngaphai_mp4-0090_jpg.rf.f623b6bf9ee6c84c4aa2375f4c8e19d8.txt,1280,720,82412,526af963257a80c6f6277c5d3361a35f35565927262bacce7b59de0f96ccee6a,8060606038b82727,184.1999,476.6797,False,True,False,1,1,0,
train,D:\.Candra\Project\TA\02_data\raw\Sitting_posture.v17i.yolov8\train\images\ngaphai_mp4-0092_jpg.rf.1a24ca74a627039e7b7ff612150d64c5.jpg,train\images\ngaphai_mp4-0092_jpg.rf.1a24ca74a627039e7b7ff612150d64c5.jpg,D:\.Candra\Project\TA\02_data\raw\Sitting_posture.v17i.yolov8\train\labels\ngaphai_mp4-0092_jpg.rf.1a24ca74a627039e7b7ff612150d64c5.txt,1280,720,82793,440fa2dd1281cd0379f0326e00f80f9c1e713432c0b56cf2e062df7fe771736f,8060606038b82727,184.149,469.6559,False,True,False,1,1,0,
train,D:\.Candra\Project\TA\02_data\raw\Sitting_posture.v17i.yolov8\train\images\ngaphai_mp4-0093_jpg.rf.3b82a3c8f3a2c07938506e74ded291de.jpg,train\images\ngaphai_mp4-0093_jpg.rf.3b82a3c8f3a2c07938506e74ded291de.jpg,D:\.Candra\Project\TA\02_data\raw\Sitting_posture.v17i.yolov8\train\labels\ngaphai_mp4-0093_jpg.rf.3b82a3c8f3a2c07938506e74ded291de.txt,1280,720,82475,751e7347fac9b139040f28592aeed7bcd7614904c31f1d6a6c28a658b8b6ea4a,8060606038b82727,184.1198,460.7999,False,True,False,1,1,0,
train,D:\.Candra\Project\TA\02_data\raw\Sitting_posture.v17i.yolov8\train\images\ngaphai_mp4-0094_jpg.rf.ec150ae409a7f28cd5589c775a8b98b2.jpg,train\images\ngaphai_mp4-0094_jpg.rf.ec150ae409a7f28cd5589c775a8b98b2.jpg,D:\.Candra\Project\TA\02_data\raw\Sitting_posture.v17i.yolov8\train\labels\ngaphai_mp4-0094_jpg.rf.ec150ae409a7f28cd5589c775a8b98b2.txt,1280,720,82476,65638a0c5244f3627bba0e32b1a684dcfae82275365495ab3ab92fafde21a645,8060606038b82727,184.0524,458.5693,False,True,False,1,1,0,
train,D:\.Candra\Project\TA\02_data\raw\Sitting_posture.v17i.yolov8\train\images\ngaphai_mp4-0095_jpg.rf.bf7144a84226bf6e3d8509bfce7cd493.jpg,train\images\ngaphai_mp4-0095_jpg.rf.bf7144a84226bf6e3d8509bfce7cd493.jpg,D:\.Candra\Project\TA\02_data\raw\Sitting_posture.v17i.yolov8\train\labels\ngaphai_mp4-0095_jpg.rf.bf7144a84226bf6e3d8509bfce7cd493.txt,1280,720,82512,b5b40ece748baf3bdadf209205f8ba6f4591923475b4d3344507b6bfaefb52bd,8060606038b82727,184.0615,461.3115,False,True,False,1,1,0,
train,D:\.Candra\Project\TA\02_data\raw\Sitting_posture.v17i.yolov8\train\images\ngaphai_mp4-0096_jpg.rf.ce683443ee9fdf10e2163ad19dbfb5d7.jpg,train\images\ngaphai_mp4-0096_jpg.rf.ce683443ee9fdf10e2163ad19dbfb5d7.jpg,D:\.Candra\Project\TA\02_data\raw\Sitting_posture.v17i.yolov8\train\labels\ngaphai_mp4-0096_jpg.rf.ce683443ee9fdf10e2163ad19dbfb5d7.txt,1280,720,82434,fb75a25d6fed31e023893074254fa7f4f6b868c25dee702af44e903884ce4396,8060606038b82727,184.04,460.6322,False,True,False,1,1,0,
train,D:\.Candra\Project\TA\02_data\raw\Sitting_posture.v17i.yolov8\train\images\ngaphai_mp4-0097_jpg.rf.d1e50c318718913e6871ff9f0e8474aa.jpg,train\images\ngaphai_mp4-0097_jpg.rf.d1e50c318718913e6871ff9f0e8474aa.jpg,D:\.Candra\Project\TA\02_data\raw\Sitting_posture.v17i.yolov8\train\labels\ngaphai_mp4-0097_jpg.rf.d1e50c318718913e6871ff9f0e8474aa.txt,1280,720,82470,b6eb90f7348279aa49eecabfd8968ff961281525dbd4aeb03ba6eca66cca2b20,8060606038b82727,184.1037,459.8801,False,True,False,1,1,0,
train,D:\.Candra\Project\TA\02_data\raw\Sitting_posture.v17i.yolov8\train\images\ngaphai_mp4-0101_jpg.rf.6ae561e70d279a371e4443f39290857d.jpg,train\images\ngaphai_mp4-0101_jpg.rf.6ae561e70d279a371e4443f39290857d.jpg,D:\.Candra\Project\TA\02_data\raw\Sitting_posture.v17i.yolov8\train\labels\ngaphai_mp4-0101_jpg.rf.6ae561e70d279a371e4443f39290857d.txt,1280,720,81807,99c9efee87ccc6eb399f248b9ce989baed7e3d21820c790c5970c6b5df9b75e8,8060606038b82727,184.272,429.91,False,True,False,1,1,0,
train,D:\.Candra\Project\TA\02_data\raw\Sitting_posture.v17i.yolov8\train\images\ngaphai_mp4-0102_jpg.rf.165471584634fbdd3748d7bdd6498fa5.jpg,train\images\ngaphai_mp4-0102_jpg.rf.165471584634fbdd3748d7bdd6498fa5.jpg,D:\.Candra\Project\TA\02_data\raw\Sitting_posture.v17i.yolov8\train\labels\ngaphai_mp4-0102_jpg.rf.165471584634fbdd3748d7bdd6498fa5.txt,1280,720,80413,528c610175be2a5765655d3837f7b4634e795cbd7c36819b6d20a98d9fe93a14,8060606038b82727,184.4895,396.8109,False,True,False,1,1,0,
train,D:\.Candra\Project\TA\02_data\raw\Sitting_posture.v17i.yolov8\train\images\ngaphai_mp4-0104_jpg.rf.d4d523d7e6f3d72825dd2efed39f2fec.jpg,train\images\ngaphai_mp4-0104_jpg.rf.d4d523d7e6f3d72825dd2efed39f2fec.jpg,D:\.Candra\Project\TA\02_data\raw\Sitting_posture.v17i.yolov8\train\labels\ngaphai_mp4-0104_jpg.rf.d4d523d7e6f3d72825dd2efed39f2fec.txt,1280,720,78878,b2ef74cd89661386124d93bd9b99f54b04f25c2e476d3a573d6d00cd42854593,8060603038982727,184.6097,373.6086,False,True,False,1,1,0,
train,D:\.Candra\Project\TA\02_data\raw\Sitting_posture.v17i.yolov8\train\images\ngaphai_mp4-0106_jpg.rf.c5891d9d062d9fc685685ad99d3ac340.jpg,train\images\ngaphai_mp4-0106_jpg.rf.c5891d9d062d9fc685685ad99d3ac340.jpg,D:\.Candra\Project\TA\02_data\raw\Sitting_posture.v17i.yolov8\train\labels\ngaphai_mp4-0106_jpg.rf.c5891d9d062d9fc685685ad99d3ac340.txt,1280,720,77861,8d0b10bf34ca5188e4dea1ed0d200dd98d2d18ccc4d003ed7f3ce13bc949ddfb,80607030b0982727,184.7179,362.3011,False,True,False,1,1,0,
train,D:\.Candra\Project\TA\02_data\raw\Sitting_posture.v17i.yolov8\train\images\ngaphai_mp4-0107_jpg.rf.7105b5704660b5c85d11df8a5c555bb9.jpg,train\images\ngaphai_mp4-0107_jpg.rf.7105b5704660b5c85d11df8a5c555bb9.jpg,D:\.Candra\Project\TA\02_data\raw\Sitting_posture.v17i.yolov8\train\labels\ngaphai_mp4-0107_jpg.rf.7105b5704660b5c85d11df8a5c555bb9.txt,1280,720,77031,992bd52348fd9ea8f7b901a99392a0bbdf3d4535439958c58a9537e5fcae523d,80203030b0982737,184.8767,354.48,False,True,False,1,1,0,
train,D:\.Candra\Project\TA\02_data\raw\Sitting_posture.v17i.yolov8\train\images\ngaphai_mp4-0108_jpg.rf.9d26fe1030ada3001f20c832aa3a007e.jpg,train\images\ngaphai_mp4-0108_jpg.rf.9d26fe1030ada3001f20c832aa3a007e.jpg,D:\.Candra\Project\TA\02_data\raw\Sitting_posture.v17i.yolov8\train\labels\ngaphai_mp4-0108_jpg.rf.9d26fe1030ada3001f20c832aa3a007e.txt,1280,720,76492,601b6fd57acbc0a94fc78b0dc179e9455d437e489f792c163e5351e509f3eca3,8030303090982537,185.029,351.5422,False,True,False,1,1,0,
train,D:\.Candra\Project\TA\02_data\raw\Sitting_posture.v17i.yolov8\train\images\ngaphai_mp4-0109_jpg.rf.7301a9d78f6eec065a7ce1e9c1126989.jpg,train\images\ngaphai_mp4-0109_jpg.rf.7301a9d78f6eec065a7ce1e9c1126989.jpg,D:\.Candra\Project\TA\02_data\raw\Sitting_posture.v17i.yolov8\train\labels\ngaphai_mp4-0109_jpg.rf.7301a9d78f6eec065a7ce1e9c1126989.txt,1280,720,76047,93fec5c6a74d2cbdf91d58ea1b50640b1845f5995894db6ff6841ebd3f5eb3d7,a03030b090982537,185.2425,345.2101,False,True,False,1,1,0,
train,D:\.Candra\Project\TA\02_data\raw\Sitting_posture.v17i.yolov8\train\images\ngaphai_mp4-0111_jpg.rf.494056d3499e757017417218cd09c045.jpg,train\images\ngaphai_mp4-0111_jpg.rf.494056d3499e757017417218cd09c045.jpg,D:\.Candra\Project\TA\02_data\raw\Sitting_posture.v17i.yolov8\train\labels\ngaphai_mp4-0111_jpg.rf.494056d3499e757017417218cd09c045.txt,1280,720,73988,c21f4f0ad95e53a7098bd586e3e60d58ae7ea096f46d855716c561478738d0f4,9030b09098982537,186.128,333.4113,False,True,False,1,1,0,
train,D:\.Candra\Project\TA\02_data\raw\Sitting_posture.v17i.yolov8\train\images\ngaphai_mp4-0112_jpg.rf.06ee4eb59306a7d7331f9c518f313fec.jpg,train\images\ngaphai_mp4-0112_jpg.rf.06ee4eb59306a7d7331f9c518f313fec.jpg,D:\.Candra\Project\TA\02_data\raw\Sitting_posture.v17i.yolov8\train\labels\ngaphai_mp4-0112_jpg.rf.06ee4eb59306a7d7331f9c518f313fec.txt,1280,720,73540,8e3623f0e4ed942c30c3c8739ce51bd704902980c85ebea060a52bb7cd8b1c6c,90b090909898a537,186.3823,336.7492,False,True,False,1,1,0,
train,D:\.Candra\Project\TA\02_data\raw\Sitting_posture.v17i.yolov8\train\images\ngaphai_mp4-0113_jpg.rf.e03415a0f7e540d193589330265172ac.jpg,train\images\ngaphai_mp4-0113_jpg.rf.e03415a0f7e540d193589330265172ac.jpg,D:\.Candra\Project\TA\02_data\raw\Sitting_posture.v17i.yolov8\train\labels\ngaphai_mp4-0113_jpg.rf.e03415a0f7e540d193589330265172ac.txt,1280,720,72687,527361b09dba2434e852f86a1efcf26668c6ad03c4577a125f8d21654f5ba06c,909090909898a517,186.6924,333.9126,False,True,False,1,1,0,
train,D:\.Candra\Project\TA\02_data\raw\Sitting_posture.v17i.yolov8\train\images\ngaphai_mp4-0115_jpg.rf.4da3851729841e7b20b8e04c0de184a3.jpg,train\images\ngaphai_mp4-0115_jpg.rf.4da3851729841e7b20b8e04c0de184a3.jpg,D:\.Candra\Project\TA\02_data\raw\Sitting_posture.v17i.yolov8\train\labels\ngaphai_mp4-0115_jpg.rf.4da3851729841e7b20b8e04c0de184a3.txt,1280,720,70818,f920e6b34c08cb5ad256941358097c4fa45b250b6daa5f992364aad3d7603c94,989898d8c8889197,187.5604,321.9176,False,True,False,1,1,0,
train,D:\.Candra\Project\TA\02_data\raw\Sitting_posture.v17i.yolov8\train\images\ngaphai_mp4-0117_jpg.rf.9573e181f5016eea609fc5874f23787d.jpg,train\images\ngaphai_mp4-0117_jpg.rf.9573e181f5016eea609fc5874f23787d.jpg,D:\.Candra\Project\TA\02_data\raw\Sitting_posture.v17i.yolov8\train\labels\ngaphai_mp4-0117_jpg.rf.9573e181f5016eea609fc5874f23787d.txt,1280,720,72308,8469929a481c061d8bd5c53e2daa2710feece12fe9153252d5b3d6f4f00169eb,c8c8c8c8c8889193,187.8832,338.3561,False,True,False,1,1,0,
train,D:\.Candra\Project\TA\02_data\raw\Sitting_posture.v17i.yolov8\train\images\ngaphai_mp4-0119_jpg.rf.fa8a7625c65c899beec888e6fa6dfceb.jpg,train\images\ngaphai_mp4-0119_jpg.rf.fa8a7625c65c899beec888e6fa6dfceb.jpg,D:\.Candra\Project\TA\02_data\raw\Sitting_posture.v17i.yolov8\train\labels\ngaphai_mp4-0119_jpg.rf.fa8a7625c65c899beec888e6fa6dfceb.txt,1280,720,73162,bf1eea86131e33737267171fbec1b69befe3944ddc8284e14bd225de4b6ef754,cccccccccc889193,187.9244,351.0114,False,True,False,1,1,0,
train,D:\.Candra\Project\TA\02_data\raw\Sitting_posture.v17i.yolov8\train\images\ngaphai_mp4-0121_jpg.rf.f7818e6fe5a4eafc41cde751280804f3.jpg,train\images\ngaphai_mp4-0121_jpg.rf.f7818e6fe5a4eafc41cde751280804f3.jpg,D:\.Candra\Project\TA\02_data\raw\Sitting_posture.v17i.yolov8\train\labels\ngaphai_mp4-0121_jpg.rf.f7818e6fe5a4eafc41cde751280804f3.txt,1280,720,73911,77aa4a9879f2f16711f6e269a677ef6c62096547a81b76c7c8161e3420dd58a0,8ccccc8ccc88919b,187.9719,369.2439,False,True,False,1,1,0,
train,D:\.Candra\Project\TA\02_data\raw\Sitting_posture.v17i.yolov8\train\images\ngaphai_mp4-0123_jpg.rf.5f6c25c69d8d636f9e91d758a477dbf5.jpg,train\images\ngaphai_mp4-0123_jpg.rf.5f6c25c69d8d636f9e91d758a477dbf5.jpg,D:\.Candra\Project\TA\02_data\raw\Sitting_posture.v17i.yolov8\train\labels\ngaphai_mp4-0123_jpg.rf.5f6c25c69d8d636f9e91d758a477dbf5.txt,1280,720,75792,d9cf9ffbf046621424e691bafafcc3ae0227e2f29d6debcaa64a6f8636bd207f,8ccdccaccc88919b,187.9692,433.4509,False,True,False,1,1,0,
train,D:\.Candra\Project\TA\02_data\raw\Sitting_posture.v17i.yolov8\train\images\ngaphai_mp4-0124_jpg.rf.4cdfad01a037f903674e60b4f0a95a48.jpg,train\images\ngaphai_mp4-0124_jpg.rf.4cdfad01a037f903674e60b4f0a95a48.jpg,D:\.Candra\Project\TA\02_data\raw\Sitting_posture.v17i.yolov8\train\labels\ngaphai_mp4-0124_jpg.rf.4cdfad01a037f903674e60b4f0a95a48.txt,1280,720,75461,be13528189f03ccbfb1e9f9768e274dced1828cb46cede1f8f6e0239d116af08,8ccdccaccc88919b,187.961,444.5474,False,True,False,1,1,0,
train,D:\.Candra\Project\TA\02_data\raw\Sitting_posture.v17i.yolov8\train\images\ngaphai_mp4-0126_jpg.rf.e309adab5a6e2f5a0cd2519dad9d4de6.jpg,train\images\ngaphai_mp4-0126_jpg.rf.e309adab5a6e2f5a0cd2519dad9d4de6.jpg,D:\.Candra\Project\TA\02_data\raw\Sitting_posture.v17i.yolov8\train\labels\ngaphai_mp4-0126_jpg.rf.e309adab5a6e2f5a0cd2519dad9d4de6.txt,1280,720,75629,8a9a311c6dbface670e75d17495ca327a5ae9574bfe8da67dfb18736d1bd2445,8ccdccaccc88919b,188.004,463.5828,False,True,False,1,1,0,
train,D:\.Candra\Project\TA\02_data\raw\Sitting_posture.v17i.yolov8\train\images\ngaphai_mp4-0127_jpg.rf.c3f0a66a84c751e7c22e7b45d7a11c2b.jpg,train\images\ngaphai_mp4-0127_jpg.rf.c3f0a66a84c751e7c22e7b45d7a11c2b.jpg,D:\.Candra\Project\TA\02_data\raw\Sitting_posture.v17i.yolov8\train\labels\ngaphai_mp4-0127_jpg.rf.c3f0a66a84c751e7c22e7b45d7a11c2b.txt,1280,720,75653,f570eac1fd41e3195d84908abf5af03ad4368a191ce1c938a11a50f15432a4a3,8ccdccaccc88919b,187.9935,451.504,False,True,False,1,1,0,
train,D:\.Candra\Project\TA\02_data\raw\Sitting_posture.v17i.yolov8\train\images\ngaphai_mp4-0128_jpg.rf.bf5ea845f28ae7d41ba0287a1dacc003.jpg,train\images\ngaphai_mp4-0128_jpg.rf.bf5ea845f28ae7d41ba0287a1dacc003.jpg,D:\.Candra\Project\TA\02_data\raw\Sitting_posture.v17i.yolov8\train\labels\ngaphai_mp4-0128_jpg.rf.bf5ea845f28ae7d41ba0287a1dacc003.txt,1280,720,75650,73c1ca4754232610859fcc04a4a97d69d8477268510558097284f95d4ccb6215,8ccccc8ccc88919b,187.9789,439.0685,False,True,False,1,1,0,
train,D:\.Candra\Project\TA\02_data\raw\Sitting_posture.v17i.yolov8\train\images\ngaphai_mp4-0130_jpg.rf.d64f536bfc6de0e3278cee12588986ee.jpg,train\images\ngaphai_mp4-0130_jpg.rf.d64f536bfc6de0e3278cee12588986ee.jpg,D:\.Candra\Project\TA\02_data\raw\Sitting_posture.v17i.yolov8\train\labels\ngaphai_mp4-0130_jpg.rf.d64f536bfc6de0e3278cee12588986ee.txt,1280,720,76261,8c57fd204f44db8c968c0f1d1c3c2ab220500782190dbed30da17e62a4c660ab,8ccdcc8ccc88919b,187.8955,457.2671,False,True,False,1,1,0,
train,D:\.Candra\Project\TA\02_data\raw\Sitting_posture.v17i.yolov8\train\images\ngaphai_mp4-0131_jpg.rf.6b00cf70f446ec7356c8135f72a18016.jpg,train\images\ngaphai_mp4-0131_jpg.rf.6b00cf70f446ec7356c8135f72a18016.jpg,D:\.Candra\Project\TA\02_data\raw\Sitting_posture.v17i.yolov8\train\labels\ngaphai_mp4-0131_jpg.rf.6b00cf70f446ec7356c8135f72a18016.txt,1280,720,76636,8e91f5e6fd5fc7fbfd94a671dd7ebb2b785c644eeb195b2ed29857b5adf36fe4,8ccccc8ccc88919b,187.8827,464.4999,False,True,False,1,1,0,
train,D:\.Candra\Project\TA\02_data\raw\Sitting_posture.v17i.yolov8\train\images\ngaphai_mp4-0133_jpg.rf.bd3df599832647da4bd549f3da090422.jpg,train\images\ngaphai_mp4-0133_jpg.rf.bd3df599832647da4bd549f3da090422.jpg,D:\.Candra\Project\TA\02_data\raw\Sitting_posture.v17i.yolov8\train\labels\ngaphai_mp4-0133_jpg.rf.bd3df599832647da4bd549f3da090422.txt,1280,720,75964,09896609eb826eb72626bde1f2d38f36943297e3746427297455f1cd6a8cd229,8ccdcc8ccc88919b,187.9039,431.7539,False,True,False,1,1,0,
train,D:\.Candra\Project\TA\02_data\raw\Sitting_posture.v17i.yolov8\train\images\ngaphai_mp4-0134_jpg.rf.79840f657711d5d7f8281127273bec63.jpg,train\images\ngaphai_mp4-0134_jpg.rf.79840f657711d5d7f8281127273bec63.jpg,D:\.Candra\Project\TA\02_data\raw\Sitting_posture.v17i.yolov8\train\labels\ngaphai_mp4-0134_jpg.rf.79840f657711d5d7f8281127273bec63.txt,1280,720,76091,560ea2522d4d647c5373099ee5d194cea5447b11fcbdf938df0e3788ca2655fb,8ccdcc8ccc88919b,187.8458,425.2947,False,True,False,1,1,0,
train,D:\.Candra\Project\TA\02_data\raw\Sitting_posture.v17i.yolov8\train\images\ngaphai_mp4-0135_jpg.rf.f7b56012a6d3232bae25206305c500b8.jpg,train\images\ngaphai_mp4-0135_jpg.rf.f7b56012a6d3232bae25206305c500b8.jpg,D:\.Candra\Project\TA\02_data\raw\Sitting_posture.v17i.yolov8\train\labels\ngaphai_mp4-0135_jpg.rf.f7b56012a6d3232bae25206305c500b8.txt,1280,720,76165,167ac6ac9bd7e54ce0f716f09ba5de82c4653f4596587930596cc40038decc22,8ccccc8ccc88919b,187.8373,429.8137,False,True,False,1,1,0,
train,D:\.Candra\Project\TA\02_data\raw\Sitting_posture.v17i.yolov8\train\images\ngaphai_mp4-0136_jpg.rf.84f3b0270b41a00332171ff6ef81bf66.jpg,train\images\ngaphai_mp4-0136_jpg.rf.84f3b0270b41a00332171ff6ef81bf66.jpg,D:\.Candra\Project\TA\02_data\raw\Sitting_posture.v17i.yolov8\train\labels\ngaphai_mp4-0136_jpg.rf.84f3b0270b41a00332171ff6ef81bf66.txt,1280,720,76945,2f888ed0349142eff513195a353924136ce1e845c3c0814399ebdd89790082d9,8ccccc8ccc889193,187.8212,454.8747,False,True,False,1,1,0,
train,D:\.Candra\Project\TA\02_data\raw\Sitting_posture.v17i.yolov8\train\images\ngaphai_mp4-0137_jpg.rf.19566104d70656aebac7007409b6302f.jpg,train\images\ngaphai_mp4-0137_jpg.rf.19566104d70656aebac7007409b6302f.jpg,D:\.Candra\Project\TA\02_data\raw\Sitting_posture.v17i.yolov8\train\labels\ngaphai_mp4-0137_jpg.rf.19566104d70656aebac7007409b6302f.txt,1280,720,77080,9dea35fe5c7880335bc6d2945b4c67b47b25a902cba7f45b984a9bd02002547d,8ccccc8ccc889193,187.8441,460.6783,False,True,False,1,1,0,
train,D:\.Candra\Project\TA\02_data\raw\Sitting_posture.v17i.yolov8\train\images\ngaphai_mp4-0138_jpg.rf.f0d9726171e14527b0f420e57727d190.jpg,train\images\ngaphai_mp4-0138_jpg.rf.f0d9726171e14527b0f420e57727d190.jpg,D:\.Candra\Project\TA\02_data\raw\Sitting_posture.v17i.yolov8\train\labels\ngaphai_mp4-0138_jpg.rf.f0d9726171e14527b0f420e57727d190.txt,1280,720,76892,1d66da9b87e7b6a5afea88edebb3471dccf279f15963ec58d3565f928938ac49,8ccccc8ccc889193,187.8635,430.6354,False,True,False,1,1,0,
train,D:\.Candra\Project\TA\02_data\raw\Sitting_posture.v17i.yolov8\train\images\ngaphai_mp4-0139_jpg.rf.dec4e782067e48e065a167f0ad0bc070.jpg,train\images\ngaphai_mp4-0139_jpg.rf.dec4e782067e48e065a167f0ad0bc070.jpg,D:\.Candra\Project\TA\02_data\raw\Sitting_posture.v17i.yolov8\train\labels\ngaphai_mp4-0139_jpg.rf.dec4e782067e48e065a167f0ad0bc070.txt,1280,720,76122,7b738ec00347f4f53e41b1ad3e784ec8867ec512d1586d326a456b0bb77089bf,8ccccccccc889193,187.8992,398.4604,False,True,False,1,1,0,
train,D:\.Candra\Project\TA\02_data\raw\Sitting_posture.v17i.yolov8\train\images\ngaphai_mp4-0140_jpg.rf.5696dabedbeaaa7064a4d4031b94accf.jpg,train\images\ngaphai_mp4-0140_jpg.rf.5696dabedbeaaa7064a4d4031b94accf.jpg,D:\.Candra\Project\TA\02_data\raw\Sitting_posture.v17i.yolov8\train\labels\ngaphai_mp4-0140_jpg.rf.5696dabedbeaaa7064a4d4031b94accf.txt,1280,720,74729,408929cfd4fd561181ccbf77f2b9ce27434879d47b683099fccb9ab54d312eaa,ccccccc8cc889193,188.0159,368.1099,False,True,False,1,1,0,
train,D:\.Candra\Project\TA\02_data\raw\Sitting_posture.v17i.yolov8\train\images\ngaphai_mp4-0141_jpg.rf.7a5151342d32c23c6a6b4d04f3a638b4.jpg,train\images\ngaphai_mp4-0141_jpg.rf.7a5151342d32c23c6a6b4d04f3a638b4.jpg,D:\.Candra\Project\TA\02_data\raw\Sitting_posture.v17i.yolov8\train\labels\ngaphai_mp4-0141_jpg.rf.7a5151342d32c23c6a6b4d04f3a638b4.txt,1280,720,74826,6f44eadb02736e264c8db0b15a94f23c4df83f130293e9cc7e3fc447ddd55379,c8ccccc8cc889193,188.0776,369.7144,False,True,False,1,1,0,
train,D:\.Candra\Project\TA\02_data\raw\Sitting_posture.v17i.yolov8\train\images\ngaphai_mp4-0142_jpg.rf.f96ed0da3b704c98d1a9238badd4d633.jpg,train\images\ngaphai_mp4-0142_jpg.rf.f96ed0da3b704c98d1a9238badd4d633.jpg,D:\.Candra\Project\TA\02_data\raw\Sitting_posture.v17i.yolov8\train\labels\ngaphai_mp4-0142_jpg.rf.f96ed0da3b704c98d1a9238badd4d633.txt,1280,720,75102,8cad0b6d54c392545d384ff9d5a5caeafdb4424addd10a3160af7c5a0e8c722d,c8ccc8c8cc889193,188.1172,370.6495,False,True,False,1,1,0,
train,D:\.Candra\Project\TA\02_data\raw\Sitting_posture.v17i.yolov8\train\images\ngaphai_mp4-0145_jpg.rf.641ac2cf45db6571141896fdb92a2792.jpg,train\images\ngaphai_mp4-0145_jpg.rf.641ac2cf45db6571141896fdb92a2792.jpg,D:\.Candra\Project\TA\02_data\raw\Sitting_posture.v17i.yolov8\train\labels\ngaphai_mp4-0145_jpg.rf.641ac2cf45db6571141896fdb92a2792.txt,1280,720,75636,4d2d8a47cd6e1ec97b1e16c178e13edc80868e79d07f84361b98ebfa508e6f2b,c8c8c8c8c8889193,188.3906,373.7231,False,True,False,1,1,0,
train,D:\.Candra\Project\TA\02_data\raw\Sitting_posture.v17i.yolov8\train\images\ngaphai_mp4-0146_jpg.rf.5e64b0d73ee01b6bb4f22e50e5cc4c12.jpg,train\images\ngaphai_mp4-0146_jpg.rf.5e64b0d73ee01b6bb4f22e50e5cc4c12.jpg,D:\.Candra\Project\TA\02_data\raw\Sitting_posture.v17i.yolov8\train\labels\ngaphai_mp4-0146_jpg.rf.5e64b0d73ee01b6bb4f22e50e5cc4c12.txt,1280,720,75736,254b702773bf4d65f97e41918428b7eb383f4fc9d3f6353b5be181c616dbf400,c898c8c8c8889193,188.4144,377.257,False,True,False,1,1,0,
train,D:\.Candra\Project\TA\02_data\raw\Sitting_posture.v17i.yolov8\train\images\ngaphai_mp4-0147_jpg.rf.8a4a4cbd4e569b21e35ae754494d49c0.jpg,train\images\ngaphai_mp4-0147_jpg.rf.8a4a4cbd4e569b21e35ae754494d49c0.jpg,D:\.Candra\Project\TA\02_data\raw\Sitting_posture.v17i.yolov8\train\labels\ngaphai_mp4-0147_jpg.rf.8a4a4cbd4e569b21e35ae754494d49c0.txt,1280,720,77636,f3ec36800f23a7970e9ea5e8ed63ceeadada38b0fb78c86317ac8556d2d7f79b,d898d8c8c8889193,188.4167,431.9044,False,True,False,1,1,0,
train,D:\.Candra\Project\TA\02_data\raw\Sitting_posture.v17i.yolov8\train\images\ngaphai_mp4-0151_jpg.rf.8d8f1dc8e50fd694686f43e51bb78ecf.jpg,train\images\ngaphai_mp4-0151_jpg.rf.8d8f1dc8e50fd694686f43e51bb78ecf.jpg,D:\.Candra\Project\TA\02_data\raw\Sitting_posture.v17i.yolov8\train\labels\ngaphai_mp4-0151_jpg.rf.8d8f1dc8e50fd694686f43e51bb78ecf.txt,1280,720,77388,184722f596e3a768daab4d53272fb4b2af451b6e93abf0b89d2f87ef34f3b875,d89898d8c8889193,188.3158,407.9702,False,True,False,1,1,0,
train,D:\.Candra\Project\TA\02_data\raw\Sitting_posture.v17i.yolov8\train\images\ngaphai_mp4-0153_jpg.rf.0369f83680901df70da7a38364b39fbf.jpg,train\images\ngaphai_mp4-0153_jpg.rf.0369f83680901df70da7a38364b39fbf.jpg,D:\.Candra\Project\TA\02_data\raw\Sitting_posture.v17i.yolov8\train\labels\ngaphai_mp4-0153_jpg.rf.0369f83680901df70da7a38364b39fbf.txt,1280,720,75947,d130a4d7fee3833b7cb9f58cd39f93bea719d151ef195781e8c185b41e9a3650,989898d8c8889197,188.3582,372.1308,False,True,False,1,1,0,
train,D:\.Candra\Project\TA\02_data\raw\Sitting_posture.v17i.yolov8\train\images\ngaphai_mp4-0155_jpg.rf.617ffcc23f5b8c8a7c7575783d3efaa6.jpg,train\images\ngaphai_mp4-0155_jpg.rf.617ffcc23f5b8c8a7c7575783d3efaa6.jpg,D:\.Candra\Project\TA\02_data\raw\Sitting_posture.v17i.yolov8\train\labels\ngaphai_mp4-0155_jpg.rf.617ffcc23f5b8c8a7c7575783d3efaa6.txt,1280,720,76871,24c2fef5658f77f1aee64d7ef42c1d9863f6be853955644677a3ffff31d1ed24,989898d8c8989197,188.1935,383.8483,False,True,False,1,1,0,
train,D:\.Candra\Project\TA\02_data\raw\Sitting_posture.v17i.yolov8\train\images\ngaphai_mp4-0156_jpg.rf.9afbd59a632819bef7b37b0938905f94.jpg,train\images\ngaphai_mp4-0156_jpg.rf.9afbd59a632819bef7b37b0938905f94.jpg,D:\.Candra\Project\TA\02_data\raw\Sitting_posture.v17i.yolov8\train\labels\ngaphai_mp4-0156_jpg.rf.9afbd59a632819bef7b37b0938905f94.txt,1280,720,77613,4e2ef25aa7fa3252678c63aea1787cc5ae57aa504c87194d89bc803ee74f84ff,909898d8d8989197,188.1671,391.8813,False,True,False,1,1,0,
train,D:\.Candra\Project\TA\02_data\raw\Sitting_posture.v17i.yolov8\train\images\ngaphai_mp4-0157_jpg.rf.c9ce64900cb0d313ee94dc80acc8a925.jpg,train\images\ngaphai_mp4-0157_jpg.rf.c9ce64900cb0d313ee94dc80acc8a925.jpg,D:\.Candra\Project\TA\02_data\raw\Sitting_posture.v17i.yolov8\train\labels\ngaphai_mp4-0157_jpg.rf.c9ce64900cb0d313ee94dc80acc8a925.txt,1280,720,78621,0b06220adedeffa194b604fc0204a76a96855b7c6e57554b4ad96427eb648bf8,909898d8d8989597,188.2483,413.6985,False,True,False,1,1,0,
train,D:\.Candra\Project\TA\02_data\raw\Sitting_posture.v17i.yolov8\train\images\ngaphai_mp4-0160_jpg.rf.ce8b4a6cfec86eb69bd8848209a02c56.jpg,train\images\ngaphai_mp4-0160_jpg.rf.ce8b4a6cfec86eb69bd8848209a02c56.jpg,D:\.Candra\Project\TA\02_data\raw\Sitting_posture.v17i.yolov8\train\labels\ngaphai_mp4-0160_jpg.rf.ce8b4a6cfec86eb69bd8848209a02c56.txt,1280,720,79959,46dda116252d536a0d70f9d87c690d15da8f781db9a9d4f81daa2174166d619f,90989898d8989597,188.3563,452.9388,False,True,False,1,1,0,
train,D:\.Candra\Project\TA\02_data\raw\Sitting_posture.v17i.yolov8\train\images\ngaphai_mp4-0162_jpg.rf.729425aafd563f71e2aaa8efb3c87ac4.jpg,train\images\ngaphai_mp4-0162_jpg.rf.729425aafd563f71e2aaa8efb3c87ac4.jpg,D:\.Candra\Project\TA\02_data\raw\Sitting_posture.v17i.yolov8\train\labels\ngaphai_mp4-0162_jpg.rf.729425aafd563f71e2aaa8efb3c87ac4.txt,1280,720,80210,f9415240f3dad21cb763fe537f2dc1d778d456268e8382e7365716ff804130e4,90989898d8989597,188.4179,456.8821,False,True,False,1,1,0,
train,D:\.Candra\Project\TA\02_data\raw\Sitting_posture.v17i.yolov8\train\images\ngaphai_mp4-0163_jpg.rf.7f5afc75aa9ebeb8cfa02a05fc72d52a.jpg,train\images\ngaphai_mp4-0163_jpg.rf.7f5afc75aa9ebeb8cfa02a05fc72d52a.jpg,D:\.Candra\Project\TA\02_data\raw\Sitting_posture.v17i.yolov8\train\labels\ngaphai_mp4-0163_jpg.rf.7f5afc75aa9ebeb8cfa02a05fc72d52a.txt,1280,720,79307,31c62bed82760ced0be6a7909ae0e0a1c136a1e69a4adc843915577db63ffc4c,90989898d8989597,188.4657,427.3635,False,True,False,1,1,0,
train,D:\.Candra\Project\TA\02_data\raw\Sitting_posture.v17i.yolov8\train\images\ngaphai_mp4-0164_jpg.rf.d804b33f3f0b89493333a593e7ce6e34.jpg,train\images\ngaphai_mp4-0164_jpg.rf.d804b33f3f0b89493333a593e7ce6e34.jpg,D:\.Candra\Project\TA\02_data\raw\Sitting_posture.v17i.yolov8\train\labels\ngaphai_mp4-0164_jpg.rf.d804b33f3f0b89493333a593e7ce6e34.txt,1280,720,79000,ca7acc1d6a7f8e088c6fccc315e4dd4332af21cfee8aaf5928e677c90ad1530e,909898d8d8989597,188.4741,421.4166,False,True,False,1,1,0,
train,D:\.Candra\Project\TA\02_data\raw\Sitting_posture.v17i.yolov8\train\images\ngaphai_mp4-0165_jpg.rf.1e60f67ef02dab4aefc843f44c793e8a.jpg,train\images\ngaphai_mp4-0165_jpg.rf.1e60f67ef02dab4aefc843f44c793e8a.jpg,D:\.Candra\Project\TA\02_data\raw\Sitting_posture.v17i.yolov8\train\labels\ngaphai_mp4-0165_jpg.rf.1e60f67ef02dab4aefc843f44c793e8a.txt,1280,720,79157,27b4c799ce2fed8e4940639c66f6c2f713dc627cef90218093daefc7e7fa794f,909898d8d8989197,188.4622,430.063,False,True,False,1,1,0,
train,D:\.Candra\Project\TA\02_data\raw\Sitting_posture.v17i.yolov8\train\images\ngaphai_mp4-0166_jpg.rf.8bceedac0b51c3ff5eee113ba6eb4ec1.jpg,train\images\ngaphai_mp4-0166_jpg.rf.8bceedac0b51c3ff5eee113ba6eb4ec1.jpg,D:\.Candra\Project\TA\02_data\raw\Sitting_posture.v17i.yolov8\train\labels\ngaphai_mp4-0166_jpg.rf.8bceedac0b51c3ff5eee113ba6eb4ec1.txt,1280,720,80391,d1892cc040808163b87be0f9654fc41c0d2ecf1d625d8ccd5c856f02660ec6f2,909898d8d8989197,188.4223,477.7648,False,True,False,1,1,0,
train,D:\.Candra\Project\TA\02_data\raw\Sitting_posture.v17i.yolov8\train\images\ngaphai_mp4-0167_jpg.rf.42f8901fed95fba99325906e0d322343.jpg,train\images\ngaphai_mp4-0167_jpg.rf.42f8901fed95fba99325906e0d322343.jpg,D:\.Candra\Project\TA\02_data\raw\Sitting_posture.v17i.yolov8\train\labels\ngaphai_mp4-0167_jpg.rf.42f8901fed95fba99325906e0d322343.txt,1280,720,80673,5b4400e92dfd45423306542a7237695321d7dbaadc4ada0a896713cb51531f92,909898d8d8989597,188.388,482.6699,False,True,False,1,1,0,
train,D:\.Candra\Project\TA\02_data\raw\Sitting_posture.v17i.yolov8\train\images\ngaphai_mp4-0168_jpg.rf.986372437ba943359cb4c24ed50ca425.jpg,train\images\ngaphai_mp4-0168_jpg.rf.986372437ba943359cb4c24ed50ca425.jpg,D:\.Candra\Project\TA\02_data\raw\Sitting_posture.v17i.yolov8\train\labels\ngaphai_mp4-0168_jpg.rf.986372437ba943359cb4c24ed50ca425.txt,1280,720,80579,c01b54fe37875303e5477281ef091857985618cd77bd70002cf3d8cb420b1274,909898d8d8989197,188.4131,479.7285,False,True,False,1,1,0,
train,D:\.Candra\Project\TA\02_data\raw\Sitting_posture.v17i.yolov8\train\images\ngaphai_mp4-0170_jpg.rf.6a3cf91f2d18140a86acdf90e5a625a9.jpg,train\images\ngaphai_mp4-0170_jpg.rf.6a3cf91f2d18140a86acdf90e5a625a9.jpg,D:\.Candra\Project\TA\02_data\raw\Sitting_posture.v17i.yolov8\train\labels\ngaphai_mp4-0170_jpg.rf.6a3cf91f2d18140a86acdf90e5a625a9.txt,1280,720,80885,be5a3d9c971bea9552cf50f77d52be5527ae7edaf63a75bb650055c156843bbf,909898d8d8989197,188.3973,487.2495,False,True,False,1,1,0,
train,D:\.Candra\Project\TA\02_data\raw\Sitting_posture.v17i.yolov8\train\images\ngaphai_mp4-0172_jpg.rf.9105b7101a7a785309ec53b719a6a3bf.jpg,train\images\ngaphai_mp4-0172_jpg.rf.9105b7101a7a785309ec53b719a6a3bf.jpg,D:\.Candra\Project\TA\02_data\raw\Sitting_posture.v17i.yolov8\train\labels\ngaphai_mp4-0172_jpg.rf.9105b7101a7a785309ec53b719a6a3bf.txt,1280,720,81195,96da8f8e84a2aee86d87849a57f3ad48c1294044b85a88523a02ee65c39a1536,909898d8d8989197,188.402,504.2855,False,True,False,1,1,0,
train,D:\.Candra\Project\TA\02_data\raw\Sitting_posture.v17i.yolov8\train\images\ngaphai_mp4-0177_jpg.rf.b10940bd19c55d4dbb92faca14120cb1.jpg,train\images\ngaphai_mp4-0177_jpg.rf.b10940bd19c55d4dbb92faca14120cb1.jpg,D:\.Candra\Project\TA\02_data\raw\Sitting_posture.v17i.yolov8\train\labels\ngaphai_mp4-0177_jpg.rf.b10940bd19c55d4dbb92faca14120cb1.txt,1280,720,77326,177f15397b4f2c39324546e5dbbb7478c1c7d861b110eb1f18250137400e7e4e,90909090d8989597,188.4587,381.7137,False,True,False,1,1,0,
train,D:\.Candra\Project\TA\02_data\raw\Sitting_posture.v17i.yolov8\train\images\ngaphai_mp4-0178_jpg.rf.f4e3f54ac4bea4579e55b2baf3d30894.jpg,train\images\ngaphai_mp4-0178_jpg.rf.f4e3f54ac4bea4579e55b2baf3d30894.jpg,D:\.Candra\Project\TA\02_data\raw\Sitting_posture.v17i.yolov8\train\labels\ngaphai_mp4-0178_jpg.rf.f4e3f54ac4bea4579e55b2baf3d30894.txt,1280,720,77262,32c921f738079ac37365be68535247a20cad0673ebdb3fd68cc4bf31b09a0009,9090909098989597,188.3732,380.4155,False,True,False,1,1,0,
train,D:\.Candra\Project\TA\02_data\raw\Sitting_posture.v17i.yolov8\train\images\ngaphai_mp4-0182_jpg.rf.f8309c3f9da61362d7a783f8e1e45caf.jpg,train\images\ngaphai_mp4-0182_jpg.rf.f8309c3f9da61362d7a783f8e1e45caf.jpg,D:\.Candra\Project\TA\02_data\raw\Sitting_posture.v17i.yolov8\train\labels\ngaphai_mp4-0182_jpg.rf.f8309c3f9da61362d7a783f8e1e45caf.txt,1280,720,76524,89f68833e676d1c6d1e53e65a2881bf201c69cb9ada2b1e13756581131f553a0,90b0b0909898a597,187.6142,361.641,False,True,False,1,1,0,
train,D:\.Candra\Project\TA\02_data\raw\Sitting_posture.v17i.yolov8\train\images\ngaphai_mp4-0185_jpg.rf.c2cab29067449b7868911a3b446e1560.jpg,train\images\ngaphai_mp4-0185_jpg.rf.c2cab29067449b7868911a3b446e1560.jpg,D:\.Candra\Project\TA\02_data\raw\Sitting_posture.v17i.yolov8\train\labels\ngaphai_mp4-0185_jpg.rf.c2cab29067449b7868911a3b446e1560.txt,1280,720,77405,cefba0b2bb0488a350e00d55fbed2d1865847adc856fa63c3af21c3657fdc74f,a03030b090982537,186.9952,365.0243,False,True,False,1,1,0,
train,D:\.Candra\Project\TA\02_data\raw\Sitting_posture.v17i.yolov8\train\images\ngaphai_mp4-0186_jpg.rf.75bbe9efef5bdcac9a30efd4e8f9a28e.jpg,train\images\ngaphai_mp4-0186_jpg.rf.75bbe9efef5bdcac9a30efd4e8f9a28e.jpg,D:\.Candra\Project\TA\02_data\raw\Sitting_posture.v17i.yolov8\train\labels\ngaphai_mp4-0186_jpg.rf.75bbe9efef5bdcac9a30efd4e8f9a28e.txt,1280,720,77967,3b93d5fd6dd16a4b2756b6f5601864acee7209e245baf60268c11662e6fef20b,a03030b090982537,186.7916,367.5791,False,True,False,1,1,0,
train,D:\.Candra\Project\TA\02_data\raw\Sitting_posture.v17i.yolov8\train\images\ngaphai_mp4-0188_jpg.rf.722af4447e0244dace38bb3d1e762434.jpg,train\images\ngaphai_mp4-0188_jpg.rf.722af4447e0244dace38bb3d1e762434.jpg,D:\.Candra\Project\TA\02_data\raw\Sitting_posture.v17i.yolov8\train\labels\ngaphai_mp4-0188_jpg.rf.722af4447e0244dace38bb3d1e762434.txt,1280,720,79126,5fe90397e684dc07003a7645a0461a279414126d252ff2beb818771cb43f3133,803030b090982537,186.1832,378.7365,False,True,False,1,1,0,
train,D:\.Candra\Project\TA\02_data\raw\Sitting_posture.v17i.yolov8\train\images\ngaphai_mp4-0189_jpg.rf.173b812e64e642f4a836a9956a8da854.jpg,train\images\ngaphai_mp4-0189_jpg.rf.173b812e64e642f4a836a9956a8da854.jpg,D:\.Candra\Project\TA\02_data\raw\Sitting_posture.v17i.yolov8\train\labels\ngaphai_mp4-0189_jpg.rf.173b812e64e642f4a836a9956a8da854.txt,1280,720,79525,95245f6494aa8e74db72179abe05616484d31b1bfddd12c01b7a1c6dc74cad05,8030303090982537,185.9707,384.1989,False,True,False,1,1,0,
train,D:\.Candra\Project\TA\02_data\raw\Sitting_posture.v17i.yolov8\train\images\ngaphai_mp4-0191_jpg.rf.cba53ad9397594576e29fa14649a92cc.jpg,train\images\ngaphai_mp4-0191_jpg.rf.cba53ad9397594576e29fa14649a92cc.jpg,D:\.Candra\Project\TA\02_data\raw\Sitting_posture.v17i.yolov8\train\labels\ngaphai_mp4-0191_jpg.rf.cba53ad9397594576e29fa14649a92cc.txt,1280,720,81191,a12a286bdb81325dddf622de4bad7141c39a88a3726e395bf85c4e243abf9e34,8030303090982537,185.5736,417.4854,False,True,False,1,1,0,
train,D:\.Candra\Project\TA\02_data\raw\Sitting_posture.v17i.yolov8\train\images\ngaphai_mp4-0192_jpg.rf.7b4f12e3d2789e0804baa4d139e42a99.jpg,train\images\ngaphai_mp4-0192_jpg.rf.7b4f12e3d2789e0804baa4d139e42a99.jpg,D:\.Candra\Project\TA\02_data\raw\Sitting_posture.v17i.yolov8\train\labels\ngaphai_mp4-0192_jpg.rf.7b4f12e3d2789e0804baa4d139e42a99.txt,1280,720,82094,2e5962bfc8d2f6ffe3f602a303b3c6d38220d50bbaac6ba0cc9915bf094c8ed5,8020303090982537,185.3047,447.9066,False,True,False,1,1,0,
train,D:\.Candra\Project\TA\02_data\raw\Sitting_posture.v17i.yolov8\train\images\ngaphai_mp4-0194_jpg.rf.f1e38e808bf09861307403eb2a6476aa.jpg,train\images\ngaphai_mp4-0194_jpg.rf.f1e38e808bf09861307403eb2a6476aa.jpg,D:\.Candra\Project\TA\02_data\raw\Sitting_posture.v17i.yolov8\train\labels\ngaphai_mp4-0194_jpg.rf.f1e38e808bf09861307403eb2a6476aa.txt,1280,720,82384,effc4f824496b2d4eb7e108b7b83253ca48ea61b0ade050422f56eaee17ced91,8020303090982537,185.2986,451.7806,False,True,False,1,1,0,
train,D:\.Candra\Project\TA\02_data\raw\Sitting_posture.v17i.yolov8\train\images\ngaphai_mp4-0195_jpg.rf.fc436a4513bf762a3468ed2c7114a156.jpg,train\images\ngaphai_mp4-0195_jpg.rf.fc436a4513bf762a3468ed2c7114a156.jpg,D:\.Candra\Project\TA\02_data\raw\Sitting_posture.v17i.yolov8\train\labels\ngaphai_mp4-0195_jpg.rf.fc436a4513bf762a3468ed2c7114a156.txt,1280,720,82691,232bffe3eaa970a2713d1ec5843d1a1327fbf6d65d824b808a82916b8d06e6c3,8020303090982737,185.2541,463.2992,False,True,False,1,1,0,
train,D:\.Candra\Project\TA\02_data\raw\Sitting_posture.v17i.yolov8\train\images\ngaphai_mp4-0196_jpg.rf.05f9a48e7f8c67552d73d117abcdfb30.jpg,train\images\ngaphai_mp4-0196_jpg.rf.05f9a48e7f8c67552d73d117abcdfb30.jpg,D:\.Candra\Project\TA\02_data\raw\Sitting_posture.v17i.yolov8\train\labels\ngaphai_mp4-0196_jpg.rf.05f9a48e7f8c67552d73d117abcdfb30.txt,1280,720,83536,31524b7ef63ae67c2c4c7467b79eae29ab57de980507502dfce0ee86479d52b0,80203030b0982737,185.1496,487.8251,False,True,False,1,1,0,
train,D:\.Candra\Project\TA\02_data\raw\Sitting_posture.v17i.yolov8\train\images\ngaphai_mp4-0197_jpg.rf.9c1b5df08ed2107e3447bd67332ce05c.jpg,train\images\ngaphai_mp4-0197_jpg.rf.9c1b5df08ed2107e3447bd67332ce05c.jpg,D:\.Candra\Project\TA\02_data\raw\Sitting_posture.v17i.yolov8\train\labels\ngaphai_mp4-0197_jpg.rf.9c1b5df08ed2107e3447bd67332ce05c.txt,1280,720,84065,fae49020f9306e5185f9698fc1112913dc7b73ad0c56aa3b5a366defcfaae8ce,80203030b0982737,185.0922,490.5319,False,True,False,1,1,0,
train,D:\.Candra\Project\TA\02_data\raw\Sitting_posture.v17i.yolov8\train\images\ngaphai_mp4-0199_jpg.rf.458678ee74e4caed6830e509ed53c46e.jpg,train\images\ngaphai_mp4-0199_jpg.rf.458678ee74e4caed6830e509ed53c46e.jpg,D:\.Candra\Project\TA\02_data\raw\Sitting_posture.v17i.yolov8\train\labels\ngaphai_mp4-0199_jpg.rf.458678ee74e4caed6830e509ed53c46e.txt,1280,720,82933,23c739cd94c7e3af148bd618296b201df284370ad38e79e223aa45949c490c2e,80203030b0982737,185.0368,483.5948,False,True,False,1,1,0,
train,D:\.Candra\Project\TA\02_data\raw\Sitting_posture.v17i.yolov8\train\images\ngaphai_mp4-0200_jpg.rf.1e7d7051498a97d5074e8c8ecd0349da.jpg,train\images\ngaphai_mp4-0200_jpg.rf.1e7d7051498a97d5074e8c8ecd0349da.jpg,D:\.Candra\Project\TA\02_data\raw\Sitting_posture.v17i.yolov8\train\labels\ngaphai_mp4-0200_jpg.rf.1e7d7051498a97d5074e8c8ecd0349da.txt,1280,720,82650,0634c2a2f99483b4f6b84f6ca7a14f1ad372faa71e7ecb8ae7d6a5276de16ded,80203030b0982737,184.9834,486.2234,False,True,False,1,1,0,
train,D:\.Candra\Project\TA\02_data\raw\Sitting_posture.v17i.yolov8\train\images\ngaphai_mp4-0201_jpg.rf.c7dc09111bd912783ed3936f62d74bd7.jpg,train\images\ngaphai_mp4-0201_jpg.rf.c7dc09111bd912783ed3936f62d74bd7.jpg,D:\.Candra\Project\TA\02_data\raw\Sitting_posture.v17i.yolov8\train\labels\ngaphai_mp4-0201_jpg.rf.c7dc09111bd912783ed3936f62d74bd7.txt,1280,720,82949,46b495c82a862d6e55d08ddde4bd9710d3e58855d8edbeaf12e5ea01c3f09dbe,80203030b0982737,184.9794,488.8091,False,True,False,1,1,0,
train,D:\.Candra\Project\TA\02_data\raw\Sitting_posture.v17i.yolov8\train\images\ngaphai_mp4-0202_jpg.rf.90409ef81629cfa56870edb560249fef.jpg,train\images\ngaphai_mp4-0202_jpg.rf.90409ef81629cfa56870edb560249fef.jpg,D:\.Candra\Project\TA\02_data\raw\Sitting_posture.v17i.yolov8\train\labels\ngaphai_mp4-0202_jpg.rf.90409ef81629cfa56870edb560249fef.txt,1280,720,82803,d15b611addd8fb7b96c7b9aff4868eb934b34a56641a9f97d90e809e7c2596f6,80203030b0982737,185.0084,481.8512,False,True,False,1,1,0,
train,D:\.Candra\Project\TA\02_data\raw\Sitting_posture.v17i.yolov8\train\images\ngaphai_mp4-0203_jpg.rf.265413db6f5d4b948ac1433253ba3155.jpg,train\images\ngaphai_mp4-0203_jpg.rf.265413db6f5d4b948ac1433253ba3155.jpg,D:\.Candra\Project\TA\02_data\raw\Sitting_posture.v17i.yolov8\train\labels\ngaphai_mp4-0203_jpg.rf.265413db6f5d4b948ac1433253ba3155.txt,1280,720,82519,c6a19f5057dd71b916e3e1797537ec5433e6c7f846c860c5aa3f67e49f6d7feb,80203030b0982737,185.0343,479.8677,False,True,False,1,1,0,
train,D:\.Candra\Project\TA\02_data\raw\Sitting_posture.v17i.yolov8\train\images\ngaphai_mp4-0206_jpg.rf.dda4a03d6efcee714706528d761b8817.jpg,train\images\ngaphai_mp4-0206_jpg.rf.dda4a03d6efcee714706528d761b8817.jpg,D:\.Candra\Project\TA\02_data\raw\Sitting_posture.v17i.yolov8\train\labels\ngaphai_mp4-0206_jpg.rf.dda4a03d6efcee714706528d761b8817.txt,1280,720,81865,039ecb05ab613a462176b6ea55a6d612fb3b483f461d0a7a056794cc9619082e,80207030b0982737,185.0112,451.8064,False,True,False,1,1,0,
train,D:\.Candra\Project\TA\02_data\raw\Sitting_posture.v17i.yolov8\train\images\ngaphai_mp4-0207_jpg.rf.f4379e7885861def05907a35980b8975.jpg,train\images\ngaphai_mp4-0207_jpg.rf.f4379e7885861def05907a35980b8975.jpg,D:\.Candra\Project\TA\02_data\raw\Sitting_posture.v17i.yolov8\train\labels\ngaphai_mp4-0207_jpg.rf.f4379e7885861def05907a35980b8975.txt,1280,720,81820,648e0047e8d0c6436adc47e8476b29bd2960a8bf665a39a83c05d29ab355cab9,80607030b0982737,184.9735,451.1173,False,True,False,1,1,0,
train,D:\.Candra\Project\TA\02_data\raw\Sitting_posture.v17i.yolov8\train\images\ngaphai_mp4-0208_jpg.rf.cc760d40533478efb7e403b794ec0588.jpg,train\images\ngaphai_mp4-0208_jpg.rf.cc760d40533478efb7e403b794ec0588.jpg,D:\.Candra\Project\TA\02_data\raw\Sitting_posture.v17i.yolov8\train\labels\ngaphai_mp4-0208_jpg.rf.cc760d40533478efb7e403b794ec0588.txt,1280,720,82321,64b8ff5e9c585aca1ec82dc3128de20df7a3d972f96eb043468353ecf94e9e57,80607030b0982737,184.9375,467.6747,False,True,False,1,1,0,
train,D:\.Candra\Project\TA\02_data\raw\Sitting_posture.v17i.yolov8\train\images\ngaphai_mp4-0209_jpg.rf.00915d4c42211eaf6dadd4761f370cae.jpg,train\images\ngaphai_mp4-0209_jpg.rf.00915d4c42211eaf6dadd4761f370cae.jpg,D:\.Candra\Project\TA\02_data\raw\Sitting_posture.v17i.yolov8\train\labels\ngaphai_mp4-0209_jpg.rf.00915d4c42211eaf6dadd4761f370cae.txt,1280,720,82869,f13f31ed01f1f19ce0d8b181cb3582eed9b3f8d5dfcdfef5db9f268b14f51a8b,80607030b0982737,184.8852,485.9373,False,True,False,1,1,0,
train,D:\.Candra\Project\TA\02_data\raw\Sitting_posture.v17i.yolov8\train\images\ngaphai_mp4-0210_jpg.rf.4deb67f8a5cb45e44668f529a220874d.jpg,train\images\ngaphai_mp4-0210_jpg.rf.4deb67f8a5cb45e44668f529a220874d.jpg,D:\.Candra\Project\TA\02_data\raw\Sitting_posture.v17i.yolov8\train\labels\ngaphai_mp4-0210_jpg.rf.4deb67f8a5cb45e44668f529a220874d.txt,1280,720,82532,8109635ac1b4d55d6535cb69e0b929c8a8bb247a5490119a435ab1c64f188d05,80607030b0982737,184.8949,468.8134,False,True,False,1,1,0,
train,D:\.Candra\Project\TA\02_data\raw\Sitting_posture.v17i.yolov8\train\images\ngaphai_mp4-0211_jpg.rf.feed87527ec3cbcc1e1539e2e72003e3.jpg,train\images\ngaphai_mp4-0211_jpg.rf.feed87527ec3cbcc1e1539e2e72003e3.jpg,D:\.Candra\Project\TA\02_data\raw\Sitting_posture.v17i.yolov8\train\labels\ngaphai_mp4-0211_jpg.rf.feed87527ec3cbcc1e1539e2e72003e3.txt,1280,720,82577,d768d6d1e313cac0c1655e228e19d4dc9ad664f922cc18f2dba305054eb6a268,80607030b0982737,184.9206,473.1476,False,True,False,1,1,0,
train,D:\.Candra\Project\TA\02_data\raw\Sitting_posture.v17i.yolov8\train\images\ngaphai_mp4-0213_jpg.rf.5aab73b1f1b44d4a03510059ac9c1f2c.jpg,train\images\ngaphai_mp4-0213_jpg.rf.5aab73b1f1b44d4a03510059ac9c1f2c.jpg,D:\.Candra\Project\TA\02_data\raw\Sitting_posture.v17i.yolov8\train\labels\ngaphai_mp4-0213_jpg.rf.5aab73b1f1b44d4a03510059ac9c1f2c.txt,1280,720,82776,aa2031f7e60a6c911eaa992dc39ef07709f9709941d0c8ab444d42637c86d7cd,80207030b0982737,184.9252,475.5106,False,True,False,1,1,0,
train,D:\.Candra\Project\TA\02_data\raw\Sitting_posture.v17i.yolov8\train\images\ngaphai_mp4-0214_jpg.rf.a492ffc56f4d4e6ec6c382d52b36d8d8.jpg,train\images\ngaphai_mp4-0214_jpg.rf.a492ffc56f4d4e6ec6c382d52b36d8d8.jpg,D:\.Candra\Project\TA\02_data\raw\Sitting_posture.v17i.yolov8\train\labels\ngaphai_mp4-0214_jpg.rf.a492ffc56f4d4e6ec6c382d52b36d8d8.txt,1280,720,82972,325266c4505282cf64d9ebfecf6e3934803e34e1814b276f0f9584d25b3c180f,80207030b0982737,184.9144,479.1089,False,True,False,1,1,0,
train,D:\.Candra\Project\TA\02_data\raw\Sitting_posture.v17i.yolov8\train\images\ngaphai_mp4-0217_jpg.rf.8856b6d6f748674520b774b4265376b3.jpg,train\images\ngaphai_mp4-0217_jpg.rf.8856b6d6f748674520b774b4265376b3.jpg,D:\.Candra\Project\TA\02_data\raw\Sitting_posture.v17i.yolov8\train\labels\ngaphai_mp4-0217_jpg.rf.8856b6d6f748674520b774b4265376b3.txt,1280,720,82705,1d0152d24ddbdc7d194f8891f7adc4a22602af93978159be3262ceb269661527,80203030b0982737,185.0007,471.6734,False,True,False,1,1,0,
train,D:\.Candra\Project\TA\02_data\raw\Sitting_posture.v17i.yolov8\train\images\ngaphai_mp4-0218_jpg.rf.5e9ae6bb2e380d479b93698d922a8d83.jpg,train\images\ngaphai_mp4-0218_jpg.rf.5e9ae6bb2e380d479b93698d922a8d83.jpg,D:\.Candra\Project\TA\02_data\raw\Sitting_posture.v17i.yolov8\train\labels\ngaphai_mp4-0218_jpg.rf.5e9ae6bb2e380d479b93698d922a8d83.txt,1280,720,83057,ceafc25942e30a86fb4d0e54203c10100e136e015ccd25e3aa78d8759a055e76,80203030b0982737,184.9987,480.236,False,True,False,1,1,0,
train,D:\.Candra\Project\TA\02_data\raw\Sitting_posture.v17i.yolov8\train\images\ngaphai_mp4-0219_jpg.rf.fd809b28a254102aa35e4f02d8b8931d.jpg,train\images\ngaphai_mp4-0219_jpg.rf.fd809b28a254102aa35e4f02d8b8931d.jpg,D:\.Candra\Project\TA\02_data\raw\Sitting_posture.v17i.yolov8\train\labels\ngaphai_mp4-0219_jpg.rf.fd809b28a254102aa35e4f02d8b8931d.txt,1280,720,83224,8e1906caeccf91bda1bb1ddd3872edb5b0a459b7f6eeb61b39709d572fb3f4b4,80203030b0982737,185.0054,481.8147,False,True,False,1,1,0,
train,D:\.Candra\Project\TA\02_data\raw\Sitting_posture.v17i.yolov8\train\images\ngaphai_mp4-0220_jpg.rf.5d87086ee968ac94903a82e4177baebd.jpg,train\images\ngaphai_mp4-0220_jpg.rf.5d87086ee968ac94903a82e4177baebd.jpg,D:\.Candra\Project\TA\02_data\raw\Sitting_posture.v17i.yolov8\train\labels\ngaphai_mp4-0220_jpg.rf.5d87086ee968ac94903a82e4177baebd.txt,1280,720,84577,129febc2d3af7b045ab3489c83ad4f11f8e52fa779590f3e1754c3e0bd29679f,80203030b0982737,185.0038,538.1542,False,True,False,1,1,0,
train,D:\.Candra\Project\TA\02_data\raw\Sitting_posture.v17i.yolov8\train\images\ngaphai_mp4-0221_jpg.rf.fb3d82a9fb13dfc6ab8ea422e6dab5f1.jpg,train\images\ngaphai_mp4-0221_jpg.rf.fb3d82a9fb13dfc6ab8ea422e6dab5f1.jpg,D:\.Candra\Project\TA\02_data\raw\Sitting_posture.v17i.yolov8\train\labels\ngaphai_mp4-0221_jpg.rf.fb3d82a9fb13dfc6ab8ea422e6dab5f1.txt,1280,720,84442,e31a46786ed668cb2bca7599b2cfd1f568385e1c31680c3e4947714042567248,80203030b0982737,185.0163,506.7485,False,True,False,1,1,0,
train,D:\.Candra\Project\TA\02_data\raw\Sitting_posture.v17i.yolov8\train\images\ngaphai_mp4-0223_jpg.rf.c67529f1ed9a8ac7bb89ca08e929dabf.jpg,train\images\ngaphai_mp4-0223_jpg.rf.c67529f1ed9a8ac7bb89ca08e929dabf.jpg,D:\.Candra\Project\TA\02_data\raw\Sitting_posture.v17i.yolov8\train\labels\ngaphai_mp4-0223_jpg.rf.c67529f1ed9a8ac7bb89ca08e929dabf.txt,1280,720,82954,d02d641d9941f4fe8dd4d874642c78da41073f7033b20b039d52096e5b109048,80203030b0982737,185.0606,481.5729,False,True,False,1,1,0,
train,D:\.Candra\Project\TA\02_data\raw\Sitting_posture.v17i.yolov8\train\images\ngaphai_mp4-0224_jpg.rf.6fc66aed902e49e4270eb52a7d8708ce.jpg,train\images\ngaphai_mp4-0224_jpg.rf.6fc66aed902e49e4270eb52a7d8708ce.jpg,D:\.Candra\Project\TA\02_data\raw\Sitting_posture.v17i.yolov8\train\labels\ngaphai_mp4-0224_jpg.rf.6fc66aed902e49e4270eb52a7d8708ce.txt,1280,720,82546,f529652c429bbcd95fe31409f34a151df2e9048cd31e97a893ed62d53b1dfc91,80203030b0982737,185.0987,480.9119,False,True,False,1,1,0,
train,D:\.Candra\Project\TA\02_data\raw\Sitting_posture.v17i.yolov8\train\images\ngaphai_mp4-0225_jpg.rf.b9d78515a0bfb92b88bb038ccc81220f.jpg,train\images\ngaphai_mp4-0225_jpg.rf.b9d78515a0bfb92b88bb038ccc81220f.jpg,D:\.Candra\Project\TA\02_data\raw\Sitting_posture.v17i.yolov8\train\labels\ngaphai_mp4-0225_jpg.rf.b9d78515a0bfb92b88bb038ccc81220f.txt,1280,720,82862,4b7bcf66982cabbb0f9f9324bc873332b82e169925d0882c293dc1807797dfa7,8020303090982737,185.121,488.2372,False,True,False,1,1,0,
train,D:\.Candra\Project\TA\02_data\raw\Sitting_posture.v17i.yolov8\train\images\ngaphai_mp4-0227_jpg.rf.59891d0865b59f3c83c7251725665f00.jpg,train\images\ngaphai_mp4-0227_jpg.rf.59891d0865b59f3c83c7251725665f00.jpg,D:\.Candra\Project\TA\02_data\raw\Sitting_posture.v17i.yolov8\train\labels\ngaphai_mp4-0227_jpg.rf.59891d0865b59f3c83c7251725665f00.txt,1280,720,82540,b27e3bfe2ad67beb391fe26cbe30d5d2b0d0975a74df7df14e285b7510a3c64d,80203030b0982737,185.1254,481.9489,False,True,False,1,1,0,
train,D:\.Candra\Project\TA\02_data\raw\Sitting_posture.v17i.yolov8\train\images\ngaphai_mp4-0228_jpg.rf.237423874ae86de3d9c4b3ecc419c0a5.jpg,train\images\ngaphai_mp4-0228_jpg.rf.237423874ae86de3d9c4b3ecc419c0a5.jpg,D:\.Candra\Project\TA\02_data\raw\Sitting_posture.v17i.yolov8\train\labels\ngaphai_mp4-0228_jpg.rf.237423874ae86de3d9c4b3ecc419c0a5.txt,1280,720,82704,f1d57999d9a8ab1fa44be7907694cba43d526da94559e535df2288910428dcfe,80203030b0982737,185.1095,482.6528,False,True,False,1,1,0,
train,D:\.Candra\Project\TA\02_data\raw\Sitting_posture.v17i.yolov8\train\images\ngaphai_mp4-0231_jpg.rf.83395a0de596582cc6840d4d17ac9f6f.jpg,train\images\ngaphai_mp4-0231_jpg.rf.83395a0de596582cc6840d4d17ac9f6f.jpg,D:\.Candra\Project\TA\02_data\raw\Sitting_posture.v17i.yolov8\train\labels\ngaphai_mp4-0231_jpg.rf.83395a0de596582cc6840d4d17ac9f6f.txt,1280,720,82371,235610052d724f239fc678928c0bfd8955f3ceb5481e25fb14de0530f30a334a,8020303090982737,185.1657,470.6027,False,True,False,1,1,0,
train,D:\.Candra\Project\TA\02_data\raw\Sitting_posture.v17i.yolov8\train\images\ngaphai_mp4-0232_jpg.rf.88e7ac1667dcac48e4962ea2d18450b6.jpg,train\images\ngaphai_mp4-0232_jpg.rf.88e7ac1667dcac48e4962ea2d18450b6.jpg,D:\.Candra\Project\TA\02_data\raw\Sitting_posture.v17i.yolov8\train\labels\ngaphai_mp4-0232_jpg.rf.88e7ac1667dcac48e4962ea2d18450b6.txt,1280,720,82371,53536fb521eab015d0eddc5fd799662f889f978ffd438cfddc3723dbb79122df,8020303090982737,185.1812,468.8279,False,True,False,1,1,0,
train,D:\.Candra\Project\TA\02_data\raw\Sitting_posture.v17i.yolov8\train\images\ngaphai_mp4-0233_jpg.rf.03916bfc0ae351808abde98a8dc6ba30.jpg,train\images\ngaphai_mp4-0233_jpg.rf.03916bfc0ae351808abde98a8dc6ba30.jpg,D:\.Candra\Project\TA\02_data\raw\Sitting_posture.v17i.yolov8\train\labels\ngaphai_mp4-0233_jpg.rf.03916bfc0ae351808abde98a8dc6ba30.txt,1280,720,82247,2ff4fec9335c60cb18a896a733d427eb4569bd1f3149c1ab445dd7ae90667bc4,8020303090982737,185.1877,465.2056,False,True,False,1,1,0,
train,D:\.Candra\Project\TA\02_data\raw\Sitting_posture.v17i.yolov8\train\images\ngaphai_mp4-0235_jpg.rf.31f50776b1bfe2fe215da21abfd435f0.jpg,train\images\ngaphai_mp4-0235_jpg.rf.31f50776b1bfe2fe215da21abfd435f0.jpg,D:\.Candra\Project\TA\02_data\raw\Sitting_posture.v17i.yolov8\train\labels\ngaphai_mp4-0235_jpg.rf.31f50776b1bfe2fe215da21abfd435f0.txt,1280,720,82429,b39476d4bf1723938a46f5211b237878e59049a9fef65750b999494bbf88179d,8030303090982537,185.2632,462.3989,False,True,False,1,1,0,
train,D:\.Candra\Project\TA\02_data\raw\Sitting_posture.v17i.yolov8\train\images\ngaphai_mp4-0236_jpg.rf.4b918034d3a752963e4a2d25b4718bba.jpg,train\images\ngaphai_mp4-0236_jpg.rf.4b918034d3a752963e4a2d25b4718bba.jpg,D:\.Candra\Project\TA\02_data\raw\Sitting_posture.v17i.yolov8\train\labels\ngaphai_mp4-0236_jpg.rf.4b918034d3a752963e4a2d25b4718bba.txt,1280,720,82008,11d61e075f1926b8c872b6b7333ddd6625d98b839e7df583598763742e8dc218,8030303090982537,185.2255,443.9549,False,True,False,1,1,0,
train,D:\.Candra\Project\TA\02_data\raw\Sitting_posture.v17i.yolov8\train\images\ngaphai_mp4-0238_jpg.rf.df85a8f5da5e497e29ff0d35338b44fc.jpg,train\images\ngaphai_mp4-0238_jpg.rf.df85a8f5da5e497e29ff0d35338b44fc.jpg,D:\.Candra\Project\TA\02_data\raw\Sitting_posture.v17i.yolov8\train\labels\ngaphai_mp4-0238_jpg.rf.df85a8f5da5e497e29ff0d35338b44fc.txt,1280,720,81034,73050f84b030d7a158df0d0ade46f6cee4eeabdf12310bb59bc31d03f7aa1d46,803030b090982537,185.432,407.8633,False,True,False,1,1,0,
train,D:\.Candra\Project\TA\02_data\raw\Sitting_posture.v17i.yolov8\train\images\ngaphai_mp4-0239_jpg.rf.fb2644eb3a04c9b616493c042d4bdff8.jpg,train\images\ngaphai_mp4-0239_jpg.rf.fb2644eb3a04c9b616493c042d4bdff8.jpg,D:\.Candra\Project\TA\02_data\raw\Sitting_posture.v17i.yolov8\train\labels\ngaphai_mp4-0239_jpg.rf.fb2644eb3a04c9b616493c042d4bdff8.txt,1280,720,80181,7de608e491c0577cca2342b22bb07851a73fa1ce226e7df6cdd4b45e4c98facb,a03030b090982537,185.5783,387.5106,False,True,False,1,1,0,
train,D:\.Candra\Project\TA\02_data\raw\Sitting_posture.v17i.yolov8\train\images\ngaphai_mp4-0241_jpg.rf.0e8796ed2316368353ab9383e39e8233.jpg,train\images\ngaphai_mp4-0241_jpg.rf.0e8796ed2316368353ab9383e39e8233.jpg,D:\.Candra\Project\TA\02_data\raw\Sitting_posture.v17i.yolov8\train\labels\ngaphai_mp4-0241_jpg.rf.0e8796ed2316368353ab9383e39e8233.txt,1280,720,79271,18ee66a564926bde7819a8582e6669658ab8482275ae4c7dfdb98e55c418b496,a03030b090982537,186.0113,377.9608,False,True,False,1,1,0,
train,D:\.Candra\Project\TA\02_data\raw\Sitting_posture.v17i.yolov8\train\images\ngaphai_mp4-0244_jpg.rf.1fc81f975cec10f614020a0d26840fb8.jpg,train\images\ngaphai_mp4-0244_jpg.rf.1fc81f975cec10f614020a0d26840fb8.jpg,D:\.Candra\Project\TA\02_data\raw\Sitting_posture.v17i.yolov8\train\labels\ngaphai_mp4-0244_jpg.rf.1fc81f975cec10f614020a0d26840fb8.txt,1280,720,78137,373ed1874519dc147a05b89a8767dddaa50088cb4eedd1034ed8ab482519b5fe,9030b09098902517,186.988,401.5165,False,True,False,1,1,0,
train,D:\.Candra\Project\TA\02_data\raw\Sitting_posture.v17i.yolov8\train\images\ngaphai_mp4-0246_jpg.rf.e5127928b33a6363b16109015eebe13d.jpg,train\images\ngaphai_mp4-0246_jpg.rf.e5127928b33a6363b16109015eebe13d.jpg,D:\.Candra\Project\TA\02_data\raw\Sitting_posture.v17i.yolov8\train\labels\ngaphai_mp4-0246_jpg.rf.e5127928b33a6363b16109015eebe13d.txt,1280,720,74038,6453dc94857de34a667a972470ca289739513dda867aad67a378336e2fb6ceb0,909090909898b597,187.9144,341.8119,False,True,False,1,1,0,
train,D:\.Candra\Project\TA\02_data\raw\Sitting_posture.v17i.yolov8\train\images\ngaphai_mp4-0254_jpg.rf.131a98555c0cb53e084fb89132b42899.jpg,train\images\ngaphai_mp4-0254_jpg.rf.131a98555c0cb53e084fb89132b42899.jpg,D:\.Candra\Project\TA\02_data\raw\Sitting_posture.v17i.yolov8\train\labels\ngaphai_mp4-0254_jpg.rf.131a98555c0cb53e084fb89132b42899.txt,1280,720,70742,741f801974fdce92c47e2d0d471f45af9ae83a02d8e107fddb5ca7abe1697dc2,cccdcc8ccc88919b,187.7286,345.4146,False,True,False,1,1,0,
train,D:\.Candra\Project\TA\02_data\raw\Sitting_posture.v17i.yolov8\train\images\ngaphai_mp4-0255_jpg.rf.afb275bad0523be8f3a29c7a61de46b6.jpg,train\images\ngaphai_mp4-0255_jpg.rf.afb275bad0523be8f3a29c7a61de46b6.jpg,D:\.Candra\Project\TA\02_data\raw\Sitting_posture.v17i.yolov8\train\labels\ngaphai_mp4-0255_jpg.rf.afb275bad0523be8f3a29c7a61de46b6.txt,1280,720,74469,314d0d834a323e74fc5709913327f5a4160578a0031a1ebfb313a5a8a72be983,8ccdccaccc8c919b,187.6116,407.0347,False,True,False,1,1,0,
train,D:\.Candra\Project\TA\02_data\raw\Sitting_posture.v17i.yolov8\train\images\ngaphai_mp4-0256_jpg.rf.e925fde285944cb0808ea9ba6ec31eab.jpg,train\images\ngaphai_mp4-0256_jpg.rf.e925fde285944cb0808ea9ba6ec31eab.jpg,D:\.Candra\Project\TA\02_data\raw\Sitting_posture.v17i.yolov8\train\labels\ngaphai_mp4-0256_jpg.rf.e925fde285944cb0808ea9ba6ec31eab.txt,1280,720,75113,6c5a9b289117eb94544b4a0d94ca8f21f1095913c69fb779eb50939b78cde474,8ccdccaccc8c919b,187.6331,428.3282,False,True,False,1,1,0,
train,D:\.Candra\Project\TA\02_data\raw\Sitting_posture.v17i.yolov8\train\images\ngaphai_mp4-0257_jpg.rf.9d06aabdf29bd2fec8baabfd1e4402ca.jpg,train\images\ngaphai_mp4-0257_jpg.rf.9d06aabdf29bd2fec8baabfd1e4402ca.jpg,D:\.Candra\Project\TA\02_data\raw\Sitting_posture.v17i.yolov8\train\labels\ngaphai_mp4-0257_jpg.rf.9d06aabdf29bd2fec8baabfd1e4402ca.txt,1280,720,75549,0b0d86c74fd29ca592e11cd9b25303993be78e33bfcc03fbcc4e564b6ac7a64b,8cccccaccc8c919b,187.6206,443.8176,False,True,False,1,1,0,
train,D:\.Candra\Project\TA\02_data\raw\Sitting_posture.v17i.yolov8\train\images\ngaphai_mp4-0258_jpg.rf.bd83f075fa6f92d0c2b260baf14b61ae.jpg,train\images\ngaphai_mp4-0258_jpg.rf.bd83f075fa6f92d0c2b260baf14b61ae.jpg,D:\.Candra\Project\TA\02_data\raw\Sitting_posture.v17i.yolov8\train\labels\ngaphai_mp4-0258_jpg.rf.bd83f075fa6f92d0c2b260baf14b61ae.txt,1280,720,75745,e91236c6ac786fd72abb99ffbc533c372d7b3e090311bc37bdf2696fcc6873ed,8cccccaccc8c919b,187.673,450.3382,False,True,False,1,1,0,
train,D:\.Candra\Project\TA\02_data\raw\Sitting_posture.v17i.yolov8\train\images\ngaphai_mp4-0259_jpg.rf.1548a90ecfa05e209657b8d4e72798a0.jpg,train\images\ngaphai_mp4-0259_jpg.rf.1548a90ecfa05e209657b8d4e72798a0.jpg,D:\.Candra\Project\TA\02_data\raw\Sitting_posture.v17i.yolov8\train\labels\ngaphai_mp4-0259_jpg.rf.1548a90ecfa05e209657b8d4e72798a0.txt,1280,720,76366,75e605c29b40c0cdf65005233b65db9d3413af55c007852b129d8b5b9771fa64,8ccdccaccc8c919b,187.6251,460.2003,False,True,False,1,1,0,
train,D:\.Candra\Project\TA\02_data\raw\Sitting_posture.v17i.yolov8\train\images\ngaphai_mp4-0260_jpg.rf.ae6ee56981d1f397a254ab1f9dabf2bf.jpg,train\images\ngaphai_mp4-0260_jpg.rf.ae6ee56981d1f397a254ab1f9dabf2bf.jpg,D:\.Candra\Project\TA\02_data\raw\Sitting_posture.v17i.yolov8\train\labels\ngaphai_mp4-0260_jpg.rf.ae6ee56981d1f397a254ab1f9dabf2bf.txt,1280,720,75753,6f3f08b45af235bf137582406c32b745a68e5a40834cef159e7965636b559298,8ccdccaccc8c919b,188.3783,453.9979,False,True,False,1,1,0,
train,D:\.Candra\Project\TA\02_data\raw\Sitting_posture.v17i.yolov8\train\images\ngaphai_mp4-0261_jpg.rf.69cc0012c029adab07cd22b11627cd3d.jpg,train\images\ngaphai_mp4-0261_jpg.rf.69cc0012c029adab07cd22b11627cd3d.jpg,D:\.Candra\Project\TA\02_data\raw\Sitting_posture.v17i.yolov8\train\labels\ngaphai_mp4-0261_jpg.rf.69cc0012c029adab07cd22b11627cd3d.txt,1280,720,75577,40aef78aea108b52ed70baf8fe505ac2f84584187dd718d575fb1acd7037b9b5,8ccdccaccc8c919b,188.4983,443.7361,False,True,False,1,1,0,
train,D:\.Candra\Project\TA\02_data\raw\Sitting_posture.v17i.yolov8\train\images\ngaphai_mp4-0262_jpg.rf.dd0a9d38c3b7001e4ed1802e329a29e7.jpg,train\images\ngaphai_mp4-0262_jpg.rf.dd0a9d38c3b7001e4ed1802e329a29e7.jpg,D:\.Candra\Project\TA\02_data\raw\Sitting_posture.v17i.yolov8\train\labels\ngaphai_mp4-0262_jpg.rf.dd0a9d38c3b7001e4ed1802e329a29e7.txt,1280,720,76081,433c9f27028d9dbe498803355d876debaf977f87b8de080f778598c46850dbcf,8ccdccaccc8c919b,188.5566,454.4998,False,True,False,1,1,0,
train,D:\.Candra\Project\TA\02_data\raw\Sitting_posture.v17i.yolov8\train\images\ngaphai_mp4-0263_jpg.rf.a9f0110bb4983265d370c585fce801c6.jpg,train\images\ngaphai_mp4-0263_jpg.rf.a9f0110bb4983265d370c585fce801c6.jpg,D:\.Candra\Project\TA\02_data\raw\Sitting_posture.v17i.yolov8\train\labels\ngaphai_mp4-0263_jpg.rf.a9f0110bb4983265d370c585fce801c6.txt,1280,720,76491,c8d0ed6890f5af95a7b173aff20f732ac74d5926ca33eeb4490b808329c749a9,8ccdccaccc8c919b,188.6576,465.8596,False,True,False,1,1,0,
train,D:\.Candra\Project\TA\02_data\raw\Sitting_posture.v17i.yolov8\train\images\ngaphai_mp4-0264_jpg.rf.68167d6505a0b0780a9790a617452b67.jpg,train\images\ngaphai_mp4-0264_jpg.rf.68167d6505a0b0780a9790a617452b67.jpg,D:\.Candra\Project\TA\02_data\raw\Sitting_posture.v17i.yolov8\train\labels\ngaphai_mp4-0264_jpg.rf.68167d6505a0b0780a9790a617452b67.txt,1280,720,76417,1879f62e3861fed0fd3cd6f3cdce476b04bc181c761bcc60ca1958336e871a44,8ccdccaccc8c919b,188.7139,462.8691,False,True,False,1,1,0,
train,D:\.Candra\Project\TA\02_data\raw\Sitting_posture.v17i.yolov8\train\images\ngaphai_mp4-0265_jpg.rf.f8f2191188ead3123f9bc4fd57a2086c.jpg,train\images\ngaphai_mp4-0265_jpg.rf.f8f2191188ead3123f9bc4fd57a2086c.jpg,D:\.Candra\Project\TA\02_data\raw\Sitting_posture.v17i.yolov8\train\labels\ngaphai_mp4-0265_jpg.rf.f8f2191188ead3123f9bc4fd57a2086c.txt,1280,720,76678,9fe70e07691ccf7ca72fbe04a12f65b55e0408a9e5c48a018ca736cb7aab3b25,8cccccaccc8c919b,188.7498,464.5719,False,True,False,1,1,0,
train,D:\.Candra\Project\TA\02_data\raw\Sitting_posture.v17i.yolov8\train\images\ngaphai_mp4-0268_jpg.rf.c096a9024f760d21f044a5b816de24ba.jpg,train\images\ngaphai_mp4-0268_jpg.rf.c096a9024f760d21f044a5b816de24ba.jpg,D:\.Candra\Project\TA\02_data\raw\Sitting_posture.v17i.yolov8\train\labels\ngaphai_mp4-0268_jpg.rf.c096a9024f760d21f044a5b816de24ba.txt,1280,720,77180,3308f9c5ada35b57a2133849d5a49b20c05569f173adefbc6074a03ab162efa5,8cccccaccc8c919b,188.8132,514.1449,False,True,False,1,1,0,
train,D:\.Candra\Project\TA\02_data\raw\Sitting_posture.v17i.yolov8\train\images\ngaphai_mp4-0269_jpg.rf.d4e9543fa8393af4672f3dfecced1723.jpg,train\images\ngaphai_mp4-0269_jpg.rf.d4e9543fa8393af4672f3dfecced1723.jpg,D:\.Candra\Project\TA\02_data\raw\Sitting_posture.v17i.yolov8\train\labels\ngaphai_mp4-0269_jpg.rf.d4e9543fa8393af4672f3dfecced1723.txt,1280,720,76686,ac3b9a221c275d5d49ce8a53cde430cfbcba851fa69246ebd02ea5d8d4fd5484,8cccccaccc8c919b,188.8462,480.0169,False,True,False,1,1,0,
train,D:\.Candra\Project\TA\02_data\raw\Sitting_posture.v17i.yolov8\train\images\ngaphai_mp4-0274_jpg.rf.3a8961a50c5468eedf671bf5bf5537df.jpg,train\images\ngaphai_mp4-0274_jpg.rf.3a8961a50c5468eedf671bf5bf5537df.jpg,D:\.Candra\Project\TA\02_data\raw\Sitting_posture.v17i.yolov8\train\labels\ngaphai_mp4-0274_jpg.rf.3a8961a50c5468eedf671bf5bf5537df.txt,1280,720,75760,ed4ddb0c9a2469290294d3f55d41b84ce326d7639fa953a2dc6bb394b6e1070a,8cccccaccc8c919b,188.7388,460.1573,False,True,False,1,1,0,
train,D:\.Candra\Project\TA\02_data\raw\Sitting_posture.v17i.yolov8\train\images\ngatrai_mp4-0000_jpg.rf.8340b73e6fe1696af09457d5d65998ca.jpg,train\images\ngatrai_mp4-0000_jpg.rf.8340b73e6fe1696af09457d5d65998ca.jpg,D:\.Candra\Project\TA\02_data\raw\Sitting_posture.v17i.yolov8\train\labels\ngatrai_mp4-0000_jpg.rf.8340b73e6fe1696af09457d5d65998ca.txt,1280,720,85687,cea4a0ce6f0c0b2d9cb3696726031aaeeb98c9fd3b083ad0ced37f49c75a413d,cccdcccccc889193,186.7849,464.2206,False,True,False,1,1,0,
train,D:\.Candra\Project\TA\02_data\raw\Sitting_posture.v17i.yolov8\train\images\ngatrai_mp4-0001_jpg.rf.952ad2bdcd43c5a0600ae0a8dd28a9b4.jpg,train\images\ngatrai_mp4-0001_jpg.rf.952ad2bdcd43c5a0600ae0a8dd28a9b4.jpg,D:\.Candra\Project\TA\02_data\raw\Sitting_posture.v17i.yolov8\train\labels\ngatrai_mp4-0001_jpg.rf.952ad2bdcd43c5a0600ae0a8dd28a9b4.txt,1280,720,83436,2910abbd9d5bfa9243655f689bbf9d89767f29fdcf05627438e2727fcce89664,cccdcccccc889193,185.7776,461.4191,False,True,False,1,1,0,
train,D:\.Candra\Project\TA\02_data\raw\Sitting_posture.v17i.yolov8\train\images\ngatrai_mp4-0002_jpg.rf.3c18e83f72ff8867a2f8bbf01472543d.jpg,train\images\ngatrai_mp4-0002_jpg.rf.3c18e83f72ff8867a2f8bbf01472543d.jpg,D:\.Candra\Project\TA\02_data\raw\Sitting_posture.v17i.yolov8\train\labels\ngatrai_mp4-0002_jpg.rf.3c18e83f72ff8867a2f8bbf01472543d.txt,1280,720,82647,aff4a449e8d0efbfc7d2978ca40bfdff3f3a693b1c15978a5770a0f3eb8790b1,cccdcccccc889193,185.7236,460.259,False,True,False,1,1,0,
train,D:\.Candra\Project\TA\02_data\raw\Sitting_posture.v17i.yolov8\train\images\ngatrai_mp4-0003_jpg.rf.d431f80f5fe80f48b8013dca72e8965b.jpg,train\images\ngatrai_mp4-0003_jpg.rf.d431f80f5fe80f48b8013dca72e8965b.jpg,D:\.Candra\Project\TA\02_data\raw\Sitting_posture.v17i.yolov8\train\labels\ngatrai_mp4-0003_jpg.rf.d431f80f5fe80f48b8013dca72e8965b.txt,1280,720,82651,ea48f2f130f80e06938895c64631c1e0a0aa0590dbab5111575adda42d792c2b,cccdcccccc889193,185.7668,465.1737,False,True,False,1,1,0,
train,D:\.Candra\Project\TA\02_data\raw\Sitting_posture.v17i.yolov8\train\images\ngatrai_mp4-0006_jpg.rf.947ec4131caab0d76a5682dc1b26b048.jpg,train\images\ngatrai_mp4-0006_jpg.rf.947ec4131caab0d76a5682dc1b26b048.jpg,D:\.Candra\Project\TA\02_data\raw\Sitting_posture.v17i.yolov8\train\labels\ngatrai_mp4-0006_jpg.rf.947ec4131caab0d76a5682dc1b26b048.txt,1280,720,79843,38b9b43d85d0332790fa1683fce29a610b57c1aff0cb9207625369f9ade29d7e,cccdcccccc889193,185.8825,472.3635,False,True,False,1,1,0,
train,D:\.Candra\Project\TA\02_data\raw\Sitting_posture.v17i.yolov8\train\images\ngatrai_mp4-0008_jpg.rf.a5db2e93b3feb38c82c56d2cbdf8c36a.jpg,train\images\ngatrai_mp4-0008_jpg.rf.a5db2e93b3feb38c82c56d2cbdf8c36a.jpg,D:\.Candra\Project\TA\02_data\raw\Sitting_posture.v17i.yolov8\train\labels\ngatrai_mp4-0008_jpg.rf.a5db2e93b3feb38c82c56d2cbdf8c36a.txt,1280,720,78043,43abbd345ba5cc7bd64d8e138e9cb5ae0a26129861517763d86e8906a8876a8e,cccdcccccc889193,185.9577,454.3354,False,True,False,1,1,0,
train,D:\.Candra\Project\TA\02_data\raw\Sitting_posture.v17i.yolov8\train\images\ngatrai_mp4-0009_jpg.rf.84fa7de6d220e5dceed04f9ab1d2e168.jpg,train\images\ngatrai_mp4-0009_jpg.rf.84fa7de6d220e5dceed04f9ab1d2e168.jpg,D:\.Candra\Project\TA\02_data\raw\Sitting_posture.v17i.yolov8\train\labels\ngatrai_mp4-0009_jpg.rf.84fa7de6d220e5dceed04f9ab1d2e168.txt,1280,720,77150,ace0ce8310902eca88c04b57dce55ed12f22c13500322874462b0875a0b0f947,cccdcccccc8c9193,186.0402,443.1213,False,True,False,1,1,0,
train,D:\.Candra\Project\TA\02_data\raw\Sitting_posture.v17i.yolov8\train\images\ngatrai_mp4-0011_jpg.rf.b1cbcb79219e0c03053d6359fb899c47.jpg,train\images\ngatrai_mp4-0011_jpg.rf.b1cbcb79219e0c03053d6359fb899c47.jpg,D:\.Candra\Project\TA\02_data\raw\Sitting_posture.v17i.yolov8\train\labels\ngatrai_mp4-0011_jpg.rf.b1cbcb79219e0c03053d6359fb899c47.txt,1280,720,77221,ed783b4bbd987462f9457d53d81f35844046817f7fee2049602ed23ee360f3c1,cccdcccccc8c9193,186.0769,447.809,False,True,False,1,1,0,
train,D:\.Candra\Project\TA\02_data\raw\Sitting_posture.v17i.yolov8\train\images\ngatrai_mp4-0013_jpg.rf.5c8332aec75d2f53aadeee9ec4fce4dd.jpg,train\images\ngatrai_mp4-0013_jpg.rf.5c8332aec75d2f53aadeee9ec4fce4dd.jpg,D:\.Candra\Project\TA\02_data\raw\Sitting_posture.v17i.yolov8\train\labels\ngatrai_mp4-0013_jpg.rf.5c8332aec75d2f53aadeee9ec4fce4dd.txt,1280,720,76648,3114bac0e41375210ab5395cbdf57091530f7bf0aa99c0689cd4683e27114912,cccdcccccc889193,186.1206,434.1492,False,True,False,1,1,0,
train,D:\.Candra\Project\TA\02_data\raw\Sitting_posture.v17i.yolov8\train\images\ngatrai_mp4-0015_jpg.rf.6667d9612d1a32c11864d2e31191c890.jpg,train\images\ngatrai_mp4-0015_jpg.rf.6667d9612d1a32c11864d2e31191c890.jpg,D:\.Candra\Project\TA\02_data\raw\Sitting_posture.v17i.yolov8\train\labels\ngatrai_mp4-0015_jpg.rf.6667d9612d1a32c11864d2e31191c890.txt,1280,720,76398,c97285bc1e3b30127cde5359973ddf48a5d7268e338c77af5c61c73cac3fba5e,cccccccccc889193,186.702,444.5119,False,True,False,1,1,0,
train,D:\.Candra\Project\TA\02_data\raw\Sitting_posture.v17i.yolov8\train\images\ngatrai_mp4-0016_jpg.rf.117922cb0e933b28f1dbcf2fed395f1d.jpg,train\images\ngatrai_mp4-0016_jpg.rf.117922cb0e933b28f1dbcf2fed395f1d.jpg,D:\.Candra\Project\TA\02_data\raw\Sitting_posture.v17i.yolov8\train\labels\ngatrai_mp4-0016_jpg.rf.117922cb0e933b28f1dbcf2fed395f1d.txt,1280,720,76839,459013c466ffdf97a63b12e03fc54b95b443033b83eeaac6e72d62b900c33f38,cccdcccccc889193,186.8652,454.1558,False,True,False,1,1,0,
train,D:\.Candra\Project\TA\02_data\raw\Sitting_posture.v17i.yolov8\train\images\ngatrai_mp4-0017_jpg.rf.ed7c953eeee990e3d544f207e779feb7.jpg,train\images\ngatrai_mp4-0017_jpg.rf.ed7c953eeee990e3d544f207e779feb7.jpg,D:\.Candra\Project\TA\02_data\raw\Sitting_posture.v17i.yolov8\train\labels\ngatrai_mp4-0017_jpg.rf.ed7c953eeee990e3d544f207e779feb7.txt,1280,720,76688,8ffcb5f1b4d3361e5091d24e179888b76d37c8c146fffe87a9564b3c352da0a6,cccdcccccc889193,187.0436,449.9188,False,True,False,1,1,0,
train,D:\.Candra\Project\TA\02_data\raw\Sitting_posture.v17i.yolov8\train\images\ngatrai_mp4-0018_jpg.rf.f740ec464e27541cc2b14f6b64ddfda5.jpg,train\images\ngatrai_mp4-0018_jpg.rf.f740ec464e27541cc2b14f6b64ddfda5.jpg,D:\.Candra\Project\TA\02_data\raw\Sitting_posture.v17i.yolov8\train\labels\ngatrai_mp4-0018_jpg.rf.f740ec464e27541cc2b14f6b64ddfda5.txt,1280,720,76435,4f9ba9b80f03a6fae93a9ef056d7c58e1cb5316a4e1dc9923cd4a73536191934,cccdcccccc889193,187.1428,437.8647,False,True,False,1,1,0,
train,D:\.Candra\Project\TA\02_data\raw\Sitting_posture.v17i.yolov8\train\images\ngatrai_mp4-0019_jpg.rf.4762a5a25a41242724e4c06fed9b0a82.jpg,train\images\ngatrai_mp4-0019_jpg.rf.4762a5a25a41242724e4c06fed9b0a82.jpg,D:\.Candra\Project\TA\02_data\raw\Sitting_posture.v17i.yolov8\train\labels\ngatrai_mp4-0019_jpg.rf.4762a5a25a41242724e4c06fed9b0a82.txt,1280,720,76391,8af77624ec94ea4ad606241d45b662d44ebaa9a25760b21611f4ae7acddafa2a,cccdcc8ccc889193,187.2847,439.6,False,True,False,1,1,0,
train,D:\.Candra\Project\TA\02_data\raw\Sitting_posture.v17i.yolov8\train\images\ngatrai_mp4-0020_jpg.rf.22754ab1cd56e1f3a27f2e249dc146f2.jpg,train\images\ngatrai_mp4-0020_jpg.rf.22754ab1cd56e1f3a27f2e249dc146f2.jpg,D:\.Candra\Project\TA\02_data\raw\Sitting_posture.v17i.yolov8\train\labels\ngatrai_mp4-0020_jpg.rf.22754ab1cd56e1f3a27f2e249dc146f2.txt,1280,720,76023,afdee97ed8a6ec76d91cd6306c733e17df795221833d02b4a89ac23786492c89,cccdcc8ccc889193,187.4561,436.7292,False,True,False,1,1,0,
train,D:\.Candra\Project\TA\02_data\raw\Sitting_posture.v17i.yolov8\train\images\ngatrai_mp4-0021_jpg.rf.bd5327636540f693c3dcaec00bced030.jpg,train\images\ngatrai_mp4-0021_jpg.rf.bd5327636540f693c3dcaec00bced030.jpg,D:\.Candra\Project\TA\02_data\raw\Sitting_posture.v17i.yolov8\train\labels\ngatrai_mp4-0021_jpg.rf.bd5327636540f693c3dcaec00bced030.txt,1280,720,75965,71991b908541b5fe96940df5f65baae76c6d4d70e654c287e6a01813ae174e29,cccdcc8ccc889193,187.5839,435.6894,False,True,False,1,1,0,
train,D:\.Candra\Project\TA\02_data\raw\Sitting_posture.v17i.yolov8\train\images\ngatrai_mp4-0022_jpg.rf.d73520959b5dafddb60d359e72f6ff87.jpg,train\images\ngatrai_mp4-0022_jpg.rf.d73520959b5dafddb60d359e72f6ff87.jpg,D:\.Candra\Project\TA\02_data\raw\Sitting_posture.v17i.yolov8\train\labels\ngatrai_mp4-0022_jpg.rf.d73520959b5dafddb60d359e72f6ff87.txt,1280,720,76096,2d71206f30fe23f86d30e50e70caa054655e066b9effa26e7e38fe0292f8748c,8ccdcc8ccc889193,187.6001,438.7712,False,True,False,1,1,0,
train,D:\.Candra\Project\TA\02_data\raw\Sitting_posture.v17i.yolov8\train\images\ngatrai_mp4-0023_jpg.rf.a2aab85d1682ff0aaf2831b6eb2bf1b1.jpg,train\images\ngatrai_mp4-0023_jpg.rf.a2aab85d1682ff0aaf2831b6eb2bf1b1.jpg,D:\.Candra\Project\TA\02_data\raw\Sitting_posture.v17i.yolov8\train\labels\ngatrai_mp4-0023_jpg.rf.a2aab85d1682ff0aaf2831b6eb2bf1b1.txt,1280,720,76408,bad20d5143b719b253809d7c4a4cc7850f3d9bfc84df3a996e0a6592c8a66282,8ccdcc8ccc889193,187.6107,448.1872,False,True,False,1,1,0,
train,D:\.Candra\Project\TA\02_data\raw\Sitting_posture.v17i.yolov8\train\images\ngatrai_mp4-0024_jpg.rf.00912920d1cbd427ddbd3ffaad49932f.jpg,train\images\ngatrai_mp4-0024_jpg.rf.00912920d1cbd427ddbd3ffaad49932f.jpg,D:\.Candra\Project\TA\02_data\raw\Sitting_posture.v17i.yolov8\train\labels\ngatrai_mp4-0024_jpg.rf.00912920d1cbd427ddbd3ffaad49932f.txt,1280,720,76394,6c13a30c59cef67274f2f081bc0d924e3bb6316758e82f2d6e63737b5f3baf7e,8ccccc8ccc889193,187.6681,450.3825,False,True,False,1,1,0,
train,D:\.Candra\Project\TA\02_data\raw\Sitting_posture.v17i.yolov8\train\images\ngatrai_mp4-0025_jpg.rf.c6ffa7a2f096a6db9761f96ca33765ef.jpg,train\images\ngatrai_mp4-0025_jpg.rf.c6ffa7a2f096a6db9761f96ca33765ef.jpg,D:\.Candra\Project\TA\02_data\raw\Sitting_posture.v17i.yolov8\train\labels\ngatrai_mp4-0025_jpg.rf.c6ffa7a2f096a6db9761f96ca33765ef.txt,1280,720,76209,f2d253d01f03e774687a063c6c0ea6b8b466cc0a786c6ef63a0943ce91504b63,8ccdcc8ccc8c9193,187.6832,477.3987,False,True,False,1,1,0,
train,D:\.Candra\Project\TA\02_data\raw\Sitting_posture.v17i.yolov8\train\images\ngatrai_mp4-0027_jpg.rf.bf29ed0500a6ae06a5360b0f4c0a968e.jpg,train\images\ngatrai_mp4-0027_jpg.rf.bf29ed0500a6ae06a5360b0f4c0a968e.jpg,D:\.Candra\Project\TA\02_data\raw\Sitting_posture.v17i.yolov8\train\labels\ngatrai_mp4-0027_jpg.rf.bf29ed0500a6ae06a5360b0f4c0a968e.txt,1280,720,70629,221f14fe7df24d01c1d7261c64b72356a42fe70fe38a23e9f40bd5249844bf31,8cccccaccc8c9193,188.3072,343.6271,False,True,False,1,1,0,
train,D:\.Candra\Project\TA\02_data\raw\Sitting_posture.v17i.yolov8\train\images\ngatrai_mp4-0028_jpg.rf.e76904b7215cbce9947c2711ed282c07.jpg,train\images\ngatrai_mp4-0028_jpg.rf.e76904b7215cbce9947c2711ed282c07.jpg,D:\.Candra\Project\TA\02_data\raw\Sitting_posture.v17i.yolov8\train\labels\ngatrai_mp4-0028_jpg.rf.e76904b7215cbce9947c2711ed282c07.txt,1280,720,69219,656e08ebb0d404d638fab352400efefdf0e9f2297863bc7f7f78d1fb821a7a61,8cccccaccc8c9193,187.7028,330.5327,False,True,False,1,1,0,
train,D:\.Candra\Project\TA\02_data\raw\Sitting_posture.v17i.yolov8\train\images\ngatrai_mp4-0029_jpg.rf.330c3a16d919e9d614b53e5e686b73b2.jpg,train\images\ngatrai_mp4-0029_jpg.rf.330c3a16d919e9d614b53e5e686b73b2.jpg,D:\.Candra\Project\TA\02_data\raw\Sitting_posture.v17i.yolov8\train\labels\ngatrai_mp4-0029_jpg.rf.330c3a16d919e9d614b53e5e686b73b2.txt,1280,720,68296,a64b5486e33e94bcfb7deffe38596c56f4cc9eb3ad469cdfc3e6289185087160,84c4c4a4cc8c9193,187.7838,328.0824,False,True,False,1,1,0,
train,D:\.Candra\Project\TA\02_data\raw\Sitting_posture.v17i.yolov8\train\images\ngatrai_mp4-0031_jpg.rf.9e7b5820d4c9d45863df649ebd494ddf.jpg,train\images\ngatrai_mp4-0031_jpg.rf.9e7b5820d4c9d45863df649ebd494ddf.jpg,D:\.Candra\Project\TA\02_data\raw\Sitting_posture.v17i.yolov8\train\labels\ngatrai_mp4-0031_jpg.rf.9e7b5820d4c9d45863df649ebd494ddf.txt,1280,720,65425,ac5d3431f7f755eea15c7e4ea93933ee090e19e2d3a98cc0d007cf93b2805149,868686a48484919b,184.74,308.6644,False,True,False,1,1,0,
train,D:\.Candra\Project\TA\02_data\raw\Sitting_posture.v17i.yolov8\train\images\ngatrai_mp4-0032_jpg.rf.af3fd18153b3381d6666e7734836a1a9.jpg,train\images\ngatrai_mp4-0032_jpg.rf.af3fd18153b3381d6666e7734836a1a9.jpg,D:\.Candra\Project\TA\02_data\raw\Sitting_posture.v17i.yolov8\train\labels\ngatrai_mp4-0032_jpg.rf.af3fd18153b3381d6666e7734836a1a9.txt,1280,720,66286,88df75b3e2faf91e64880b9ed05de7102327de32929d2284c4286d9be013dacb,86868684c484919b,184.6667,312.3174,False,True,False,1,1,0,
train,D:\.Candra\Project\TA\02_data\raw\Sitting_posture.v17i.yolov8\train\images\ngatrai_mp4-0034_jpg.rf.4ee686b53833c2dbb2740b490df1579f.jpg,train\images\ngatrai_mp4-0034_jpg.rf.4ee686b53833c2dbb2740b490df1579f.jpg,D:\.Candra\Project\TA\02_data\raw\Sitting_posture.v17i.yolov8\train\labels\ngatrai_mp4-0034_jpg.rf.4ee686b53833c2dbb2740b490df1579f.txt,1280,720,63119,e023da2a452745a877c556ada11bae5d09db4f63cc5d49e99fe4dc3baae3543f,86c6c686c684999b,185.2537,294.8311,False,True,False,1,1,0,
train,D:\.Candra\Project\TA\02_data\raw\Sitting_posture.v17i.yolov8\train\images\ngatrai_mp4-0035_jpg.rf.3b9cef4531ab84f468039be8140a121d.jpg,train\images\ngatrai_mp4-0035_jpg.rf.3b9cef4531ab84f468039be8140a121d.jpg,D:\.Candra\Project\TA\02_data\raw\Sitting_posture.v17i.yolov8\train\labels\ngatrai_mp4-0035_jpg.rf.3b9cef4531ab84f468039be8140a121d.txt,1280,720,62801,74940ab0be807652a877f7f3bf1729eba20c6c38c5dd970c1ac7004781d2a4e7,86c6c696c6849999,185.4312,295.9684,False,True,False,1,1,0,
train,D:\.Candra\Project\TA\02_data\raw\Sitting_posture.v17i.yolov8\train\images\ngatrai_mp4-0039_jpg.rf.7a40143b58e4b682fe245beeda4b47d6.jpg,train\images\ngatrai_mp4-0039_jpg.rf.7a40143b58e4b682fe245beeda4b47d6.jpg,D:\.Candra\Project\TA\02_data\raw\Sitting_posture.v17i.yolov8\train\labels\ngatrai_mp4-0039_jpg.rf.7a40143b58e4b682fe245beeda4b47d6.txt,1280,720,67279,d9d700f08ebae4576f54c684f4a96ec19dd47477328b522512bc85af3448f93d,82c2d296c6c4c999,185.4942,361.882,False,True,False,1,1,0,
train,D:\.Candra\Project\TA\02_data\raw\Sitting_posture.v17i.yolov8\train\images\ngatrai_mp4-0042_jpg.rf.6528172c94596f6806b0c503d7609910.jpg,train\images\ngatrai_mp4-0042_jpg.rf.6528172c94596f6806b0c503d7609910.jpg,D:\.Candra\Project\TA\02_data\raw\Sitting_posture.v17i.yolov8\train\labels\ngatrai_mp4-0042_jpg.rf.6528172c94596f6806b0c503d7609910.txt,1280,720,67422,f9eb21f996543ef459f92aa79cfdfe37bfce6eca374ae70018c3eda212b9ac1f,86c6c69686c48999,186.5367,373.0315,False,True,False,1,1,0,
train,D:\.Candra\Project\TA\02_data\raw\Sitting_posture.v17i.yolov8\train\images\ngatrai_mp4-0043_jpg.rf.0b79c86f01d8df2828c929742f90b39c.jpg,train\images\ngatrai_mp4-0043_jpg.rf.0b79c86f01d8df2828c929742f90b39c.jpg,D:\.Candra\Project\TA\02_data\raw\Sitting_posture.v17i.yolov8\train\labels\ngatrai_mp4-0043_jpg.rf.0b79c86f01d8df2828c929742f90b39c.txt,1280,720,68784,9653f6a6ea9d30b9cb06429de932dbc69a4d6cb61f5ff87c2203a407d6cc16d4,86c6c696c6c49999,187.3584,397.6081,False,True,False,1,1,0,
train,D:\.Candra\Project\TA\02_data\raw\Sitting_posture.v17i.yolov8\train\images\ngatrai_mp4-0044_jpg.rf.b48bb89bd599394ce66657c810c44523.jpg,train\images\ngatrai_mp4-0044_jpg.rf.b48bb89bd599394ce66657c810c44523.jpg,D:\.Candra\Project\TA\02_data\raw\Sitting_posture.v17i.yolov8\train\labels\ngatrai_mp4-0044_jpg.rf.b48bb89bd599394ce66657c810c44523.txt,1280,720,68898,93090ccac70932d91360f3b3957a9bbc2f8d3aaf27e912f01f0b35916a9cf46c,86c6c696c6c49999,187.5465,403.0089,False,True,False,1,1,0,
train,D:\.Candra\Project\TA\02_data\raw\Sitting_posture.v17i.yolov8\train\images\ngatrai_mp4-0045_jpg.rf.ef487277f3a1a1d9be8465f2019c8488.jpg,train\images\ngatrai_mp4-0045_jpg.rf.ef487277f3a1a1d9be8465f2019c8488.jpg,D:\.Candra\Project\TA\02_data\raw\Sitting_posture.v17i.yolov8\train\labels\ngatrai_mp4-0045_jpg.rf.ef487277f3a1a1d9be8465f2019c8488.txt,1280,720,69011,1ca075070f55372745c6f4432913d965ba3e79c381870986d2d654656563e809,86c6c69686c49999,187.641,400.3286,False,True,False,1,1,0,
train,D:\.Candra\Project\TA\02_data\raw\Sitting_posture.v17i.yolov8\train\images\ngatrai_mp4-0046_jpg.rf.5015ad8e29f43ed3c38f36ff7bc7c716.jpg,train\images\ngatrai_mp4-0046_jpg.rf.5015ad8e29f43ed3c38f36ff7bc7c716.jpg,D:\.Candra\Project\TA\02_data\raw\Sitting_posture.v17i.yolov8\train\labels\ngatrai_mp4-0046_jpg.rf.5015ad8e29f43ed3c38f36ff7bc7c716.txt,1280,720,69079,2a0bc185fa423b5bd3a447e5d3dcb26d24f172c02622b1b4aaeae90bbc7a3142,86c6c69686c49999,187.7238,407.7534,False,True,False,1,1,0,
train,D:\.Candra\Project\TA\02_data\raw\Sitting_posture.v17i.yolov8\train\images\ngatrai_mp4-0047_jpg.rf.a6116edb7a6331e998b33f80404319d5.jpg,train\images\ngatrai_mp4-0047_jpg.rf.a6116edb7a6331e998b33f80404319d5.jpg,D:\.Candra\Project\TA\02_data\raw\Sitting_posture.v17i.yolov8\train\labels\ngatrai_mp4-0047_jpg.rf.a6116edb7a6331e998b33f80404319d5.txt,1280,720,69504,36eb84d0801321bbe6789b3085941dcee5c2f413547a8ba37761a38865ef6851,86c6c69686c49999,187.8228,414.0706,False,True,False,1,1,0,
train,D:\.Candra\Project\TA\02_data\raw\Sitting_posture.v17i.yolov8\train\images\ngatrai_mp4-0049_jpg.rf.80aa8da6fba7a4274dfd7527a684be3b.jpg,train\images\ngatrai_mp4-0049_jpg.rf.80aa8da6fba7a4274dfd7527a684be3b.jpg,D:\.Candra\Project\TA\02_data\raw\Sitting_posture.v17i.yolov8\train\labels\ngatrai_mp4-0049_jpg.rf.80aa8da6fba7a4274dfd7527a684be3b.txt,1280,720,69040,ab25011c598d728330d58577e0b9f228530691bb50e8072ac46763ad75e7e0a0,86c6c69686c49999,188.0076,429.3329,False,True,False,1,1,0,
train,D:\.Candra\Project\TA\02_data\raw\Sitting_posture.v17i.yolov8\train\images\ngatrai_mp4-0050_jpg.rf.c71ee2ddf7961b7007c7e87e915d06be.jpg,train\images\ngatrai_mp4-0050_jpg.rf.c71ee2ddf7961b7007c7e87e915d06be.jpg,D:\.Candra\Project\TA\02_data\raw\Sitting_posture.v17i.yolov8\train\labels\ngatrai_mp4-0050_jpg.rf.c71ee2ddf7961b7007c7e87e915d06be.txt,1280,720,68015,18fb3e5d06632df0606c3676add9e03ae6b8ad4ebedcfaf0aacf65ff41cc4482,86c6c69686c48999,188.1075,381.343,False,True,False,1,1,0,
train,D:\.Candra\Project\TA\02_data\raw\Sitting_posture.v17i.yolov8\train\images\ngatrai_mp4-0051_jpg.rf.09d940420c27e45a680cdaceb3f51f17.jpg,train\images\ngatrai_mp4-0051_jpg.rf.09d940420c27e45a680cdaceb3f51f17.jpg,D:\.Candra\Project\TA\02_data\raw\Sitting_posture.v17i.yolov8\train\labels\ngatrai_mp4-0051_jpg.rf.09d940420c27e45a680cdaceb3f51f17.txt,1280,720,65885,4adae302003db9821ffe728a436f54d0bc451eef0b5ca12327684ac8c4c63084,86c2c29686c4c999,188.4219,333.5449,False,True,False,1,1,0,
train,D:\.Candra\Project\TA\02_data\raw\Sitting_posture.v17i.yolov8\train\images\ngatrai_mp4-0053_jpg.rf.71ad98614bb037ecefe05ba942d27f7f.jpg,train\images\ngatrai_mp4-0053_jpg.rf.71ad98614bb037ecefe05ba942d27f7f.jpg,D:\.Candra\Project\TA\02_data\raw\Sitting_posture.v17i.yolov8\train\labels\ngatrai_mp4-0053_jpg.rf.71ad98614bb037ecefe05ba942d27f7f.txt,1280,720,63423,ceb1ed1c613ad13022f1136aa8d9186c991ae764a6edd2d199b22177692931d1,82d3d29686c4c999,188.7951,309.6804,False,True,False,1,1,0,
train,D:\.Candra\Project\TA\02_data\raw\Sitting_posture.v17i.yolov8\train\images\ngatrai_mp4-0055_jpg.rf.fa2dcd62e03468fd8986f04437164989.jpg,train\images\ngatrai_mp4-0055_jpg.rf.fa2dcd62e03468fd8986f04437164989.jpg,D:\.Candra\Project\TA\02_data\raw\Sitting_posture.v17i.yolov8\train\labels\ngatrai_mp4-0055_jpg.rf.fa2dcd62e03468fd8986f04437164989.txt,1280,720,61875,a15450462b9138c15336cb8c497177784848df4494dea5952d9fa40d583badbd,82d3d392c6c6c999,189.2261,294.3929,False,True,False,1,1,0,
train,D:\.Candra\Project\TA\02_data\raw\Sitting_posture.v17i.yolov8\train\images\ngatrai_mp4-0056_jpg.rf.478d3cbbb808c24d9020e43bdd24897d.jpg,train\images\ngatrai_mp4-0056_jpg.rf.478d3cbbb808c24d9020e43bdd24897d.jpg,D:\.Candra\Project\TA\02_data\raw\Sitting_posture.v17i.yolov8\train\labels\ngatrai_mp4-0056_jpg.rf.478d3cbbb808c24d9020e43bdd24897d.txt,1280,720,61438,fd4206419677a1706497fd7ccaeeebd66b931c8af2d3f6f4951b04c177e4e53f,83d3d392c6c6c9d9,187.2861,297.6088,False,True,False,1,1,0,
train,D:\.Candra\Project\TA\02_data\raw\Sitting_posture.v17i.yolov8\train\images\ngatrai_mp4-0057_jpg.rf.7176aa7092b6cb35a26e9c9db7914a0a.jpg,train\images\ngatrai_mp4-0057_jpg.rf.7176aa7092b6cb35a26e9c9db7914a0a.jpg,D:\.Candra\Project\TA\02_data\raw\Sitting_posture.v17i.yolov8\train\labels\ngatrai_mp4-0057_jpg.rf.7176aa7092b6cb35a26e9c9db7914a0a.txt,1280,720,60381,6e986b62765529d0d49f1525e79c92c61784a14a8853debe8ba0246f0c680741,83d3d392c2c6c9d9,187.2641,289.1259,False,True,False,1,1,0,
train,D:\.Candra\Project\TA\02_data\raw\Sitting_posture.v17i.yolov8\train\images\ngatrai_mp4-0058_jpg.rf.b80657d2a9d2aeb67c885600380574a0.jpg,train\images\ngatrai_mp4-0058_jpg.rf.b80657d2a9d2aeb67c885600380574a0.jpg,D:\.Candra\Project\TA\02_data\raw\Sitting_posture.v17i.yolov8\train\labels\ngatrai_mp4-0058_jpg.rf.b80657d2a9d2aeb67c885600380574a0.txt,1280,720,59545,f36fcc31d578fba587b8d89de9c2aabdf4abfc737f34d78d9181e3c7d919031a,83d3d39382c2c9c9,187.3568,285.3236,False,True,False,1,1,0,
train,D:\.Candra\Project\TA\02_data\raw\Sitting_posture.v17i.yolov8\train\images\ngatrai_mp4-0059_jpg.rf.cc01350f18e85162d4f150cff81d2452.jpg,train\images\ngatrai_mp4-0059_jpg.rf.cc01350f18e85162d4f150cff81d2452.jpg,D:\.Candra\Project\TA\02_data\raw\Sitting_posture.v17i.yolov8\train\labels\ngatrai_mp4-0059_jpg.rf.cc01350f18e85162d4f150cff81d2452.txt,1280,720,59261,d84c2119b224fd6f9a9a61663b5b5c6f8a38146648435cb8e50b3afe8185ed03,83d3d3938282c9c9,187.3821,284.8708,False,True,False,1,1,0,
train,D:\.Candra\Project\TA\02_data\raw\Sitting_posture.v17i.yolov8\train\images\ngatrai_mp4-0060_jpg.rf.5fcfb3b6cf9ff88828d0ac2dd5eedb19.jpg,train\images\ngatrai_mp4-0060_jpg.rf.5fcfb3b6cf9ff88828d0ac2dd5eedb19.jpg,D:\.Candra\Project\TA\02_data\raw\Sitting_posture.v17i.yolov8\train\labels\ngatrai_mp4-0060_jpg.rf.5fcfb3b6cf9ff88828d0ac2dd5eedb19.txt,1280,720,59640,06309b36ca6dedfff9041ac04c4d90b6729b660433b0c8fef92259ebd5a441dd,83c1d193828289c9,187.3197,288.6957,False,True,False,1,1,0,
train,D:\.Candra\Project\TA\02_data\raw\Sitting_posture.v17i.yolov8\train\images\ngatrai_mp4-0062_jpg.rf.ffcdc2513147d8ae19425c43f19a889c.jpg,train\images\ngatrai_mp4-0062_jpg.rf.ffcdc2513147d8ae19425c43f19a889c.jpg,D:\.Candra\Project\TA\02_data\raw\Sitting_posture.v17i.yolov8\train\labels\ngatrai_mp4-0062_jpg.rf.ffcdc2513147d8ae19425c43f19a889c.txt,1280,720,61259,134d9ea544690613771feba259f13101cb3ff440fd8b6efdd65f841564464dc3,81c9d1d1838289c9,187.1465,306.2054,False,True,False,1,1,0,
train,D:\.Candra\Project\TA\02_data\raw\Sitting_posture.v17i.yolov8\train\images\ngatrai_mp4-0063_jpg.rf.aa21d3e4c43e97f031ff5270f8e29959.jpg,train\images\ngatrai_mp4-0063_jpg.rf.aa21d3e4c43e97f031ff5270f8e29959.jpg,D:\.Candra\Project\TA\02_data\raw\Sitting_posture.v17i.yolov8\train\labels\ngatrai_mp4-0063_jpg.rf.aa21d3e4c43e97f031ff5270f8e29959.txt,1280,720,62319,e60a63611d535765e1dbe156d1e7e912a8d0700a83fcb71de6958333fb3abe8e,81c9d1d1838289c9,187.1367,312.3341,False,True,False,1,1,0,
train,D:\.Candra\Project\TA\02_data\raw\Sitting_posture.v17i.yolov8\train\images\ngatrai_mp4-0064_jpg.rf.ba88dc3911b3e5f4886ef135f8c65ae5.jpg,train\images\ngatrai_mp4-0064_jpg.rf.ba88dc3911b3e5f4886ef135f8c65ae5.jpg,D:\.Candra\Project\TA\02_data\raw\Sitting_posture.v17i.yolov8\train\labels\ngatrai_mp4-0064_jpg.rf.ba88dc3911b3e5f4886ef135f8c65ae5.txt,1280,720,64529,a2fd65257cf3846db596d35f7cb58c8f3a9615a6013704495e629707ec5ee092,81c9d1d183838bc9,187.1193,337.8269,False,True,False,1,1,0,
train,D:\.Candra\Project\TA\02_data\raw\Sitting_posture.v17i.yolov8\train\images\ngatrai_mp4-0065_jpg.rf.7af2ee9c290cc63e48aaa21db5fa2a44.jpg,train\images\ngatrai_mp4-0065_jpg.rf.7af2ee9c290cc63e48aaa21db5fa2a44.jpg,D:\.Candra\Project\TA\02_data\raw\Sitting_posture.v17i.yolov8\train\labels\ngatrai_mp4-0065_jpg.rf.7af2ee9c290cc63e48aaa21db5fa2a44.txt,1280,720,65123,01f54be6ee8281bf05a628bc10a6959bf46fd94d6e36a137888232646526c453,81c1d19183838bc9,187.1233,347.8332,False,True,False,1,1,0,
train,D:\.Candra\Project\TA\02_data\raw\Sitting_posture.v17i.yolov8\train\images\ngatrai_mp4-0066_jpg.rf.53c92cbebed9e42cf1d49b1324afc8c2.jpg,train\images\ngatrai_mp4-0066_jpg.rf.53c92cbebed9e42cf1d49b1324afc8c2.jpg,D:\.Candra\Project\TA\02_data\raw\Sitting_posture.v17i.yolov8\train\labels\ngatrai_mp4-0066_jpg.rf.53c92cbebed9e42cf1d49b1324afc8c2.txt,1280,720,65602,ac05c5f7f68e786d311148373e03b599af556d58c1f4e4be71a013c9ef8aeb45,81c1d1d183838bc9,187.1274,360.9804,False,True,False,1,1,0,
train,D:\.Candra\Project\TA\02_data\raw\Sitting_posture.v17i.yolov8\train\images\ngatrai_mp4-0068_jpg.rf.741c4ed9015f93bc276c7c771b54cd5a.jpg,train\images\ngatrai_mp4-0068_jpg.rf.741c4ed9015f93bc276c7c771b54cd5a.jpg,D:\.Candra\Project\TA\02_data\raw\Sitting_posture.v17i.yolov8\train\labels\ngatrai_mp4-0068_jpg.rf.741c4ed9015f93bc276c7c771b54cd5a.txt,1280,720,67102,e6b968f1fd18a0d262396060b893b5c97cdc82f82f76f8ce3eea629e2d19e0c3,81c1d19183838b89,187.1079,392.3145,False,True,False,1,1,0,
train,D:\.Candra\Project\TA\02_data\raw\Sitting_posture.v17i.yolov8\train\images\ngatrai_mp4-0069_jpg.rf.ee1c818a06f85f39eb6d6092164502e7.jpg,train\images\ngatrai_mp4-0069_jpg.rf.ee1c818a06f85f39eb6d6092164502e7.jpg,D:\.Candra\Project\TA\02_data\raw\Sitting_posture.v17i.yolov8\train\labels\ngatrai_mp4-0069_jpg.rf.ee1c818a06f85f39eb6d6092164502e7.txt,1280,720,67086,338ea4ff54801698bc46a9bf9fc26f56418b5facd4d7c2b203320318a12b85f8,81c1d19183838b89,187.1231,391.7994,False,True,False,1,1,0,
train,D:\.Candra\Project\TA\02_data\raw\Sitting_posture.v17i.yolov8\train\images\ngatrai_mp4-0070_jpg.rf.dbdf999af07685c075dbda6725c73b7c.jpg,train\images\ngatrai_mp4-0070_jpg.rf.dbdf999af07685c075dbda6725c73b7c.jpg,D:\.Candra\Project\TA\02_data\raw\Sitting_posture.v17i.yolov8\train\labels\ngatrai_mp4-0070_jpg.rf.dbdf999af07685c075dbda6725c73b7c.txt,1280,720,67114,b47af2b70cdf60515e0fa42a8951d493f1d93ee2c0274b5e0fa8f9a2a45dfdb2,81c1d19183838b89,187.0827,391.3362,False,True,False,1,1,0,
train,D:\.Candra\Project\TA\02_data\raw\Sitting_posture.v17i.yolov8\train\images\ngatrai_mp4-0072_jpg.rf.f978c6cdc8e27a5bba09b749d3d3a5f8.jpg,train\images\ngatrai_mp4-0072_jpg.rf.f978c6cdc8e27a5bba09b749d3d3a5f8.jpg,D:\.Candra\Project\TA\02_data\raw\Sitting_posture.v17i.yolov8\train\labels\ngatrai_mp4-0072_jpg.rf.f978c6cdc8e27a5bba09b749d3d3a5f8.txt,1280,720,66683,1c3fe7b7a63fc451e497ae2663c2c928654390aa95d4fbd1fc799cbdb841b6ca,81c1d19183838b89,187.0929,377.222,False,True,False,1,1,0,
train,D:\.Candra\Project\TA\02_data\raw\Sitting_posture.v17i.yolov8\train\images\ngatrai_mp4-0073_jpg.rf.0b866c031f94b721a0907bb158d1c374.jpg,train\images\ngatrai_mp4-0073_jpg.rf.0b866c031f94b721a0907bb158d1c374.jpg,D:\.Candra\Project\TA\02_data\raw\Sitting_posture.v17i.yolov8\train\labels\ngatrai_mp4-0073_jpg.rf.0b866c031f94b721a0907bb158d1c374.txt,1280,720,66183,fa16612f4171f1e0f07a642882530f346506918ae518892da10409fb2b838f3e,81c1d19183838bc9,187.1083,406.6478,False,True,False,1,1,0,
train,D:\.Candra\Project\TA\02_data\raw\Sitting_posture.v17i.yolov8\train\images\ngatrai_mp4-0074_jpg.rf.f7754403fefabcfb6b155eed6f6487c6.jpg,train\images\ngatrai_mp4-0074_jpg.rf.f7754403fefabcfb6b155eed6f6487c6.jpg,D:\.Candra\Project\TA\02_data\raw\Sitting_posture.v17i.yolov8\train\labels\ngatrai_mp4-0074_jpg.rf.f7754403fefabcfb6b155eed6f6487c6.txt,1280,720,65671,22abee7c961527da7d5162f4d72f68ec97b929142d7fb6a711d36952be759baf,81c9d1d183838bc9,187.1249,384.3747,False,True,False,1,1,0,
train,D:\.Candra\Project\TA\02_data\raw\Sitting_posture.v17i.yolov8\train\images\ngatrai_mp4-0075_jpg.rf.ef50528fbf74905cb80386d5a4ef166d.jpg,train\images\ngatrai_mp4-0075_jpg.rf.ef50528fbf74905cb80386d5a4ef166d.jpg,D:\.Candra\Project\TA\02_data\raw\Sitting_posture.v17i.yolov8\train\labels\ngatrai_mp4-0075_jpg.rf.ef50528fbf74905cb80386d5a4ef166d.txt,1280,720,66094,a2d6304245ffc03508f4f46996f462db858468b683a1086ae8efb12b07f3c33d,81c9d19183838bc9,187.19,392.1471,False,True,False,1,1,0,
train,D:\.Candra\Project\TA\02_data\raw\Sitting_posture.v17i.yolov8\train\images\ngatrai_mp4-0076_jpg.rf.8f093302e48f099b28e72dda6224cfd4.jpg,train\images\ngatrai_mp4-0076_jpg.rf.8f093302e48f099b28e72dda6224cfd4.jpg,D:\.Candra\Project\TA\02_data\raw\Sitting_posture.v17i.yolov8\train\labels\ngatrai_mp4-0076_jpg.rf.8f093302e48f099b28e72dda6224cfd4.txt,1280,720,66473,7e3dce21d4a83393b11cef6a3788f31a108b0c7daa75a5bfedeb89eb846732af,81c9d19183828bc9,187.1977,397.857,False,True,False,1,1,0,
train,D:\.Candra\Project\TA\02_data\raw\Sitting_posture.v17i.yolov8\train\images\ngatrai_mp4-0077_jpg.rf.ca069c05bf73bb75abeb3d1dcc52e39f.jpg,train\images\ngatrai_mp4-0077_jpg.rf.ca069c05bf73bb75abeb3d1dcc52e39f.jpg,D:\.Candra\Project\TA\02_data\raw\Sitting_posture.v17i.yolov8\train\labels\ngatrai_mp4-0077_jpg.rf.ca069c05bf73bb75abeb3d1dcc52e39f.txt,1280,720,66600,8e32bf526c44f4b40d1294e613432c48cb2338d7846c127b3e8512f1824a1628,81c9d1d183828bc9,187.1579,394.5558,False,True,False,1,1,0,
train,D:\.Candra\Project\TA\02_data\raw\Sitting_posture.v17i.yolov8\train\images\ngatrai_mp4-0078_jpg.rf.928671f12cddfa990cce02580c1cc49c.jpg,train\images\ngatrai_mp4-0078_jpg.rf.928671f12cddfa990cce02580c1cc49c.jpg,D:\.Candra\Project\TA\02_data\raw\Sitting_posture.v17i.yolov8\train\labels\ngatrai_mp4-0078_jpg.rf.928671f12cddfa990cce02580c1cc49c.txt,1280,720,66914,70d821787cde5f84c13d46cf9c4ff2130e5b0ab256847e9f6e3d28d85c084d5b,81c9d1d183828bc9,187.1427,395.291,False,True,False,1,1,0,
train,D:\.Candra\Project\TA\02_data\raw\Sitting_posture.v17i.yolov8\train\images\ngatrai_mp4-0080_jpg.rf.ad3afc04b097d6e28d5638215da4a8ba.jpg,train\images\ngatrai_mp4-0080_jpg.rf.ad3afc04b097d6e28d5638215da4a8ba.jpg,D:\.Candra\Project\TA\02_data\raw\Sitting_posture.v17i.yolov8\train\labels\ngatrai_mp4-0080_jpg.rf.ad3afc04b097d6e28d5638215da4a8ba.txt,1280,720,67257,1e38e97a3dbad528440a5137f12db65ff4b9b4dd21e3d9ae5daafee688c8e4bb,81c9d1d183828bc9,187.126,396.1607,False,True,False,1,1,0,
train,D:\.Candra\Project\TA\02_data\raw\Sitting_posture.v17i.yolov8\train\images\ngatrai_mp4-0081_jpg.rf.b3f42796df7a55d0ddeb46d1179947e2.jpg,train\images\ngatrai_mp4-0081_jpg.rf.b3f42796df7a55d0ddeb46d1179947e2.jpg,D:\.Candra\Project\TA\02_data\raw\Sitting_posture.v17i.yolov8\train\labels\ngatrai_mp4-0081_jpg.rf.b3f42796df7a55d0ddeb46d1179947e2.txt,1280,720,67266,31fe72247df841821e3bc47b209226a027ea84ead3f031c217db79b977527454,81c9d19183828bc9,187.1364,397.4273,False,True,False,1,1,0,
train,D:\.Candra\Project\TA\02_data\raw\Sitting_posture.v17i.yolov8\train\images\ngatrai_mp4-0082_jpg.rf.c0de223347c82a30a9ba1dc5db6063aa.jpg,train\images\ngatrai_mp4-0082_jpg.rf.c0de223347c82a30a9ba1dc5db6063aa.jpg,D:\.Candra\Project\TA\02_data\raw\Sitting_posture.v17i.yolov8\train\labels\ngatrai_mp4-0082_jpg.rf.c0de223347c82a30a9ba1dc5db6063aa.txt,1280,720,67082,7b21174a29a0a150475fc622aeea15284c0800eff43c1ebf2dd83e349d799b54,81c9d1d183828bc9,187.1485,397.0883,False,True,False,1,1,0,
train,D:\.Candra\Project\TA\02_data\raw\Sitting_posture.v17i.yolov8\train\images\ngatrai_mp4-0083_jpg.rf.d5811984f3b94f32e9f62f39dacaefb3.jpg,train\images\ngatrai_mp4-0083_jpg.rf.d5811984f3b94f32e9f62f39dacaefb3.jpg,D:\.Candra\Project\TA\02_data\raw\Sitting_posture.v17i.yolov8\train\labels\ngatrai_mp4-0083_jpg.rf.d5811984f3b94f32e9f62f39dacaefb3.txt,1280,720,67123,a47c00ebfc23bed2a85935a327a1df753fd41804b75371f0720c5fbfa266fac4,81c9d1d183828bc9,187.1425,398.7528,False,True,False,1,1,0,
train,D:\.Candra\Project\TA\02_data\raw\Sitting_posture.v17i.yolov8\train\images\ngatrai_mp4-0085_jpg.rf.9cda453101910952647aca9f25c11cf0.jpg,train\images\ngatrai_mp4-0085_jpg.rf.9cda453101910952647aca9f25c11cf0.jpg,D:\.Candra\Project\TA\02_data\raw\Sitting_posture.v17i.yolov8\train\labels\ngatrai_mp4-0085_jpg.rf.9cda453101910952647aca9f25c11cf0.txt,1280,720,67310,31440aa16529a66be6265e201b600824847c5ad2dd3631b066dccd1226615524,81c9d19183828bc9,187.1011,396.7633,False,True,False,1,1,0,
train,D:\.Candra\Project\TA\02_data\raw\Sitting_posture.v17i.yolov8\train\images\ngatrai_mp4-0086_jpg.rf.77cd27f81c4a69e3cb58ea5ae6651eb6.jpg,train\images\ngatrai_mp4-0086_jpg.rf.77cd27f81c4a69e3cb58ea5ae6651eb6.jpg,D:\.Candra\Project\TA\02_data\raw\Sitting_posture.v17i.yolov8\train\labels\ngatrai_mp4-0086_jpg.rf.77cd27f81c4a69e3cb58ea5ae6651eb6.txt,1280,720,66733,ac581d9e35522050295b60be3bf02341cd8ca864077866045f7898ba433420b4,81c9d19183828bc9,187.6568,397.8719,False,True,False,1,1,0,
train,D:\.Candra\Project\TA\02_data\raw\Sitting_posture.v17i.yolov8\train\images\ngatrai_mp4-0088_jpg.rf.0c65ce74862cec679daf1c0c4a692d1c.jpg,train\images\ngatrai_mp4-0088_jpg.rf.0c65ce74862cec679daf1c0c4a692d1c.jpg,D:\.Candra\Project\TA\02_data\raw\Sitting_posture.v17i.yolov8\train\labels\ngatrai_mp4-0088_jpg.rf.0c65ce74862cec679daf1c0c4a692d1c.txt,1280,720,65637,4d8a8ba7cd85d62c6451450c85071e9f4f52522ceff4203b46674814d6830386,81c9d19183828bc9,189.0159,391.9965,False,True,False,1,1,0,
train,D:\.Candra\Project\TA\02_data\raw\Sitting_posture.v17i.yolov8\train\images\ngatrai_mp4-0089_jpg.rf.8fb6287332a3089de3be78e8d10dc61d.jpg,train\images\ngatrai_mp4-0089_jpg.rf.8fb6287332a3089de3be78e8d10dc61d.jpg,D:\.Candra\Project\TA\02_data\raw\Sitting_posture.v17i.yolov8\train\labels\ngatrai_mp4-0089_jpg.rf.8fb6287332a3089de3be78e8d10dc61d.txt,1280,720,64797,db224b5a624124a05a41bf18e71efaf832e94ad0bbcb14c329d80b9ef6b4982c,81c9d19183828b89,190.6128,392.2729,False,True,False,1,1,0,
train,D:\.Candra\Project\TA\02_data\raw\Sitting_posture.v17i.yolov8\train\images\ngatrai_mp4-0090_jpg.rf.235ce0a28054ffc44d8240e2e0ebc179.jpg,train\images\ngatrai_mp4-0090_jpg.rf.235ce0a28054ffc44d8240e2e0ebc179.jpg,D:\.Candra\Project\TA\02_data\raw\Sitting_posture.v17i.yolov8\train\labels\ngatrai_mp4-0090_jpg.rf.235ce0a28054ffc44d8240e2e0ebc179.txt,1280,720,64812,2ac73209d447dd8aa60fb6a04f65141520aa16dcb3415eebd53167985e17cf80,81c9d19183828b89,191.6598,393.9436,False,True,False,1,1,0,
train,D:\.Candra\Project\TA\02_data\raw\Sitting_posture.v17i.yolov8\train\images\ngatrai_mp4-0091_jpg.rf.c075f288b60c3b94a87a7299d72854fd.jpg,train\images\ngatrai_mp4-0091_jpg.rf.c075f288b60c3b94a87a7299d72854fd.jpg,D:\.Candra\Project\TA\02_data\raw\Sitting_posture.v17i.yolov8\train\labels\ngatrai_mp4-0091_jpg.rf.c075f288b60c3b94a87a7299d72854fd.txt,1280,720,64805,858d0099ea5f0a24d3a5c3e19f06ee3d67c44df8b498b02f1bc033ba5921501a,81c9d19183828b89,191.8219,388.9751,False,True,False,1,1,0,
train,D:\.Candra\Project\TA\02_data\raw\Sitting_posture.v17i.yolov8\train\images\ngatrai_mp4-0092_jpg.rf.ba0fd9d67daae0f6b435949a9418510e.jpg,train\images\ngatrai_mp4-0092_jpg.rf.ba0fd9d67daae0f6b435949a9418510e.jpg,D:\.Candra\Project\TA\02_data\raw\Sitting_posture.v17i.yolov8\train\labels\ngatrai_mp4-0092_jpg.rf.ba0fd9d67daae0f6b435949a9418510e.txt,1280,720,65978,ffe0b801d73478224caf6a4497d8bdf0d889815c03c1ac691ce7a28e8105bab3,81c9d19183838bc9,191.4006,400.66,False,True,False,1,1,0,
train,D:\.Candra\Project\TA\02_data\raw\Sitting_posture.v17i.yolov8\train\images\ngatrai_mp4-0094_jpg.rf.dee06b587541c4e0e0d3c495fb4747e0.jpg,train\images\ngatrai_mp4-0094_jpg.rf.dee06b587541c4e0e0d3c495fb4747e0.jpg,D:\.Candra\Project\TA\02_data\raw\Sitting_posture.v17i.yolov8\train\labels\ngatrai_mp4-0094_jpg.rf.dee06b587541c4e0e0d3c495fb4747e0.txt,1280,720,66761,1f2b6c27c904f704ac12df7db806fce68248e32c607078df6ccc2bb3fa3dc712,81c9d1d183838bc9,191.9599,402.5846,False,True,False,1,1,0,
train,D:\.Candra\Project\TA\02_data\raw\Sitting_posture.v17i.yolov8\train\images\ngatrai_mp4-0095_jpg.rf.17149791077281e2dfd3ab5cc5cc6058.jpg,train\images\ngatrai_mp4-0095_jpg.rf.17149791077281e2dfd3ab5cc5cc6058.jpg,D:\.Candra\Project\TA\02_data\raw\Sitting_posture.v17i.yolov8\train\labels\ngatrai_mp4-0095_jpg.rf.17149791077281e2dfd3ab5cc5cc6058.txt,1280,720,66928,fa0d61393c07881737017776eadc306a0d9772a05f8d5ad99b0c78ed047ea1fe,81c9d1d183838bc9,191.4858,397.8791,False,True,False,1,1,0,
train,D:\.Candra\Project\TA\02_data\raw\Sitting_posture.v17i.yolov8\train\images\ngatrai_mp4-0096_jpg.rf.ab5188e43fbf3bb33a98e366558299a7.jpg,train\images\ngatrai_mp4-0096_jpg.rf.ab5188e43fbf3bb33a98e366558299a7.jpg,D:\.Candra\Project\TA\02_data\raw\Sitting_posture.v17i.yolov8\train\labels\ngatrai_mp4-0096_jpg.rf.ab5188e43fbf3bb33a98e366558299a7.txt,1280,720,67064,a90cd0b25d3d6c322989209e1a71871e8f9a1a0d3007a1ffbd49796854e469c4,81c9d1d183838bc9,191.4102,398.9438,False,True,False,1,1,0,
train,D:\.Candra\Project\TA\02_data\raw\Sitting_posture.v17i.yolov8\train\images\ngatrai_mp4-0097_jpg.rf.857bae410b3fb5c00dbf6d29f07d3061.jpg,train\images\ngatrai_mp4-0097_jpg.rf.857bae410b3fb5c00dbf6d29f07d3061.jpg,D:\.Candra\Project\TA\02_data\raw\Sitting_posture.v17i.yolov8\train\labels\ngatrai_mp4-0097_jpg.rf.857bae410b3fb5c00dbf6d29f07d3061.txt,1280,720,66924,bb7aa28646e6c9f8fe00c9fdf48b0dff1fcd3c3a8d7ab406f0bf034e27c1cd10,81c9d19183828b89,191.8966,401.9251,False,True,False,1,1,0,
train,D:\.Candra\Project\TA\02_data\raw\Sitting_posture.v17i.yolov8\train\images\ngatrai_mp4-0098_jpg.rf.dae597e3d7843b49cbbe3f065aa43d56.jpg,train\images\ngatrai_mp4-0098_jpg.rf.dae597e3d7843b49cbbe3f065aa43d56.jpg,D:\.Candra\Project\TA\02_data\raw\Sitting_posture.v17i.yolov8\train\labels\ngatrai_mp4-0098_jpg.rf.dae597e3d7843b49cbbe3f065aa43d56.txt,1280,720,66500,06d281d1bcfff2eb26cfdc221043bf2de6a9af84365ddf1af3b8889097cd2f8d,81c9d19183828bc9,192.3369,409.4809,False,True,False,1,1,0,
train,D:\.Candra\Project\TA\02_data\raw\Sitting_posture.v17i.yolov8\train\images\ngatrai_mp4-0099_jpg.rf.6d33468415b495453baa659f0d32c1c2.jpg,train\images\ngatrai_mp4-0099_jpg.rf.6d33468415b495453baa659f0d32c1c2.jpg,D:\.Candra\Project\TA\02_data\raw\Sitting_posture.v17i.yolov8\train\labels\ngatrai_mp4-0099_jpg.rf.6d33468415b495453baa659f0d32c1c2.txt,1280,720,66783,d322af6674e4e5563e1b6f32839f58d54e961186b08b5bccda719cb1991fd6a0,81c9d19183838bc9,192.3939,410.3085,False,True,False,1,1,0,
train,D:\.Candra\Project\TA\02_data\raw\Sitting_posture.v17i.yolov8\train\images\ngatrai_mp4-0102_jpg.rf.1ec1a24959ea5dde5c0c627e49c8ad54.jpg,train\images\ngatrai_mp4-0102_jpg.rf.1ec1a24959ea5dde5c0c627e49c8ad54.jpg,D:\.Candra\Project\TA\02_data\raw\Sitting_posture.v17i.yolov8\train\labels\ngatrai_mp4-0102_jpg.rf.1ec1a24959ea5dde5c0c627e49c8ad54.txt,1280,720,65551,0171385d41dd48f8ff80f88e49f812af3e5c6c94add034b5d53df9787de6b0f7,81c9d1d183838bc9,191.1232,395.0176,False,True,False,1,1,0,
train,D:\.Candra\Project\TA\02_data\raw\Sitting_posture.v17i.yolov8\train\images\ngatrai_mp4-0103_jpg.rf.41f5a172f99c9ff8432ce3742ff2460a.jpg,train\images\ngatrai_mp4-0103_jpg.rf.41f5a172f99c9ff8432ce3742ff2460a.jpg,D:\.Candra\Project\TA\02_data\raw\Sitting_posture.v17i.yolov8\train\labels\ngatrai_mp4-0103_jpg.rf.41f5a172f99c9ff8432ce3742ff2460a.txt,1280,720,66467,21453a15ea3ceb1faa5caa4616f6fb396b64c9fd36f852a4680adcdf47b6298e,81c9d1d183828bc9,191.0622,401.8822,False,True,False,1,1,0,
train,D:\.Candra\Project\TA\02_data\raw\Sitting_posture.v17i.yolov8\train\images\ngatrai_mp4-0104_jpg.rf.2430cf0cda1db81b83013d2d13b536b2.jpg,train\images\ngatrai_mp4-0104_jpg.rf.2430cf0cda1db81b83013d2d13b536b2.jpg,D:\.Candra\Project\TA\02_data\raw\Sitting_posture.v17i.yolov8\train\labels\ngatrai_mp4-0104_jpg.rf.2430cf0cda1db81b83013d2d13b536b2.txt,1280,720,66724,a198d376ba97e5d108ae4c16460aa2209619c2b6f5cb4f1b7167097424273207,81c9d19183828bc9,191.0271,395.2354,False,True,False,1,1,0,
train,D:\.Candra\Project\TA\02_data\raw\Sitting_posture.v17i.yolov8\train\images\ngatrai_mp4-0105_jpg.rf.b26be5d36d2e27e1d0bc64e8eaa00000.jpg,train\images\ngatrai_mp4-0105_jpg.rf.b26be5d36d2e27e1d0bc64e8eaa00000.jpg,D:\.Candra\Project\TA\02_data\raw\Sitting_posture.v17i.yolov8\train\labels\ngatrai_mp4-0105_jpg.rf.b26be5d36d2e27e1d0bc64e8eaa00000.txt,1280,720,66041,2204ddfc1a122337a1f9a827c09a8add3d63369a71d1aa88e0fa4f958e2ad339,81c9d19183828bc9,190.9917,374.4936,False,True,False,1,1,0,
train,D:\.Candra\Project\TA\02_data\raw\Sitting_posture.v17i.yolov8\train\images\ngatrai_mp4-0107_jpg.rf.4e3d53dfe3d8da1d8387627d67370021.jpg,train\images\ngatrai_mp4-0107_jpg.rf.4e3d53dfe3d8da1d8387627d67370021.jpg,D:\.Candra\Project\TA\02_data\raw\Sitting_posture.v17i.yolov8\train\labels\ngatrai_mp4-0107_jpg.rf.4e3d53dfe3d8da1d8387627d67370021.txt,1280,720,62978,35a26741ce64941595030b14e5cc7a21286f8c5363652c9acf3ee6681b44377f,81c1d191838289c9,190.7991,321.0376,False,True,False,1,1,0,
train,D:\.Candra\Project\TA\02_data\raw\Sitting_posture.v17i.yolov8\train\images\ngatrai_mp4-0108_jpg.rf.8be937e4f66c6dd75ccf28cfa2298ad4.jpg,train\images\ngatrai_mp4-0108_jpg.rf.8be937e4f66c6dd75ccf28cfa2298ad4.jpg,D:\.Candra\Project\TA\02_data\raw\Sitting_posture.v17i.yolov8\train\labels\ngatrai_mp4-0108_jpg.rf.8be937e4f66c6dd75ccf28cfa2298ad4.txt,1280,720,62364,b9b63c481266af0251556b8cdae465aa330d99d09eee97195e32312c7bf37fd2,81c1d193838289c9,190.7829,318.7785,False,True,False,1,1,0,
train,D:\.Candra\Project\TA\02_data\raw\Sitting_posture.v17i.yolov8\train\images\ngatrai_mp4-0109_jpg.rf.7298c0dba8ec8f659ab23a2e594fbd86.jpg,train\images\ngatrai_mp4-0109_jpg.rf.7298c0dba8ec8f659ab23a2e594fbd86.jpg,D:\.Candra\Project\TA\02_data\raw\Sitting_posture.v17i.yolov8\train\labels\ngatrai_mp4-0109_jpg.rf.7298c0dba8ec8f659ab23a2e594fbd86.txt,1280,720,62066,6e7213d6c8f65c0cf3fe0713b60c4be003b64261e4e06e689e5910d28ed35847,83d1d193828289c9,190.7693,313.7455,False,True,False,1,1,0,
train,D:\.Candra\Project\TA\02_data\raw\Sitting_posture.v17i.yolov8\train\images\ngatrai_mp4-0110_jpg.rf.9914b6be119304466d9c06ecba2f37b3.jpg,train\images\ngatrai_mp4-0110_jpg.rf.9914b6be119304466d9c06ecba2f37b3.jpg,D:\.Candra\Project\TA\02_data\raw\Sitting_posture.v17i.yolov8\train\labels\ngatrai_mp4-0110_jpg.rf.9914b6be119304466d9c06ecba2f37b3.txt,1280,720,61952,ee0b266e5229309f6aa32ca6aa0f5a001496bf2e932437ff5e8e455a0f663a36,83d3d3d3828289c9,190.7563,310.9644,False,True,False,1,1,0,
train,D:\.Candra\Project\TA\02_data\raw\Sitting_posture.v17i.yolov8\train\images\ngatrai_mp4-0111_jpg.rf.9ef15d61a1642164235c624027bd4b50.jpg,train\images\ngatrai_mp4-0111_jpg.rf.9ef15d61a1642164235c624027bd4b50.jpg,D:\.Candra\Project\TA\02_data\raw\Sitting_posture.v17i.yolov8\train\labels\ngatrai_mp4-0111_jpg.rf.9ef15d61a1642164235c624027bd4b50.txt,1280,720,60644,e287b77022981469dbbfbe7ddcbb7eb2edba2a0e7ebb244c571528c76b5ccf2f,83d3d3928282c9c9,191.043,300.0492,False,True,False,1,1,0,
train,D:\.Candra\Project\TA\02_data\raw\Sitting_posture.v17i.yolov8\train\images\ngatrai_mp4-0112_jpg.rf.c4a1a7758379386e3777d76ea88e3949.jpg,train\images\ngatrai_mp4-0112_jpg.rf.c4a1a7758379386e3777d76ea88e3949.jpg,D:\.Candra\Project\TA\02_data\raw\Sitting_posture.v17i.yolov8\train\labels\ngatrai_mp4-0112_jpg.rf.c4a1a7758379386e3777d76ea88e3949.txt,1280,720,60078,36536538fb568fdcf655b99575503a703b3a12db8c2fd294722fe50abf4e56a3,83d3d39282c6c9c9,191.2037,296.0869,False,True,False,1,1,0,
train,D:\.Candra\Project\TA\02_data\raw\Sitting_posture.v17i.yolov8\train\images\ngatrai_mp4-0113_jpg.rf.f1876b16ebf1fce1d0c78fde5b9c7af2.jpg,train\images\ngatrai_mp4-0113_jpg.rf.f1876b16ebf1fce1d0c78fde5b9c7af2.jpg,D:\.Candra\Project\TA\02_data\raw\Sitting_posture.v17i.yolov8\train\labels\ngatrai_mp4-0113_jpg.rf.f1876b16ebf1fce1d0c78fde5b9c7af2.txt,1280,720,60119,e763c8a8a880e8027e47814e9a5dba2a69df326beb9f13004636540581a06088,82d3d39286c6c9c9,191.2707,296.8675,False,True,False,1,1,0,
train,D:\.Candra\Project\TA\02_data\raw\Sitting_posture.v17i.yolov8\train\images\ngatrai_mp4-0114_jpg.rf.71811b018205df4ad09ec37212dc5aeb.jpg,train\images\ngatrai_mp4-0114_jpg.rf.71811b018205df4ad09ec37212dc5aeb.jpg,D:\.Candra\Project\TA\02_data\raw\Sitting_posture.v17i.yolov8\train\labels\ngatrai_mp4-0114_jpg.rf.71811b018205df4ad09ec37212dc5aeb.txt,1280,720,60941,c59bfe3ea28b72fc8541f8da1b98b565d646bf6156f1b45d471a1f9f0a633fde,82c2d29686c6c9d9,191.0642,299.0518,False,True,False,1,1,0,
train,D:\.Candra\Project\TA\02_data\raw\Sitting_posture.v17i.yolov8\train\images\ngatrai_mp4-0116_jpg.rf.6496d8456d802655803b4779183d92a2.jpg,train\images\ngatrai_mp4-0116_jpg.rf.6496d8456d802655803b4779183d92a2.jpg,D:\.Candra\Project\TA\02_data\raw\Sitting_posture.v17i.yolov8\train\labels\ngatrai_mp4-0116_jpg.rf.6496d8456d802655803b4779183d92a2.txt,1280,720,64505,10a2c5dc906298c76a148d6f34d95327e8238824a1f66ef79fe969c614840f67,8686c68484849999,189.4971,315.7097,False,True,False,1,1,0,
train,D:\.Candra\Project\TA\02_data\raw\Sitting_posture.v17i.yolov8\train\images\ngatrai_mp4-0117_jpg.rf.d9aa7dbf4cb75ab5aa59325d26f620a1.jpg,train\images\ngatrai_mp4-0117_jpg.rf.d9aa7dbf4cb75ab5aa59325d26f620a1.jpg,D:\.Candra\Project\TA\02_data\raw\Sitting_posture.v17i.yolov8\train\labels\ngatrai_mp4-0117_jpg.rf.d9aa7dbf4cb75ab5aa59325d26f620a1.txt,1280,720,65638,5dba487857dc7c88e9a9dec7bd598e48ef37ee5ae9bffa7fed843cf3d2aacfc6,8686c6a48484919b,188.9723,316.6628,False,True,False,1,1,0,
train,D:\.Candra\Project\TA\02_data\raw\Sitting_posture.v17i.yolov8\train\images\ngatrai_mp4-0120_jpg.rf.0901733a74fad86eac11c366484dffff.jpg,train\images\ngatrai_mp4-0120_jpg.rf.0901733a74fad86eac11c366484dffff.jpg,D:\.Candra\Project\TA\02_data\raw\Sitting_posture.v17i.yolov8\train\labels\ngatrai_mp4-0120_jpg.rf.0901733a74fad86eac11c366484dffff.txt,1280,720,69274,f0a838f7d3f75bd6695ef3d83c636e915d9b15204eff1f1d3413c12c8276b8bc,cccccc8ccc8c9393,186.8358,329.7185,False,True,False,1,1,0,
train,D:\.Candra\Project\TA\02_data\raw\Sitting_posture.v17i.yolov8\train\images\ngatrai_mp4-0121_jpg.rf.3dc9fdc8b65d7efff49e092623a4d9e4.jpg,train\images\ngatrai_mp4-0121_jpg.rf.3dc9fdc8b65d7efff49e092623a4d9e4.jpg,D:\.Candra\Project\TA\02_data\raw\Sitting_posture.v17i.yolov8\train\labels\ngatrai_mp4-0121_jpg.rf.3dc9fdc8b65d7efff49e092623a4d9e4.txt,1280,720,70938,9eaf245df6d7361e8c8ecd4aa5bd5eaf130e5eed49476c268a04ab3f46118813,cccccccccc8c9393,186.2684,338.8813,False,True,False,1,1,0,
train,D:\.Candra\Project\TA\02_data\raw\Sitting_posture.v17i.yolov8\train\images\ngatrai_mp4-0123_jpg.rf.c45661433e0af3a3d177bc3fcad5c134.jpg,train\images\ngatrai_mp4-0123_jpg.rf.c45661433e0af3a3d177bc3fcad5c134.jpg,D:\.Candra\Project\TA\02_data\raw\Sitting_posture.v17i.yolov8\train\labels\ngatrai_mp4-0123_jpg.rf.c45661433e0af3a3d177bc3fcad5c134.txt,1280,720,76943,c74a35ebd6d93226aed0a0280174fcc3ddb3d699ec9d4c92eee576cd98cff8bf,ccccccc8cc889193,185.6987,412.3859,False,True,False,1,1,0,
train,D:\.Candra\Project\TA\02_data\raw\Sitting_posture.v17i.yolov8\train\images\ngatrai_mp4-0125_jpg.rf.494745934392d94218bdeda278a83e7b.jpg,train\images\ngatrai_mp4-0125_jpg.rf.494745934392d94218bdeda278a83e7b.jpg,D:\.Candra\Project\TA\02_data\raw\Sitting_posture.v17i.yolov8\train\labels\ngatrai_mp4-0125_jpg.rf.494745934392d94218bdeda278a83e7b.txt,1280,720,78193,2e7f4bbe7a82df67905eaa2dd5a6131ae070d2bdd4d96c7a283cbc47554e568a,ccccccc8cc889193,185.9662,454.5518,False,True,False,1,1,0,
train,D:\.Candra\Project\TA\02_data\raw\Sitting_posture.v17i.yolov8\train\images\ngatrai_mp4-0126_jpg.rf.58c447d4d20ec70e28022d0b49f1d5f4.jpg,train\images\ngatrai_mp4-0126_jpg.rf.58c447d4d20ec70e28022d0b49f1d5f4.jpg,D:\.Candra\Project\TA\02_data\raw\Sitting_posture.v17i.yolov8\train\labels\ngatrai_mp4-0126_jpg.rf.58c447d4d20ec70e28022d0b49f1d5f4.txt,1280,720,77941,21962785cf206ec242d54f8494259e52579a367d70295c7b89d701cea6175459,ccccccc8cc889193,186.0984,453.0894,False,True,False,1,1,0,
train,D:\.Candra\Project\TA\02_data\raw\Sitting_posture.v17i.yolov8\train\images\ngatrai_mp4-0127_jpg.rf.4ed0103f58aae54f388795a03d020106.jpg,train\images\ngatrai_mp4-0127_jpg.rf.4ed0103f58aae54f388795a03d020106.jpg,D:\.Candra\Project\TA\02_data\raw\Sitting_posture.v17i.yolov8\train\labels\ngatrai_mp4-0127_jpg.rf.4ed0103f58aae54f388795a03d020106.txt,1280,720,77712,90b647b1c0c82227260431a5203e88792c4f6cf26f22b18b2c5eaeb3f2913d13,ccccccc8cc889193,186.1792,460.064,False,True,False,1,1,0,
train,D:\.Candra\Project\TA\02_data\raw\Sitting_posture.v17i.yolov8\train\images\ngatrai_mp4-0128_jpg.rf.95ca0abe517dfe87fa4ac1744d7cdba5.jpg,train\images\ngatrai_mp4-0128_jpg.rf.95ca0abe517dfe87fa4ac1744d7cdba5.jpg,D:\.Candra\Project\TA\02_data\raw\Sitting_posture.v17i.yolov8\train\labels\ngatrai_mp4-0128_jpg.rf.95ca0abe517dfe87fa4ac1744d7cdba5.txt,1280,720,77164,1c1e65b313ca5d4ba1fc64c4431a133bcc419e749eb46605bc025c17e7468efc,ccccccc8cc889193,186.1546,455.0068,False,True,False,1,1,0,
train,D:\.Candra\Project\TA\02_data\raw\Sitting_posture.v17i.yolov8\train\images\ngatrai_mp4-0129_jpg.rf.32cd41bab0f31410b73019a54f2403d7.jpg,train\images\ngatrai_mp4-0129_jpg.rf.32cd41bab0f31410b73019a54f2403d7.jpg,D:\.Candra\Project\TA\02_data\raw\Sitting_posture.v17i.yolov8\train\labels\ngatrai_mp4-0129_jpg.rf.32cd41bab0f31410b73019a54f2403d7.txt,1280,720,77590,3612240f19315e908cc48ee7fa1219cee617af4e58f024bba121f314147ea403,ccccccc8cc889193,186.1279,463.2079,False,True,False,1,1,0,
train,D:\.Candra\Project\TA\02_data\raw\Sitting_posture.v17i.yolov8\train\images\ngatrai_mp4-0131_jpg.rf.04dc882c1da6bdffcf2969669b7d2aae.jpg,train\images\ngatrai_mp4-0131_jpg.rf.04dc882c1da6bdffcf2969669b7d2aae.jpg,D:\.Candra\Project\TA\02_data\raw\Sitting_posture.v17i.yolov8\train\labels\ngatrai_mp4-0131_jpg.rf.04dc882c1da6bdffcf2969669b7d2aae.txt,1280,720,77881,468db51d8327e150f419b6733299fd7c5cf6d1b8909860f291aa0b903b23f40b,ccccccc8cc889193,186.0834,457.4523,False,True,False,1,1,0,
train,D:\.Candra\Project\TA\02_data\raw\Sitting_posture.v17i.yolov8\train\images\ngatrai_mp4-0134_jpg.rf.88074104f80515855f10df5b23526b9c.jpg,train\images\ngatrai_mp4-0134_jpg.rf.88074104f80515855f10df5b23526b9c.jpg,D:\.Candra\Project\TA\02_data\raw\Sitting_posture.v17i.yolov8\train\labels\ngatrai_mp4-0134_jpg.rf.88074104f80515855f10df5b23526b9c.txt,1280,720,77877,a591de016beadf7c3bfd085a208eb53973b75399ba969b15ce638596228b431d,ccccccc8cc8c9193,186.2128,464.3954,False,True,False,1,1,0,
train,D:\.Candra\Project\TA\02_data\raw\Sitting_posture.v17i.yolov8\train\images\ngatrai_mp4-0135_jpg.rf.44e341a274ea62124cdac60d45355d82.jpg,train\images\ngatrai_mp4-0135_jpg.rf.44e341a274ea62124cdac60d45355d82.jpg,D:\.Candra\Project\TA\02_data\raw\Sitting_posture.v17i.yolov8\train\labels\ngatrai_mp4-0135_jpg.rf.44e341a274ea62124cdac60d45355d82.txt,1280,720,78144,c54e41b2f08dd87c2435c5fd81400bb283877571e15cfddf09ba107fa9bb990f,ccccccc8cc8c9193,186.2574,469.9511,False,True,False,1,1,0,
train,D:\.Candra\Project\TA\02_data\raw\Sitting_posture.v17i.yolov8\train\images\ngatrai_mp4-0138_jpg.rf.324e0260a9cb822378a550f35a0de05c.jpg,train\images\ngatrai_mp4-0138_jpg.rf.324e0260a9cb822378a550f35a0de05c.jpg,D:\.Candra\Project\TA\02_data\raw\Sitting_posture.v17i.yolov8\train\labels\ngatrai_mp4-0138_jpg.rf.324e0260a9cb822378a550f35a0de05c.txt,1280,720,77444,39fb621795604eaf1f19756e59d6fce8614430eb62118fb264c07f8c778d7163,ccccccc8cc889193,186.4477,451.1026,False,True,False,1,1,0,
train,D:\.Candra\Project\TA\02_data\raw\Sitting_posture.v17i.yolov8\train\images\ngatrai_mp4-0140_jpg.rf.d9b3d9eb04fd645224bf7bafc9422be6.jpg,train\images\ngatrai_mp4-0140_jpg.rf.d9b3d9eb04fd645224bf7bafc9422be6.jpg,D:\.Candra\Project\TA\02_data\raw\Sitting_posture.v17i.yolov8\train\labels\ngatrai_mp4-0140_jpg.rf.d9b3d9eb04fd645224bf7bafc9422be6.txt,1280,720,75240,ff2d21ba8a3893f20670e049db0a95620375d7af21651c72f56eaa9fa7224bea,cccccccccc8c9193,186.7061,385.4274,False,True,False,1,1,0,
train,D:\.Candra\Project\TA\02_data\raw\Sitting_posture.v17i.yolov8\train\images\ngatrai_mp4-0141_jpg.rf.85254904cace3029214d570449e8a92c.jpg,train\images\ngatrai_mp4-0141_jpg.rf.85254904cace3029214d570449e8a92c.jpg,D:\.Candra\Project\TA\02_data\raw\Sitting_posture.v17i.yolov8\train\labels\ngatrai_mp4-0141_jpg.rf.85254904cace3029214d570449e8a92c.txt,1280,720,74294,1581e28cdc34f78f2a6af576fc06770279f6c64f4ceee56146c3969b5e076545,cccccccccc8c9193,186.8101,370.7743,False,True,False,1,1,0,
train,D:\.Candra\Project\TA\02_data\raw\Sitting_posture.v17i.yolov8\train\images\ngatrai_mp4-0143_jpg.rf.ee21d33d8fa2572d32b7ea5d1a06804e.jpg,train\images\ngatrai_mp4-0143_jpg.rf.ee21d33d8fa2572d32b7ea5d1a06804e.jpg,D:\.Candra\Project\TA\02_data\raw\Sitting_posture.v17i.yolov8\train\labels\ngatrai_mp4-0143_jpg.rf.ee21d33d8fa2572d32b7ea5d1a06804e.txt,1280,720,72325,1e50658630735bc7745bfe90b525b2c7df93f72bc0b95a20616b499c1978909a,cccccccccc8c9193,187.1704,346.7388,False,True,False,1,1,0,
train,D:\.Candra\Project\TA\02_data\raw\Sitting_posture.v17i.yolov8\train\images\ngatrai_mp4-0144_jpg.rf.c2831b3b30659f736f11e9db86d747f5.jpg,train\images\ngatrai_mp4-0144_jpg.rf.c2831b3b30659f736f11e9db86d747f5.jpg,D:\.Candra\Project\TA\02_data\raw\Sitting_posture.v17i.yolov8\train\labels\ngatrai_mp4-0144_jpg.rf.c2831b3b30659f736f11e9db86d747f5.txt,1280,720,71430,fc38ff27b5fb4a36220c449d93f4d61f079b6bed504d74ea16ce9a568aef6ba4,8ccccc8ccc8c9193,187.4038,340.9953,False,True,False,1,1,0,
train,D:\.Candra\Project\TA\02_data\raw\Sitting_posture.v17i.yolov8\train\images\ngatrai_mp4-0145_jpg.rf.3425256a505ff5dd357dc03dad9ed3eb.jpg,train\images\ngatrai_mp4-0145_jpg.rf.3425256a505ff5dd357dc03dad9ed3eb.jpg,D:\.Candra\Project\TA\02_data\raw\Sitting_posture.v17i.yolov8\train\labels\ngatrai_mp4-0145_jpg.rf.3425256a505ff5dd357dc03dad9ed3eb.txt,1280,720,69114,bc38d2c67a25fa0fc7b51ef03fe5f53e67930752fcab4871f10ef53e8949636c,8cccccaccc8c9193,187.8661,325.8764,False,True,False,1,1,0,
train,D:\.Candra\Project\TA\02_data\raw\Sitting_posture.v17i.yolov8\train\images\ngatrai_mp4-0146_jpg.rf.6a0c8fd426358af221306b126752efd2.jpg,train\images\ngatrai_mp4-0146_jpg.rf.6a0c8fd426358af221306b126752efd2.jpg,D:\.Candra\Project\TA\02_data\raw\Sitting_posture.v17i.yolov8\train\labels\ngatrai_mp4-0146_jpg.rf.6a0c8fd426358af221306b126752efd2.txt,1280,720,69277,478ff6b353f6ded00bc97e32aa832bf5ecad941941c974f2a8ded7d268a389e2,8cccccaccc849193,188.0758,364.7863,False,True,False,1,1,0,
train,D:\.Candra\Project\TA\02_data\raw\Sitting_posture.v17i.yolov8\train\images\ngatrai_mp4-0148_jpg.rf.e0c7685f0950dbe04d1558ed9236c489.jpg,train\images\ngatrai_mp4-0148_jpg.rf.e0c7685f0950dbe04d1558ed9236c489.jpg,D:\.Candra\Project\TA\02_data\raw\Sitting_posture.v17i.yolov8\train\labels\ngatrai_mp4-0148_jpg.rf.e0c7685f0950dbe04d1558ed9236c489.txt,1280,720,68321,d62a8a267f41125c9fcbd42e001420fe0b9744c2b3acb2424cd7ad7d66d383b8,84c4c4a4c4849193,188.6434,334.8825,False,True,False,1,1,0,
train,D:\.Candra\Project\TA\02_data\raw\Sitting_posture.v17i.yolov8\train\images\ngatrai_mp4-0150_jpg.rf.186f7c36685b7b7236051e090645c77f.jpg,train\images\ngatrai_mp4-0150_jpg.rf.186f7c36685b7b7236051e090645c77f.jpg,D:\.Candra\Project\TA\02_data\raw\Sitting_posture.v17i.yolov8\train\labels\ngatrai_mp4-0150_jpg.rf.186f7c36685b7b7236051e090645c77f.txt,1280,720,67436,e9b98c0f3279068f4989f452e8d4c3443c54686a7c232a164c1da03f7e3751a9,8686c6848484999b,189.2445,329.8544,False,True,False,1,1,0,
train,D:\.Candra\Project\TA\02_data\raw\Sitting_posture.v17i.yolov8\train\images\ngatrai_mp4-0151_jpg.rf.f9fd0b25764d6a7d828180c120201526.jpg,train\images\ngatrai_mp4-0151_jpg.rf.f9fd0b25764d6a7d828180c120201526.jpg,D:\.Candra\Project\TA\02_data\raw\Sitting_posture.v17i.yolov8\train\labels\ngatrai_mp4-0151_jpg.rf.f9fd0b25764d6a7d828180c120201526.txt,1280,720,67486,60179a4ee841e6ceaef0b4d349009bec7bb6b3ae9e2d480bde537c173de11d2f,8686c6848684999b,189.4492,331.8017,False,True,False,1,1,0,
train,D:\.Candra\Project\TA\02_data\raw\Sitting_posture.v17i.yolov8\train\images\ngatrai_mp4-0152_jpg.rf.9215c4943d7a90773214bc0c93cc0a87.jpg,train\images\ngatrai_mp4-0152_jpg.rf.9215c4943d7a90773214bc0c93cc0a87.jpg,D:\.Candra\Project\TA\02_data\raw\Sitting_posture.v17i.yolov8\train\labels\ngatrai_mp4-0152_jpg.rf.9215c4943d7a90773214bc0c93cc0a87.txt,1280,720,67530,3f3166ed810f98501ba8c1c376267cae0b38dc5ee68f000ff585e3237311c9cf,8686c68686c4999b,189.6483,333.3717,False,True,False,1,1,0,
train,D:\.Candra\Project\TA\02_data\raw\Sitting_posture.v17i.yolov8\train\images\ngatrai_mp4-0154_jpg.rf.8bf685d00b572f67f759bcef017701af.jpg,train\images\ngatrai_mp4-0154_jpg.rf.8bf685d00b572f67f759bcef017701af.jpg,D:\.Candra\Project\TA\02_data\raw\Sitting_posture.v17i.yolov8\train\labels\ngatrai_mp4-0154_jpg.rf.8bf685d00b572f67f759bcef017701af.txt,1280,720,67705,d24f2da692fb09b4dfedff577230cfcf85e3bb60ae35554de69be2c97cd78d9f,86c6c69686c4c999,190.2598,345.0552,False,True,False,1,1,0,
train,D:\.Candra\Project\TA\02_data\raw\Sitting_posture.v17i.yolov8\train\images\ngatrai_mp4-0155_jpg.rf.9663163fb2b131579847e7261addb7a3.jpg,train\images\ngatrai_mp4-0155_jpg.rf.9663163fb2b131579847e7261addb7a3.jpg,D:\.Candra\Project\TA\02_data\raw\Sitting_posture.v17i.yolov8\train\labels\ngatrai_mp4-0155_jpg.rf.9663163fb2b131579847e7261addb7a3.txt,1280,720,67671,12192d6ae80503e08fc15c007c5fcebd38d87db72a9c7848f59432ecd57cc922,86c6c69686c4c999,190.4371,346.0474,False,True,False,1,1,0,
train,D:\.Candra\Project\TA\02_data\raw\Sitting_posture.v17i.yolov8\train\images\ngatrai_mp4-0156_jpg.rf.e742beb5627d2cd7564261d47085a2d6.jpg,train\images\ngatrai_mp4-0156_jpg.rf.e742beb5627d2cd7564261d47085a2d6.jpg,D:\.Candra\Project\TA\02_data\raw\Sitting_posture.v17i.yolov8\train\labels\ngatrai_mp4-0156_jpg.rf.e742beb5627d2cd7564261d47085a2d6.txt,1280,720,67939,aa4237c27f61d1b6762253d7ad5aa6018d2415de13af1536ccb1444c236b3ed0,86c6c69686c6c999,190.5957,355.2417,False,True,False,1,1,0,
train,D:\.Candra\Project\TA\02_data\raw\Sitting_posture.v17i.yolov8\train\images\ngatrai_mp4-0157_jpg.rf.4199dfd2333d73d91f83318840324db6.jpg,train\images\ngatrai_mp4-0157_jpg.rf.4199dfd2333d73d91f83318840324db6.jpg,D:\.Candra\Project\TA\02_data\raw\Sitting_posture.v17i.yolov8\train\labels\ngatrai_mp4-0157_jpg.rf.4199dfd2333d73d91f83318840324db6.txt,1280,720,68048,315a3b4ba85672673856621e534296d2d72c88b6e673c56aa87f4ee948e06a49,82c2d29686c6c999,190.8572,366.4198,False,True,False,1,1,0,
train,D:\.Candra\Project\TA\02_data\raw\Sitting_posture.v17i.yolov8\train\images\ngatrai_mp4-0158_jpg.rf.0f9d5b90551856e6c9878f7cba9fd01a.jpg,train\images\ngatrai_mp4-0158_jpg.rf.0f9d5b90551856e6c9878f7cba9fd01a.jpg,D:\.Candra\Project\TA\02_data\raw\Sitting_posture.v17i.yolov8\train\labels\ngatrai_mp4-0158_jpg.rf.0f9d5b90551856e6c9878f7cba9fd01a.txt,1280,720,68195,d663e31637033c9b82e4e35f39fc75e7bd9a3b67954879e147aa4cec51c14b68,82d3d29686c6c999,190.9155,370.0008,False,True,False,1,1,0,
train,D:\.Candra\Project\TA\02_data\raw\Sitting_posture.v17i.yolov8\train\images\ngatrai_mp4-0159_jpg.rf.eb1390dc9bf4549ca4e9a5fa9e2f4503.jpg,train\images\ngatrai_mp4-0159_jpg.rf.eb1390dc9bf4549ca4e9a5fa9e2f4503.jpg,D:\.Candra\Project\TA\02_data\raw\Sitting_posture.v17i.yolov8\train\labels\ngatrai_mp4-0159_jpg.rf.eb1390dc9bf4549ca4e9a5fa9e2f4503.txt,1280,720,68195,d51c7745a9f2ca8b0c1b1e3db8a7d766437d51e8bdcf2bc649e98e3741e58a4d,82d3d29286c6c999,190.9404,369.6994,False,True,False,1,1,0,
train,D:\.Candra\Project\TA\02_data\raw\Sitting_posture.v17i.yolov8\train\images\ngatrai_mp4-0160_jpg.rf.83550b79f2b97c8ac0f356419c981ced.jpg,train\images\ngatrai_mp4-0160_jpg.rf.83550b79f2b97c8ac0f356419c981ced.jpg,D:\.Candra\Project\TA\02_data\raw\Sitting_posture.v17i.yolov8\train\labels\ngatrai_mp4-0160_jpg.rf.83550b79f2b97c8ac0f356419c981ced.txt,1280,720,68146,fa6671ef9e8b557535816ef7e3b8d5e2cad0138e6574f1751b8982198b603bd9,82d3d29286c6c999,190.9683,380.5054,False,True,False,1,1,0,
train,D:\.Candra\Project\TA\02_data\raw\Sitting_posture.v17i.yolov8\train\images\ngatrai_mp4-0162_jpg.rf.1a6885ff3899484aec141df68b156749.jpg,train\images\ngatrai_mp4-0162_jpg.rf.1a6885ff3899484aec141df68b156749.jpg,D:\.Candra\Project\TA\02_data\raw\Sitting_posture.v17i.yolov8\train\labels\ngatrai_mp4-0162_jpg.rf.1a6885ff3899484aec141df68b156749.txt,1280,720,69296,dab269b4f03f14f1bf098dbadbd8dde029835b562f342c64f2372b0178f13464,82d3d39286c6c999,190.8447,417.3102,False,True,False,1,1,0,
train,D:\.Candra\Project\TA\02_data\raw\Sitting_posture.v17i.yolov8\train\images\ngatrai_mp4-0164_jpg.rf.ccea98ca6a765e85879023c3ed533922.jpg,train\images\ngatrai_mp4-0164_jpg.rf.ccea98ca6a765e85879023c3ed533922.jpg,D:\.Candra\Project\TA\02_data\raw\Sitting_posture.v17i.yolov8\train\labels\ngatrai_mp4-0164_jpg.rf.ccea98ca6a765e85879023c3ed533922.txt,1280,720,69502,1701564208ff32c246d0778aac2f0274a1e72b93d52c4f8f617880d7d25f2c1c,82d3d39286c6c999,190.8203,419.4803,False,True,False,1,1,0,
train,D:\.Candra\Project\TA\02_data\raw\Sitting_posture.v17i.yolov8\train\images\ngatrai_mp4-0165_jpg.rf.05fd5c79ba06c680ce1a03dce9fcd265.jpg,train\images\ngatrai_mp4-0165_jpg.rf.05fd5c79ba06c680ce1a03dce9fcd265.jpg,D:\.Candra\Project\TA\02_data\raw\Sitting_posture.v17i.yolov8\train\labels\ngatrai_mp4-0165_jpg.rf.05fd5c79ba06c680ce1a03dce9fcd265.txt,1280,720,69577,467184449fbd0e19d2d44b111e3a30b87837c8574ea010d4d6bcb7c215355eb6,82d3d39286c6c999,190.8169,421.6208,False,True,False,1,1,0,
train,D:\.Candra\Project\TA\02_data\raw\Sitting_posture.v17i.yolov8\train\images\ngatrai_mp4-0166_jpg.rf.21f3ee1019eebafc75edd477a53f8c47.jpg,train\images\ngatrai_mp4-0166_jpg.rf.21f3ee1019eebafc75edd477a53f8c47.jpg,D:\.Candra\Project\TA\02_data\raw\Sitting_posture.v17i.yolov8\train\labels\ngatrai_mp4-0166_jpg.rf.21f3ee1019eebafc75edd477a53f8c47.txt,1280,720,69305,2302ffb7703296c23894aae50cc1dfd1667ea5fd3de9976e8a33131e43d526c2,82d3d39286c6c999,190.8776,417.2319,False,True,False,1,1,0,
train,D:\.Candra\Project\TA\02_data\raw\Sitting_posture.v17i.yolov8\train\images\ngatrai_mp4-0168_jpg.rf.fc0feb00c786785543462251567f61fa.jpg,train\images\ngatrai_mp4-0168_jpg.rf.fc0feb00c786785543462251567f61fa.jpg,D:\.Candra\Project\TA\02_data\raw\Sitting_posture.v17i.yolov8\train\labels\ngatrai_mp4-0168_jpg.rf.fc0feb00c786785543462251567f61fa.txt,1280,720,69563,e88ea7b8b1d9a24bd29acc9c1cc84f600aca87cd97a509343819c6f26b9045d7,82d3d39286c6c999,190.9466,417.6628,False,True,False,1,1,0,
train,D:\.Candra\Project\TA\02_data\raw\Sitting_posture.v17i.yolov8\train\images\ngatrai_mp4-0169_jpg.rf.64a9665f5c2696722cf111db40679c3e.jpg,train\images\ngatrai_mp4-0169_jpg.rf.64a9665f5c2696722cf111db40679c3e.jpg,D:\.Candra\Project\TA\02_data\raw\Sitting_posture.v17i.yolov8\train\labels\ngatrai_mp4-0169_jpg.rf.64a9665f5c2696722cf111db40679c3e.txt,1280,720,69599,74895ecb81af993fc4c9e4967bf5fd0eb530149332dcd1a0f00f59a43c753be1,82d3d39286c6c999,190.9207,422.7917,False,True,False,1,1,0,
train,D:\.Candra\Project\TA\02_data\raw\Sitting_posture.v17i.yolov8\train\images\ngatrai_mp4-0170_jpg.rf.6204719416d1935b0ad897486eb8226e.jpg,train\images\ngatrai_mp4-0170_jpg.rf.6204719416d1935b0ad897486eb8226e.jpg,D:\.Candra\Project\TA\02_data\raw\Sitting_posture.v17i.yolov8\train\labels\ngatrai_mp4-0170_jpg.rf.6204719416d1935b0ad897486eb8226e.txt,1280,720,68803,a1292799494088cc6338f45eff775d22d0f73520498165f3ed3b30987816d78f,82d3d39286c6c999,190.8497,450.0861,False,True,False,1,1,0,
train,D:\.Candra\Project\TA\02_data\raw\Sitting_posture.v17i.yolov8\train\images\ngatrai_mp4-0171_jpg.rf.798472328bc897c0f677e76aa35d5d3f.jpg,train\images\ngatrai_mp4-0171_jpg.rf.798472328bc897c0f677e76aa35d5d3f.jpg,D:\.Candra\Project\TA\02_data\raw\Sitting_posture.v17i.yolov8\train\labels\ngatrai_mp4-0171_jpg.rf.798472328bc897c0f677e76aa35d5d3f.txt,1280,720,68316,33cf4cbf5b0af2b50ee50040f054d89778dd8682b14bdeaaa3f51ba6953cc2b8,82d3d39286c6c999,190.8514,419.9725,False,True,False,1,1,0,
train,D:\.Candra\Project\TA\02_data\raw\Sitting_posture.v17i.yolov8\train\images\ngatrai_mp4-0172_jpg.rf.cb1dc9815718ceb9ccdfe8745112a85c.jpg,train\images\ngatrai_mp4-0172_jpg.rf.cb1dc9815718ceb9ccdfe8745112a85c.jpg,D:\.Candra\Project\TA\02_data\raw\Sitting_posture.v17i.yolov8\train\labels\ngatrai_mp4-0172_jpg.rf.cb1dc9815718ceb9ccdfe8745112a85c.txt,1280,720,67813,195f890f57d4b790b3222aae71e901cd5a72adc5f4df31a175597b0a067565c5,82d3d39286c6c999,190.9632,392.3403,False,True,False,1,1,0,
train,D:\.Candra\Project\TA\02_data\raw\Sitting_posture.v17i.yolov8\train\images\ngatrai_mp4-0177_jpg.rf.8eb8ddb62ffd2caa0436b309eb247f4d.jpg,train\images\ngatrai_mp4-0177_jpg.rf.8eb8ddb62ffd2caa0436b309eb247f4d.jpg,D:\.Candra\Project\TA\02_data\raw\Sitting_posture.v17i.yolov8\train\labels\ngatrai_mp4-0177_jpg.rf.8eb8ddb62ffd2caa0436b309eb247f4d.txt,1280,720,62215,5106aa3c6cedc13d220dda62a5293799c05fc23c9f1bb4b555b41901229f75b0,83d3d39282c2c9c9,191.1515,309.2192,False,True,False,1,1,0,
train,D:\.Candra\Project\TA\02_data\raw\Sitting_posture.v17i.yolov8\train\images\ngatrai_mp4-0178_jpg.rf.2bf1b916ac6275dd9eac7769cb94a287.jpg,train\images\ngatrai_mp4-0178_jpg.rf.2bf1b916ac6275dd9eac7769cb94a287.jpg,D:\.Candra\Project\TA\02_data\raw\Sitting_posture.v17i.yolov8\train\labels\ngatrai_mp4-0178_jpg.rf.2bf1b916ac6275dd9eac7769cb94a287.txt,1280,720,62933,1947d07c823c38470fcc8255f396fb2f7088bbce86869addea45a5abf79117e8,83d3d39282c2c9c9,191.1142,315.3902,False,True,False,1,1,0,
train,D:\.Candra\Project\TA\02_data\raw\Sitting_posture.v17i.yolov8\train\images\ngatrai_mp4-0179_jpg.rf.1ddac33a107e6ae96d15cb6abda0fd4a.jpg,train\images\ngatrai_mp4-0179_jpg.rf.1ddac33a107e6ae96d15cb6abda0fd4a.jpg,D:\.Candra\Project\TA\02_data\raw\Sitting_posture.v17i.yolov8\train\labels\ngatrai_mp4-0179_jpg.rf.1ddac33a107e6ae96d15cb6abda0fd4a.txt,1280,720,62812,e71bde15b4373bdc0926d48bad8043a6049d7933493668de5ae8b13faf9d998c,83d3d393828289c9,191.0372,316.5656,False,True,False,1,1,0,
train,D:\.Candra\Project\TA\02_data\raw\Sitting_posture.v17i.yolov8\train\images\ngatrai_mp4-0180_jpg.rf.dc0003f156c07258a4bbf130859eb9f6.jpg,train\images\ngatrai_mp4-0180_jpg.rf.dc0003f156c07258a4bbf130859eb9f6.jpg,D:\.Candra\Project\TA\02_data\raw\Sitting_posture.v17i.yolov8\train\labels\ngatrai_mp4-0180_jpg.rf.dc0003f156c07258a4bbf130859eb9f6.txt,1280,720,62863,ecdc37b4987ffa3701003f878b9e2e3c05524c1175a93963ead84c5419dccb12,83d3d393828289c9,190.9845,318.7075,False,True,False,1,1,0,
train,D:\.Candra\Project\TA\02_data\raw\Sitting_posture.v17i.yolov8\train\images\ngatrai_mp4-0181_jpg.rf.4b79101b7d08e5c496102f7844ba0a59.jpg,train\images\ngatrai_mp4-0181_jpg.rf.4b79101b7d08e5c496102f7844ba0a59.jpg,D:\.Candra\Project\TA\02_data\raw\Sitting_posture.v17i.yolov8\train\labels\ngatrai_mp4-0181_jpg.rf.4b79101b7d08e5c496102f7844ba0a59.txt,1280,720,63397,e174a8a9527213259136ed8d2a13229bd83dbcd3b7c792f274fba5ad210d1beb,83d1d193828289c9,190.943,323.334,False,True,False,1,1,0,
train,D:\.Candra\Project\TA\02_data\raw\Sitting_posture.v17i.yolov8\train\images\ngatrai_mp4-0187_jpg.rf.b826eb132c225a857724a71d75cb34cf.jpg,train\images\ngatrai_mp4-0187_jpg.rf.b826eb132c225a857724a71d75cb34cf.jpg,D:\.Candra\Project\TA\02_data\raw\Sitting_posture.v17i.yolov8\train\labels\ngatrai_mp4-0187_jpg.rf.b826eb132c225a857724a71d75cb34cf.txt,1280,720,66063,c4aaf8c1d50cdfb1e32e80bc2c16823ae3246c5c0104d1d5945731b1ac10379f,81c9d191838289c9,190.1764,379.1408,False,True,False,1,1,0,
train,D:\.Candra\Project\TA\02_data\raw\Sitting_posture.v17i.yolov8\train\images\ngatrai_mp4-0188_jpg.rf.37cdecb5195147886f93ef82b7bad313.jpg,train\images\ngatrai_mp4-0188_jpg.rf.37cdecb5195147886f93ef82b7bad313.jpg,D:\.Candra\Project\TA\02_data\raw\Sitting_posture.v17i.yolov8\train\labels\ngatrai_mp4-0188_jpg.rf.37cdecb5195147886f93ef82b7bad313.txt,1280,720,66804,b497e92463a16f5f2a9de675e6834395f62d5e7b07db753e2262cdc8c0853369,81c9d191838289c9,190.1732,402.3363,False,True,False,1,1,0,
train,D:\.Candra\Project\TA\02_data\raw\Sitting_posture.v17i.yolov8\train\images\ngatrai_mp4-0189_jpg.rf.eb20150ac0d46cfd7f705ff8ae177543.jpg,train\images\ngatrai_mp4-0189_jpg.rf.eb20150ac0d46cfd7f705ff8ae177543.jpg,D:\.Candra\Project\TA\02_data\raw\Sitting_posture.v17i.yolov8\train\labels\ngatrai_mp4-0189_jpg.rf.eb20150ac0d46cfd7f705ff8ae177543.txt,1280,720,67065,eeb9c2363516e8b68bb521dd2bf30aae3f500c7e7b892f4511b2715eaa60f2bd,81c9d191838289c9,190.2394,405.1986,False,True,False,1,1,0,
train,D:\.Candra\Project\TA\02_data\raw\Sitting_posture.v17i.yolov8\train\images\ngatrai_mp4-0190_jpg.rf.5a83c66608225f9ceec7833778f17534.jpg,train\images\ngatrai_mp4-0190_jpg.rf.5a83c66608225f9ceec7833778f17534.jpg,D:\.Candra\Project\TA\02_data\raw\Sitting_posture.v17i.yolov8\train\labels\ngatrai_mp4-0190_jpg.rf.5a83c66608225f9ceec7833778f17534.txt,1280,720,67142,923014b55399896fdb80883101013b86f887481bc4f514a8a99bda043a1f2d5f,81c9d191838289c9,190.2801,404.1316,False,True,False,1,1,0,
train,D:\.Candra\Project\TA\02_data\raw\Sitting_posture.v17i.yolov8\train\images\ngatrai_mp4-0192_jpg.rf.8b6bfbb8309d516ab56307302d8ccfcf.jpg,train\images\ngatrai_mp4-0192_jpg.rf.8b6bfbb8309d516ab56307302d8ccfcf.jpg,D:\.Candra\Project\TA\02_data\raw\Sitting_posture.v17i.yolov8\train\labels\ngatrai_mp4-0192_jpg.rf.8b6bfbb8309d516ab56307302d8ccfcf.txt,1280,720,67438,48cfcac64b0b8e304c3b5b6350b5d91987aa41e440f5a938a53dbcae30ebabd4,81c9d191838289c9,190.3385,408.8788,False,True,False,1,1,0,
train,D:\.Candra\Project\TA\02_data\raw\Sitting_posture.v17i.yolov8\train\images\ngatrai_mp4-0195_jpg.rf.500d39bca16d80dbeae5170cea5ed48b.jpg,train\images\ngatrai_mp4-0195_jpg.rf.500d39bca16d80dbeae5170cea5ed48b.jpg,D:\.Candra\Project\TA\02_data\raw\Sitting_posture.v17i.yolov8\train\labels\ngatrai_mp4-0195_jpg.rf.500d39bca16d80dbeae5170cea5ed48b.txt,1280,720,66573,cafa14d31bc45c8a1657b459d10d090a7ca053de275c6d78feb732d57416363c,81c9d191838289c9,190.2859,431.4114,False,True,False,1,1,0,
train,D:\.Candra\Project\TA\02_data\raw\Sitting_posture.v17i.yolov8\train\images\ngatrai_mp4-0196_jpg.rf.c7c67de382edfc8e3a069929b6390939.jpg,train\images\ngatrai_mp4-0196_jpg.rf.c7c67de382edfc8e3a069929b6390939.jpg,D:\.Candra\Project\TA\02_data\raw\Sitting_posture.v17i.yolov8\train\labels\ngatrai_mp4-0196_jpg.rf.c7c67de382edfc8e3a069929b6390939.txt,1280,720,66710,fdb6f558e23c358c01398a9ee14245e37073f690332a385de1532815d8d2a31d,81c9d191838289c9,190.3328,409.197,False,True,False,1,1,0,
train,D:\.Candra\Project\TA\02_data\raw\Sitting_posture.v17i.yolov8\train\images\ngatrai_mp4-0197_jpg.rf.82631e1760a8e1602ae374410ebc18ce.jpg,train\images\ngatrai_mp4-0197_jpg.rf.82631e1760a8e1602ae374410ebc18ce.jpg,D:\.Candra\Project\TA\02_data\raw\Sitting_posture.v17i.yolov8\train\labels\ngatrai_mp4-0197_jpg.rf.82631e1760a8e1602ae374410ebc18ce.txt,1280,720,66524,142ba88a962aab487e5256b5672f72d8ddb2240e2a5f4f0a77437e89d8a270d5,81c9d191838289c9,190.3593,400.2416,False,True,False,1,1,0,
train,D:\.Candra\Project\TA\02_data\raw\Sitting_posture.v17i.yolov8\train\images\ngatrai_mp4-0200_jpg.rf.19b63b95038333546c22c1c344382e80.jpg,train\images\ngatrai_mp4-0200_jpg.rf.19b63b95038333546c22c1c344382e80.jpg,D:\.Candra\Project\TA\02_data\raw\Sitting_posture.v17i.yolov8\train\labels\ngatrai_mp4-0200_jpg.rf.19b63b95038333546c22c1c344382e80.txt,1280,720,66446,4333faacea5a3e702764a70969d60d7eef9691fb2d63652dc364c8785bc99945,81c9d191838289c9,190.3512,386.1559,False,True,False,1,1,0,
train,D:\.Candra\Project\TA\02_data\raw\Sitting_posture.v17i.yolov8\train\images\ngatrai_mp4-0201_jpg.rf.1461179ecea4648acba8a006c45a8bb7.jpg,train\images\ngatrai_mp4-0201_jpg.rf.1461179ecea4648acba8a006c45a8bb7.jpg,D:\.Candra\Project\TA\02_data\raw\Sitting_posture.v17i.yolov8\train\labels\ngatrai_mp4-0201_jpg.rf.1461179ecea4648acba8a006c45a8bb7.txt,1280,720,66829,7a7244c85f22f0e97ffed6a0bd7a71f1846a574e5d6f4ff53459bdd805836a75,81c9d191838289c9,190.3182,397.0349,False,True,False,1,1,0,
train,D:\.Candra\Project\TA\02_data\raw\Sitting_posture.v17i.yolov8\train\images\ngatrai_mp4-0202_jpg.rf.134b529fea83444ad44cb95abe5ac419.jpg,train\images\ngatrai_mp4-0202_jpg.rf.134b529fea83444ad44cb95abe5ac419.jpg,D:\.Candra\Project\TA\02_data\raw\Sitting_posture.v17i.yolov8\train\labels\ngatrai_mp4-0202_jpg.rf.134b529fea83444ad44cb95abe5ac419.txt,1280,720,67099,a46e2f82bbeff97d775d667557a39e990069d479b1580ad4132fc73b882ef849,81c9d191838389c9,190.3129,400.9352,False,True,False,1,1,0,
train,D:\.Candra\Project\TA\02_data\raw\Sitting_posture.v17i.yolov8\train\images\ngatrai_mp4-0206_jpg.rf.19c7c56a93c0c7b0de7d504d66f9825f.jpg,train\images\ngatrai_mp4-0206_jpg.rf.19c7c56a93c0c7b0de7d504d66f9825f.jpg,D:\.Candra\Project\TA\02_data\raw\Sitting_posture.v17i.yolov8\train\labels\ngatrai_mp4-0206_jpg.rf.19c7c56a93c0c7b0de7d504d66f9825f.txt,1280,720,65586,ee67fd5870799b77b41e95e8fc51ed41ca64b7c344d1922ac86c33233c32dc5a,81c9d191838289c9,190.8033,371.5806,False,True,False,1,1,0,
train,D:\.Candra\Project\TA\02_data\raw\Sitting_posture.v17i.yolov8\train\images\ngatrai_mp4-0209_jpg.rf.ee683236f18389c2bc198f1bfe7983a6.jpg,train\images\ngatrai_mp4-0209_jpg.rf.ee683236f18389c2bc198f1bfe7983a6.jpg,D:\.Candra\Project\TA\02_data\raw\Sitting_posture.v17i.yolov8\train\labels\ngatrai_mp4-0209_jpg.rf.ee683236f18389c2bc198f1bfe7983a6.txt,1280,720,65088,94a15b5bda050aee75e657737a94f569c95add5e5d211f442da2056e1c8ed3bc,81c1d1d1838289c9,190.6452,356.6033,False,True,False,1,1,0,
train,D:\.Candra\Project\TA\02_data\raw\Sitting_posture.v17i.yolov8\train\images\ngatrai_mp4-0210_jpg.rf.ceb9ba9c3204ccd63711e1d74d44e01e.jpg,train\images\ngatrai_mp4-0210_jpg.rf.ceb9ba9c3204ccd63711e1d74d44e01e.jpg,D:\.Candra\Project\TA\02_data\raw\Sitting_posture.v17i.yolov8\train\labels\ngatrai_mp4-0210_jpg.rf.ceb9ba9c3204ccd63711e1d74d44e01e.txt,1280,720,64911,cff03f56cdf5158e9c088f2c80c278bb966d6d8620572a5b9703097afe59eac5,81c1d1d1838289c9,190.5237,353.1689,False,True,False,1,1,0,
train,D:\.Candra\Project\TA\02_data\raw\Sitting_posture.v17i.yolov8\train\images\ngatrai_mp4-0211_jpg.rf.206246098b15a746b368698e9cd4de4b.jpg,train\images\ngatrai_mp4-0211_jpg.rf.206246098b15a746b368698e9cd4de4b.jpg,D:\.Candra\Project\TA\02_data\raw\Sitting_posture.v17i.yolov8\train\labels\ngatrai_mp4-0211_jpg.rf.206246098b15a746b368698e9cd4de4b.txt,1280,720,65851,ac588f34a62fea95290f50860926ba8b1ca44a6cf28e28c1a1c1ff4242df2d85,81c1d1d1838289c9,190.3892,368.2522,False,True,False,1,1,0,
train,D:\.Candra\Project\TA\02_data\raw\Sitting_posture.v17i.yolov8\train\images\ngatrai_mp4-0212_jpg.rf.fcb17b0b0e2f9a1181eda54105733192.jpg,train\images\ngatrai_mp4-0212_jpg.rf.fcb17b0b0e2f9a1181eda54105733192.jpg,D:\.Candra\Project\TA\02_data\raw\Sitting_posture.v17i.yolov8\train\labels\ngatrai_mp4-0212_jpg.rf.fcb17b0b0e2f9a1181eda54105733192.txt,1280,720,66855,7227b320db26996787e5d09bd215934b7816675103925c0eaee208f47ad2664f,81c1d1d3838289c9,190.294,400.3036,False,True,False,1,1,0,
train,D:\.Candra\Project\TA\02_data\raw\Sitting_posture.v17i.yolov8\train\images\ngatrai_mp4-0213_jpg.rf.73cc8dfd44a1560e28ae13d801d01d57.jpg,train\images\ngatrai_mp4-0213_jpg.rf.73cc8dfd44a1560e28ae13d801d01d57.jpg,D:\.Candra\Project\TA\02_data\raw\Sitting_posture.v17i.yolov8\train\labels\ngatrai_mp4-0213_jpg.rf.73cc8dfd44a1560e28ae13d801d01d57.txt,1280,720,67011,f723cfa1724bd90ba0dbc33b3bceed513ba697f040b66b638a39bbf2653afeff,81c1d191838289c9,190.2463,397.1885,False,True,False,1,1,0,
train,D:\.Candra\Project\TA\02_data\raw\Sitting_posture.v17i.yolov8\train\images\ngatrai_mp4-0214_jpg.rf.5e5c269a18db7382fa4e744a9e8e4bfb.jpg,train\images\ngatrai_mp4-0214_jpg.rf.5e5c269a18db7382fa4e744a9e8e4bfb.jpg,D:\.Candra\Project\TA\02_data\raw\Sitting_posture.v17i.yolov8\train\labels\ngatrai_mp4-0214_jpg.rf.5e5c269a18db7382fa4e744a9e8e4bfb.txt,1280,720,67049,c24383f5f504f2bfd62e28113a4e0085dc3e1c6aea92eff1e31538a41eb408ff,81c1d1d1838289c9,190.2212,402.1817,False,True,False,1,1,0,
train,D:\.Candra\Project\TA\02_data\raw\Sitting_posture.v17i.yolov8\train\images\ngatrai_mp4-0216_jpg.rf.cb25b557e82cb9dabf5db01b91a45e48.jpg,train\images\ngatrai_mp4-0216_jpg.rf.cb25b557e82cb9dabf5db01b91a45e48.jpg,D:\.Candra\Project\TA\02_data\raw\Sitting_posture.v17i.yolov8\train\labels\ngatrai_mp4-0216_jpg.rf.cb25b557e82cb9dabf5db01b91a45e48.txt,1280,720,67260,f3f7b6ea9b33da5b0477e7e5a0b03d0bc2445ed8f0bf9ec9534678074a2ebb09,81c1d191838289c9,190.0593,411.314,False,True,False,1,1,0,
train,D:\.Candra\Project\TA\02_data\raw\Sitting_posture.v17i.yolov8\train\images\ngatrai_mp4-0217_jpg.rf.a8ff4365e3fb455b83ae1afa925f72ca.jpg,train\images\ngatrai_mp4-0217_jpg.rf.a8ff4365e3fb455b83ae1afa925f72ca.jpg,D:\.Candra\Project\TA\02_data\raw\Sitting_posture.v17i.yolov8\train\labels\ngatrai_mp4-0217_jpg.rf.a8ff4365e3fb455b83ae1afa925f72ca.txt,1280,720,65986,3f04af35d1b6ee510356fedfc62c6df0f886e3ed53181bc65eaa6c283a1d75de,81c1d1d1838289c9,189.6,386.6274,False,True,False,1,1,0,
train,D:\.Candra\Project\TA\02_data\raw\Sitting_posture.v17i.yolov8\train\images\ngatrai_mp4-0218_jpg.rf.d4c3c11b7570bf543c4cd6c231c87e15.jpg,train\images\ngatrai_mp4-0218_jpg.rf.d4c3c11b7570bf543c4cd6c231c87e15.jpg,D:\.Candra\Project\TA\02_data\raw\Sitting_posture.v17i.yolov8\train\labels\ngatrai_mp4-0218_jpg.rf.d4c3c11b7570bf543c4cd6c231c87e15.txt,1280,720,65452,4068e1a37f4dd6697491f552fb72c9eb28aab8e64e3d2c705443ad0b00d05ac2,81c1d1d1838289c9,189.4787,362.9586,False,True,False,1,1,0,
train,D:\.Candra\Project\TA\02_data\raw\Sitting_posture.v17i.yolov8\train\images\ngatrai_mp4-0219_jpg.rf.0bc86a276b778fd1c852f2b4968103d8.jpg,train\images\ngatrai_mp4-0219_jpg.rf.0bc86a276b778fd1c852f2b4968103d8.jpg,D:\.Candra\Project\TA\02_data\raw\Sitting_posture.v17i.yolov8\train\labels\ngatrai_mp4-0219_jpg.rf.0bc86a276b778fd1c852f2b4968103d8.txt,1280,720,63345,a65e9ba5a33ae6149e5c1a747257f59176e0d98e1f6f580b58d3de57cd18f8f4,81c1d193838289c9,189.3935,350.0799,False,True,False,1,1,0,
train,D:\.Candra\Project\TA\02_data\raw\Sitting_posture.v17i.yolov8\train\images\ngatrai_mp4-0220_jpg.rf.4e6e9533646e6c55c724fdb61d0fedc9.jpg,train\images\ngatrai_mp4-0220_jpg.rf.4e6e9533646e6c55c724fdb61d0fedc9.jpg,D:\.Candra\Project\TA\02_data\raw\Sitting_posture.v17i.yolov8\train\labels\ngatrai_mp4-0220_jpg.rf.4e6e9533646e6c55c724fdb61d0fedc9.txt,1280,720,61915,7815574f0ef47284cb29cb38f4ef180d13e6a33f19aeead24f0038d49968dac6,83d1d193828289c9,189.4648,321.4734,False,True,False,1,1,0,
train,D:\.Candra\Project\TA\02_data\raw\Sitting_posture.v17i.yolov8\train\images\ngatrai_mp4-0222_jpg.rf.cc466009a1e01bb59786fd58d644f213.jpg,train\images\ngatrai_mp4-0222_jpg.rf.cc466009a1e01bb59786fd58d644f213.jpg,D:\.Candra\Project\TA\02_data\raw\Sitting_posture.v17i.yolov8\train\labels\ngatrai_mp4-0222_jpg.rf.cc466009a1e01bb59786fd58d644f213.txt,1280,720,60840,64289611cc0e869e427bbbcbb03c050e1cc8dd80d94674f072a89e02e8b8fc96,83d3d39382c2c9c9,189.6014,304.3478,False,True,False,1,1,0,
train,D:\.Candra\Project\TA\02_data\raw\Sitting_posture.v17i.yolov8\train\images\ngatrai_mp4-0223_jpg.rf.633ff2791cd982145bb7d7d130b3fb53.jpg,train\images\ngatrai_mp4-0223_jpg.rf.633ff2791cd982145bb7d7d130b3fb53.jpg,D:\.Candra\Project\TA\02_data\raw\Sitting_posture.v17i.yolov8\train\labels\ngatrai_mp4-0223_jpg.rf.633ff2791cd982145bb7d7d130b3fb53.txt,1280,720,60628,105536a16a02147d95685f3f90c3c67dd4d31aba914cf92a52d5cb0fb63c5ea1,83d3d39282c2c9c9,189.6595,300.4309,False,True,False,1,1,0,
train,D:\.Candra\Project\TA\02_data\raw\Sitting_posture.v17i.yolov8\train\images\ngatrai_mp4-0224_jpg.rf.d5f429b1f733684cc5169209adf57183.jpg,train\images\ngatrai_mp4-0224_jpg.rf.d5f429b1f733684cc5169209adf57183.jpg,D:\.Candra\Project\TA\02_data\raw\Sitting_posture.v17i.yolov8\train\labels\ngatrai_mp4-0224_jpg.rf.d5f429b1f733684cc5169209adf57183.txt,1280,720,60177,a7570f76ef35975ac6169dea76523aeaba1602a150ef99ea1dd6ea0bb434624e,83d3d39286c6c9d9,189.7525,295.2206,False,True,False,1,1,0,
train,D:\.Candra\Project\TA\02_data\raw\Sitting_posture.v17i.yolov8\train\images\ngatrai_mp4-0225_jpg.rf.c64acf3c342f05ad64a8f8d4ce61c214.jpg,train\images\ngatrai_mp4-0225_jpg.rf.c64acf3c342f05ad64a8f8d4ce61c214.jpg,D:\.Candra\Project\TA\02_data\raw\Sitting_posture.v17i.yolov8\train\labels\ngatrai_mp4-0225_jpg.rf.c64acf3c342f05ad64a8f8d4ce61c214.txt,1280,720,61091,061a54a44e1653135cb08aa734574e88cbe942e37b01b91ce151655f7d6accfc,82c3d29686c6c999,189.7253,297.2186,False,True,False,1,1,0,
train,D:\.Candra\Project\TA\02_data\raw\Sitting_posture.v17i.yolov8\train\images\ngatrai_mp4-0229_jpg.rf.01e814189167611632d9f372f0e6674e.jpg,train\images\ngatrai_mp4-0229_jpg.rf.01e814189167611632d9f372f0e6674e.jpg,D:\.Candra\Project\TA\02_data\raw\Sitting_posture.v17i.yolov8\train\labels\ngatrai_mp4-0229_jpg.rf.01e814189167611632d9f372f0e6674e.txt,1280,720,65573,eacec94d25a86de7e34f6500c868c5ae5dc6563b7bca8e55d8ccadf99cba4e7f,8686c6a484849193,188.4617,319.3977,False,True,False,1,1,0,
train,D:\.Candra\Project\TA\02_data\raw\Sitting_posture.v17i.yolov8\train\images\ngatrai_mp4-0230_jpg.rf.2d4510ecad9b95057be89d272cd2c4c0.jpg,train\images\ngatrai_mp4-0230_jpg.rf.2d4510ecad9b95057be89d272cd2c4c0.jpg,D:\.Candra\Project\TA\02_data\raw\Sitting_posture.v17i.yolov8\train\labels\ngatrai_mp4-0230_jpg.rf.2d4510ecad9b95057be89d272cd2c4c0.txt,1280,720,67787,ef6eb14799db218e08002e4b43f8a42488590bcdf253972797f8c332637f42e9,84c4c4a4cc849193,187.8504,324.5953,False,True,False,1,1,0,
train,D:\.Candra\Project\TA\02_data\raw\Sitting_posture.v17i.yolov8\train\images\ngatrai_mp4-0231_jpg.rf.cc01cda38a942d82b8fc59101e9c6ca8.jpg,train\images\ngatrai_mp4-0231_jpg.rf.cc01cda38a942d82b8fc59101e9c6ca8.jpg,D:\.Candra\Project\TA\02_data\raw\Sitting_posture.v17i.yolov8\train\labels\ngatrai_mp4-0231_jpg.rf.cc01cda38a942d82b8fc59101e9c6ca8.txt,1280,720,68656,3da4870c54fedc6c33aefc699ec170d2cd1c8435d2d2af1404712cb885529a5b,8cccccaccc8c9193,187.4977,326.2964,False,True,False,1,1,0,
train,D:\.Candra\Project\TA\02_data\raw\Sitting_posture.v17i.yolov8\train\images\ngatrai_mp4-0232_jpg.rf.7c9db14b0ae790b33348b768c7d26f8c.jpg,train\images\ngatrai_mp4-0232_jpg.rf.7c9db14b0ae790b33348b768c7d26f8c.jpg,D:\.Candra\Project\TA\02_data\raw\Sitting_posture.v17i.yolov8\train\labels\ngatrai_mp4-0232_jpg.rf.7c9db14b0ae790b33348b768c7d26f8c.txt,1280,720,69609,6a59ae3abc7be045565c35ee5fd56725aad6575349382512404f9538a2f89c9d,cccccccccc8c9193,187.1893,332.687,False,True,False,1,1,0,
train,D:\.Candra\Project\TA\02_data\raw\Sitting_posture.v17i.yolov8\train\images\ngatrai_mp4-0234_jpg.rf.09a9857932d1c91ec625e80192642da9.jpg,train\images\ngatrai_mp4-0234_jpg.rf.09a9857932d1c91ec625e80192642da9.jpg,D:\.Candra\Project\TA\02_data\raw\Sitting_posture.v17i.yolov8\train\labels\ngatrai_mp4-0234_jpg.rf.09a9857932d1c91ec625e80192642da9.txt,1280,720,71291,46769b02332f1c94859f057649107ae050d650a90acaeaf5edfb94d7b7eb50bf,c8ccc8c8cc889193,186.5895,337.021,False,True,False,1,1,0,
train,D:\.Candra\Project\TA\02_data\raw\Sitting_posture.v17i.yolov8\train\images\ngatrai_mp4-0236_jpg.rf.99e652af7fedf5b4858c4dc9096cf554.jpg,train\images\ngatrai_mp4-0236_jpg.rf.99e652af7fedf5b4858c4dc9096cf554.jpg,D:\.Candra\Project\TA\02_data\raw\Sitting_posture.v17i.yolov8\train\labels\ngatrai_mp4-0236_jpg.rf.99e652af7fedf5b4858c4dc9096cf554.txt,1280,720,76880,6327ee74830265ceed0d0068ccf36fd81c9b12fc19f468b3105038bf315e5b72,c8c8c8c8c88891b3,186.3667,433.6971,False,True,False,1,1,0,
train,D:\.Candra\Project\TA\02_data\raw\Sitting_posture.v17i.yolov8\train\images\ngatrai_mp4-0239_jpg.rf.c2239dca0278cfbf2ee6cf9afcbe3e49.jpg,train\images\ngatrai_mp4-0239_jpg.rf.c2239dca0278cfbf2ee6cf9afcbe3e49.jpg,D:\.Candra\Project\TA\02_data\raw\Sitting_posture.v17i.yolov8\train\labels\ngatrai_mp4-0239_jpg.rf.c2239dca0278cfbf2ee6cf9afcbe3e49.txt,1280,720,77386,684b8a5ee9f2f9d61b4f7031890a4d691b478dede3de9c6148dbc5c6d6fa4e72,c8ccc8c8cc889193,186.1818,414.5847,False,True,False,1,1,0,
train,D:\.Candra\Project\TA\02_data\raw\Sitting_posture.v17i.yolov8\train\images\ngatrai_mp4-0242_jpg.rf.3b865a96c3e3e0ef7b5f0aae50d0080c.jpg,train\images\ngatrai_mp4-0242_jpg.rf.3b865a96c3e3e0ef7b5f0aae50d0080c.jpg,D:\.Candra\Project\TA\02_data\raw\Sitting_posture.v17i.yolov8\train\labels\ngatrai_mp4-0242_jpg.rf.3b865a96c3e3e0ef7b5f0aae50d0080c.txt,1280,720,78679,99e1628c36aa57802e1a361b1e662fe1ae298f7b45dc4e476feea61293349462,c8ccc8c8cc8891b3,185.3669,459.6531,False,True,False,1,1,0,
train,D:\.Candra\Project\TA\02_data\raw\Sitting_posture.v17i.yolov8\train\images\ngatrai_mp4-0243_jpg.rf.6ce81d359c7479033c5452ebeb0bd185.jpg,train\images\ngatrai_mp4-0243_jpg.rf.6ce81d359c7479033c5452ebeb0bd185.jpg,D:\.Candra\Project\TA\02_data\raw\Sitting_posture.v17i.yolov8\train\labels\ngatrai_mp4-0243_jpg.rf.6ce81d359c7479033c5452ebeb0bd185.txt,1280,720,80447,d6be064a1223488df3ca9fb5fa812dc91f7bd2114f9f45d512b3ce700ba993b6,c8ccc8c8cc8891b3,185.0624,519.5899,False,True,False,1,1,0,
train,D:\.Candra\Project\TA\02_data\raw\Sitting_posture.v17i.yolov8\train\images\ngatrai_mp4-0244_jpg.rf.a4512113127bcc8356a915121bb92d8a.jpg,train\images\ngatrai_mp4-0244_jpg.rf.a4512113127bcc8356a915121bb92d8a.jpg,D:\.Candra\Project\TA\02_data\raw\Sitting_posture.v17i.yolov8\train\labels\ngatrai_mp4-0244_jpg.rf.a4512113127bcc8356a915121bb92d8a.txt,1280,720,79921,11f5221b19b6f033dd102a70891bc5a2b3d0ea9e6d7dd88d2e2a5875acabe496,c8ccc8c8cc8891b3,185.1504,486.2706,False,True,False,1,1,0,
train,D:\.Candra\Project\TA\02_data\raw\Sitting_posture.v17i.yolov8\train\images\ngatrai_mp4-0245_jpg.rf.3d497b8e8364f85eca926618a1d0acfc.jpg,train\images\ngatrai_mp4-0245_jpg.rf.3d497b8e8364f85eca926618a1d0acfc.jpg,D:\.Candra\Project\TA\02_data\raw\Sitting_posture.v17i.yolov8\train\labels\ngatrai_mp4-0245_jpg.rf.3d497b8e8364f85eca926618a1d0acfc.txt,1280,720,80587,03dae35a34b893082539fd3a510d4273cc0a961e00431e6f8ff42c0d3b0a1406,c8ccc8c8cc8891b3,185.255,486.3325,False,True,False,1,1,0,
train,D:\.Candra\Project\TA\02_data\raw\Sitting_posture.v17i.yolov8\train\images\ngatrai_mp4-0246_jpg.rf.5d99af19b418c9aa7b7f9ac4b22de138.jpg,train\images\ngatrai_mp4-0246_jpg.rf.5d99af19b418c9aa7b7f9ac4b22de138.jpg,D:\.Candra\Project\TA\02_data\raw\Sitting_posture.v17i.yolov8\train\labels\ngatrai_mp4-0246_jpg.rf.5d99af19b418c9aa7b7f9ac4b22de138.txt,1280,720,79134,0dfe2a801d5d42264090f6a2b5a4d8794a169d24956f62ac56f9bcb3b413d35c,c8ccc8c8cc889193,186.5966,479.0394,False,True,False,1,1,0,
train,D:\.Candra\Project\TA\02_data\raw\Sitting_posture.v17i.yolov8\train\images\ngatrai_mp4-0247_jpg.rf.0dd381c14b9da88de64185a01195d257.jpg,train\images\ngatrai_mp4-0247_jpg.rf.0dd381c14b9da88de64185a01195d257.jpg,D:\.Candra\Project\TA\02_data\raw\Sitting_posture.v17i.yolov8\train\labels\ngatrai_mp4-0247_jpg.rf.0dd381c14b9da88de64185a01195d257.txt,1280,720,79041,ee8c7369cc7c668e2d5be9d50edd16f7bfe1cdb8be48140195aa080f6da949b6,c8ccc8c8cc889193,186.7779,480.5864,False,True,False,1,1,0,
train,D:\.Candra\Project\TA\02_data\raw\Sitting_posture.v17i.yolov8\train\images\ngatrai_mp4-0248_jpg.rf.f07e52347f3d7035982c5e83ee2934c4.jpg,train\images\ngatrai_mp4-0248_jpg.rf.f07e52347f3d7035982c5e83ee2934c4.jpg,D:\.Candra\Project\TA\02_data\raw\Sitting_posture.v17i.yolov8\train\labels\ngatrai_mp4-0248_jpg.rf.f07e52347f3d7035982c5e83ee2934c4.txt,1280,720,79034,9c1b96034ecc94669166f89424cd7f191a16575d1d0215b0b7cc5601dc3a70b3,c8ccc8c8cc889193,186.9037,478.9753,False,True,False,1,1,0,
train,D:\.Candra\Project\TA\02_data\raw\Sitting_posture.v17i.yolov8\train\images\ngatrai_mp4-0249_jpg.rf.e9e23b1267bbc715e727c9019293c0c9.jpg,train\images\ngatrai_mp4-0249_jpg.rf.e9e23b1267bbc715e727c9019293c0c9.jpg,D:\.Candra\Project\TA\02_data\raw\Sitting_posture.v17i.yolov8\train\labels\ngatrai_mp4-0249_jpg.rf.e9e23b1267bbc715e727c9019293c0c9.txt,1280,720,79016,3c719d7d9475d66db7ec2e6df9377045aaba1f0b6b71aece19333949423f4f3e,c8ccc8c8cc889193,186.9575,478.1075,False,True,False,1,1,0,
train,D:\.Candra\Project\TA\02_data\raw\Sitting_posture.v17i.yolov8\train\images\ngatrai_mp4-0250_jpg.rf.effd2eeadd3febee7be7465937ebcd6e.jpg,train\images\ngatrai_mp4-0250_jpg.rf.effd2eeadd3febee7be7465937ebcd6e.jpg,D:\.Candra\Project\TA\02_data\raw\Sitting_posture.v17i.yolov8\train\labels\ngatrai_mp4-0250_jpg.rf.effd2eeadd3febee7be7465937ebcd6e.txt,1280,720,79057,d07e42dde1afa8ac780d1221da7e20aca155e9a990a74ff52834c9c08e4fef20,c8ccc8c8cc8891b3,187.0103,476.7888,False,True,False,1,1,0,
train,D:\.Candra\Project\TA\02_data\raw\Sitting_posture.v17i.yolov8\train\images\ngatrai_mp4-0251_jpg.rf.e4bed90d3f3a760dc5af2187bb341c00.jpg,train\images\ngatrai_mp4-0251_jpg.rf.e4bed90d3f3a760dc5af2187bb341c00.jpg,D:\.Candra\Project\TA\02_data\raw\Sitting_posture.v17i.yolov8\train\labels\ngatrai_mp4-0251_jpg.rf.e4bed90d3f3a760dc5af2187bb341c00.txt,1280,720,79331,585b7579c2634fc3705cdb20e3c8645f37a14ec15e3507d0e559a2b49dfcdf60,c8ccc8c8cc8891b3,187.0161,479.6774,False,True,False,1,1,0,
train,D:\.Candra\Project\TA\02_data\raw\Sitting_posture.v17i.yolov8\train\images\ngatrai_mp4-0253_jpg.rf.e509d42fffa0f4c65c990a4fc0e81795.jpg,train\images\ngatrai_mp4-0253_jpg.rf.e509d42fffa0f4c65c990a4fc0e81795.jpg,D:\.Candra\Project\TA\02_data\raw\Sitting_posture.v17i.yolov8\train\labels\ngatrai_mp4-0253_jpg.rf.e509d42fffa0f4c65c990a4fc0e81795.txt,1280,720,79555,50a62020d4dd0a67995b77537fdc43365e94af3c3206e32c9476e861922f62df,c8ccc8c8cc8891b3,186.9778,482.5751,False,True,False,1,1,0,
train,D:\.Candra\Project\TA\02_data\raw\Sitting_posture.v17i.yolov8\train\images\ngatrai_mp4-0254_jpg.rf.2b6476456f3d66901f6b169fed630132.jpg,train\images\ngatrai_mp4-0254_jpg.rf.2b6476456f3d66901f6b169fed630132.jpg,D:\.Candra\Project\TA\02_data\raw\Sitting_posture.v17i.yolov8\train\labels\ngatrai_mp4-0254_jpg.rf.2b6476456f3d66901f6b169fed630132.txt,1280,720,79644,cf34db1efd6c1efd245d958ec4ff25d5ac6225d6eea277e7f167c5c7e6fbc225,c8ccc8c8cc8891b3,186.9503,478.1445,False,True,False,1,1,0,
train,D:\.Candra\Project\TA\02_data\raw\Sitting_posture.v17i.yolov8\train\images\ngatrai_mp4-0255_jpg.rf.d09a81758f72c6a9164ff3fe792cab25.jpg,train\images\ngatrai_mp4-0255_jpg.rf.d09a81758f72c6a9164ff3fe792cab25.jpg,D:\.Candra\Project\TA\02_data\raw\Sitting_posture.v17i.yolov8\train\labels\ngatrai_mp4-0255_jpg.rf.d09a81758f72c6a9164ff3fe792cab25.txt,1280,720,78971,329319a80cb0848508177189d3386b26e2fdf73c6c8a015f8d7d51d91da27975,c8ccc8c8cc8891b3,187.01,454.4813,False,True,False,1,1,0,
train,D:\.Candra\Project\TA\02_data\raw\Sitting_posture.v17i.yolov8\train\images\ngatrai_mp4-0257_jpg.rf.9af8d62349e126a9ee320b6295197157.jpg,train\images\ngatrai_mp4-0257_jpg.rf.9af8d62349e126a9ee320b6295197157.jpg,D:\.Candra\Project\TA\02_data\raw\Sitting_posture.v17i.yolov8\train\labels\ngatrai_mp4-0257_jpg.rf.9af8d62349e126a9ee320b6295197157.txt,1280,720,78689,922239d6d039cae2d2f7cc8c303b907ad71cbee6c3ac808a78a68fe5c4fcefc1,c8c8c8c8cc8891b3,187.1433,449.8098,False,True,False,1,1,0,
train,D:\.Candra\Project\TA\02_data\raw\Sitting_posture.v17i.yolov8\train\images\ngatrai_mp4-0258_jpg.rf.de16cdc7ee88552620ac0ee1bb476719.jpg,train\images\ngatrai_mp4-0258_jpg.rf.de16cdc7ee88552620ac0ee1bb476719.jpg,D:\.Candra\Project\TA\02_data\raw\Sitting_posture.v17i.yolov8\train\labels\ngatrai_mp4-0258_jpg.rf.de16cdc7ee88552620ac0ee1bb476719.txt,1280,720,78940,598ae9e2bead13cb05a3675f366f526a8a0867d3763d15382bf74d27dfc57dfa,c8c8c8c8cc8891b3,187.2356,456.8611,False,True,False,1,1,0,
train,D:\.Candra\Project\TA\02_data\raw\Sitting_posture.v17i.yolov8\train\images\ngatrai_mp4-0259_jpg.rf.a7c8a4ffb33d3c0b3bc04fb05bfb3091.jpg,train\images\ngatrai_mp4-0259_jpg.rf.a7c8a4ffb33d3c0b3bc04fb05bfb3091.jpg,D:\.Candra\Project\TA\02_data\raw\Sitting_posture.v17i.yolov8\train\labels\ngatrai_mp4-0259_jpg.rf.a7c8a4ffb33d3c0b3bc04fb05bfb3091.txt,1280,720,79129,ddcfb9b5a35a42f1c712c65c802c28e89ca1ec1a77727d19ae6581cf8537cfbf,c8c8c8c8cc8891b3,187.4173,459.6999,False,True,False,1,1,0,
train,D:\.Candra\Project\TA\02_data\raw\Sitting_posture.v17i.yolov8\train\images\ngatrai_mp4-0260_jpg.rf.8c3871415fcc4ec93b3d20681a6b1edb.jpg,train\images\ngatrai_mp4-0260_jpg.rf.8c3871415fcc4ec93b3d20681a6b1edb.jpg,D:\.Candra\Project\TA\02_data\raw\Sitting_posture.v17i.yolov8\train\labels\ngatrai_mp4-0260_jpg.rf.8c3871415fcc4ec93b3d20681a6b1edb.txt,1280,720,79558,00e2c9e9f315bd20eadbc9c4cba7f86d610448b350ccc8fa3a217dbf14697f38,c8c8c8c8c88891b3,187.4596,472.6605,False,True,False,1,1,0,
train,D:\.Candra\Project\TA\02_data\raw\Sitting_posture.v17i.yolov8\train\images\ngatrai_mp4-0261_jpg.rf.074261b236a724a4cebf197cb5836e20.jpg,train\images\ngatrai_mp4-0261_jpg.rf.074261b236a724a4cebf197cb5836e20.jpg,D:\.Candra\Project\TA\02_data\raw\Sitting_posture.v17i.yolov8\train\labels\ngatrai_mp4-0261_jpg.rf.074261b236a724a4cebf197cb5836e20.txt,1280,720,79638,b03b8c69fa4c4f14f9d906b1bb7386987a15c6bd85f24c5d1823fdcdebf58ca4,c8c8c8c8c88891b3,187.4816,471.1104,False,True,False,1,1,0,
train,D:\.Candra\Project\TA\02_data\raw\Sitting_posture.v17i.yolov8\train\images\ngatrai_mp4-0264_jpg.rf.ffd8de1d247b2ea65db6ad56c604f243.jpg,train\images\ngatrai_mp4-0264_jpg.rf.ffd8de1d247b2ea65db6ad56c604f243.jpg,D:\.Candra\Project\TA\02_data\raw\Sitting_posture.v17i.yolov8\train\labels\ngatrai_mp4-0264_jpg.rf.ffd8de1d247b2ea65db6ad56c604f243.txt,1280,720,79864,acd5fa045462789a19dbc1d79ed6a607c742623d1d9ea8db5d2ef6e14cd340df,c8c8c8c8c88891b3,187.5883,477.6553,False,True,False,1,1,0,
train,D:\.Candra\Project\TA\02_data\raw\Sitting_posture.v17i.yolov8\train\images\nghiengphai_mp4-0000_jpg.rf.70d148a068f1c1c4f1a497a8b4915944.jpg,train\images\nghiengphai_mp4-0000_jpg.rf.70d148a068f1c1c4f1a497a8b4915944.jpg,D:\.Candra\Project\TA\02_data\raw\Sitting_posture.v17i.yolov8\train\labels\nghiengphai_mp4-0000_jpg.rf.70d148a068f1c1c4f1a497a8b4915944.txt,1280,720,87104,79927a5da41a35dd3ce3f19c2a62ca067fa3a8eee3c1fb1e1d1c3718c335212f,cccccccccc8891b3,190.184,480.6834,False,True,False,1,1,0,
train,D:\.Candra\Project\TA\02_data\raw\Sitting_posture.v17i.yolov8\train\images\nghiengphai_mp4-0001_jpg.rf.3698da36fde3bf6083e35684244dfb20.jpg,train\images\nghiengphai_mp4-0001_jpg.rf.3698da36fde3bf6083e35684244dfb20.jpg,D:\.Candra\Project\TA\02_data\raw\Sitting_posture.v17i.yolov8\train\labels\nghiengphai_mp4-0001_jpg.rf.3698da36fde3bf6083e35684244dfb20.txt,1280,720,84990,d808c3710a56f3eac7fac61d9035c58ba0b72fb701b617aa82aca3b0e8671a6c,cccdcccccc8891b3,190.3272,472.0471,False,True,False,1,1,0,
train,D:\.Candra\Project\TA\02_data\raw\Sitting_posture.v17i.yolov8\train\images\nghiengphai_mp4-0002_jpg.rf.6ff39a6ecb66a7fafe3563e7aa9af96d.jpg,train\images\nghiengphai_mp4-0002_jpg.rf.6ff39a6ecb66a7fafe3563e7aa9af96d.jpg,D:\.Candra\Project\TA\02_data\raw\Sitting_posture.v17i.yolov8\train\labels\nghiengphai_mp4-0002_jpg.rf.6ff39a6ecb66a7fafe3563e7aa9af96d.txt,1280,720,84444,1f4fc19c06cfd4b5026af75947fcd4a742b4c479f5de15bd89632f32e17f1c25,cccccccccc8891b3,190.3904,480.5521,False,True,False,1,1,0,
train,D:\.Candra\Project\TA\02_data\raw\Sitting_posture.v17i.yolov8\train\images\nghiengphai_mp4-0004_jpg.rf.835f130e66ccea811b57c3d0685c85f5.jpg,train\images\nghiengphai_mp4-0004_jpg.rf.835f130e66ccea811b57c3d0685c85f5.jpg,D:\.Candra\Project\TA\02_data\raw\Sitting_posture.v17i.yolov8\train\labels\nghiengphai_mp4-0004_jpg.rf.835f130e66ccea811b57c3d0685c85f5.txt,1280,720,83464,97b437996869f6d5380685a0590d47ebfac470ca99987938f91303bcc85f7280,cccdcccccc8891b3,190.5857,496.6658,False,True,False,1,1,0,
train,D:\.Candra\Project\TA\02_data\raw\Sitting_posture.v17i.yolov8\train\images\nghiengphai_mp4-0006_jpg.rf.7750a13f87d8bd3eb4183cd07f068ad2.jpg,train\images\nghiengphai_mp4-0006_jpg.rf.7750a13f87d8bd3eb4183cd07f068ad2.jpg,D:\.Candra\Project\TA\02_data\raw\Sitting_posture.v17i.yolov8\train\labels\nghiengphai_mp4-0006_jpg.rf.7750a13f87d8bd3eb4183cd07f068ad2.txt,1280,720,81741,07da3c21f1cd02c7765d63eb049b3f4d113616449ad3655700075b31db0b87af,cccccccccc8891b3,190.6976,498.3164,False,True,False,1,1,0,
train,D:\.Candra\Project\TA\02_data\raw\Sitting_posture.v17i.yolov8\train\images\nghiengphai_mp4-0007_jpg.rf.bb022accce014e948af14a1a2b4fd2d6.jpg,train\images\nghiengphai_mp4-0007_jpg.rf.bb022accce014e948af14a1a2b4fd2d6.jpg,D:\.Candra\Project\TA\02_data\raw\Sitting_posture.v17i.yolov8\train\labels\nghiengphai_mp4-0007_jpg.rf.bb022accce014e948af14a1a2b4fd2d6.txt,1280,720,80396,bcdc9989502975b2815b9bca18415edbfabc8a3df07936e84534c6a8fd76331a,cccccccccc8891b3,190.7297,482.3728,False,True,False,1,1,0,
train,D:\.Candra\Project\TA\02_data\raw\Sitting_posture.v17i.yolov8\train\images\nghiengphai_mp4-0009_jpg.rf.bc3c9dda92ee941e991d2bbccd5d8bca.jpg,train\images\nghiengphai_mp4-0009_jpg.rf.bc3c9dda92ee941e991d2bbccd5d8bca.jpg,D:\.Candra\Project\TA\02_data\raw\Sitting_posture.v17i.yolov8\train\labels\nghiengphai_mp4-0009_jpg.rf.bc3c9dda92ee941e991d2bbccd5d8bca.txt,1280,720,77445,967ca03e9de2bfd81ace7631378a9325d71bf0b89745990463287daae8a967fd,ccccccc8cc8891b3,188.3933,462.9321,False,True,False,1,1,0,
train,D:\.Candra\Project\TA\02_data\raw\Sitting_posture.v17i.yolov8\train\images\nghiengphai_mp4-0011_jpg.rf.97969c339684c98ea732caf02f9d73ca.jpg,train\images\nghiengphai_mp4-0011_jpg.rf.97969c339684c98ea732caf02f9d73ca.jpg,D:\.Candra\Project\TA\02_data\raw\Sitting_posture.v17i.yolov8\train\labels\nghiengphai_mp4-0011_jpg.rf.97969c339684c98ea732caf02f9d73ca.txt,1280,720,77933,8aacf0f29335e5e0c429b9ea692cfeb3ded98e2c091b1c91c0e29df9f050e124,ccccccc8cc8891b3,189.2061,475.0909,False,True,False,1,1,0,
train,D:\.Candra\Project\TA\02_data\raw\Sitting_posture.v17i.yolov8\train\images\nghiengphai_mp4-0013_jpg.rf.fda7e1f144b7361e31f309d4858cf7c2.jpg,train\images\nghiengphai_mp4-0013_jpg.rf.fda7e1f144b7361e31f309d4858cf7c2.jpg,D:\.Candra\Project\TA\02_data\raw\Sitting_posture.v17i.yolov8\train\labels\nghiengphai_mp4-0013_jpg.rf.fda7e1f144b7361e31f309d4858cf7c2.txt,1280,720,78719,75714586c43b62f95b9c3616d5602e21897f00fb6948e6ff04381cc7dc9e9184,ccccccc8cc8891b3,189.5848,478.0335,False,True,False,1,1,0,
train,D:\.Candra\Project\TA\02_data\raw\Sitting_posture.v17i.yolov8\train\images\nghiengphai_mp4-0014_jpg.rf.292f7c1a1965fc49e530021722d9f395.jpg,train\images\nghiengphai_mp4-0014_jpg.rf.292f7c1a1965fc49e530021722d9f395.jpg,D:\.Candra\Project\TA\02_data\raw\Sitting_posture.v17i.yolov8\train\labels\nghiengphai_mp4-0014_jpg.rf.292f7c1a1965fc49e530021722d9f395.txt,1280,720,78782,77c2a3a69a9d102688c8dc3378ff22d1eea186b40e5b44e6b4b30d22b534ba72,ccccccc8cc8891b3,189.6247,479.218,False,True,False,1,1,0,
train,D:\.Candra\Project\TA\02_data\raw\Sitting_posture.v17i.yolov8\train\images\nghiengphai_mp4-0015_jpg.rf.6b12b7335b03cd706691983e800bd0fd.jpg,train\images\nghiengphai_mp4-0015_jpg.rf.6b12b7335b03cd706691983e800bd0fd.jpg,D:\.Candra\Project\TA\02_data\raw\Sitting_posture.v17i.yolov8\train\labels\nghiengphai_mp4-0015_jpg.rf.6b12b7335b03cd706691983e800bd0fd.txt,1280,720,78827,abec088279651e9355c38631cd2c1c1f9b0f0f2b6b2c49f9cb1ef65607bdb58f,ccccccc8cc8891b3,189.6784,478.4246,False,True,False,1,1,0,
train,D:\.Candra\Project\TA\02_data\raw\Sitting_posture.v17i.yolov8\train\images\nghiengphai_mp4-0016_jpg.rf.0f62b78e761601c29bfad8d7b158549f.jpg,train\images\nghiengphai_mp4-0016_jpg.rf.0f62b78e761601c29bfad8d7b158549f.jpg,D:\.Candra\Project\TA\02_data\raw\Sitting_posture.v17i.yolov8\train\labels\nghiengphai_mp4-0016_jpg.rf.0f62b78e761601c29bfad8d7b158549f.txt,1280,720,78616,a77d2eed6efceaa12d3f7dc99225387083f148924ac1754b6d64b0d3e286cf77,ccccccc8cc8891b3,189.6984,481.1529,False,True,False,1,1,0,
train,D:\.Candra\Project\TA\02_data\raw\Sitting_posture.v17i.yolov8\train\images\nghiengphai_mp4-0020_jpg.rf.b2f54abc60d1db1e3fb5f119ff1a0cf2.jpg,train\images\nghiengphai_mp4-0020_jpg.rf.b2f54abc60d1db1e3fb5f119ff1a0cf2.jpg,D:\.Candra\Project\TA\02_data\raw\Sitting_posture.v17i.yolov8\train\labels\nghiengphai_mp4-0020_jpg.rf.b2f54abc60d1db1e3fb5f119ff1a0cf2.txt,1280,720,79151,03c80cfc642e8f7dd296ef0fd473b9958e1a2551a5d22b8c31955b236c2d87b6,ccccccc8cc8891b3,189.7451,484.8341,False,True,False,1,1,0,
train,D:\.Candra\Project\TA\02_data\raw\Sitting_posture.v17i.yolov8\train\images\nghiengphai_mp4-0024_jpg.rf.1ccd3a4d18f2af9b21508018bd0c7015.jpg,train\images\nghiengphai_mp4-0024_jpg.rf.1ccd3a4d18f2af9b21508018bd0c7015.jpg,D:\.Candra\Project\TA\02_data\raw\Sitting_posture.v17i.yolov8\train\labels\nghiengphai_mp4-0024_jpg.rf.1ccd3a4d18f2af9b21508018bd0c7015.txt,1280,720,79310,20f105b779d937213cf65d5fd14b8ddf1c937a897cd45fcbdee8fc56da484016,ccccccc8cc8891b3,189.7539,483.8519,False,True,False,1,1,0,
train,D:\.Candra\Project\TA\02_data\raw\Sitting_posture.v17i.yolov8\train\images\nghiengphai_mp4-0025_jpg.rf.bf5e90359cdf9ee486e051d74a34b8fa.jpg,train\images\nghiengphai_mp4-0025_jpg.rf.bf5e90359cdf9ee486e051d74a34b8fa.jpg,D:\.Candra\Project\TA\02_data\raw\Sitting_posture.v17i.yolov8\train\labels\nghiengphai_mp4-0025_jpg.rf.bf5e90359cdf9ee486e051d74a34b8fa.txt,1280,720,79401,9c523df657e183dcab53e3a8708dd4ef4e942289719967636080b6cc2e7c7e4b,ccccccc8cc8891b3,189.6781,527.6128,False,True,False,1,1,0,
train,D:\.Candra\Project\TA\02_data\raw\Sitting_posture.v17i.yolov8\train\images\nghiengphai_mp4-0026_jpg.rf.a4d92dbb467783a5677ea19ec7a6ec67.jpg,train\images\nghiengphai_mp4-0026_jpg.rf.a4d92dbb467783a5677ea19ec7a6ec67.jpg,D:\.Candra\Project\TA\02_data\raw\Sitting_posture.v17i.yolov8\train\labels\nghiengphai_mp4-0026_jpg.rf.a4d92dbb467783a5677ea19ec7a6ec67.txt,1280,720,78541,e68a9ab42dffae4ae3adc119425fc67b7e72f8bcc06a6f48b81cc28df209a76d,c8ccccc8cc8891b3,189.6669,488.8227,False,True,False,1,1,0,
train,D:\.Candra\Project\TA\02_data\raw\Sitting_posture.v17i.yolov8\train\images\nghiengphai_mp4-0027_jpg.rf.5a0ee50f013ada8e0c4ecef0dbcd3d01.jpg,train\images\nghiengphai_mp4-0027_jpg.rf.5a0ee50f013ada8e0c4ecef0dbcd3d01.jpg,D:\.Candra\Project\TA\02_data\raw\Sitting_posture.v17i.yolov8\train\labels\nghiengphai_mp4-0027_jpg.rf.5a0ee50f013ada8e0c4ecef0dbcd3d01.txt,1280,720,78012,0f74babe726918046a8d8ff3d3d31c856a2ca756749600f686d2ae2c02858252,c8ccccc8cc8891b3,189.7125,469.8011,False,True,False,1,1,0,
train,D:\.Candra\Project\TA\02_data\raw\Sitting_posture.v17i.yolov8\train\images\nghiengphai_mp4-0028_jpg.rf.26b50ca481abdf2d58d5469b51d1057a.jpg,train\images\nghiengphai_mp4-0028_jpg.rf.26b50ca481abdf2d58d5469b51d1057a.jpg,D:\.Candra\Project\TA\02_data\raw\Sitting_posture.v17i.yolov8\train\labels\nghiengphai_mp4-0028_jpg.rf.26b50ca481abdf2d58d5469b51d1057a.txt,1280,720,77570,f6b1bff0a6d47bbaf349ae002e463cbdd6cee8b80e8c733dc7fc97b485f8a54e,c8ccccc8cc889193,189.7967,459.5286,False,True,False,1,1,0,
train,D:\.Candra\Project\TA\02_data\raw\Sitting_posture.v17i.yolov8\train\images\nghiengphai_mp4-0029_jpg.rf.c28c4092f29650d594bafa4c742f6e55.jpg,train\images\nghiengphai_mp4-0029_jpg.rf.c28c4092f29650d594bafa4c742f6e55.jpg,D:\.Candra\Project\TA\02_data\raw\Sitting_posture.v17i.yolov8\train\labels\nghiengphai_mp4-0029_jpg.rf.c28c4092f29650d594bafa4c742f6e55.txt,1280,720,77226,8339e4984e735031e617261e94113fae94b884bb170817c57a2d02d5c240d4b5,c8ccccc8cc889193,189.8203,450.7054,False,True,False,1,1,0,
train,D:\.Candra\Project\TA\02_data\raw\Sitting_posture.v17i.yolov8\train\images\nghiengphai_mp4-0031_jpg.rf.c0bc3548a472a491e07694775a5f8126.jpg,train\images\nghiengphai_mp4-0031_jpg.rf.c0bc3548a472a491e07694775a5f8126.jpg,D:\.Candra\Project\TA\02_data\raw\Sitting_posture.v17i.yolov8\train\labels\nghiengphai_mp4-0031_jpg.rf.c0bc3548a472a491e07694775a5f8126.txt,1280,720,77754,01cf71dba03a83a6b1ee7b1df4439cc53fb62e52edf1561eb9e6f0db54b2feb0,c8c8c8c8cc889193,189.7932,463.7238,False,True,False,1,1,0,
train,D:\.Candra\Project\TA\02_data\raw\Sitting_posture.v17i.yolov8\train\images\nghiengphai_mp4-0033_jpg.rf.2f3496cb48bb316e12ca3d65b20da86d.jpg,train\images\nghiengphai_mp4-0033_jpg.rf.2f3496cb48bb316e12ca3d65b20da86d.jpg,D:\.Candra\Project\TA\02_data\raw\Sitting_posture.v17i.yolov8\train\labels\nghiengphai_mp4-0033_jpg.rf.2f3496cb48bb316e12ca3d65b20da86d.txt,1280,720,77810,c20122fb89b4c8796dc5fb2805c4c680e34101e3d78f233ba7bd79ba6a9c08b3,c888c8c8cc889193,189.7202,462.5691,False,True,False,1,1,0,
train,D:\.Candra\Project\TA\02_data\raw\Sitting_posture.v17i.yolov8\train\images\nghiengphai_mp4-0034_jpg.rf.bb98b0f1444be2e6ec432a39f9960473.jpg,train\images\nghiengphai_mp4-0034_jpg.rf.bb98b0f1444be2e6ec432a39f9960473.jpg,D:\.Candra\Project\TA\02_data\raw\Sitting_posture.v17i.yolov8\train\labels\nghiengphai_mp4-0034_jpg.rf.bb98b0f1444be2e6ec432a39f9960473.txt,1280,720,78278,9cbeef6c6f4b1c6737844547c5dd4de95a0329f2b115d107264b526282de6ac1,c898c8c8cc889193,189.6865,471.6621,False,True,False,1,1,0,
train,D:\.Candra\Project\TA\02_data\raw\Sitting_posture.v17i.yolov8\train\images\nghiengphai_mp4-0036_jpg.rf.c953412e627c5ae20869817b8ecc6150.jpg,train\images\nghiengphai_mp4-0036_jpg.rf.c953412e627c5ae20869817b8ecc6150.jpg,D:\.Candra\Project\TA\02_data\raw\Sitting_posture.v17i.yolov8\train\labels\nghiengphai_mp4-0036_jpg.rf.c953412e627c5ae20869817b8ecc6150.txt,1280,720,78593,8e1f4813a27afe6e4a532a2f92a2106331ecb20fbef5af5b6d0b14ee494ec5ad,c898c8c8cc889193,189.6895,477.9391,False,True,False,1,1,0,
train,D:\.Candra\Project\TA\02_data\raw\Sitting_posture.v17i.yolov8\train\images\nghiengphai_mp4-0037_jpg.rf.cec7765e3c4c07fe396841a5753c6ffd.jpg,train\images\nghiengphai_mp4-0037_jpg.rf.cec7765e3c4c07fe396841a5753c6ffd.jpg,D:\.Candra\Project\TA\02_data\raw\Sitting_posture.v17i.yolov8\train\labels\nghiengphai_mp4-0037_jpg.rf.cec7765e3c4c07fe396841a5753c6ffd.txt,1280,720,78679,853aa9783501d5646cb8cbd4e996ae1d425fda3061386d3d2c7601cbe3ba4998,c898c8c8cc889193,189.7074,478.8799,False,True,False,1,1,0,
train,D:\.Candra\Project\TA\02_data\raw\Sitting_posture.v17i.yolov8\train\images\nghiengphai_mp4-0038_jpg.rf.4a3d76a1eb4214df842a5cee8d4e2828.jpg,train\images\nghiengphai_mp4-0038_jpg.rf.4a3d76a1eb4214df842a5cee8d4e2828.jpg,D:\.Candra\Project\TA\02_data\raw\Sitting_posture.v17i.yolov8\train\labels\nghiengphai_mp4-0038_jpg.rf.4a3d76a1eb4214df842a5cee8d4e2828.txt,1280,720,78717,50ae846c83ca1e1432528a63cb516c5a19d8ac15e9dcf1f225e17368f8a2458b,c898c8c8cc889193,189.7097,477.8462,False,True,False,1,1,0,
train,D:\.Candra\Project\TA\02_data\raw\Sitting_posture.v17i.yolov8\train\images\nghiengphai_mp4-0039_jpg.rf.ab4eec1a65449beab5de228055292c24.jpg,train\images\nghiengphai_mp4-0039_jpg.rf.ab4eec1a65449beab5de228055292c24.jpg,D:\.Candra\Project\TA\02_data\raw\Sitting_posture.v17i.yolov8\train\labels\nghiengphai_mp4-0039_jpg.rf.ab4eec1a65449beab5de228055292c24.txt,1280,720,79222,2a4636874ed4ea9514f2cc885b5fc4e17d903a623df4007420f5d31700e505ff,c898c8c8cc889193,189.6484,485.6013,False,True,False,1,1,0,
train,D:\.Candra\Project\TA\02_data\raw\Sitting_posture.v17i.yolov8\train\images\nghiengphai_mp4-0040_jpg.rf.69481cbe2a9f7a3479d6071576aef14c.jpg,train\images\nghiengphai_mp4-0040_jpg.rf.69481cbe2a9f7a3479d6071576aef14c.jpg,D:\.Candra\Project\TA\02_data\raw\Sitting_posture.v17i.yolov8\train\labels\nghiengphai_mp4-0040_jpg.rf.69481cbe2a9f7a3479d6071576aef14c.txt,1280,720,79371,696d09b219e2b723b0d1f4dbae2c0b73d157669f096390e748bfd88f18cb0763,c898c8c8cc889193,189.7221,486.5558,False,True,False,1,1,0,
train,D:\.Candra\Project\TA\02_data\raw\Sitting_posture.v17i.yolov8\train\images\nghiengphai_mp4-0042_jpg.rf.d72f02de5ea7f5b4b62838974682cfac.jpg,train\images\nghiengphai_mp4-0042_jpg.rf.d72f02de5ea7f5b4b62838974682cfac.jpg,D:\.Candra\Project\TA\02_data\raw\Sitting_posture.v17i.yolov8\train\labels\nghiengphai_mp4-0042_jpg.rf.d72f02de5ea7f5b4b62838974682cfac.txt,1280,720,79042,d04d2b5d470680ff0398c8e80ec3dc41ba43ccdf2a07151e862b694a6f71a4e3,c888c8c8cc889193,189.7953,479.4005,False,True,False,1,1,0,
train,D:\.Candra\Project\TA\02_data\raw\Sitting_posture.v17i.yolov8\train\images\nghiengphai_mp4-0044_jpg.rf.23920e95ea660c734315a3629de2985f.jpg,train\images\nghiengphai_mp4-0044_jpg.rf.23920e95ea660c734315a3629de2985f.jpg,D:\.Candra\Project\TA\02_data\raw\Sitting_posture.v17i.yolov8\train\labels\nghiengphai_mp4-0044_jpg.rf.23920e95ea660c734315a3629de2985f.txt,1280,720,79057,f2c8115f001430934c9b8b95f0465e7a49d5b91469ee892a90f36b00fab9daba,c888c8c8cc889193,189.7816,474.3919,False,True,False,1,1,0,
train,D:\.Candra\Project\TA\02_data\raw\Sitting_posture.v17i.yolov8\train\images\nghiengphai_mp4-0046_jpg.rf.bfedb1d0be8f8124e57c6ef11f921365.jpg,train\images\nghiengphai_mp4-0046_jpg.rf.bfedb1d0be8f8124e57c6ef11f921365.jpg,D:\.Candra\Project\TA\02_data\raw\Sitting_posture.v17i.yolov8\train\labels\nghiengphai_mp4-0046_jpg.rf.bfedb1d0be8f8124e57c6ef11f921365.txt,1280,720,79271,51cef66b25e2e83e490cbc058f34c3089319e7696e4e4e0e08cd0d0c354d8f05,c888c8c8cc889193,189.7251,484.8134,False,True,False,1,1,0,
train,D:\.Candra\Project\TA\02_data\raw\Sitting_posture.v17i.yolov8\train\images\nghiengphai_mp4-0048_jpg.rf.969bd949a1b3c33c6d82d271dac075c4.jpg,train\images\nghiengphai_mp4-0048_jpg.rf.969bd949a1b3c33c6d82d271dac075c4.jpg,D:\.Candra\Project\TA\02_data\raw\Sitting_posture.v17i.yolov8\train\labels\nghiengphai_mp4-0048_jpg.rf.969bd949a1b3c33c6d82d271dac075c4.txt,1280,720,79401,3fc5d5fc7b699894295c88333dbedffd4ce2d3b482450d45aec8195079f064ca,c888c8c8cc889193,189.6698,482.8552,False,True,False,1,1,0,
train,D:\.Candra\Project\TA\02_data\raw\Sitting_posture.v17i.yolov8\train\images\nghiengphai_mp4-0049_jpg.rf.5486f5ba46c54990f332209e73544353.jpg,train\images\nghiengphai_mp4-0049_jpg.rf.5486f5ba46c54990f332209e73544353.jpg,D:\.Candra\Project\TA\02_data\raw\Sitting_posture.v17i.yolov8\train\labels\nghiengphai_mp4-0049_jpg.rf.5486f5ba46c54990f332209e73544353.txt,1280,720,80040,20953769c62b725c36092e4491d0e411ee8a8b12ebf4d18138bce8e172a1c0f5,c888c8c8cc889193,189.5336,539.5304,False,True,False,1,1,0,
train,D:\.Candra\Project\TA\02_data\raw\Sitting_posture.v17i.yolov8\train\images\nghiengphai_mp4-0051_jpg.rf.6b85f985c149df0bd0a129cdfac878ba.jpg,train\images\nghiengphai_mp4-0051_jpg.rf.6b85f985c149df0bd0a129cdfac878ba.jpg,D:\.Candra\Project\TA\02_data\raw\Sitting_posture.v17i.yolov8\train\labels\nghiengphai_mp4-0051_jpg.rf.6b85f985c149df0bd0a129cdfac878ba.txt,1280,720,78803,f08552a63ef253dfcdd413f907d7b39039945cc95d7cbddd4333cfce8b252ea1,c888c8c8cc889193,189.5841,488.0785,False,True,False,1,1,0,
train,D:\.Candra\Project\TA\02_data\raw\Sitting_posture.v17i.yolov8\train\images\nghiengphai_mp4-0052_jpg.rf.7d94929d8bf72a96a75161bc9ef7caf3.jpg,train\images\nghiengphai_mp4-0052_jpg.rf.7d94929d8bf72a96a75161bc9ef7caf3.jpg,D:\.Candra\Project\TA\02_data\raw\Sitting_posture.v17i.yolov8\train\labels\nghiengphai_mp4-0052_jpg.rf.7d94929d8bf72a96a75161bc9ef7caf3.txt,1280,720,78449,17bc121aebb576d0efbfc58776a7f9a446f0887dad8dc9cfce646a93e7bc0b65,c888c8c8cc889193,189.673,483.5826,False,True,False,1,1,0,
train,D:\.Candra\Project\TA\02_data\raw\Sitting_posture.v17i.yolov8\train\images\nghiengphai_mp4-0058_jpg.rf.a140244873dc176305e7ac76a51387f7.jpg,train\images\nghiengphai_mp4-0058_jpg.rf.a140244873dc176305e7ac76a51387f7.jpg,D:\.Candra\Project\TA\02_data\raw\Sitting_posture.v17i.yolov8\train\labels\nghiengphai_mp4-0058_jpg.rf.a140244873dc176305e7ac76a51387f7.txt,1280,720,78922,97d666f2d95c176f5991df2cb08f1e44e17355054ebba28337a10b8b66338e02,c888c8c8cc889193,189.8156,480.3816,False,True,False,1,1,0,
train,D:\.Candra\Project\TA\02_data\raw\Sitting_posture.v17i.yolov8\train\images\nghiengphai_mp4-0060_jpg.rf.d3803a2a7e1365ec4664d6fef4474ff8.jpg,train\images\nghiengphai_mp4-0060_jpg.rf.d3803a2a7e1365ec4664d6fef4474ff8.jpg,D:\.Candra\Project\TA\02_data\raw\Sitting_posture.v17i.yolov8\train\labels\nghiengphai_mp4-0060_jpg.rf.d3803a2a7e1365ec4664d6fef4474ff8.txt,1280,720,79077,7403be00d29699da25ee1e9d62f4f503064da6ee84f7fc54e872a564997e0a4f,c888c8c8cc889193,189.8538,477.7281,False,True,False,1,1,0,
train,D:\.Candra\Project\TA\02_data\raw\Sitting_posture.v17i.yolov8\train\images\nghiengphai_mp4-0062_jpg.rf.c4dce8ed252fe12b8efa3e47a5f878f1.jpg,train\images\nghiengphai_mp4-0062_jpg.rf.c4dce8ed252fe12b8efa3e47a5f878f1.jpg,D:\.Candra\Project\TA\02_data\raw\Sitting_posture.v17i.yolov8\train\labels\nghiengphai_mp4-0062_jpg.rf.c4dce8ed252fe12b8efa3e47a5f878f1.txt,1280,720,79244,7a8e7c9aa2c40dd1eee5bd9d18ed6f5fd7ec0d82f67832f9748b4ba479b449a7,c888c8c8cc889193,189.8929,482.4896,False,True,False,1,1,0,
train,D:\.Candra\Project\TA\02_data\raw\Sitting_posture.v17i.yolov8\train\images\nghiengphai_mp4-0064_jpg.rf.36be6e8b839113efe5ecf7d4bac1ddd9.jpg,train\images\nghiengphai_mp4-0064_jpg.rf.36be6e8b839113efe5ecf7d4bac1ddd9.jpg,D:\.Candra\Project\TA\02_data\raw\Sitting_posture.v17i.yolov8\train\labels\nghiengphai_mp4-0064_jpg.rf.36be6e8b839113efe5ecf7d4bac1ddd9.txt,1280,720,79235,804f52c872ae86bcff8febdaf054d3d32744d271c10f47759fcd215e41aa7327,c888c8c8cc889193,189.9266,487.7435,False,True,False,1,1,0,
train,D:\.Candra\Project\TA\02_data\raw\Sitting_posture.v17i.yolov8\train\images\nghiengphai_mp4-0065_jpg.rf.d781419b934595aa8f2343c23b65aeec.jpg,train\images\nghiengphai_mp4-0065_jpg.rf.d781419b934595aa8f2343c23b65aeec.jpg,D:\.Candra\Project\TA\02_data\raw\Sitting_posture.v17i.yolov8\train\labels\nghiengphai_mp4-0065_jpg.rf.d781419b934595aa8f2343c23b65aeec.txt,1280,720,79276,fe7a01190700135017d9340ba38fb39b9a36d9a51ae48306e1e63d95f152246d,c888c8c8cc889193,189.9323,478.5837,False,True,False,1,1,0,
train,D:\.Candra\Project\TA\02_data\raw\Sitting_posture.v17i.yolov8\train\images\nghiengphai_mp4-0066_jpg.rf.33a228da523925856021d924b6ec6d7d.jpg,train\images\nghiengphai_mp4-0066_jpg.rf.33a228da523925856021d924b6ec6d7d.jpg,D:\.Candra\Project\TA\02_data\raw\Sitting_posture.v17i.yolov8\train\labels\nghiengphai_mp4-0066_jpg.rf.33a228da523925856021d924b6ec6d7d.txt,1280,720,79259,77f5b716057607ab851faf74b31f52de0e7594dde1383cf463b53e2a93a9d5d8,c888c8c8cc889193,189.9448,486.8123,False,True,False,1,1,0,
train,D:\.Candra\Project\TA\02_data\raw\Sitting_posture.v17i.yolov8\train\images\nghiengphai_mp4-0067_jpg.rf.2f0598842458eeb31333e5eebf4246b4.jpg,train\images\nghiengphai_mp4-0067_jpg.rf.2f0598842458eeb31333e5eebf4246b4.jpg,D:\.Candra\Project\TA\02_data\raw\Sitting_posture.v17i.yolov8\train\labels\nghiengphai_mp4-0067_jpg.rf.2f0598842458eeb31333e5eebf4246b4.txt,1280,720,79332,cec151ca8621c82ada3c63eb3b55c32a289a37ce9b8400ab220d1dd9c5d31b51,c888c8c8cc889193,189.974,486.4753,False,True,False,1,1,0,
train,D:\.Candra\Project\TA\02_data\raw\Sitting_posture.v17i.yolov8\train\images\nghiengphai_mp4-0071_jpg.rf.91a8788e76f62226c994ed0290f786a6.jpg,train\images\nghiengphai_mp4-0071_jpg.rf.91a8788e76f62226c994ed0290f786a6.jpg,D:\.Candra\Project\TA\02_data\raw\Sitting_posture.v17i.yolov8\train\labels\nghiengphai_mp4-0071_jpg.rf.91a8788e76f62226c994ed0290f786a6.txt,1280,720,78199,e2894417afb11214829b5aeb5807fd35e3f575a2c6e71609f875cc6963a69ed2,d89898c8cc889193,190.4687,449.3185,False,True,False,1,1,0,
train,D:\.Candra\Project\TA\02_data\raw\Sitting_posture.v17i.yolov8\train\images\nghiengphai_mp4-0072_jpg.rf.1050b06bbed47ad99971905256d7308e.jpg,train\images\nghiengphai_mp4-0072_jpg.rf.1050b06bbed47ad99971905256d7308e.jpg,D:\.Candra\Project\TA\02_data\raw\Sitting_posture.v17i.yolov8\train\labels\nghiengphai_mp4-0072_jpg.rf.1050b06bbed47ad99971905256d7308e.txt,1280,720,78114,d68ea063c08fa4f8050c1768bf554903c6caa76e9010bc24d73a36d0a76e9d10,d89898c8cc889193,190.5266,439.8564,False,True,False,1,1,0,
train,D:\.Candra\Project\TA\02_data\raw\Sitting_posture.v17i.yolov8\train\images\nghiengphai_mp4-0073_jpg.rf.f9e572fd1fb64b6e072a1f5ff2c23d35.jpg,train\images\nghiengphai_mp4-0073_jpg.rf.f9e572fd1fb64b6e072a1f5ff2c23d35.jpg,D:\.Candra\Project\TA\02_data\raw\Sitting_posture.v17i.yolov8\train\labels\nghiengphai_mp4-0073_jpg.rf.f9e572fd1fb64b6e072a1f5ff2c23d35.txt,1280,720,79900,a3aeec47406456979ef5e385d103b9f24d19a1239979f0775c0a21fa310bc541,d89898c8cc889193,190.5305,532.5347,False,True,False,1,1,0,
train,D:\.Candra\Project\TA\02_data\raw\Sitting_posture.v17i.yolov8\train\images\nghiengphai_mp4-0076_jpg.rf.24b36da53588063b5c857268f0c3a334.jpg,train\images\nghiengphai_mp4-0076_jpg.rf.24b36da53588063b5c857268f0c3a334.jpg,D:\.Candra\Project\TA\02_data\raw\Sitting_posture.v17i.yolov8\train\labels\nghiengphai_mp4-0076_jpg.rf.24b36da53588063b5c857268f0c3a334.txt,1280,720,78523,2cfcaa5466f79eacd035953ad76f42f4d4ce632f48271e7ed7ac31899892dc09,989898c8cc889193,190.6974,476.8401,False,True,False,1,1,0,
train,D:\.Candra\Project\TA\02_data\raw\Sitting_posture.v17i.yolov8\train\images\nghiengphai_mp4-0083_jpg.rf.c973caeedf34c055f844511e1dcf0826.jpg,train\images\nghiengphai_mp4-0083_jpg.rf.c973caeedf34c055f844511e1dcf0826.jpg,D:\.Candra\Project\TA\02_data\raw\Sitting_posture.v17i.yolov8\train\labels\nghiengphai_mp4-0083_jpg.rf.c973caeedf34c055f844511e1dcf0826.txt,1280,720,79485,8a2b0031a61861666dcc7568274635945a508f293be386cfffafd0aabc028b98,989898c8cc889193,190.6526,482.7058,False,True,False,1,1,0,
train,D:\.Candra\Project\TA\02_data\raw\Sitting_posture.v17i.yolov8\train\images\nghiengphai_mp4-0084_jpg.rf.e230a086af9340fe7b645800930fa1d7.jpg,train\images\nghiengphai_mp4-0084_jpg.rf.e230a086af9340fe7b645800930fa1d7.jpg,D:\.Candra\Project\TA\02_data\raw\Sitting_posture.v17i.yolov8\train\labels\nghiengphai_mp4-0084_jpg.rf.e230a086af9340fe7b645800930fa1d7.txt,1280,720,79706,20ee2930b4b58524b158cb52f8a73bc041cde4dd2792b33b17a4b5c59e60c3fd,989898c8cc889193,190.6274,485.5911,False,True,False,1,1,0,
train,D:\.Candra\Project\TA\02_data\raw\Sitting_posture.v17i.yolov8\train\images\nghiengphai_mp4-0085_jpg.rf.ed6a2850d41ce8919f7ec1e8e4d934d8.jpg,train\images\nghiengphai_mp4-0085_jpg.rf.ed6a2850d41ce8919f7ec1e8e4d934d8.jpg,D:\.Candra\Project\TA\02_data\raw\Sitting_posture.v17i.yolov8\train\labels\nghiengphai_mp4-0085_jpg.rf.ed6a2850d41ce8919f7ec1e8e4d934d8.txt,1280,720,79111,635be041c9e60509c89466b6d2d7e19eb8d93e27017f7b55b56e85aa506f9dca,909898c8cc889193,190.6804,471.9267,False,True,False,1,1,0,
train,D:\.Candra\Project\TA\02_data\raw\Sitting_posture.v17i.yolov8\train\images\nghiengphai_mp4-0087_jpg.rf.81c9d99e0b05452745e8fa21bbeaa15c.jpg,train\images\nghiengphai_mp4-0087_jpg.rf.81c9d99e0b05452745e8fa21bbeaa15c.jpg,D:\.Candra\Project\TA\02_data\raw\Sitting_posture.v17i.yolov8\train\labels\nghiengphai_mp4-0087_jpg.rf.81c9d99e0b05452745e8fa21bbeaa15c.txt,1280,720,79220,f4c41ed583035d1d6c08206eb5d3e18f2eca002c978eeff9ab810d7df1c2f545,909898c8cc889193,190.9015,472.7388,False,True,False,1,1,0,
train,D:\.Candra\Project\TA\02_data\raw\Sitting_posture.v17i.yolov8\train\images\nghiengphai_mp4-0089_jpg.rf.7433fc409a8c7be7d34abd3e6fa73a9d.jpg,train\images\nghiengphai_mp4-0089_jpg.rf.7433fc409a8c7be7d34abd3e6fa73a9d.jpg,D:\.Candra\Project\TA\02_data\raw\Sitting_posture.v17i.yolov8\train\labels\nghiengphai_mp4-0089_jpg.rf.7433fc409a8c7be7d34abd3e6fa73a9d.txt,1280,720,79593,edf4d16e8c4e1ce2bc02eb70c16ab84242b1088b9eb32e299aebab5d8acfaaba,909898c8cc889193,190.9424,480.076,False,True,False,1,1,0,
train,D:\.Candra\Project\TA\02_data\raw\Sitting_posture.v17i.yolov8\train\images\nghiengphai_mp4-0092_jpg.rf.30cee40f786e7760f75d23c1809c63c3.jpg,train\images\nghiengphai_mp4-0092_jpg.rf.30cee40f786e7760f75d23c1809c63c3.jpg,D:\.Candra\Project\TA\02_data\raw\Sitting_posture.v17i.yolov8\train\labels\nghiengphai_mp4-0092_jpg.rf.30cee40f786e7760f75d23c1809c63c3.txt,1280,720,80058,110ed2421038d794a15372612630a1b0b29f5a2657b58d511ed41aec748dab1e,909898c8cc889193,190.9331,489.9879,False,True,False,1,1,0,
train,D:\.Candra\Project\TA\02_data\raw\Sitting_posture.v17i.yolov8\train\images\nghiengphai_mp4-0093_jpg.rf.4641163ec4d4712a239470896f006b7a.jpg,train\images\nghiengphai_mp4-0093_jpg.rf.4641163ec4d4712a239470896f006b7a.jpg,D:\.Candra\Project\TA\02_data\raw\Sitting_posture.v17i.yolov8\train\labels\nghiengphai_mp4-0093_jpg.rf.4641163ec4d4712a239470896f006b7a.txt,1280,720,80124,e334320e169ee0bc49c488678dd5f9e5e14b3f0de761cbd9d07d5387416a9b3b,909898c8cc889193,190.922,487.4344,False,True,False,1,1,0,
train,D:\.Candra\Project\TA\02_data\raw\Sitting_posture.v17i.yolov8\train\images\nghiengphai_mp4-0094_jpg.rf.d95f15c50df68b457630df9a7fda2c8a.jpg,train\images\nghiengphai_mp4-0094_jpg.rf.d95f15c50df68b457630df9a7fda2c8a.jpg,D:\.Candra\Project\TA\02_data\raw\Sitting_posture.v17i.yolov8\train\labels\nghiengphai_mp4-0094_jpg.rf.d95f15c50df68b457630df9a7fda2c8a.txt,1280,720,80378,b780b301b53e6354da56adaef6963c0e3739ad239e406b5f1fc3d268b431803d,909898c8cc889193,190.9105,486.3788,False,True,False,1,1,0,
train,D:\.Candra\Project\TA\02_data\raw\Sitting_posture.v17i.yolov8\train\images\nghiengphai_mp4-0097_jpg.rf.3579ff968115ee17dc4cbbcdb59b07ea.jpg,train\images\nghiengphai_mp4-0097_jpg.rf.3579ff968115ee17dc4cbbcdb59b07ea.jpg,D:\.Candra\Project\TA\02_data\raw\Sitting_posture.v17i.yolov8\train\labels\nghiengphai_mp4-0097_jpg.rf.3579ff968115ee17dc4cbbcdb59b07ea.txt,1280,720,80408,41752fc79c1bcb5c3cfadda3e17fa319348a2d1eb53499870fe2595d3349523e,909898c8cc889193,190.8916,488.184,False,True,False,1,1,0,
train,D:\.Candra\Project\TA\02_data\raw\Sitting_posture.v17i.yolov8\train\images\nghiengphai_mp4-0099_jpg.rf.834d7a05d16174bc4af6d77c2c0ff8b8.jpg,train\images\nghiengphai_mp4-0099_jpg.rf.834d7a05d16174bc4af6d77c2c0ff8b8.jpg,D:\.Candra\Project\TA\02_data\raw\Sitting_posture.v17i.yolov8\train\labels\nghiengphai_mp4-0099_jpg.rf.834d7a05d16174bc4af6d77c2c0ff8b8.txt,1280,720,81212,2c95973ce1e21dcda856b361de0a74c25bb338e65d460173de63cfe264bec8f0,909898c8cc889193,190.8432,505.2878,False,True,False,1,1,0,
train,D:\.Candra\Project\TA\02_data\raw\Sitting_posture.v17i.yolov8\train\images\nghiengphai_mp4-0100_jpg.rf.d30cb717d09cd01fa5a9d7e26311f62c.jpg,train\images\nghiengphai_mp4-0100_jpg.rf.d30cb717d09cd01fa5a9d7e26311f62c.jpg,D:\.Candra\Project\TA\02_data\raw\Sitting_posture.v17i.yolov8\train\labels\nghiengphai_mp4-0100_jpg.rf.d30cb717d09cd01fa5a9d7e26311f62c.txt,1280,720,80116,fed0ccd4a89901b6bb2f92f8cd07163eaf602bae7f2fe4d1f52d9c4b7f372653,909898c8cc889193,190.8488,489.8083,False,True,False,1,1,0,
train,D:\.Candra\Project\TA\02_data\raw\Sitting_posture.v17i.yolov8\train\images\nghiengphai_mp4-0101_jpg.rf.e11ab87aa7ff612c2ffd777c4c80cbc3.jpg,train\images\nghiengphai_mp4-0101_jpg.rf.e11ab87aa7ff612c2ffd777c4c80cbc3.jpg,D:\.Candra\Project\TA\02_data\raw\Sitting_posture.v17i.yolov8\train\labels\nghiengphai_mp4-0101_jpg.rf.e11ab87aa7ff612c2ffd777c4c80cbc3.txt,1280,720,79745,f4df4077acfa205f14a12bb8841d809e74f041775c5215a4c55b130fee9556a0,909898c8cc889193,190.8844,484.5729,False,True,False,1,1,0,
train,D:\.Candra\Project\TA\02_data\raw\Sitting_posture.v17i.yolov8\train\images\nghiengphai_mp4-0103_jpg.rf.7f550c39aafa43ae978e30540a087a56.jpg,train\images\nghiengphai_mp4-0103_jpg.rf.7f550c39aafa43ae978e30540a087a56.jpg,D:\.Candra\Project\TA\02_data\raw\Sitting_posture.v17i.yolov8\train\labels\nghiengphai_mp4-0103_jpg.rf.7f550c39aafa43ae978e30540a087a56.txt,1280,720,79665,09df1eb6bfd7cdd1066e06755528b6fc8115a823c5125e5b9dcd2da77ee3a2a2,909898c8cc889193,190.9034,486.609,False,True,False,1,1,0,
train,D:\.Candra\Project\TA\02_data\raw\Sitting_posture.v17i.yolov8\train\images\nghiengphai_mp4-0106_jpg.rf.84309f7e4927da5a9a5371bff12133c5.jpg,train\images\nghiengphai_mp4-0106_jpg.rf.84309f7e4927da5a9a5371bff12133c5.jpg,D:\.Candra\Project\TA\02_data\raw\Sitting_posture.v17i.yolov8\train\labels\nghiengphai_mp4-0106_jpg.rf.84309f7e4927da5a9a5371bff12133c5.txt,1280,720,79963,715875b937be52d078d04a65fc9eb86df3d3faeee77929d943d4da6014750261,909898c8cc889193,190.7076,490.4249,False,True,False,1,1,0,
train,D:\.Candra\Project\TA\02_data\raw\Sitting_posture.v17i.yolov8\train\images\nghiengphai_mp4-0110_jpg.rf.69d2ccb8eb269c28bf772dc57f5ec205.jpg,train\images\nghiengphai_mp4-0110_jpg.rf.69d2ccb8eb269c28bf772dc57f5ec205.jpg,D:\.Candra\Project\TA\02_data\raw\Sitting_posture.v17i.yolov8\train\labels\nghiengphai_mp4-0110_jpg.rf.69d2ccb8eb269c28bf772dc57f5ec205.txt,1280,720,79827,b365bc592aeb434aa86c3b2295bfc74b0b61509921d55629c4f02b43ad068d21,989898c8cc889193,189.7261,483.8605,False,True,False,1,1,0,
train,D:\.Candra\Project\TA\02_data\raw\Sitting_posture.v17i.yolov8\train\images\nghiengphai_mp4-0111_jpg.rf.99388c3c3fbf86bd110c68385c79f934.jpg,train\images\nghiengphai_mp4-0111_jpg.rf.99388c3c3fbf86bd110c68385c79f934.jpg,D:\.Candra\Project\TA\02_data\raw\Sitting_posture.v17i.yolov8\train\labels\nghiengphai_mp4-0111_jpg.rf.99388c3c3fbf86bd110c68385c79f934.txt,1280,720,79886,9fa4a4142be8c4f32a5e64862d3b5d0e8566e37e3d3b9d34a5a93c06e0e75c75,989898c8cc889193,189.6548,484.0653,False,True,False,1,1,0,
train,D:\.Candra\Project\TA\02_data\raw\Sitting_posture.v17i.yolov8\train\images\nghiengphai_mp4-0114_jpg.rf.a0a6e55fd8d41169ae0d1efacade0383.jpg,train\images\nghiengphai_mp4-0114_jpg.rf.a0a6e55fd8d41169ae0d1efacade0383.jpg,D:\.Candra\Project\TA\02_data\raw\Sitting_posture.v17i.yolov8\train\labels\nghiengphai_mp4-0114_jpg.rf.a0a6e55fd8d41169ae0d1efacade0383.txt,1280,720,80234,553d59c1cbcff2021dac755034b77e05d28854dab74ca4695b2601f131073291,989898c8cc889193,189.6418,493.7612,False,True,False,1,1,0,
train,D:\.Candra\Project\TA\02_data\raw\Sitting_posture.v17i.yolov8\train\images\nghiengphai_mp4-0116_jpg.rf.1564dacde9cf2ae89c1208af413ff817.jpg,train\images\nghiengphai_mp4-0116_jpg.rf.1564dacde9cf2ae89c1208af413ff817.jpg,D:\.Candra\Project\TA\02_data\raw\Sitting_posture.v17i.yolov8\train\labels\nghiengphai_mp4-0116_jpg.rf.1564dacde9cf2ae89c1208af413ff817.txt,1280,720,80273,ee05dcba8dc56f2c89aacc8138f766f434fea4eec1efd3dfb396a3c2fd3b9538,989898c8cc889193,189.661,486.6069,False,True,False,1,1,0,
train,D:\.Candra\Project\TA\02_data\raw\Sitting_posture.v17i.yolov8\train\images\nghiengphai_mp4-0117_jpg.rf.b23b3bf07c38ed59f6afbb80838ce1b5.jpg,train\images\nghiengphai_mp4-0117_jpg.rf.b23b3bf07c38ed59f6afbb80838ce1b5.jpg,D:\.Candra\Project\TA\02_data\raw\Sitting_posture.v17i.yolov8\train\labels\nghiengphai_mp4-0117_jpg.rf.b23b3bf07c38ed59f6afbb80838ce1b5.txt,1280,720,80066,c2c83a953dfcfc72de03628e0d2a6c8905262591e9c383e45748857d19777c2d,989898c8cc889193,189.6444,489.8353,False,True,False,1,1,0,
train,D:\.Candra\Project\TA\02_data\raw\Sitting_posture.v17i.yolov8\train\images\nghiengphai_mp4-0119_jpg.rf.6cdb8f6ce7eb0bb66648a62ef4357a38.jpg,train\images\nghiengphai_mp4-0119_jpg.rf.6cdb8f6ce7eb0bb66648a62ef4357a38.jpg,D:\.Candra\Project\TA\02_data\raw\Sitting_posture.v17i.yolov8\train\labels\nghiengphai_mp4-0119_jpg.rf.6cdb8f6ce7eb0bb66648a62ef4357a38.txt,1280,720,79772,109a1353379508cdb7bfb5f4c0e12fa3289f08d58184007115179f1a0ca7bbe6,d89898c8cc889193,189.7518,478.8947,False,True,False,1,1,0,
train,D:\.Candra\Project\TA\02_data\raw\Sitting_posture.v17i.yolov8\train\images\nghiengphai_mp4-0120_jpg.rf.7da71b83047307014729bccbeb7bc028.jpg,train\images\nghiengphai_mp4-0120_jpg.rf.7da71b83047307014729bccbeb7bc028.jpg,D:\.Candra\Project\TA\02_data\raw\Sitting_posture.v17i.yolov8\train\labels\nghiengphai_mp4-0120_jpg.rf.7da71b83047307014729bccbeb7bc028.txt,1280,720,79619,e3628a05cb13761d740066262ade969a83249786ee5f25acc4801b6ab504de44,d89898c8cc889193,189.6803,482.1783,False,True,False,1,1,0,
train,D:\.Candra\Project\TA\02_data\raw\Sitting_posture.v17i.yolov8\train\images\nghiengphai_mp4-0122_jpg.rf.4e80f2026188ebd7f103057703f14fc7.jpg,train\images\nghiengphai_mp4-0122_jpg.rf.4e80f2026188ebd7f103057703f14fc7.jpg,D:\.Candra\Project\TA\02_data\raw\Sitting_posture.v17i.yolov8\train\labels\nghiengphai_mp4-0122_jpg.rf.4e80f2026188ebd7f103057703f14fc7.txt,1280,720,79713,1bb67d2bf4d3028ca6363e80ab323f1f8f4adf89783646c9e47737cf834d3f0f,d89898c8cc889193,189.5709,523.2883,False,True,False,1,1,0,
train,D:\.Candra\Project\TA\02_data\raw\Sitting_posture.v17i.yolov8\train\images\nghiengphai_mp4-0123_jpg.rf.75d81d7aaa2033f746d79d3bd2c40aae.jpg,train\images\nghiengphai_mp4-0123_jpg.rf.75d81d7aaa2033f746d79d3bd2c40aae.jpg,D:\.Candra\Project\TA\02_data\raw\Sitting_posture.v17i.yolov8\train\labels\nghiengphai_mp4-0123_jpg.rf.75d81d7aaa2033f746d79d3bd2c40aae.txt,1280,720,78993,7c7f22e3fa0bd0de4d91e7d8041040c53014d55f9f36ab56f8149f80f9d18896,d89898c8cc889193,189.5849,485.8489,False,True,False,1,1,0,
train,D:\.Candra\Project\TA\02_data\raw\Sitting_posture.v17i.yolov8\train\images\nghiengphai_mp4-0124_jpg.rf.dcf080eff449c9d54aa64d4855cae3bd.jpg,train\images\nghiengphai_mp4-0124_jpg.rf.dcf080eff449c9d54aa64d4855cae3bd.jpg,D:\.Candra\Project\TA\02_data\raw\Sitting_posture.v17i.yolov8\train\labels\nghiengphai_mp4-0124_jpg.rf.dcf080eff449c9d54aa64d4855cae3bd.txt,1280,720,77904,02594ebed3961581f15f8858de756f42f6e9aea08d3de0b5cbe67d5cdfed02e8,c898c8c8cc889193,189.5675,470.7901,False,True,False,1,1,0,
train,D:\.Candra\Project\TA\02_data\raw\Sitting_posture.v17i.yolov8\train\images\nghiengphai_mp4-0127_jpg.rf.d2836428fc91fa7d0bbc1bd52b4a62f8.jpg,train\images\nghiengphai_mp4-0127_jpg.rf.d2836428fc91fa7d0bbc1bd52b4a62f8.jpg,D:\.Candra\Project\TA\02_data\raw\Sitting_posture.v17i.yolov8\train\labels\nghiengphai_mp4-0127_jpg.rf.d2836428fc91fa7d0bbc1bd52b4a62f8.txt,1280,720,77410,e7bafdb43af83dcd961b8b9245fb85470486d7b543907e8aa38aba3db74081dd,c8c8c8c8cc889193,189.5161,444.2765,False,True,False,1,1,0,
train,D:\.Candra\Project\TA\02_data\raw\Sitting_posture.v17i.yolov8\train\images\nghiengphai_mp4-0129_jpg.rf.46f039cd8e56ffe4e406e92c5c7e85d3.jpg,train\images\nghiengphai_mp4-0129_jpg.rf.46f039cd8e56ffe4e406e92c5c7e85d3.jpg,D:\.Candra\Project\TA\02_data\raw\Sitting_posture.v17i.yolov8\train\labels\nghiengphai_mp4-0129_jpg.rf.46f039cd8e56ffe4e406e92c5c7e85d3.txt,1280,720,78099,143d13193f199ec9cd8bc8733303d53cf6f0b7c21645bbd521bf2b0483d56d54,ccccccc8cc889193,189.3295,471.4646,False,True,False,1,1,0,
train,D:\.Candra\Project\TA\02_data\raw\Sitting_posture.v17i.yolov8\train\images\nghiengphai_mp4-0130_jpg.rf.0cb69a057f6aeb85682f304ed89d03b6.jpg,train\images\nghiengphai_mp4-0130_jpg.rf.0cb69a057f6aeb85682f304ed89d03b6.jpg,D:\.Candra\Project\TA\02_data\raw\Sitting_posture.v17i.yolov8\train\labels\nghiengphai_mp4-0130_jpg.rf.0cb69a057f6aeb85682f304ed89d03b6.txt,1280,720,78274,88053c884108438f91a2cd557c8bda732fd7039c4d12dd3944760c6dfc8fcddd,ccccccc8cc889193,189.3184,472.7266,False,True,False,1,1,0,
train,D:\.Candra\Project\TA\02_data\raw\Sitting_posture.v17i.yolov8\train\images\nghiengphai_mp4-0131_jpg.rf.c351563dc2f8343fb7ad1b0cc3393b85.jpg,train\images\nghiengphai_mp4-0131_jpg.rf.c351563dc2f8343fb7ad1b0cc3393b85.jpg,D:\.Candra\Project\TA\02_data\raw\Sitting_posture.v17i.yolov8\train\labels\nghiengphai_mp4-0131_jpg.rf.c351563dc2f8343fb7ad1b0cc3393b85.txt,1280,720,78224,1283fc2dbbdad35c8cb96123f7476f36f391c3e6d9cca21e04d5552e3b4f6be8,cccdccc8cc889193,189.2893,464.7676,False,True,False,1,1,0,
train,D:\.Candra\Project\TA\02_data\raw\Sitting_posture.v17i.yolov8\train\images\nghiengphai_mp4-0132_jpg.rf.e65db12dd7ad220a01da7f48d79acbda.jpg,train\images\nghiengphai_mp4-0132_jpg.rf.e65db12dd7ad220a01da7f48d79acbda.jpg,D:\.Candra\Project\TA\02_data\raw\Sitting_posture.v17i.yolov8\train\labels\nghiengphai_mp4-0132_jpg.rf.e65db12dd7ad220a01da7f48d79acbda.txt,1280,720,78223,de7d6d4f61abaefcf926cf7bb38fab96d4cd5fe6d0901e2912151b2ed3b6976f,cccdcccccc889193,189.2742,468.0395,False,True,False,1,1,0,
train,D:\.Candra\Project\TA\02_data\raw\Sitting_posture.v17i.yolov8\train\images\nghiengphai_mp4-0134_jpg.rf.6912f83fbcd34aa28c680cf70dc5485c.jpg,train\images\nghiengphai_mp4-0134_jpg.rf.6912f83fbcd34aa28c680cf70dc5485c.jpg,D:\.Candra\Project\TA\02_data\raw\Sitting_posture.v17i.yolov8\train\labels\nghiengphai_mp4-0134_jpg.rf.6912f83fbcd34aa28c680cf70dc5485c.txt,1280,720,78480,010e73a65eb7a7f68389afa7306a8d5832d78efb39562ea4e3d34c7f50aac843,cccdcccccc889193,189.1902,469.8919,False,True,False,1,1,0,
train,D:\.Candra\Project\TA\02_data\raw\Sitting_posture.v17i.yolov8\train\images\nghiengphai_mp4-0135_jpg.rf.a619d92c4f933857dd80ef168ff5c7bf.jpg,train\images\nghiengphai_mp4-0135_jpg.rf.a619d92c4f933857dd80ef168ff5c7bf.jpg,D:\.Candra\Project\TA\02_data\raw\Sitting_posture.v17i.yolov8\train\labels\nghiengphai_mp4-0135_jpg.rf.a619d92c4f933857dd80ef168ff5c7bf.txt,1280,720,78526,2c03c897436877be680b002e85ed8992dd91d1f84bb32309898ee8ec838de579,cccdcccccc889193,189.1473,469.2814,False,True,False,1,1,0,
train,D:\.Candra\Project\TA\02_data\raw\Sitting_posture.v17i.yolov8\train\images\nghiengphai_mp4-0136_jpg.rf.f80cb385c0cc8f28d2d66a2502106d57.jpg,train\images\nghiengphai_mp4-0136_jpg.rf.f80cb385c0cc8f28d2d66a2502106d57.jpg,D:\.Candra\Project\TA\02_data\raw\Sitting_posture.v17i.yolov8\train\labels\nghiengphai_mp4-0136_jpg.rf.f80cb385c0cc8f28d2d66a2502106d57.txt,1280,720,78479,ff0c346d4ecd257ca443019ac7b1bfa4d9e4611285be3c155ac182ac030dc39e,cccdcccccc889193,189.1021,471.0801,False,True,False,1,1,0,
train,D:\.Candra\Project\TA\02_data\raw\Sitting_posture.v17i.yolov8\train\images\nghiengphai_mp4-0137_jpg.rf.c39b51ebcec98f2ad7ff5a0e089ea93b.jpg,train\images\nghiengphai_mp4-0137_jpg.rf.c39b51ebcec98f2ad7ff5a0e089ea93b.jpg,D:\.Candra\Project\TA\02_data\raw\Sitting_posture.v17i.yolov8\train\labels\nghiengphai_mp4-0137_jpg.rf.c39b51ebcec98f2ad7ff5a0e089ea93b.txt,1280,720,78031,ef6124ada2e78671c86e60b71d898bd7cc46dc24b77ae0b8eadf50daaecfdfb6,cccdccc8cc889193,190.2684,467.5965,False,True,False,1,1,0,
train,D:\.Candra\Project\TA\02_data\raw\Sitting_posture.v17i.yolov8\train\images\nghiengphai_mp4-0139_jpg.rf.3ba9f4034aecd29ed0d7b014b38408ba.jpg,train\images\nghiengphai_mp4-0139_jpg.rf.3ba9f4034aecd29ed0d7b014b38408ba.jpg,D:\.Candra\Project\TA\02_data\raw\Sitting_posture.v17i.yolov8\train\labels\nghiengphai_mp4-0139_jpg.rf.3ba9f4034aecd29ed0d7b014b38408ba.txt,1280,720,78482,42bde6496131894850851c5a30d17f5630fe2a3dae513e988788975780bb9875,ccccccc8cc889193,190.4987,471.5838,False,True,False,1,1,0,
train,D:\.Candra\Project\TA\02_data\raw\Sitting_posture.v17i.yolov8\train\images\nghiengphai_mp4-0140_jpg.rf.a1fac8df4615a7a6c91f7adea0e110fb.jpg,train\images\nghiengphai_mp4-0140_jpg.rf.a1fac8df4615a7a6c91f7adea0e110fb.jpg,D:\.Candra\Project\TA\02_data\raw\Sitting_posture.v17i.yolov8\train\labels\nghiengphai_mp4-0140_jpg.rf.a1fac8df4615a7a6c91f7adea0e110fb.txt,1280,720,78851,ad23d89c71683fb12c624e97041292dbe86d0bba13accb57e48cd94a83381c73,ccccccc8cc889193,190.5501,478.3629,False,True,False,1,1,0,
train,D:\.Candra\Project\TA\02_data\raw\Sitting_posture.v17i.yolov8\train\images\nghiengphai_mp4-0141_jpg.rf.d217cef64130af5bba062a06c6c5fb18.jpg,train\images\nghiengphai_mp4-0141_jpg.rf.d217cef64130af5bba062a06c6c5fb18.jpg,D:\.Candra\Project\TA\02_data\raw\Sitting_posture.v17i.yolov8\train\labels\nghiengphai_mp4-0141_jpg.rf.d217cef64130af5bba062a06c6c5fb18.txt,1280,720,78622,048dd868ee37326a88390b4a99ff2f813b8e80cf27c6c1c970104b23cfe6ea37,ccccccc8cc889193,189.5649,475.2842,False,True,False,1,1,0,
train,D:\.Candra\Project\TA\02_data\raw\Sitting_posture.v17i.yolov8\train\images\nghiengphai_mp4-0142_jpg.rf.67504f07826ee9154c701f6e8037d3fb.jpg,train\images\nghiengphai_mp4-0142_jpg.rf.67504f07826ee9154c701f6e8037d3fb.jpg,D:\.Candra\Project\TA\02_data\raw\Sitting_posture.v17i.yolov8\train\labels\nghiengphai_mp4-0142_jpg.rf.67504f07826ee9154c701f6e8037d3fb.txt,1280,720,78502,0b4b24e3dd1ec9cae1f02b5c2e165ebabd2bc4c8092a182cee7f28dba0682cad,ccccccc8cc889193,189.4902,477.7838,False,True,False,1,1,0,
train,D:\.Candra\Project\TA\02_data\raw\Sitting_posture.v17i.yolov8\train\images\nghiengphai_mp4-0143_jpg.rf.176337926085843e0e1f76666e90c92d.jpg,train\images\nghiengphai_mp4-0143_jpg.rf.176337926085843e0e1f76666e90c92d.jpg,D:\.Candra\Project\TA\02_data\raw\Sitting_posture.v17i.yolov8\train\labels\nghiengphai_mp4-0143_jpg.rf.176337926085843e0e1f76666e90c92d.txt,1280,720,78566,d4627b8cabb0f1a33c2d9392f777954c7191eea0d75f38b18a48ea5fcc6ccd4a,ccccccc8cc889193,189.4488,475.1479,False,True,False,1,1,0,
train,D:\.Candra\Project\TA\02_data\raw\Sitting_posture.v17i.yolov8\train\images\nghiengphai_mp4-0147_jpg.rf.85f9a430ec9bfefb91ee610e59eb7a2e.jpg,train\images\nghiengphai_mp4-0147_jpg.rf.85f9a430ec9bfefb91ee610e59eb7a2e.jpg,D:\.Candra\Project\TA\02_data\raw\Sitting_posture.v17i.yolov8\train\labels\nghiengphai_mp4-0147_jpg.rf.85f9a430ec9bfefb91ee610e59eb7a2e.txt,1280,720,79518,85ed145850cd023bcaa8d0b15b2574becfc3dc723dfbfbcf7cd032c6e3c00919,ccccccc8cc889193,189.3949,498.0163,False,True,False,1,1,0,
train,D:\.Candra\Project\TA\02_data\raw\Sitting_posture.v17i.yolov8\train\images\nghiengphai_mp4-0150_jpg.rf.1c95a0d0add763cb4495b69c71654915.jpg,train\images\nghiengphai_mp4-0150_jpg.rf.1c95a0d0add763cb4495b69c71654915.jpg,D:\.Candra\Project\TA\02_data\raw\Sitting_posture.v17i.yolov8\train\labels\nghiengphai_mp4-0150_jpg.rf.1c95a0d0add763cb4495b69c71654915.txt,1280,720,78530,5fc2f267a0c64798492f0be00a429e2858d69e6543bd490b0f96cda632720ed7,ccccccc8cc889193,189.4905,475.1509,False,True,False,1,1,0,
train,D:\.Candra\Project\TA\02_data\raw\Sitting_posture.v17i.yolov8\train\images\nghiengphai_mp4-0152_jpg.rf.84a1ab636ec99e9f7c71a49273d5d037.jpg,train\images\nghiengphai_mp4-0152_jpg.rf.84a1ab636ec99e9f7c71a49273d5d037.jpg,D:\.Candra\Project\TA\02_data\raw\Sitting_posture.v17i.yolov8\train\labels\nghiengphai_mp4-0152_jpg.rf.84a1ab636ec99e9f7c71a49273d5d037.txt,1280,720,78636,017f012700659f79416baebb00b9045da972c06ca21bf4f61e716e5113a28dd4,ccccccc8cc889193,189.5411,478.405,False,True,False,1,1,0,
train,D:\.Candra\Project\TA\02_data\raw\Sitting_posture.v17i.yolov8\train\images\nghiengphai_mp4-0153_jpg.rf.5ee302efe433dad03f816b40f8eff6ff.jpg,train\images\nghiengphai_mp4-0153_jpg.rf.5ee302efe433dad03f816b40f8eff6ff.jpg,D:\.Candra\Project\TA\02_data\raw\Sitting_posture.v17i.yolov8\train\labels\nghiengphai_mp4-0153_jpg.rf.5ee302efe433dad03f816b40f8eff6ff.txt,1280,720,78482,dec087c3e370a903bbbe5513fb7a677792baa41b388ef445ebcc00648830a7ec,ccccccc8cc889193,189.5722,471.9821,False,True,False,1,1,0,
train,D:\.Candra\Project\TA\02_data\raw\Sitting_posture.v17i.yolov8\train\images\nghiengphai_mp4-0154_jpg.rf.bc60a612840693b70ea01c6cc8b5e375.jpg,train\images\nghiengphai_mp4-0154_jpg.rf.bc60a612840693b70ea01c6cc8b5e375.jpg,D:\.Candra\Project\TA\02_data\raw\Sitting_posture.v17i.yolov8\train\labels\nghiengphai_mp4-0154_jpg.rf.bc60a612840693b70ea01c6cc8b5e375.txt,1280,720,78551,a9d4a40f2fa6af49ecc7b5a264ae10d1aeb9da405fc3afac3b1d1e2f2be2cb35,ccccccc8cc889193,189.5854,472.2287,False,True,False,1,1,0,
train,D:\.Candra\Project\TA\02_data\raw\Sitting_posture.v17i.yolov8\train\images\nghiengphai_mp4-0155_jpg.rf.a26854b695b0d283d81f08ddeb1fd6d6.jpg,train\images\nghiengphai_mp4-0155_jpg.rf.a26854b695b0d283d81f08ddeb1fd6d6.jpg,D:\.Candra\Project\TA\02_data\raw\Sitting_posture.v17i.yolov8\train\labels\nghiengphai_mp4-0155_jpg.rf.a26854b695b0d283d81f08ddeb1fd6d6.txt,1280,720,78833,f177d82bea1a00af78031cc9079952338405cba88534989b5cf46383cff27621,ccccccc8cc889193,189.5476,474.0692,False,True,False,1,1,0,
train,D:\.Candra\Project\TA\02_data\raw\Sitting_posture.v17i.yolov8\train\images\nghiengphai_mp4-0156_jpg.rf.46dac8bb811d9702eb0c1b4d9018159a.jpg,train\images\nghiengphai_mp4-0156_jpg.rf.46dac8bb811d9702eb0c1b4d9018159a.jpg,D:\.Candra\Project\TA\02_data\raw\Sitting_posture.v17i.yolov8\train\labels\nghiengphai_mp4-0156_jpg.rf.46dac8bb811d9702eb0c1b4d9018159a.txt,1280,720,78861,655e2178bca1de5bdc8840b0437e72b110154b15d7a8defa125e49cea68d0ca3,ccccccc8cc889193,189.5565,474.1374,False,True,False,1,1,0,
train,D:\.Candra\Project\TA\02_data\raw\Sitting_posture.v17i.yolov8\train\images\nghiengphai_mp4-0158_jpg.rf.35981ee9ec3aa5de66b9c0ad174d96de.jpg,train\images\nghiengphai_mp4-0158_jpg.rf.35981ee9ec3aa5de66b9c0ad174d96de.jpg,D:\.Candra\Project\TA\02_data\raw\Sitting_posture.v17i.yolov8\train\labels\nghiengphai_mp4-0158_jpg.rf.35981ee9ec3aa5de66b9c0ad174d96de.txt,1280,720,78808,25b949161e86f70c8fb4283427ab03e8241bed6031bd69609cdcc0a96ac9e998,ccccccc8cc889193,189.1206,471.8916,False,True,False,1,1,0,
train,D:\.Candra\Project\TA\02_data\raw\Sitting_posture.v17i.yolov8\train\images\nghiengphai_mp4-0159_jpg.rf.2826c3e49d99660441e9d37dab9eeeab.jpg,train\images\nghiengphai_mp4-0159_jpg.rf.2826c3e49d99660441e9d37dab9eeeab.jpg,D:\.Candra\Project\TA\02_data\raw\Sitting_posture.v17i.yolov8\train\labels\nghiengphai_mp4-0159_jpg.rf.2826c3e49d99660441e9d37dab9eeeab.txt,1280,720,78751,e3f8d4e6ea971b7f32919ef1a00dd23dc71b1cfb6237128fdc51dc92e4a488ed,ccccccc8cc889193,189.0159,472.621,False,True,False,1,1,0,
train,D:\.Candra\Project\TA\02_data\raw\Sitting_posture.v17i.yolov8\train\images\nghiengphai_mp4-0161_jpg.rf.5b18ec64ffaa2eb13872973403f091ae.jpg,train\images\nghiengphai_mp4-0161_jpg.rf.5b18ec64ffaa2eb13872973403f091ae.jpg,D:\.Candra\Project\TA\02_data\raw\Sitting_posture.v17i.yolov8\train\labels\nghiengphai_mp4-0161_jpg.rf.5b18ec64ffaa2eb13872973403f091ae.txt,1280,720,78395,c767ba7cc563c8c3bd2d726588a1b52c6c7a19efcb14d8779ccff290c7802f32,c8ccccc8cc889193,189.7703,465.8065,False,True,False,1,1,0,
train,D:\.Candra\Project\TA\02_data\raw\Sitting_posture.v17i.yolov8\train\images\nghiengphai_mp4-0162_jpg.rf.36db8747c12ba7ae5fa80954317b093f.jpg,train\images\nghiengphai_mp4-0162_jpg.rf.36db8747c12ba7ae5fa80954317b093f.jpg,D:\.Candra\Project\TA\02_data\raw\Sitting_posture.v17i.yolov8\train\labels\nghiengphai_mp4-0162_jpg.rf.36db8747c12ba7ae5fa80954317b093f.txt,1280,720,78464,e4a7809a6a716f100dea29796334c025e390b3bf247abc395b7e73f91ece4498,c8ccccc8cc889193,189.956,471.8962,False,True,False,1,1,0,
train,D:\.Candra\Project\TA\02_data\raw\Sitting_posture.v17i.yolov8\train\images\nghiengphai_mp4-0164_jpg.rf.9d7934f039322162488d7fa9fde24ad3.jpg,train\images\nghiengphai_mp4-0164_jpg.rf.9d7934f039322162488d7fa9fde24ad3.jpg,D:\.Candra\Project\TA\02_data\raw\Sitting_posture.v17i.yolov8\train\labels\nghiengphai_mp4-0164_jpg.rf.9d7934f039322162488d7fa9fde24ad3.txt,1280,720,78694,bfac57c51865f15312c44edccee8ac93808774561d7e87aa6dd3e777f16a8c02,c8c8c8c8cc889193,190.1978,473.4551,False,True,False,1,1,0,
train,D:\.Candra\Project\TA\02_data\raw\Sitting_posture.v17i.yolov8\train\images\nghiengphai_mp4-0165_jpg.rf.82ab78d3d9a9a25a04930fd5c9b32e4a.jpg,train\images\nghiengphai_mp4-0165_jpg.rf.82ab78d3d9a9a25a04930fd5c9b32e4a.jpg,D:\.Candra\Project\TA\02_data\raw\Sitting_posture.v17i.yolov8\train\labels\nghiengphai_mp4-0165_jpg.rf.82ab78d3d9a9a25a04930fd5c9b32e4a.txt,1280,720,78756,ab19a34bbc8ff02d2eea3f03471e124199f6a30d11418776ce3ad679a4d6b896,c8c8c8c8cc889193,190.267,473.5307,False,True,False,1,1,0,
train,D:\.Candra\Project\TA\02_data\raw\Sitting_posture.v17i.yolov8\train\images\nghiengphai_mp4-0166_jpg.rf.1b0a72dd7440db986f18c9d22fe6356f.jpg,train\images\nghiengphai_mp4-0166_jpg.rf.1b0a72dd7440db986f18c9d22fe6356f.jpg,D:\.Candra\Project\TA\02_data\raw\Sitting_posture.v17i.yolov8\train\labels\nghiengphai_mp4-0166_jpg.rf.1b0a72dd7440db986f18c9d22fe6356f.txt,1280,720,78670,65937eebb40f5ee4c7ecb1f4f00fd962ed77720fbbdc0849a7268e21e401b6d2,c8c8c8c8cc889193,190.3219,470.904,False,True,False,1,1,0,
train,D:\.Candra\Project\TA\02_data\raw\Sitting_posture.v17i.yolov8\train\images\nghiengphai_mp4-0168_jpg.rf.136bc9ae62518c0e15f093ba92c54824.jpg,train\images\nghiengphai_mp4-0168_jpg.rf.136bc9ae62518c0e15f093ba92c54824.jpg,D:\.Candra\Project\TA\02_data\raw\Sitting_posture.v17i.yolov8\train\labels\nghiengphai_mp4-0168_jpg.rf.136bc9ae62518c0e15f093ba92c54824.txt,1280,720,78926,6e2d037162ac5150bd3592a941c40e5effb72a8b8ec670d9c21c0c149a7796e8,c898c8c8cc889193,190.3826,477.1088,False,True,False,1,1,0,
train,D:\.Candra\Project\TA\02_data\raw\Sitting_posture.v17i.yolov8\train\images\nghiengphai_mp4-0169_jpg.rf.2bc89b453a78a1ed8bc17c8a7e3af08a.jpg,train\images\nghiengphai_mp4-0169_jpg.rf.2bc89b453a78a1ed8bc17c8a7e3af08a.jpg,D:\.Candra\Project\TA\02_data\raw\Sitting_posture.v17i.yolov8\train\labels\nghiengphai_mp4-0169_jpg.rf.2bc89b453a78a1ed8bc17c8a7e3af08a.txt,1280,720,78987,e7a203dab2694da1301d518e389c5f0705ae4a2ff3a0d42c0ab013075962bcea,c898c8c8cc889193,190.4134,476.5107,False,True,False,1,1,0,
train,D:\.Candra\Project\TA\02_data\raw\Sitting_posture.v17i.yolov8\train\images\nghiengphai_mp4-0171_jpg.rf.268c31ed76a79d1b81ec63609f7d5504.jpg,train\images\nghiengphai_mp4-0171_jpg.rf.268c31ed76a79d1b81ec63609f7d5504.jpg,D:\.Candra\Project\TA\02_data\raw\Sitting_posture.v17i.yolov8\train\labels\nghiengphai_mp4-0171_jpg.rf.268c31ed76a79d1b81ec63609f7d5504.txt,1280,720,80171,bcb3a1043a0d366bde00de1c48208d0febd55783de61fd41fbce8caad3971cea,c89898c8cc889193,190.393,505.4985,False,True,False,1,1,0,
train,D:\.Candra\Project\TA\02_data\raw\Sitting_posture.v17i.yolov8\train\images\nghiengphai_mp4-0172_jpg.rf.0dd18a3dbbac2408b2d33169929e6e17.jpg,train\images\nghiengphai_mp4-0172_jpg.rf.0dd18a3dbbac2408b2d33169929e6e17.jpg,D:\.Candra\Project\TA\02_data\raw\Sitting_posture.v17i.yolov8\train\labels\nghiengphai_mp4-0172_jpg.rf.0dd18a3dbbac2408b2d33169929e6e17.txt,1280,720,80682,79db5cb4d8f7eedfea3ca65505024362055691fbfbd5c0e0452964de7b24684d,c89898c8cc889193,190.373,503.2509,False,True,False,1,1,0,
train,D:\.Candra\Project\TA\02_data\raw\Sitting_posture.v17i.yolov8\train\images\nghiengphai_mp4-0173_jpg.rf.e6811a7a641a6af9d7aaaa390946ae5d.jpg,train\images\nghiengphai_mp4-0173_jpg.rf.e6811a7a641a6af9d7aaaa390946ae5d.jpg,D:\.Candra\Project\TA\02_data\raw\Sitting_posture.v17i.yolov8\train\labels\nghiengphai_mp4-0173_jpg.rf.e6811a7a641a6af9d7aaaa390946ae5d.txt,1280,720,79876,3ca14f386d10e39f43cf288e9aa57cb6add5fcb49ba8aada4782a12bfffce6e6,c89898c8cc889193,190.3669,498.8959,False,True,False,1,1,0,
train,D:\.Candra\Project\TA\02_data\raw\Sitting_posture.v17i.yolov8\train\images\nghiengphai_mp4-0177_jpg.rf.e5b03b62736409fc4e811016561ece4e.jpg,train\images\nghiengphai_mp4-0177_jpg.rf.e5b03b62736409fc4e811016561ece4e.jpg,D:\.Candra\Project\TA\02_data\raw\Sitting_posture.v17i.yolov8\train\labels\nghiengphai_mp4-0177_jpg.rf.e5b03b62736409fc4e811016561ece4e.txt,1280,720,79244,9a6033d70faa3d02322821c6f691ac37198e8c906c3fe067af677ee5e02de96d,c898d8c8cc889193,190.4582,485.9125,False,True,False,1,1,0,
train,D:\.Candra\Project\TA\02_data\raw\Sitting_posture.v17i.yolov8\train\images\nghiengphai_mp4-0179_jpg.rf.4e46747c2b7f65cde923a785b984baa6.jpg,train\images\nghiengphai_mp4-0179_jpg.rf.4e46747c2b7f65cde923a785b984baa6.jpg,D:\.Candra\Project\TA\02_data\raw\Sitting_posture.v17i.yolov8\train\labels\nghiengphai_mp4-0179_jpg.rf.4e46747c2b7f65cde923a785b984baa6.txt,1280,720,79525,75fb97db57090fcc05b80853bf0e1a6c2a7758dc498691ceff33c0cf9516265a,c898d8c8cc889193,190.3919,488.7314,False,True,False,1,1,0,
train,D:\.Candra\Project\TA\02_data\raw\Sitting_posture.v17i.yolov8\train\images\nghiengphai_mp4-0180_jpg.rf.e574e736c78a0766ba69dd2c2fa784c1.jpg,train\images\nghiengphai_mp4-0180_jpg.rf.e574e736c78a0766ba69dd2c2fa784c1.jpg,D:\.Candra\Project\TA\02_data\raw\Sitting_posture.v17i.yolov8\train\labels\nghiengphai_mp4-0180_jpg.rf.e574e736c78a0766ba69dd2c2fa784c1.txt,1280,720,79423,85cf09ef612ff9150009194fc6f33a97b707e0552dd1bee5926ecb6f56862a41,c898d8c8cc889193,190.385,483.6945,False,True,False,1,1,0,
train,D:\.Candra\Project\TA\02_data\raw\Sitting_posture.v17i.yolov8\train\images\nghiengphai_mp4-0181_jpg.rf.8ace4d3e13f04d3e5bec3e479c180659.jpg,train\images\nghiengphai_mp4-0181_jpg.rf.8ace4d3e13f04d3e5bec3e479c180659.jpg,D:\.Candra\Project\TA\02_data\raw\Sitting_posture.v17i.yolov8\train\labels\nghiengphai_mp4-0181_jpg.rf.8ace4d3e13f04d3e5bec3e479c180659.txt,1280,720,79474,04ea6d1e044a278cc03ae4b2648a574df96005032c93d4c5a45af415123a46ed,c898d8c8cc889193,190.3928,485.8673,False,True,False,1,1,0,
train,D:\.Candra\Project\TA\02_data\raw\Sitting_posture.v17i.yolov8\train\images\nghiengphai_mp4-0182_jpg.rf.fc88406e10296c25b3dd545f1a7f1d7a.jpg,train\images\nghiengphai_mp4-0182_jpg.rf.fc88406e10296c25b3dd545f1a7f1d7a.jpg,D:\.Candra\Project\TA\02_data\raw\Sitting_posture.v17i.yolov8\train\labels\nghiengphai_mp4-0182_jpg.rf.fc88406e10296c25b3dd545f1a7f1d7a.txt,1280,720,79523,78690b63b8c3be4bb854f3d54313e3adb12ad88ad8aef988d74cdcc27b20bf42,c898d8c8cc889193,190.3981,484.2286,False,True,False,1,1,0,
train,D:\.Candra\Project\TA\02_data\raw\Sitting_posture.v17i.yolov8\train\images\nghiengphai_mp4-0183_jpg.rf.b6bd4b2270e7f5e903e0107305dc3832.jpg,train\images\nghiengphai_mp4-0183_jpg.rf.b6bd4b2270e7f5e903e0107305dc3832.jpg,D:\.Candra\Project\TA\02_data\raw\Sitting_posture.v17i.yolov8\train\labels\nghiengphai_mp4-0183_jpg.rf.b6bd4b2270e7f5e903e0107305dc3832.txt,1280,720,79482,cad62b0311e7cef5d8cea2ab0cbda3a912564bcf3cebd075278a6917b98e7bb7,c898d8c8cc889193,190.402,481.0448,False,True,False,1,1,0,
train,D:\.Candra\Project\TA\02_data\raw\Sitting_posture.v17i.yolov8\train\images\nghiengphai_mp4-0184_jpg.rf.2f6526e99219925b367344c6106b8cf9.jpg,train\images\nghiengphai_mp4-0184_jpg.rf.2f6526e99219925b367344c6106b8cf9.jpg,D:\.Candra\Project\TA\02_data\raw\Sitting_posture.v17i.yolov8\train\labels\nghiengphai_mp4-0184_jpg.rf.2f6526e99219925b367344c6106b8cf9.txt,1280,720,79489,1492911a3d3d6956557991cc0adaa28e46d486ec18e47d6dd9955ee89e211dd3,c898d8c8cc889193,190.4356,480.8148,False,True,False,1,1,0,
train,D:\.Candra\Project\TA\02_data\raw\Sitting_posture.v17i.yolov8\train\images\nghiengphai_mp4-0186_jpg.rf.1449d3a81b68e6ffac7a9cd470d5412b.jpg,train\images\nghiengphai_mp4-0186_jpg.rf.1449d3a81b68e6ffac7a9cd470d5412b.jpg,D:\.Candra\Project\TA\02_data\raw\Sitting_posture.v17i.yolov8\train\labels\nghiengphai_mp4-0186_jpg.rf.1449d3a81b68e6ffac7a9cd470d5412b.txt,1280,720,79487,81fd354e13861827fde398220ea21428467e62b6dc992d33ed7f973ba41260ec,c89898c8cc889193,190.5204,480.9845,False,True,False,1,1,0,
train,D:\.Candra\Project\TA\02_data\raw\Sitting_posture.v17i.yolov8\train\images\nghiengphai_mp4-0187_jpg.rf.330b5d7bf1f1d54dbffdbe8d5c550bda.jpg,train\images\nghiengphai_mp4-0187_jpg.rf.330b5d7bf1f1d54dbffdbe8d5c550bda.jpg,D:\.Candra\Project\TA\02_data\raw\Sitting_posture.v17i.yolov8\train\labels\nghiengphai_mp4-0187_jpg.rf.330b5d7bf1f1d54dbffdbe8d5c550bda.txt,1280,720,79423,50ca841223dbb30edad142e56e42529f559ddb0479593050f1807b1d8f6e6c9c,d89898c8cc889193,190.5664,477.3715,False,True,False,1,1,0,
train,D:\.Candra\Project\TA\02_data\raw\Sitting_posture.v17i.yolov8\train\images\nghiengphai_mp4-0188_jpg.rf.b1f918f4241f57999ba7801099da95bf.jpg,train\images\nghiengphai_mp4-0188_jpg.rf.b1f918f4241f57999ba7801099da95bf.jpg,D:\.Candra\Project\TA\02_data\raw\Sitting_posture.v17i.yolov8\train\labels\nghiengphai_mp4-0188_jpg.rf.b1f918f4241f57999ba7801099da95bf.txt,1280,720,79194,0dba415aa37f061eead9253ec1d835daf7f7b92dfce43b2ac392ed2986e1f408,d89898c8cc889193,190.6353,468.7001,False,True,False,1,1,0,
train,D:\.Candra\Project\TA\02_data\raw\Sitting_posture.v17i.yolov8\train\images\nghiengphai_mp4-0189_jpg.rf.7efecb2f12d15d232670f991e26e00d7.jpg,train\images\nghiengphai_mp4-0189_jpg.rf.7efecb2f12d15d232670f991e26e00d7.jpg,D:\.Candra\Project\TA\02_data\raw\Sitting_posture.v17i.yolov8\train\labels\nghiengphai_mp4-0189_jpg.rf.7efecb2f12d15d232670f991e26e00d7.txt,1280,720,79174,6025897672c2f3000977ef9dc6944584ed2f824c6a41273077f2088f44e07b48,d89898c8cc889193,190.6756,468.8842,False,True,False,1,1,0,
train,D:\.Candra\Project\TA\02_data\raw\Sitting_posture.v17i.yolov8\train\images\nghiengphai_mp4-0191_jpg.rf.c2888eabc5f28b18e4f04c73fd8c3d1d.jpg,train\images\nghiengphai_mp4-0191_jpg.rf.c2888eabc5f28b18e4f04c73fd8c3d1d.jpg,D:\.Candra\Project\TA\02_data\raw\Sitting_posture.v17i.yolov8\train\labels\nghiengphai_mp4-0191_jpg.rf.c2888eabc5f28b18e4f04c73fd8c3d1d.txt,1280,720,79050,cbf4f05802562201ae8b2c4398b885c4549e7536db86cfd4180c8ce2a8ec9c40,d89898c8cc889193,190.7483,466.9312,False,True,False,1,1,0,
train,D:\.Candra\Project\TA\02_data\raw\Sitting_posture.v17i.yolov8\train\images\nghiengphai_mp4-0193_jpg.rf.a2dcc85ee7eb4b30c2c3f95b42e2b706.jpg,train\images\nghiengphai_mp4-0193_jpg.rf.a2dcc85ee7eb4b30c2c3f95b42e2b706.jpg,D:\.Candra\Project\TA\02_data\raw\Sitting_posture.v17i.yolov8\train\labels\nghiengphai_mp4-0193_jpg.rf.a2dcc85ee7eb4b30c2c3f95b42e2b706.txt,1280,720,78920,c9e1bafefaadef3a1ad00ef3236ee23fa232ceaa230829accda818a571a3d212,909898c8c8889193,190.7547,457.4254,False,True,False,1,1,0,
train,D:\.Candra\Project\TA\02_data\raw\Sitting_posture.v17i.yolov8\train\images\nghiengphai_mp4-0194_jpg.rf.cd38747bea9711a865c139eee66dfb25.jpg,train\images\nghiengphai_mp4-0194_jpg.rf.cd38747bea9711a865c139eee66dfb25.jpg,D:\.Candra\Project\TA\02_data\raw\Sitting_posture.v17i.yolov8\train\labels\nghiengphai_mp4-0194_jpg.rf.cd38747bea9711a865c139eee66dfb25.txt,1280,720,78983,449d99bea12cb6d92fa188bc270f80205d47c431f7f23c5005b093fd343d04b7,909898c8c8889193,190.7509,456.4807,False,True,False,1,1,0,
train,D:\.Candra\Project\TA\02_data\raw\Sitting_posture.v17i.yolov8\train\images\nghiengphai_mp4-0195_jpg.rf.fa821bfbd854a22716d6dd9d38526e4f.jpg,train\images\nghiengphai_mp4-0195_jpg.rf.fa821bfbd854a22716d6dd9d38526e4f.jpg,D:\.Candra\Project\TA\02_data\raw\Sitting_posture.v17i.yolov8\train\labels\nghiengphai_mp4-0195_jpg.rf.fa821bfbd854a22716d6dd9d38526e4f.txt,1280,720,80492,ffade8a632d20a8edaf39c5d38769b9d94f3fd2c8756ab1c1edc0e9ba257f20e,909898d8c8889193,190.6535,518.0927,False,True,False,1,1,0,
train,D:\.Candra\Project\TA\02_data\raw\Sitting_posture.v17i.yolov8\train\images\nghiengphai_mp4-0196_jpg.rf.9f28114a50042cf1556a8a733af81357.jpg,train\images\nghiengphai_mp4-0196_jpg.rf.9f28114a50042cf1556a8a733af81357.jpg,D:\.Candra\Project\TA\02_data\raw\Sitting_posture.v17i.yolov8\train\labels\nghiengphai_mp4-0196_jpg.rf.9f28114a50042cf1556a8a733af81357.txt,1280,720,80535,8c92bf34487dce538db6ae28dbd7d29b25084a9d79a9816602dd6448b41d64ff,909898d8c8889193,190.6823,488.381,False,True,False,1,1,0,
train,D:\.Candra\Project\TA\02_data\raw\Sitting_posture.v17i.yolov8\train\images\nghiengphai_mp4-0197_jpg.rf.bb484e70e089c4e6484273a869952abc.jpg,train\images\nghiengphai_mp4-0197_jpg.rf.bb484e70e089c4e6484273a869952abc.jpg,D:\.Candra\Project\TA\02_data\raw\Sitting_posture.v17i.yolov8\train\labels\nghiengphai_mp4-0197_jpg.rf.bb484e70e089c4e6484273a869952abc.txt,1280,720,79563,57931dd4add16eb69c392ac8e761de153c6abc4ed42cab33b03b99ce1343eaf8,909898d8c8889193,190.7245,476.5452,False,True,False,1,1,0,
train,D:\.Candra\Project\TA\02_data\raw\Sitting_posture.v17i.yolov8\train\images\nghiengphai_mp4-0200_jpg.rf.35acc9090e15b8654ea2a14913475e5d.jpg,train\images\nghiengphai_mp4-0200_jpg.rf.35acc9090e15b8654ea2a14913475e5d.jpg,D:\.Candra\Project\TA\02_data\raw\Sitting_posture.v17i.yolov8\train\labels\nghiengphai_mp4-0200_jpg.rf.35acc9090e15b8654ea2a14913475e5d.txt,1280,720,79419,faba14c2973aa7efb3ca958457f30187bf723b8815b5e0bd0efc568c1e885bc1,90989898c8889193,190.7698,475.421,False,True,False,1,1,0,
train,D:\.Candra\Project\TA\02_data\raw\Sitting_posture.v17i.yolov8\train\images\nghiengphai_mp4-0205_jpg.rf.ea2146eb96c2918aafec6b1c47467311.jpg,train\images\nghiengphai_mp4-0205_jpg.rf.ea2146eb96c2918aafec6b1c47467311.jpg,D:\.Candra\Project\TA\02_data\raw\Sitting_posture.v17i.yolov8\train\labels\nghiengphai_mp4-0205_jpg.rf.ea2146eb96c2918aafec6b1c47467311.txt,1280,720,79550,0982743feba0f15a20a04542c75e311ca94f73847a0393c35907faf5e374dd52,90989898c8889193,190.7056,475.4229,False,True,False,1,1,0,
train,D:\.Candra\Project\TA\02_data\raw\Sitting_posture.v17i.yolov8\train\images\nghiengphai_mp4-0206_jpg.rf.f5b03a5eed7e41c62d2275d7f86cbc1c.jpg,train\images\nghiengphai_mp4-0206_jpg.rf.f5b03a5eed7e41c62d2275d7f86cbc1c.jpg,D:\.Candra\Project\TA\02_data\raw\Sitting_posture.v17i.yolov8\train\labels\nghiengphai_mp4-0206_jpg.rf.f5b03a5eed7e41c62d2275d7f86cbc1c.txt,1280,720,79771,e73c80bd03a25b5ce627993fba64b454d339bbb4ca1f7c5a85218ff405c12680,909898d8c8889193,190.684,477.9771,False,True,False,1,1,0,
train,D:\.Candra\Project\TA\02_data\raw\Sitting_posture.v17i.yolov8\train\images\nghiengphai_mp4-0208_jpg.rf.b53ab2481e306e499fa3380011312b9b.jpg,train\images\nghiengphai_mp4-0208_jpg.rf.b53ab2481e306e499fa3380011312b9b.jpg,D:\.Candra\Project\TA\02_data\raw\Sitting_posture.v17i.yolov8\train\labels\nghiengphai_mp4-0208_jpg.rf.b53ab2481e306e499fa3380011312b9b.txt,1280,720,80134,f0d6a814a0ba503213ace00ef05be61d6bc07c5c2b2583b98af830937c766627,909898d8c8889193,190.6015,483.4204,False,True,False,1,1,0,
train,D:\.Candra\Project\TA\02_data\raw\Sitting_posture.v17i.yolov8\train\images\nghiengphai_mp4-0209_jpg.rf.e2d54340c3010c8301a63ff243ae7266.jpg,train\images\nghiengphai_mp4-0209_jpg.rf.e2d54340c3010c8301a63ff243ae7266.jpg,D:\.Candra\Project\TA\02_data\raw\Sitting_posture.v17i.yolov8\train\labels\nghiengphai_mp4-0209_jpg.rf.e2d54340c3010c8301a63ff243ae7266.txt,1280,720,80136,5ecc23187004eac093aa55d72258d25324d25bd75d850d97a6a310ac150b07f6,909898d8c8889193,190.628,483.7498,False,True,False,1,1,0,
train,D:\.Candra\Project\TA\02_data\raw\Sitting_posture.v17i.yolov8\train\images\nghiengphai_mp4-0210_jpg.rf.f550e07301fb77393cc6ba51f3798e6f.jpg,train\images\nghiengphai_mp4-0210_jpg.rf.f550e07301fb77393cc6ba51f3798e6f.jpg,D:\.Candra\Project\TA\02_data\raw\Sitting_posture.v17i.yolov8\train\labels\nghiengphai_mp4-0210_jpg.rf.f550e07301fb77393cc6ba51f3798e6f.txt,1280,720,80144,24d3a9620635c7b145300bc4a5b5d825bf7c23c3b310c14be6db1026af0bfe82,909898d8c8889193,190.6342,481.8329,False,True,False,1,1,0,
train,D:\.Candra\Project\TA\02_data\raw\Sitting_posture.v17i.yolov8\train\images\nghiengphai_mp4-0213_jpg.rf.ae003209d092f8e61b5a8b9d1467700d.jpg,train\images\nghiengphai_mp4-0213_jpg.rf.ae003209d092f8e61b5a8b9d1467700d.jpg,D:\.Candra\Project\TA\02_data\raw\Sitting_posture.v17i.yolov8\train\labels\nghiengphai_mp4-0213_jpg.rf.ae003209d092f8e61b5a8b9d1467700d.txt,1280,720,79929,524850d912d60b990abe47a23e02b9ee0de08b316eff312e3a8d49a0cca4e6e4,909898d8c8889193,190.0502,480.5435,False,True,False,1,1,0,
train,D:\.Candra\Project\TA\02_data\raw\Sitting_posture.v17i.yolov8\train\images\nghiengphai_mp4-0214_jpg.rf.74a71cca58a75ebfc8b0c4d7dabeaed2.jpg,train\images\nghiengphai_mp4-0214_jpg.rf.74a71cca58a75ebfc8b0c4d7dabeaed2.jpg,D:\.Candra\Project\TA\02_data\raw\Sitting_posture.v17i.yolov8\train\labels\nghiengphai_mp4-0214_jpg.rf.74a71cca58a75ebfc8b0c4d7dabeaed2.txt,1280,720,80097,920746fb2c96784ed6519f0d2bcc949c4e7866e319a885a73ef1de5ffa94ca4d,909898d8c8889193,189.8682,484.8588,False,True,False,1,1,0,
train,D:\.Candra\Project\TA\02_data\raw\Sitting_posture.v17i.yolov8\train\images\nghiengphai_mp4-0215_jpg.rf.f5f582e8c6e2f17114720e3fc5696274.jpg,train\images\nghiengphai_mp4-0215_jpg.rf.f5f582e8c6e2f17114720e3fc5696274.jpg,D:\.Candra\Project\TA\02_data\raw\Sitting_posture.v17i.yolov8\train\labels\nghiengphai_mp4-0215_jpg.rf.f5f582e8c6e2f17114720e3fc5696274.txt,1280,720,80174,0ec0cf1970ff111cefe9356661fc48734e87c12f0b7b8eff06878501990df130,909898d8c8889193,189.7983,486.8969,False,True,False,1,1,0,
train,D:\.Candra\Project\TA\02_data\raw\Sitting_posture.v17i.yolov8\train\images\nghiengphai_mp4-0216_jpg.rf.548da7d630a6e236eee186bbcfb5e752.jpg,train\images\nghiengphai_mp4-0216_jpg.rf.548da7d630a6e236eee186bbcfb5e752.jpg,D:\.Candra\Project\TA\02_data\raw\Sitting_posture.v17i.yolov8\train\labels\nghiengphai_mp4-0216_jpg.rf.548da7d630a6e236eee186bbcfb5e752.txt,1280,720,80205,0900ed42e34b4c8d9f67ffdadd73d11bcb418f30965e8987f015d84c32d8c2a6,909898d8c8889193,189.7817,487.0,False,True,False,1,1,0,
train,D:\.Candra\Project\TA\02_data\raw\Sitting_posture.v17i.yolov8\train\images\nghiengphai_mp4-0218_jpg.rf.a6e52d57b2177cd94905ade436938c09.jpg,train\images\nghiengphai_mp4-0218_jpg.rf.a6e52d57b2177cd94905ade436938c09.jpg,D:\.Candra\Project\TA\02_data\raw\Sitting_posture.v17i.yolov8\train\labels\nghiengphai_mp4-0218_jpg.rf.a6e52d57b2177cd94905ade436938c09.txt,1280,720,80477,25aa436ce68c23fcf99fc50e9a064ba4a85f1d1258070ea878a0e4cb2f7eade9,909898d8c8889193,189.707,485.8342,False,True,False,1,1,0,
train,D:\.Candra\Project\TA\02_data\raw\Sitting_posture.v17i.yolov8\train\images\nghiengphai_mp4-0219_jpg.rf.785781473373c181007754df8e35b88a.jpg,train\images\nghiengphai_mp4-0219_jpg.rf.785781473373c181007754df8e35b88a.jpg,D:\.Candra\Project\TA\02_data\raw\Sitting_posture.v17i.yolov8\train\labels\nghiengphai_mp4-0219_jpg.rf.785781473373c181007754df8e35b88a.txt,1280,720,81292,7968f3555b804312f688426483afc0a6e36a79afeaa7af8478a0fd0dc21c8e49,909898d8c8889193,189.6222,531.0345,False,True,False,1,1,0,
train,D:\.Candra\Project\TA\02_data\raw\Sitting_posture.v17i.yolov8\train\images\nghiengphai_mp4-0220_jpg.rf.039ed04c741584a6ce4be5941d71769e.jpg,train\images\nghiengphai_mp4-0220_jpg.rf.039ed04c741584a6ce4be5941d71769e.jpg,D:\.Candra\Project\TA\02_data\raw\Sitting_posture.v17i.yolov8\train\labels\nghiengphai_mp4-0220_jpg.rf.039ed04c741584a6ce4be5941d71769e.txt,1280,720,80715,3d144439205d043025e471dc365e7666f4dad6b5b5d92750bbe0c8cab9e08280,909898c8c8889193,189.6226,501.1654,False,True,False,1,1,0,
train,D:\.Candra\Project\TA\02_data\raw\Sitting_posture.v17i.yolov8\train\images\nghiengphai_mp4-0222_jpg.rf.f37007b29d18b2658d2400c041adc0b3.jpg,train\images\nghiengphai_mp4-0222_jpg.rf.f37007b29d18b2658d2400c041adc0b3.jpg,D:\.Candra\Project\TA\02_data\raw\Sitting_posture.v17i.yolov8\train\labels\nghiengphai_mp4-0222_jpg.rf.f37007b29d18b2658d2400c041adc0b3.txt,1280,720,80359,641c8d651af3c35721484a2a724cfb37f0dc32117a539cf227314605c763f0e9,909898c8c8889193,189.656,491.852,False,True,False,1,1,0,
train,D:\.Candra\Project\TA\02_data\raw\Sitting_posture.v17i.yolov8\train\images\nghiengphai_mp4-0223_jpg.rf.cf6f874d250aecfe0f016f9dfd33e6f3.jpg,train\images\nghiengphai_mp4-0223_jpg.rf.cf6f874d250aecfe0f016f9dfd33e6f3.jpg,D:\.Candra\Project\TA\02_data\raw\Sitting_posture.v17i.yolov8\train\labels\nghiengphai_mp4-0223_jpg.rf.cf6f874d250aecfe0f016f9dfd33e6f3.txt,1280,720,79898,feb800658d33b46a3e05347e399011a4c4dd89e64f2eef48f5393bc75b80ab59,909898c8c8889193,189.6887,484.6217,False,True,False,1,1,0,
train,D:\.Candra\Project\TA\02_data\raw\Sitting_posture.v17i.yolov8\train\images\nghiengphai_mp4-0224_jpg.rf.447dd17108527c9d061283b030311125.jpg,train\images\nghiengphai_mp4-0224_jpg.rf.447dd17108527c9d061283b030311125.jpg,D:\.Candra\Project\TA\02_data\raw\Sitting_posture.v17i.yolov8\train\labels\nghiengphai_mp4-0224_jpg.rf.447dd17108527c9d061283b030311125.txt,1280,720,79831,bf64c6c4fd2114cec9636c1272c0ec911f6f4da7b8a20f382b08f46aa88ac666,909898c8c8889193,189.6943,482.7672,False,True,False,1,1,0,
train,D:\.Candra\Project\TA\02_data\raw\Sitting_posture.v17i.yolov8\train\images\nghiengphai_mp4-0225_jpg.rf.a0803ee6deb667ddde8f76ebff7776d5.jpg,train\images\nghiengphai_mp4-0225_jpg.rf.a0803ee6deb667ddde8f76ebff7776d5.jpg,D:\.Candra\Project\TA\02_data\raw\Sitting_posture.v17i.yolov8\train\labels\nghiengphai_mp4-0225_jpg.rf.a0803ee6deb667ddde8f76ebff7776d5.txt,1280,720,79440,d0ab85288ee4930e4f9a702f48f02fe17d2c428e46fba7404535bc941b4c176f,909898c8c8889193,189.6961,477.1911,False,True,False,1,1,0,
train,D:\.Candra\Project\TA\02_data\raw\Sitting_posture.v17i.yolov8\train\images\nghiengphai_mp4-0227_jpg.rf.83a8e9a6c31d7e3567f16332c0827605.jpg,train\images\nghiengphai_mp4-0227_jpg.rf.83a8e9a6c31d7e3567f16332c0827605.jpg,D:\.Candra\Project\TA\02_data\raw\Sitting_posture.v17i.yolov8\train\labels\nghiengphai_mp4-0227_jpg.rf.83a8e9a6c31d7e3567f16332c0827605.txt,1280,720,79347,5fa8ae7dea2022cbde6a4aec97815b6e5631ad5eb920989ed0efa8222503860c,989898c8c8889193,189.6768,477.7367,False,True,False,1,1,0,
train,D:\.Candra\Project\TA\02_data\raw\Sitting_posture.v17i.yolov8\train\images\nghiengphai_mp4-0228_jpg.rf.c6a56ee6d12e90e30e0edc27540a1d10.jpg,train\images\nghiengphai_mp4-0228_jpg.rf.c6a56ee6d12e90e30e0edc27540a1d10.jpg,D:\.Candra\Project\TA\02_data\raw\Sitting_posture.v17i.yolov8\train\labels\nghiengphai_mp4-0228_jpg.rf.c6a56ee6d12e90e30e0edc27540a1d10.txt,1280,720,79655,e07adb2e90ef7dafebe8ce02856a0df5b1b2b8059a3a4d808d8517ee75d8f655,989898c8c8889193,189.6524,475.7767,False,True,False,1,1,0,
train,D:\.Candra\Project\TA\02_data\raw\Sitting_posture.v17i.yolov8\train\images\nghiengphai_mp4-0231_jpg.rf.291c5604b7059b62142883d15a7277a9.jpg,train\images\nghiengphai_mp4-0231_jpg.rf.291c5604b7059b62142883d15a7277a9.jpg,D:\.Candra\Project\TA\02_data\raw\Sitting_posture.v17i.yolov8\train\labels\nghiengphai_mp4-0231_jpg.rf.291c5604b7059b62142883d15a7277a9.txt,1280,720,79771,e269975cceec996816d998e6fc2e571bdcce81307362d5cfb7d8f02ddc5afb98,989898c8c8889193,189.678,476.4213,False,True,False,1,1,0,
train,D:\.Candra\Project\TA\02_data\raw\Sitting_posture.v17i.yolov8\train\images\nghiengphai_mp4-0233_jpg.rf.ea7f726e6d7763bbe88c43fdb74d8419.jpg,train\images\nghiengphai_mp4-0233_jpg.rf.ea7f726e6d7763bbe88c43fdb74d8419.jpg,D:\.Candra\Project\TA\02_data\raw\Sitting_posture.v17i.yolov8\train\labels\nghiengphai_mp4-0233_jpg.rf.ea7f726e6d7763bbe88c43fdb74d8419.txt,1280,720,79916,438fe70e918762ec37228fead2e9fd829eb50cadddcae282d9ad9bc9c7f759ac,d89898c8c8889193,189.7182,481.0233,False,True,False,1,1,0,
train,D:\.Candra\Project\TA\02_data\raw\Sitting_posture.v17i.yolov8\train\images\nghiengphai_mp4-0235_jpg.rf.0b70a13689ed60a6a8014b55e8a4dfe5.jpg,train\images\nghiengphai_mp4-0235_jpg.rf.0b70a13689ed60a6a8014b55e8a4dfe5.jpg,D:\.Candra\Project\TA\02_data\raw\Sitting_posture.v17i.yolov8\train\labels\nghiengphai_mp4-0235_jpg.rf.0b70a13689ed60a6a8014b55e8a4dfe5.txt,1280,720,79715,8e624f7c781202bb96fb861db8349968442d8c1078cadf51a13b901c0df8201f,d89898c8c8889193,189.7969,475.0064,False,True,False,1,1,0,
train,D:\.Candra\Project\TA\02_data\raw\Sitting_posture.v17i.yolov8\train\images\nghiengphai_mp4-0236_jpg.rf.61be7b18166634c4a8e78a4102bacc08.jpg,train\images\nghiengphai_mp4-0236_jpg.rf.61be7b18166634c4a8e78a4102bacc08.jpg,D:\.Candra\Project\TA\02_data\raw\Sitting_posture.v17i.yolov8\train\labels\nghiengphai_mp4-0236_jpg.rf.61be7b18166634c4a8e78a4102bacc08.txt,1280,720,79780,55d893f56653d7e2501090a617b112840843d8217210275bbc5e661600254b9b,d89898c8c8889193,189.7995,475.0408,False,True,False,1,1,0,
train,D:\.Candra\Project\TA\02_data\raw\Sitting_posture.v17i.yolov8\train\images\nghiengphai_mp4-0237_jpg.rf.b2bd489495a8954db4a0a706624171a1.jpg,train\images\nghiengphai_mp4-0237_jpg.rf.b2bd489495a8954db4a0a706624171a1.jpg,D:\.Candra\Project\TA\02_data\raw\Sitting_posture.v17i.yolov8\train\labels\nghiengphai_mp4-0237_jpg.rf.b2bd489495a8954db4a0a706624171a1.txt,1280,720,79745,eeeb35a1c29296bc864a0233231e375f39c94c131d4bb0ad9b2c1004f290917e,d89898c8c8889193,189.7951,474.6616,False,True,False,1,1,0,
train,D:\.Candra\Project\TA\02_data\raw\Sitting_posture.v17i.yolov8\train\images\nghiengphai_mp4-0239_jpg.rf.4a221591b73df44c31112b4498229058.jpg,train\images\nghiengphai_mp4-0239_jpg.rf.4a221591b73df44c31112b4498229058.jpg,D:\.Candra\Project\TA\02_data\raw\Sitting_posture.v17i.yolov8\train\labels\nghiengphai_mp4-0239_jpg.rf.4a221591b73df44c31112b4498229058.txt,1280,720,79535,239725df2ff5c6dfe5c416e3a510dda133b956ef8d0962501f7210ba8770f5a5,c898d8c8cc889193,189.7239,474.4778,False,True,False,1,1,0,
train,D:\.Candra\Project\TA\02_data\raw\Sitting_posture.v17i.yolov8\train\images\nghiengphai_mp4-0240_jpg.rf.298a561d3e55cea8a0e4e6b39d646b09.jpg,train\images\nghiengphai_mp4-0240_jpg.rf.298a561d3e55cea8a0e4e6b39d646b09.jpg,D:\.Candra\Project\TA\02_data\raw\Sitting_posture.v17i.yolov8\train\labels\nghiengphai_mp4-0240_jpg.rf.298a561d3e55cea8a0e4e6b39d646b09.txt,1280,720,79595,e36e82cb88d2c07df0dc2ef4eafc076bbf8d83519041cae8eabe9b5b462f2300,c898c8c8cc889193,189.6931,475.5255,False,True,False,1,1,0,
train,D:\.Candra\Project\TA\02_data\raw\Sitting_posture.v17i.yolov8\train\images\nghiengphai_mp4-0241_jpg.rf.2686f29393b7668dc5e4f0e55cb34690.jpg,train\images\nghiengphai_mp4-0241_jpg.rf.2686f29393b7668dc5e4f0e55cb34690.jpg,D:\.Candra\Project\TA\02_data\raw\Sitting_posture.v17i.yolov8\train\labels\nghiengphai_mp4-0241_jpg.rf.2686f29393b7668dc5e4f0e55cb34690.txt,1280,720,79482,9572a944ff3a9a43a1b188ef99220d0120325905351bd5a104a83df1f6e38b08,c898c8c8cc889193,189.644,477.6174,False,True,False,1,1,0,
train,D:\.Candra\Project\TA\02_data\raw\Sitting_posture.v17i.yolov8\train\images\nghiengphai_mp4-0242_jpg.rf.06ff0cc93af06e26389083357fe6e4ab.jpg,train\images\nghiengphai_mp4-0242_jpg.rf.06ff0cc93af06e26389083357fe6e4ab.jpg,D:\.Candra\Project\TA\02_data\raw\Sitting_posture.v17i.yolov8\train\labels\nghiengphai_mp4-0242_jpg.rf.06ff0cc93af06e26389083357fe6e4ab.txt,1280,720,79445,94b55b7ff3bfbad75a9dc47821f73456a6f6e839a5e48abeec13fa3e3473eccf,c898c8c8cc889193,189.5998,476.7096,False,True,False,1,1,0,
train,D:\.Candra\Project\TA\02_data\raw\Sitting_posture.v17i.yolov8\train\images\nghiengphai_mp4-0243_jpg.rf.a8ad6659391bf8b9f5cb0836c44275f9.jpg,train\images\nghiengphai_mp4-0243_jpg.rf.a8ad6659391bf8b9f5cb0836c44275f9.jpg,D:\.Candra\Project\TA\02_data\raw\Sitting_posture.v17i.yolov8\train\labels\nghiengphai_mp4-0243_jpg.rf.a8ad6659391bf8b9f5cb0836c44275f9.txt,1280,720,80601,ed5072bc8b14d24519f71024de67e67118dcb9412e65da70b723ab84bf1dbb8e,c8c8c8c8cc889193,189.4823,525.9033,False,True,False,1,1,0,
train,D:\.Candra\Project\TA\02_data\raw\Sitting_posture.v17i.yolov8\train\images\nghiengphai_mp4-0244_jpg.rf.c0fcb2678b899c141fc0f5f640456488.jpg,train\images\nghiengphai_mp4-0244_jpg.rf.c0fcb2678b899c141fc0f5f640456488.jpg,D:\.Candra\Project\TA\02_data\raw\Sitting_posture.v17i.yolov8\train\labels\nghiengphai_mp4-0244_jpg.rf.c0fcb2678b899c141fc0f5f640456488.txt,1280,720,79905,4d1f34d0fd26fcddb92b015d45add3451d252b0a0800b4462bd46d5004985b77,c8c8c8c8cc889193,189.5103,494.9049,False,True,False,1,1,0,
train,D:\.Candra\Project\TA\02_data\raw\Sitting_posture.v17i.yolov8\train\images\nghiengphai_mp4-0246_jpg.rf.16dcbb37c085c393a55cda07abad270b.jpg,train\images\nghiengphai_mp4-0246_jpg.rf.16dcbb37c085c393a55cda07abad270b.jpg,D:\.Candra\Project\TA\02_data\raw\Sitting_posture.v17i.yolov8\train\labels\nghiengphai_mp4-0246_jpg.rf.16dcbb37c085c393a55cda07abad270b.txt,1280,720,79066,c83a6e3de528d554bae6ac161bfb3751a6fab17ba659c1e6f9f4512f7f30ee1e,c8ccc8c8cc889193,189.4888,469.4761,False,True,False,1,1,0,
train,D:\.Candra\Project\TA\02_data\raw\Sitting_posture.v17i.yolov8\train\images\nghiengphai_mp4-0249_jpg.rf.e79b21814a8a5acc07e458cefbf06c0f.jpg,train\images\nghiengphai_mp4-0249_jpg.rf.e79b21814a8a5acc07e458cefbf06c0f.jpg,D:\.Candra\Project\TA\02_data\raw\Sitting_posture.v17i.yolov8\train\labels\nghiengphai_mp4-0249_jpg.rf.e79b21814a8a5acc07e458cefbf06c0f.txt,1280,720,78842,4bae1c123281ba7f121199cdf97af8e31a09e01ba9b0500b2724717ce77bac31,ccccccc8cc889193,189.4677,472.1999,False,True,False,1,1,0,
train,D:\.Candra\Project\TA\02_data\raw\Sitting_posture.v17i.yolov8\train\images\nghiengphai_mp4-0250_jpg.rf.88ea148454252b50b9213830d4ae733e.jpg,train\images\nghiengphai_mp4-0250_jpg.rf.88ea148454252b50b9213830d4ae733e.jpg,D:\.Candra\Project\TA\02_data\raw\Sitting_posture.v17i.yolov8\train\labels\nghiengphai_mp4-0250_jpg.rf.88ea148454252b50b9213830d4ae733e.txt,1280,720,78890,fc6514b90fc6b31d13b90c662bdb3d9d413d9a3b5c2a72ca6d3ea5f23f044c38,ccccccc8cc889193,189.4188,477.3667,False,True,False,1,1,0,
train,D:\.Candra\Project\TA\02_data\raw\Sitting_posture.v17i.yolov8\train\images\nghiengphai_mp4-0251_jpg.rf.d18fefb2ea32db9501e2f3568bc25b3d.jpg,train\images\nghiengphai_mp4-0251_jpg.rf.d18fefb2ea32db9501e2f3568bc25b3d.jpg,D:\.Candra\Project\TA\02_data\raw\Sitting_posture.v17i.yolov8\train\labels\nghiengphai_mp4-0251_jpg.rf.d18fefb2ea32db9501e2f3568bc25b3d.txt,1280,720,78896,8dc687b1605ba866a6809b0f38f76248261caf365b14b8e83c3fb504fe7b4dac,ccccccc8cc889193,189.3765,477.0916,False,True,False,1,1,0,
train,D:\.Candra\Project\TA\02_data\raw\Sitting_posture.v17i.yolov8\train\images\nghiengphai_mp4-0252_jpg.rf.72fea3444460e3b937367981a7a86887.jpg,train\images\nghiengphai_mp4-0252_jpg.rf.72fea3444460e3b937367981a7a86887.jpg,D:\.Candra\Project\TA\02_data\raw\Sitting_posture.v17i.yolov8\train\labels\nghiengphai_mp4-0252_jpg.rf.72fea3444460e3b937367981a7a86887.txt,1280,720,79194,4a78294b5d9cf0bb00c13a7bb0d8237f117f23dcbc075d2f200f5af26ae240a5,ccccccc8cc889193,189.3056,483.731,False,True,False,1,1,0,
train,D:\.Candra\Project\TA\02_data\raw\Sitting_posture.v17i.yolov8\train\images\nghiengphai_mp4-0253_jpg.rf.360701a1de80cfa5892f23166fd16b04.jpg,train\images\nghiengphai_mp4-0253_jpg.rf.360701a1de80cfa5892f23166fd16b04.jpg,D:\.Candra\Project\TA\02_data\raw\Sitting_posture.v17i.yolov8\train\labels\nghiengphai_mp4-0253_jpg.rf.360701a1de80cfa5892f23166fd16b04.txt,1280,720,79332,c01abf5e1132868710b2b82f8dbe0c5b56f56a4c6cb3941cd183abb911c74ad9,ccccccc8cc889193,189.2596,479.8183,False,True,False,1,1,0,
train,D:\.Candra\Project\TA\02_data\raw\Sitting_posture.v17i.yolov8\train\images\nghiengphai_mp4-0254_jpg.rf.ef5effa14e6796d508c7b116e544371e.jpg,train\images\nghiengphai_mp4-0254_jpg.rf.ef5effa14e6796d508c7b116e544371e.jpg,D:\.Candra\Project\TA\02_data\raw\Sitting_posture.v17i.yolov8\train\labels\nghiengphai_mp4-0254_jpg.rf.ef5effa14e6796d508c7b116e544371e.txt,1280,720,79533,81ed8396dcd3366c86d6d8ff260cafaf080c106ccb2fa850e37241765ef35d4d,ccccccc8cc889193,189.2018,483.0519,False,True,False,1,1,0,
train,D:\.Candra\Project\TA\02_data\raw\Sitting_posture.v17i.yolov8\train\images\nghiengphai_mp4-0257_jpg.rf.ac66636c6acc32bb1cb721467d35408b.jpg,train\images\nghiengphai_mp4-0257_jpg.rf.ac66636c6acc32bb1cb721467d35408b.jpg,D:\.Candra\Project\TA\02_data\raw\Sitting_posture.v17i.yolov8\train\labels\nghiengphai_mp4-0257_jpg.rf.ac66636c6acc32bb1cb721467d35408b.txt,1280,720,79430,b65eb4eb577719625a97ee597defc7ad9f3029067100a0751ce0162c9afd20a9,ccccccc8cc889193,189.3059,480.3125,False,True,False,1,1,0,
train,D:\.Candra\Project\TA\02_data\raw\Sitting_posture.v17i.yolov8\train\images\nghiengphai_mp4-0258_jpg.rf.cd44248a1c6e3d91e1d90d69623e4480.jpg,train\images\nghiengphai_mp4-0258_jpg.rf.cd44248a1c6e3d91e1d90d69623e4480.jpg,D:\.Candra\Project\TA\02_data\raw\Sitting_posture.v17i.yolov8\train\labels\nghiengphai_mp4-0258_jpg.rf.cd44248a1c6e3d91e1d90d69623e4480.txt,1280,720,79390,3c1f83fdb4ac7d08fbf8039386cd7282b74fca2e4444032435ef9d2e28e99c0d,ccccccc8cc889193,189.8959,489.3925,False,True,False,1,1,0,
train,D:\.Candra\Project\TA\02_data\raw\Sitting_posture.v17i.yolov8\train\images\nghiengphai_mp4-0259_jpg.rf.679df3ab00b83d3525cf0a53c69fbbe7.jpg,train\images\nghiengphai_mp4-0259_jpg.rf.679df3ab00b83d3525cf0a53c69fbbe7.jpg,D:\.Candra\Project\TA\02_data\raw\Sitting_posture.v17i.yolov8\train\labels\nghiengphai_mp4-0259_jpg.rf.679df3ab00b83d3525cf0a53c69fbbe7.txt,1280,720,79478,c39bae0c1328550af12cff951ec626499861b97cd74fd38df119cf856dc9dd2a,ccccccc8cc889193,190.0776,489.6463,False,True,False,1,1,0,
train,D:\.Candra\Project\TA\02_data\raw\Sitting_posture.v17i.yolov8\train\images\nghiengphai_mp4-0260_jpg.rf.d970526512d3e39e79b890b4a74ab931.jpg,train\images\nghiengphai_mp4-0260_jpg.rf.d970526512d3e39e79b890b4a74ab931.jpg,D:\.Candra\Project\TA\02_data\raw\Sitting_posture.v17i.yolov8\train\labels\nghiengphai_mp4-0260_jpg.rf.d970526512d3e39e79b890b4a74ab931.txt,1280,720,79200,350939238bd87a7c802b2e857880d63f58bff6232a7b4338e8cedb2bb1ce4273,ccccccc8cc889193,190.1735,479.3631,False,True,False,1,1,0,
train,D:\.Candra\Project\TA\02_data\raw\Sitting_posture.v17i.yolov8\train\images\nghiengphai_mp4-0261_jpg.rf.ae69757610db4b1a49081a32aeeb5da1.jpg,train\images\nghiengphai_mp4-0261_jpg.rf.ae69757610db4b1a49081a32aeeb5da1.jpg,D:\.Candra\Project\TA\02_data\raw\Sitting_posture.v17i.yolov8\train\labels\nghiengphai_mp4-0261_jpg.rf.ae69757610db4b1a49081a32aeeb5da1.txt,1280,720,78960,ec76511e0583bf278e2964d707ce5cb69a4cda40877fd2c916fefe60540038b6,ccccccc8cc889193,190.234,471.1449,False,True,False,1,1,0,
train,D:\.Candra\Project\TA\02_data\raw\Sitting_posture.v17i.yolov8\train\images\nghiengphai_mp4-0262_jpg.rf.3799f659872e6883517ca772cc15f70a.jpg,train\images\nghiengphai_mp4-0262_jpg.rf.3799f659872e6883517ca772cc15f70a.jpg,D:\.Candra\Project\TA\02_data\raw\Sitting_posture.v17i.yolov8\train\labels\nghiengphai_mp4-0262_jpg.rf.3799f659872e6883517ca772cc15f70a.txt,1280,720,78941,8175b428f047c7fdc82509538d96dc3b6069fd97f06de5b453c3bcd8ac093933,ccccccc8cc889193,190.2802,473.1778,False,True,False,1,1,0,
train,D:\.Candra\Project\TA\02_data\raw\Sitting_posture.v17i.yolov8\train\images\nghiengphai_mp4-0263_jpg.rf.f578d620e7f1f907bf3ac260c2071211.jpg,train\images\nghiengphai_mp4-0263_jpg.rf.f578d620e7f1f907bf3ac260c2071211.jpg,D:\.Candra\Project\TA\02_data\raw\Sitting_posture.v17i.yolov8\train\labels\nghiengphai_mp4-0263_jpg.rf.f578d620e7f1f907bf3ac260c2071211.txt,1280,720,79204,e83f472ab2db3740dd004fa121319ce00cc6c80904b9a66402393fce08847d0e,ccccccc8cc889193,190.2932,480.9975,False,True,False,1,1,0,
train,D:\.Candra\Project\TA\02_data\raw\Sitting_posture.v17i.yolov8\train\images\nghiengtrai_mp4-0001_jpg.rf.8753e3670f5b58d67a4117be3b3a8716.jpg,train\images\nghiengtrai_mp4-0001_jpg.rf.8753e3670f5b58d67a4117be3b3a8716.jpg,D:\.Candra\Project\TA\02_data\raw\Sitting_posture.v17i.yolov8\train\labels\nghiengtrai_mp4-0001_jpg.rf.8753e3670f5b58d67a4117be3b3a8716.txt,1280,720,81651,b8067935eb2b0f296342e3d1fdc59c206b8509f7642b38a5dd8ed290d91e93f8,ccccccc88c889193,166.4336,410.779,False,True,False,1,1,0,
train,D:\.Candra\Project\TA\02_data\raw\Sitting_posture.v17i.yolov8\train\images\nghiengtrai_mp4-0002_jpg.rf.eec1a1b9d626c29f6ba587d947904c44.jpg,train\images\nghiengtrai_mp4-0002_jpg.rf.eec1a1b9d626c29f6ba587d947904c44.jpg,D:\.Candra\Project\TA\02_data\raw\Sitting_posture.v17i.yolov8\train\labels\nghiengtrai_mp4-0002_jpg.rf.eec1a1b9d626c29f6ba587d947904c44.txt,1280,720,81078,b43e917ba8d4b73a217bfa541d61d9e2748e3200e0a1434bc1dda57c47dcabec,ccccccc88c889193,166.3743,409.4569,False,True,False,1,1,0,
train,D:\.Candra\Project\TA\02_data\raw\Sitting_posture.v17i.yolov8\train\images\nghiengtrai_mp4-0003_jpg.rf.7ab7c5acef1b1c2a8ccfd8b927f3f5d0.jpg,train\images\nghiengtrai_mp4-0003_jpg.rf.7ab7c5acef1b1c2a8ccfd8b927f3f5d0.jpg,D:\.Candra\Project\TA\02_data\raw\Sitting_posture.v17i.yolov8\train\labels\nghiengtrai_mp4-0003_jpg.rf.7ab7c5acef1b1c2a8ccfd8b927f3f5d0.txt,1280,720,80797,41b5cae9b424cea6ac27070866d448c0cf16df8340069e016344613ebf5196a0,ccccccc88c889193,166.4153,411.8954,False,True,False,1,1,0,
train,D:\.Candra\Project\TA\02_data\raw\Sitting_posture.v17i.yolov8\train\images\nghiengtrai_mp4-0005_jpg.rf.f002c69a79838b6e8d7eb3f2469cadbe.jpg,train\images\nghiengtrai_mp4-0005_jpg.rf.f002c69a79838b6e8d7eb3f2469cadbe.jpg,D:\.Candra\Project\TA\02_data\raw\Sitting_posture.v17i.yolov8\train\labels\nghiengtrai_mp4-0005_jpg.rf.f002c69a79838b6e8d7eb3f2469cadbe.txt,1280,720,78169,ceae37244e7c956ede4016dccb5107ac09cb473a9be879c164db6aecd208e466,ccccccc88c889193,166.4176,418.3829,False,True,False,1,1,0,
train,D:\.Candra\Project\TA\02_data\raw\Sitting_posture.v17i.yolov8\train\images\nghiengtrai_mp4-0007_jpg.rf.f72d46e16f69e7702014d8d5da400783.jpg,train\images\nghiengtrai_mp4-0007_jpg.rf.f72d46e16f69e7702014d8d5da400783.jpg,D:\.Candra\Project\TA\02_data\raw\Sitting_posture.v17i.yolov8\train\labels\nghiengtrai_mp4-0007_jpg.rf.f72d46e16f69e7702014d8d5da400783.txt,1280,720,77082,04aa07882084235800ea8ef0cd3553d7e38296b77b4f1ba02c0ce8e18eb47d4f,ccccccc88c889193,166.4385,407.759,False,True,False,1,1,0,
train,D:\.Candra\Project\TA\02_data\raw\Sitting_posture.v17i.yolov8\train\images\nghiengtrai_mp4-0011_jpg.rf.c4dcbd24e4e4fc141c2ad59b23b3e66a.jpg,train\images\nghiengtrai_mp4-0011_jpg.rf.c4dcbd24e4e4fc141c2ad59b23b3e66a.jpg,D:\.Candra\Project\TA\02_data\raw\Sitting_posture.v17i.yolov8\train\labels\nghiengtrai_mp4-0011_jpg.rf.c4dcbd24e4e4fc141c2ad59b23b3e66a.txt,1280,720,77117,a399319bfe56def9a62882d03a6ac90395a692ec3f8a504c83fa59ef59556962,ccccccc88c889193,167.336,413.1523,False,True,False,1,1,0,
train,D:\.Candra\Project\TA\02_data\raw\Sitting_posture.v17i.yolov8\train\images\nghiengtrai_mp4-0014_jpg.rf.ed0254f44141ec1750ee5f34b8334135.jpg,train\images\nghiengtrai_mp4-0014_jpg.rf.ed0254f44141ec1750ee5f34b8334135.jpg,D:\.Candra\Project\TA\02_data\raw\Sitting_posture.v17i.yolov8\train\labels\nghiengtrai_mp4-0014_jpg.rf.ed0254f44141ec1750ee5f34b8334135.txt,1280,720,76251,8df497449dd0280be43a6c02ba4383ab45f3ebc2a8570f1ae90ac67a416991a2,ccccccc88c889193,167.5011,401.7495,False,True,False,1,1,0,
train,D:\.Candra\Project\TA\02_data\raw\Sitting_posture.v17i.yolov8\train\images\nghiengtrai_mp4-0015_jpg.rf.66003a4ac6302958314ed0fd6bcb7285.jpg,train\images\nghiengtrai_mp4-0015_jpg.rf.66003a4ac6302958314ed0fd6bcb7285.jpg,D:\.Candra\Project\TA\02_data\raw\Sitting_posture.v17i.yolov8\train\labels\nghiengtrai_mp4-0015_jpg.rf.66003a4ac6302958314ed0fd6bcb7285.txt,1280,720,76032,bb4fa8e39d3718efca13a3cc9f9eeb0d2e1a804c75f65072276195198fc520f4,ccccccc88c889193,167.5291,397.3045,False,True,False,1,1,0,
train,D:\.Candra\Project\TA\02_data\raw\Sitting_posture.v17i.yolov8\train\images\nghiengtrai_mp4-0016_jpg.rf.54291baf081db8f8fcf56bccf75febdb.jpg,train\images\nghiengtrai_mp4-0016_jpg.rf.54291baf081db8f8fcf56bccf75febdb.jpg,D:\.Candra\Project\TA\02_data\raw\Sitting_posture.v17i.yolov8\train\labels\nghiengtrai_mp4-0016_jpg.rf.54291baf081db8f8fcf56bccf75febdb.txt,1280,720,75985,bbab3005ac81a50d3ecda9613c0b5bd25c03e360dc50022ab71f72e0450bb05b,ccccccc88c889193,167.5342,398.419,False,True,False,1,1,0,
train,D:\.Candra\Project\TA\02_data\raw\Sitting_posture.v17i.yolov8\train\images\nghiengtrai_mp4-0017_jpg.rf.86d7491a3b67985a0889b8cba7cd3017.jpg,train\images\nghiengtrai_mp4-0017_jpg.rf.86d7491a3b67985a0889b8cba7cd3017.jpg,D:\.Candra\Project\TA\02_data\raw\Sitting_posture.v17i.yolov8\train\labels\nghiengtrai_mp4-0017_jpg.rf.86d7491a3b67985a0889b8cba7cd3017.txt,1280,720,77229,227af39a2498f7fd0793cb2b0d9694172e2cf0c58cbd869bdbf10b35fc42eb82,ccccccc88c889193,167.5972,413.163,False,True,False,1,1,0,
train,D:\.Candra\Project\TA\02_data\raw\Sitting_posture.v17i.yolov8\train\images\nghiengtrai_mp4-0019_jpg.rf.fd090bedb6fd8570127c10685e0efcbd.jpg,train\images\nghiengtrai_mp4-0019_jpg.rf.fd090bedb6fd8570127c10685e0efcbd.jpg,D:\.Candra\Project\TA\02_data\raw\Sitting_posture.v17i.yolov8\train\labels\nghiengtrai_mp4-0019_jpg.rf.fd090bedb6fd8570127c10685e0efcbd.txt,1280,720,76441,812ee61cb9d6912ef9fbfc94e4ac631781a86d0fd3e81ef1370c61687623f9ef,ccccccc88c889193,167.6194,406.1212,False,True,False,1,1,0,
train,D:\.Candra\Project\TA\02_data\raw\Sitting_posture.v17i.yolov8\train\images\nghiengtrai_mp4-0020_jpg.rf.2b88dbc95a25fee5d01ef77866e962f3.jpg,train\images\nghiengtrai_mp4-0020_jpg.rf.2b88dbc95a25fee5d01ef77866e962f3.jpg,D:\.Candra\Project\TA\02_data\raw\Sitting_posture.v17i.yolov8\train\labels\nghiengtrai_mp4-0020_jpg.rf.2b88dbc95a25fee5d01ef77866e962f3.txt,1280,720,76354,0d771d68fad855a7045d8b7c8c553883f310b3f0cdf5a6526f504ae96235f255,ccccccc88c889193,167.6175,402.6616,False,True,False,1,1,0,
train,D:\.Candra\Project\TA\02_data\raw\Sitting_posture.v17i.yolov8\train\images\nghiengtrai_mp4-0021_jpg.rf.d29e684d1f6eb6875c1cec2c6f6ce2c9.jpg,train\images\nghiengtrai_mp4-0021_jpg.rf.d29e684d1f6eb6875c1cec2c6f6ce2c9.jpg,D:\.Candra\Project\TA\02_data\raw\Sitting_posture.v17i.yolov8\train\labels\nghiengtrai_mp4-0021_jpg.rf.d29e684d1f6eb6875c1cec2c6f6ce2c9.txt,1280,720,76267,dd5663eac6950adbfbc1c0bc8e21df052f444d27f1aefaa87ebece9cb9a9ac71,ccccccc88c889193,167.6361,403.9851,False,True,False,1,1,0,
train,D:\.Candra\Project\TA\02_data\raw\Sitting_posture.v17i.yolov8\train\images\nghiengtrai_mp4-0023_jpg.rf.1f97a8201b3f2e0f245ee84f42e95443.jpg,train\images\nghiengtrai_mp4-0023_jpg.rf.1f97a8201b3f2e0f245ee84f42e95443.jpg,D:\.Candra\Project\TA\02_data\raw\Sitting_posture.v17i.yolov8\train\labels\nghiengtrai_mp4-0023_jpg.rf.1f97a8201b3f2e0f245ee84f42e95443.txt,1280,720,76758,7530ffa80d3ecc486badebead85178fc4406bcdd79d39748b93907e32281ba30,ccccccc88c889193,167.6681,410.6905,False,True,False,1,1,0,
train,D:\.Candra\Project\TA\02_data\raw\Sitting_posture.v17i.yolov8\train\images\nghiengtrai_mp4-0024_jpg.rf.739ccfcae6b5de3a1c2580910c6e214b.jpg,train\images\nghiengtrai_mp4-0024_jpg.rf.739ccfcae6b5de3a1c2580910c6e214b.jpg,D:\.Candra\Project\TA\02_data\raw\Sitting_posture.v17i.yolov8\train\labels\nghiengtrai_mp4-0024_jpg.rf.739ccfcae6b5de3a1c2580910c6e214b.txt,1280,720,76686,ed9e30fcb21cdbecf6c1963faa9c3c13af999b38829047da0d7c3fc2f85b3402,ccccccc88c889193,167.6781,407.4503,False,True,False,1,1,0,
train,D:\.Candra\Project\TA\02_data\raw\Sitting_posture.v17i.yolov8\train\images\nghiengtrai_mp4-0026_jpg.rf.4fd4ccd8c95ec310caae588fd93841bd.jpg,train\images\nghiengtrai_mp4-0026_jpg.rf.4fd4ccd8c95ec310caae588fd93841bd.jpg,D:\.Candra\Project\TA\02_data\raw\Sitting_posture.v17i.yolov8\train\labels\nghiengtrai_mp4-0026_jpg.rf.4fd4ccd8c95ec310caae588fd93841bd.txt,1280,720,76583,18b43e0e562de1f969f42c5275db5c0e8ae230927cf2fba345dd3eedbb4eb419,ccccccc88c889193,167.7621,414.3214,False,True,False,1,1,0,
train,D:\.Candra\Project\TA\02_data\raw\Sitting_posture.v17i.yolov8\train\images\nghiengtrai_mp4-0027_jpg.rf.5b407fd1bca58d751eb7715a583c5383.jpg,train\images\nghiengtrai_mp4-0027_jpg.rf.5b407fd1bca58d751eb7715a583c5383.jpg,D:\.Candra\Project\TA\02_data\raw\Sitting_posture.v17i.yolov8\train\labels\nghiengtrai_mp4-0027_jpg.rf.5b407fd1bca58d751eb7715a583c5383.txt,1280,720,75596,40c7fa2abea8ac151913517e7788ac4462df59b854519361a0e67fcaf4838482,ccccccc88c889193,167.7706,400.6845,False,True,False,1,1,0,
train,D:\.Candra\Project\TA\02_data\raw\Sitting_posture.v17i.yolov8\train\images\nghiengtrai_mp4-0028_jpg.rf.281ab7d999bf9c56db3e61072eae94cd.jpg,train\images\nghiengtrai_mp4-0028_jpg.rf.281ab7d999bf9c56db3e61072eae94cd.jpg,D:\.Candra\Project\TA\02_data\raw\Sitting_posture.v17i.yolov8\train\labels\nghiengtrai_mp4-0028_jpg.rf.281ab7d999bf9c56db3e61072eae94cd.txt,1280,720,75401,490dbdc79ab507a25ae6a18e71e1f8cb5591fc6d34ce9dd8783b0135a8b2add5,ccccccc88c889193,167.7622,403.45,False,True,False,1,1,0,
train,D:\.Candra\Project\TA\02_data\raw\Sitting_posture.v17i.yolov8\train\images\nghiengtrai_mp4-0030_jpg.rf.187b822bfcb526191574f81120c3c54b.jpg,train\images\nghiengtrai_mp4-0030_jpg.rf.187b822bfcb526191574f81120c3c54b.jpg,D:\.Candra\Project\TA\02_data\raw\Sitting_posture.v17i.yolov8\train\labels\nghiengtrai_mp4-0030_jpg.rf.187b822bfcb526191574f81120c3c54b.txt,1280,720,75266,eb3aede5cda80f4c83335e4be46015aa1828ce66db5a2b4a195c253b7786cb29,ccccccc88c889193,167.7929,399.4109,False,True,False,1,1,0,
train,D:\.Candra\Project\TA\02_data\raw\Sitting_posture.v17i.yolov8\train\images\nghiengtrai_mp4-0031_jpg.rf.b9f4e01bd862051b026b205d61806fed.jpg,train\images\nghiengtrai_mp4-0031_jpg.rf.b9f4e01bd862051b026b205d61806fed.jpg,D:\.Candra\Project\TA\02_data\raw\Sitting_posture.v17i.yolov8\train\labels\nghiengtrai_mp4-0031_jpg.rf.b9f4e01bd862051b026b205d61806fed.txt,1280,720,75264,c94beafdb09f9e1ebd5f66ffcc9a2ca8658928b8254fffb09d9eaf4b2b3578d0,ccccccc88c889193,167.799,396.127,False,True,False,1,1,0,
train,D:\.Candra\Project\TA\02_data\raw\Sitting_posture.v17i.yolov8\train\images\nghiengtrai_mp4-0033_jpg.rf.f2cd3e7805aafa675cc5eff5e22972fe.jpg,train\images\nghiengtrai_mp4-0033_jpg.rf.f2cd3e7805aafa675cc5eff5e22972fe.jpg,D:\.Candra\Project\TA\02_data\raw\Sitting_posture.v17i.yolov8\train\labels\nghiengtrai_mp4-0033_jpg.rf.f2cd3e7805aafa675cc5eff5e22972fe.txt,1280,720,75160,08b59dbbe17bf5d6f65f75cea7018bad5bc7fbd5d7be8ca09d21481d65a4f9dc,ccccccc88c889193,167.7647,397.6505,False,True,False,1,1,0,
train,D:\.Candra\Project\TA\02_data\raw\Sitting_posture.v17i.yolov8\train\images\nghiengtrai_mp4-0035_jpg.rf.f0366a7e3b313078938f766faeca3114.jpg,train\images\nghiengtrai_mp4-0035_jpg.rf.f0366a7e3b313078938f766faeca3114.jpg,D:\.Candra\Project\TA\02_data\raw\Sitting_posture.v17i.yolov8\train\labels\nghiengtrai_mp4-0035_jpg.rf.f0366a7e3b313078938f766faeca3114.txt,1280,720,75031,141decbefe57cc2bac3324cb041da589a92afcd220dfc1d47268e81c2d0ed55a,ccccccc88c889193,167.777,387.4317,False,True,False,1,1,0,
train,D:\.Candra\Project\TA\02_data\raw\Sitting_posture.v17i.yolov8\train\images\nghiengtrai_mp4-0036_jpg.rf.57c94c34684d69ca6f10b9e11b40dbd7.jpg,train\images\nghiengtrai_mp4-0036_jpg.rf.57c94c34684d69ca6f10b9e11b40dbd7.jpg,D:\.Candra\Project\TA\02_data\raw\Sitting_posture.v17i.yolov8\train\labels\nghiengtrai_mp4-0036_jpg.rf.57c94c34684d69ca6f10b9e11b40dbd7.txt,1280,720,74900,221f903f3c27e548989bf1417c8af1c2cd8eb11c2ce01869baeacb49fed0172e,ccccccc88c889193,167.7818,387.9569,False,True,False,1,1,0,
train,D:\.Candra\Project\TA\02_data\raw\Sitting_posture.v17i.yolov8\train\images\nghiengtrai_mp4-0037_jpg.rf.4ebe663f5a98848320db5080d569eaa3.jpg,train\images\nghiengtrai_mp4-0037_jpg.rf.4ebe663f5a98848320db5080d569eaa3.jpg,D:\.Candra\Project\TA\02_data\raw\Sitting_posture.v17i.yolov8\train\labels\nghiengtrai_mp4-0037_jpg.rf.4ebe663f5a98848320db5080d569eaa3.txt,1280,720,74220,696a73e1b18319ccea4e2f0f767cbafc7cba6822f47ab2eccf4bea13c7c88871,cccdccc88c889193,171.1843,404.967,False,True,False,1,1,0,
train,D:\.Candra\Project\TA\02_data\raw\Sitting_posture.v17i.yolov8\train\images\nghiengtrai_mp4-0038_jpg.rf.4772c55f89d4f024d76d1577ec6caf6c.jpg,train\images\nghiengtrai_mp4-0038_jpg.rf.4772c55f89d4f024d76d1577ec6caf6c.jpg,D:\.Candra\Project\TA\02_data\raw\Sitting_posture.v17i.yolov8\train\labels\nghiengtrai_mp4-0038_jpg.rf.4772c55f89d4f024d76d1577ec6caf6c.txt,1280,720,74994,a610b5f9de775093fe207acdee27cb02f80651619427faa1dabb0a410b63fa01,cccdccc88c889193,171.5186,410.7979,False,True,False,1,1,0,
train,D:\.Candra\Project\TA\02_data\raw\Sitting_posture.v17i.yolov8\train\images\nghiengtrai_mp4-0039_jpg.rf.b2ba699fe64262e9ba7ab489a5ef2cef.jpg,train\images\nghiengtrai_mp4-0039_jpg.rf.b2ba699fe64262e9ba7ab489a5ef2cef.jpg,D:\.Candra\Project\TA\02_data\raw\Sitting_posture.v17i.yolov8\train\labels\nghiengtrai_mp4-0039_jpg.rf.b2ba699fe64262e9ba7ab489a5ef2cef.txt,1280,720,75007,468a0c7b1517d7e0d81c5b55742594e2e0ab25ee573dc392bfea98e9cff5c3c6,cccdccc88c889193,171.5997,400.7552,False,True,False,1,1,0,
train,D:\.Candra\Project\TA\02_data\raw\Sitting_posture.v17i.yolov8\train\images\nghiengtrai_mp4-0041_jpg.rf.6ffb3a108a1b7b2ac39b16658cca74a1.jpg,train\images\nghiengtrai_mp4-0041_jpg.rf.6ffb3a108a1b7b2ac39b16658cca74a1.jpg,D:\.Candra\Project\TA\02_data\raw\Sitting_posture.v17i.yolov8\train\labels\nghiengtrai_mp4-0041_jpg.rf.6ffb3a108a1b7b2ac39b16658cca74a1.txt,1280,720,74708,8f854435985de7fd22bcd7e3185810fd8503cac2dd169da05e953abbb4d54108,cccdcccc8c889193,171.7201,386.1734,False,True,False,1,1,0,
train,D:\.Candra\Project\TA\02_data\raw\Sitting_posture.v17i.yolov8\train\images\nghiengtrai_mp4-0042_jpg.rf.6d967511ca03c117af758a29d4f7f979.jpg,train\images\nghiengtrai_mp4-0042_jpg.rf.6d967511ca03c117af758a29d4f7f979.jpg,D:\.Candra\Project\TA\02_data\raw\Sitting_posture.v17i.yolov8\train\labels\nghiengtrai_mp4-0042_jpg.rf.6d967511ca03c117af758a29d4f7f979.txt,1280,720,76348,647ddbef618aa4221a2ab97080122ac33a9ecef4050c4e9cb3a203ae353612c9,cccdcccc8c889193,171.7079,411.3665,False,True,False,1,1,0,
train,D:\.Candra\Project\TA\02_data\raw\Sitting_posture.v17i.yolov8\train\images\nghiengtrai_mp4-0043_jpg.rf.79e52f8b327ad403b406ade6d4f15026.jpg,train\images\nghiengtrai_mp4-0043_jpg.rf.79e52f8b327ad403b406ade6d4f15026.jpg,D:\.Candra\Project\TA\02_data\raw\Sitting_posture.v17i.yolov8\train\labels\nghiengtrai_mp4-0043_jpg.rf.79e52f8b327ad403b406ade6d4f15026.txt,1280,720,75820,c607d0a166f4b43818a86b83252252a3c252505be12e62b892bcb64dc2d2574c,cccdcccc8c889193,173.2229,419.5863,False,True,False,1,1,0,
train,D:\.Candra\Project\TA\02_data\raw\Sitting_posture.v17i.yolov8\train\images\nghiengtrai_mp4-0044_jpg.rf.8200fcb58b94319c2d636aff63ad0336.jpg,train\images\nghiengtrai_mp4-0044_jpg.rf.8200fcb58b94319c2d636aff63ad0336.jpg,D:\.Candra\Project\TA\02_data\raw\Sitting_posture.v17i.yolov8\train\labels\nghiengtrai_mp4-0044_jpg.rf.8200fcb58b94319c2d636aff63ad0336.txt,1280,720,75658,68d6e427ae416cf973f872fad7fe99fdfa8c36336ff3ab03365bb7cc2006c89e,cccccccc8c889193,175.4476,426.6746,False,True,False,1,1,0,
train,D:\.Candra\Project\TA\02_data\raw\Sitting_posture.v17i.yolov8\train\images\nghiengtrai_mp4-0045_jpg.rf.ad00bbc3754749da13ceca5b8c935a01.jpg,train\images\nghiengtrai_mp4-0045_jpg.rf.ad00bbc3754749da13ceca5b8c935a01.jpg,D:\.Candra\Project\TA\02_data\raw\Sitting_posture.v17i.yolov8\train\labels\nghiengtrai_mp4-0045_jpg.rf.ad00bbc3754749da13ceca5b8c935a01.txt,1280,720,75956,af97ef65568668b295e6735214afbb6b1bd220520d7225be84decae1c4e35527,cccccccc8c889193,175.1215,425.9367,False,True,False,1,1,0,
train,D:\.Candra\Project\TA\02_data\raw\Sitting_posture.v17i.yolov8\train\images\nghiengtrai_mp4-0048_jpg.rf.d6425e37fbe44218e6965a00458c1884.jpg,train\images\nghiengtrai_mp4-0048_jpg.rf.d6425e37fbe44218e6965a00458c1884.jpg,D:\.Candra\Project\TA\02_data\raw\Sitting_posture.v17i.yolov8\train\labels\nghiengtrai_mp4-0048_jpg.rf.d6425e37fbe44218e6965a00458c1884.txt,1280,720,76841,e6fcfb73bc8733cad505101b8f6386407dbfe7919e3a7f0383fcd4a190785d8d,cccccccc8c889193,175.0034,433.5117,False,True,False,1,1,0,
train,D:\.Candra\Project\TA\02_data\raw\Sitting_posture.v17i.yolov8\train\images\nghiengtrai_mp4-0050_jpg.rf.9a493269eb8f31c27eee6cedc43e6d89.jpg,train\images\nghiengtrai_mp4-0050_jpg.rf.9a493269eb8f31c27eee6cedc43e6d89.jpg,D:\.Candra\Project\TA\02_data\raw\Sitting_posture.v17i.yolov8\train\labels\nghiengtrai_mp4-0050_jpg.rf.9a493269eb8f31c27eee6cedc43e6d89.txt,1280,720,77464,ecb6fed68bb8e5e3c014c1bf0058d8ec0784d1f83d05bae50097eebc049d33f7,cccdcccc8c889193,174.8228,452.722,False,True,False,1,1,0,
train,D:\.Candra\Project\TA\02_data\raw\Sitting_posture.v17i.yolov8\train\images\nghiengtrai_mp4-0051_jpg.rf.bd3711bd440865fcc154c4e04edaf03c.jpg,train\images\nghiengtrai_mp4-0051_jpg.rf.bd3711bd440865fcc154c4e04edaf03c.jpg,D:\.Candra\Project\TA\02_data\raw\Sitting_posture.v17i.yolov8\train\labels\nghiengtrai_mp4-0051_jpg.rf.bd3711bd440865fcc154c4e04edaf03c.txt,1280,720,76538,a57b59b8b025623e70ef0407bf6cc0799170dfdff89ecc346665de341fe44efb,cccccccc8c889193,174.8006,436.7597,False,True,False,1,1,0,
train,D:\.Candra\Project\TA\02_data\raw\Sitting_posture.v17i.yolov8\train\images\nghiengtrai_mp4-0052_jpg.rf.9e27f0a0230a2a7c92fdf37989b08781.jpg,train\images\nghiengtrai_mp4-0052_jpg.rf.9e27f0a0230a2a7c92fdf37989b08781.jpg,D:\.Candra\Project\TA\02_data\raw\Sitting_posture.v17i.yolov8\train\labels\nghiengtrai_mp4-0052_jpg.rf.9e27f0a0230a2a7c92fdf37989b08781.txt,1280,720,76387,8f9d4fff01cfe02fb087b847cc6b309999fa6a6537115bf0043bf2413092e7ca,cccccccc8c889193,174.8196,429.5173,False,True,False,1,1,0,
train,D:\.Candra\Project\TA\02_data\raw\Sitting_posture.v17i.yolov8\train\images\nghiengtrai_mp4-0053_jpg.rf.42e57a7d7652d9ac4c662a5cfcd9757c.jpg,train\images\nghiengtrai_mp4-0053_jpg.rf.42e57a7d7652d9ac4c662a5cfcd9757c.jpg,D:\.Candra\Project\TA\02_data\raw\Sitting_posture.v17i.yolov8\train\labels\nghiengtrai_mp4-0053_jpg.rf.42e57a7d7652d9ac4c662a5cfcd9757c.txt,1280,720,76597,0a5a4464526ca09d525ed2dcc89c03d664b16180942c7e2fd050fc2acf5e0a78,cccccccc8c889193,174.8335,432.5888,False,True,False,1,1,0,
train,D:\.Candra\Project\TA\02_data\raw\Sitting_posture.v17i.yolov8\train\images\nghiengtrai_mp4-0054_jpg.rf.27e133f3eac3f7da92bbdce90d9965ae.jpg,train\images\nghiengtrai_mp4-0054_jpg.rf.27e133f3eac3f7da92bbdce90d9965ae.jpg,D:\.Candra\Project\TA\02_data\raw\Sitting_posture.v17i.yolov8\train\labels\nghiengtrai_mp4-0054_jpg.rf.27e133f3eac3f7da92bbdce90d9965ae.txt,1280,720,76651,054117ab261521c235cb58d018e0f06c4d420f99adefe17cab110d05b2e3649c,cccccccc8c889193,174.8445,433.9873,False,True,False,1,1,0,
train,D:\.Candra\Project\TA\02_data\raw\Sitting_posture.v17i.yolov8\train\images\nghiengtrai_mp4-0055_jpg.rf.2f60e95dc5eefae4e89990e1c8ceab94.jpg,train\images\nghiengtrai_mp4-0055_jpg.rf.2f60e95dc5eefae4e89990e1c8ceab94.jpg,D:\.Candra\Project\TA\02_data\raw\Sitting_posture.v17i.yolov8\train\labels\nghiengtrai_mp4-0055_jpg.rf.2f60e95dc5eefae4e89990e1c8ceab94.txt,1280,720,76781,6a280a8cbbfed987160b7a56096ee96311fbb27232aa06733c63130d18236097,cccdcccc8c889193,174.814,432.6498,False,True,False,1,1,0,
train,D:\.Candra\Project\TA\02_data\raw\Sitting_posture.v17i.yolov8\train\images\nghiengtrai_mp4-0056_jpg.rf.3a9b88af177256b4c2e3f2f4a26133f0.jpg,train\images\nghiengtrai_mp4-0056_jpg.rf.3a9b88af177256b4c2e3f2f4a26133f0.jpg,D:\.Candra\Project\TA\02_data\raw\Sitting_posture.v17i.yolov8\train\labels\nghiengtrai_mp4-0056_jpg.rf.3a9b88af177256b4c2e3f2f4a26133f0.txt,1280,720,77108,6c809459f81bd685d3c0665aa9b30880b550ced1a3020ba71352acab9a3df144,cccdcccc8c889193,176.8554,442.2435,False,True,False,1,1,0,
train,D:\.Candra\Project\TA\02_data\raw\Sitting_posture.v17i.yolov8\train\images\nghiengtrai_mp4-0057_jpg.rf.4b02df2a12f9b1337b2002ee07595fd2.jpg,train\images\nghiengtrai_mp4-0057_jpg.rf.4b02df2a12f9b1337b2002ee07595fd2.jpg,D:\.Candra\Project\TA\02_data\raw\Sitting_posture.v17i.yolov8\train\labels\nghiengtrai_mp4-0057_jpg.rf.4b02df2a12f9b1337b2002ee07595fd2.txt,1280,720,77059,ead07a2d8a5a1b9b7ebcbe1da3a84dff7f6b56cf2de9ae00528f2ad3154b88a0,cccdcccc8c889193,177.8926,446.4452,False,True,False,1,1,0,
train,D:\.Candra\Project\TA\02_data\raw\Sitting_posture.v17i.yolov8\train\images\nghiengtrai_mp4-0059_jpg.rf.9080bd38df0f42ffb40076b1ecf80e0f.jpg,train\images\nghiengtrai_mp4-0059_jpg.rf.9080bd38df0f42ffb40076b1ecf80e0f.jpg,D:\.Candra\Project\TA\02_data\raw\Sitting_posture.v17i.yolov8\train\labels\nghiengtrai_mp4-0059_jpg.rf.9080bd38df0f42ffb40076b1ecf80e0f.txt,1280,720,77501,9f47d932a5bc71fe5b88ff1ecb7e21f41cd437439c92d1f783a7fe14762b769c,cccccccc8c889193,178.2447,439.3149,False,True,False,1,1,0,
train,D:\.Candra\Project\TA\02_data\raw\Sitting_posture.v17i.yolov8\train\images\nghiengtrai_mp4-0062_jpg.rf.15eb70fb55e3b8c8327ba99905340e7c.jpg,train\images\nghiengtrai_mp4-0062_jpg.rf.15eb70fb55e3b8c8327ba99905340e7c.jpg,D:\.Candra\Project\TA\02_data\raw\Sitting_posture.v17i.yolov8\train\labels\nghiengtrai_mp4-0062_jpg.rf.15eb70fb55e3b8c8327ba99905340e7c.txt,1280,720,77621,951ebd42f3fd621aeeb3ea2b6ef7b93c4abef0dc94cf6d1280a80ed365de8763,cccccccc8c889193,178.3484,438.945,False,True,False,1,1,0,
train,D:\.Candra\Project\TA\02_data\raw\Sitting_posture.v17i.yolov8\train\images\nghiengtrai_mp4-0064_jpg.rf.92a586a3069a5bcab5c391a4dcadc0c0.jpg,train\images\nghiengtrai_mp4-0064_jpg.rf.92a586a3069a5bcab5c391a4dcadc0c0.jpg,D:\.Candra\Project\TA\02_data\raw\Sitting_posture.v17i.yolov8\train\labels\nghiengtrai_mp4-0064_jpg.rf.92a586a3069a5bcab5c391a4dcadc0c0.txt,1280,720,77772,a8a2a51dfcec3bb2ed11af586e360915e945804585ce1b121fa00eb7ae2819f8,cccccccc8c889193,178.4288,434.7359,False,True,False,1,1,0,
train,D:\.Candra\Project\TA\02_data\raw\Sitting_posture.v17i.yolov8\train\images\nghiengtrai_mp4-0066_jpg.rf.6aaf6b1ae483f1dd56a91f14d60b4216.jpg,train\images\nghiengtrai_mp4-0066_jpg.rf.6aaf6b1ae483f1dd56a91f14d60b4216.jpg,D:\.Candra\Project\TA\02_data\raw\Sitting_posture.v17i.yolov8\train\labels\nghiengtrai_mp4-0066_jpg.rf.6aaf6b1ae483f1dd56a91f14d60b4216.txt,1280,720,78008,73a3debf6758c402f2639da5fe73b601863fc7edf2d96370e8cee0facf45e89c,cccccccc8c889193,178.4012,436.5017,False,True,False,1,1,0,
train,D:\.Candra\Project\TA\02_data\raw\Sitting_posture.v17i.yolov8\train\images\nghiengtrai_mp4-0067_jpg.rf.d3d813eced2a9c588eee983916a87201.jpg,train\images\nghiengtrai_mp4-0067_jpg.rf.d3d813eced2a9c588eee983916a87201.jpg,D:\.Candra\Project\TA\02_data\raw\Sitting_posture.v17i.yolov8\train\labels\nghiengtrai_mp4-0067_jpg.rf.d3d813eced2a9c588eee983916a87201.txt,1280,720,78131,7ff6939f0747851ea14d1ccc11388bcf2a85675aab8042edc060fc4642eb51c4,cccccccc8c889193,178.4109,437.7722,False,True,False,1,1,0,
train,D:\.Candra\Project\TA\02_data\raw\Sitting_posture.v17i.yolov8\train\images\nghiengtrai_mp4-0068_jpg.rf.324fab87b91b3cd9f1c47d599580a601.jpg,train\images\nghiengtrai_mp4-0068_jpg.rf.324fab87b91b3cd9f1c47d599580a601.jpg,D:\.Candra\Project\TA\02_data\raw\Sitting_posture.v17i.yolov8\train\labels\nghiengtrai_mp4-0068_jpg.rf.324fab87b91b3cd9f1c47d599580a601.txt,1280,720,77936,77de5a2d1ff6ad6cf49cf8bb0a9acee9515e41a977419e2de6f5408b862a8bb9,cccccccc8c889193,178.4055,434.3917,False,True,False,1,1,0,
train,D:\.Candra\Project\TA\02_data\raw\Sitting_posture.v17i.yolov8\train\images\nghiengtrai_mp4-0069_jpg.rf.32c561ef8d20f08b80f80de98c2a0548.jpg,train\images\nghiengtrai_mp4-0069_jpg.rf.32c561ef8d20f08b80f80de98c2a0548.jpg,D:\.Candra\Project\TA\02_data\raw\Sitting_posture.v17i.yolov8\train\labels\nghiengtrai_mp4-0069_jpg.rf.32c561ef8d20f08b80f80de98c2a0548.txt,1280,720,78206,a67c0bed3508530a853315584a3677eaf06b399fc92439c7a6876a394f9c3e77,cccccccc8c889193,178.3839,437.9828,False,True,False,1,1,0,
train,D:\.Candra\Project\TA\02_data\raw\Sitting_posture.v17i.yolov8\train\images\nghiengtrai_mp4-0070_jpg.rf.779f945281e4982e73cabc6650911dff.jpg,train\images\nghiengtrai_mp4-0070_jpg.rf.779f945281e4982e73cabc6650911dff.jpg,D:\.Candra\Project\TA\02_data\raw\Sitting_posture.v17i.yolov8\train\labels\nghiengtrai_mp4-0070_jpg.rf.779f945281e4982e73cabc6650911dff.txt,1280,720,79487,63d7d0a9710f5f9d451bd880442d46a6b3cbcaa45311e7305fae3d419dde49ad,cccccccc8c889193,178.3751,447.9483,False,True,False,1,1,0,
train,D:\.Candra\Project\TA\02_data\raw\Sitting_posture.v17i.yolov8\train\images\nghiengtrai_mp4-0073_jpg.rf.67a5615ddf1a6185b70172fcf2f63bfb.jpg,train\images\nghiengtrai_mp4-0073_jpg.rf.67a5615ddf1a6185b70172fcf2f63bfb.jpg,D:\.Candra\Project\TA\02_data\raw\Sitting_posture.v17i.yolov8\train\labels\nghiengtrai_mp4-0073_jpg.rf.67a5615ddf1a6185b70172fcf2f63bfb.txt,1280,720,78356,3692cad4dbc22799c823ebe6ee7171886f52c1d86028398e21995b835d48ea6e,cccccccc8c889193,180.0015,491.4097,False,True,False,1,1,0,
train,D:\.Candra\Project\TA\02_data\raw\Sitting_posture.v17i.yolov8\train\images\nghiengtrai_mp4-0074_jpg.rf.2c14b029ee2d733bdecf4f0eda05e734.jpg,train\images\nghiengtrai_mp4-0074_jpg.rf.2c14b029ee2d733bdecf4f0eda05e734.jpg,D:\.Candra\Project\TA\02_data\raw\Sitting_posture.v17i.yolov8\train\labels\nghiengtrai_mp4-0074_jpg.rf.2c14b029ee2d733bdecf4f0eda05e734.txt,1280,720,77857,d68ef7c414c8ee9a6e9deb29b11b13e477d51c3bb50208897668457486172a20,cccdcccc8c889193,182.0133,472.5749,False,True,False,1,1,0,
train,D:\.Candra\Project\TA\02_data\raw\Sitting_posture.v17i.yolov8\train\images\nghiengtrai_mp4-0075_jpg.rf.191fc13c141735ca4a8a93df1330555c.jpg,train\images\nghiengtrai_mp4-0075_jpg.rf.191fc13c141735ca4a8a93df1330555c.jpg,D:\.Candra\Project\TA\02_data\raw\Sitting_posture.v17i.yolov8\train\labels\nghiengtrai_mp4-0075_jpg.rf.191fc13c141735ca4a8a93df1330555c.txt,1280,720,78428,a16aade9390dda840157cb808688e7bca192f5cb073027536c4fa4c846c8015f,cccccccc8c889193,182.1879,471.8155,False,True,False,1,1,0,
train,D:\.Candra\Project\TA\02_data\raw\Sitting_posture.v17i.yolov8\train\images\nghiengtrai_mp4-0076_jpg.rf.7c7f25ac376af18da0f987bcc06544dc.jpg,train\images\nghiengtrai_mp4-0076_jpg.rf.7c7f25ac376af18da0f987bcc06544dc.jpg,D:\.Candra\Project\TA\02_data\raw\Sitting_posture.v17i.yolov8\train\labels\nghiengtrai_mp4-0076_jpg.rf.7c7f25ac376af18da0f987bcc06544dc.txt,1280,720,78715,c8f6002454565a7780647bd369c585257bb83a020196898ec0a6ae5614007f18,cccccccc8c889193,182.2267,468.276,False,True,False,1,1,0,
train,D:\.Candra\Project\TA\02_data\raw\Sitting_posture.v17i.yolov8\train\images\nghiengtrai_mp4-0077_jpg.rf.8b3e9a187a5671a1aa44d8952f166e08.jpg,train\images\nghiengtrai_mp4-0077_jpg.rf.8b3e9a187a5671a1aa44d8952f166e08.jpg,D:\.Candra\Project\TA\02_data\raw\Sitting_posture.v17i.yolov8\train\labels\nghiengtrai_mp4-0077_jpg.rf.8b3e9a187a5671a1aa44d8952f166e08.txt,1280,720,77820,2602e421960a9f49fb4987d8a52e6e64dc66316e3a780ff9844483272eb84c95,cccccccc8c889193,182.2605,463.2334,False,True,False,1,1,0,
train,D:\.Candra\Project\TA\02_data\raw\Sitting_posture.v17i.yolov8\train\images\nghiengtrai_mp4-0081_jpg.rf.d209675c0a232d4ccb15aa6027750a39.jpg,train\images\nghiengtrai_mp4-0081_jpg.rf.d209675c0a232d4ccb15aa6027750a39.jpg,D:\.Candra\Project\TA\02_data\raw\Sitting_posture.v17i.yolov8\train\labels\nghiengtrai_mp4-0081_jpg.rf.d209675c0a232d4ccb15aa6027750a39.txt,1280,720,77262,b4b3fbe217dd4d4f0343aff797a115ca0e5cfbe506fbbc3e1ebf0b4837e392b3,cccccccc8c889193,182.2054,450.6819,False,True,False,1,1,0,
train,D:\.Candra\Project\TA\02_data\raw\Sitting_posture.v17i.yolov8\train\images\nghiengtrai_mp4-0083_jpg.rf.ae72d8b5fafc23b8293a516e2ac68087.jpg,train\images\nghiengtrai_mp4-0083_jpg.rf.ae72d8b5fafc23b8293a516e2ac68087.jpg,D:\.Candra\Project\TA\02_data\raw\Sitting_posture.v17i.yolov8\train\labels\nghiengtrai_mp4-0083_jpg.rf.ae72d8b5fafc23b8293a516e2ac68087.txt,1280,720,77277,585a65b24f029121451a08db830ef478a6eaa36ea58d83dd0e33ba221f70e74c,cccccccc8c889193,182.2963,455.0037,False,True,False,1,1,0,
train,D:\.Candra\Project\TA\02_data\raw\Sitting_posture.v17i.yolov8\train\images\nghiengtrai_mp4-0084_jpg.rf.43f3252cf063174a4f1cfba057ac4726.jpg,train\images\nghiengtrai_mp4-0084_jpg.rf.43f3252cf063174a4f1cfba057ac4726.jpg,D:\.Candra\Project\TA\02_data\raw\Sitting_posture.v17i.yolov8\train\labels\nghiengtrai_mp4-0084_jpg.rf.43f3252cf063174a4f1cfba057ac4726.txt,1280,720,77231,60a66f353f4283803be486666a493dd270c4c49185219047fc9101492b46c6e7,cccccccc8c889193,182.321,452.7929,False,True,False,1,1,0,
train,D:\.Candra\Project\TA\02_data\raw\Sitting_posture.v17i.yolov8\train\images\nghiengtrai_mp4-0087_jpg.rf.e6676ee9700570fcd18783f676df7c3b.jpg,train\images\nghiengtrai_mp4-0087_jpg.rf.e6676ee9700570fcd18783f676df7c3b.jpg,D:\.Candra\Project\TA\02_data\raw\Sitting_posture.v17i.yolov8\train\labels\nghiengtrai_mp4-0087_jpg.rf.e6676ee9700570fcd18783f676df7c3b.txt,1280,720,77384,a93f4375f0786591ac894a891b8b1418daa2987a7f2703d2449071e96becd011,cccccccc8c889193,182.3083,457.009,False,True,False,1,1,0,
train,D:\.Candra\Project\TA\02_data\raw\Sitting_posture.v17i.yolov8\train\images\nghiengtrai_mp4-0089_jpg.rf.023c8c913494f8773fa3c0ec906eae45.jpg,train\images\nghiengtrai_mp4-0089_jpg.rf.023c8c913494f8773fa3c0ec906eae45.jpg,D:\.Candra\Project\TA\02_data\raw\Sitting_posture.v17i.yolov8\train\labels\nghiengtrai_mp4-0089_jpg.rf.023c8c913494f8773fa3c0ec906eae45.txt,1280,720,76919,2604e18b8bbb2a6da626141bb7999b7f647eb0d1b0174b0005044cf1679cfce5,cccdcccc8c889193,183.9515,461.5363,False,True,False,1,1,0,
train,D:\.Candra\Project\TA\02_data\raw\Sitting_posture.v17i.yolov8\train\images\nghiengtrai_mp4-0090_jpg.rf.33bb1d996896325c15ad0265c3b34818.jpg,train\images\nghiengtrai_mp4-0090_jpg.rf.33bb1d996896325c15ad0265c3b34818.jpg,D:\.Candra\Project\TA\02_data\raw\Sitting_posture.v17i.yolov8\train\labels\nghiengtrai_mp4-0090_jpg.rf.33bb1d996896325c15ad0265c3b34818.txt,1280,720,77095,2c1db636cfa930ac0cb014b512e6ccdc469b3302e4e82be15f3bda4e4dbefbf0,cccccccc8c889193,185.594,463.9264,False,True,False,1,1,0,
train,D:\.Candra\Project\TA\02_data\raw\Sitting_posture.v17i.yolov8\train\images\nghiengtrai_mp4-0091_jpg.rf.6068f451291521ad9ba01e60c90b5036.jpg,train\images\nghiengtrai_mp4-0091_jpg.rf.6068f451291521ad9ba01e60c90b5036.jpg,D:\.Candra\Project\TA\02_data\raw\Sitting_posture.v17i.yolov8\train\labels\nghiengtrai_mp4-0091_jpg.rf.6068f451291521ad9ba01e60c90b5036.txt,1280,720,77478,80beca3713bf0df4d304a8bf159677186c616d476848a552e8ee74030626e528,8ccdcccc8c889193,185.7814,462.1894,False,True,False,1,1,0,
train,D:\.Candra\Project\TA\02_data\raw\Sitting_posture.v17i.yolov8\train\images\nghiengtrai_mp4-0092_jpg.rf.58fe5ffd905c00346116a6dcc97a4513.jpg,train\images\nghiengtrai_mp4-0092_jpg.rf.58fe5ffd905c00346116a6dcc97a4513.jpg,D:\.Candra\Project\TA\02_data\raw\Sitting_posture.v17i.yolov8\train\labels\nghiengtrai_mp4-0092_jpg.rf.58fe5ffd905c00346116a6dcc97a4513.txt,1280,720,77625,4e303616425a0d6764660137f2ad30075d64a2734e4311538fa0f49607240481,cccccccc8c889193,185.8761,462.1847,False,True,False,1,1,0,
train,D:\.Candra\Project\TA\02_data\raw\Sitting_posture.v17i.yolov8\train\images\nghiengtrai_mp4-0093_jpg.rf.966285bb21766eb4d8dcae80a9b2f459.jpg,train\images\nghiengtrai_mp4-0093_jpg.rf.966285bb21766eb4d8dcae80a9b2f459.jpg,D:\.Candra\Project\TA\02_data\raw\Sitting_posture.v17i.yolov8\train\labels\nghiengtrai_mp4-0093_jpg.rf.966285bb21766eb4d8dcae80a9b2f459.txt,1280,720,77619,437d264805daf4031bc7122f1e3b5988fad012a51b9d7eb97486a94218156edf,8ccccccc8c889193,185.9483,459.279,False,True,False,1,1,0,
train,D:\.Candra\Project\TA\02_data\raw\Sitting_posture.v17i.yolov8\train\images\nghiengtrai_mp4-0094_jpg.rf.1e3fc2500f3b62667cf3051bbec12f60.jpg,train\images\nghiengtrai_mp4-0094_jpg.rf.1e3fc2500f3b62667cf3051bbec12f60.jpg,D:\.Candra\Project\TA\02_data\raw\Sitting_posture.v17i.yolov8\train\labels\nghiengtrai_mp4-0094_jpg.rf.1e3fc2500f3b62667cf3051bbec12f60.txt,1280,720,77771,5e12792836323d1260660563f1dacb475f431f1569df67d14b6cb06cc9a593c9,8ccccccc8c889193,185.987,458.3333,False,True,False,1,1,0,
train,D:\.Candra\Project\TA\02_data\raw\Sitting_posture.v17i.yolov8\train\images\nghiengtrai_mp4-0096_jpg.rf.7634eb4517dd430a427e428daf55959a.jpg,train\images\nghiengtrai_mp4-0096_jpg.rf.7634eb4517dd430a427e428daf55959a.jpg,D:\.Candra\Project\TA\02_data\raw\Sitting_posture.v17i.yolov8\train\labels\nghiengtrai_mp4-0096_jpg.rf.7634eb4517dd430a427e428daf55959a.txt,1280,720,77680,66b24c699fe957f41ed01650b3ee7988ee5502e59d9a84e12bc0b4248979ccff,8cc4cccc8c889193,186.0287,457.0657,False,True,False,1,1,0,
train,D:\.Candra\Project\TA\02_data\raw\Sitting_posture.v17i.yolov8\train\images\nghiengtrai_mp4-0097_jpg.rf.32debd2fdcafc968e7dc06f4add49943.jpg,train\images\nghiengtrai_mp4-0097_jpg.rf.32debd2fdcafc968e7dc06f4add49943.jpg,D:\.Candra\Project\TA\02_data\raw\Sitting_posture.v17i.yolov8\train\labels\nghiengtrai_mp4-0097_jpg.rf.32debd2fdcafc968e7dc06f4add49943.txt,1280,720,77640,f66e07aa2ecd6fc4244f8ca6aa013e39ea952b806334a684c82bd04dc1630448,8cc4c4cc8c889193,186.0527,453.3394,False,True,False,1,1,0,
train,D:\.Candra\Project\TA\02_data\raw\Sitting_posture.v17i.yolov8\train\images\nghiengtrai_mp4-0099_jpg.rf.935825db40aed9ee3fcf245845eef9ad.jpg,train\images\nghiengtrai_mp4-0099_jpg.rf.935825db40aed9ee3fcf245845eef9ad.jpg,D:\.Candra\Project\TA\02_data\raw\Sitting_posture.v17i.yolov8\train\labels\nghiengtrai_mp4-0099_jpg.rf.935825db40aed9ee3fcf245845eef9ad.txt,1280,720,78435,b58a22dc0c8f3c33195d78876c2627131cd24defb8efac6a51d411a623696f90,8cc4c4cc8c889193,185.9789,470.9194,False,True,False,1,1,0,
train,D:\.Candra\Project\TA\02_data\raw\Sitting_posture.v17i.yolov8\train\images\nghiengtrai_mp4-0100_jpg.rf.86bfd5a6d2764d614e9476bb518d005b.jpg,train\images\nghiengtrai_mp4-0100_jpg.rf.86bfd5a6d2764d614e9476bb518d005b.jpg,D:\.Candra\Project\TA\02_data\raw\Sitting_posture.v17i.yolov8\train\labels\nghiengtrai_mp4-0100_jpg.rf.86bfd5a6d2764d614e9476bb518d005b.txt,1280,720,77756,4e35518b14f22fbe1c07de1fd3c9aa7dcda73012e2f65ce16037885b003197ed,8cc4c4cc8c889193,185.9659,467.1175,False,True,False,1,1,0,
train,D:\.Candra\Project\TA\02_data\raw\Sitting_posture.v17i.yolov8\train\images\nghiengtrai_mp4-0101_jpg.rf.a04065b979f919a8b8dd78bb8089c830.jpg,train\images\nghiengtrai_mp4-0101_jpg.rf.a04065b979f919a8b8dd78bb8089c830.jpg,D:\.Candra\Project\TA\02_data\raw\Sitting_posture.v17i.yolov8\train\labels\nghiengtrai_mp4-0101_jpg.rf.a04065b979f919a8b8dd78bb8089c830.txt,1280,720,77341,c0400b708162baa042250ca11903f6b51ebc92453a754a2d446a6ec5b0d68d38,8cc4c4cc8c889193,186.0137,463.8416,False,True,False,1,1,0,
train,D:\.Candra\Project\TA\02_data\raw\Sitting_posture.v17i.yolov8\train\images\nghiengtrai_mp4-0102_jpg.rf.86d04074295a769a0750ab63894e1f68.jpg,train\images\nghiengtrai_mp4-0102_jpg.rf.86d04074295a769a0750ab63894e1f68.jpg,D:\.Candra\Project\TA\02_data\raw\Sitting_posture.v17i.yolov8\train\labels\nghiengtrai_mp4-0102_jpg.rf.86d04074295a769a0750ab63894e1f68.txt,1280,720,76846,480add3a66133e9d1e64fe039cbf4260cfe9f12cc8ce2b542a54f85fc5d24ac7,84c4c4cc8c889193,185.2601,452.8524,False,True,False,1,1,0,
train,D:\.Candra\Project\TA\02_data\raw\Sitting_posture.v17i.yolov8\train\images\nghiengtrai_mp4-0103_jpg.rf.a59d2be1cd7c46cf3b06ab9056b104f6.jpg,train\images\nghiengtrai_mp4-0103_jpg.rf.a59d2be1cd7c46cf3b06ab9056b104f6.jpg,D:\.Candra\Project\TA\02_data\raw\Sitting_posture.v17i.yolov8\train\labels\nghiengtrai_mp4-0103_jpg.rf.a59d2be1cd7c46cf3b06ab9056b104f6.txt,1280,720,76801,d6f159e0fd88bbdfb1305ee7466baf753e1854aed11414ff26c6b356d538359b,84c4c4cc8c8891b3,185.167,454.5917,False,True,False,1,1,0,
train,D:\.Candra\Project\TA\02_data\raw\Sitting_posture.v17i.yolov8\train\images\nghiengtrai_mp4-0105_jpg.rf.042cfeff6f4514596b0c5b405050d161.jpg,train\images\nghiengtrai_mp4-0105_jpg.rf.042cfeff6f4514596b0c5b405050d161.jpg,D:\.Candra\Project\TA\02_data\raw\Sitting_posture.v17i.yolov8\train\labels\nghiengtrai_mp4-0105_jpg.rf.042cfeff6f4514596b0c5b405050d161.txt,1280,720,77075,c4012df25833d37abc02f533a6554229deab8aa8b83509c3ef9f53174eed3f47,84c4c4cc8c8891b3,184.9973,452.4319,False,True,False,1,1,0,
train,D:\.Candra\Project\TA\02_data\raw\Sitting_posture.v17i.yolov8\train\images\nghiengtrai_mp4-0106_jpg.rf.ef95a9ba65dc6403e3b37c3f497ef405.jpg,train\images\nghiengtrai_mp4-0106_jpg.rf.ef95a9ba65dc6403e3b37c3f497ef405.jpg,D:\.Candra\Project\TA\02_data\raw\Sitting_posture.v17i.yolov8\train\labels\nghiengtrai_mp4-0106_jpg.rf.ef95a9ba65dc6403e3b37c3f497ef405.txt,1280,720,77298,676a37cd1045f49f4e26395c90b9ed4bc45cb864337c403b3fe3901c1137ee4c,84c6c4cc8c889193,185.0054,456.4851,False,True,False,1,1,0,
train,D:\.Candra\Project\TA\02_data\raw\Sitting_posture.v17i.yolov8\train\images\nghiengtrai_mp4-0108_jpg.rf.8c9826133e87086c4cd7cb77b5c61c02.jpg,train\images\nghiengtrai_mp4-0108_jpg.rf.8c9826133e87086c4cd7cb77b5c61c02.jpg,D:\.Candra\Project\TA\02_data\raw\Sitting_posture.v17i.yolov8\train\labels\nghiengtrai_mp4-0108_jpg.rf.8c9826133e87086c4cd7cb77b5c61c02.txt,1280,720,77635,b66e497eaa16ba27ee1a6534649633c69823b152dd0228c67a2ff93bbac2a32d,8486c6cc8c889193,185.2107,458.3611,False,True,False,1,1,0,
train,D:\.Candra\Project\TA\02_data\raw\Sitting_posture.v17i.yolov8\train\images\nghiengtrai_mp4-0109_jpg.rf.6de6fc1dbc4e991694fd146632314280.jpg,train\images\nghiengtrai_mp4-0109_jpg.rf.6de6fc1dbc4e991694fd146632314280.jpg,D:\.Candra\Project\TA\02_data\raw\Sitting_posture.v17i.yolov8\train\labels\nghiengtrai_mp4-0109_jpg.rf.6de6fc1dbc4e991694fd146632314280.txt,1280,720,77742,a324bf54f1fd1a243fec694f6013b45eb76f34e62bbcbd983d783daca5fb82f4,8486c6cc8c889193,185.22,459.1938,False,True,False,1,1,0,
train,D:\.Candra\Project\TA\02_data\raw\Sitting_posture.v17i.yolov8\train\images\nghiengtrai_mp4-0110_jpg.rf.9083ea18679c795b12dd015da2a494d4.jpg,train\images\nghiengtrai_mp4-0110_jpg.rf.9083ea18679c795b12dd015da2a494d4.jpg,D:\.Candra\Project\TA\02_data\raw\Sitting_posture.v17i.yolov8\train\labels\nghiengtrai_mp4-0110_jpg.rf.9083ea18679c795b12dd015da2a494d4.txt,1280,720,77591,6b82e6c08ef313550bf1c1d2b31fcb98326315aa4506a52d827c963039685191,8486c6cc8c889193,185.8212,465.5811,False,True,False,1,1,0,
train,D:\.Candra\Project\TA\02_data\raw\Sitting_posture.v17i.yolov8\train\images\nghiengtrai_mp4-0112_jpg.rf.33b032ba498025ba0f22f97046e61d1d.jpg,train\images\nghiengtrai_mp4-0112_jpg.rf.33b032ba498025ba0f22f97046e61d1d.jpg,D:\.Candra\Project\TA\02_data\raw\Sitting_posture.v17i.yolov8\train\labels\nghiengtrai_mp4-0112_jpg.rf.33b032ba498025ba0f22f97046e61d1d.txt,1280,720,77742,dce5b60962b7562d52a41dd64dcf55b3c8d0581a1451e0dda60c7641aacaf7c9,8486c4cc8c889193,186.079,467.7487,False,True,False,1,1,0,
train,D:\.Candra\Project\TA\02_data\raw\Sitting_posture.v17i.yolov8\train\images\nghiengtrai_mp4-0114_jpg.rf.96a879c20e52be013cf13ba517654863.jpg,train\images\nghiengtrai_mp4-0114_jpg.rf.96a879c20e52be013cf13ba517654863.jpg,D:\.Candra\Project\TA\02_data\raw\Sitting_posture.v17i.yolov8\train\labels\nghiengtrai_mp4-0114_jpg.rf.96a879c20e52be013cf13ba517654863.txt,1280,720,77788,50c3e7cd95e7f5e5b699eb53b4f2f7a7a255af3e456c427dfc15ae26963f158c,8486c4cc8c889193,186.1444,466.0172,False,True,False,1,1,0,
train,D:\.Candra\Project\TA\02_data\raw\Sitting_posture.v17i.yolov8\train\images\nghiengtrai_mp4-0115_jpg.rf.b8df62e4f49887d080e73264f16b2296.jpg,train\images\nghiengtrai_mp4-0115_jpg.rf.b8df62e4f49887d080e73264f16b2296.jpg,D:\.Candra\Project\TA\02_data\raw\Sitting_posture.v17i.yolov8\train\labels\nghiengtrai_mp4-0115_jpg.rf.b8df62e4f49887d080e73264f16b2296.txt,1280,720,77538,c8b1dc71e086ab367cd80bf5be950121ccdc04b504b2692586080729e8e1aa5b,8486c4cc8c889193,186.2055,459.0235,False,True,False,1,1,0,
train,D:\.Candra\Project\TA\02_data\raw\Sitting_posture.v17i.yolov8\train\images\nghiengtrai_mp4-0117_jpg.rf.9d03da79120fd9754989a93b782be8b0.jpg,train\images\nghiengtrai_mp4-0117_jpg.rf.9d03da79120fd9754989a93b782be8b0.jpg,D:\.Candra\Project\TA\02_data\raw\Sitting_posture.v17i.yolov8\train\labels\nghiengtrai_mp4-0117_jpg.rf.9d03da79120fd9754989a93b782be8b0.txt,1280,720,77634,201f56902a2bdb3b7b1a10a04613c1384d4a6a7fd2d8f3543fe491e355b60863,8484c4cc8c889193,186.2063,463.9871,False,True,False,1,1,0,
train,D:\.Candra\Project\TA\02_data\raw\Sitting_posture.v17i.yolov8\train\images\nghiengtrai_mp4-0118_jpg.rf.18475a12e3756fae2d3d33006534ab5c.jpg,train\images\nghiengtrai_mp4-0118_jpg.rf.18475a12e3756fae2d3d33006534ab5c.jpg,D:\.Candra\Project\TA\02_data\raw\Sitting_posture.v17i.yolov8\train\labels\nghiengtrai_mp4-0118_jpg.rf.18475a12e3756fae2d3d33006534ab5c.txt,1280,720,77699,2d2df73f7f289d414202e5835dbe682c68b677e7485de2031dbe20d6ccf13416,8484c4cc8c889193,186.2027,463.9569,False,True,False,1,1,0,
train,D:\.Candra\Project\TA\02_data\raw\Sitting_posture.v17i.yolov8\train\images\nghiengtrai_mp4-0120_jpg.rf.9f41db89228864f6cb97da8510c908e7.jpg,train\images\nghiengtrai_mp4-0120_jpg.rf.9f41db89228864f6cb97da8510c908e7.jpg,D:\.Candra\Project\TA\02_data\raw\Sitting_posture.v17i.yolov8\train\labels\nghiengtrai_mp4-0120_jpg.rf.9f41db89228864f6cb97da8510c908e7.txt,1280,720,77806,0675496a8f43621f210a834742673c535fe6884ccb6a8b9e2ed2edef557ad12a,8484c4cc8c889193,186.2152,462.394,False,True,False,1,1,0,
train,D:\.Candra\Project\TA\02_data\raw\Sitting_posture.v17i.yolov8\train\images\nghiengtrai_mp4-0122_jpg.rf.8ac27f6ac1f17e218cbcf841d50f1109.jpg,train\images\nghiengtrai_mp4-0122_jpg.rf.8ac27f6ac1f17e218cbcf841d50f1109.jpg,D:\.Candra\Project\TA\02_data\raw\Sitting_posture.v17i.yolov8\train\labels\nghiengtrai_mp4-0122_jpg.rf.8ac27f6ac1f17e218cbcf841d50f1109.txt,1280,720,78580,e7c96467348804137a142af1cb5f39873616dad97feea58a254477675d3e6c9a,8484c4cc8c889193,186.2221,509.9395,False,True,False,1,1,0,
train,D:\.Candra\Project\TA\02_data\raw\Sitting_posture.v17i.yolov8\train\images\nghiengtrai_mp4-0123_jpg.rf.bc85560479848a6a6f37ec9dba3e9f7a.jpg,train\images\nghiengtrai_mp4-0123_jpg.rf.bc85560479848a6a6f37ec9dba3e9f7a.jpg,D:\.Candra\Project\TA\02_data\raw\Sitting_posture.v17i.yolov8\train\labels\nghiengtrai_mp4-0123_jpg.rf.bc85560479848a6a6f37ec9dba3e9f7a.txt,1280,720,78611,a884e9261b22dcba5afc6e7dbfdbfdfac2b318529daf50d218e5fb196b086d91,8484c4cc8c889193,186.218,480.6814,False,True,False,1,1,0,
train,D:\.Candra\Project\TA\02_data\raw\Sitting_posture.v17i.yolov8\train\images\nghiengtrai_mp4-0124_jpg.rf.f5ef40352f5b3835d74c525405c58a33.jpg,train\images\nghiengtrai_mp4-0124_jpg.rf.f5ef40352f5b3835d74c525405c58a33.jpg,D:\.Candra\Project\TA\02_data\raw\Sitting_posture.v17i.yolov8\train\labels\nghiengtrai_mp4-0124_jpg.rf.f5ef40352f5b3835d74c525405c58a33.txt,1280,720,77765,fb2ee6b2d8252001ec354deebb9e00b4e11d5bc296d5b050eb36f40ed3b2f831,8cc4c4cc8c889193,186.2241,468.8192,False,True,False,1,1,0,
train,D:\.Candra\Project\TA\02_data\raw\Sitting_posture.v17i.yolov8\train\images\nghiengtrai_mp4-0125_jpg.rf.836d8a95548a992aca49ce683442e7e2.jpg,train\images\nghiengtrai_mp4-0125_jpg.rf.836d8a95548a992aca49ce683442e7e2.jpg,D:\.Candra\Project\TA\02_data\raw\Sitting_posture.v17i.yolov8\train\labels\nghiengtrai_mp4-0125_jpg.rf.836d8a95548a992aca49ce683442e7e2.txt,1280,720,77558,7a2e065eca48f8d193c40cab99ca13e1a7226702b8516d8865bb6f97c2cd1c1e,8cc4c4cc8c889193,186.2582,463.5916,False,True,False,1,1,0,
train,D:\.Candra\Project\TA\02_data\raw\Sitting_posture.v17i.yolov8\train\images\nghiengtrai_mp4-0126_jpg.rf.848b25ef520375ae4d055e2c1fe79e88.jpg,train\images\nghiengtrai_mp4-0126_jpg.rf.848b25ef520375ae4d055e2c1fe79e88.jpg,D:\.Candra\Project\TA\02_data\raw\Sitting_posture.v17i.yolov8\train\labels\nghiengtrai_mp4-0126_jpg.rf.848b25ef520375ae4d055e2c1fe79e88.txt,1280,720,77492,d723e18a0be53d205436a8f79ac854154e1391be15a7d92fd23048fddb34c01d,8cc4c4cc8c889193,186.2474,464.6263,False,True,False,1,1,0,
train,D:\.Candra\Project\TA\02_data\raw\Sitting_posture.v17i.yolov8\train\images\nghiengtrai_mp4-0127_jpg.rf.bb21ba7b540a04ee2da5b1da01d2c909.jpg,train\images\nghiengtrai_mp4-0127_jpg.rf.bb21ba7b540a04ee2da5b1da01d2c909.jpg,D:\.Candra\Project\TA\02_data\raw\Sitting_posture.v17i.yolov8\train\labels\nghiengtrai_mp4-0127_jpg.rf.bb21ba7b540a04ee2da5b1da01d2c909.txt,1280,720,77382,635026eca0dc11ab3586c824bb22b34233491d59e5d93e022a7a32b1ba07d7cc,8cc4c4cc8c889193,186.2508,460.8161,False,True,False,1,1,0,
train,D:\.Candra\Project\TA\02_data\raw\Sitting_posture.v17i.yolov8\train\images\nghiengtrai_mp4-0128_jpg.rf.56620ec666d45e709987605b509a1b82.jpg,train\images\nghiengtrai_mp4-0128_jpg.rf.56620ec666d45e709987605b509a1b82.jpg,D:\.Candra\Project\TA\02_data\raw\Sitting_posture.v17i.yolov8\train\labels\nghiengtrai_mp4-0128_jpg.rf.56620ec666d45e709987605b509a1b82.txt,1280,720,77246,46eceaa43657e249a12d1d933378da372f41acd4bcf1aad9a33d10814a3996e7,8cc4c4cc8c889193,186.2252,459.0696,False,True,False,1,1,0,
train,D:\.Candra\Project\TA\02_data\raw\Sitting_posture.v17i.yolov8\train\images\nghiengtrai_mp4-0131_jpg.rf.08d699771546874b0e344ee8dd0585a8.jpg,train\images\nghiengtrai_mp4-0131_jpg.rf.08d699771546874b0e344ee8dd0585a8.jpg,D:\.Candra\Project\TA\02_data\raw\Sitting_posture.v17i.yolov8\train\labels\nghiengtrai_mp4-0131_jpg.rf.08d699771546874b0e344ee8dd0585a8.txt,1280,720,76973,f9e9c63f1faa3eb276b46c5585ae9602d54d146897ce39222d184d7bc8e54487,8cc4c4cc8c889193,186.2122,452.7686,False,True,False,1,1,0,
train,D:\.Candra\Project\TA\02_data\raw\Sitting_posture.v17i.yolov8\train\images\nghiengtrai_mp4-0132_jpg.rf.648fcbe8a8e08474d4f43e489c2310e1.jpg,train\images\nghiengtrai_mp4-0132_jpg.rf.648fcbe8a8e08474d4f43e489c2310e1.jpg,D:\.Candra\Project\TA\02_data\raw\Sitting_posture.v17i.yolov8\train\labels\nghiengtrai_mp4-0132_jpg.rf.648fcbe8a8e08474d4f43e489c2310e1.txt,1280,720,77028,8e4efb136d90c91f364803888709717cfc780ac2aa3a41e48a479f06e8bc816e,8cc4c4cc8c889193,186.1826,450.6242,False,True,False,1,1,0,
train,D:\.Candra\Project\TA\02_data\raw\Sitting_posture.v17i.yolov8\train\images\nghiengtrai_mp4-0133_jpg.rf.eb028549bc0a9aa74bc50318e53eff2a.jpg,train\images\nghiengtrai_mp4-0133_jpg.rf.eb028549bc0a9aa74bc50318e53eff2a.jpg,D:\.Candra\Project\TA\02_data\raw\Sitting_posture.v17i.yolov8\train\labels\nghiengtrai_mp4-0133_jpg.rf.eb028549bc0a9aa74bc50318e53eff2a.txt,1280,720,77155,a75b99839da1abcadaea81e3528d8e1847f2166c549c7b36c443ebd45081cfda,8cc4c4cc8c889193,186.1309,451.8283,False,True,False,1,1,0,
train,D:\.Candra\Project\TA\02_data\raw\Sitting_posture.v17i.yolov8\train\images\nghiengtrai_mp4-0134_jpg.rf.f1322011e31246f9dfdfb227f07c10ce.jpg,train\images\nghiengtrai_mp4-0134_jpg.rf.f1322011e31246f9dfdfb227f07c10ce.jpg,D:\.Candra\Project\TA\02_data\raw\Sitting_posture.v17i.yolov8\train\labels\nghiengtrai_mp4-0134_jpg.rf.f1322011e31246f9dfdfb227f07c10ce.txt,1280,720,77291,5f01016e0dcc0233a86a1f2cb87cf5e9ed9238d96f5d7a7fc6471a00f8e8ea91,8cc4c4cc8c889193,186.167,453.6426,False,True,False,1,1,0,
train,D:\.Candra\Project\TA\02_data\raw\Sitting_posture.v17i.yolov8\train\images\nghiengtrai_mp4-0135_jpg.rf.ca2f5df45e4f2dde8f8b684c0eaebfb8.jpg,train\images\nghiengtrai_mp4-0135_jpg.rf.ca2f5df45e4f2dde8f8b684c0eaebfb8.jpg,D:\.Candra\Project\TA\02_data\raw\Sitting_posture.v17i.yolov8\train\labels\nghiengtrai_mp4-0135_jpg.rf.ca2f5df45e4f2dde8f8b684c0eaebfb8.txt,1280,720,77371,20c05a580f3c20deea14561125b8f9ef53807dfe1bd9f59475129cb7f45d24f2,8cc4cccc8c889193,186.154,452.3214,False,True,False,1,1,0,
train,D:\.Candra\Project\TA\02_data\raw\Sitting_posture.v17i.yolov8\train\images\nghiengtrai_mp4-0137_jpg.rf.429b0831a69baf9ad9c0c8fbabff770a.jpg,train\images\nghiengtrai_mp4-0137_jpg.rf.429b0831a69baf9ad9c0c8fbabff770a.jpg,D:\.Candra\Project\TA\02_data\raw\Sitting_posture.v17i.yolov8\train\labels\nghiengtrai_mp4-0137_jpg.rf.429b0831a69baf9ad9c0c8fbabff770a.txt,1280,720,77730,4f16e7abebb90f8001fd23780ec762a5e7e4b12682e24c15e54878af484fe3df,8ccdcccc8c889193,186.158,452.7637,False,True,False,1,1,0,
train,D:\.Candra\Project\TA\02_data\raw\Sitting_posture.v17i.yolov8\train\images\nghiengtrai_mp4-0138_jpg.rf.22210912ec69d904f2bcf9c35eb829d6.jpg,train\images\nghiengtrai_mp4-0138_jpg.rf.22210912ec69d904f2bcf9c35eb829d6.jpg,D:\.Candra\Project\TA\02_data\raw\Sitting_posture.v17i.yolov8\train\labels\nghiengtrai_mp4-0138_jpg.rf.22210912ec69d904f2bcf9c35eb829d6.txt,1280,720,78139,3bdb9219ae1cd5d15c62897b4f457ea38ef3f3c988b4faa3ecd52d3b82e40f0d,8ccdcccc8c889193,186.1597,458.718,False,True,False,1,1,0,
train,D:\.Candra\Project\TA\02_data\raw\Sitting_posture.v17i.yolov8\train\images\nghiengtrai_mp4-0140_jpg.rf.781fafb644c1a38fd4deebe69619d328.jpg,train\images\nghiengtrai_mp4-0140_jpg.rf.781fafb644c1a38fd4deebe69619d328.jpg,D:\.Candra\Project\TA\02_data\raw\Sitting_posture.v17i.yolov8\train\labels\nghiengtrai_mp4-0140_jpg.rf.781fafb644c1a38fd4deebe69619d328.txt,1280,720,78161,67c09c1a9f1a6bac0660b051d90de34dee4cc2cf1f6f7def398452b939e4e45a,cccdccc88c889193,186.0882,451.3499,False,True,False,1,1,0,
train,D:\.Candra\Project\TA\02_data\raw\Sitting_posture.v17i.yolov8\train\images\nghiengtrai_mp4-0141_jpg.rf.53455bbe8c8ffba040797793ce982002.jpg,train\images\nghiengtrai_mp4-0141_jpg.rf.53455bbe8c8ffba040797793ce982002.jpg,D:\.Candra\Project\TA\02_data\raw\Sitting_posture.v17i.yolov8\train\labels\nghiengtrai_mp4-0141_jpg.rf.53455bbe8c8ffba040797793ce982002.txt,1280,720,78345,219b775872b9e188f1900e087648b98375606eebd4bfcd8d3af2ff5f5c038583,cccdccc88c889193,186.0324,456.7931,False,True,False,1,1,0,
train,D:\.Candra\Project\TA\02_data\raw\Sitting_posture.v17i.yolov8\train\images\nghiengtrai_mp4-0145_jpg.rf.dc202134579b90b7b88ff94d1911438f.jpg,train\images\nghiengtrai_mp4-0145_jpg.rf.dc202134579b90b7b88ff94d1911438f.jpg,D:\.Candra\Project\TA\02_data\raw\Sitting_posture.v17i.yolov8\train\labels\nghiengtrai_mp4-0145_jpg.rf.dc202134579b90b7b88ff94d1911438f.txt,1280,720,78776,c60f1d9459fedf7384cb7c34ac3b50cdc5c1ff15bb87ef67c31d94eab3894a6b,ccccccc88c889193,185.9272,460.3202,False,True,False,1,1,0,
train,D:\.Candra\Project\TA\02_data\raw\Sitting_posture.v17i.yolov8\train\images\nghiengtrai_mp4-0146_jpg.rf.666477a09283e4fc7d0c4a02fe7f39f2.jpg,train\images\nghiengtrai_mp4-0146_jpg.rf.666477a09283e4fc7d0c4a02fe7f39f2.jpg,D:\.Candra\Project\TA\02_data\raw\Sitting_posture.v17i.yolov8\train\labels\nghiengtrai_mp4-0146_jpg.rf.666477a09283e4fc7d0c4a02fe7f39f2.txt,1280,720,79854,5a2560cc974b419fee392aa9b29fc5bdf4d941425071957ef5a81ed648e60e8d,ccccccc88c889193,185.9301,516.7374,False,True,False,1,1,0,
train,D:\.Candra\Project\TA\02_data\raw\Sitting_posture.v17i.yolov8\train\images\nghiengtrai_mp4-0147_jpg.rf.55780716652dcb8ce3a2753c630f46c2.jpg,train\images\nghiengtrai_mp4-0147_jpg.rf.55780716652dcb8ce3a2753c630f46c2.jpg,D:\.Candra\Project\TA\02_data\raw\Sitting_posture.v17i.yolov8\train\labels\nghiengtrai_mp4-0147_jpg.rf.55780716652dcb8ce3a2753c630f46c2.txt,1280,720,79442,5e0d9307297872b086335722cbc925e66c856422fa1379e700f4c2cb10e258c2,ccccccc88c889193,185.9419,487.4735,False,True,False,1,1,0,
train,D:\.Candra\Project\TA\02_data\raw\Sitting_posture.v17i.yolov8\train\images\nghiengtrai_mp4-0148_jpg.rf.f2b7dc10f1c72f175a99adf5d0e2cf4c.jpg,train\images\nghiengtrai_mp4-0148_jpg.rf.f2b7dc10f1c72f175a99adf5d0e2cf4c.jpg,D:\.Candra\Project\TA\02_data\raw\Sitting_posture.v17i.yolov8\train\labels\nghiengtrai_mp4-0148_jpg.rf.f2b7dc10f1c72f175a99adf5d0e2cf4c.txt,1280,720,79917,15bdafb038ccad161b2f251b0370636c8be6b9ecfd5415cc009182d8edd211bd,ccccccc88c889193,185.9305,484.2012,False,True,False,1,1,0,
train,D:\.Candra\Project\TA\02_data\raw\Sitting_posture.v17i.yolov8\train\images\nghiengtrai_mp4-0153_jpg.rf.336498e69047248eb9bcf821cb4eba3b.jpg,train\images\nghiengtrai_mp4-0153_jpg.rf.336498e69047248eb9bcf821cb4eba3b.jpg,D:\.Candra\Project\TA\02_data\raw\Sitting_posture.v17i.yolov8\train\labels\nghiengtrai_mp4-0153_jpg.rf.336498e69047248eb9bcf821cb4eba3b.txt,1280,720,78881,4d7cd30001b87e75ff8f6a31bc773497fce7c420633e9b1ed445a3ab133a5d7b,ccccccc88c889193,185.8949,465.7379,False,True,False,1,1,0,
train,D:\.Candra\Project\TA\02_data\raw\Sitting_posture.v17i.yolov8\train\images\nghiengtrai_mp4-0154_jpg.rf.8dc1ebd75c66d1de83f06932eb3c0161.jpg,train\images\nghiengtrai_mp4-0154_jpg.rf.8dc1ebd75c66d1de83f06932eb3c0161.jpg,D:\.Candra\Project\TA\02_data\raw\Sitting_posture.v17i.yolov8\train\labels\nghiengtrai_mp4-0154_jpg.rf.8dc1ebd75c66d1de83f06932eb3c0161.txt,1280,720,78822,d1a58d9bb25d23429a4e366a377727c6bfeff6018f9799207c5f96a893f89da7,ccccccc88c889193,185.8814,462.4464,False,True,False,1,1,0,
train,D:\.Candra\Project\TA\02_data\raw\Sitting_posture.v17i.yolov8\train\images\nghiengtrai_mp4-0159_jpg.rf.4ae7f60ab5c19f8715b96d3d8b785f61.jpg,train\images\nghiengtrai_mp4-0159_jpg.rf.4ae7f60ab5c19f8715b96d3d8b785f61.jpg,D:\.Candra\Project\TA\02_data\raw\Sitting_posture.v17i.yolov8\train\labels\nghiengtrai_mp4-0159_jpg.rf.4ae7f60ab5c19f8715b96d3d8b785f61.txt,1280,720,79384,d766c4b9322248008b1933f3c7fc5f8e62e1dfcc6b2a01d5bb53af898e118d65,ccccccc88c889193,185.8279,465.7508,False,True,False,1,1,0,
train,D:\.Candra\Project\TA\02_data\raw\Sitting_posture.v17i.yolov8\train\images\nghiengtrai_mp4-0161_jpg.rf.efac349e126a3397d00272fdd5635909.jpg,train\images\nghiengtrai_mp4-0161_jpg.rf.efac349e126a3397d00272fdd5635909.jpg,D:\.Candra\Project\TA\02_data\raw\Sitting_posture.v17i.yolov8\train\labels\nghiengtrai_mp4-0161_jpg.rf.efac349e126a3397d00272fdd5635909.txt,1280,720,79223,ac5429b1bf5faaf38f69dafde70469ccc19d3acd0d2d6b2ac884ae5089f7ef6d,ccccccc88c889193,185.8121,466.0862,False,True,False,1,1,0,
train,D:\.Candra\Project\TA\02_data\raw\Sitting_posture.v17i.yolov8\train\images\nghiengtrai_mp4-0162_jpg.rf.102f21bf3284763351581997cec97a9e.jpg,train\images\nghiengtrai_mp4-0162_jpg.rf.102f21bf3284763351581997cec97a9e.jpg,D:\.Candra\Project\TA\02_data\raw\Sitting_posture.v17i.yolov8\train\labels\nghiengtrai_mp4-0162_jpg.rf.102f21bf3284763351581997cec97a9e.txt,1280,720,79378,135f61ff386766ff1f294daded71b13b6eea045551453a77da2b93533c1b7659,ccccccc88c889193,185.8006,468.8843,False,True,False,1,1,0,
train,D:\.Candra\Project\TA\02_data\raw\Sitting_posture.v17i.yolov8\train\images\nghiengtrai_mp4-0163_jpg.rf.def5277e6b2c38d96b6bb4aa356d6f00.jpg,train\images\nghiengtrai_mp4-0163_jpg.rf.def5277e6b2c38d96b6bb4aa356d6f00.jpg,D:\.Candra\Project\TA\02_data\raw\Sitting_posture.v17i.yolov8\train\labels\nghiengtrai_mp4-0163_jpg.rf.def5277e6b2c38d96b6bb4aa356d6f00.txt,1280,720,79332,57fb266342367df9658bc0ed9dc5c6cc3ffb72d76d9b8146fee5776abbd8514b,ccccccc88c889193,185.7955,467.5717,False,True,False,1,1,0,
train,D:\.Candra\Project\TA\02_data\raw\Sitting_posture.v17i.yolov8\train\images\nghiengtrai_mp4-0166_jpg.rf.4617bbc9f61b4b03b4be449f47d0b2ce.jpg,train\images\nghiengtrai_mp4-0166_jpg.rf.4617bbc9f61b4b03b4be449f47d0b2ce.jpg,D:\.Candra\Project\TA\02_data\raw\Sitting_posture.v17i.yolov8\train\labels\nghiengtrai_mp4-0166_jpg.rf.4617bbc9f61b4b03b4be449f47d0b2ce.txt,1280,720,79240,c90202600279bf8ed1b593512db9131475b4a49b3796df5b1787406adce063ff,ccccccc88c889193,185.7701,466.7172,False,True,False,1,1,0,
train,D:\.Candra\Project\TA\02_data\raw\Sitting_posture.v17i.yolov8\train\images\nghiengtrai_mp4-0167_jpg.rf.013426dab1fe17bb9dd9b3552f768217.jpg,train\images\nghiengtrai_mp4-0167_jpg.rf.013426dab1fe17bb9dd9b3552f768217.jpg,D:\.Candra\Project\TA\02_data\raw\Sitting_posture.v17i.yolov8\train\labels\nghiengtrai_mp4-0167_jpg.rf.013426dab1fe17bb9dd9b3552f768217.txt,1280,720,79386,1a8b255dc26a988f89bcccb1549eb9c0bdf64372412a001c5d043883d82e58d8,ccccccc88c889193,185.7629,465.6275,False,True,False,1,1,0,
train,D:\.Candra\Project\TA\02_data\raw\Sitting_posture.v17i.yolov8\train\images\nghiengtrai_mp4-0168_jpg.rf.ae1516c4fb098e3a6af49187b29fc6d6.jpg,train\images\nghiengtrai_mp4-0168_jpg.rf.ae1516c4fb098e3a6af49187b29fc6d6.jpg,D:\.Candra\Project\TA\02_data\raw\Sitting_posture.v17i.yolov8\train\labels\nghiengtrai_mp4-0168_jpg.rf.ae1516c4fb098e3a6af49187b29fc6d6.txt,1280,720,79111,9e1668fe51e80ec9b4ea5731a7d8fade1d5f5f5aa51d0698a70d2368f63eabee,ccccccc88c889193,185.7856,463.1607,False,True,False,1,1,0,
train,D:\.Candra\Project\TA\02_data\raw\Sitting_posture.v17i.yolov8\train\images\nghiengtrai_mp4-0169_jpg.rf.dca2320cb2afd67a9bdeffcc5372f8e1.jpg,train\images\nghiengtrai_mp4-0169_jpg.rf.dca2320cb2afd67a9bdeffcc5372f8e1.jpg,D:\.Candra\Project\TA\02_data\raw\Sitting_posture.v17i.yolov8\train\labels\nghiengtrai_mp4-0169_jpg.rf.dca2320cb2afd67a9bdeffcc5372f8e1.txt,1280,720,79100,7dc1044aa1f8c212ceb50d0a9509e7d067d33308acea683c57dc638d1eeb2abd,ccccccc88c889193,185.7881,465.3503,False,True,False,1,1,0,
train,D:\.Candra\Project\TA\02_data\raw\Sitting_posture.v17i.yolov8\train\images\nghiengtrai_mp4-0170_jpg.rf.af8ef5e7241ed970d551b51fef9581cd.jpg,train\images\nghiengtrai_mp4-0170_jpg.rf.af8ef5e7241ed970d551b51fef9581cd.jpg,D:\.Candra\Project\TA\02_data\raw\Sitting_posture.v17i.yolov8\train\labels\nghiengtrai_mp4-0170_jpg.rf.af8ef5e7241ed970d551b51fef9581cd.txt,1280,720,79661,a803aadad8aa3776aabdca6b92ee317a236ffef39574c8abbcd248b96f47560b,cccdccc88c889193,185.8455,508.0229,False,True,False,1,1,0,
train,D:\.Candra\Project\TA\02_data\raw\Sitting_posture.v17i.yolov8\train\images\nghiengtrai_mp4-0171_jpg.rf.99820ac17ac0006d70bd8a0f522b6d6e.jpg,train\images\nghiengtrai_mp4-0171_jpg.rf.99820ac17ac0006d70bd8a0f522b6d6e.jpg,D:\.Candra\Project\TA\02_data\raw\Sitting_posture.v17i.yolov8\train\labels\nghiengtrai_mp4-0171_jpg.rf.99820ac17ac0006d70bd8a0f522b6d6e.txt,1280,720,78907,7926f52303be8f21261eff75e0852e39e9c66eed71d82e52424190d1c9405937,cccdccc88c889193,185.9159,470.6853,False,True,False,1,1,0,
train,D:\.Candra\Project\TA\02_data\raw\Sitting_posture.v17i.yolov8\train\images\nghiengtrai_mp4-0176_jpg.rf.177797968842a997415a9eb95281c2fc.jpg,train\images\nghiengtrai_mp4-0176_jpg.rf.177797968842a997415a9eb95281c2fc.jpg,D:\.Candra\Project\TA\02_data\raw\Sitting_posture.v17i.yolov8\train\labels\nghiengtrai_mp4-0176_jpg.rf.177797968842a997415a9eb95281c2fc.txt,1280,720,77727,ecc4c6240972ab53a0e15589f4bc064d5c405ce28ae1c53f318ee0606a456619,cccdcccc8c889193,186.1561,453.1805,False,True,False,1,1,0,
train,D:\.Candra\Project\TA\02_data\raw\Sitting_posture.v17i.yolov8\train\images\nghiengtrai_mp4-0177_jpg.rf.86f9a0089c6a4c2e33a3f838be93beaf.jpg,train\images\nghiengtrai_mp4-0177_jpg.rf.86f9a0089c6a4c2e33a3f838be93beaf.jpg,D:\.Candra\Project\TA\02_data\raw\Sitting_posture.v17i.yolov8\train\labels\nghiengtrai_mp4-0177_jpg.rf.86f9a0089c6a4c2e33a3f838be93beaf.txt,1280,720,77711,fedeab838e7c227c27ae4d63f8ee552f90e3cebdf09d2ba87046a4785cbefdec,cccdcccc8c889193,186.1647,451.7357,False,True,False,1,1,0,
train,D:\.Candra\Project\TA\02_data\raw\Sitting_posture.v17i.yolov8\train\images\nghiengtrai_mp4-0179_jpg.rf.bcd63104038d56294c3c9e79009776b5.jpg,train\images\nghiengtrai_mp4-0179_jpg.rf.bcd63104038d56294c3c9e79009776b5.jpg,D:\.Candra\Project\TA\02_data\raw\Sitting_posture.v17i.yolov8\train\labels\nghiengtrai_mp4-0179_jpg.rf.bcd63104038d56294c3c9e79009776b5.txt,1280,720,77692,4ffa44fc3705aee065c4570f089faa093af5a4abcf04574e0898eade190fa6db,cccdcccc8c889193,186.1401,451.5121,False,True,False,1,1,0,
train,D:\.Candra\Project\TA\02_data\raw\Sitting_posture.v17i.yolov8\train\images\nghiengtrai_mp4-0180_jpg.rf.78bf38023b4cecf2121adfbd1fead9e7.jpg,train\images\nghiengtrai_mp4-0180_jpg.rf.78bf38023b4cecf2121adfbd1fead9e7.jpg,D:\.Candra\Project\TA\02_data\raw\Sitting_posture.v17i.yolov8\train\labels\nghiengtrai_mp4-0180_jpg.rf.78bf38023b4cecf2121adfbd1fead9e7.txt,1280,720,77749,3f91ea49511f55c8e7df0e91c3095f0c3d25242bf364ed52bb5c5b1b37befa83,cccccccc8c889193,186.1381,460.6393,False,True,False,1,1,0,
train,D:\.Candra\Project\TA\02_data\raw\Sitting_posture.v17i.yolov8\train\images\nghiengtrai_mp4-0184_jpg.rf.6c42ce80e30604836dc456a4f5d6eae4.jpg,train\images\nghiengtrai_mp4-0184_jpg.rf.6c42ce80e30604836dc456a4f5d6eae4.jpg,D:\.Candra\Project\TA\02_data\raw\Sitting_posture.v17i.yolov8\train\labels\nghiengtrai_mp4-0184_jpg.rf.6c42ce80e30604836dc456a4f5d6eae4.txt,1280,720,77851,4eed78d27fe53152f168465a394a759bdc311307edd63d4bc281437e99746006,8cc4cccc8c889193,185.0299,462.4925,False,True,False,1,1,0,
train,D:\.Candra\Project\TA\02_data\raw\Sitting_posture.v17i.yolov8\train\images\nghiengtrai_mp4-0187_jpg.rf.15fbf0c452dd14c6c6398c628e90915f.jpg,train\images\nghiengtrai_mp4-0187_jpg.rf.15fbf0c452dd14c6c6398c628e90915f.jpg,D:\.Candra\Project\TA\02_data\raw\Sitting_posture.v17i.yolov8\train\labels\nghiengtrai_mp4-0187_jpg.rf.15fbf0c452dd14c6c6398c628e90915f.txt,1280,720,77733,55ed97a8ee1a7cdb63d884038f5b478242cf306ad998144ce0f9391d15bff71e,8cc4c4cc8c889193,184.9707,455.5484,False,True,False,1,1,0,
train,D:\.Candra\Project\TA\02_data\raw\Sitting_posture.v17i.yolov8\train\images\nghiengtrai_mp4-0188_jpg.rf.3b8597b845934d0ceb69a77c87d5e60a.jpg,train\images\nghiengtrai_mp4-0188_jpg.rf.3b8597b845934d0ceb69a77c87d5e60a.jpg,D:\.Candra\Project\TA\02_data\raw\Sitting_posture.v17i.yolov8\train\labels\nghiengtrai_mp4-0188_jpg.rf.3b8597b845934d0ceb69a77c87d5e60a.txt,1280,720,78168,082ad1bab19418deba6574bbea6d79cc59a9cbce9fe4561e3a06b0d6ce85f995,8cc4c4cc8c889193,184.9613,466.1938,False,True,False,1,1,0,
train,D:\.Candra\Project\TA\02_data\raw\Sitting_posture.v17i.yolov8\train\images\nghiengtrai_mp4-0194_jpg.rf.77c590ced1eedeefe3b8a7d964b7648b.jpg,train\images\nghiengtrai_mp4-0194_jpg.rf.77c590ced1eedeefe3b8a7d964b7648b.jpg,D:\.Candra\Project\TA\02_data\raw\Sitting_posture.v17i.yolov8\train\labels\nghiengtrai_mp4-0194_jpg.rf.77c590ced1eedeefe3b8a7d964b7648b.txt,1280,720,78093,7f8152e820b8f5c72f9baf59f932342b07e9aa273a3102042c6a516729f7e0e0,ccc4c4cc8c889193,186.0781,465.7398,False,True,False,1,1,0,
train,D:\.Candra\Project\TA\02_data\raw\Sitting_posture.v17i.yolov8\train\images\nghiengtrai_mp4-0196_jpg.rf.9d8db2c9140d15dfcb276269eb8807fb.jpg,train\images\nghiengtrai_mp4-0196_jpg.rf.9d8db2c9140d15dfcb276269eb8807fb.jpg,D:\.Candra\Project\TA\02_data\raw\Sitting_posture.v17i.yolov8\train\labels\nghiengtrai_mp4-0196_jpg.rf.9d8db2c9140d15dfcb276269eb8807fb.txt,1280,720,78877,d08c4755bdc27ded1bb1e4df02f34c853fda0147cb74ef6706fc42b17327bf82,8cc4c4cc8c889193,186.2026,484.2881,False,True,False,1,1,0,
train,D:\.Candra\Project\TA\02_data\raw\Sitting_posture.v17i.yolov8\train\images\nghiengtrai_mp4-0197_jpg.rf.e26fb57fbbf0d34f030d759ef846174c.jpg,train\images\nghiengtrai_mp4-0197_jpg.rf.e26fb57fbbf0d34f030d759ef846174c.jpg,D:\.Candra\Project\TA\02_data\raw\Sitting_posture.v17i.yolov8\train\labels\nghiengtrai_mp4-0197_jpg.rf.e26fb57fbbf0d34f030d759ef846174c.txt,1280,720,78002,d4cce515d3679dbfaa99dae7dcafa040914abe088220bd0b069d8c63eca0f120,8cc4c4cc8c889193,186.1924,472.9057,False,True,False,1,1,0,
train,D:\.Candra\Project\TA\02_data\raw\Sitting_posture.v17i.yolov8\train\images\nghiengtrai_mp4-0201_jpg.rf.49526938d1995558f034f9382b3e70ae.jpg,train\images\nghiengtrai_mp4-0201_jpg.rf.49526938d1995558f034f9382b3e70ae.jpg,D:\.Candra\Project\TA\02_data\raw\Sitting_posture.v17i.yolov8\train\labels\nghiengtrai_mp4-0201_jpg.rf.49526938d1995558f034f9382b3e70ae.txt,1280,720,77432,d4cc7c00a9334abcf78f8a57026184323bb978a5e1fd13926878cf4898980cd0,8cc4c4cc8c889193,186.221,464.9103,False,True,False,1,1,0,
train,D:\.Candra\Project\TA\02_data\raw\Sitting_posture.v17i.yolov8\train\images\nghiengtrai_mp4-0202_jpg.rf.79ae7e8511a4e619e029cda5deb22430.jpg,train\images\nghiengtrai_mp4-0202_jpg.rf.79ae7e8511a4e619e029cda5deb22430.jpg,D:\.Candra\Project\TA\02_data\raw\Sitting_posture.v17i.yolov8\train\labels\nghiengtrai_mp4-0202_jpg.rf.79ae7e8511a4e619e029cda5deb22430.txt,1280,720,77608,e0bac08657ee86c68117cc0417d620319aeae5791bb59e328ec9d51d04a120f8,8cc4c4cc8c889193,186.2398,461.6833,False,True,False,1,1,0,
train,D:\.Candra\Project\TA\02_data\raw\Sitting_posture.v17i.yolov8\train\images\nghiengtrai_mp4-0204_jpg.rf.7ed27931c0bf9f5663742b155c3ea664.jpg,train\images\nghiengtrai_mp4-0204_jpg.rf.7ed27931c0bf9f5663742b155c3ea664.jpg,D:\.Candra\Project\TA\02_data\raw\Sitting_posture.v17i.yolov8\train\labels\nghiengtrai_mp4-0204_jpg.rf.7ed27931c0bf9f5663742b155c3ea664.txt,1280,720,77587,e1bceb10fd13dd19df7bdf268641013499fcee444dc4e7bcf89062c55f181534,8cc4c4cc8c889193,186.2083,461.7497,False,True,False,1,1,0,
train,D:\.Candra\Project\TA\02_data\raw\Sitting_posture.v17i.yolov8\train\images\nghiengtrai_mp4-0205_jpg.rf.fe319bbeb80d41465d164005781bbfe0.jpg,train\images\nghiengtrai_mp4-0205_jpg.rf.fe319bbeb80d41465d164005781bbfe0.jpg,D:\.Candra\Project\TA\02_data\raw\Sitting_posture.v17i.yolov8\train\labels\nghiengtrai_mp4-0205_jpg.rf.fe319bbeb80d41465d164005781bbfe0.txt,1280,720,77420,9412aaf4cfc0abce74c09fec97ba84ebb1cc7671ab533b90932257439e3ee7c9,8cc4c4cc8c889193,186.2247,455.1924,False,True,False,1,1,0,
train,D:\.Candra\Project\TA\02_data\raw\Sitting_posture.v17i.yolov8\train\images\nghiengtrai_mp4-0206_jpg.rf.74a9797f467549b5b6e32d491f3008c5.jpg,train\images\nghiengtrai_mp4-0206_jpg.rf.74a9797f467549b5b6e32d491f3008c5.jpg,D:\.Candra\Project\TA\02_data\raw\Sitting_posture.v17i.yolov8\train\labels\nghiengtrai_mp4-0206_jpg.rf.74a9797f467549b5b6e32d491f3008c5.txt,1280,720,76806,2c228b652c19ebb7df061846dacfd02ae1d5566d2f7274ef4ed6f6b6818c4d74,8c84c4cc8c889193,186.2448,438.3281,False,True,False,1,1,0,
train,D:\.Candra\Project\TA\02_data\raw\Sitting_posture.v17i.yolov8\train\images\nghiengtrai_mp4-0207_jpg.rf.a3e8fb105afa7953043f24b62d2b338e.jpg,train\images\nghiengtrai_mp4-0207_jpg.rf.a3e8fb105afa7953043f24b62d2b338e.jpg,D:\.Candra\Project\TA\02_data\raw\Sitting_posture.v17i.yolov8\train\labels\nghiengtrai_mp4-0207_jpg.rf.a3e8fb105afa7953043f24b62d2b338e.txt,1280,720,76843,976c37de8c81288c6faf49238e52b42688c92034f6328dbdbfc130a651dab1e5,8484c4cc8c889193,186.231,444.6358,False,True,False,1,1,0,
train,D:\.Candra\Project\TA\02_data\raw\Sitting_posture.v17i.yolov8\train\images\nghiengtrai_mp4-0208_jpg.rf.e63e0571ed0ef77116a131807b7f0fb1.jpg,train\images\nghiengtrai_mp4-0208_jpg.rf.e63e0571ed0ef77116a131807b7f0fb1.jpg,D:\.Candra\Project\TA\02_data\raw\Sitting_posture.v17i.yolov8\train\labels\nghiengtrai_mp4-0208_jpg.rf.e63e0571ed0ef77116a131807b7f0fb1.txt,1280,720,76880,dc4bccc9923b556cb15f8eaba5aa721e38b5ab9ce76b378b69bc9bd48bea0001,8486c6cc8c889193,186.2268,443.4337,False,True,False,1,1,0,
train,D:\.Candra\Project\TA\02_data\raw\Sitting_posture.v17i.yolov8\train\images\nghiengtrai_mp4-0209_jpg.rf.7b60b792172d2374691a74a0111d9b79.jpg,train\images\nghiengtrai_mp4-0209_jpg.rf.7b60b792172d2374691a74a0111d9b79.jpg,D:\.Candra\Project\TA\02_data\raw\Sitting_posture.v17i.yolov8\train\labels\nghiengtrai_mp4-0209_jpg.rf.7b60b792172d2374691a74a0111d9b79.txt,1280,720,76792,b0594a4e7aec10bee7c71be4d96242e26aa04c68b2fe7acad24861e1359577f5,8486c68c8c889193,186.2297,437.0439,False,True,False,1,1,0,
train,D:\.Candra\Project\TA\02_data\raw\Sitting_posture.v17i.yolov8\train\images\nghiengtrai_mp4-0210_jpg.rf.2efa135a8335e967f65ce97985180316.jpg,train\images\nghiengtrai_mp4-0210_jpg.rf.2efa135a8335e967f65ce97985180316.jpg,D:\.Candra\Project\TA\02_data\raw\Sitting_posture.v17i.yolov8\train\labels\nghiengtrai_mp4-0210_jpg.rf.2efa135a8335e967f65ce97985180316.txt,1280,720,76635,fd0bf5c6a974f3d572a5e9f0d7022fa839763fcaa3533f4fb50c89865d9553d0,8486c68c8c889193,186.097,441.8484,False,True,False,1,1,0,
train,D:\.Candra\Project\TA\02_data\raw\Sitting_posture.v17i.yolov8\train\images\nghiengtrai_mp4-0212_jpg.rf.8714ea3c1e22cda7cccfe8304267ef5d.jpg,train\images\nghiengtrai_mp4-0212_jpg.rf.8714ea3c1e22cda7cccfe8304267ef5d.jpg,D:\.Candra\Project\TA\02_data\raw\Sitting_posture.v17i.yolov8\train\labels\nghiengtrai_mp4-0212_jpg.rf.8714ea3c1e22cda7cccfe8304267ef5d.txt,1280,720,76812,995bff41eaaf5f22bf5d414ee740ce2093d0d94eb3e77f8d485b8cc096648fc0,8486c6ac8c889193,185.1775,455.4576,False,True,False,1,1,0,
train,D:\.Candra\Project\TA\02_data\raw\Sitting_posture.v17i.yolov8\train\images\nghiengtrai_mp4-0213_jpg.rf.10baaff3543dd23b80e71237fed2cb35.jpg,train\images\nghiengtrai_mp4-0213_jpg.rf.10baaff3543dd23b80e71237fed2cb35.jpg,D:\.Candra\Project\TA\02_data\raw\Sitting_posture.v17i.yolov8\train\labels\nghiengtrai_mp4-0213_jpg.rf.10baaff3543dd23b80e71237fed2cb35.txt,1280,720,76592,cf3eb9c23bd21a53fc662a39c90a098b53717b89eb9d7e476164171d580f828a,8486c6ac8c889193,185.0926,450.8882,False,True,False,1,1,0,
train,D:\.Candra\Project\TA\02_data\raw\Sitting_posture.v17i.yolov8\train\images\nghiengtrai_mp4-0214_jpg.rf.26906cba7280e63857602bdb7e26b88c.jpg,train\images\nghiengtrai_mp4-0214_jpg.rf.26906cba7280e63857602bdb7e26b88c.jpg,D:\.Candra\Project\TA\02_data\raw\Sitting_posture.v17i.yolov8\train\labels\nghiengtrai_mp4-0214_jpg.rf.26906cba7280e63857602bdb7e26b88c.txt,1280,720,76604,4c86ddd65a49bf825cb9b1a330cbcb158ce22ead7c93580fe2231b998a006639,8486c6ac8c889193,185.0614,451.9286,False,True,False,1,1,0,
train,D:\.Candra\Project\TA\02_data\raw\Sitting_posture.v17i.yolov8\train\images\nghiengtrai_mp4-0218_jpg.rf.02180fee85ad356458eb26d4e21fe61b.jpg,train\images\nghiengtrai_mp4-0218_jpg.rf.02180fee85ad356458eb26d4e21fe61b.jpg,D:\.Candra\Project\TA\02_data\raw\Sitting_posture.v17i.yolov8\train\labels\nghiengtrai_mp4-0218_jpg.rf.02180fee85ad356458eb26d4e21fe61b.txt,1280,720,77079,4e3c42688ae1a0f4a3d41d50d0ed8bb429a521a48f55f3ed330ec6ba9aa4d2c7,8486c6a48c889193,185.1194,455.5942,False,True,False,1,1,0,
train,D:\.Candra\Project\TA\02_data\raw\Sitting_posture.v17i.yolov8\train\images\nghiengtrai_mp4-0219_jpg.rf.ac3183a43ce0c4b7f9c136bde3d01df6.jpg,train\images\nghiengtrai_mp4-0219_jpg.rf.ac3183a43ce0c4b7f9c136bde3d01df6.jpg,D:\.Candra\Project\TA\02_data\raw\Sitting_posture.v17i.yolov8\train\labels\nghiengtrai_mp4-0219_jpg.rf.ac3183a43ce0c4b7f9c136bde3d01df6.txt,1280,720,77622,9d98abca6c281e658f041b3ee744928e2c32b09c418feab8b75a0d18d90ad01f,8486c6a48c889193,186.1006,505.4408,False,True,False,1,1,0,
train,D:\.Candra\Project\TA\02_data\raw\Sitting_posture.v17i.yolov8\train\images\nghiengtrai_mp4-0221_jpg.rf.8f12efbd7f114eee12c8c6d157a7eb6b.jpg,train\images\nghiengtrai_mp4-0221_jpg.rf.8f12efbd7f114eee12c8c6d157a7eb6b.jpg,D:\.Candra\Project\TA\02_data\raw\Sitting_posture.v17i.yolov8\train\labels\nghiengtrai_mp4-0221_jpg.rf.8f12efbd7f114eee12c8c6d157a7eb6b.txt,1280,720,76946,9c4b468c0343c8e418c2217b2dcd4fa310f192e6bd047e153756144105c37552,8486c6a48c889193,186.1196,464.1922,False,True,False,1,1,0,
train,D:\.Candra\Project\TA\02_data\raw\Sitting_posture.v17i.yolov8\train\images\nghiengtrai_mp4-0223_jpg.rf.539d1aa155dc0777463aa24e2c167ca1.jpg,train\images\nghiengtrai_mp4-0223_jpg.rf.539d1aa155dc0777463aa24e2c167ca1.jpg,D:\.Candra\Project\TA\02_data\raw\Sitting_posture.v17i.yolov8\train\labels\nghiengtrai_mp4-0223_jpg.rf.539d1aa155dc0777463aa24e2c167ca1.txt,1280,720,76681,9268639a466680a8f6bd859ffd38f49ad43a30c80a49b832f4464b2f47118315,8486c6a48c889193,186.1238,461.1547,False,True,False,1,1,0,
train,D:\.Candra\Project\TA\02_data\raw\Sitting_posture.v17i.yolov8\train\images\nghiengtrai_mp4-0225_jpg.rf.183114f269b7da9127639ccebd90aa23.jpg,train\images\nghiengtrai_mp4-0225_jpg.rf.183114f269b7da9127639ccebd90aa23.jpg,D:\.Candra\Project\TA\02_data\raw\Sitting_posture.v17i.yolov8\train\labels\nghiengtrai_mp4-0225_jpg.rf.183114f269b7da9127639ccebd90aa23.txt,1280,720,76679,e87ce2f131739a95ccffda8d02489627f17cdabeb4f4a4cacdae7e011fd61209,8486c6ac8c889193,186.1201,458.9496,False,True,False,1,1,0,
train,D:\.Candra\Project\TA\02_data\raw\Sitting_posture.v17i.yolov8\train\images\nghiengtrai_mp4-0226_jpg.rf.2202a6f73638a6ecb63ad747707fc55c.jpg,train\images\nghiengtrai_mp4-0226_jpg.rf.2202a6f73638a6ecb63ad747707fc55c.jpg,D:\.Candra\Project\TA\02_data\raw\Sitting_posture.v17i.yolov8\train\labels\nghiengtrai_mp4-0226_jpg.rf.2202a6f73638a6ecb63ad747707fc55c.txt,1280,720,76748,849abe70932f5c68de22a5438c5048586ffe587aadc2685f77624543100fa78b,8486c6ac8c889193,186.1318,454.8355,False,True,False,1,1,0,
train,D:\.Candra\Project\TA\02_data\raw\Sitting_posture.v17i.yolov8\train\images\nghiengtrai_mp4-0227_jpg.rf.6e751b3f8c8abf64164678364169520c.jpg,train\images\nghiengtrai_mp4-0227_jpg.rf.6e751b3f8c8abf64164678364169520c.jpg,D:\.Candra\Project\TA\02_data\raw\Sitting_posture.v17i.yolov8\train\labels\nghiengtrai_mp4-0227_jpg.rf.6e751b3f8c8abf64164678364169520c.txt,1280,720,76942,aca6da0cf6cabdda62048e9435aff379e5e7b21f96de92f5a29c452c5a621a90,8486c6ac8c889193,186.1554,457.537,False,True,False,1,1,0,
train,D:\.Candra\Project\TA\02_data\raw\Sitting_posture.v17i.yolov8\train\images\nghiengtrai_mp4-0228_jpg.rf.b52a97aaff1eeb8ebcec2b6bdba6cab1.jpg,train\images\nghiengtrai_mp4-0228_jpg.rf.b52a97aaff1eeb8ebcec2b6bdba6cab1.jpg,D:\.Candra\Project\TA\02_data\raw\Sitting_posture.v17i.yolov8\train\labels\nghiengtrai_mp4-0228_jpg.rf.b52a97aaff1eeb8ebcec2b6bdba6cab1.txt,1280,720,76898,d9f163908187b35d260bd16c2223a9ada36e49a57a543411941ce17b2839eba4,8486c6ac8c889193,186.1636,455.244,False,True,False,1,1,0,
train,D:\.Candra\Project\TA\02_data\raw\Sitting_posture.v17i.yolov8\train\images\nghiengtrai_mp4-0229_jpg.rf.6073362389de30c661455cb6509192ea.jpg,train\images\nghiengtrai_mp4-0229_jpg.rf.6073362389de30c661455cb6509192ea.jpg,D:\.Candra\Project\TA\02_data\raw\Sitting_posture.v17i.yolov8\train\labels\nghiengtrai_mp4-0229_jpg.rf.6073362389de30c661455cb6509192ea.txt,1280,720,77100,e7e35528857ddbefbd151cad767ab0775a8e218f03dc8d6d03fc598c0c4cc669,8486c6ac8c889193,186.1561,458.2842,False,True,False,1,1,0,
train,D:\.Candra\Project\TA\02_data\raw\Sitting_posture.v17i.yolov8\train\images\nghiengtrai_mp4-0231_jpg.rf.8b0ec916a72a5fde8dbab5db3bec2dc1.jpg,train\images\nghiengtrai_mp4-0231_jpg.rf.8b0ec916a72a5fde8dbab5db3bec2dc1.jpg,D:\.Candra\Project\TA\02_data\raw\Sitting_posture.v17i.yolov8\train\labels\nghiengtrai_mp4-0231_jpg.rf.8b0ec916a72a5fde8dbab5db3bec2dc1.txt,1280,720,76495,e11e31b3891ad51ad8ee8b7d6ca2d4ba166f4500d81d4f3a173b190c496f8d2c,8486c6ac8c889193,186.2009,436.6903,False,True,False,1,1,0,
train,D:\.Candra\Project\TA\02_data\raw\Sitting_posture.v17i.yolov8\train\images\nghiengtrai_mp4-0232_jpg.rf.dc6121fcb6716ed9ac17bddd375a518d.jpg,train\images\nghiengtrai_mp4-0232_jpg.rf.dc6121fcb6716ed9ac17bddd375a518d.jpg,D:\.Candra\Project\TA\02_data\raw\Sitting_posture.v17i.yolov8\train\labels\nghiengtrai_mp4-0232_jpg.rf.dc6121fcb6716ed9ac17bddd375a518d.txt,1280,720,76678,6c51cf7060e49dce68bae07adf5b5caf71a5a91d5553f7a600e4604cf89edbef,8486c6ac8c889193,186.189,445.7445,False,True,False,1,1,0,
train,D:\.Candra\Project\TA\02_data\raw\Sitting_posture.v17i.yolov8\train\images\nghiengtrai_mp4-0234_jpg.rf.be14b1e65dc60bfff58b3a6971dbf921.jpg,train\images\nghiengtrai_mp4-0234_jpg.rf.be14b1e65dc60bfff58b3a6971dbf921.jpg,D:\.Candra\Project\TA\02_data\raw\Sitting_posture.v17i.yolov8\train\labels\nghiengtrai_mp4-0234_jpg.rf.be14b1e65dc60bfff58b3a6971dbf921.txt,1280,720,77295,3e057b474d10cacb8075d316518ac7482771529ef8a26cb1276d0561fb54a1bd,8486c48c8c889193,186.1413,454.1819,False,True,False,1,1,0,
train,D:\.Candra\Project\TA\02_data\raw\Sitting_posture.v17i.yolov8\train\images\nghiengtrai_mp4-0235_jpg.rf.8c8a4023a50867fd3121a986185fa01c.jpg,train\images\nghiengtrai_mp4-0235_jpg.rf.8c8a4023a50867fd3121a986185fa01c.jpg,D:\.Candra\Project\TA\02_data\raw\Sitting_posture.v17i.yolov8\train\labels\nghiengtrai_mp4-0235_jpg.rf.8c8a4023a50867fd3121a986185fa01c.txt,1280,720,77316,25a67307c01a2e870cb0fa1d20dac2f309eb57fea103bf06655c2be7288afcaa,8484c48c8c889193,186.1422,449.1809,False,True,False,1,1,0,
train,D:\.Candra\Project\TA\02_data\raw\Sitting_posture.v17i.yolov8\train\images\nghiengtrai_mp4-0237_jpg.rf.40e4743b5c47193c2a2b945102ca424c.jpg,train\images\nghiengtrai_mp4-0237_jpg.rf.40e4743b5c47193c2a2b945102ca424c.jpg,D:\.Candra\Project\TA\02_data\raw\Sitting_posture.v17i.yolov8\train\labels\nghiengtrai_mp4-0237_jpg.rf.40e4743b5c47193c2a2b945102ca424c.txt,1280,720,77432,1511c286e44147dac9cb88e44516c08063e2eb4c8311f6d55aacb3f3d9a0089a,8cc4c4cc8c889193,186.1481,450.9806,False,True,False,1,1,0,
train,D:\.Candra\Project\TA\02_data\raw\Sitting_posture.v17i.yolov8\train\images\nghiengtrai_mp4-0238_jpg.rf.ecbe9adfbb6f76f5b7b44b3b12a38a50.jpg,train\images\nghiengtrai_mp4-0238_jpg.rf.ecbe9adfbb6f76f5b7b44b3b12a38a50.jpg,D:\.Candra\Project\TA\02_data\raw\Sitting_posture.v17i.yolov8\train\labels\nghiengtrai_mp4-0238_jpg.rf.ecbe9adfbb6f76f5b7b44b3b12a38a50.txt,1280,720,77531,2eca1f9ba9b481df4bb8a9d6583f5a5b4b49fc48fba2e3c8032856577de4a60f,8cc4c4cc8c889193,186.1191,455.9095,False,True,False,1,1,0,
train,D:\.Candra\Project\TA\02_data\raw\Sitting_posture.v17i.yolov8\train\images\nghiengtrai_mp4-0241_jpg.rf.98002a2ce33f146c7d99cea3e37c3978.jpg,train\images\nghiengtrai_mp4-0241_jpg.rf.98002a2ce33f146c7d99cea3e37c3978.jpg,D:\.Candra\Project\TA\02_data\raw\Sitting_posture.v17i.yolov8\train\labels\nghiengtrai_mp4-0241_jpg.rf.98002a2ce33f146c7d99cea3e37c3978.txt,1280,720,77891,5a9ef95628439418b73a7db2df62908174a2d37098fb42bd179582224134893c,8ccdcccc8c889193,186.0889,453.1048,False,True,False,1,1,0,
train,D:\.Candra\Project\TA\02_data\raw\Sitting_posture.v17i.yolov8\train\images\nghiengtrai_mp4-0243_jpg.rf.781f641b33525afdf827c486e2818d9f.jpg,train\images\nghiengtrai_mp4-0243_jpg.rf.781f641b33525afdf827c486e2818d9f.jpg,D:\.Candra\Project\TA\02_data\raw\Sitting_posture.v17i.yolov8\train\labels\nghiengtrai_mp4-0243_jpg.rf.781f641b33525afdf827c486e2818d9f.txt,1280,720,78923,a02990fa6fef2f5c4d174030e61fc171e40cf88ed7550ad6fa8f7497d007435d,cccdcccc8c889193,185.9424,498.0746,False,True,False,1,1,0,
train,D:\.Candra\Project\TA\02_data\raw\Sitting_posture.v17i.yolov8\train\images\nghiengtrai_mp4-0245_jpg.rf.4698733507664b3596ea869d3afc47af.jpg,train\images\nghiengtrai_mp4-0245_jpg.rf.4698733507664b3596ea869d3afc47af.jpg,D:\.Candra\Project\TA\02_data\raw\Sitting_posture.v17i.yolov8\train\labels\nghiengtrai_mp4-0245_jpg.rf.4698733507664b3596ea869d3afc47af.txt,1280,720,78919,8edc4583738b698b9e67335da9eeb9e26c2d5bd3a4b1df8a3b9d5ea178f95b07,cccdccc88c889193,185.7991,456.3776,False,True,False,1,1,0,
train,D:\.Candra\Project\TA\02_data\raw\Sitting_posture.v17i.yolov8\train\images\nghiengtrai_mp4-0247_jpg.rf.447ad7cb87ee7856d9b04c492a990734.jpg,train\images\nghiengtrai_mp4-0247_jpg.rf.447ad7cb87ee7856d9b04c492a990734.jpg,D:\.Candra\Project\TA\02_data\raw\Sitting_posture.v17i.yolov8\train\labels\nghiengtrai_mp4-0247_jpg.rf.447ad7cb87ee7856d9b04c492a990734.txt,1280,720,79184,5d301ac6f5115df941ddd1e8578ac2c42bdd8fa7d2cf0f9961b7e6e8069832fc,ccccccc88c889193,185.7488,469.2172,False,True,False,1,1,0,
train,D:\.Candra\Project\TA\02_data\raw\Sitting_posture.v17i.yolov8\train\images\nghiengtrai_mp4-0250_jpg.rf.c38a0ad1d5e0fff5a105370c4891d8b9.jpg,train\images\nghiengtrai_mp4-0250_jpg.rf.c38a0ad1d5e0fff5a105370c4891d8b9.jpg,D:\.Candra\Project\TA\02_data\raw\Sitting_posture.v17i.yolov8\train\labels\nghiengtrai_mp4-0250_jpg.rf.c38a0ad1d5e0fff5a105370c4891d8b9.txt,1280,720,79023,05e33a08be617a24201ec449eea4d5bd410ae4eb1c2ede8dd1aa367ff0d312a0,ccccccc88c889193,185.7687,476.9066,False,True,False,1,1,0,
train,D:\.Candra\Project\TA\02_data\raw\Sitting_posture.v17i.yolov8\train\images\nghiengtrai_mp4-0252_jpg.rf.9a0ada7b7d1eca277546f373d6689268.jpg,train\images\nghiengtrai_mp4-0252_jpg.rf.9a0ada7b7d1eca277546f373d6689268.jpg,D:\.Candra\Project\TA\02_data\raw\Sitting_posture.v17i.yolov8\train\labels\nghiengtrai_mp4-0252_jpg.rf.9a0ada7b7d1eca277546f373d6689268.txt,1280,720,79000,c6361074299380243dc05cc659aef9297eb435b88cacb62959de42137884bc1b,ccccccc88c889193,185.6875,468.445,False,True,False,1,1,0,
train,D:\.Candra\Project\TA\02_data\raw\Sitting_posture.v17i.yolov8\train\images\WIN_20251004_11_39_25_Pro_mp4-0002_jpg.rf.3a42fe7325246a7468c736f58c721b9b.jpg,train\images\WIN_20251004_11_39_25_Pro_mp4-0002_jpg.rf.3a42fe7325246a7468c736f58c721b9b.jpg,D:\.Candra\Project\TA\02_data\raw\Sitting_posture.v17i.yolov8\train\labels\WIN_20251004_11_39_25_Pro_mp4-0002_jpg.rf.3a42fe7325246a7468c736f58c721b9b.txt,1280,720,66918,ae1b8cb0e94e06a7feacf3d2ea928c3f3fc86bacb9d06e1c4a1427d1517398dd,11100d0d0d4d4367,135.071,294.651,False,True,False,1,1,0,
train,D:\.Candra\Project\TA\02_data\raw\Sitting_posture.v17i.yolov8\train\images\WIN_20251004_11_39_25_Pro_mp4-0004_jpg.rf.ff56f4432c6d029c370db28ff8f4f79e.jpg,train\images\WIN_20251004_11_39_25_Pro_mp4-0004_jpg.rf.ff56f4432c6d029c370db28ff8f4f79e.jpg,D:\.Candra\Project\TA\02_data\raw\Sitting_posture.v17i.yolov8\train\labels\WIN_20251004_11_39_25_Pro_mp4-0004_jpg.rf.ff56f4432c6d029c370db28ff8f4f79e.txt,1280,720,65884,42a0cb7ca3e1ab123e6a1e4abd8b7b4e6137e044c3e83bc081e3e3992b142e9f,11100d0d0d4d4367,135.1282,293.869,False,True,False,1,1,0,
train,D:\.Candra\Project\TA\02_data\raw\Sitting_posture.v17i.yolov8\train\images\WIN_20251004_11_39_25_Pro_mp4-0015_jpg.rf.1dad4c2c323e5040c47e1fdb39238933.jpg,train\images\WIN_20251004_11_39_25_Pro_mp4-0015_jpg.rf.1dad4c2c323e5040c47e1fdb39238933.jpg,D:\.Candra\Project\TA\02_data\raw\Sitting_posture.v17i.yolov8\train\labels\WIN_20251004_11_39_25_Pro_mp4-0015_jpg.rf.1dad4c2c323e5040c47e1fdb39238933.txt,1280,720,65753,b3d328ab73ea7af74105d0eacc249343c41cc677a624b9ac6a7e0d280eb63465,11100d0d0d4d4367,135.6195,296.2465,False,True,False,1,1,0,
train,D:\.Candra\Project\TA\02_data\raw\Sitting_posture.v17i.yolov8\train\images\WIN_20251004_11_39_25_Pro_mp4-0025_jpg.rf.bced595416f2e17837e8aaddceb9c330.jpg,train\images\WIN_20251004_11_39_25_Pro_mp4-0025_jpg.rf.bced595416f2e17837e8aaddceb9c330.jpg,D:\.Candra\Project\TA\02_data\raw\Sitting_posture.v17i.yolov8\train\labels\WIN_20251004_11_39_25_Pro_mp4-0025_jpg.rf.bced595416f2e17837e8aaddceb9c330.txt,1280,720,65537,876a8feba76fa8abf48342fc5ee122fcbc45ea9404a9261659dc83ad3670178a,11100d0d0d4d4367,136.4952,298.0711,False,True,False,1,1,0,
train,D:\.Candra\Project\TA\02_data\raw\Sitting_posture.v17i.yolov8\train\images\WIN_20251004_11_39_25_Pro_mp4-0027_jpg.rf.f631a7be51e5daa30dc7b063e0c961f0.jpg,train\images\WIN_20251004_11_39_25_Pro_mp4-0027_jpg.rf.f631a7be51e5daa30dc7b063e0c961f0.jpg,D:\.Candra\Project\TA\02_data\raw\Sitting_posture.v17i.yolov8\train\labels\WIN_20251004_11_39_25_Pro_mp4-0027_jpg.rf.f631a7be51e5daa30dc7b063e0c961f0.txt,1280,720,65837,14ed3e4ec8d4f1250ea52e12ca2f2f75899acdef4d4beb04ba5f646d326e4483,11100d0d0d4d4367,136.5828,296.65,False,True,False,1,1,0,
train,D:\.Candra\Project\TA\02_data\raw\Sitting_posture.v17i.yolov8\train\images\WIN_20251004_11_39_25_Pro_mp4-0031_jpg.rf.b2ad7da904164fcda65ffe90439599af.jpg,train\images\WIN_20251004_11_39_25_Pro_mp4-0031_jpg.rf.b2ad7da904164fcda65ffe90439599af.jpg,D:\.Candra\Project\TA\02_data\raw\Sitting_posture.v17i.yolov8\train\labels\WIN_20251004_11_39_25_Pro_mp4-0031_jpg.rf.b2ad7da904164fcda65ffe90439599af.txt,1280,720,65653,61148fc1c1b9b53b7e241915dafb8e80bbd5c38417dcdeaf3fc00ebc69770914,1110090d0d4d4b67,136.9708,297.5722,False,True,False,1,1,0,
train,D:\.Candra\Project\TA\02_data\raw\Sitting_posture.v17i.yolov8\train\images\WIN_20251004_11_39_25_Pro_mp4-0038_jpg.rf.00ff1e9da47554d8a6c2d2dabf904202.jpg,train\images\WIN_20251004_11_39_25_Pro_mp4-0038_jpg.rf.00ff1e9da47554d8a6c2d2dabf904202.jpg,D:\.Candra\Project\TA\02_data\raw\Sitting_posture.v17i.yolov8\train\labels\WIN_20251004_11_39_25_Pro_mp4-0038_jpg.rf.00ff1e9da47554d8a6c2d2dabf904202.txt,1280,720,64814,4744805faf73be91f3ed5c15405acd49708904979b8916f22c78823b8632391e,111009190d4d4b6f,137.8574,285.047,False,True,False,1,1,0,
train,D:\.Candra\Project\TA\02_data\raw\Sitting_posture.v17i.yolov8\train\images\WIN_20251004_11_39_25_Pro_mp4-0039_jpg.rf.c1506e5fffd901278b91ef51183b70f9.jpg,train\images\WIN_20251004_11_39_25_Pro_mp4-0039_jpg.rf.c1506e5fffd901278b91ef51183b70f9.jpg,D:\.Candra\Project\TA\02_data\raw\Sitting_posture.v17i.yolov8\train\labels\WIN_20251004_11_39_25_Pro_mp4-0039_jpg.rf.c1506e5fffd901278b91ef51183b70f9.txt,1280,720,64825,bffbfd8a3e956bc22df089dc7088d4ea290269afcc19922884a73ad20273e262,11101919194d4b6f,137.9903,287.495,False,True,False,1,1,0,
train,D:\.Candra\Project\TA\02_data\raw\Sitting_posture.v17i.yolov8\train\images\WIN_20251004_11_39_25_Pro_mp4-0042_jpg.rf.282434b26e6c0d813d3c1ac84392035d.jpg,train\images\WIN_20251004_11_39_25_Pro_mp4-0042_jpg.rf.282434b26e6c0d813d3c1ac84392035d.jpg,D:\.Candra\Project\TA\02_data\raw\Sitting_posture.v17i.yolov8\train\labels\WIN_20251004_11_39_25_Pro_mp4-0042_jpg.rf.282434b26e6c0d813d3c1ac84392035d.txt,1280,720,65693,1b63fb0faff18cff4bbcafa1d2ecb0217e54972b08a8bfe93b0b379459df8608,11101919194d4b6f,138.3409,284.3146,False,True,False,1,1,0,
train,D:\.Candra\Project\TA\02_data\raw\Sitting_posture.v17i.yolov8\train\images\WIN_20251004_11_39_25_Pro_mp4-0052_jpg.rf.7cf59bcc69fbbdafa1e8d310a8772db3.jpg,train\images\WIN_20251004_11_39_25_Pro_mp4-0052_jpg.rf.7cf59bcc69fbbdafa1e8d310a8772db3.jpg,D:\.Candra\Project\TA\02_data\raw\Sitting_posture.v17i.yolov8\train\labels\WIN_20251004_11_39_25_Pro_mp4-0052_jpg.rf.7cf59bcc69fbbdafa1e8d310a8772db3.txt,1280,720,64606,531f076edc661887a5c7aa0e020b65b575daebd699ce9efd90ade040e10c3453,11001919194d4b6f,139.3791,284.3624,False,True,False,1,1,0,
train,D:\.Candra\Project\TA\02_data\raw\Sitting_posture.v17i.yolov8\train\images\WIN_20251004_11_39_25_Pro_mp4-0055_jpg.rf.1bc3040c8e917e21d3cfdc79e509cf7a.jpg,train\images\WIN_20251004_11_39_25_Pro_mp4-0055_jpg.rf.1bc3040c8e917e21d3cfdc79e509cf7a.jpg,D:\.Candra\Project\TA\02_data\raw\Sitting_posture.v17i.yolov8\train\labels\WIN_20251004_11_39_25_Pro_mp4-0055_jpg.rf.1bc3040c8e917e21d3cfdc79e509cf7a.txt,1280,720,64898,2e435884af4eac6b3af7eab00ce7349294706e78d90fea2ce04bc76f335344ca,11001919194d4b6f,139.7755,288.4055,False,True,False,1,1,0,
train,D:\.Candra\Project\TA\02_data\raw\Sitting_posture.v17i.yolov8\train\images\WIN_20251004_11_39_25_Pro_mp4-0063_jpg.rf.1b07e859c84938ff6646533428da9c4f.jpg,train\images\WIN_20251004_11_39_25_Pro_mp4-0063_jpg.rf.1b07e859c84938ff6646533428da9c4f.jpg,D:\.Candra\Project\TA\02_data\raw\Sitting_posture.v17i.yolov8\train\labels\WIN_20251004_11_39_25_Pro_mp4-0063_jpg.rf.1b07e859c84938ff6646533428da9c4f.txt,1280,720,64584,87a6d372c955af8f30b0cabef8bfad0e70e1960ca90d9c8ea15f8eba44d0f4bc,11001919194d4b6f,140.1312,287.1602,False,True,False,1,1,0,
train,D:\.Candra\Project\TA\02_data\raw\Sitting_posture.v17i.yolov8\train\images\WIN_20251004_11_39_25_Pro_mp4-0069_jpg.rf.918b5403e781207b258eba596d760f8b.jpg,train\images\WIN_20251004_11_39_25_Pro_mp4-0069_jpg.rf.918b5403e781207b258eba596d760f8b.jpg,D:\.Candra\Project\TA\02_data\raw\Sitting_posture.v17i.yolov8\train\labels\WIN_20251004_11_39_25_Pro_mp4-0069_jpg.rf.918b5403e781207b258eba596d760f8b.txt,1280,720,65391,791f258e34cdfbb4eecf73a4c1c5847e667cf89dc1feffb2c22e447836885103,111009090d4d4b6f,139.7638,288.1813,False,True,False,1,1,0,
train,D:\.Candra\Project\TA\02_data\raw\Sitting_posture.v17i.yolov8\train\images\WIN_20251004_11_39_25_Pro_mp4-0074_jpg.rf.5badb10f6b1e5770956b66ca16e9ddb0.jpg,train\images\WIN_20251004_11_39_25_Pro_mp4-0074_jpg.rf.5badb10f6b1e5770956b66ca16e9ddb0.jpg,D:\.Candra\Project\TA\02_data\raw\Sitting_posture.v17i.yolov8\train\labels\WIN_20251004_11_39_25_Pro_mp4-0074_jpg.rf.5badb10f6b1e5770956b66ca16e9ddb0.txt,1280,720,66022,03cbfa2ce0141300034413af9cd3c6987f449f832ed1737bb5f657d912d6a49a,11100d0d0d4d4367,139.4088,304.7687,False,True,False,1,1,0,
train,D:\.Candra\Project\TA\02_data\raw\Sitting_posture.v17i.yolov8\train\images\WIN_20251004_11_39_25_Pro_mp4-0075_jpg.rf.02655183a22743769b6d011285f4730d.jpg,train\images\WIN_20251004_11_39_25_Pro_mp4-0075_jpg.rf.02655183a22743769b6d011285f4730d.jpg,D:\.Candra\Project\TA\02_data\raw\Sitting_posture.v17i.yolov8\train\labels\WIN_20251004_11_39_25_Pro_mp4-0075_jpg.rf.02655183a22743769b6d011285f4730d.txt,1280,720,66201,57bdb025da001a38fa648c8b50de65674cd425e4528bd58cf1d0fa652a911f3a,11100d0d0d4d4367,139.4466,299.7309,False,True,False,1,1,0,
train,D:\.Candra\Project\TA\02_data\raw\Sitting_posture.v17i.yolov8\train\images\WIN_20251004_11_39_25_Pro_mp4-0076_jpg.rf.ce6b44c7c307243a1b563119229f224d.jpg,train\images\WIN_20251004_11_39_25_Pro_mp4-0076_jpg.rf.ce6b44c7c307243a1b563119229f224d.jpg,D:\.Candra\Project\TA\02_data\raw\Sitting_posture.v17i.yolov8\train\labels\WIN_20251004_11_39_25_Pro_mp4-0076_jpg.rf.ce6b44c7c307243a1b563119229f224d.txt,1280,720,66041,942531b06827ed4c3cab514ef173c51ce099bf52cdf2e3496ccb215e003411d7,11100d0d0d4d4367,139.4656,301.0565,False,True,False,1,1,0,
train,D:\.Candra\Project\TA\02_data\raw\Sitting_posture.v17i.yolov8\train\images\WIN_20251004_11_39_25_Pro_mp4-0078_jpg.rf.390544b417e1ae9d8dac70d9292554ca.jpg,train\images\WIN_20251004_11_39_25_Pro_mp4-0078_jpg.rf.390544b417e1ae9d8dac70d9292554ca.jpg,D:\.Candra\Project\TA\02_data\raw\Sitting_posture.v17i.yolov8\train\labels\WIN_20251004_11_39_25_Pro_mp4-0078_jpg.rf.390544b417e1ae9d8dac70d9292554ca.txt,1280,720,66147,7310cc7ee2892525d6297559fd91895e7999f8dd9f4c16c7f3f6e066ecd75cf6,11100d0d0d4d4367,139.4875,300.9811,False,True,False,1,1,0,
train,D:\.Candra\Project\TA\02_data\raw\Sitting_posture.v17i.yolov8\train\images\WIN_20251004_11_39_25_Pro_mp4-0080_jpg.rf.5c921dd4943bc892add9951be31b71b1.jpg,train\images\WIN_20251004_11_39_25_Pro_mp4-0080_jpg.rf.5c921dd4943bc892add9951be31b71b1.jpg,D:\.Candra\Project\TA\02_data\raw\Sitting_posture.v17i.yolov8\train\labels\WIN_20251004_11_39_25_Pro_mp4-0080_jpg.rf.5c921dd4943bc892add9951be31b71b1.txt,1280,720,66403,25ec11649c6c1d4b7c51644c196ff80c015c8cd91260898bbbee54a4ef4bf771,11100d0d0d4d4367,139.6864,300.4128,False,True,False,1,1,0,
train,D:\.Candra\Project\TA\02_data\raw\Sitting_posture.v17i.yolov8\train\images\WIN_20251004_11_39_25_Pro_mp4-0081_jpg.rf.f5a02acafe172a5c932d3cdbabd69dd6.jpg,train\images\WIN_20251004_11_39_25_Pro_mp4-0081_jpg.rf.f5a02acafe172a5c932d3cdbabd69dd6.jpg,D:\.Candra\Project\TA\02_data\raw\Sitting_posture.v17i.yolov8\train\labels\WIN_20251004_11_39_25_Pro_mp4-0081_jpg.rf.f5a02acafe172a5c932d3cdbabd69dd6.txt,1280,720,66323,29836cd3d4c2952d2bb1053adfe4ac9965cc8f416f2b8e7cf1b8d602ed477da7,11100d0d0d4d4367,139.6743,304.2905,False,True,False,1,1,0,
train,D:\.Candra\Project\TA\02_data\raw\Sitting_posture.v17i.yolov8\train\images\WIN_20251004_11_39_25_Pro_mp4-0082_jpg.rf.1d4c49b903895a2ef0712a2b81960777.jpg,train\images\WIN_20251004_11_39_25_Pro_mp4-0082_jpg.rf.1d4c49b903895a2ef0712a2b81960777.jpg,D:\.Candra\Project\TA\02_data\raw\Sitting_posture.v17i.yolov8\train\labels\WIN_20251004_11_39_25_Pro_mp4-0082_jpg.rf.1d4c49b903895a2ef0712a2b81960777.txt,1280,720,66282,3313e840fb8ade87c6a1f09f2aa8c8f5273cc63550c778913d4fb61ff9cc9a6d,11100d0d0d4d4367,139.7253,303.479,False,True,False,1,1,0,
train,D:\.Candra\Project\TA\02_data\raw\Sitting_posture.v17i.yolov8\train\images\WIN_20251004_11_39_25_Pro_mp4-0084_jpg.rf.30931a3ab2400d15132614e355534835.jpg,train\images\WIN_20251004_11_39_25_Pro_mp4-0084_jpg.rf.30931a3ab2400d15132614e355534835.jpg,D:\.Candra\Project\TA\02_data\raw\Sitting_posture.v17i.yolov8\train\labels\WIN_20251004_11_39_25_Pro_mp4-0084_jpg.rf.30931a3ab2400d15132614e355534835.txt,1280,720,66445,4dfcb3c88c8072b8aa8564de0ec064cf99629e2f20b340f1ae801cd1a38aa8d9,11100d0d0d454367,139.7749,301.6496,False,True,False,1,1,0,
train,D:\.Candra\Project\TA\02_data\raw\Sitting_posture.v17i.yolov8\train\images\WIN_20251004_11_39_25_Pro_mp4-0086_jpg.rf.fcf91e6cf99201852b251a8060671173.jpg,train\images\WIN_20251004_11_39_25_Pro_mp4-0086_jpg.rf.fcf91e6cf99201852b251a8060671173.jpg,D:\.Candra\Project\TA\02_data\raw\Sitting_posture.v17i.yolov8\train\labels\WIN_20251004_11_39_25_Pro_mp4-0086_jpg.rf.fcf91e6cf99201852b251a8060671173.txt,1280,720,66322,416deaab13b4b29917feca6b4192dca3297f43f93001c7015148c5839a11d922,11100d0d0d454367,139.7591,302.9642,False,True,False,1,1,0,
train,D:\.Candra\Project\TA\02_data\raw\Sitting_posture.v17i.yolov8\train\images\WIN_20251004_11_39_25_Pro_mp4-0095_jpg.rf.d39e1999ab71eaa41c34080cb718811a.jpg,train\images\WIN_20251004_11_39_25_Pro_mp4-0095_jpg.rf.d39e1999ab71eaa41c34080cb718811a.jpg,D:\.Candra\Project\TA\02_data\raw\Sitting_posture.v17i.yolov8\train\labels\WIN_20251004_11_39_25_Pro_mp4-0095_jpg.rf.d39e1999ab71eaa41c34080cb718811a.txt,1280,720,67677,193717da90cb04a367045f5929da3409d441dc7be1cd44637cccd8f0248f8344,11100d0d0d454367,139.8682,303.3666,False,True,False,1,1,0,
train,D:\.Candra\Project\TA\02_data\raw\Sitting_posture.v17i.yolov8\train\images\WIN_20251004_11_39_25_Pro_mp4-0096_jpg.rf.4e192af3cb3ac19e05b62ecfe55daf12.jpg,train\images\WIN_20251004_11_39_25_Pro_mp4-0096_jpg.rf.4e192af3cb3ac19e05b62ecfe55daf12.jpg,D:\.Candra\Project\TA\02_data\raw\Sitting_posture.v17i.yolov8\train\labels\WIN_20251004_11_39_25_Pro_mp4-0096_jpg.rf.4e192af3cb3ac19e05b62ecfe55daf12.txt,1280,720,66610,0ad819908ac4f80a1ecc4ece0dffc8e287bbef79e3d64b912f73e14b677ebc94,11100d0d0d454367,139.9273,302.6217,False,True,False,1,1,0,
train,D:\.Candra\Project\TA\02_data\raw\Sitting_posture.v17i.yolov8\train\images\WIN_20251004_11_39_25_Pro_mp4-0101_jpg.rf.4a7df74fc6d8034e708920c450d43f6b.jpg,train\images\WIN_20251004_11_39_25_Pro_mp4-0101_jpg.rf.4a7df74fc6d8034e708920c450d43f6b.jpg,D:\.Candra\Project\TA\02_data\raw\Sitting_posture.v17i.yolov8\train\labels\WIN_20251004_11_39_25_Pro_mp4-0101_jpg.rf.4a7df74fc6d8034e708920c450d43f6b.txt,1280,720,67343,7059644310e896c860f389c715b023bf35f273bd306d7aac8ceb53b25b273d3c,11100d0d0d4d4367,139.5238,302.8219,False,True,False,1,1,0,
train,D:\.Candra\Project\TA\02_data\raw\Sitting_posture.v17i.yolov8\train\images\WIN_20251004_11_39_25_Pro_mp4-0102_jpg.rf.084f190722cae2037bbf660c64a33a57.jpg,train\images\WIN_20251004_11_39_25_Pro_mp4-0102_jpg.rf.084f190722cae2037bbf660c64a33a57.jpg,D:\.Candra\Project\TA\02_data\raw\Sitting_posture.v17i.yolov8\train\labels\WIN_20251004_11_39_25_Pro_mp4-0102_jpg.rf.084f190722cae2037bbf660c64a33a57.txt,1280,720,66353,1600a11fe8f0211a3fc5c5528af52d098155dc32704517c167866b238286fb6d,11100d0d0d4d4367,139.5085,306.0312,False,True,False,1,1,0,
train,D:\.Candra\Project\TA\02_data\raw\Sitting_posture.v17i.yolov8\train\images\WIN_20251004_11_39_25_Pro_mp4-0107_jpg.rf.a5c5a595891c5448a947da5299e7fb05.jpg,train\images\WIN_20251004_11_39_25_Pro_mp4-0107_jpg.rf.a5c5a595891c5448a947da5299e7fb05.jpg,D:\.Candra\Project\TA\02_data\raw\Sitting_posture.v17i.yolov8\train\labels\WIN_20251004_11_39_25_Pro_mp4-0107_jpg.rf.a5c5a595891c5448a947da5299e7fb05.txt,1280,720,65677,e8d66ee10253eab04305549d70cfc3b30b273410da9b2d62ed0be7fa1be8419e,1110090d0d4d4367,139.3573,301.5817,False,True,False,1,1,0,
train,D:\.Candra\Project\TA\02_data\raw\Sitting_posture.v17i.yolov8\train\images\WIN_20251004_11_39_25_Pro_mp4-0114_jpg.rf.64ea760a1ac4888733b6e434585bef8d.jpg,train\images\WIN_20251004_11_39_25_Pro_mp4-0114_jpg.rf.64ea760a1ac4888733b6e434585bef8d.jpg,D:\.Candra\Project\TA\02_data\raw\Sitting_posture.v17i.yolov8\train\labels\WIN_20251004_11_39_25_Pro_mp4-0114_jpg.rf.64ea760a1ac4888733b6e434585bef8d.txt,1280,720,65230,eaf128e6e38c7ad49b0544b3cdd87a65f18476aeeb408c8f20d1e3f19e2c5022,111009090d4d4b6f,138.8081,289.4912,False,True,False,1,1,0,
train,D:\.Candra\Project\TA\02_data\raw\Sitting_posture.v17i.yolov8\train\images\WIN_20251004_11_39_25_Pro_mp4-0119_jpg.rf.2f82497f2b2c48945a04320d254b0a0d.jpg,train\images\WIN_20251004_11_39_25_Pro_mp4-0119_jpg.rf.2f82497f2b2c48945a04320d254b0a0d.jpg,D:\.Candra\Project\TA\02_data\raw\Sitting_posture.v17i.yolov8\train\labels\WIN_20251004_11_39_25_Pro_mp4-0119_jpg.rf.2f82497f2b2c48945a04320d254b0a0d.txt,1280,720,64874,405282bb90aa0b152dacd3cf34396cd1ea066a3c1a9d78298041c079db52de4e,1100191919494b6f,138.7835,280.1461,False,True,False,1,1,0,
train,D:\.Candra\Project\TA\02_data\raw\Sitting_posture.v17i.yolov8\train\images\WIN_20251004_11_39_25_Pro_mp4-0121_jpg.rf.4a47ec6901b18b837ce34a1e43e65c06.jpg,train\images\WIN_20251004_11_39_25_Pro_mp4-0121_jpg.rf.4a47ec6901b18b837ce34a1e43e65c06.jpg,D:\.Candra\Project\TA\02_data\raw\Sitting_posture.v17i.yolov8\train\labels\WIN_20251004_11_39_25_Pro_mp4-0121_jpg.rf.4a47ec6901b18b837ce34a1e43e65c06.txt,1280,720,64017,65905eacae6f7bcb531bfa671a4e9c284ec3944169f59118dfad06e0a4282977,1100191919494b6f,138.9582,277.3299,False,True,False,1,1,0,
train,D:\.Candra\Project\TA\02_data\raw\Sitting_posture.v17i.yolov8\train\images\WIN_20251004_11_39_25_Pro_mp4-0122_jpg.rf.2b160136c67049d3b8c69a037d8459c7.jpg,train\images\WIN_20251004_11_39_25_Pro_mp4-0122_jpg.rf.2b160136c67049d3b8c69a037d8459c7.jpg,D:\.Candra\Project\TA\02_data\raw\Sitting_posture.v17i.yolov8\train\labels\WIN_20251004_11_39_25_Pro_mp4-0122_jpg.rf.2b160136c67049d3b8c69a037d8459c7.txt,1280,720,64079,37719da5ed5a0f7057d11723b616e73e7bd2619785b4cc67d616ca3c229c7aea,1100191919494b6b,138.786,273.6957,False,True,False,1,1,0,
train,D:\.Candra\Project\TA\02_data\raw\Sitting_posture.v17i.yolov8\train\images\WIN_20251004_11_39_25_Pro_mp4-0128_jpg.rf.837f979db900d1d50e99bc19b92ca672.jpg,train\images\WIN_20251004_11_39_25_Pro_mp4-0128_jpg.rf.837f979db900d1d50e99bc19b92ca672.jpg,D:\.Candra\Project\TA\02_data\raw\Sitting_posture.v17i.yolov8\train\labels\WIN_20251004_11_39_25_Pro_mp4-0128_jpg.rf.837f979db900d1d50e99bc19b92ca672.txt,1280,720,64130,45c4ec0daca756d7cbd439002532f8f51bfae1373ae1b877ae0bcfd365efc5eb,1100191919494b6f,138.3102,272.6707,False,True,False,1,1,0,
train,D:\.Candra\Project\TA\02_data\raw\Sitting_posture.v17i.yolov8\train\images\WIN_20251004_11_39_25_Pro_mp4-0130_jpg.rf.a97076cc9a6d16c44f10b2622461f5a8.jpg,train\images\WIN_20251004_11_39_25_Pro_mp4-0130_jpg.rf.a97076cc9a6d16c44f10b2622461f5a8.jpg,D:\.Candra\Project\TA\02_data\raw\Sitting_posture.v17i.yolov8\train\labels\WIN_20251004_11_39_25_Pro_mp4-0130_jpg.rf.a97076cc9a6d16c44f10b2622461f5a8.txt,1280,720,67375,ecd9d1e22e173bdb42100361aa1f2872444e47e8a4be4846fcc7196ddc880d2b,1100191919494b6f,138.1983,279.596,False,True,False,1,1,0,
train,D:\.Candra\Project\TA\02_data\raw\Sitting_posture.v17i.yolov8\train\images\WIN_20251004_11_39_25_Pro_mp4-0132_jpg.rf.56cbc1301d9f6fec53d1e36e9c87b4e9.jpg,train\images\WIN_20251004_11_39_25_Pro_mp4-0132_jpg.rf.56cbc1301d9f6fec53d1e36e9c87b4e9.jpg,D:\.Candra\Project\TA\02_data\raw\Sitting_posture.v17i.yolov8\train\labels\WIN_20251004_11_39_25_Pro_mp4-0132_jpg.rf.56cbc1301d9f6fec53d1e36e9c87b4e9.txt,1280,720,63891,892fb14458d4534077c779a7dc3c8dee09afcd2a986f1849bdedf8a4e1bf4ef5,1100191919494b6f,138.0064,272.4032,False,True,False,1,1,0,
train,D:\.Candra\Project\TA\02_data\raw\Sitting_posture.v17i.yolov8\train\images\WIN_20251004_11_39_25_Pro_mp4-0133_jpg.rf.0c96514317d3dd117a26ccd3997287c8.jpg,train\images\WIN_20251004_11_39_25_Pro_mp4-0133_jpg.rf.0c96514317d3dd117a26ccd3997287c8.jpg,D:\.Candra\Project\TA\02_data\raw\Sitting_posture.v17i.yolov8\train\labels\WIN_20251004_11_39_25_Pro_mp4-0133_jpg.rf.0c96514317d3dd117a26ccd3997287c8.txt,1280,720,63767,548af549d88baff96460c1a95cac272785294a1ba3f160c6f9a25466d0c18637,1100191919494b6f,137.9579,272.4988,False,True,False,1,1,0,
train,D:\.Candra\Project\TA\02_data\raw\Sitting_posture.v17i.yolov8\train\images\WIN_20251004_11_39_25_Pro_mp4-0145_jpg.rf.6dae499da6e314517f75044c0d9c1064.jpg,train\images\WIN_20251004_11_39_25_Pro_mp4-0145_jpg.rf.6dae499da6e314517f75044c0d9c1064.jpg,D:\.Candra\Project\TA\02_data\raw\Sitting_posture.v17i.yolov8\train\labels\WIN_20251004_11_39_25_Pro_mp4-0145_jpg.rf.6dae499da6e314517f75044c0d9c1064.txt,1280,720,65354,e7900b209aee863fd5302b07ee790ac38e18d6b391f51cd6e4d1a06c55427d63,111009090d4d4b6f,137.0272,288.6626,False,True,False,1,1,0,
train,D:\.Candra\Project\TA\02_data\raw\Sitting_posture.v17i.yolov8\train\images\WIN_20251004_11_39_25_Pro_mp4-0150_jpg.rf.53ed0f3c34b3bfdfbd5e722c0d5f5362.jpg,train\images\WIN_20251004_11_39_25_Pro_mp4-0150_jpg.rf.53ed0f3c34b3bfdfbd5e722c0d5f5362.jpg,D:\.Candra\Project\TA\02_data\raw\Sitting_posture.v17i.yolov8\train\labels\WIN_20251004_11_39_25_Pro_mp4-0150_jpg.rf.53ed0f3c34b3bfdfbd5e722c0d5f5362.txt,1280,720,65643,2d8249d6ffe7c93eab46ab8d0f83cf78d62ff22bb8a9ece6cd39901afb09912c,11100d0d0d4d436f,136.5012,295.4802,False,True,False,1,1,0,
train,D:\.Candra\Project\TA\02_data\raw\Sitting_posture.v17i.yolov8\train\images\WIN_20251004_11_39_25_Pro_mp4-0154_jpg.rf.70bb6d4895ecd9dd9609a6600fb6c47e.jpg,train\images\WIN_20251004_11_39_25_Pro_mp4-0154_jpg.rf.70bb6d4895ecd9dd9609a6600fb6c47e.jpg,D:\.Candra\Project\TA\02_data\raw\Sitting_posture.v17i.yolov8\train\labels\WIN_20251004_11_39_25_Pro_mp4-0154_jpg.rf.70bb6d4895ecd9dd9609a6600fb6c47e.txt,1280,720,67063,cdaa7b7f9004d0aaee2d7bc330a89df47d7dd73b8b2ef7aaf6c9605dece10e36,11100d0d0d4d4367,136.3947,296.3198,False,True,False,1,1,0,
train,D:\.Candra\Project\TA\02_data\raw\Sitting_posture.v17i.yolov8\train\images\WIN_20251004_11_39_25_Pro_mp4-0166_jpg.rf.0dcdb45488d32d2f2b58bf052254aad5.jpg,train\images\WIN_20251004_11_39_25_Pro_mp4-0166_jpg.rf.0dcdb45488d32d2f2b58bf052254aad5.jpg,D:\.Candra\Project\TA\02_data\raw\Sitting_posture.v17i.yolov8\train\labels\WIN_20251004_11_39_25_Pro_mp4-0166_jpg.rf.0dcdb45488d32d2f2b58bf052254aad5.txt,1280,720,66853,ccca9814667e8ddadf7756f7653196e67ee063e9d19ce0dffe2de55efa715218,11100d0d0d4d4367,135.7866,293.0323,False,True,False,1,1,0,
train,D:\.Candra\Project\TA\02_data\raw\Sitting_posture.v17i.yolov8\train\images\WIN_20251004_11_39_25_Pro_mp4-0169_jpg.rf.3e08e2885205dc4a2e46a3f8fa2927e8.jpg,train\images\WIN_20251004_11_39_25_Pro_mp4-0169_jpg.rf.3e08e2885205dc4a2e46a3f8fa2927e8.jpg,D:\.Candra\Project\TA\02_data\raw\Sitting_posture.v17i.yolov8\train\labels\WIN_20251004_11_39_25_Pro_mp4-0169_jpg.rf.3e08e2885205dc4a2e46a3f8fa2927e8.txt,1280,720,65943,4fce18146ddbe58d899cff7e6424ba3e918692e0c80a9ba5d173287aca87feb0,11100d0d0d4d4367,135.7858,293.9376,False,True,False,1,1,0,
train,D:\.Candra\Project\TA\02_data\raw\Sitting_posture.v17i.yolov8\train\images\WIN_20251004_11_39_25_Pro_mp4-0170_jpg.rf.aa196aa38baf0d26a27202b8163a2539.jpg,train\images\WIN_20251004_11_39_25_Pro_mp4-0170_jpg.rf.aa196aa38baf0d26a27202b8163a2539.jpg,D:\.Candra\Project\TA\02_data\raw\Sitting_posture.v17i.yolov8\train\labels\WIN_20251004_11_39_25_Pro_mp4-0170_jpg.rf.aa196aa38baf0d26a27202b8163a2539.txt,1280,720,66033,7de7d549277be90934774e6ec8a4fa331d2b18acfc324b3f9a419152ee1a6ade,11100d0d0d4d4367,135.6479,294.9423,False,True,False,1,1,0,
train,D:\.Candra\Project\TA\02_data\raw\Sitting_posture.v17i.yolov8\train\images\WIN_20251004_11_42_58_Pro_mp4-0004_jpg.rf.aa1fbab4a199e3c6277fcbc1a92a50f7.jpg,train\images\WIN_20251004_11_42_58_Pro_mp4-0004_jpg.rf.aa1fbab4a199e3c6277fcbc1a92a50f7.jpg,D:\.Candra\Project\TA\02_data\raw\Sitting_posture.v17i.yolov8\train\labels\WIN_20251004_11_42_58_Pro_mp4-0004_jpg.rf.aa1fbab4a199e3c6277fcbc1a92a50f7.txt,1280,720,69549,be56116983f84cdf55be524b9bf6adc1983f15d6c1fc3204ee93e104f6598d9e,130c0d0d0d4d4f6f,143.1945,323.0187,False,True,False,1,1,0,
train,D:\.Candra\Project\TA\02_data\raw\Sitting_posture.v17i.yolov8\train\images\WIN_20251004_11_42_58_Pro_mp4-0008_jpg.rf.8838683d02db91497a47a60b5548bae7.jpg,train\images\WIN_20251004_11_42_58_Pro_mp4-0008_jpg.rf.8838683d02db91497a47a60b5548bae7.jpg,D:\.Candra\Project\TA\02_data\raw\Sitting_posture.v17i.yolov8\train\labels\WIN_20251004_11_42_58_Pro_mp4-0008_jpg.rf.8838683d02db91497a47a60b5548bae7.txt,1280,720,69708,f0531c910c4f3b77c47d43de8ed47becd1fa3fbcb663fe4dc378682aeac90e2f,110c0d0d0d4d4f6f,143.2726,325.217,False,True,False,1,1,0,
train,D:\.Candra\Project\TA\02_data\raw\Sitting_posture.v17i.yolov8\train\images\WIN_20251004_11_42_58_Pro_mp4-0012_jpg.rf.39d3ce53e7980afc0a9551b703cab8c3.jpg,train\images\WIN_20251004_11_42_58_Pro_mp4-0012_jpg.rf.39d3ce53e7980afc0a9551b703cab8c3.jpg,D:\.Candra\Project\TA\02_data\raw\Sitting_posture.v17i.yolov8\train\labels\WIN_20251004_11_42_58_Pro_mp4-0012_jpg.rf.39d3ce53e7980afc0a9551b703cab8c3.txt,1280,720,70778,0008bc401a02997c0b2547e02047d3ebfeaf44fe20a099815ccc22e3a319dd44,130c0d0d0d4d4f6f,143.4367,330.0793,False,True,False,1,1,0,
train,D:\.Candra\Project\TA\02_data\raw\Sitting_posture.v17i.yolov8\train\images\WIN_20251004_11_42_58_Pro_mp4-0019_jpg.rf.5a37f9c8a94aa4871cd9dbfc01aaf5d7.jpg,train\images\WIN_20251004_11_42_58_Pro_mp4-0019_jpg.rf.5a37f9c8a94aa4871cd9dbfc01aaf5d7.jpg,D:\.Candra\Project\TA\02_data\raw\Sitting_posture.v17i.yolov8\train\labels\WIN_20251004_11_42_58_Pro_mp4-0019_jpg.rf.5a37f9c8a94aa4871cd9dbfc01aaf5d7.txt,1280,720,69519,c2a61d8777f6da9d7ae1657065154d88466e2bc8ed0d18ebeaa888bd967a46cc,130c0d0d0545476f,143.4773,323.0796,False,True,False,1,1,0,
train,D:\.Candra\Project\TA\02_data\raw\Sitting_posture.v17i.yolov8\train\images\WIN_20251004_11_42_58_Pro_mp4-0022_jpg.rf.41e95dc0ac79cfb81850aa800df971a0.jpg,train\images\WIN_20251004_11_42_58_Pro_mp4-0022_jpg.rf.41e95dc0ac79cfb81850aa800df971a0.jpg,D:\.Candra\Project\TA\02_data\raw\Sitting_posture.v17i.yolov8\train\labels\WIN_20251004_11_42_58_Pro_mp4-0022_jpg.rf.41e95dc0ac79cfb81850aa800df971a0.txt,1280,720,69690,2766bbbfbd9d4beeab0eeac5f065a49b455111991643cf00fabd42b41ec11cd6,130407070545476f,143.9859,318.7036,False,True,False,1,1,0,
train,D:\.Candra\Project\TA\02_data\raw\Sitting_posture.v17i.yolov8\train\images\WIN_20251004_11_42_58_Pro_mp4-0023_jpg.rf.bf9037ff7b36dc633a123dcf08af0af0.jpg,train\images\WIN_20251004_11_42_58_Pro_mp4-0023_jpg.rf.bf9037ff7b36dc633a123dcf08af0af0.jpg,D:\.Candra\Project\TA\02_data\raw\Sitting_posture.v17i.yolov8\train\labels\WIN_20251004_11_42_58_Pro_mp4-0023_jpg.rf.bf9037ff7b36dc633a123dcf08af0af0.txt,1280,720,69357,b24c91b6dbb95731296495af8b08a5bf8e55c24bf4be9d064fb6645df10237ad,130407070545476f,144.0764,318.6595,False,True,False,1,1,0,
train,D:\.Candra\Project\TA\02_data\raw\Sitting_posture.v17i.yolov8\train\images\WIN_20251004_11_42_58_Pro_mp4-0030_jpg.rf.8fc36247fe79e7dc21fd9a113f54e4d1.jpg,train\images\WIN_20251004_11_42_58_Pro_mp4-0030_jpg.rf.8fc36247fe79e7dc21fd9a113f54e4d1.jpg,D:\.Candra\Project\TA\02_data\raw\Sitting_posture.v17i.yolov8\train\labels\WIN_20251004_11_42_58_Pro_mp4-0030_jpg.rf.8fc36247fe79e7dc21fd9a113f54e4d1.txt,1280,720,69474,74b41a1a5d9261487c87e4501a86a4dba3a505a88f82a4944dcecaddb438bd17,110406060555476f,144.6406,315.6955,False,True,False,1,1,0,
train,D:\.Candra\Project\TA\02_data\raw\Sitting_posture.v17i.yolov8\train\images\WIN_20251004_11_42_58_Pro_mp4-0031_jpg.rf.4959639ab47088a945bb1f5126243f0e.jpg,train\images\WIN_20251004_11_42_58_Pro_mp4-0031_jpg.rf.4959639ab47088a945bb1f5126243f0e.jpg,D:\.Candra\Project\TA\02_data\raw\Sitting_posture.v17i.yolov8\train\labels\WIN_20251004_11_42_58_Pro_mp4-0031_jpg.rf.4959639ab47088a945bb1f5126243f0e.txt,1280,720,69182,5aada59b9aa442f40c869ec19d1465c6323cf3e00339c961087979806cdc40b4,110406060755476f,144.651,315.8868,False,True,False,1,1,0,
train,D:\.Candra\Project\TA\02_data\raw\Sitting_posture.v17i.yolov8\train\images\WIN_20251004_11_42_58_Pro_mp4-0036_jpg.rf.05f7ebc1ca3f51d7fc01df186c20ef39.jpg,train\images\WIN_20251004_11_42_58_Pro_mp4-0036_jpg.rf.05f7ebc1ca3f51d7fc01df186c20ef39.jpg,D:\.Candra\Project\TA\02_data\raw\Sitting_posture.v17i.yolov8\train\labels\WIN_20251004_11_42_58_Pro_mp4-0036_jpg.rf.05f7ebc1ca3f51d7fc01df186c20ef39.txt,1280,720,69382,7c0486f3634bcdad85589940f88b96ba9348e40eb06d3617467f531ab7ef1684,111406261755476f,145.1999,312.0261,False,True,False,1,1,0,
train,D:\.Candra\Project\TA\02_data\raw\Sitting_posture.v17i.yolov8\train\images\WIN_20251004_11_42_58_Pro_mp4-0046_jpg.rf.947bbc1e0ec70f61d6a93338a42f9940.jpg,train\images\WIN_20251004_11_42_58_Pro_mp4-0046_jpg.rf.947bbc1e0ec70f61d6a93338a42f9940.jpg,D:\.Candra\Project\TA\02_data\raw\Sitting_posture.v17i.yolov8\train\labels\WIN_20251004_11_42_58_Pro_mp4-0046_jpg.rf.947bbc1e0ec70f61d6a93338a42f9940.txt,1280,720,69583,3abed29f5ee70319799b989f588cfae38b4360c909bb42590418694c07952af6,131006271755476f,146.1588,316.9252,False,True,False,1,1,0,
train,D:\.Candra\Project\TA\02_data\raw\Sitting_posture.v17i.yolov8\train\images\WIN_20251004_11_42_58_Pro_mp4-0048_jpg.rf.2a950f18bcabae96ce6283caf3f9136c.jpg,train\images\WIN_20251004_11_42_58_Pro_mp4-0048_jpg.rf.2a950f18bcabae96ce6283caf3f9136c.jpg,D:\.Candra\Project\TA\02_data\raw\Sitting_posture.v17i.yolov8\train\labels\WIN_20251004_11_42_58_Pro_mp4-0048_jpg.rf.2a950f18bcabae96ce6283caf3f9136c.txt,1280,720,69365,6f634257c01fc26ba5a51d0b929488b8e7b6d2c22f30f11b851c82b2c053f04c,131006271755476f,146.1982,317.6505,False,True,False,1,1,0,
train,D:\.Candra\Project\TA\02_data\raw\Sitting_posture.v17i.yolov8\train\images\WIN_20251004_11_42_58_Pro_mp4-0049_jpg.rf.430f9c32f1bc7ca12b6a8e18b46643b5.jpg,train\images\WIN_20251004_11_42_58_Pro_mp4-0049_jpg.rf.430f9c32f1bc7ca12b6a8e18b46643b5.jpg,D:\.Candra\Project\TA\02_data\raw\Sitting_posture.v17i.yolov8\train\labels\WIN_20251004_11_42_58_Pro_mp4-0049_jpg.rf.430f9c32f1bc7ca12b6a8e18b46643b5.txt,1280,720,69230,d878e0877fb6e2e81fabe10c8282a912bf13e30b3d7f0e59a3fc782e05e38c47,131006271755476f,146.1885,315.1772,False,True,False,1,1,0,
train,D:\.Candra\Project\TA\02_data\raw\Sitting_posture.v17i.yolov8\train\images\WIN_20251004_11_42_58_Pro_mp4-0051_jpg.rf.b66013b9c911badfde85ab36bb58c34e.jpg,train\images\WIN_20251004_11_42_58_Pro_mp4-0051_jpg.rf.b66013b9c911badfde85ab36bb58c34e.jpg,D:\.Candra\Project\TA\02_data\raw\Sitting_posture.v17i.yolov8\train\labels\WIN_20251004_11_42_58_Pro_mp4-0051_jpg.rf.b66013b9c911badfde85ab36bb58c34e.txt,1280,720,69633,e3cb6c2b3fbdc17e6344c693fd04d8290155e210d6da73d2735829a4880906d6,131006261755476f,146.0456,316.3708,False,True,False,1,1,0,
train,D:\.Candra\Project\TA\02_data\raw\Sitting_posture.v17i.yolov8\train\images\WIN_20251004_11_42_58_Pro_mp4-0053_jpg.rf.92ba1c9b48fc348e712ea366acc1a6b5.jpg,train\images\WIN_20251004_11_42_58_Pro_mp4-0053_jpg.rf.92ba1c9b48fc348e712ea366acc1a6b5.jpg,D:\.Candra\Project\TA\02_data\raw\Sitting_posture.v17i.yolov8\train\labels\WIN_20251004_11_42_58_Pro_mp4-0053_jpg.rf.92ba1c9b48fc348e712ea366acc1a6b5.txt,1280,720,69457,90955b6cbee4c5c8556e1955a944f1cb009848ecc4fa7266f4e7f8cb128f2bc3,131006261755476f,146.1114,317.3445,False,True,False,1,1,0,
train,D:\.Candra\Project\TA\02_data\raw\Sitting_posture.v17i.yolov8\train\images\WIN_20251004_11_42_58_Pro_mp4-0055_jpg.rf.7012a5cdff577e9655892ca1e49443fe.jpg,train\images\WIN_20251004_11_42_58_Pro_mp4-0055_jpg.rf.7012a5cdff577e9655892ca1e49443fe.jpg,D:\.Candra\Project\TA\02_data\raw\Sitting_posture.v17i.yolov8\train\labels\WIN_20251004_11_42_58_Pro_mp4-0055_jpg.rf.7012a5cdff577e9655892ca1e49443fe.txt,1280,720,69373,ee07c4d057a29baa21d975b82912d6227edbb8ad9972977129cf8260a273e122,131006261755476f,146.1258,315.1373,False,True,False,1,1,0,
train,D:\.Candra\Project\TA\02_data\raw\Sitting_posture.v17i.yolov8\train\images\WIN_20251004_11_42_58_Pro_mp4-0056_jpg.rf.391462e50306877f56d4c64ac9b8741a.jpg,train\images\WIN_20251004_11_42_58_Pro_mp4-0056_jpg.rf.391462e50306877f56d4c64ac9b8741a.jpg,D:\.Candra\Project\TA\02_data\raw\Sitting_posture.v17i.yolov8\train\labels\WIN_20251004_11_42_58_Pro_mp4-0056_jpg.rf.391462e50306877f56d4c64ac9b8741a.txt,1280,720,69535,a4bc4616f8d58f8acf239972b4110bc7f18a3f20b22a88369c05740f44b3a961,131006261755476f,146.1694,317.4037,False,True,False,1,1,0,
train,D:\.Candra\Project\TA\02_data\raw\Sitting_posture.v17i.yolov8\train\images\WIN_20251004_11_42_58_Pro_mp4-0059_jpg.rf.0a433896d6f826b23b10226313b67f06.jpg,train\images\WIN_20251004_11_42_58_Pro_mp4-0059_jpg.rf.0a433896d6f826b23b10226313b67f06.jpg,D:\.Candra\Project\TA\02_data\raw\Sitting_posture.v17i.yolov8\train\labels\WIN_20251004_11_42_58_Pro_mp4-0059_jpg.rf.0a433896d6f826b23b10226313b67f06.txt,1280,720,69300,0542fd0afb2e04c1cfd2620a9b8e502936056dddf1eceedf397b5bba3be452b8,131006261755476f,146.4158,314.0956,False,True,False,1,1,0,
train,D:\.Candra\Project\TA\02_data\raw\Sitting_posture.v17i.yolov8\train\images\WIN_20251004_11_42_58_Pro_mp4-0073_jpg.rf.2ef4a0a4a43df20cd1448981b75ae04d.jpg,train\images\WIN_20251004_11_42_58_Pro_mp4-0073_jpg.rf.2ef4a0a4a43df20cd1448981b75ae04d.jpg,D:\.Candra\Project\TA\02_data\raw\Sitting_posture.v17i.yolov8\train\labels\WIN_20251004_11_42_58_Pro_mp4-0073_jpg.rf.2ef4a0a4a43df20cd1448981b75ae04d.txt,1280,720,69399,bf0def9a9d854b002b4cdf9041521576570288b22455c1dbed602c639d4b70ec,130407070545476f,146.0499,321.214,False,True,False,1,1,0,
train,D:\.Candra\Project\TA\02_data\raw\Sitting_posture.v17i.yolov8\train\images\WIN_20251004_11_42_58_Pro_mp4-0079_jpg.rf.95569b00a7ee94236b5178499db018b5.jpg,train\images\WIN_20251004_11_42_58_Pro_mp4-0079_jpg.rf.95569b00a7ee94236b5178499db018b5.jpg,D:\.Candra\Project\TA\02_data\raw\Sitting_posture.v17i.yolov8\train\labels\WIN_20251004_11_42_58_Pro_mp4-0079_jpg.rf.95569b00a7ee94236b5178499db018b5.txt,1280,720,69829,92b40c837eb06297fbf0e93f40f58eca43667211a5fe93556450f58e5187c821,130c0d0d0d4d4f6f,146.0007,327.7641,False,True,False,1,1,0,
train,D:\.Candra\Project\TA\02_data\raw\Sitting_posture.v17i.yolov8\train\images\WIN_20251004_11_42_58_Pro_mp4-0081_jpg.rf.d7ffcf084c9fd38e25f4f16941810386.jpg,train\images\WIN_20251004_11_42_58_Pro_mp4-0081_jpg.rf.d7ffcf084c9fd38e25f4f16941810386.jpg,D:\.Candra\Project\TA\02_data\raw\Sitting_posture.v17i.yolov8\train\labels\WIN_20251004_11_42_58_Pro_mp4-0081_jpg.rf.d7ffcf084c9fd38e25f4f16941810386.txt,1280,720,69996,7dc5a52421a9c701701490cea8fba235497e3ccdbc2de86684c4547583b67e93,130c0d0d0d4d4f6f,146.1865,332.3055,False,True,False,1,1,0,
train,D:\.Candra\Project\TA\02_data\raw\Sitting_posture.v17i.yolov8\train\images\WIN_20251004_11_42_58_Pro_mp4-0083_jpg.rf.e87f1f1dec8cbe51184b1c1d63445446.jpg,train\images\WIN_20251004_11_42_58_Pro_mp4-0083_jpg.rf.e87f1f1dec8cbe51184b1c1d63445446.jpg,D:\.Candra\Project\TA\02_data\raw\Sitting_posture.v17i.yolov8\train\labels\WIN_20251004_11_42_58_Pro_mp4-0083_jpg.rf.e87f1f1dec8cbe51184b1c1d63445446.txt,1280,720,70565,71a8abb5b7b1ba0196d6e57c450073dad22912b022d7f14f15cacf2bf0ba26a5,130c0d0d0d4d4b6f,146.2292,331.319,False,True,False,1,1,0,
train,D:\.Candra\Project\TA\02_data\raw\Sitting_posture.v17i.yolov8\train\images\WIN_20251004_11_42_58_Pro_mp4-0088_jpg.rf.a696d837d595cf16cc18a932718eba45.jpg,train\images\WIN_20251004_11_42_58_Pro_mp4-0088_jpg.rf.a696d837d595cf16cc18a932718eba45.jpg,D:\.Candra\Project\TA\02_data\raw\Sitting_posture.v17i.yolov8\train\labels\WIN_20251004_11_42_58_Pro_mp4-0088_jpg.rf.a696d837d595cf16cc18a932718eba45.txt,1280,720,69944,b80bf5915b410ba8fe019f77d47f2ba95a0ffc2d83a1858e183a507e71076843,130c0d0d0d4d4b6f,146.1732,331.3741,False,True,False,1,1,0,
train,D:\.Candra\Project\TA\02_data\raw\Sitting_posture.v17i.yolov8\train\images\WIN_20251004_11_42_58_Pro_mp4-0089_jpg.rf.1147a0eaed2833259267211daad27c72.jpg,train\images\WIN_20251004_11_42_58_Pro_mp4-0089_jpg.rf.1147a0eaed2833259267211daad27c72.jpg,D:\.Candra\Project\TA\02_data\raw\Sitting_posture.v17i.yolov8\train\labels\WIN_20251004_11_42_58_Pro_mp4-0089_jpg.rf.1147a0eaed2833259267211daad27c72.txt,1280,720,70247,e9c18f9709709b3a557ab878f4fef37d0e5b8a7852fd66721dc04530a9d8796b,130c0d0d0d4d4b6f,146.1132,332.3238,False,True,False,1,1,0,
train,D:\.Candra\Project\TA\02_data\raw\Sitting_posture.v17i.yolov8\train\images\WIN_20251004_11_42_58_Pro_mp4-0092_jpg.rf.c5fb327f72d478999c1312b681564402.jpg,train\images\WIN_20251004_11_42_58_Pro_mp4-0092_jpg.rf.c5fb327f72d478999c1312b681564402.jpg,D:\.Candra\Project\TA\02_data\raw\Sitting_posture.v17i.yolov8\train\labels\WIN_20251004_11_42_58_Pro_mp4-0092_jpg.rf.c5fb327f72d478999c1312b681564402.txt,1280,720,69580,dcce9a5817016beeec467677aff24067125461edd24b3c62d98a36c5f5b22f50,130c0d0d0d4d4f6f,145.6904,327.029,False,True,False,1,1,0,
train,D:\.Candra\Project\TA\02_data\raw\Sitting_posture.v17i.yolov8\train\images\WIN_20251004_11_42_58_Pro_mp4-0100_jpg.rf.8b6813771bf21ce0957a9ea894256495.jpg,train\images\WIN_20251004_11_42_58_Pro_mp4-0100_jpg.rf.8b6813771bf21ce0957a9ea894256495.jpg,D:\.Candra\Project\TA\02_data\raw\Sitting_posture.v17i.yolov8\train\labels\WIN_20251004_11_42_58_Pro_mp4-0100_jpg.rf.8b6813771bf21ce0957a9ea894256495.txt,1280,720,69346,afd97ef3ce12a6d858c5e84c019813f5d3acb0b8468cb5e3b520e2b354e45742,130c0d0d0d4d4b6f,145.9833,324.7968,False,True,False,1,1,0,
train,D:\.Candra\Project\TA\02_data\raw\Sitting_posture.v17i.yolov8\train\images\WIN_20251004_11_42_58_Pro_mp4-0102_jpg.rf.0fdea6905d99aa9559b9e19e15999d0e.jpg,train\images\WIN_20251004_11_42_58_Pro_mp4-0102_jpg.rf.0fdea6905d99aa9559b9e19e15999d0e.jpg,D:\.Candra\Project\TA\02_data\raw\Sitting_posture.v17i.yolov8\train\labels\WIN_20251004_11_42_58_Pro_mp4-0102_jpg.rf.0fdea6905d99aa9559b9e19e15999d0e.txt,1280,720,69560,550123b6fc790beb70e8568fc14d27a35c8db6e3a9e09c3dd405a046ced1d02e,1304050705454b4f,146.2501,324.368,False,True,False,1,1,0,
train,D:\.Candra\Project\TA\02_data\raw\Sitting_posture.v17i.yolov8\train\images\WIN_20251004_11_42_58_Pro_mp4-0104_jpg.rf.29562f19988df20b8bceae70ddbfd0e1.jpg,train\images\WIN_20251004_11_42_58_Pro_mp4-0104_jpg.rf.29562f19988df20b8bceae70ddbfd0e1.jpg,D:\.Candra\Project\TA\02_data\raw\Sitting_posture.v17i.yolov8\train\labels\WIN_20251004_11_42_58_Pro_mp4-0104_jpg.rf.29562f19988df20b8bceae70ddbfd0e1.txt,1280,720,69387,6cae412b60feb48b6c0c65ba6ed848bd414c78dbaf5d5db2e2c9c80d634fcda9,1304070705454f6f,146.4965,323.24,False,True,False,1,1,0,
train,D:\.Candra\Project\TA\02_data\raw\Sitting_posture.v17i.yolov8\train\images\WIN_20251004_11_42_58_Pro_mp4-0108_jpg.rf.e555043e7724b25564bd1c5a302e07c5.jpg,train\images\WIN_20251004_11_42_58_Pro_mp4-0108_jpg.rf.e555043e7724b25564bd1c5a302e07c5.jpg,D:\.Candra\Project\TA\02_data\raw\Sitting_posture.v17i.yolov8\train\labels\WIN_20251004_11_42_58_Pro_mp4-0108_jpg.rf.e555043e7724b25564bd1c5a302e07c5.txt,1280,720,69322,16d271c6add338e4296b6e65792b3c165a53f6c661591f890160e89d8e05cb7f,131406060745474f,146.9974,315.897,False,True,False,1,1,0,
train,D:\.Candra\Project\TA\02_data\raw\Sitting_posture.v17i.yolov8\train\images\WIN_20251004_11_42_58_Pro_mp4-0109_jpg.rf.df7fbef7fed877b38e9907de2687c488.jpg,train\images\WIN_20251004_11_42_58_Pro_mp4-0109_jpg.rf.df7fbef7fed877b38e9907de2687c488.jpg,D:\.Candra\Project\TA\02_data\raw\Sitting_posture.v17i.yolov8\train\labels\WIN_20251004_11_42_58_Pro_mp4-0109_jpg.rf.df7fbef7fed877b38e9907de2687c488.txt,1280,720,69452,b3de9212d301f629966f901a9f8f285d23da11fe64cff4487516fe58db761852,131406060745476f,147.1223,318.2162,False,True,False,1,1,0,
train,D:\.Candra\Project\TA\02_data\raw\Sitting_posture.v17i.yolov8\train\images\WIN_20251004_11_42_58_Pro_mp4-0110_jpg.rf.f8024ad1b050977d52d24b471f437bd3.jpg,train\images\WIN_20251004_11_42_58_Pro_mp4-0110_jpg.rf.f8024ad1b050977d52d24b471f437bd3.jpg,D:\.Candra\Project\TA\02_data\raw\Sitting_posture.v17i.yolov8\train\labels\WIN_20251004_11_42_58_Pro_mp4-0110_jpg.rf.f8024ad1b050977d52d24b471f437bd3.txt,1280,720,69442,33fddf3183aea0d6a0dd631c22c0ab0c675acfb30b155c2836848c58a69973b1,131406060745476f,147.179,320.1325,False,True,False,1,1,0,
train,D:\.Candra\Project\TA\02_data\raw\Sitting_posture.v17i.yolov8\train\images\WIN_20251004_11_42_58_Pro_mp4-0112_jpg.rf.541fb3f9eff2ff3d8062f4a24292235c.jpg,train\images\WIN_20251004_11_42_58_Pro_mp4-0112_jpg.rf.541fb3f9eff2ff3d8062f4a24292235c.jpg,D:\.Candra\Project\TA\02_data\raw\Sitting_posture.v17i.yolov8\train\labels\WIN_20251004_11_42_58_Pro_mp4-0112_jpg.rf.541fb3f9eff2ff3d8062f4a24292235c.txt,1280,720,69659,ff40f3af90f05db7d0328c2d5eb32e5a0ffa80f82e91428e7207a1ed59db79ce,131006060745476f,147.2753,322.5083,False,True,False,1,1,0,
train,D:\.Candra\Project\TA\02_data\raw\Sitting_posture.v17i.yolov8\train\images\WIN_20251004_11_42_58_Pro_mp4-0114_jpg.rf.a791bbe0fc189e302ecfaeaeef6f122c.jpg,train\images\WIN_20251004_11_42_58_Pro_mp4-0114_jpg.rf.a791bbe0fc189e302ecfaeaeef6f122c.jpg,D:\.Candra\Project\TA\02_data\raw\Sitting_posture.v17i.yolov8\train\labels\WIN_20251004_11_42_58_Pro_mp4-0114_jpg.rf.a791bbe0fc189e302ecfaeaeef6f122c.txt,1280,720,69477,b2dafa6126ced8bdf299eca6d7db67a8c4e66cb1071759cbb08c8b9e1c4fd3cc,131006060745476f,147.5304,322.8812,False,True,False,1,1,0,
train,D:\.Candra\Project\TA\02_data\raw\Sitting_posture.v17i.yolov8\train\images\WIN_20251004_11_42_58_Pro_mp4-0115_jpg.rf.9fac6b9171a342e751ea3bb711bb569c.jpg,train\images\WIN_20251004_11_42_58_Pro_mp4-0115_jpg.rf.9fac6b9171a342e751ea3bb711bb569c.jpg,D:\.Candra\Project\TA\02_data\raw\Sitting_posture.v17i.yolov8\train\labels\WIN_20251004_11_42_58_Pro_mp4-0115_jpg.rf.9fac6b9171a342e751ea3bb711bb569c.txt,1280,720,69531,ec923b7245b817ab87da7fd648a26f59bd08d4e31c098f431cb59bc129748217,131006060745476f,147.66,320.9838,False,True,False,1,1,0,
train,D:\.Candra\Project\TA\02_data\raw\Sitting_posture.v17i.yolov8\train\images\WIN_20251004_11_42_58_Pro_mp4-0117_jpg.rf.b50484f3bc7ed4dc61f4d5b8381ae14d.jpg,train\images\WIN_20251004_11_42_58_Pro_mp4-0117_jpg.rf.b50484f3bc7ed4dc61f4d5b8381ae14d.jpg,D:\.Candra\Project\TA\02_data\raw\Sitting_posture.v17i.yolov8\train\labels\WIN_20251004_11_42_58_Pro_mp4-0117_jpg.rf.b50484f3bc7ed4dc61f4d5b8381ae14d.txt,1280,720,69439,ceb22ae4049678ac372ad7799afe1b7bea89d00854dba6afea73018c0ac37bee,131006260755476f,147.9823,320.6276,False,True,False,1,1,0,
train,D:\.Candra\Project\TA\02_data\raw\Sitting_posture.v17i.yolov8\train\images\WIN_20251004_11_42_58_Pro_mp4-0119_jpg.rf.6823f7868c88124a38eb6db50a32afbb.jpg,train\images\WIN_20251004_11_42_58_Pro_mp4-0119_jpg.rf.6823f7868c88124a38eb6db50a32afbb.jpg,D:\.Candra\Project\TA\02_data\raw\Sitting_posture.v17i.yolov8\train\labels\WIN_20251004_11_42_58_Pro_mp4-0119_jpg.rf.6823f7868c88124a38eb6db50a32afbb.txt,1280,720,69552,58a0ce9d844f6cdbe3aee2fd504685865d852721a96a027c401a99fc3fab9384,131006060755476f,148.0152,320.5263,False,True,False,1,1,0,
train,D:\.Candra\Project\TA\02_data\raw\Sitting_posture.v17i.yolov8\train\images\WIN_20251004_11_42_58_Pro_mp4-0125_jpg.rf.c33bc79b7dea6b2fd25170f8919970ec.jpg,train\images\WIN_20251004_11_42_58_Pro_mp4-0125_jpg.rf.c33bc79b7dea6b2fd25170f8919970ec.jpg,D:\.Candra\Project\TA\02_data\raw\Sitting_posture.v17i.yolov8\train\labels\WIN_20251004_11_42_58_Pro_mp4-0125_jpg.rf.c33bc79b7dea6b2fd25170f8919970ec.txt,1280,720,69556,27afdb1aabee6e97493bbbd46f4475046256a5b263591134f71860b4e126904e,131006261755476f,147.8001,320.0927,False,True,False,1,1,0,
train,D:\.Candra\Project\TA\02_data\raw\Sitting_posture.v17i.yolov8\train\images\WIN_20251004_11_42_58_Pro_mp4-0134_jpg.rf.3e15971079807248039ea781780a26aa.jpg,train\images\WIN_20251004_11_42_58_Pro_mp4-0134_jpg.rf.3e15971079807248039ea781780a26aa.jpg,D:\.Candra\Project\TA\02_data\raw\Sitting_posture.v17i.yolov8\train\labels\WIN_20251004_11_42_58_Pro_mp4-0134_jpg.rf.3e15971079807248039ea781780a26aa.txt,1280,720,69481,ac76d8561977fc4102909bcb1bfd1e0929e183ffac7785ff38c6dc856ba553e5,131006261755476f,147.7086,320.0422,False,True,False,1,1,0,
train,D:\.Candra\Project\TA\02_data\raw\Sitting_posture.v17i.yolov8\train\images\WIN_20251004_11_42_58_Pro_mp4-0136_jpg.rf.01d8ba0140d8817fe208cd73f2c6a52d.jpg,train\images\WIN_20251004_11_42_58_Pro_mp4-0136_jpg.rf.01d8ba0140d8817fe208cd73f2c6a52d.jpg,D:\.Candra\Project\TA\02_data\raw\Sitting_posture.v17i.yolov8\train\labels\WIN_20251004_11_42_58_Pro_mp4-0136_jpg.rf.01d8ba0140d8817fe208cd73f2c6a52d.txt,1280,720,70372,2b1e51f6210df7f58665b0c1348215f3d693ac7fbedbb8ec67ccd844193a1747,131006261755476f,147.5042,322.9561,False,True,False,1,1,0,
train,D:\.Candra\Project\TA\02_data\raw\Sitting_posture.v17i.yolov8\train\images\WIN_20251004_11_42_58_Pro_mp4-0138_jpg.rf.085dc09f945ed6e884b9c5662f2964cf.jpg,train\images\WIN_20251004_11_42_58_Pro_mp4-0138_jpg.rf.085dc09f945ed6e884b9c5662f2964cf.jpg,D:\.Candra\Project\TA\02_data\raw\Sitting_posture.v17i.yolov8\train\labels\WIN_20251004_11_42_58_Pro_mp4-0138_jpg.rf.085dc09f945ed6e884b9c5662f2964cf.txt,1280,720,69325,e780ff3615482780eb2123ddced10b039c34e727ee994db8858a8c91e68e45a3,131006261755476f,147.4296,317.9406,False,True,False,1,1,0,
train,D:\.Candra\Project\TA\02_data\raw\Sitting_posture.v17i.yolov8\train\images\WIN_20251004_11_42_58_Pro_mp4-0142_jpg.rf.14780c375204d01f18825e6d7d129fd6.jpg,train\images\WIN_20251004_11_42_58_Pro_mp4-0142_jpg.rf.14780c375204d01f18825e6d7d129fd6.jpg,D:\.Candra\Project\TA\02_data\raw\Sitting_posture.v17i.yolov8\train\labels\WIN_20251004_11_42_58_Pro_mp4-0142_jpg.rf.14780c375204d01f18825e6d7d129fd6.txt,1280,720,69890,4ee8be1f531d98350ee75c6b32e3b1ab732ee015c6f7e38d43f7a8d663d13f7f,131006260755476f,147.3478,319.5474,False,True,False,1,1,0,
train,D:\.Candra\Project\TA\02_data\raw\Sitting_posture.v17i.yolov8\train\images\WIN_20251004_11_42_58_Pro_mp4-0144_jpg.rf.81f696a3e09c2605d3b22fa98ec99b6c.jpg,train\images\WIN_20251004_11_42_58_Pro_mp4-0144_jpg.rf.81f696a3e09c2605d3b22fa98ec99b6c.jpg,D:\.Candra\Project\TA\02_data\raw\Sitting_posture.v17i.yolov8\train\labels\WIN_20251004_11_42_58_Pro_mp4-0144_jpg.rf.81f696a3e09c2605d3b22fa98ec99b6c.txt,1280,720,69240,90ca1a8bc1fae510b20280eb3ca6a3541854bdc64c34519cffbb1c88f1663e8a,131006060755476f,147.2997,314.9256,False,True,False,1,1,0,
train,D:\.Candra\Project\TA\02_data\raw\Sitting_posture.v17i.yolov8\train\images\WIN_20251004_11_42_58_Pro_mp4-0146_jpg.rf.174fc7bcfe832857cd11a44e01596736.jpg,train\images\WIN_20251004_11_42_58_Pro_mp4-0146_jpg.rf.174fc7bcfe832857cd11a44e01596736.jpg,D:\.Candra\Project\TA\02_data\raw\Sitting_posture.v17i.yolov8\train\labels\WIN_20251004_11_42_58_Pro_mp4-0146_jpg.rf.174fc7bcfe832857cd11a44e01596736.txt,1280,720,69382,5b1c029cc5ce38ccc4d4449ccc4d060354b3dca8321272af23e85bf324409288,131406060755476f,147.0458,318.7801,False,True,False,1,1,0,
train,D:\.Candra\Project\TA\02_data\raw\Sitting_posture.v17i.yolov8\train\images\WIN_20251004_11_42_58_Pro_mp4-0152_jpg.rf.d6d21b6fd58d1edf83d6812092a25a3d.jpg,train\images\WIN_20251004_11_42_58_Pro_mp4-0152_jpg.rf.d6d21b6fd58d1edf83d6812092a25a3d.jpg,D:\.Candra\Project\TA\02_data\raw\Sitting_posture.v17i.yolov8\train\labels\WIN_20251004_11_42_58_Pro_mp4-0152_jpg.rf.d6d21b6fd58d1edf83d6812092a25a3d.txt,1280,720,69789,0094447e5b84247245ce3762df98a05e9e0f1dfe250c50c9178eedd3987a5e54,130405070545476f,146.2669,321.5128,False,True,False,1,1,0,
train,D:\.Candra\Project\TA\02_data\raw\Sitting_posture.v17i.yolov8\train\images\WIN_20251004_11_42_58_Pro_mp4-0157_jpg.rf.a8986224087a4dc8511590cca56950f5.jpg,train\images\WIN_20251004_11_42_58_Pro_mp4-0157_jpg.rf.a8986224087a4dc8511590cca56950f5.jpg,D:\.Candra\Project\TA\02_data\raw\Sitting_posture.v17i.yolov8\train\labels\WIN_20251004_11_42_58_Pro_mp4-0157_jpg.rf.a8986224087a4dc8511590cca56950f5.txt,1280,720,69686,6bdb3a24705698f806f087758df36d83a9e5a57ac6ad23583f540590ae4239f7,130c0d0d0d4d4b6f,145.8258,325.4844,False,True,False,1,1,0,
train,D:\.Candra\Project\TA\02_data\raw\Sitting_posture.v17i.yolov8\train\images\WIN_20251004_11_42_58_Pro_mp4-0162_jpg.rf.0731a5c85734ce38a0b1e07875af6f0c.jpg,train\images\WIN_20251004_11_42_58_Pro_mp4-0162_jpg.rf.0731a5c85734ce38a0b1e07875af6f0c.jpg,D:\.Candra\Project\TA\02_data\raw\Sitting_posture.v17i.yolov8\train\labels\WIN_20251004_11_42_58_Pro_mp4-0162_jpg.rf.0731a5c85734ce38a0b1e07875af6f0c.txt,1280,720,69991,3936a4a7076aed50e3ba2f3be915c1121262b9bd238c794c98f194c5dd1a26f6,130c0d0d0d4d4b6f,145.5719,332.9238,False,True,False,1,1,0,
train,D:\.Candra\Project\TA\02_data\raw\Sitting_posture.v17i.yolov8\train\images\WIN_20251004_11_42_58_Pro_mp4-0167_jpg.rf.5ced24b6315009ae8626b926e71244e4.jpg,train\images\WIN_20251004_11_42_58_Pro_mp4-0167_jpg.rf.5ced24b6315009ae8626b926e71244e4.jpg,D:\.Candra\Project\TA\02_data\raw\Sitting_posture.v17i.yolov8\train\labels\WIN_20251004_11_42_58_Pro_mp4-0167_jpg.rf.5ced24b6315009ae8626b926e71244e4.txt,1280,720,69802,36421dbec320809d494f6688711398737c4334f4cd1e7c463d44f940893362f3,130c0d0d0d4d4f6f,145.1892,330.6434,False,True,False,1,1,0,
train,D:\.Candra\Project\TA\02_data\raw\Sitting_posture.v17i.yolov8\train\images\WIN_20251004_11_45_50_Pro_mp4-0007_jpg.rf.7dbf34a06ec2942e055dec8c0128250b.jpg,train\images\WIN_20251004_11_45_50_Pro_mp4-0007_jpg.rf.7dbf34a06ec2942e055dec8c0128250b.jpg,D:\.Candra\Project\TA\02_data\raw\Sitting_posture.v17i.yolov8\train\labels\WIN_20251004_11_45_50_Pro_mp4-0007_jpg.rf.7dbf34a06ec2942e055dec8c0128250b.txt,1280,720,75738,dbec1c06dc2739dc66a191cc663a5d7f22ea0e0cd071049985f6f92581a61212,0c0d05054767434b,146.7691,403.0763,False,True,False,1,1,0,
train,D:\.Candra\Project\TA\02_data\raw\Sitting_posture.v17i.yolov8\train\images\WIN_20251004_11_45_50_Pro_mp4-0023_jpg.rf.0e685e097948f61e1707f213b5ce4c48.jpg,train\images\WIN_20251004_11_45_50_Pro_mp4-0023_jpg.rf.0e685e097948f61e1707f213b5ce4c48.jpg,D:\.Candra\Project\TA\02_data\raw\Sitting_posture.v17i.yolov8\train\labels\WIN_20251004_11_45_50_Pro_mp4-0023_jpg.rf.0e685e097948f61e1707f213b5ce4c48.txt,1280,720,76793,898bd56bcd4ed59e2a4357afe879b49f57fe1ecfea85471b7daed181f46035c5,0606071757676341,147.7869,397.3116,False,True,False,1,1,0,
train,D:\.Candra\Project\TA\02_data\raw\Sitting_posture.v17i.yolov8\train\images\WIN_20251004_11_45_50_Pro_mp4-0026_jpg.rf.fbdc3b1cd6de07446e734439f64a8ec5.jpg,train\images\WIN_20251004_11_45_50_Pro_mp4-0026_jpg.rf.fbdc3b1cd6de07446e734439f64a8ec5.jpg,D:\.Candra\Project\TA\02_data\raw\Sitting_posture.v17i.yolov8\train\labels\WIN_20251004_11_45_50_Pro_mp4-0026_jpg.rf.fbdc3b1cd6de07446e734439f64a8ec5.txt,1280,720,75159,9b5d0c1a363297620197f2a07d1c6fdecef77462cb00ecf405e7ec2260fa04d1,0607071757676341,147.7969,393.3889,False,True,False,1,1,0,
train,D:\.Candra\Project\TA\02_data\raw\Sitting_posture.v17i.yolov8\train\images\WIN_20251004_11_45_50_Pro_mp4-0028_jpg.rf.5f4dae10895a825657027b5c95313fa4.jpg,train\images\WIN_20251004_11_45_50_Pro_mp4-0028_jpg.rf.5f4dae10895a825657027b5c95313fa4.jpg,D:\.Candra\Project\TA\02_data\raw\Sitting_posture.v17i.yolov8\train\labels\WIN_20251004_11_45_50_Pro_mp4-0028_jpg.rf.5f4dae10895a825657027b5c95313fa4.txt,1280,720,76376,bfe9b9604a44cf2e8656aa89a1e6736e1ab17d1ebb2fe19800cd9e82f93fa4f5,1607031757676341,145.2038,388.543,False,True,False,1,1,0,
train,D:\.Candra\Project\TA\02_data\raw\Sitting_posture.v17i.yolov8\train\images\WIN_20251004_11_45_50_Pro_mp4-0029_jpg.rf.ed83447e403ca2e49521f9bb1f84625a.jpg,train\images\WIN_20251004_11_45_50_Pro_mp4-0029_jpg.rf.ed83447e403ca2e49521f9bb1f84625a.jpg,D:\.Candra\Project\TA\02_data\raw\Sitting_posture.v17i.yolov8\train\labels\WIN_20251004_11_45_50_Pro_mp4-0029_jpg.rf.ed83447e403ca2e49521f9bb1f84625a.txt,1280,720,76561,bf434155106a5e1ca8e82991be51f6379085b6beb0458548f8f5bf24c9772801,1607031757676341,145.2582,385.1697,False,True,False,1,1,0,
train,D:\.Candra\Project\TA\02_data\raw\Sitting_posture.v17i.yolov8\train\images\WIN_20251004_11_45_50_Pro_mp4-0032_jpg.rf.50ba6d9c0b9b828072e5b71a63aa3e52.jpg,train\images\WIN_20251004_11_45_50_Pro_mp4-0032_jpg.rf.50ba6d9c0b9b828072e5b71a63aa3e52.jpg,D:\.Candra\Project\TA\02_data\raw\Sitting_posture.v17i.yolov8\train\labels\WIN_20251004_11_45_50_Pro_mp4-0032_jpg.rf.50ba6d9c0b9b828072e5b71a63aa3e52.txt,1280,720,73969,6250ffdf8f03ef7457d8ebbd407c89b394e23aedf346c8414d18fccfdc1935d1,1213031353676341,145.3466,375.6487,False,True,False,1,1,0,
train,D:\.Candra\Project\TA\02_data\raw\Sitting_posture.v17i.yolov8\train\images\WIN_20251004_11_45_50_Pro_mp4-0035_jpg.rf.160904bef1bcebaed17eba2661f316db.jpg,train\images\WIN_20251004_11_45_50_Pro_mp4-0035_jpg.rf.160904bef1bcebaed17eba2661f316db.jpg,D:\.Candra\Project\TA\02_data\raw\Sitting_posture.v17i.yolov8\train\labels\WIN_20251004_11_45_50_Pro_mp4-0035_jpg.rf.160904bef1bcebaed17eba2661f316db.txt,1280,720,75570,9dad7e8e3e2544ca622f1524137107d521a930c7c335822c3da7e1d1ba06dd78,1213031353676351,145.4296,376.2458,False,True,False,1,1,0,
train,D:\.Candra\Project\TA\02_data\raw\Sitting_posture.v17i.yolov8\train\images\WIN_20251004_11_45_50_Pro_mp4-0038_jpg.rf.cc1dc3cd4b938d89993c3d83f9bf3c43.jpg,train\images\WIN_20251004_11_45_50_Pro_mp4-0038_jpg.rf.cc1dc3cd4b938d89993c3d83f9bf3c43.jpg,D:\.Candra\Project\TA\02_data\raw\Sitting_posture.v17i.yolov8\train\labels\WIN_20251004_11_45_50_Pro_mp4-0038_jpg.rf.cc1dc3cd4b938d89993c3d83f9bf3c43.txt,1280,720,72821,fc75963168f8fe0f94f18fe4eaa9ee443c43bad0b1f09d5fa2baeb0f39569b34,1313131353776351,145.321,363.3761,False,True,False,1,1,0,
train,D:\.Candra\Project\TA\02_data\raw\Sitting_posture.v17i.yolov8\train\images\WIN_20251004_11_45_50_Pro_mp4-0045_jpg.rf.4c13e082c46e9e01b1795ab32c1f4935.jpg,train\images\WIN_20251004_11_45_50_Pro_mp4-0045_jpg.rf.4c13e082c46e9e01b1795ab32c1f4935.jpg,D:\.Candra\Project\TA\02_data\raw\Sitting_posture.v17i.yolov8\train\labels\WIN_20251004_11_45_50_Pro_mp4-0045_jpg.rf.4c13e082c46e9e01b1795ab32c1f4935.txt,1280,720,73664,f5b1695cceaa85b12747136372791c13e840ef8854278f15fc6ad5c33d499e7d,1313111153736341,144.2237,361.8574,False,True,False,1,1,0,
train,D:\.Candra\Project\TA\02_data\raw\Sitting_posture.v17i.yolov8\train\images\WIN_20251004_11_45_50_Pro_mp4-0046_jpg.rf.eac607e95f5eaaf65d611b2a7945a540.jpg,train\images\WIN_20251004_11_45_50_Pro_mp4-0046_jpg.rf.eac607e95f5eaaf65d611b2a7945a540.jpg,D:\.Candra\Project\TA\02_data\raw\Sitting_posture.v17i.yolov8\train\labels\WIN_20251004_11_45_50_Pro_mp4-0046_jpg.rf.eac607e95f5eaaf65d611b2a7945a540.txt,1280,720,73538,c019373113b222da26edff3845244c33b8ad2539501c36b098b8a273f0e41a20,1113111153736341,144.2119,359.4561,False,True,False,1,1,0,
train,D:\.Candra\Project\TA\02_data\raw\Sitting_posture.v17i.yolov8\train\images\WIN_20251004_11_45_50_Pro_mp4-0047_jpg.rf.beecc9ada6637dd7d5d9cd1c4aea4996.jpg,train\images\WIN_20251004_11_45_50_Pro_mp4-0047_jpg.rf.beecc9ada6637dd7d5d9cd1c4aea4996.jpg,D:\.Candra\Project\TA\02_data\raw\Sitting_posture.v17i.yolov8\train\labels\WIN_20251004_11_45_50_Pro_mp4-0047_jpg.rf.beecc9ada6637dd7d5d9cd1c4aea4996.txt,1280,720,73468,cf5a05814969d0ed94adce81effbd987b46220273b4a9134fd54510472b163da,1111111153736341,144.2863,363.6314,False,True,False,1,1,0,
train,D:\.Candra\Project\TA\02_data\raw\Sitting_posture.v17i.yolov8\train\images\WIN_20251004_11_45_50_Pro_mp4-0055_jpg.rf.ab34c037bfea85410269515c1218f5eb.jpg,train\images\WIN_20251004_11_45_50_Pro_mp4-0055_jpg.rf.ab34c037bfea85410269515c1218f5eb.jpg,D:\.Candra\Project\TA\02_data\raw\Sitting_posture.v17i.yolov8\train\labels\WIN_20251004_11_45_50_Pro_mp4-0055_jpg.rf.ab34c037bfea85410269515c1218f5eb.txt,1280,720,71287,54170dce4997bc48510bd3702256994d2721ada922ee20f7af7619655cf45e9b,1111111153736341,144.3676,354.2393,False,True,False,1,1,0,
train,D:\.Candra\Project\TA\02_data\raw\Sitting_posture.v17i.yolov8\train\images\WIN_20251004_11_45_50_Pro_mp4-0056_jpg.rf.93e2d3d1ab73743e4784aa3e73fc552e.jpg,train\images\WIN_20251004_11_45_50_Pro_mp4-0056_jpg.rf.93e2d3d1ab73743e4784aa3e73fc552e.jpg,D:\.Candra\Project\TA\02_data\raw\Sitting_posture.v17i.yolov8\train\labels\WIN_20251004_11_45_50_Pro_mp4-0056_jpg.rf.93e2d3d1ab73743e4784aa3e73fc552e.txt,1280,720,73301,f9d9495b9f3e399e81b9787a2a5eb964c6d38130b43c5b6e37e95e7ce6afef3a,1111111153736341,144.4343,364.8445,False,True,False,1,1,0,
train,D:\.Candra\Project\TA\02_data\raw\Sitting_posture.v17i.yolov8\train\images\WIN_20251004_11_45_50_Pro_mp4-0057_jpg.rf.995ac9cedff2e8d0d2c626463ae2b779.jpg,train\images\WIN_20251004_11_45_50_Pro_mp4-0057_jpg.rf.995ac9cedff2e8d0d2c626463ae2b779.jpg,D:\.Candra\Project\TA\02_data\raw\Sitting_posture.v17i.yolov8\train\labels\WIN_20251004_11_45_50_Pro_mp4-0057_jpg.rf.995ac9cedff2e8d0d2c626463ae2b779.txt,1280,720,73484,4363da483c4cf1bb288306f7260cf1b628be17551eb72ff8e10834561052ffd3,1111111153736341,144.2545,363.9626,False,True,False,1,1,0,
train,D:\.Candra\Project\TA\02_data\raw\Sitting_posture.v17i.yolov8\train\images\WIN_20251004_11_45_50_Pro_mp4-0060_jpg.rf.ba4eeae6b87ddac3a942bd43e506a768.jpg,train\images\WIN_20251004_11_45_50_Pro_mp4-0060_jpg.rf.ba4eeae6b87ddac3a942bd43e506a768.jpg,D:\.Candra\Project\TA\02_data\raw\Sitting_posture.v17i.yolov8\train\labels\WIN_20251004_11_45_50_Pro_mp4-0060_jpg.rf.ba4eeae6b87ddac3a942bd43e506a768.txt,1280,720,72284,e52fe10842ea6d8a3d53620d27f16d6a494943289507f9731d0d118f89519f7f,1111111153736341,144.2937,357.7451,False,True,False,1,1,0,
train,D:\.Candra\Project\TA\02_data\raw\Sitting_posture.v17i.yolov8\train\images\WIN_20251004_11_45_50_Pro_mp4-0070_jpg.rf.5a653177784091ed9789906e623bf564.jpg,train\images\WIN_20251004_11_45_50_Pro_mp4-0070_jpg.rf.5a653177784091ed9789906e623bf564.jpg,D:\.Candra\Project\TA\02_data\raw\Sitting_posture.v17i.yolov8\train\labels\WIN_20251004_11_45_50_Pro_mp4-0070_jpg.rf.5a653177784091ed9789906e623bf564.txt,1280,720,73127,6ddfafcb594ba162a69a132c6a9e4b1f8086ea6a8db7e83043991b383677d8a0,1313111353736351,144.104,355.7281,False,True,False,1,1,0,
train,D:\.Candra\Project\TA\02_data\raw\Sitting_posture.v17i.yolov8\train\images\WIN_20251004_11_45_50_Pro_mp4-0074_jpg.rf.6780d8996a2cbfefd759e42e3b3f4aa4.jpg,train\images\WIN_20251004_11_45_50_Pro_mp4-0074_jpg.rf.6780d8996a2cbfefd759e42e3b3f4aa4.jpg,D:\.Candra\Project\TA\02_data\raw\Sitting_posture.v17i.yolov8\train\labels\WIN_20251004_11_45_50_Pro_mp4-0074_jpg.rf.6780d8996a2cbfefd759e42e3b3f4aa4.txt,1280,720,74705,3848e693a533e8008e4a7d62e1d2235df9678acd597a3d5266ef377d2ef02749,1213031353676351,143.9383,360.7042,False,True,False,1,1,0,
train,D:\.Candra\Project\TA\02_data\raw\Sitting_posture.v17i.yolov8\train\images\WIN_20251004_11_45_50_Pro_mp4-0076_jpg.rf.77fb693eaca6f562cc5cc49b7e28ba1d.jpg,train\images\WIN_20251004_11_45_50_Pro_mp4-0076_jpg.rf.77fb693eaca6f562cc5cc49b7e28ba1d.jpg,D:\.Candra\Project\TA\02_data\raw\Sitting_posture.v17i.yolov8\train\labels\WIN_20251004_11_45_50_Pro_mp4-0076_jpg.rf.77fb693eaca6f562cc5cc49b7e28ba1d.txt,1280,720,74584,3716e7e981da10adb25d55ed9801190f3249c61bf83c68f40c7c68f23feac1dd,1203031353676351,144.1288,363.5089,False,True,False,1,1,0,
train,D:\.Candra\Project\TA\02_data\raw\Sitting_posture.v17i.yolov8\train\images\WIN_20251004_11_45_50_Pro_mp4-0077_jpg.rf.4824d38eb37d61b47c414918bf71a89d.jpg,train\images\WIN_20251004_11_45_50_Pro_mp4-0077_jpg.rf.4824d38eb37d61b47c414918bf71a89d.jpg,D:\.Candra\Project\TA\02_data\raw\Sitting_posture.v17i.yolov8\train\labels\WIN_20251004_11_45_50_Pro_mp4-0077_jpg.rf.4824d38eb37d61b47c414918bf71a89d.txt,1280,720,77572,e659bcdddfd950c8e31932fb2118a089188840cbf77247f5fe87d9de3272c741,1607031757676351,144.1628,380.7273,False,True,False,1,1,0,
train,D:\.Candra\Project\TA\02_data\raw\Sitting_posture.v17i.yolov8\train\images\WIN_20251004_11_45_50_Pro_mp4-0085_jpg.rf.d111b54f23749e8f51a1decfcf9fa999.jpg,train\images\WIN_20251004_11_45_50_Pro_mp4-0085_jpg.rf.d111b54f23749e8f51a1decfcf9fa999.jpg,D:\.Candra\Project\TA\02_data\raw\Sitting_posture.v17i.yolov8\train\labels\WIN_20251004_11_45_50_Pro_mp4-0085_jpg.rf.d111b54f23749e8f51a1decfcf9fa999.txt,1280,720,74379,31137b5a5b69c5864a9f82c5e2192f0d66987cf148c306b4f8b59ec7fcaa1a1f,0c0d0d05476f4343,144.7504,375.9117,False,True,False,1,1,0,
train,D:\.Candra\Project\TA\02_data\raw\Sitting_posture.v17i.yolov8\train\images\WIN_20251004_11_45_50_Pro_mp4-0088_jpg.rf.6cea5eed98c5c0d5d4cbc3a5701fe3ef.jpg,train\images\WIN_20251004_11_45_50_Pro_mp4-0088_jpg.rf.6cea5eed98c5c0d5d4cbc3a5701fe3ef.jpg,D:\.Candra\Project\TA\02_data\raw\Sitting_posture.v17i.yolov8\train\labels\WIN_20251004_11_45_50_Pro_mp4-0088_jpg.rf.6cea5eed98c5c0d5d4cbc3a5701fe3ef.txt,1280,720,76720,118ab6648b5dd1fc92511b4950761512749dcee3e3699f8f2089e04ae9afc3be,0c0d0d0d4f6b434b,145.0813,392.3067,False,True,False,1,1,0,
train,D:\.Candra\Project\TA\02_data\raw\Sitting_posture.v17i.yolov8\train\images\WIN_20251004_11_45_50_Pro_mp4-0090_jpg.rf.c1b3af52558ca6787fae03a823bcda4e.jpg,train\images\WIN_20251004_11_45_50_Pro_mp4-0090_jpg.rf.c1b3af52558ca6787fae03a823bcda4e.jpg,D:\.Candra\Project\TA\02_data\raw\Sitting_posture.v17i.yolov8\train\labels\WIN_20251004_11_45_50_Pro_mp4-0090_jpg.rf.c1b3af52558ca6787fae03a823bcda4e.txt,1280,720,75402,af17578962745f0ef07034f1c7e3ac7d2eafdd7edcacf99003cc7c4169157b50,0c0d0d0d4f6b434b,145.1722,390.1682,False,True,False,1,1,0,
train,D:\.Candra\Project\TA\02_data\raw\Sitting_posture.v17i.yolov8\train\images\WIN_20251004_11_45_50_Pro_mp4-0094_jpg.rf.a3d6693a9e392ecdb5d1338a13d8af84.jpg,train\images\WIN_20251004_11_45_50_Pro_mp4-0094_jpg.rf.a3d6693a9e392ecdb5d1338a13d8af84.jpg,D:\.Candra\Project\TA\02_data\raw\Sitting_posture.v17i.yolov8\train\labels\WIN_20251004_11_45_50_Pro_mp4-0094_jpg.rf.a3d6693a9e392ecdb5d1338a13d8af84.txt,1280,720,75932,d4d7732cf5616115e849188c054951e363948062b33f5193f408e36ef9ce16ac,0c0d0d0d4f6b434b,145.2919,391.6172,False,True,False,1,1,0,
train,D:\.Candra\Project\TA\02_data\raw\Sitting_posture.v17i.yolov8\train\images\WIN_20251004_11_45_50_Pro_mp4-0096_jpg.rf.e3b5250b95f25fd8c25055702c4bae5a.jpg,train\images\WIN_20251004_11_45_50_Pro_mp4-0096_jpg.rf.e3b5250b95f25fd8c25055702c4bae5a.jpg,D:\.Candra\Project\TA\02_data\raw\Sitting_posture.v17i.yolov8\train\labels\WIN_20251004_11_45_50_Pro_mp4-0096_jpg.rf.e3b5250b95f25fd8c25055702c4bae5a.txt,1280,720,75157,394b6851247f76b5e72c49f5fd9838486d21412cc6dbe723777c7b664e300853,0c0d0d0d4f6b434b,145.2883,388.5077,False,True,False,1,1,0,
train,D:\.Candra\Project\TA\02_data\raw\Sitting_posture.v17i.yolov8\train\images\WIN_20251004_11_45_50_Pro_mp4-0097_jpg.rf.527a090fbe3a01951debe81d123f24e0.jpg,train\images\WIN_20251004_11_45_50_Pro_mp4-0097_jpg.rf.527a090fbe3a01951debe81d123f24e0.jpg,D:\.Candra\Project\TA\02_data\raw\Sitting_posture.v17i.yolov8\train\labels\WIN_20251004_11_45_50_Pro_mp4-0097_jpg.rf.527a090fbe3a01951debe81d123f24e0.txt,1280,720,74932,0b6351b3a0f2717b659f402c34a6d47e81c39ad5221c273aa5d0e1bba626cbec,0c0d0d0d4f6b434b,145.3341,389.1959,False,True,False,1,1,0,
train,D:\.Candra\Project\TA\02_data\raw\Sitting_posture.v17i.yolov8\train\images\WIN_20251004_11_45_50_Pro_mp4-0102_jpg.rf.24bb30fddc1b2798d0bf3c14a5248fbe.jpg,train\images\WIN_20251004_11_45_50_Pro_mp4-0102_jpg.rf.24bb30fddc1b2798d0bf3c14a5248fbe.jpg,D:\.Candra\Project\TA\02_data\raw\Sitting_posture.v17i.yolov8\train\labels\WIN_20251004_11_45_50_Pro_mp4-0102_jpg.rf.24bb30fddc1b2798d0bf3c14a5248fbe.txt,1280,720,74531,79d5f62cf3d555683eb4d247f6e8b15a46e07ab900515242a8f6ce7aa230a8ca,0c0d0d05476f434b,145.5997,386.7051,False,True,False,1,1,0,
train,D:\.Candra\Project\TA\02_data\raw\Sitting_posture.v17i.yolov8\train\images\WIN_20251004_11_45_50_Pro_mp4-0105_jpg.rf.612c5f16fe273fb6059a3b5ba01c50bf.jpg,train\images\WIN_20251004_11_45_50_Pro_mp4-0105_jpg.rf.612c5f16fe273fb6059a3b5ba01c50bf.jpg,D:\.Candra\Project\TA\02_data\raw\Sitting_posture.v17i.yolov8\train\labels\WIN_20251004_11_45_50_Pro_mp4-0105_jpg.rf.612c5f16fe273fb6059a3b5ba01c50bf.txt,1280,720,76738,b94348a1c7272504199cded46405ae092d7bf8270317c3cd74759d4f40438a80,0407050547674343,145.7046,387.3263,False,True,False,1,1,0,
train,D:\.Candra\Project\TA\02_data\raw\Sitting_posture.v17i.yolov8\train\images\WIN_20251004_11_45_50_Pro_mp4-0116_jpg.rf.4d0ea3362ec3eaf8ca92f5f68cf6239d.jpg,train\images\WIN_20251004_11_45_50_Pro_mp4-0116_jpg.rf.4d0ea3362ec3eaf8ca92f5f68cf6239d.jpg,D:\.Candra\Project\TA\02_data\raw\Sitting_posture.v17i.yolov8\train\labels\WIN_20251004_11_45_50_Pro_mp4-0116_jpg.rf.4d0ea3362ec3eaf8ca92f5f68cf6239d.txt,1280,720,76026,fca4d9ee1ad93545d2d877a68c8c66a46df541ba8a9d12cdab21954b0b40f528,1607031753676351,146.1089,378.5333,False,True,False,1,1,0,
train,D:\.Candra\Project\TA\02_data\raw\Sitting_posture.v17i.yolov8\train\images\WIN_20251004_11_45_50_Pro_mp4-0117_jpg.rf.bd632210dd5694e9a8ce42c9be2029f2.jpg,train\images\WIN_20251004_11_45_50_Pro_mp4-0117_jpg.rf.bd632210dd5694e9a8ce42c9be2029f2.jpg,D:\.Candra\Project\TA\02_data\raw\Sitting_posture.v17i.yolov8\train\labels\WIN_20251004_11_45_50_Pro_mp4-0117_jpg.rf.bd632210dd5694e9a8ce42c9be2029f2.txt,1280,720,76157,0047d7db3c56d5fc9147e9d4626cece40819bb32a3a186d40b8693f0d11a09c9,1203031353676351,145.8766,378.4449,False,True,False,1,1,0,
train,D:\.Candra\Project\TA\02_data\raw\Sitting_posture.v17i.yolov8\train\images\WIN_20251004_11_45_50_Pro_mp4-0120_jpg.rf.3966766e5a1fa7f39ec7c3232ac8aefc.jpg,train\images\WIN_20251004_11_45_50_Pro_mp4-0120_jpg.rf.3966766e5a1fa7f39ec7c3232ac8aefc.jpg,D:\.Candra\Project\TA\02_data\raw\Sitting_posture.v17i.yolov8\train\labels\WIN_20251004_11_45_50_Pro_mp4-0120_jpg.rf.3966766e5a1fa7f39ec7c3232ac8aefc.txt,1280,720,73519,6c7aa4ba773cca1ca249e19ef6a3a44aa116e88407244602bfbcb52128e40430,1213031353676351,145.7894,365.6853,False,True,False,1,1,0,
train,D:\.Candra\Project\TA\02_data\raw\Sitting_posture.v17i.yolov8\train\images\WIN_20251004_11_45_50_Pro_mp4-0122_jpg.rf.033643f3cd579269df0db0c9b8bfca61.jpg,train\images\WIN_20251004_11_45_50_Pro_mp4-0122_jpg.rf.033643f3cd579269df0db0c9b8bfca61.jpg,D:\.Candra\Project\TA\02_data\raw\Sitting_posture.v17i.yolov8\train\labels\WIN_20251004_11_45_50_Pro_mp4-0122_jpg.rf.033643f3cd579269df0db0c9b8bfca61.txt,1280,720,75296,0f061793c7438a6fdf35253b2f5b2b63a7b13785660d8381ae9d12020a549ad9,1213131353776351,145.7269,372.7951,False,True,False,1,1,0,
train,D:\.Candra\Project\TA\02_data\raw\Sitting_posture.v17i.yolov8\train\images\WIN_20251004_11_45_50_Pro_mp4-0126_jpg.rf.9e3b6eec85dffa7151029d068115e042.jpg,train\images\WIN_20251004_11_45_50_Pro_mp4-0126_jpg.rf.9e3b6eec85dffa7151029d068115e042.jpg,D:\.Candra\Project\TA\02_data\raw\Sitting_posture.v17i.yolov8\train\labels\WIN_20251004_11_45_50_Pro_mp4-0126_jpg.rf.9e3b6eec85dffa7151029d068115e042.txt,1280,720,74293,91a82f9bb48e595d56ece3cd10191c8f28c26e3a2efbf7918dee5f29239f9a78,1313131353736351,145.7742,367.1356,False,True,False,1,1,0,
train,D:\.Candra\Project\TA\02_data\raw\Sitting_posture.v17i.yolov8\train\images\WIN_20251004_11_45_50_Pro_mp4-0128_jpg.rf.9e2f64367c479a3c46fd4218056fcfed.jpg,train\images\WIN_20251004_11_45_50_Pro_mp4-0128_jpg.rf.9e2f64367c479a3c46fd4218056fcfed.jpg,D:\.Candra\Project\TA\02_data\raw\Sitting_posture.v17i.yolov8\train\labels\WIN_20251004_11_45_50_Pro_mp4-0128_jpg.rf.9e2f64367c479a3c46fd4218056fcfed.txt,1280,720,74665,860b3e9f4bb8fb7844161bf34eb1f04d64b1d65c0a58bb1064b2c00b3a5a3f85,1313131353736341,145.6129,369.1988,False,True,False,1,1,0,
train,D:\.Candra\Project\TA\02_data\raw\Sitting_posture.v17i.yolov8\train\images\WIN_20251004_11_45_50_Pro_mp4-0130_jpg.rf.a4b3c5282b913f4d297b35ca15b00c6c.jpg,train\images\WIN_20251004_11_45_50_Pro_mp4-0130_jpg.rf.a4b3c5282b913f4d297b35ca15b00c6c.jpg,D:\.Candra\Project\TA\02_data\raw\Sitting_posture.v17i.yolov8\train\labels\WIN_20251004_11_45_50_Pro_mp4-0130_jpg.rf.a4b3c5282b913f4d297b35ca15b00c6c.txt,1280,720,75796,09ab886c523f42327afbf9ee6ef8299dc1df71318cd47e16550c66d64c1c3e56,1313111353736341,145.3656,377.0366,False,True,False,1,1,0,
train,D:\.Candra\Project\TA\02_data\raw\Sitting_posture.v17i.yolov8\train\images\WIN_20251004_11_45_50_Pro_mp4-0139_jpg.rf.fb60ae73981a1e56f917a297285b6927.jpg,train\images\WIN_20251004_11_45_50_Pro_mp4-0139_jpg.rf.fb60ae73981a1e56f917a297285b6927.jpg,D:\.Candra\Project\TA\02_data\raw\Sitting_posture.v17i.yolov8\train\labels\WIN_20251004_11_45_50_Pro_mp4-0139_jpg.rf.fb60ae73981a1e56f917a297285b6927.txt,1280,720,74295,0c7332b818368d22cfb3ac8f19beb7e0694780083f2d8a0807b446b8a168eee1,1313131353736341,145.7076,370.2927,False,True,False,1,1,0,
train,D:\.Candra\Project\TA\02_data\raw\Sitting_posture.v17i.yolov8\train\images\WIN_20251004_11_45_50_Pro_mp4-0140_jpg.rf.458c38f6b6df6b1c30e9e2ad4a139734.jpg,train\images\WIN_20251004_11_45_50_Pro_mp4-0140_jpg.rf.458c38f6b6df6b1c30e9e2ad4a139734.jpg,D:\.Candra\Project\TA\02_data\raw\Sitting_posture.v17i.yolov8\train\labels\WIN_20251004_11_45_50_Pro_mp4-0140_jpg.rf.458c38f6b6df6b1c30e9e2ad4a139734.txt,1280,720,74675,1a500d304119a62d3e9e4a01fb180e257ace28bd26ee9de311d7014b2e31db31,1313131353736341,145.7393,370.2191,False,True,False,1,1,0,
train,D:\.Candra\Project\TA\02_data\raw\Sitting_posture.v17i.yolov8\train\images\WIN_20251004_11_45_50_Pro_mp4-0150_jpg.rf.0d21dd105aa9b06f6f80f23b5791782e.jpg,train\images\WIN_20251004_11_45_50_Pro_mp4-0150_jpg.rf.0d21dd105aa9b06f6f80f23b5791782e.jpg,D:\.Candra\Project\TA\02_data\raw\Sitting_posture.v17i.yolov8\train\labels\WIN_20251004_11_45_50_Pro_mp4-0150_jpg.rf.0d21dd105aa9b06f6f80f23b5791782e.txt,1280,720,74477,9e2f25617ec04d232eb8d1a5385a63796755bf380996fc393dd8b3de39c3ec7a,1313131353736351,146.1813,371.2789,False,True,False,1,1,0,
train,D:\.Candra\Project\TA\02_data\raw\Sitting_posture.v17i.yolov8\train\images\WIN_20251004_11_45_50_Pro_mp4-0152_jpg.rf.7b375a7fd11355bd78bd3ed255bbaaab.jpg,train\images\WIN_20251004_11_45_50_Pro_mp4-0152_jpg.rf.7b375a7fd11355bd78bd3ed255bbaaab.jpg,D:\.Candra\Project\TA\02_data\raw\Sitting_posture.v17i.yolov8\train\labels\WIN_20251004_11_45_50_Pro_mp4-0152_jpg.rf.7b375a7fd11355bd78bd3ed255bbaaab.txt,1280,720,74724,f7bc8079bad0ace49b2100473e6ef14851bb327d22098f7175eb5f25d2e3ce68,1313131353776351,146.2382,370.1649,False,True,False,1,1,0,
train,D:\.Candra\Project\TA\02_data\raw\Sitting_posture.v17i.yolov8\train\images\WIN_20251004_11_45_50_Pro_mp4-0163_jpg.rf.dfa6d52770588ac930480f61c2cf2ecd.jpg,train\images\WIN_20251004_11_45_50_Pro_mp4-0163_jpg.rf.dfa6d52770588ac930480f61c2cf2ecd.jpg,D:\.Candra\Project\TA\02_data\raw\Sitting_posture.v17i.yolov8\train\labels\WIN_20251004_11_45_50_Pro_mp4-0163_jpg.rf.dfa6d52770588ac930480f61c2cf2ecd.txt,1280,720,75746,04a2fd46d4668fe4f31a23d1a82ffa4ad5e78f6e05ed545510cc5fecf11522e4,0407070547676343,146.5692,383.5184,False,True,False,1,1,0,
train,D:\.Candra\Project\TA\02_data\raw\Sitting_posture.v17i.yolov8\train\images\WIN_20251004_11_45_50_Pro_mp4-0164_jpg.rf.ff9887e6e4c20cfa92aa9b3105a507a3.jpg,train\images\WIN_20251004_11_45_50_Pro_mp4-0164_jpg.rf.ff9887e6e4c20cfa92aa9b3105a507a3.jpg,D:\.Candra\Project\TA\02_data\raw\Sitting_posture.v17i.yolov8\train\labels\WIN_20251004_11_45_50_Pro_mp4-0164_jpg.rf.ff9887e6e4c20cfa92aa9b3105a507a3.txt,1280,720,75776,0f8e50abc3a1522a9d2be68bdf9ea4371b87efb4618e4ff1aa89f21fb79b72c2,0405050547674343,146.6524,379.6364,False,True,False,1,1,0,
train,D:\.Candra\Project\TA\02_data\raw\Sitting_posture.v17i.yolov8\train\images\WIN_20251004_11_45_50_Pro_mp4-0168_jpg.rf.97d9101d811f7c6eb2ee95a67cf598c9.jpg,train\images\WIN_20251004_11_45_50_Pro_mp4-0168_jpg.rf.97d9101d811f7c6eb2ee95a67cf598c9.jpg,D:\.Candra\Project\TA\02_data\raw\Sitting_posture.v17i.yolov8\train\labels\WIN_20251004_11_45_50_Pro_mp4-0168_jpg.rf.97d9101d811f7c6eb2ee95a67cf598c9.txt,1280,720,76505,8062b0586f333d9bfc5e6d40a3ace32079764a4850f2e6b237df4caebb97ca5c,0c0d0d0d4f6b434b,147.0113,400.0518,False,True,False,1,1,0,
train,D:\.Candra\Project\TA\02_data\raw\Sitting_posture.v17i.yolov8\train\images\WIN_20251004_11_45_50_Pro_mp4-0175_jpg.rf.d71c2f1b69cd19c1c0e28a20ba4abb54.jpg,train\images\WIN_20251004_11_45_50_Pro_mp4-0175_jpg.rf.d71c2f1b69cd19c1c0e28a20ba4abb54.jpg,D:\.Candra\Project\TA\02_data\raw\Sitting_posture.v17i.yolov8\train\labels\WIN_20251004_11_45_50_Pro_mp4-0175_jpg.rf.d71c2f1b69cd19c1c0e28a20ba4abb54.txt,1280,720,77124,3241748ebe57d65d6049db8d39948424cb2d4a20f6b19ca0a137fb5d87924d67,0c0d0d0d4f6b434b,147.3835,401.0555,False,True,False,1,1,0,
train,D:\.Candra\Project\TA\02_data\raw\Sitting_posture.v17i.yolov8\train\images\WIN_20251004_11_45_50_Pro_mp4-0176_jpg.rf.97e05b73f825a252c7323493a11f6c42.jpg,train\images\WIN_20251004_11_45_50_Pro_mp4-0176_jpg.rf.97e05b73f825a252c7323493a11f6c42.jpg,D:\.Candra\Project\TA\02_data\raw\Sitting_posture.v17i.yolov8\train\labels\WIN_20251004_11_45_50_Pro_mp4-0176_jpg.rf.97e05b73f825a252c7323493a11f6c42.txt,1280,720,75769,3a8ecd5c89d7eecfb95a6011484634b937103c41c8308046523bc8f67200a94e,0c0d0d0d4f6b434b,147.3964,398.8749,False,True,False,1,1,0,
train,D:\.Candra\Project\TA\02_data\raw\Sitting_posture.v17i.yolov8\train\images\WIN_20251004_11_45_50_Pro_mp4-0177_jpg.rf.7fe7658db159b8a64f4c88d7832f16ee.jpg,train\images\WIN_20251004_11_45_50_Pro_mp4-0177_jpg.rf.7fe7658db159b8a64f4c88d7832f16ee.jpg,D:\.Candra\Project\TA\02_data\raw\Sitting_posture.v17i.yolov8\train\labels\WIN_20251004_11_45_50_Pro_mp4-0177_jpg.rf.7fe7658db159b8a64f4c88d7832f16ee.txt,1280,720,76941,c7b318031e27bcf36e00e176e636b22c396e7d3867586b71dfddea01d27f0084,0c0d0d0d4f6b434b,147.317,401.0353,False,True,False,1,1,0,
train,D:\.Candra\Project\TA\02_data\raw\Sitting_posture.v17i.yolov8\train\images\WIN_20251004_11_45_50_Pro_mp4-0178_jpg.rf.252cda6b9a324261764f610326816bba.jpg,train\images\WIN_20251004_11_45_50_Pro_mp4-0178_jpg.rf.252cda6b9a324261764f610326816bba.jpg,D:\.Candra\Project\TA\02_data\raw\Sitting_posture.v17i.yolov8\train\labels\WIN_20251004_11_45_50_Pro_mp4-0178_jpg.rf.252cda6b9a324261764f610326816bba.txt,1280,720,75556,04934b80b9e2c2bb8284ce7e8adf9307d44028c44df9cc2b87cbc6bdb62024c4,0c0d0d0d4f6b434b,147.3273,396.1379,False,True,False,1,1,0,
train,D:\.Candra\Project\TA\02_data\raw\Sitting_posture.v17i.yolov8\train\images\WIN_20251004_11_46_29_Pro_mp4-0002_jpg.rf.787b82671e2766783b193e7aabdda1ce.jpg,train\images\WIN_20251004_11_46_29_Pro_mp4-0002_jpg.rf.787b82671e2766783b193e7aabdda1ce.jpg,D:\.Candra\Project\TA\02_data\raw\Sitting_posture.v17i.yolov8\train\labels\WIN_20251004_11_46_29_Pro_mp4-0002_jpg.rf.787b82671e2766783b193e7aabdda1ce.txt,1280,720,76126,d0d981c6b3e2816d0b5fcd39cb02d407c8d80f4429357cded6ba5e98472a889e,0c0d0d054767634b,147.438,401.5918,False,True,False,1,1,0,
train,D:\.Candra\Project\TA\02_data\raw\Sitting_posture.v17i.yolov8\train\images\WIN_20251004_11_46_29_Pro_mp4-0003_jpg.rf.8b0677beab83d4814f0273796a348410.jpg,train\images\WIN_20251004_11_46_29_Pro_mp4-0003_jpg.rf.8b0677beab83d4814f0273796a348410.jpg,D:\.Candra\Project\TA\02_data\raw\Sitting_posture.v17i.yolov8\train\labels\WIN_20251004_11_46_29_Pro_mp4-0003_jpg.rf.8b0677beab83d4814f0273796a348410.txt,1280,720,75320,19db3737c86629b8acb5fa261234322e2fdfe642f7267b53d58ed898c3ae8a31,0c0d0d05476f634b,147.5408,399.6551,False,True,False,1,1,0,
train,D:\.Candra\Project\TA\02_data\raw\Sitting_posture.v17i.yolov8\train\images\WIN_20251004_11_46_29_Pro_mp4-0007_jpg.rf.1aef6547ea79903b6cf9b17ee0b074b0.jpg,train\images\WIN_20251004_11_46_29_Pro_mp4-0007_jpg.rf.1aef6547ea79903b6cf9b17ee0b074b0.jpg,D:\.Candra\Project\TA\02_data\raw\Sitting_posture.v17i.yolov8\train\labels\WIN_20251004_11_46_29_Pro_mp4-0007_jpg.rf.1aef6547ea79903b6cf9b17ee0b074b0.txt,1280,720,75388,234f88d2a7a2c28f6269ce5d6445879cb278ad796086873f72809683f02574c3,0c0d0d05476f634b,147.5532,399.8853,False,True,False,1,1,0,
train,D:\.Candra\Project\TA\02_data\raw\Sitting_posture.v17i.yolov8\train\images\WIN_20251004_11_46_29_Pro_mp4-0022_jpg.rf.1bdd34ef03f0793dd9ce5e68b9603c8c.jpg,train\images\WIN_20251004_11_46_29_Pro_mp4-0022_jpg.rf.1bdd34ef03f0793dd9ce5e68b9603c8c.jpg,D:\.Candra\Project\TA\02_data\raw\Sitting_posture.v17i.yolov8\train\labels\WIN_20251004_11_46_29_Pro_mp4-0022_jpg.rf.1bdd34ef03f0793dd9ce5e68b9603c8c.txt,1280,720,76802,3d8e35791790f81202a7bda6e34dc5998d377f4e418facc3b9372d94517c7aa3,0c0d0d0d4b6b434b,147.5553,395.5962,False,True,False,1,1,0,
train,D:\.Candra\Project\TA\02_data\raw\Sitting_posture.v17i.yolov8\train\images\WIN_20251004_11_46_29_Pro_mp4-0023_jpg.rf.d4cdb52e3562d84340fe8a1c137c9236.jpg,train\images\WIN_20251004_11_46_29_Pro_mp4-0023_jpg.rf.d4cdb52e3562d84340fe8a1c137c9236.jpg,D:\.Candra\Project\TA\02_data\raw\Sitting_posture.v17i.yolov8\train\labels\WIN_20251004_11_46_29_Pro_mp4-0023_jpg.rf.d4cdb52e3562d84340fe8a1c137c9236.txt,1280,720,76801,c01dea45a91ef0cf3d6d71359ea91eba433b83cc9b8131a57da8518eb6803d5d,080d0d0d4b6b434b,147.5447,398.7874,False,True,False,1,1,0,
train,D:\.Candra\Project\TA\02_data\raw\Sitting_posture.v17i.yolov8\train\images\WIN_20251004_11_46_29_Pro_mp4-0025_jpg.rf.2ed09eb224c92540598ba5c410f405a1.jpg,train\images\WIN_20251004_11_46_29_Pro_mp4-0025_jpg.rf.2ed09eb224c92540598ba5c410f405a1.jpg,D:\.Candra\Project\TA\02_data\raw\Sitting_posture.v17i.yolov8\train\labels\WIN_20251004_11_46_29_Pro_mp4-0025_jpg.rf.2ed09eb224c92540598ba5c410f405a1.txt,1280,720,74628,d3531f6932aa49b669433ea5122f4eafdaf4159df3a226a34239e99981b06056,080d0d0d4b6b434a,147.6758,390.3987,False,True,False,1,1,0,
train,D:\.Candra\Project\TA\02_data\raw\Sitting_posture.v17i.yolov8\train\images\WIN_20251004_11_46_29_Pro_mp4-0028_jpg.rf.a75ab69c6490cb0abd44b92341db3fb2.jpg,train\images\WIN_20251004_11_46_29_Pro_mp4-0028_jpg.rf.a75ab69c6490cb0abd44b92341db3fb2.jpg,D:\.Candra\Project\TA\02_data\raw\Sitting_posture.v17i.yolov8\train\labels\WIN_20251004_11_46_29_Pro_mp4-0028_jpg.rf.a75ab69c6490cb0abd44b92341db3fb2.txt,1280,720,75914,dd125f95c9d4c0c4775671d3e7d22539617d47ffe4c060acfdf979523c9b6858,080909094b4b434a,148.038,398.8536,False,True,False,1,1,0,
train,D:\.Candra\Project\TA\02_data\raw\Sitting_posture.v17i.yolov8\train\images\WIN_20251004_11_46_29_Pro_mp4-0029_jpg.rf.0bf661ddc20cd3b69284eccc49c52c04.jpg,train\images\WIN_20251004_11_46_29_Pro_mp4-0029_jpg.rf.0bf661ddc20cd3b69284eccc49c52c04.jpg,D:\.Candra\Project\TA\02_data\raw\Sitting_posture.v17i.yolov8\train\labels\WIN_20251004_11_46_29_Pro_mp4-0029_jpg.rf.0bf661ddc20cd3b69284eccc49c52c04.txt,1280,720,75925,a8171cb34ca405cee35d499a3662de9f81e4dc2a0694bcafd4407ef8f6899781,080909094b4b434a,148.1561,396.8911,False,True,False,1,1,0,
train,D:\.Candra\Project\TA\02_data\raw\Sitting_posture.v17i.yolov8\train\images\WIN_20251004_11_46_29_Pro_mp4-0030_jpg.rf.d2a1a156959bccab3587f0a5d0a61c31.jpg,train\images\WIN_20251004_11_46_29_Pro_mp4-0030_jpg.rf.d2a1a156959bccab3587f0a5d0a61c31.jpg,D:\.Candra\Project\TA\02_data\raw\Sitting_posture.v17i.yolov8\train\labels\WIN_20251004_11_46_29_Pro_mp4-0030_jpg.rf.d2a1a156959bccab3587f0a5d0a61c31.txt,1280,720,75319,9c66a48da16846ed725feeb5eef46c324dd8435348051db3959ed3dfcb5c03ca,081909094b4b434a,148.1988,397.3042,False,True,False,1,1,0,
train,D:\.Candra\Project\TA\02_data\raw\Sitting_posture.v17i.yolov8\train\images\WIN_20251004_11_46_29_Pro_mp4-0031_jpg.rf.f6ab54ce827bc9b277a31717141ff48b.jpg,train\images\WIN_20251004_11_46_29_Pro_mp4-0031_jpg.rf.f6ab54ce827bc9b277a31717141ff48b.jpg,D:\.Candra\Project\TA\02_data\raw\Sitting_posture.v17i.yolov8\train\labels\WIN_20251004_11_46_29_Pro_mp4-0031_jpg.rf.f6ab54ce827bc9b277a31717141ff48b.txt,1280,720,73604,09e6972353ab7541831d03140f9d52f56562765fef3899909b70266220cf951e,181919094b4b434a,148.1957,389.184,False,True,False,1,1,0,
train,D:\.Candra\Project\TA\02_data\raw\Sitting_posture.v17i.yolov8\train\images\WIN_20251004_11_46_29_Pro_mp4-0040_jpg.rf.da3fd07e76430d78422db2f39e89d6c9.jpg,train\images\WIN_20251004_11_46_29_Pro_mp4-0040_jpg.rf.da3fd07e76430d78422db2f39e89d6c9.jpg,D:\.Candra\Project\TA\02_data\raw\Sitting_posture.v17i.yolov8\train\labels\WIN_20251004_11_46_29_Pro_mp4-0040_jpg.rf.da3fd07e76430d78422db2f39e89d6c9.txt,1280,720,72389,2985ac747bdefdd9e2a60d0525779275a0704028148ca5b5bf1fc9707f3c10aa,101919195b5b434a,148.7657,364.9398,False,True,False,1,1,0,
train,D:\.Candra\Project\TA\02_data\raw\Sitting_posture.v17i.yolov8\train\images\WIN_20251004_11_46_29_Pro_mp4-0046_jpg.rf.e7ce8c002f48bd84faad448883583f95.jpg,train\images\WIN_20251004_11_46_29_Pro_mp4-0046_jpg.rf.e7ce8c002f48bd84faad448883583f95.jpg,D:\.Candra\Project\TA\02_data\raw\Sitting_posture.v17i.yolov8\train\labels\WIN_20251004_11_46_29_Pro_mp4-0046_jpg.rf.e7ce8c002f48bd84faad448883583f95.txt,1280,720,72027,e041f622eec4343365c59be7ed3d703dae70d51f5d190abb17945faf1b8c6eb7,10313111535357c2,148.5152,346.6688,False,True,False,1,1,0,
train,D:\.Candra\Project\TA\02_data\raw\Sitting_posture.v17i.yolov8\train\images\WIN_20251004_11_46_29_Pro_mp4-0048_jpg.rf.fa99eeeaf201668ddcfa1369183fa314.jpg,train\images\WIN_20251004_11_46_29_Pro_mp4-0048_jpg.rf.fa99eeeaf201668ddcfa1369183fa314.jpg,D:\.Candra\Project\TA\02_data\raw\Sitting_posture.v17i.yolov8\train\labels\WIN_20251004_11_46_29_Pro_mp4-0048_jpg.rf.fa99eeeaf201668ddcfa1369183fa314.txt,1280,720,70205,841ad0e364081c2c2b71fe8a808a050506ae6324769fc1b38938ab8222528cdd,10313115135357c3,148.2404,335.5904,False,True,False,1,1,0,
train,D:\.Candra\Project\TA\02_data\raw\Sitting_posture.v17i.yolov8\train\images\WIN_20251004_11_46_29_Pro_mp4-0055_jpg.rf.6508ae1be1e8f96d415b4376d288823d.jpg,train\images\WIN_20251004_11_46_29_Pro_mp4-0055_jpg.rf.6508ae1be1e8f96d415b4376d288823d.jpg,D:\.Candra\Project\TA\02_data\raw\Sitting_posture.v17i.yolov8\train\labels\WIN_20251004_11_46_29_Pro_mp4-0055_jpg.rf.6508ae1be1e8f96d415b4376d288823d.txt,1280,720,70581,2f47706b11564620cee98a7e0cb66f1b3091538e381dd5bf392e8a1e5ea569be,10313131335357c3,147.0499,324.9794,False,True,False,1,1,0,
train,D:\.Candra\Project\TA\02_data\raw\Sitting_posture.v17i.yolov8\train\images\WIN_20251004_11_46_29_Pro_mp4-0056_jpg.rf.27a4f94181f7f0d912346a04b0377134.jpg,train\images\WIN_20251004_11_46_29_Pro_mp4-0056_jpg.rf.27a4f94181f7f0d912346a04b0377134.jpg,D:\.Candra\Project\TA\02_data\raw\Sitting_posture.v17i.yolov8\train\labels\WIN_20251004_11_46_29_Pro_mp4-0056_jpg.rf.27a4f94181f7f0d912346a04b0377134.txt,1280,720,71257,d0bc7d0216dc933fc1fa337b7fac615dafb420753636b206fc10e2ec4431abae,1031313133535783,146.9062,326.8196,False,True,False,1,1,0,
train,D:\.Candra\Project\TA\02_data\raw\Sitting_posture.v17i.yolov8\train\images\WIN_20251004_11_46_29_Pro_mp4-0059_jpg.rf.e93a54388c83cc9aa644cc7d5c6bea40.jpg,train\images\WIN_20251004_11_46_29_Pro_mp4-0059_jpg.rf.e93a54388c83cc9aa644cc7d5c6bea40.jpg,D:\.Candra\Project\TA\02_data\raw\Sitting_posture.v17i.yolov8\train\labels\WIN_20251004_11_46_29_Pro_mp4-0059_jpg.rf.e93a54388c83cc9aa644cc7d5c6bea40.txt,1280,720,71386,04e30c1c0a0be82611b43be45194e9a975be7c1d22cdc78d3dcb22c2b2d57b40,1031313133335783,146.3954,327.194,False,True,False,1,1,0,
train,D:\.Candra\Project\TA\02_data\raw\Sitting_posture.v17i.yolov8\train\images\WIN_20251004_11_46_29_Pro_mp4-0061_jpg.rf.ddeaf3fe1dec179f81fd88e3ad0af5a0.jpg,train\images\WIN_20251004_11_46_29_Pro_mp4-0061_jpg.rf.ddeaf3fe1dec179f81fd88e3ad0af5a0.jpg,D:\.Candra\Project\TA\02_data\raw\Sitting_posture.v17i.yolov8\train\labels\WIN_20251004_11_46_29_Pro_mp4-0061_jpg.rf.ddeaf3fe1dec179f81fd88e3ad0af5a0.txt,1280,720,70268,c7ca39c2c918ee35f55b8109accbaa304d1657f3511a4fed410850c96fbcaad4,1031313133335782,146.3707,324.0554,False,True,False,1,1,0,
train,D:\.Candra\Project\TA\02_data\raw\Sitting_posture.v17i.yolov8\train\images\WIN_20251004_11_46_29_Pro_mp4-0071_jpg.rf.ed2a33f0252cd89026953f234c520cdf.jpg,train\images\WIN_20251004_11_46_29_Pro_mp4-0071_jpg.rf.ed2a33f0252cd89026953f234c520cdf.jpg,D:\.Candra\Project\TA\02_data\raw\Sitting_posture.v17i.yolov8\train\labels\WIN_20251004_11_46_29_Pro_mp4-0071_jpg.rf.ed2a33f0252cd89026953f234c520cdf.txt,1280,720,72664,34ded86983adb7786a170e3ff0de22260ae3aa907e9aba5f00f08f7b32e9aa0f,1031313133135783,146.5504,331.7178,False,True,False,1,1,0,
train,D:\.Candra\Project\TA\02_data\raw\Sitting_posture.v17i.yolov8\train\images\WIN_20251004_11_46_29_Pro_mp4-0072_jpg.rf.0caba5ec0d0b2e26d2cebdcb2d04008c.jpg,train\images\WIN_20251004_11_46_29_Pro_mp4-0072_jpg.rf.0caba5ec0d0b2e26d2cebdcb2d04008c.jpg,D:\.Candra\Project\TA\02_data\raw\Sitting_posture.v17i.yolov8\train\labels\WIN_20251004_11_46_29_Pro_mp4-0072_jpg.rf.0caba5ec0d0b2e26d2cebdcb2d04008c.txt,1280,720,69961,98b042d5b630886e47eb9471b90a0145eebe8bb502f75381eeb92632290a85aa,1031313133535783,146.6248,321.9473,False,True,False,1,1,0,
train,D:\.Candra\Project\TA\02_data\raw\Sitting_posture.v17i.yolov8\train\images\WIN_20251004_11_46_29_Pro_mp4-0073_jpg.rf.b3232d8e294264fa24569835c5db76ef.jpg,train\images\WIN_20251004_11_46_29_Pro_mp4-0073_jpg.rf.b3232d8e294264fa24569835c5db76ef.jpg,D:\.Candra\Project\TA\02_data\raw\Sitting_posture.v17i.yolov8\train\labels\WIN_20251004_11_46_29_Pro_mp4-0073_jpg.rf.b3232d8e294264fa24569835c5db76ef.txt,1280,720,69702,6505eea8a1adcae5818a717a02007d7c3429284df4b5f53f4d9d89e10db35e59,1031313133535783,146.5858,321.2037,False,True,False,1,1,0,
train,D:\.Candra\Project\TA\02_data\raw\Sitting_posture.v17i.yolov8\train\images\WIN_20251004_11_46_29_Pro_mp4-0077_jpg.rf.6a850e8668087db17c08aaec0902126e.jpg,train\images\WIN_20251004_11_46_29_Pro_mp4-0077_jpg.rf.6a850e8668087db17c08aaec0902126e.jpg,D:\.Candra\Project\TA\02_data\raw\Sitting_posture.v17i.yolov8\train\labels\WIN_20251004_11_46_29_Pro_mp4-0077_jpg.rf.6a850e8668087db17c08aaec0902126e.txt,1280,720,70555,6834e69ba5b26e46bf521d4af76c6ba7942a8ff7f5d41a36bd91eed7aa437689,10313131135357c3,147.3356,328.873,False,True,False,1,1,0,
train,D:\.Candra\Project\TA\02_data\raw\Sitting_posture.v17i.yolov8\train\images\WIN_20251004_11_46_29_Pro_mp4-0080_jpg.rf.9290a7a9f9f1c69dd732d184cc3641cd.jpg,train\images\WIN_20251004_11_46_29_Pro_mp4-0080_jpg.rf.9290a7a9f9f1c69dd732d184cc3641cd.jpg,D:\.Candra\Project\TA\02_data\raw\Sitting_posture.v17i.yolov8\train\labels\WIN_20251004_11_46_29_Pro_mp4-0080_jpg.rf.9290a7a9f9f1c69dd732d184cc3641cd.txt,1280,720,71509,cb65313562f065d5e7fce07ef43c0e553ec506ced82b799a6585ec7924413170,10313111135357c2,148.151,338.273,False,True,False,1,1,0,
train,D:\.Candra\Project\TA\02_data\raw\Sitting_posture.v17i.yolov8\train\images\WIN_20251004_11_46_29_Pro_mp4-0081_jpg.rf.04dc201c2eaa1cd130e6d6509f0b7e78.jpg,train\images\WIN_20251004_11_46_29_Pro_mp4-0081_jpg.rf.04dc201c2eaa1cd130e6d6509f0b7e78.jpg,D:\.Candra\Project\TA\02_data\raw\Sitting_posture.v17i.yolov8\train\labels\WIN_20251004_11_46_29_Pro_mp4-0081_jpg.rf.04dc201c2eaa1cd130e6d6509f0b7e78.txt,1280,720,71618,7537d259b1a164ee7d1602a86924c028fda2b96e22cd5d474d0df8f30314b78e,10111911535b57c2,148.3911,336.1729,False,True,False,1,1,0,
train,D:\.Candra\Project\TA\02_data\raw\Sitting_posture.v17i.yolov8\train\images\WIN_20251004_11_46_29_Pro_mp4-0084_jpg.rf.cce4190a25920c87c4f3e4b4b256cc28.jpg,train\images\WIN_20251004_11_46_29_Pro_mp4-0084_jpg.rf.cce4190a25920c87c4f3e4b4b256cc28.jpg,D:\.Candra\Project\TA\02_data\raw\Sitting_posture.v17i.yolov8\train\labels\WIN_20251004_11_46_29_Pro_mp4-0084_jpg.rf.cce4190a25920c87c4f3e4b4b256cc28.txt,1280,720,71148,81094592160e3ab9d9bf340d6ca78cbdbfe4ee0b2148799affdccb27e0ff914d,18191b195b4b43c2,148.5226,351.6826,False,True,False,1,1,0,
train,D:\.Candra\Project\TA\02_data\raw\Sitting_posture.v17i.yolov8\train\images\WIN_20251004_11_46_29_Pro_mp4-0090_jpg.rf.174e5b347fe4babe71210e48332a7204.jpg,train\images\WIN_20251004_11_46_29_Pro_mp4-0090_jpg.rf.174e5b347fe4babe71210e48332a7204.jpg,D:\.Candra\Project\TA\02_data\raw\Sitting_posture.v17i.yolov8\train\labels\WIN_20251004_11_46_29_Pro_mp4-0090_jpg.rf.174e5b347fe4babe71210e48332a7204.txt,1280,720,74195,87dd80c57101b442597af418446921f9933168507882c7fc2b4983befa686a17,080d0d0d4b6b634a,147.8061,380.8645,False,True,False,1,1,0,
train,D:\.Candra\Project\TA\02_data\raw\Sitting_posture.v17i.yolov8\train\images\WIN_20251004_11_46_29_Pro_mp4-0092_jpg.rf.500e391de5e4bb5273791a23f78bb247.jpg,train\images\WIN_20251004_11_46_29_Pro_mp4-0092_jpg.rf.500e391de5e4bb5273791a23f78bb247.jpg,D:\.Candra\Project\TA\02_data\raw\Sitting_posture.v17i.yolov8\train\labels\WIN_20251004_11_46_29_Pro_mp4-0092_jpg.rf.500e391de5e4bb5273791a23f78bb247.txt,1280,720,76807,ddb102e358cf2ea48ee6e86c3721958437518c946273d5056cbe88b5ce74f248,0c0d0d0d4b6b634b,147.9581,393.4164,False,True,False,1,1,0,
train,D:\.Candra\Project\TA\02_data\raw\Sitting_posture.v17i.yolov8\train\images\WIN_20251004_11_46_29_Pro_mp4-0093_jpg.rf.a692f9b0ecbc32fb37b8b6e93b3ccfa4.jpg,train\images\WIN_20251004_11_46_29_Pro_mp4-0093_jpg.rf.a692f9b0ecbc32fb37b8b6e93b3ccfa4.jpg,D:\.Candra\Project\TA\02_data\raw\Sitting_posture.v17i.yolov8\train\labels\WIN_20251004_11_46_29_Pro_mp4-0093_jpg.rf.a692f9b0ecbc32fb37b8b6e93b3ccfa4.txt,1280,720,76628,a2b3577114cc4d3f17f50d416f8ab2b78b2a6347469063e43249da33eca4ad89,0c0d0d0d4f6b634b,147.9077,401.0363,False,True,False,1,1,0,
train,D:\.Candra\Project\TA\02_data\raw\Sitting_posture.v17i.yolov8\train\images\WIN_20251004_11_46_29_Pro_mp4-0094_jpg.rf.1da476e428aa0113885f9e40b07cfa7e.jpg,train\images\WIN_20251004_11_46_29_Pro_mp4-0094_jpg.rf.1da476e428aa0113885f9e40b07cfa7e.jpg,D:\.Candra\Project\TA\02_data\raw\Sitting_posture.v17i.yolov8\train\labels\WIN_20251004_11_46_29_Pro_mp4-0094_jpg.rf.1da476e428aa0113885f9e40b07cfa7e.txt,1280,720,77020,e63849d7416cacfc342c48d042107e260209e3e7b59ff50883e79b30835afcac,0c0d0d0d4f6b634b,147.8615,405.0142,False,True,False,1,1,0,
train,D:\.Candra\Project\TA\02_data\raw\Sitting_posture.v17i.yolov8\train\images\WIN_20251004_11_46_29_Pro_mp4-0107_jpg.rf.c10ac8bfa60771ede37921f5d93650d6.jpg,train\images\WIN_20251004_11_46_29_Pro_mp4-0107_jpg.rf.c10ac8bfa60771ede37921f5d93650d6.jpg,D:\.Candra\Project\TA\02_data\raw\Sitting_posture.v17i.yolov8\train\labels\WIN_20251004_11_46_29_Pro_mp4-0107_jpg.rf.c10ac8bfa60771ede37921f5d93650d6.txt,1280,720,77084,b739c8ef16f72fd5b73eee85bba5087d8059b9dbb51cf006ab38909d8e649d2a,0c0d0d0d4f6b634b,147.9645,408.286,False,True,False,1,1,0,
train,D:\.Candra\Project\TA\02_data\raw\Sitting_posture.v17i.yolov8\train\images\WIN_20251004_11_46_29_Pro_mp4-0122_jpg.rf.04025bda83d689cb77facbcc576de96f.jpg,train\images\WIN_20251004_11_46_29_Pro_mp4-0122_jpg.rf.04025bda83d689cb77facbcc576de96f.jpg,D:\.Candra\Project\TA\02_data\raw\Sitting_posture.v17i.yolov8\train\labels\WIN_20251004_11_46_29_Pro_mp4-0122_jpg.rf.04025bda83d689cb77facbcc576de96f.txt,1280,720,72338,49a54339cceebc53358f55f97fb28fa71c3b7d70e073cb006fd0df52ec0bb926,10111911535b57c2,149.1912,351.1745,False,True,False,1,1,0,
train,D:\.Candra\Project\TA\02_data\raw\Sitting_posture.v17i.yolov8\train\images\WIN_20251004_11_46_29_Pro_mp4-0123_jpg.rf.71764b8421ce4e58fa324ab03997e75f.jpg,train\images\WIN_20251004_11_46_29_Pro_mp4-0123_jpg.rf.71764b8421ce4e58fa324ab03997e75f.jpg,D:\.Candra\Project\TA\02_data\raw\Sitting_posture.v17i.yolov8\train\labels\WIN_20251004_11_46_29_Pro_mp4-0123_jpg.rf.71764b8421ce4e58fa324ab03997e75f.txt,1280,720,72154,7f1832979fbfdd8b6b159f7c62eff9b2f38d61b12f3ad7d38bf765f8486370eb,10111111535357c2,149.2166,348.0273,False,True,False,1,1,0,
train,D:\.Candra\Project\TA\02_data\raw\Sitting_posture.v17i.yolov8\train\images\WIN_20251004_11_46_29_Pro_mp4-0124_jpg.rf.b7158af2bff28123be85bb9c454d717e.jpg,train\images\WIN_20251004_11_46_29_Pro_mp4-0124_jpg.rf.b7158af2bff28123be85bb9c454d717e.jpg,D:\.Candra\Project\TA\02_data\raw\Sitting_posture.v17i.yolov8\train\labels\WIN_20251004_11_46_29_Pro_mp4-0124_jpg.rf.b7158af2bff28123be85bb9c454d717e.txt,1280,720,72213,90fdfd23b2cfb5f5d0c1f73d744339dd199c87619d6bcbba3908740707c9014d,10113111535357c2,149.1037,345.6544,False,True,False,1,1,0,
train,D:\.Candra\Project\TA\02_data\raw\Sitting_posture.v17i.yolov8\train\images\WIN_20251004_11_46_29_Pro_mp4-0128_jpg.rf.742fe5f844c1be25b8f1117ea8ef2628.jpg,train\images\WIN_20251004_11_46_29_Pro_mp4-0128_jpg.rf.742fe5f844c1be25b8f1117ea8ef2628.jpg,D:\.Candra\Project\TA\02_data\raw\Sitting_posture.v17i.yolov8\train\labels\WIN_20251004_11_46_29_Pro_mp4-0128_jpg.rf.742fe5f844c1be25b8f1117ea8ef2628.txt,1280,720,71661,472928546739e9e94f61942a94164bb73c35d728d9c089914ac2c0e3e7ffcf1c,10313131135357c3,148.6249,334.6641,False,True,False,1,1,0,
train,D:\.Candra\Project\TA\02_data\raw\Sitting_posture.v17i.yolov8\train\images\WIN_20251004_11_46_29_Pro_mp4-0133_jpg.rf.c4a4ea6bc016a36b51a49b4bb11daf38.jpg,train\images\WIN_20251004_11_46_29_Pro_mp4-0133_jpg.rf.c4a4ea6bc016a36b51a49b4bb11daf38.jpg,D:\.Candra\Project\TA\02_data\raw\Sitting_posture.v17i.yolov8\train\labels\WIN_20251004_11_46_29_Pro_mp4-0133_jpg.rf.c4a4ea6bc016a36b51a49b4bb11daf38.txt,1280,720,71275,c9d2bb15b51846deb0064e3051897fff63897e0aea655c0415bfd5f1229cf114,10313131333357c2,146.9901,321.5103,False,True,False,1,1,0,
train,D:\.Candra\Project\TA\02_data\raw\Sitting_posture.v17i.yolov8\train\images\WIN_20251004_11_46_29_Pro_mp4-0137_jpg.rf.059cf7c0e55312bd724af55999565874.jpg,train\images\WIN_20251004_11_46_29_Pro_mp4-0137_jpg.rf.059cf7c0e55312bd724af55999565874.jpg,D:\.Candra\Project\TA\02_data\raw\Sitting_posture.v17i.yolov8\train\labels\WIN_20251004_11_46_29_Pro_mp4-0137_jpg.rf.059cf7c0e55312bd724af55999565874.txt,1280,720,69187,593015e01867e70279390b19d6f80e3ca48b43c6e88c9772034a0c81aa541590,1061617133336786,145.7107,313.1596,False,True,False,1,1,0,
train,D:\.Candra\Project\TA\02_data\raw\Sitting_posture.v17i.yolov8\train\images\WIN_20251004_11_46_29_Pro_mp4-0149_jpg.rf.a957a85d41b78c56f7a466a1ca2ef435.jpg,train\images\WIN_20251004_11_46_29_Pro_mp4-0149_jpg.rf.a957a85d41b78c56f7a466a1ca2ef435.jpg,D:\.Candra\Project\TA\02_data\raw\Sitting_posture.v17i.yolov8\train\labels\WIN_20251004_11_46_29_Pro_mp4-0149_jpg.rf.a957a85d41b78c56f7a466a1ca2ef435.txt,1280,720,68531,0f2520e2975432f4b2e9c342e5a19751142c54da55d7f4c0071fb8f0d18f50bf,1069617133334786,145.169,303.3874,False,True,False,1,1,0,
train,D:\.Candra\Project\TA\02_data\raw\Sitting_posture.v17i.yolov8\train\images\WIN_20251004_11_46_29_Pro_mp4-0151_jpg.rf.e1bfdc53845b5ad18d75154c0eed2f04.jpg,train\images\WIN_20251004_11_46_29_Pro_mp4-0151_jpg.rf.e1bfdc53845b5ad18d75154c0eed2f04.jpg,D:\.Candra\Project\TA\02_data\raw\Sitting_posture.v17i.yolov8\train\labels\WIN_20251004_11_46_29_Pro_mp4-0151_jpg.rf.e1bfdc53845b5ad18d75154c0eed2f04.txt,1280,720,70943,5d96265546587e844fd9758d7f61854ed7e611c65804159206f5cbf5559d4704,1031313133335782,145.6636,312.5911,False,True,False,1,1,0,
train,D:\.Candra\Project\TA\02_data\raw\Sitting_posture.v17i.yolov8\train\images\WIN_20251004_11_46_29_Pro_mp4-0152_jpg.rf.455ba42c5a233f287cf27f60aebba2dd.jpg,train\images\WIN_20251004_11_46_29_Pro_mp4-0152_jpg.rf.455ba42c5a233f287cf27f60aebba2dd.jpg,D:\.Candra\Project\TA\02_data\raw\Sitting_posture.v17i.yolov8\train\labels\WIN_20251004_11_46_29_Pro_mp4-0152_jpg.rf.455ba42c5a233f287cf27f60aebba2dd.txt,1280,720,70608,875a3a0b6b15e711d684f6fa3794fcbdbf192e08cf292f379284573fd59cb8f8,1031313133135783,145.9012,310.5877,False,True,False,1,1,0,
train,D:\.Candra\Project\TA\02_data\raw\Sitting_posture.v17i.yolov8\train\images\WIN_20251004_11_46_29_Pro_mp4-0156_jpg.rf.b9a95e64023fcab3378187fa07afef11.jpg,train\images\WIN_20251004_11_46_29_Pro_mp4-0156_jpg.rf.b9a95e64023fcab3378187fa07afef11.jpg,D:\.Candra\Project\TA\02_data\raw\Sitting_posture.v17i.yolov8\train\labels\WIN_20251004_11_46_29_Pro_mp4-0156_jpg.rf.b9a95e64023fcab3378187fa07afef11.txt,1280,720,70190,9728408f304511c7bfca8eb257307d66f0bd45dc5f627efdc528f25ec3777510,10191b19535b57c2,147.5227,329.3198,False,True,False,1,1,0,
train,D:\.Candra\Project\TA\02_data\raw\Sitting_posture.v17i.yolov8\train\images\WIN_20251004_11_46_29_Pro_mp4-0162_jpg.rf.887af53301947f0855675b88471ad4ee.jpg,train\images\WIN_20251004_11_46_29_Pro_mp4-0162_jpg.rf.887af53301947f0855675b88471ad4ee.jpg,D:\.Candra\Project\TA\02_data\raw\Sitting_posture.v17i.yolov8\train\labels\WIN_20251004_11_46_29_Pro_mp4-0162_jpg.rf.887af53301947f0855675b88471ad4ee.txt,1280,720,76345,c5001df82036c50e321bd4f80d818d3c595dd4c715109b3ffc32d9af77a02650,0c0d0d0d4f6b634b,147.0365,388.017,False,True,False,1,1,0,
train,D:\.Candra\Project\TA\02_data\raw\Sitting_posture.v17i.yolov8\train\images\WIN_20251004_11_46_29_Pro_mp4-0164_jpg.rf.7728e42c6854d782c755204c24a30862.jpg,train\images\WIN_20251004_11_46_29_Pro_mp4-0164_jpg.rf.7728e42c6854d782c755204c24a30862.jpg,D:\.Candra\Project\TA\02_data\raw\Sitting_posture.v17i.yolov8\train\labels\WIN_20251004_11_46_29_Pro_mp4-0164_jpg.rf.7728e42c6854d782c755204c24a30862.txt,1280,720,76127,1c42b69e9508b02ae2dc80d84de877563ceb222912c2eaadf2cfaa0a285f3b15,0c0d0d0d476f634b,147.1203,397.6768,False,True,False,1,1,0,
train,D:\.Candra\Project\TA\02_data\raw\Sitting_posture.v17i.yolov8\train\images\WIN_20251109_18_42_31_Pro_mp4-0000_jpg.rf.01ef3b42d8f38256f04c376fe9e7d4af.jpg,train\images\WIN_20251109_18_42_31_Pro_mp4-0000_jpg.rf.01ef3b42d8f38256f04c376fe9e7d4af.jpg,D:\.Candra\Project\TA\02_data\raw\Sitting_posture.v17i.yolov8\train\labels\WIN_20251109_18_42_31_Pro_mp4-0000_jpg.rf.01ef3b42d8f38256f04c376fe9e7d4af.txt,1280,720,71784,0c632612e7d0ef2b16519e160a40b5aef05a6d499d584292159be97dad0bf12f,814d4c4d8c869292,108.8883,321.0181,False,True,False,1,1,0,
train,D:\.Candra\Project\TA\02_data\raw\Sitting_posture.v17i.yolov8\train\images\WIN_20251109_18_42_31_Pro_mp4-0002_jpg.rf.a286a12067b93ecc8da3fc4bb9e36db8.jpg,train\images\WIN_20251109_18_42_31_Pro_mp4-0002_jpg.rf.a286a12067b93ecc8da3fc4bb9e36db8.jpg,D:\.Candra\Project\TA\02_data\raw\Sitting_posture.v17i.yolov8\train\labels\WIN_20251109_18_42_31_Pro_mp4-0002_jpg.rf.a286a12067b93ecc8da3fc4bb9e36db8.txt,1280,720,62860,458f4ed9898bb09246305a1457f9c6e882f10d9f265f09c6df3f17ddd0fe02ed,814d4c4c8c869292,109.6018,321.2077,False,True,False,1,1,0,
train,D:\.Candra\Project\TA\02_data\raw\Sitting_posture.v17i.yolov8\train\images\WIN_20251109_18_42_31_Pro_mp4-0003_jpg.rf.21b23704ee2794e9fd5540bb9e4092cc.jpg,train\images\WIN_20251109_18_42_31_Pro_mp4-0003_jpg.rf.21b23704ee2794e9fd5540bb9e4092cc.jpg,D:\.Candra\Project\TA\02_data\raw\Sitting_posture.v17i.yolov8\train\labels\WIN_20251109_18_42_31_Pro_mp4-0003_jpg.rf.21b23704ee2794e9fd5540bb9e4092cc.txt,1280,720,58697,6ea0726edca27b6509ff651ab2ee221de2a3426b58bf598fbe671efe9c95f146,814c4c4d84869282,110.5404,314.1563,False,True,False,1,1,0,
train,D:\.Candra\Project\TA\02_data\raw\Sitting_posture.v17i.yolov8\train\images\WIN_20251109_18_42_31_Pro_mp4-0004_jpg.rf.40df9cd8f3b8f1dcaaf26ce8bc2aeec6.jpg,train\images\WIN_20251109_18_42_31_Pro_mp4-0004_jpg.rf.40df9cd8f3b8f1dcaaf26ce8bc2aeec6.jpg,D:\.Candra\Project\TA\02_data\raw\Sitting_posture.v17i.yolov8\train\labels\WIN_20251109_18_42_31_Pro_mp4-0004_jpg.rf.40df9cd8f3b8f1dcaaf26ce8bc2aeec6.txt,1280,720,58979,a09089bcbb586c5d5a59b3ae922b509aee370888fbceeb7b438c393eb74c87eb,814c4c4d84869282,111.0384,313.1587,False,True,False,1,1,0,
train,D:\.Candra\Project\TA\02_data\raw\Sitting_posture.v17i.yolov8\train\images\WIN_20251109_18_42_31_Pro_mp4-0006_jpg.rf.d6b74c1511520a9816b42b43b2858ce7.jpg,train\images\WIN_20251109_18_42_31_Pro_mp4-0006_jpg.rf.d6b74c1511520a9816b42b43b2858ce7.jpg,D:\.Candra\Project\TA\02_data\raw\Sitting_posture.v17i.yolov8\train\labels\WIN_20251109_18_42_31_Pro_mp4-0006_jpg.rf.d6b74c1511520a9816b42b43b2858ce7.txt,1280,720,61811,01b39f44454be5ce30a8b6e5737f7b888827adf5d95df4b105c237b313175490,814c4c4d8c869282,111.3448,318.2493,False,True,False,1,1,0,
train,D:\.Candra\Project\TA\02_data\raw\Sitting_posture.v17i.yolov8\train\images\WIN_20251109_18_42_31_Pro_mp4-0007_jpg.rf.740576be1353421dbe1d5f8879c5ec74.jpg,train\images\WIN_20251109_18_42_31_Pro_mp4-0007_jpg.rf.740576be1353421dbe1d5f8879c5ec74.jpg,D:\.Candra\Project\TA\02_data\raw\Sitting_posture.v17i.yolov8\train\labels\WIN_20251109_18_42_31_Pro_mp4-0007_jpg.rf.740576be1353421dbe1d5f8879c5ec74.txt,1280,720,58533,20c1970994019991121f6abd81477d88123b99e847d137f3cd711500d7b43fdd,814c4c4d8c869282,111.0371,290.2585,False,True,False,1,1,0,
train,D:\.Candra\Project\TA\02_data\raw\Sitting_posture.v17i.yolov8\train\images\WIN_20251109_18_42_31_Pro_mp4-0008_jpg.rf.39d44b86713187cdbd3cb6c3f44eb901.jpg,train\images\WIN_20251109_18_42_31_Pro_mp4-0008_jpg.rf.39d44b86713187cdbd3cb6c3f44eb901.jpg,D:\.Candra\Project\TA\02_data\raw\Sitting_posture.v17i.yolov8\train\labels\WIN_20251109_18_42_31_Pro_mp4-0008_jpg.rf.39d44b86713187cdbd3cb6c3f44eb901.txt,1280,720,61718,a955732620ca4503388d19843108f97ac7d584f50c3eab2c21526a28198067b8,814c4c4d8c869282,110.7172,296.7671,False,True,False,1,1,0,
train,D:\.Candra\Project\TA\02_data\raw\Sitting_posture.v17i.yolov8\train\images\WIN_20251109_18_42_31_Pro_mp4-0011_jpg.rf.4ec65905160870f17650ecdfca7faae7.jpg,train\images\WIN_20251109_18_42_31_Pro_mp4-0011_jpg.rf.4ec65905160870f17650ecdfca7faae7.jpg,D:\.Candra\Project\TA\02_data\raw\Sitting_posture.v17i.yolov8\train\labels\WIN_20251109_18_42_31_Pro_mp4-0011_jpg.rf.4ec65905160870f17650ecdfca7faae7.txt,1280,720,60935,eaba845a61b9d200d6f2c1028444a7c18f150c5d3695ed6bfd8a0c64eafb82c2,8148481d8c8e9282,110.1341,318.2714,False,True,False,1,1,0,
train,D:\.Candra\Project\TA\02_data\raw\Sitting_posture.v17i.yolov8\train\images\WIN_20251109_18_42_31_Pro_mp4-0012_jpg.rf.53214afee691e88c52623dc2e5841b5d.jpg,train\images\WIN_20251109_18_42_31_Pro_mp4-0012_jpg.rf.53214afee691e88c52623dc2e5841b5d.jpg,D:\.Candra\Project\TA\02_data\raw\Sitting_posture.v17i.yolov8\train\labels\WIN_20251109_18_42_31_Pro_mp4-0012_jpg.rf.53214afee691e88c52623dc2e5841b5d.txt,1280,720,57721,7f044d091e63b4d7e3c960db5fddc4a5b078c77810b926d62cc8e632c0c4100b,8148481d9c8e9292,110.4179,305.3032,False,True,False,1,1,0,
train,D:\.Candra\Project\TA\02_data\raw\Sitting_posture.v17i.yolov8\train\images\WIN_20251109_18_42_31_Pro_mp4-0013_jpg.rf.717eb64209afcc7385b5a08789cd9d21.jpg,train\images\WIN_20251109_18_42_31_Pro_mp4-0013_jpg.rf.717eb64209afcc7385b5a08789cd9d21.jpg,D:\.Candra\Project\TA\02_data\raw\Sitting_posture.v17i.yolov8\train\labels\WIN_20251109_18_42_31_Pro_mp4-0013_jpg.rf.717eb64209afcc7385b5a08789cd9d21.txt,1280,720,61725,403ef2b21f9d49d762351f4100b6ae7664438bc764e2b6806b3d82f04ba1f9d8,814058189c8e9292,110.4721,322.8543,False,True,False,1,1,0,
train,D:\.Candra\Project\TA\02_data\raw\Sitting_posture.v17i.yolov8\train\images\WIN_20251109_18_42_31_Pro_mp4-0015_jpg.rf.a156d0e53dd127dced850952911a5260.jpg,train\images\WIN_20251109_18_42_31_Pro_mp4-0015_jpg.rf.a156d0e53dd127dced850952911a5260.jpg,D:\.Candra\Project\TA\02_data\raw\Sitting_posture.v17i.yolov8\train\labels\WIN_20251109_18_42_31_Pro_mp4-0015_jpg.rf.a156d0e53dd127dced850952911a5260.txt,1280,720,58414,94a1e1aebee80dddd9e0351fc6565c8f33af0508bcbf233cfa6da69495f6d5c4,814058989c8e9292,110.525,313.0698,False,True,False,1,1,0,
train,D:\.Candra\Project\TA\02_data\raw\Sitting_posture.v17i.yolov8\train\images\WIN_20251109_18_42_31_Pro_mp4-0016_jpg.rf.2e02c49b315d5a026bfe61c807a59b16.jpg,train\images\WIN_20251109_18_42_31_Pro_mp4-0016_jpg.rf.2e02c49b315d5a026bfe61c807a59b16.jpg,D:\.Candra\Project\TA\02_data\raw\Sitting_posture.v17i.yolov8\train\labels\WIN_20251109_18_42_31_Pro_mp4-0016_jpg.rf.2e02c49b315d5a026bfe61c807a59b16.txt,1280,720,60624,1e79830f971c539f4a5943ea3a534c58e0298bf9f56d6cc25d9be35a9d45844c,814058989c8e9292,110.3811,322.0708,False,True,False,1,1,0,
train,D:\.Candra\Project\TA\02_data\raw\Sitting_posture.v17i.yolov8\train\images\WIN_20251109_18_42_31_Pro_mp4-0017_jpg.rf.8bde4adcb6caafab939eb1eb9467db04.jpg,train\images\WIN_20251109_18_42_31_Pro_mp4-0017_jpg.rf.8bde4adcb6caafab939eb1eb9467db04.jpg,D:\.Candra\Project\TA\02_data\raw\Sitting_posture.v17i.yolov8\train\labels\WIN_20251109_18_42_31_Pro_mp4-0017_jpg.rf.8bde4adcb6caafab939eb1eb9467db04.txt,1280,720,57570,69f17ed75942d767fa1ce2bca44f86e53589f7a1bb7ebba5d5f35cad6afc7178,8148481c9c8e9282,110.3681,288.2714,False,True,False,1,1,0,
train,D:\.Candra\Project\TA\02_data\raw\Sitting_posture.v17i.yolov8\train\images\WIN_20251109_18_42_31_Pro_mp4-0018_jpg.rf.28e5b99a17ab1fc23a9f4257257d11af.jpg,train\images\WIN_20251109_18_42_31_Pro_mp4-0018_jpg.rf.28e5b99a17ab1fc23a9f4257257d11af.jpg,D:\.Candra\Project\TA\02_data\raw\Sitting_posture.v17i.yolov8\train\labels\WIN_20251109_18_42_31_Pro_mp4-0018_jpg.rf.28e5b99a17ab1fc23a9f4257257d11af.txt,1280,720,57121,245964f52ac66e02cd0201c9d535f7bb6edd20af840fc921431426107371f77d,81484c4d8c869282,110.981,285.8128,False,True,False,1,1,0,
train,D:\.Candra\Project\TA\02_data\raw\Sitting_posture.v17i.yolov8\train\images\WIN_20251109_18_42_31_Pro_mp4-0019_jpg.rf.9c1fcdfe73c04a931e0fca16beb175f2.jpg,train\images\WIN_20251109_18_42_31_Pro_mp4-0019_jpg.rf.9c1fcdfe73c04a931e0fca16beb175f2.jpg,D:\.Candra\Project\TA\02_data\raw\Sitting_posture.v17i.yolov8\train\labels\WIN_20251109_18_42_31_Pro_mp4-0019_jpg.rf.9c1fcdfe73c04a931e0fca16beb175f2.txt,1280,720,61501,93ae846427846b5dfb4fb2ef68aa7ad0ddb8ea2797731d92baeb48b5254e3610,81484c4d8c869282,111.4642,298.4173,False,True,False,1,1,0,
train,D:\.Candra\Project\TA\02_data\raw\Sitting_posture.v17i.yolov8\train\images\WIN_20251109_18_42_31_Pro_mp4-0020_jpg.rf.8b4b723e21138c770aefea4eb69cf831.jpg,train\images\WIN_20251109_18_42_31_Pro_mp4-0020_jpg.rf.8b4b723e21138c770aefea4eb69cf831.jpg,D:\.Candra\Project\TA\02_data\raw\Sitting_posture.v17i.yolov8\train\labels\WIN_20251109_18_42_31_Pro_mp4-0020_jpg.rf.8b4b723e21138c770aefea4eb69cf831.txt,1280,720,57857,e92843a0d0cd55ff56ad47bd8759a0a188b0397856e750f937a7a1784eaae586,814c4c4d8c869282,112.0977,303.4074,False,True,False,1,1,0,
train,D:\.Candra\Project\TA\02_data\raw\Sitting_posture.v17i.yolov8\train\images\WIN_20251109_18_42_31_Pro_mp4-0021_jpg.rf.4f65ce73862224610f5dd56dc23f5a00.jpg,train\images\WIN_20251109_18_42_31_Pro_mp4-0021_jpg.rf.4f65ce73862224610f5dd56dc23f5a00.jpg,D:\.Candra\Project\TA\02_data\raw\Sitting_posture.v17i.yolov8\train\labels\WIN_20251109_18_42_31_Pro_mp4-0021_jpg.rf.4f65ce73862224610f5dd56dc23f5a00.txt,1280,720,58045,405426fc59993f430efff01d30cc90fd2d1b83110a914560718628f9fbdbfa36,814c4c4d8c869282,112.6389,308.9346,False,True,False,1,1,0,
train,D:\.Candra\Project\TA\02_data\raw\Sitting_posture.v17i.yolov8\train\images\WIN_20251109_18_42_31_Pro_mp4-0022_jpg.rf.ee3cc790f8b211b794d530d563f61854.jpg,train\images\WIN_20251109_18_42_31_Pro_mp4-0022_jpg.rf.ee3cc790f8b211b794d530d563f61854.jpg,D:\.Candra\Project\TA\02_data\raw\Sitting_posture.v17i.yolov8\train\labels\WIN_20251109_18_42_31_Pro_mp4-0022_jpg.rf.ee3cc790f8b211b794d530d563f61854.txt,1280,720,61446,75beb107aa1f0b23d21f9a55431b406757db8f0c940885ab6b7ebcd9b11285ce,814c4c4d84869282,112.9496,330.5261,False,True,False,1,1,0,
train,D:\.Candra\Project\TA\02_data\raw\Sitting_posture.v17i.yolov8\train\images\WIN_20251109_18_42_31_Pro_mp4-0024_jpg.rf.908cbfaab93849909742e74c5e5e7840.jpg,train\images\WIN_20251109_18_42_31_Pro_mp4-0024_jpg.rf.908cbfaab93849909742e74c5e5e7840.jpg,D:\.Candra\Project\TA\02_data\raw\Sitting_posture.v17i.yolov8\train\labels\WIN_20251109_18_42_31_Pro_mp4-0024_jpg.rf.908cbfaab93849909742e74c5e5e7840.txt,1280,720,62291,62205889161a5858b698769df70a7bb5b3bd9561ab3234d51c293f89a7235137,81444c4d84869282,113.0809,333.7833,False,True,False,1,1,0,
train,D:\.Candra\Project\TA\02_data\raw\Sitting_posture.v17i.yolov8\train\images\WIN_20251109_18_42_31_Pro_mp4-0025_jpg.rf.3dd8ee0ec2aef3ab1e85480ad28f32f6.jpg,train\images\WIN_20251109_18_42_31_Pro_mp4-0025_jpg.rf.3dd8ee0ec2aef3ab1e85480ad28f32f6.jpg,D:\.Candra\Project\TA\02_data\raw\Sitting_posture.v17i.yolov8\train\labels\WIN_20251109_18_42_31_Pro_mp4-0025_jpg.rf.3dd8ee0ec2aef3ab1e85480ad28f32f6.txt,1280,720,58948,541af9cc9d4ea99a08c7c2ac2967891cb22d6b3e4a592afe30712bd34109451b,81444c4c84869282,113.2966,301.4203,False,True,False,1,1,0,
train,D:\.Candra\Project\TA\02_data\raw\Sitting_posture.v17i.yolov8\train\images\WIN_20251109_18_42_31_Pro_mp4-0026_jpg.rf.b7cfe5309d92c97105e590dfbc438b73.jpg,train\images\WIN_20251109_18_42_31_Pro_mp4-0026_jpg.rf.b7cfe5309d92c97105e590dfbc438b73.jpg,D:\.Candra\Project\TA\02_data\raw\Sitting_posture.v17i.yolov8\train\labels\WIN_20251109_18_42_31_Pro_mp4-0026_jpg.rf.b7cfe5309d92c97105e590dfbc438b73.txt,1280,720,57676,0bc53a7a51e57a901465b738ccf2c20088215ea1487e76f7a4f14fe3b50546dd,8144644484869282,114.0686,282.5455,False,True,False,1,1,0,
train,D:\.Candra\Project\TA\02_data\raw\Sitting_posture.v17i.yolov8\train\images\WIN_20251109_18_42_31_Pro_mp4-0027_jpg.rf.b4fd302d1a36116e37810580eae24b13.jpg,train\images\WIN_20251109_18_42_31_Pro_mp4-0027_jpg.rf.b4fd302d1a36116e37810580eae24b13.jpg,D:\.Candra\Project\TA\02_data\raw\Sitting_posture.v17i.yolov8\train\labels\WIN_20251109_18_42_31_Pro_mp4-0027_jpg.rf.b4fd302d1a36116e37810580eae24b13.txt,1280,720,61136,58a1e608c38a1a51243269e51d7b34701f0518931ca3bb0bad50a56f67712a79,8144664694869282,114.6402,294.7953,False,True,False,1,1,0,
train,D:\.Candra\Project\TA\02_data\raw\Sitting_posture.v17i.yolov8\train\images\WIN_20251109_18_42_31_Pro_mp4-0028_jpg.rf.2d9a3656579ec2b066503c576767ea6c.jpg,train\images\WIN_20251109_18_42_31_Pro_mp4-0028_jpg.rf.2d9a3656579ec2b066503c576767ea6c.jpg,D:\.Candra\Project\TA\02_data\raw\Sitting_posture.v17i.yolov8\train\labels\WIN_20251109_18_42_31_Pro_mp4-0028_jpg.rf.2d9a3656579ec2b066503c576767ea6c.txt,1280,720,57707,f9fe7b3c16986b867a6e83458ea3b100a629e5bfc9a9d62fccb23cd19e1fd146,8144666694869282,115.1688,290.9523,False,True,False,1,1,0,
train,D:\.Candra\Project\TA\02_data\raw\Sitting_posture.v17i.yolov8\train\images\WIN_20251109_18_42_31_Pro_mp4-0029_jpg.rf.c93b9fe5b212bba9ef0c330cbd400d8a.jpg,train\images\WIN_20251109_18_42_31_Pro_mp4-0029_jpg.rf.c93b9fe5b212bba9ef0c330cbd400d8a.jpg,D:\.Candra\Project\TA\02_data\raw\Sitting_posture.v17i.yolov8\train\labels\WIN_20251109_18_42_31_Pro_mp4-0029_jpg.rf.c93b9fe5b212bba9ef0c330cbd400d8a.txt,1280,720,57266,d0d0308f8ebfe7b8a277f0e7061fc20a02f1aee9f266921fe5486ea188d811b9,8144666696969682,115.667,279.3746,False,True,False,1,1,0,
train,D:\.Candra\Project\TA\02_data\raw\Sitting_posture.v17i.yolov8\train\images\WIN_20251109_18_42_31_Pro_mp4-0030_jpg.rf.1c727251825019ec0a961bfebed8b45e.jpg,train\images\WIN_20251109_18_42_31_Pro_mp4-0030_jpg.rf.1c727251825019ec0a961bfebed8b45e.jpg,D:\.Candra\Project\TA\02_data\raw\Sitting_posture.v17i.yolov8\train\labels\WIN_20251109_18_42_31_Pro_mp4-0030_jpg.rf.1c727251825019ec0a961bfebed8b45e.txt,1280,720,60461,8e3b0d7c7e79f058671ce536fce0123ba64b1ffd7bf23ef0eb8cbfe6941a3fab,8140666696969682,115.7724,286.3413,False,True,False,1,1,0,
train,D:\.Candra\Project\TA\02_data\raw\Sitting_posture.v17i.yolov8\train\images\WIN_20251109_18_42_31_Pro_mp4-0031_jpg.rf.34cc14f7489d14ca76e12bcec7cd315e.jpg,train\images\WIN_20251109_18_42_31_Pro_mp4-0031_jpg.rf.34cc14f7489d14ca76e12bcec7cd315e.jpg,D:\.Candra\Project\TA\02_data\raw\Sitting_posture.v17i.yolov8\train\labels\WIN_20251109_18_42_31_Pro_mp4-0031_jpg.rf.34cc14f7489d14ca76e12bcec7cd315e.txt,1280,720,56852,7bbc2c94293a36fe81ffb22c4ee2c7514feecf7fd1d1d8e42f0b76b4d328a441,8140666396969682,115.7921,271.5728,False,True,False,1,1,0,
train,D:\.Candra\Project\TA\02_data\raw\Sitting_posture.v17i.yolov8\train\images\WIN_20251109_18_42_31_Pro_mp4-0032_jpg.rf.c8cfae66b67e2899eae581feb7a11c10.jpg,train\images\WIN_20251109_18_42_31_Pro_mp4-0032_jpg.rf.c8cfae66b67e2899eae581feb7a11c10.jpg,D:\.Candra\Project\TA\02_data\raw\Sitting_posture.v17i.yolov8\train\labels\WIN_20251109_18_42_31_Pro_mp4-0032_jpg.rf.c8cfae66b67e2899eae581feb7a11c10.txt,1280,720,56368,4e10ef047d0f7c7ac9c76bc25588878f38b925af80a8028c17589ee18c2a13e1,8140666392969682,115.8275,289.7738,False,True,False,1,1,0,
train,D:\.Candra\Project\TA\02_data\raw\Sitting_posture.v17i.yolov8\train\images\WIN_20251109_18_42_31_Pro_mp4-0033_jpg.rf.c9865f59c2f866e9a5eb4d2e06f0c823.jpg,train\images\WIN_20251109_18_42_31_Pro_mp4-0033_jpg.rf.c9865f59c2f866e9a5eb4d2e06f0c823.jpg,D:\.Candra\Project\TA\02_data\raw\Sitting_posture.v17i.yolov8\train\labels\WIN_20251109_18_42_31_Pro_mp4-0033_jpg.rf.c9865f59c2f866e9a5eb4d2e06f0c823.txt,1280,720,58734,042eebfb9f73bf6185ff0e92b16a5d4b5e12d25f6339af5cc6bf385e14104d38,8140666392969682,115.7575,298.9724,False,True,False,1,1,0,
train,D:\.Candra\Project\TA\02_data\raw\Sitting_posture.v17i.yolov8\train\images\WIN_20251109_18_42_31_Pro_mp4-0034_jpg.rf.0c7cbf56f19b05a9600daf64efaa3ccb.jpg,train\images\WIN_20251109_18_42_31_Pro_mp4-0034_jpg.rf.0c7cbf56f19b05a9600daf64efaa3ccb.jpg,D:\.Candra\Project\TA\02_data\raw\Sitting_posture.v17i.yolov8\train\labels\WIN_20251109_18_42_31_Pro_mp4-0034_jpg.rf.0c7cbf56f19b05a9600daf64efaa3ccb.txt,1280,720,56671,0572574759c51c91e749d07028eccf1f0cde9a464efb0ad105c5b3a43ae710ef,8142666396969682,115.8453,283.6409,False,True,False,1,1,0,
train,D:\.Candra\Project\TA\02_data\raw\Sitting_posture.v17i.yolov8\train\images\WIN_20251109_18_42_31_Pro_mp4-0035_jpg.rf.9710ad85563a9ce1c630048daf541412.jpg,train\images\WIN_20251109_18_42_31_Pro_mp4-0035_jpg.rf.9710ad85563a9ce1c630048daf541412.jpg,D:\.Candra\Project\TA\02_data\raw\Sitting_posture.v17i.yolov8\train\labels\WIN_20251109_18_42_31_Pro_mp4-0035_jpg.rf.9710ad85563a9ce1c630048daf541412.txt,1280,720,59951,0051e60b771740bc4783c9f79b072b58c5f68bdc11033c01b345c26e05cbbb63,8140666696969682,115.8616,280.5927,False,True,False,1,1,0,
train,D:\.Candra\Project\TA\02_data\raw\Sitting_posture.v17i.yolov8\train\images\WIN_20251109_18_42_31_Pro_mp4-0036_jpg.rf.32ee9a6c04ba08221ffed3ec7f1d9f9e.jpg,train\images\WIN_20251109_18_42_31_Pro_mp4-0036_jpg.rf.32ee9a6c04ba08221ffed3ec7f1d9f9e.jpg,D:\.Candra\Project\TA\02_data\raw\Sitting_posture.v17i.yolov8\train\labels\WIN_20251109_18_42_31_Pro_mp4-0036_jpg.rf.32ee9a6c04ba08221ffed3ec7f1d9f9e.txt,1280,720,56718,bbb47d92cdc6ac93a947e65b683b5357b005de8ee25b6021dea25f1869819cfe,8144666694969682,115.6074,265.0478,False,True,False,1,1,0,
train,D:\.Candra\Project\TA\02_data\raw\Sitting_posture.v17i.yolov8\train\images\WIN_20251109_18_42_31_Pro_mp4-0038_jpg.rf.08d0b8884625993220e467440a491449.jpg,train\images\WIN_20251109_18_42_31_Pro_mp4-0038_jpg.rf.08d0b8884625993220e467440a491449.jpg,D:\.Candra\Project\TA\02_data\raw\Sitting_posture.v17i.yolov8\train\labels\WIN_20251109_18_42_31_Pro_mp4-0038_jpg.rf.08d0b8884625993220e467440a491449.txt,1280,720,61382,bcb9c44b2c96c43bd769536a1b68d99bc36f81d97b765051104cfc5be42ba8db,8144644484869282,114.1078,302.4304,False,True,False,1,1,0,
train,D:\.Candra\Project\TA\02_data\raw\Sitting_posture.v17i.yolov8\train\images\WIN_20251109_18_42_31_Pro_mp4-0039_jpg.rf.bc1f248e4705690df6e6313e082bb870.jpg,train\images\WIN_20251109_18_42_31_Pro_mp4-0039_jpg.rf.bc1f248e4705690df6e6313e082bb870.jpg,D:\.Candra\Project\TA\02_data\raw\Sitting_posture.v17i.yolov8\train\labels\WIN_20251109_18_42_31_Pro_mp4-0039_jpg.rf.bc1f248e4705690df6e6313e082bb870.txt,1280,720,58488,e93da7f9f35c6bf9d4172c07bfd7625f2c89e480dc2d1328669dcb0393cedd33,81404c4d8c869282,113.555,294.2626,False,True,False,1,1,0,
train,D:\.Candra\Project\TA\02_data\raw\Sitting_posture.v17i.yolov8\train\images\WIN_20251109_18_42_31_Pro_mp4-0040_jpg.rf.6b6ce35603748a32e6409237dd94f29c.jpg,train\images\WIN_20251109_18_42_31_Pro_mp4-0040_jpg.rf.6b6ce35603748a32e6409237dd94f29c.jpg,D:\.Candra\Project\TA\02_data\raw\Sitting_posture.v17i.yolov8\train\labels\WIN_20251109_18_42_31_Pro_mp4-0040_jpg.rf.6b6ce35603748a32e6409237dd94f29c.txt,1280,720,58789,6ca3a27da1345d88191092953b53d64f60f0b3ca4830a2af55f8f5287cb92104,81484c4d8c869286,113.054,307.485,False,True,False,1,1,0,
train,D:\.Candra\Project\TA\02_data\raw\Sitting_posture.v17i.yolov8\train\images\WIN_20251109_18_42_31_Pro_mp4-0041_jpg.rf.72188310b88ef340130cd51ce8ace8de.jpg,train\images\WIN_20251109_18_42_31_Pro_mp4-0041_jpg.rf.72188310b88ef340130cd51ce8ace8de.jpg,D:\.Candra\Project\TA\02_data\raw\Sitting_posture.v17i.yolov8\train\labels\WIN_20251109_18_42_31_Pro_mp4-0041_jpg.rf.72188310b88ef340130cd51ce8ace8de.txt,1280,720,62732,bed94b1b24ff4b22a8e48022949d6298652982c47ceb0327032f5d0e68a7920f,81484c4d8c869286,112.8766,333.6386,False,True,False,1,1,0,
train,D:\.Candra\Project\TA\02_data\raw\Sitting_posture.v17i.yolov8\train\images\WIN_20251109_18_42_31_Pro_mp4-0042_jpg.rf.8aeeb7c2ab0170fe0f3a5905449a4ba3.jpg,train\images\WIN_20251109_18_42_31_Pro_mp4-0042_jpg.rf.8aeeb7c2ab0170fe0f3a5905449a4ba3.jpg,D:\.Candra\Project\TA\02_data\raw\Sitting_posture.v17i.yolov8\train\labels\WIN_20251109_18_42_31_Pro_mp4-0042_jpg.rf.8aeeb7c2ab0170fe0f3a5905449a4ba3.txt,1280,720,59285,d1ec1aa3e159ce68eded31b1bf08380f4b10895894f54de664700ba7d4d6fd99,81484c4d8c869286,112.9859,315.2532,False,True,False,1,1,0,
train,D:\.Candra\Project\TA\02_data\raw\Sitting_posture.v17i.yolov8\train\images\WIN_20251109_18_42_31_Pro_mp4-0043_jpg.rf.a5db166b46f24c2b5b126d1606eb1606.jpg,train\images\WIN_20251109_18_42_31_Pro_mp4-0043_jpg.rf.a5db166b46f24c2b5b126d1606eb1606.jpg,D:\.Candra\Project\TA\02_data\raw\Sitting_posture.v17i.yolov8\train\labels\WIN_20251109_18_42_31_Pro_mp4-0043_jpg.rf.a5db166b46f24c2b5b126d1606eb1606.txt,1280,720,60366,51f5055f4ccf9388662dc07e09dc9127261ee1d23eadd623758fbb16dff73a5c,81484c4d8c869286,112.8822,310.9814,False,True,False,1,1,0,
train,D:\.Candra\Project\TA\02_data\raw\Sitting_posture.v17i.yolov8\train\images\WIN_20251109_18_42_31_Pro_mp4-0044_jpg.rf.a395c7c1f43f4b4189da15df40123fe4.jpg,train\images\WIN_20251109_18_42_31_Pro_mp4-0044_jpg.rf.a395c7c1f43f4b4189da15df40123fe4.jpg,D:\.Candra\Project\TA\02_data\raw\Sitting_posture.v17i.yolov8\train\labels\WIN_20251109_18_42_31_Pro_mp4-0044_jpg.rf.a395c7c1f43f4b4189da15df40123fe4.txt,1280,720,62409,287a2f628792a72fe90a78f956f998357eedf526d65fdad3f9d63419ef3e4b3e,81484c4d8c869286,112.7547,326.0215,False,True,False,1,1,0,
train,D:\.Candra\Project\TA\02_data\raw\Sitting_posture.v17i.yolov8\train\images\WIN_20251109_18_42_31_Pro_mp4-0048_jpg.rf.0db1c6b08ed2f809879a71fd98d6b305.jpg,train\images\WIN_20251109_18_42_31_Pro_mp4-0048_jpg.rf.0db1c6b08ed2f809879a71fd98d6b305.jpg,D:\.Candra\Project\TA\02_data\raw\Sitting_posture.v17i.yolov8\train\labels\WIN_20251109_18_42_31_Pro_mp4-0048_jpg.rf.0db1c6b08ed2f809879a71fd98d6b305.txt,1280,720,59340,ae43fd3792157f02982eb0375fa62d33f941613579f65edf8d2aec585701651b,81484c4d8c8e9286,111.9654,313.5471,False,True,False,1,1,0,
train,D:\.Candra\Project\TA\02_data\raw\Sitting_posture.v17i.yolov8\train\images\WIN_20251109_18_42_31_Pro_mp4-0050_jpg.rf.7c78a60cd3282b106e62807effd2b363.jpg,train\images\WIN_20251109_18_42_31_Pro_mp4-0050_jpg.rf.7c78a60cd3282b106e62807effd2b363.jpg,D:\.Candra\Project\TA\02_data\raw\Sitting_posture.v17i.yolov8\train\labels\WIN_20251109_18_42_31_Pro_mp4-0050_jpg.rf.7c78a60cd3282b106e62807effd2b363.txt,1280,720,59412,e12dcbfdc501a8cb79b1c8014a8928f2817f5bce3a1f8e5f4f113f4646144110,814058989c9a9a86,112.1928,331.5579,False,True,False,1,1,0,
train,D:\.Candra\Project\TA\02_data\raw\Sitting_posture.v17i.yolov8\train\images\WIN_20251109_18_42_31_Pro_mp4-0051_jpg.rf.81ddc62b8ce707457400bbeb1c367377.jpg,train\images\WIN_20251109_18_42_31_Pro_mp4-0051_jpg.rf.81ddc62b8ce707457400bbeb1c367377.jpg,D:\.Candra\Project\TA\02_data\raw\Sitting_posture.v17i.yolov8\train\labels\WIN_20251109_18_42_31_Pro_mp4-0051_jpg.rf.81ddc62b8ce707457400bbeb1c367377.txt,1280,720,59097,67297c0fa79adc8a60b6672850a4d99df2299fa4ccad7b14289bac3472303537,8140109a9c9a9a86,113.0581,340.206,False,True,False,1,1,0,
train,D:\.Candra\Project\TA\02_data\raw\Sitting_posture.v17i.yolov8\train\images\WIN_20251109_18_42_31_Pro_mp4-0052_jpg.rf.c8d41599146328cf2403d8879c9ea2cd.jpg,train\images\WIN_20251109_18_42_31_Pro_mp4-0052_jpg.rf.c8d41599146328cf2403d8879c9ea2cd.jpg,D:\.Candra\Project\TA\02_data\raw\Sitting_posture.v17i.yolov8\train\labels\WIN_20251109_18_42_31_Pro_mp4-0052_jpg.rf.c8d41599146328cf2403d8879c9ea2cd.txt,1280,720,62108,efece2b0cc842510eec3b7bdb20496f7668d4e73012cce984ea75460aa7d44f7,8140101094929a86,113.5407,349.2449,False,True,False,1,1,0,
train,D:\.Candra\Project\TA\02_data\raw\Sitting_posture.v17i.yolov8\train\images\WIN_20251109_18_42_31_Pro_mp4-0053_jpg.rf.0e0c82813be5f01bfdef189b6919d031.jpg,train\images\WIN_20251109_18_42_31_Pro_mp4-0053_jpg.rf.0e0c82813be5f01bfdef189b6919d031.jpg,D:\.Candra\Project\TA\02_data\raw\Sitting_posture.v17i.yolov8\train\labels\WIN_20251109_18_42_31_Pro_mp4-0053_jpg.rf.0e0c82813be5f01bfdef189b6919d031.txt,1280,720,58325,6aab7ceeafc6288712b07517942fcd5e84e1db34900b3b35a5210733b0fc274a,8140101014929286,113.8561,333.4344,False,True,False,1,1,0,
train,D:\.Candra\Project\TA\02_data\raw\Sitting_posture.v17i.yolov8\train\images\WIN_20251109_18_42_31_Pro_mp4-0054_jpg.rf.f9a4c6e541d15034f93c4b0171db1d82.jpg,train\images\WIN_20251109_18_42_31_Pro_mp4-0054_jpg.rf.f9a4c6e541d15034f93c4b0171db1d82.jpg,D:\.Candra\Project\TA\02_data\raw\Sitting_posture.v17i.yolov8\train\labels\WIN_20251109_18_42_31_Pro_mp4-0054_jpg.rf.f9a4c6e541d15034f93c4b0171db1d82.txt,1280,720,57944,62b94bb3f26ed6813a0af1808a5ffac50cd4afe00e4a13df6fa1063921ba9717,8140303034929286,114.0107,329.963,False,True,False,1,1,0,
train,D:\.Candra\Project\TA\02_data\raw\Sitting_posture.v17i.yolov8\train\images\WIN_20251109_18_42_31_Pro_mp4-0055_jpg.rf.fc7ef6e474a061531584aa9a4b82c705.jpg,train\images\WIN_20251109_18_42_31_Pro_mp4-0055_jpg.rf.fc7ef6e474a061531584aa9a4b82c705.jpg,D:\.Candra\Project\TA\02_data\raw\Sitting_posture.v17i.yolov8\train\labels\WIN_20251109_18_42_31_Pro_mp4-0055_jpg.rf.fc7ef6e474a061531584aa9a4b82c705.txt,1280,720,65530,b5955a5ab44558b0608918d33adb84bac09cb7666897ab5bb31cfc91c2ad07e0,8140303034969286,114.073,349.4343,False,True,False,1,1,0,
train,D:\.Candra\Project\TA\02_data\raw\Sitting_posture.v17i.yolov8\train\images\WIN_20251109_18_42_31_Pro_mp4-0056_jpg.rf.bb5fd56ccaf1ef10e457a93b9cd2d9e2.jpg,train\images\WIN_20251109_18_42_31_Pro_mp4-0056_jpg.rf.bb5fd56ccaf1ef10e457a93b9cd2d9e2.jpg,D:\.Candra\Project\TA\02_data\raw\Sitting_posture.v17i.yolov8\train\labels\WIN_20251109_18_42_31_Pro_mp4-0056_jpg.rf.bb5fd56ccaf1ef10e457a93b9cd2d9e2.txt,1280,720,56913,9ecdbfcf84d51a09acc02f333a4e19ee1865a75cc2eb582f5d4da6d66d3af161,8140303034969282,114.0556,325.7241,False,True,False,1,1,0,
train,D:\.Candra\Project\TA\02_data\raw\Sitting_posture.v17i.yolov8\train\images\WIN_20251109_18_42_31_Pro_mp4-0057_jpg.rf.033de5344ae94cd859b884b6d612fa7f.jpg,train\images\WIN_20251109_18_42_31_Pro_mp4-0057_jpg.rf.033de5344ae94cd859b884b6d612fa7f.jpg,D:\.Candra\Project\TA\02_data\raw\Sitting_posture.v17i.yolov8\train\labels\WIN_20251109_18_42_31_Pro_mp4-0057_jpg.rf.033de5344ae94cd859b884b6d612fa7f.txt,1280,720,57176,d1bbcbde094ef03872413539f596808f1fb9f2d971c729e66f7d487dfec21f9b,8140303034969282,114.0513,329.1288,False,True,False,1,1,0,
train,D:\.Candra\Project\TA\02_data\raw\Sitting_posture.v17i.yolov8\train\images\WIN_20251109_18_42_31_Pro_mp4-0058_jpg.rf.3b1a8b306196130a34882015d35d76f3.jpg,train\images\WIN_20251109_18_42_31_Pro_mp4-0058_jpg.rf.3b1a8b306196130a34882015d35d76f3.jpg,D:\.Candra\Project\TA\02_data\raw\Sitting_posture.v17i.yolov8\train\labels\WIN_20251109_18_42_31_Pro_mp4-0058_jpg.rf.3b1a8b306196130a34882015d35d76f3.txt,1280,720,57291,f822a1839c77c6e2d31c5f8d663d0b3bba4bbdf9e2d98aa9f8d1b8bbf347fee3,8140303034969282,114.0989,334.9651,False,True,False,1,1,0,
train,D:\.Candra\Project\TA\02_data\raw\Sitting_posture.v17i.yolov8\train\images\WIN_20251109_18_42_31_Pro_mp4-0059_jpg.rf.ba029efd81dfe2cb6b299830aad73589.jpg,train\images\WIN_20251109_18_42_31_Pro_mp4-0059_jpg.rf.ba029efd81dfe2cb6b299830aad73589.jpg,D:\.Candra\Project\TA\02_data\raw\Sitting_posture.v17i.yolov8\train\labels\WIN_20251109_18_42_31_Pro_mp4-0059_jpg.rf.ba029efd81dfe2cb6b299830aad73589.txt,1280,720,56957,2a44adc02d1b27222744b73cb5ce3c6772868977063150989bc098f9edca9d5b,8140303034969286,114.2748,318.1892,False,True,False,1,1,0,
train,D:\.Candra\Project\TA\02_data\raw\Sitting_posture.v17i.yolov8\train\images\WIN_20251109_18_42_31_Pro_mp4-0061_jpg.rf.251023c5490a2f78756c814e710829e5.jpg,train\images\WIN_20251109_18_42_31_Pro_mp4-0061_jpg.rf.251023c5490a2f78756c814e710829e5.jpg,D:\.Candra\Project\TA\02_data\raw\Sitting_posture.v17i.yolov8\train\labels\WIN_20251109_18_42_31_Pro_mp4-0061_jpg.rf.251023c5490a2f78756c814e710829e5.txt,1280,720,61876,26c0f0ab6ed72532498b39747901df3afdb9bc60190328050dd5c79e88fda36a,8140101094929a86,113.8976,337.5955,False,True,False,1,1,0,
train,D:\.Candra\Project\TA\02_data\raw\Sitting_posture.v17i.yolov8\train\images\WIN_20251109_18_42_31_Pro_mp4-0062_jpg.rf.d4be11f025b760cab0daa43063f8df89.jpg,train\images\WIN_20251109_18_42_31_Pro_mp4-0062_jpg.rf.d4be11f025b760cab0daa43063f8df89.jpg,D:\.Candra\Project\TA\02_data\raw\Sitting_posture.v17i.yolov8\train\labels\WIN_20251109_18_42_31_Pro_mp4-0062_jpg.rf.d4be11f025b760cab0daa43063f8df89.txt,1280,720,59063,24c5bb188fccc0530d6ac1fed76e34a8ef2203bb67c8ddbbeeb5791cfc515708,814058989c9a9a86,112.6913,335.5103,False,True,False,1,1,0,
train,D:\.Candra\Project\TA\02_data\raw\Sitting_posture.v17i.yolov8\train\images\WIN_20251109_18_42_31_Pro_mp4-0063_jpg.rf.0f961a955d7c85ecfc4a79f0a2b43092.jpg,train\images\WIN_20251109_18_42_31_Pro_mp4-0063_jpg.rf.0f961a955d7c85ecfc4a79f0a2b43092.jpg,D:\.Candra\Project\TA\02_data\raw\Sitting_posture.v17i.yolov8\train\labels\WIN_20251109_18_42_31_Pro_mp4-0063_jpg.rf.0f961a955d7c85ecfc4a79f0a2b43092.txt,1280,720,62097,96ef3260d72e1c86f7e4cb6b9a903dd72ce82a2228c4e4186706691c69f26673,8140484d8c8e9286,112.2714,320.1885,False,True,False,1,1,0,
train,D:\.Candra\Project\TA\02_data\raw\Sitting_posture.v17i.yolov8\train\images\WIN_20251109_18_42_31_Pro_mp4-0064_jpg.rf.ee1a8563f4778fac0653212d292b570e.jpg,train\images\WIN_20251109_18_42_31_Pro_mp4-0064_jpg.rf.ee1a8563f4778fac0653212d292b570e.jpg,D:\.Candra\Project\TA\02_data\raw\Sitting_posture.v17i.yolov8\train\labels\WIN_20251109_18_42_31_Pro_mp4-0064_jpg.rf.ee1a8563f4778fac0653212d292b570e.txt,1280,720,58050,6546dd1d803f696a39abc9e03f517e475307fda712a3bf3922410864c494c722,81404c4d8c869286,113.1088,283.3567,False,True,False,1,1,0,
train,D:\.Candra\Project\TA\02_data\raw\Sitting_posture.v17i.yolov8\train\images\WIN_20251109_18_42_31_Pro_mp4-0065_jpg.rf.01583eeef0d6473c6d35f7218758d5c5.jpg,train\images\WIN_20251109_18_42_31_Pro_mp4-0065_jpg.rf.01583eeef0d6473c6d35f7218758d5c5.jpg,D:\.Candra\Project\TA\02_data\raw\Sitting_posture.v17i.yolov8\train\labels\WIN_20251109_18_42_31_Pro_mp4-0065_jpg.rf.01583eeef0d6473c6d35f7218758d5c5.txt,1280,720,57829,48ec999db89ab75dcf8a05736683d016e26a4395650bfe5a72cbe77a967b4fb4,81404c4d84869282,114.5123,279.8989,False,True,False,1,1,0,
train,D:\.Candra\Project\TA\02_data\raw\Sitting_posture.v17i.yolov8\train\images\WIN_20251109_18_42_31_Pro_mp4-0066_jpg.rf.f56b5dbb742b36959db8f1dffb86df41.jpg,train\images\WIN_20251109_18_42_31_Pro_mp4-0066_jpg.rf.f56b5dbb742b36959db8f1dffb86df41.jpg,D:\.Candra\Project\TA\02_data\raw\Sitting_posture.v17i.yolov8\train\labels\WIN_20251109_18_42_31_Pro_mp4-0066_jpg.rf.f56b5dbb742b36959db8f1dffb86df41.txt,1280,720,60860,239d7c3626870c83ac8b003f8b66091acd518e8d77e1a9d4703a74e3c8ad97fd,8144644684869292,115.4374,291.7652,False,True,False,1,1,0,
train,D:\.Candra\Project\TA\02_data\raw\Sitting_posture.v17i.yolov8\train\images\WIN_20251109_18_42_31_Pro_mp4-0067_jpg.rf.6bf77463ff8492b284e95c0aa65b41f4.jpg,train\images\WIN_20251109_18_42_31_Pro_mp4-0067_jpg.rf.6bf77463ff8492b284e95c0aa65b41f4.jpg,D:\.Candra\Project\TA\02_data\raw\Sitting_posture.v17i.yolov8\train\labels\WIN_20251109_18_42_31_Pro_mp4-0067_jpg.rf.6bf77463ff8492b284e95c0aa65b41f4.txt,1280,720,61028,b6a026118fd1e865bd3c2a936d3facc15b3ca0032a2b542eb04d40b42bb3fde0,8144644694969292,115.7079,315.3764,False,True,False,1,1,0,
train,D:\.Candra\Project\TA\02_data\raw\Sitting_posture.v17i.yolov8\train\images\WIN_20251109_18_42_31_Pro_mp4-0069_jpg.rf.c3fbe6c250fe279c5ecdb242a47292e2.jpg,train\images\WIN_20251109_18_42_31_Pro_mp4-0069_jpg.rf.c3fbe6c250fe279c5ecdb242a47292e2.jpg,D:\.Candra\Project\TA\02_data\raw\Sitting_posture.v17i.yolov8\train\labels\WIN_20251109_18_42_31_Pro_mp4-0069_jpg.rf.c3fbe6c250fe279c5ecdb242a47292e2.txt,1280,720,60749,78cbcdf4b27e28480e81db8a4f8463ce46e8b9848d22acf9c8c9ba5e53db690d,8144644694969692,115.8607,317.1182,False,True,False,1,1,0,
train,D:\.Candra\Project\TA\02_data\raw\Sitting_posture.v17i.yolov8\train\images\WIN_20251109_18_42_31_Pro_mp4-0070_jpg.rf.29ca9f49ab824fafe8819cf12ab9cf4a.jpg,train\images\WIN_20251109_18_42_31_Pro_mp4-0070_jpg.rf.29ca9f49ab824fafe8819cf12ab9cf4a.jpg,D:\.Candra\Project\TA\02_data\raw\Sitting_posture.v17i.yolov8\train\labels\WIN_20251109_18_42_31_Pro_mp4-0070_jpg.rf.29ca9f49ab824fafe8819cf12ab9cf4a.txt,1280,720,56865,db9c63c65a4e340f9699862359c8c1ec4e2d243ca1330a16482debbd850a50c9,8144666694969292,116.1243,276.2843,False,True,False,1,1,0,
train,D:\.Candra\Project\TA\02_data\raw\Sitting_posture.v17i.yolov8\train\images\WIN_20251109_18_42_31_Pro_mp4-0071_jpg.rf.06dbae43e5834aceaa69dfd6a0f8e6c4.jpg,train\images\WIN_20251109_18_42_31_Pro_mp4-0071_jpg.rf.06dbae43e5834aceaa69dfd6a0f8e6c4.jpg,D:\.Candra\Project\TA\02_data\raw\Sitting_posture.v17i.yolov8\train\labels\WIN_20251109_18_42_31_Pro_mp4-0071_jpg.rf.06dbae43e5834aceaa69dfd6a0f8e6c4.txt,1280,720,59833,e1db45c978753e0736d5b2cd1c1f58a4841dcf058ada629a7456ad195d8c8428,8144666696969292,116.8004,279.4028,False,True,False,1,1,0,
train,D:\.Candra\Project\TA\02_data\raw\Sitting_posture.v17i.yolov8\train\images\WIN_20251109_18_42_31_Pro_mp4-0072_jpg.rf.c469258d9982c0ca4ff56bad29f55dbc.jpg,train\images\WIN_20251109_18_42_31_Pro_mp4-0072_jpg.rf.c469258d9982c0ca4ff56bad29f55dbc.jpg,D:\.Candra\Project\TA\02_data\raw\Sitting_posture.v17i.yolov8\train\labels\WIN_20251109_18_42_31_Pro_mp4-0072_jpg.rf.c469258d9982c0ca4ff56bad29f55dbc.txt,1280,720,55393,d19bafe088ad08ba55dd341f15f45ba9480868766a8417d270138cf80b7c2298,8142666696969292,117.4236,258.526,False,True,False,1,1,0,
train,D:\.Candra\Project\TA\02_data\raw\Sitting_posture.v17i.yolov8\train\images\WIN_20251109_18_42_31_Pro_mp4-0073_jpg.rf.7d52fb861753593c3a77edfb4e8d99c1.jpg,train\images\WIN_20251109_18_42_31_Pro_mp4-0073_jpg.rf.7d52fb861753593c3a77edfb4e8d99c1.jpg,D:\.Candra\Project\TA\02_data\raw\Sitting_posture.v17i.yolov8\train\labels\WIN_20251109_18_42_31_Pro_mp4-0073_jpg.rf.7d52fb861753593c3a77edfb4e8d99c1.txt,1280,720,54950,24fd31dfb6d53689e929c2d149052d7f05519ac8a46167b4ad71a7e262da6897,8142627392969293,117.9364,276.4525,False,True,False,1,1,0,
train,D:\.Candra\Project\TA\02_data\raw\Sitting_posture.v17i.yolov8\train\images\WIN_20251109_18_42_31_Pro_mp4-0074_jpg.rf.6a2c7a99caa4a401f6d0c80743598f57.jpg,train\images\WIN_20251109_18_42_31_Pro_mp4-0074_jpg.rf.6a2c7a99caa4a401f6d0c80743598f57.jpg,D:\.Candra\Project\TA\02_data\raw\Sitting_posture.v17i.yolov8\train\labels\WIN_20251109_18_42_31_Pro_mp4-0074_jpg.rf.6a2c7a99caa4a401f6d0c80743598f57.txt,1280,720,59600,7bc625d29426ad2cfb6b14708275c4cbad270fdc92fb96e07f67c134fefd2e25,8142637392929293,117.8605,294.9286,False,True,False,1,1,0,
train,D:\.Candra\Project\TA\02_data\raw\Sitting_posture.v17i.yolov8\train\images\WIN_20251109_18_42_31_Pro_mp4-0075_jpg.rf.67e1220a6ff4982099444d70878c88c2.jpg,train\images\WIN_20251109_18_42_31_Pro_mp4-0075_jpg.rf.67e1220a6ff4982099444d70878c88c2.jpg,D:\.Candra\Project\TA\02_data\raw\Sitting_posture.v17i.yolov8\train\labels\WIN_20251109_18_42_31_Pro_mp4-0075_jpg.rf.67e1220a6ff4982099444d70878c88c2.txt,1280,720,55726,65dfd4476c489a85b5a6962094453f19381bc64772e27422d12d2f6c411b1a31,8142635393929293,117.2787,302.5752,False,True,False,1,1,0,
train,D:\.Candra\Project\TA\02_data\raw\Sitting_posture.v17i.yolov8\train\images\WIN_20251109_18_42_31_Pro_mp4-0076_jpg.rf.860e5e9e12edfd72deb5914c000bb50f.jpg,train\images\WIN_20251109_18_42_31_Pro_mp4-0076_jpg.rf.860e5e9e12edfd72deb5914c000bb50f.jpg,D:\.Candra\Project\TA\02_data\raw\Sitting_posture.v17i.yolov8\train\labels\WIN_20251109_18_42_31_Pro_mp4-0076_jpg.rf.860e5e9e12edfd72deb5914c000bb50f.txt,1280,720,56265,0b6c742746bc30d2c378b0fbc17bd02054f270e2fac7aed106d7339e589f63fe,8141637191929293,116.5909,298.8503,False,True,False,1,1,0,
train,D:\.Candra\Project\TA\02_data\raw\Sitting_posture.v17i.yolov8\train\images\WIN_20251109_18_42_31_Pro_mp4-0077_jpg.rf.91a6741feb5834d5cf4767e3fd2bbc5d.jpg,train\images\WIN_20251109_18_42_31_Pro_mp4-0077_jpg.rf.91a6741feb5834d5cf4767e3fd2bbc5d.jpg,D:\.Candra\Project\TA\02_data\raw\Sitting_posture.v17i.yolov8\train\labels\WIN_20251109_18_42_31_Pro_mp4-0077_jpg.rf.91a6741feb5834d5cf4767e3fd2bbc5d.txt,1280,720,60249,c84ef55b9fcfcb3f53a44e7b81d65e617348f2a1d79d9e799d9dd4c2db7549e7,8140617191919293,116.4757,321.987,False,True,False,1,1,0,
train,D:\.Candra\Project\TA\02_data\raw\Sitting_posture.v17i.yolov8\train\images\WIN_20251109_18_42_31_Pro_mp4-0079_jpg.rf.954fe23bf770f73e2eadc8dae6d605f8.jpg,train\images\WIN_20251109_18_42_31_Pro_mp4-0079_jpg.rf.954fe23bf770f73e2eadc8dae6d605f8.jpg,D:\.Candra\Project\TA\02_data\raw\Sitting_posture.v17i.yolov8\train\labels\WIN_20251109_18_42_31_Pro_mp4-0079_jpg.rf.954fe23bf770f73e2eadc8dae6d605f8.txt,1280,720,55504,23d8b2cc8f75415cba72750105672c7cbce01a85df670f61bb4b8beca9e04be9,814061719091939b,116.7503,293.1722,False,True,False,1,1,0,
train,D:\.Candra\Project\TA\02_data\raw\Sitting_posture.v17i.yolov8\train\images\WIN_20251109_18_42_31_Pro_mp4-0080_jpg.rf.831313b4b59e562bbccc09d1e9effcee.jpg,train\images\WIN_20251109_18_42_31_Pro_mp4-0080_jpg.rf.831313b4b59e562bbccc09d1e9effcee.jpg,D:\.Candra\Project\TA\02_data\raw\Sitting_posture.v17i.yolov8\train\labels\WIN_20251109_18_42_31_Pro_mp4-0080_jpg.rf.831313b4b59e562bbccc09d1e9effcee.txt,1280,720,59858,35ef50713215f45d06d52e52aaca87e48ad8d675dc3ca2a9859f508ec36f3451,814061719095919b,116.6729,321.2946,False,True,False,1,1,0,
train,D:\.Candra\Project\TA\02_data\raw\Sitting_posture.v17i.yolov8\train\images\WIN_20251109_18_42_31_Pro_mp4-0081_jpg.rf.d12c1c8a3dd07b8324c23d4ab38aa4ed.jpg,train\images\WIN_20251109_18_42_31_Pro_mp4-0081_jpg.rf.d12c1c8a3dd07b8324c23d4ab38aa4ed.jpg,D:\.Candra\Project\TA\02_data\raw\Sitting_posture.v17i.yolov8\train\labels\WIN_20251109_18_42_31_Pro_mp4-0081_jpg.rf.d12c1c8a3dd07b8324c23d4ab38aa4ed.txt,1280,720,55612,42154a23050e71c426eea0efd0b16dd1d4cc9e5dc2f9beb2fee271a3f9b5c050,814061719091939b,116.4341,293.3735,False,True,False,1,1,0,
train,D:\.Candra\Project\TA\02_data\raw\Sitting_posture.v17i.yolov8\train\images\WIN_20251109_18_42_31_Pro_mp4-0082_jpg.rf.0beb05ef132910d190c3a61b020025ae.jpg,train\images\WIN_20251109_18_42_31_Pro_mp4-0082_jpg.rf.0beb05ef132910d190c3a61b020025ae.jpg,D:\.Candra\Project\TA\02_data\raw\Sitting_posture.v17i.yolov8\train\labels\WIN_20251109_18_42_31_Pro_mp4-0082_jpg.rf.0beb05ef132910d190c3a61b020025ae.txt,1280,720,59238,becd71021b32c46b536fe0a4858ebe87af6c2780196ec53bef1e5e768f6b1f14,8140617191919393,116.2278,312.3469,False,True,False,1,1,0,
train,D:\.Candra\Project\TA\02_data\raw\Sitting_posture.v17i.yolov8\train\images\WIN_20251109_18_42_31_Pro_mp4-0083_jpg.rf.6477414df0d571b932cab731ea04090b.jpg,train\images\WIN_20251109_18_42_31_Pro_mp4-0083_jpg.rf.6477414df0d571b932cab731ea04090b.jpg,D:\.Candra\Project\TA\02_data\raw\Sitting_posture.v17i.yolov8\train\labels\WIN_20251109_18_42_31_Pro_mp4-0083_jpg.rf.6477414df0d571b932cab731ea04090b.txt,1280,720,55654,728038e257ece9bf12dcd341299b3120e071c48c49b92448a5ae2b630cdad041,8141637191929293,116.3313,297.5406,False,True,False,1,1,0,
train,D:\.Candra\Project\TA\02_data\raw\Sitting_posture.v17i.yolov8\train\images\WIN_20251109_18_42_31_Pro_mp4-0084_jpg.rf.9ca9b7e22e240c7a308443fb7555a9e2.jpg,train\images\WIN_20251109_18_42_31_Pro_mp4-0084_jpg.rf.9ca9b7e22e240c7a308443fb7555a9e2.jpg,D:\.Candra\Project\TA\02_data\raw\Sitting_posture.v17i.yolov8\train\labels\WIN_20251109_18_42_31_Pro_mp4-0084_jpg.rf.9ca9b7e22e240c7a308443fb7555a9e2.txt,1280,720,54774,1cdd751aeee8f267b45fa7b768c76f4e941623c1f4a893a8a3e74e610a4f7132,8142637392929293,117.3309,275.4626,False,True,False,1,1,0,
train,D:\.Candra\Project\TA\02_data\raw\Sitting_posture.v17i.yolov8\train\images\WIN_20251109_18_42_31_Pro_mp4-0085_jpg.rf.a409d589419bef137e04b2b5a9b0af4e.jpg,train\images\WIN_20251109_18_42_31_Pro_mp4-0085_jpg.rf.a409d589419bef137e04b2b5a9b0af4e.jpg,D:\.Candra\Project\TA\02_data\raw\Sitting_posture.v17i.yolov8\train\labels\WIN_20251109_18_42_31_Pro_mp4-0085_jpg.rf.a409d589419bef137e04b2b5a9b0af4e.txt,1280,720,58186,efcd5aa636f0efb83714f16845c59e2167e2900ca148dc1b907a178d186abb55,8142666696969292,117.176,268.7756,False,True,False,1,1,0,
train,D:\.Candra\Project\TA\02_data\raw\Sitting_posture.v17i.yolov8\train\images\WIN_20251109_18_42_31_Pro_mp4-0087_jpg.rf.80117c1eb3e886523ce6ac2ebc5d0d04.jpg,train\images\WIN_20251109_18_42_31_Pro_mp4-0087_jpg.rf.80117c1eb3e886523ce6ac2ebc5d0d04.jpg,D:\.Candra\Project\TA\02_data\raw\Sitting_posture.v17i.yolov8\train\labels\WIN_20251109_18_42_31_Pro_mp4-0087_jpg.rf.80117c1eb3e886523ce6ac2ebc5d0d04.txt,1280,720,57304,d1b51b8c6dac21cdd2ee8a83287465a043c1901436ad8b9961d6cd4f9f0732af,8144644484869286,114.29,273.3283,False,True,False,1,1,0,
train,D:\.Candra\Project\TA\02_data\raw\Sitting_posture.v17i.yolov8\train\images\WIN_20251109_18_42_31_Pro_mp4-0088_jpg.rf.6147e1cc24a0151aefc2c2440ac21d7d.jpg,train\images\WIN_20251109_18_42_31_Pro_mp4-0088_jpg.rf.6147e1cc24a0151aefc2c2440ac21d7d.jpg,D:\.Candra\Project\TA\02_data\raw\Sitting_posture.v17i.yolov8\train\labels\WIN_20251109_18_42_31_Pro_mp4-0088_jpg.rf.6147e1cc24a0151aefc2c2440ac21d7d.txt,1280,720,61881,2fc2009ee340bf7b7d80d8cdb96d0fe9a9918a14d686478ce830120d054db8ee,81484c4d8c869286,113.0134,318.354,False,True,False,1,1,0,
train,D:\.Candra\Project\TA\02_data\raw\Sitting_posture.v17i.yolov8\train\images\WIN_20251109_18_42_31_Pro_mp4-0089_jpg.rf.4ea667fd3ac21f1fa2b11414d4761119.jpg,train\images\WIN_20251109_18_42_31_Pro_mp4-0089_jpg.rf.4ea667fd3ac21f1fa2b11414d4761119.jpg,D:\.Candra\Project\TA\02_data\raw\Sitting_posture.v17i.yolov8\train\labels\WIN_20251109_18_42_31_Pro_mp4-0089_jpg.rf.4ea667fd3ac21f1fa2b11414d4761119.txt,1280,720,59302,2a9924ace8b6a6136690eb19f29d02ae1965422502f170786a429f0f47e9d62b,81484c4d8c869286,112.734,316.8527,False,True,False,1,1,0,
train,D:\.Candra\Project\TA\02_data\raw\Sitting_posture.v17i.yolov8\train\images\WIN_20251109_18_42_31_Pro_mp4-0090_jpg.rf.ddfc75a36526ff674d705aa7d128f2b0.jpg,train\images\WIN_20251109_18_42_31_Pro_mp4-0090_jpg.rf.ddfc75a36526ff674d705aa7d128f2b0.jpg,D:\.Candra\Project\TA\02_data\raw\Sitting_posture.v17i.yolov8\train\labels\WIN_20251109_18_42_31_Pro_mp4-0090_jpg.rf.ddfc75a36526ff674d705aa7d128f2b0.txt,1280,720,59143,3f6523009ab4b924b7b388a7a7bbc8afba337c48fe76a359a110cc9c02bfd0fc,81484c4d8c869286,112.798,316.834,False,True,False,1,1,0,
train,D:\.Candra\Project\TA\02_data\raw\Sitting_posture.v17i.yolov8\train\images\WIN_20251109_18_42_31_Pro_mp4-0091_jpg.rf.a7647aedcccdf7fd7201fbde7781fe23.jpg,train\images\WIN_20251109_18_42_31_Pro_mp4-0091_jpg.rf.a7647aedcccdf7fd7201fbde7781fe23.jpg,D:\.Candra\Project\TA\02_data\raw\Sitting_posture.v17i.yolov8\train\labels\WIN_20251109_18_42_31_Pro_mp4-0091_jpg.rf.a7647aedcccdf7fd7201fbde7781fe23.txt,1280,720,62815,b5d2cdff73acb4d04b26414ed28bfaacb21ab7ae61837787d9bf2a1f5f5c2496,81484c4d8c869286,113.0018,340.0099,False,True,False,1,1,0,
train,D:\.Candra\Project\TA\02_data\raw\Sitting_posture.v17i.yolov8\train\images\WIN_20251109_18_42_31_Pro_mp4-0092_jpg.rf.a6837ae9b5455d4ef6f437a96253a47c.jpg,train\images\WIN_20251109_18_42_31_Pro_mp4-0092_jpg.rf.a6837ae9b5455d4ef6f437a96253a47c.jpg,D:\.Candra\Project\TA\02_data\raw\Sitting_posture.v17i.yolov8\train\labels\WIN_20251109_18_42_31_Pro_mp4-0092_jpg.rf.a6837ae9b5455d4ef6f437a96253a47c.txt,1280,720,59452,18501a3c99c9146020d1fe6a13def139ad34e6e2a7f51ba67c8128dff0d04ffb,81484c4d8c869286,112.9675,321.4818,False,True,False,1,1,0,
train,D:\.Candra\Project\TA\02_data\raw\Sitting_posture.v17i.yolov8\train\images\WIN_20251109_18_42_31_Pro_mp4-0093_jpg.rf.fad050c34f4b678b1ff950122c647def.jpg,train\images\WIN_20251109_18_42_31_Pro_mp4-0093_jpg.rf.fad050c34f4b678b1ff950122c647def.jpg,D:\.Candra\Project\TA\02_data\raw\Sitting_posture.v17i.yolov8\train\labels\WIN_20251109_18_42_31_Pro_mp4-0093_jpg.rf.fad050c34f4b678b1ff950122c647def.txt,1280,720,62455,3eefc80ffbac036773364af9c113eaede58e5e685557ccd834697ffb4e99df90,81484c4d8c869286,112.8616,334.4799,False,True,False,1,1,0,
train,D:\.Candra\Project\TA\02_data\raw\Sitting_posture.v17i.yolov8\train\images\WIN_20251109_18_42_31_Pro_mp4-0094_jpg.rf.1b717eeb913a957a4a20fb0fbd7d18d3.jpg,train\images\WIN_20251109_18_42_31_Pro_mp4-0094_jpg.rf.1b717eeb913a957a4a20fb0fbd7d18d3.jpg,D:\.Candra\Project\TA\02_data\raw\Sitting_posture.v17i.yolov8\train\labels\WIN_20251109_18_42_31_Pro_mp4-0094_jpg.rf.1b717eeb913a957a4a20fb0fbd7d18d3.txt,1280,720,58639,ad807fcb26980b1a23c022cf3c2ca59ae131624f48710aea5fc9fabfcdb40a42,81484c4d8c869286,112.4404,295.3356,False,True,False,1,1,0,
train,D:\.Candra\Project\TA\02_data\raw\Sitting_posture.v17i.yolov8\train\images\WIN_20251109_18_42_31_Pro_mp4-0095_jpg.rf.12894939932a7dfb3b61606c375b0395.jpg,train\images\WIN_20251109_18_42_31_Pro_mp4-0095_jpg.rf.12894939932a7dfb3b61606c375b0395.jpg,D:\.Candra\Project\TA\02_data\raw\Sitting_posture.v17i.yolov8\train\labels\WIN_20251109_18_42_31_Pro_mp4-0095_jpg.rf.12894939932a7dfb3b61606c375b0395.txt,1280,720,58788,9278e057a79d3bdaf314e6bff5b4eed6f82045454f19ef5d96f96507fb91d0c3,81484c4d8c869286,111.8311,301.6648,False,True,False,1,1,0,
train,D:\.Candra\Project\TA\02_data\raw\Sitting_posture.v17i.yolov8\train\images\WIN_20251109_18_42_31_Pro_mp4-0096_jpg.rf.0cab62cb8bcfb7104ac09c081718c628.jpg,train\images\WIN_20251109_18_42_31_Pro_mp4-0096_jpg.rf.0cab62cb8bcfb7104ac09c081718c628.jpg,D:\.Candra\Project\TA\02_data\raw\Sitting_posture.v17i.yolov8\train\labels\WIN_20251109_18_42_31_Pro_mp4-0096_jpg.rf.0cab62cb8bcfb7104ac09c081718c628.txt,1280,720,62439,67cdf9bf55dd70bb6b7d32804a9a197438ebbbc958822f54de3c172569eeeb02,81484c4d8c869282,111.4197,324.5274,False,True,False,1,1,0,
train,D:\.Candra\Project\TA\02_data\raw\Sitting_posture.v17i.yolov8\train\images\WIN_20251109_18_42_31_Pro_mp4-0097_jpg.rf.7c6416e9eef120b2b37195663a518e0d.jpg,train\images\WIN_20251109_18_42_31_Pro_mp4-0097_jpg.rf.7c6416e9eef120b2b37195663a518e0d.jpg,D:\.Candra\Project\TA\02_data\raw\Sitting_posture.v17i.yolov8\train\labels\WIN_20251109_18_42_31_Pro_mp4-0097_jpg.rf.7c6416e9eef120b2b37195663a518e0d.txt,1280,720,59109,2e78c2bf0e01946716f23a45b87d6a3e2290d4aaa395b3ed745ccafb5f9e950b,8140481d9c8e9282,111.1676,315.5749,False,True,False,1,1,0,
train,D:\.Candra\Project\TA\02_data\raw\Sitting_posture.v17i.yolov8\train\images\WIN_20251109_18_42_31_Pro_mp4-0098_jpg.rf.2a9073be9d430d22e964b4aedee068ab.jpg,train\images\WIN_20251109_18_42_31_Pro_mp4-0098_jpg.rf.2a9073be9d430d22e964b4aedee068ab.jpg,D:\.Candra\Project\TA\02_data\raw\Sitting_posture.v17i.yolov8\train\labels\WIN_20251109_18_42_31_Pro_mp4-0098_jpg.rf.2a9073be9d430d22e964b4aedee068ab.txt,1280,720,59894,8381947582a139258a4c9c5d570fb0895141ec9db73bcaf401ee6451fd8dd54a,814048189c8e9282,110.981,317.348,False,True,False,1,1,0,
train,D:\.Candra\Project\TA\02_data\raw\Sitting_posture.v17i.yolov8\train\images\WIN_20251109_18_42_31_Pro_mp4-0099_jpg.rf.1b0866ba20216f2b70fbd5d1eefe5198.jpg,train\images\WIN_20251109_18_42_31_Pro_mp4-0099_jpg.rf.1b0866ba20216f2b70fbd5d1eefe5198.jpg,D:\.Candra\Project\TA\02_data\raw\Sitting_posture.v17i.yolov8\train\labels\WIN_20251109_18_42_31_Pro_mp4-0099_jpg.rf.1b0866ba20216f2b70fbd5d1eefe5198.txt,1280,720,62511,203fa232e7c21d9f1b95dfe7c994e77eedb05df58a516c99a9ec95a305d9eeb3,814058189c8e9282,111.0143,333.9483,False,True,False,1,1,0,
train,D:\.Candra\Project\TA\02_data\raw\Sitting_posture.v17i.yolov8\train\images\WIN_20251109_18_42_31_Pro_mp4-0100_jpg.rf.0d54edcf4180096e3d9abce1e56d148c.jpg,train\images\WIN_20251109_18_42_31_Pro_mp4-0100_jpg.rf.0d54edcf4180096e3d9abce1e56d148c.jpg,D:\.Candra\Project\TA\02_data\raw\Sitting_posture.v17i.yolov8\train\labels\WIN_20251109_18_42_31_Pro_mp4-0100_jpg.rf.0d54edcf4180096e3d9abce1e56d148c.txt,1280,720,58873,d93a7fa304fed9e370f708053ea5879955b9c19420677a71e59beafbb4db5c8a,814058989c9e9282,111.0551,317.1956,False,True,False,1,1,0,
train,D:\.Candra\Project\TA\02_data\raw\Sitting_posture.v17i.yolov8\train\images\WIN_20251109_18_42_31_Pro_mp4-0101_jpg.rf.4b5847af7b574931205a6c5eaf10e9e1.jpg,train\images\WIN_20251109_18_42_31_Pro_mp4-0101_jpg.rf.4b5847af7b574931205a6c5eaf10e9e1.jpg,D:\.Candra\Project\TA\02_data\raw\Sitting_posture.v17i.yolov8\train\labels\WIN_20251109_18_42_31_Pro_mp4-0101_jpg.rf.4b5847af7b574931205a6c5eaf10e9e1.txt,1280,720,59049,996aa6bcb87a82609e49686bbb184e4eac33b53466e1da0148c1ac5598426ce8,814058989c9e9282,111.0961,324.144,False,True,False,1,1,0,
train,D:\.Candra\Project\TA\02_data\raw\Sitting_posture.v17i.yolov8\train\images\WIN_20251109_18_42_31_Pro_mp4-0103_jpg.rf.53d966ffd5993aa595f7d696b349de99.jpg,train\images\WIN_20251109_18_42_31_Pro_mp4-0103_jpg.rf.53d966ffd5993aa595f7d696b349de99.jpg,D:\.Candra\Project\TA\02_data\raw\Sitting_posture.v17i.yolov8\train\labels\WIN_20251109_18_42_31_Pro_mp4-0103_jpg.rf.53d966ffd5993aa595f7d696b349de99.txt,1280,720,58865,e69610b3242f6e363af79ea452098ed2a498f25378f80578a5da2d8bcefbf88d,814048189c8e9282,110.8843,312.8439,False,True,False,1,1,0,
train,D:\.Candra\Project\TA\02_data\raw\Sitting_posture.v17i.yolov8\train\images\WIN_20251109_18_42_31_Pro_mp4-0104_jpg.rf.7051d78fb214b74b8445ae6346ea7815.jpg,train\images\WIN_20251109_18_42_31_Pro_mp4-0104_jpg.rf.7051d78fb214b74b8445ae6346ea7815.jpg,D:\.Candra\Project\TA\02_data\raw\Sitting_posture.v17i.yolov8\train\labels\WIN_20251109_18_42_31_Pro_mp4-0104_jpg.rf.7051d78fb214b74b8445ae6346ea7815.txt,1280,720,59393,cb9c7498cbf46e816332a0a0f8e4904551d2a21a26d88a79004b4a8887151b61,814048189c8e9282,110.8875,311.96,False,True,False,1,1,0,
train,D:\.Candra\Project\TA\02_data\raw\Sitting_posture.v17i.yolov8\train\images\WIN_20251109_18_42_31_Pro_mp4-0105_jpg.rf.4c7b6a4d1172293d6bb57e118dff54e4.jpg,train\images\WIN_20251109_18_42_31_Pro_mp4-0105_jpg.rf.4c7b6a4d1172293d6bb57e118dff54e4.jpg,D:\.Candra\Project\TA\02_data\raw\Sitting_posture.v17i.yolov8\train\labels\WIN_20251109_18_42_31_Pro_mp4-0105_jpg.rf.4c7b6a4d1172293d6bb57e118dff54e4.txt,1280,720,58041,7a1ea42260fa8372ea5991fb1ac9a11e9a8aac8ea785bcf02601f2873eb9933c,8140481d9c8e9282,110.9125,291.9083,False,True,False,1,1,0,
train,D:\.Candra\Project\TA\02_data\raw\Sitting_posture.v17i.yolov8\train\images\WIN_20251109_18_42_31_Pro_mp4-0106_jpg.rf.11283ff94efeb969e945213683260e7d.jpg,train\images\WIN_20251109_18_42_31_Pro_mp4-0106_jpg.rf.11283ff94efeb969e945213683260e7d.jpg,D:\.Candra\Project\TA\02_data\raw\Sitting_posture.v17i.yolov8\train\labels\WIN_20251109_18_42_31_Pro_mp4-0106_jpg.rf.11283ff94efeb969e945213683260e7d.txt,1280,720,58151,f7d2b964b25cd1e4f54deaf527bca384b102ec3262e929f22deb15fca0e45727,81484c4d8c869286,111.7366,294.5457,False,True,False,1,1,0,
train,D:\.Candra\Project\TA\02_data\raw\Sitting_posture.v17i.yolov8\train\images\WIN_20251109_18_42_31_Pro_mp4-0107_jpg.rf.4b0564273779ce8a4d49768aeae6ea1d.jpg,train\images\WIN_20251109_18_42_31_Pro_mp4-0107_jpg.rf.4b0564273779ce8a4d49768aeae6ea1d.jpg,D:\.Candra\Project\TA\02_data\raw\Sitting_posture.v17i.yolov8\train\labels\WIN_20251109_18_42_31_Pro_mp4-0107_jpg.rf.4b0564273779ce8a4d49768aeae6ea1d.txt,1280,720,61710,5ca5a998e0bd2fc4aa4c068ec5ebcc3db6d5fa13c3d24f75b9a2c68c54a90480,81484c4d8c869286,112.8589,315.2382,False,True,False,1,1,0,
train,D:\.Candra\Project\TA\02_data\raw\Sitting_posture.v17i.yolov8\train\images\WIN_20251109_18_42_31_Pro_mp4-0108_jpg.rf.efcbdca67104374d619951e9036d47da.jpg,train\images\WIN_20251109_18_42_31_Pro_mp4-0108_jpg.rf.efcbdca67104374d619951e9036d47da.jpg,D:\.Candra\Project\TA\02_data\raw\Sitting_posture.v17i.yolov8\train\labels\WIN_20251109_18_42_31_Pro_mp4-0108_jpg.rf.efcbdca67104374d619951e9036d47da.txt,1280,720,59357,e5bd8f89aa1eb74a379f613179011b516b77a578263c9db5fc3ca720255f8139,81404c4d84869286,113.6426,319.946,False,True,False,1,1,0,
train,D:\.Candra\Project\TA\02_data\raw\Sitting_posture.v17i.yolov8\train\images\WIN_20251109_18_42_31_Pro_mp4-0109_jpg.rf.3b8a89e77bcb93131f9cf13a2c0ac459.jpg,train\images\WIN_20251109_18_42_31_Pro_mp4-0109_jpg.rf.3b8a89e77bcb93131f9cf13a2c0ac459.jpg,D:\.Candra\Project\TA\02_data\raw\Sitting_posture.v17i.yolov8\train\labels\WIN_20251109_18_42_31_Pro_mp4-0109_jpg.rf.3b8a89e77bcb93131f9cf13a2c0ac459.txt,1280,720,59227,58dfa4527c8d2e66117275f95691f00b070b63dfaba2a193e11430954eeca7c9,81404c4d84869286,113.9664,318.2589,False,True,False,1,1,0,
train,D:\.Candra\Project\TA\02_data\raw\Sitting_posture.v17i.yolov8\train\images\WIN_20251109_18_42_31_Pro_mp4-0110_jpg.rf.3331df069fe9e72cea77d7ef5d01f3fd.jpg,train\images\WIN_20251109_18_42_31_Pro_mp4-0110_jpg.rf.3331df069fe9e72cea77d7ef5d01f3fd.jpg,D:\.Candra\Project\TA\02_data\raw\Sitting_posture.v17i.yolov8\train\labels\WIN_20251109_18_42_31_Pro_mp4-0110_jpg.rf.3331df069fe9e72cea77d7ef5d01f3fd.txt,1280,720,64711,a8549003fca912b1a782792c6aa3e83915b05a2c8b1c72175bfdd0ebf516db0a,81404c4c84869286,114.1051,344.873,False,True,False,1,1,0,
train,D:\.Candra\Project\TA\02_data\raw\Sitting_posture.v17i.yolov8\train\images\WIN_20251109_18_42_31_Pro_mp4-0111_jpg.rf.b450989c57f644c65bf79f445c4b505b.jpg,train\images\WIN_20251109_18_42_31_Pro_mp4-0111_jpg.rf.b450989c57f644c65bf79f445c4b505b.jpg,D:\.Candra\Project\TA\02_data\raw\Sitting_posture.v17i.yolov8\train\labels\WIN_20251109_18_42_31_Pro_mp4-0111_jpg.rf.b450989c57f644c65bf79f445c4b505b.txt,1280,720,59085,2589e69da51db4ffca2fd02f2aa2a06f31bea19d48621e4841d0df3a2f998e29,81404c4d84869286,114.3491,320.3741,False,True,False,1,1,0,
train,D:\.Candra\Project\TA\02_data\raw\Sitting_posture.v17i.yolov8\train\images\WIN_20251109_18_42_31_Pro_mp4-0113_jpg.rf.f6414f4741202bec16a7f916ecb9bf0f.jpg,train\images\WIN_20251109_18_42_31_Pro_mp4-0113_jpg.rf.f6414f4741202bec16a7f916ecb9bf0f.jpg,D:\.Candra\Project\TA\02_data\raw\Sitting_posture.v17i.yolov8\train\labels\WIN_20251109_18_42_31_Pro_mp4-0113_jpg.rf.f6414f4741202bec16a7f916ecb9bf0f.txt,1280,720,62037,89ba797d6d72385e5a6c3fcc87d1714ac183ed5514712b26f45181211f904c03,8140644484869286,114.6866,318.613,False,True,False,1,1,0,
train,D:\.Candra\Project\TA\02_data\raw\Sitting_posture.v17i.yolov8\train\images\WIN_20251109_18_42_31_Pro_mp4-0115_jpg.rf.cbe1271c310dcd252046d1c03807bc3f.jpg,train\images\WIN_20251109_18_42_31_Pro_mp4-0115_jpg.rf.cbe1271c310dcd252046d1c03807bc3f.jpg,D:\.Candra\Project\TA\02_data\raw\Sitting_posture.v17i.yolov8\train\labels\WIN_20251109_18_42_31_Pro_mp4-0115_jpg.rf.cbe1271c310dcd252046d1c03807bc3f.txt,1280,720,57821,bf6c0d111296c2e74678da388b3dfafb66b2ffb166032311d5ffc9760626f6ba,8144646694869286,115.5106,293.4373,False,True,False,1,1,0,
train,D:\.Candra\Project\TA\02_data\raw\Sitting_posture.v17i.yolov8\train\images\WIN_20251109_18_42_31_Pro_mp4-0116_jpg.rf.f6f6c7551b463c97898e4f13f3b6a67e.jpg,train\images\WIN_20251109_18_42_31_Pro_mp4-0116_jpg.rf.f6f6c7551b463c97898e4f13f3b6a67e.jpg,D:\.Candra\Project\TA\02_data\raw\Sitting_posture.v17i.yolov8\train\labels\WIN_20251109_18_42_31_Pro_mp4-0116_jpg.rf.f6f6c7551b463c97898e4f13f3b6a67e.txt,1280,720,63295,617d7889e3ee2ad01f9e7327c1b2976e1cb11fb31647ea0001e8da84e574d3c3,8144666694869286,115.5826,311.3069,False,True,False,1,1,0,
train,D:\.Candra\Project\TA\02_data\raw\Sitting_posture.v17i.yolov8\train\images\WIN_20251109_18_42_31_Pro_mp4-0117_jpg.rf.0e5686bafbaddcb5efad77e809c81032.jpg,train\images\WIN_20251109_18_42_31_Pro_mp4-0117_jpg.rf.0e5686bafbaddcb5efad77e809c81032.jpg,D:\.Candra\Project\TA\02_data\raw\Sitting_posture.v17i.yolov8\train\labels\WIN_20251109_18_42_31_Pro_mp4-0117_jpg.rf.0e5686bafbaddcb5efad77e809c81032.txt,1280,720,57592,3a35ef3c6d987a3b65183e47d5c2686a26a6ba14b1da5a2f08239e220c70f90d,8144666696869686,115.8848,284.4473,False,True,False,1,1,0,
train,D:\.Candra\Project\TA\02_data\raw\Sitting_posture.v17i.yolov8\train\images\WIN_20251109_18_42_31_Pro_mp4-0118_jpg.rf.fbb92ec607901a064ac5798cc31e2f41.jpg,train\images\WIN_20251109_18_42_31_Pro_mp4-0118_jpg.rf.fbb92ec607901a064ac5798cc31e2f41.jpg,D:\.Candra\Project\TA\02_data\raw\Sitting_posture.v17i.yolov8\train\labels\WIN_20251109_18_42_31_Pro_mp4-0118_jpg.rf.fbb92ec607901a064ac5798cc31e2f41.txt,1280,720,61004,0a7192cd5bd776c717de439c77377a4f303c2f2ffa78b0cd454c0cae716b7094,8140666696969686,116.0411,307.1224,False,True,False,1,1,0,
train,D:\.Candra\Project\TA\02_data\raw\Sitting_posture.v17i.yolov8\train\images\WIN_20251109_18_42_31_Pro_mp4-0119_jpg.rf.b147705d2002a5d309dc5aaf33c8872f.jpg,train\images\WIN_20251109_18_42_31_Pro_mp4-0119_jpg.rf.b147705d2002a5d309dc5aaf33c8872f.jpg,D:\.Candra\Project\TA\02_data\raw\Sitting_posture.v17i.yolov8\train\labels\WIN_20251109_18_42_31_Pro_mp4-0119_jpg.rf.b147705d2002a5d309dc5aaf33c8872f.txt,1280,720,57212,1999390d36b431f956af592dc0ef2a0059d47fbd7146fc71d1708296f40a3507,8140666696969686,116.2075,279.0213,False,True,False,1,1,0,
train,D:\.Candra\Project\TA\02_data\raw\Sitting_posture.v17i.yolov8\train\images\WIN_20251109_18_42_31_Pro_mp4-0120_jpg.rf.9da60b4dbd4d42c6d912a56508fbf5f5.jpg,train\images\WIN_20251109_18_42_31_Pro_mp4-0120_jpg.rf.9da60b4dbd4d42c6d912a56508fbf5f5.jpg,D:\.Candra\Project\TA\02_data\raw\Sitting_posture.v17i.yolov8\train\labels\WIN_20251109_18_42_31_Pro_mp4-0120_jpg.rf.9da60b4dbd4d42c6d912a56508fbf5f5.txt,1280,720,56955,3cb5362cb0589554a1434099f25118a4d3375ef9bbb2ff6da5a64398c969beda,8140666796969682,116.3594,284.775,False,True,False,1,1,0,
train,D:\.Candra\Project\TA\02_data\raw\Sitting_posture.v17i.yolov8\train\images\WIN_20251109_18_42_31_Pro_mp4-0122_jpg.rf.9b0e7bc70795c954260dc79f30d815fb.jpg,train\images\WIN_20251109_18_42_31_Pro_mp4-0122_jpg.rf.9b0e7bc70795c954260dc79f30d815fb.jpg,D:\.Candra\Project\TA\02_data\raw\Sitting_posture.v17i.yolov8\train\labels\WIN_20251109_18_42_31_Pro_mp4-0122_jpg.rf.9b0e7bc70795c954260dc79f30d815fb.txt,1280,720,59616,87ced08818fee92a578203a8d0ba63c98588741c33065c15c2c2d8ff7ff256de,8140627392969682,116.4597,280.5166,False,True,False,1,1,0,
train,D:\.Candra\Project\TA\02_data\raw\Sitting_posture.v17i.yolov8\train\images\WIN_20251109_18_42_31_Pro_mp4-0123_jpg.rf.a08479b3c57e618003a084582f2ca275.jpg,train\images\WIN_20251109_18_42_31_Pro_mp4-0123_jpg.rf.a08479b3c57e618003a084582f2ca275.jpg,D:\.Candra\Project\TA\02_data\raw\Sitting_posture.v17i.yolov8\train\labels\WIN_20251109_18_42_31_Pro_mp4-0123_jpg.rf.a08479b3c57e618003a084582f2ca275.txt,1280,720,56044,fd3da74d18d885b5c0d3a7e041241eaafc678e72985e1a4a5a94b185fdfe382c,8140627393969692,116.6363,277.469,False,True,False,1,1,0,
train,D:\.Candra\Project\TA\02_data\raw\Sitting_posture.v17i.yolov8\train\images\WIN_20251109_18_42_31_Pro_mp4-0124_jpg.rf.db370541813fdd709910409a15998235.jpg,train\images\WIN_20251109_18_42_31_Pro_mp4-0124_jpg.rf.db370541813fdd709910409a15998235.jpg,D:\.Candra\Project\TA\02_data\raw\Sitting_posture.v17i.yolov8\train\labels\WIN_20251109_18_42_31_Pro_mp4-0124_jpg.rf.db370541813fdd709910409a15998235.txt,1280,720,59547,6ef2898947b36067258be99121383b6f59d6f3b44b38d03b12280350cf83f619,8140627393929292,116.6504,291.9237,False,True,False,1,1,0,
train,D:\.Candra\Project\TA\02_data\raw\Sitting_posture.v17i.yolov8\train\images\WIN_20251109_18_42_31_Pro_mp4-0125_jpg.rf.37e54b21bc3475307ae3c77278335aca.jpg,train\images\WIN_20251109_18_42_31_Pro_mp4-0125_jpg.rf.37e54b21bc3475307ae3c77278335aca.jpg,D:\.Candra\Project\TA\02_data\raw\Sitting_posture.v17i.yolov8\train\labels\WIN_20251109_18_42_31_Pro_mp4-0125_jpg.rf.37e54b21bc3475307ae3c77278335aca.txt,1280,720,56421,693d745acc8be2847c48686e5c1104fd52144c7f8e74739a8eab27a7d9d38d03,8140627393929292,116.7297,286.0363,False,True,False,1,1,0,
train,D:\.Candra\Project\TA\02_data\raw\Sitting_posture.v17i.yolov8\train\images\WIN_20251109_18_42_31_Pro_mp4-0126_jpg.rf.2df72aeac382d1f851c855b1ef7b0d8b.jpg,train\images\WIN_20251109_18_42_31_Pro_mp4-0126_jpg.rf.2df72aeac382d1f851c855b1ef7b0d8b.jpg,D:\.Candra\Project\TA\02_data\raw\Sitting_posture.v17i.yolov8\train\labels\WIN_20251109_18_42_31_Pro_mp4-0126_jpg.rf.2df72aeac382d1f851c855b1ef7b0d8b.txt,1280,720,56082,2e90dbc025c371175057f9a410ec9d62f7b10e840bed0549e8d75614886480cb,8140627393929292,116.8626,281.0238,False,True,False,1,1,0,
train,D:\.Candra\Project\TA\02_data\raw\Sitting_posture.v17i.yolov8\train\images\WIN_20251109_18_42_31_Pro_mp4-0128_jpg.rf.0f19996108f33b2083fea746f5833ecd.jpg,train\images\WIN_20251109_18_42_31_Pro_mp4-0128_jpg.rf.0f19996108f33b2083fea746f5833ecd.jpg,D:\.Candra\Project\TA\02_data\raw\Sitting_posture.v17i.yolov8\train\labels\WIN_20251109_18_42_31_Pro_mp4-0128_jpg.rf.0f19996108f33b2083fea746f5833ecd.txt,1280,720,55604,9e369d73c8aadac5ba8b4364423ad3e7aceba113b0ec749b9ca66a5374ec78f4,8142666796969282,116.8245,261.3584,False,True,False,1,1,0,
train,D:\.Candra\Project\TA\02_data\raw\Sitting_posture.v17i.yolov8\train\images\WIN_20251109_18_42_31_Pro_mp4-0129_jpg.rf.e8e3996ebcfb4ce1ba16588706b20bb6.jpg,train\images\WIN_20251109_18_42_31_Pro_mp4-0129_jpg.rf.e8e3996ebcfb4ce1ba16588706b20bb6.jpg,D:\.Candra\Project\TA\02_data\raw\Sitting_posture.v17i.yolov8\train\labels\WIN_20251109_18_42_31_Pro_mp4-0129_jpg.rf.e8e3996ebcfb4ce1ba16588706b20bb6.txt,1280,720,60189,324e49afb2b8b437441bd19b1eb4bf2dcceb9b60289ebb8c056d466e0a5adef9,8144666696969682,116.2367,278.6892,False,True,False,1,1,0,
train,D:\.Candra\Project\TA\02_data\raw\Sitting_posture.v17i.yolov8\train\images\WIN_20251109_18_42_31_Pro_mp4-0130_jpg.rf.a226bb5f6b76aaaacbf0b0cf5afcde9f.jpg,train\images\WIN_20251109_18_42_31_Pro_mp4-0130_jpg.rf.a226bb5f6b76aaaacbf0b0cf5afcde9f.jpg,D:\.Candra\Project\TA\02_data\raw\Sitting_posture.v17i.yolov8\train\labels\WIN_20251109_18_42_31_Pro_mp4-0130_jpg.rf.a226bb5f6b76aaaacbf0b0cf5afcde9f.txt,1280,720,57471,4685e6c463164880601b45a9900891d57a40600d8f7036c7b70b85800e034318,8144666694969282,115.3722,274.946,False,True,False,1,1,0,
train,D:\.Candra\Project\TA\02_data\raw\Sitting_posture.v17i.yolov8\train\images\WIN_20251109_18_42_31_Pro_mp4-0131_jpg.rf.f7c10dd82bd6e34fe7b1b96362323a10.jpg,train\images\WIN_20251109_18_42_31_Pro_mp4-0131_jpg.rf.f7c10dd82bd6e34fe7b1b96362323a10.jpg,D:\.Candra\Project\TA\02_data\raw\Sitting_posture.v17i.yolov8\train\labels\WIN_20251109_18_42_31_Pro_mp4-0131_jpg.rf.f7c10dd82bd6e34fe7b1b96362323a10.txt,1280,720,57934,b7e5a31107b08071979ed3926c38d48a9fb8cf8dc053a3a0b0cfed7a754b1412,8144644484869286,114.3391,287.2682,False,True,False,1,1,0,
train,D:\.Candra\Project\TA\02_data\raw\Sitting_posture.v17i.yolov8\train\images\WIN_20251109_18_42_31_Pro_mp4-0132_jpg.rf.7238c18bee2c951e0ec9ab81a74fd08a.jpg,train\images\WIN_20251109_18_42_31_Pro_mp4-0132_jpg.rf.7238c18bee2c951e0ec9ab81a74fd08a.jpg,D:\.Candra\Project\TA\02_data\raw\Sitting_posture.v17i.yolov8\train\labels\WIN_20251109_18_42_31_Pro_mp4-0132_jpg.rf.7238c18bee2c951e0ec9ab81a74fd08a.txt,1280,720,61904,535bd446373dc75043f02059cf8c7858c2ed42fac39224c093a150634705367c,81444c4d84869286,113.4948,316.7375,False,True,False,1,1,0,
train,D:\.Candra\Project\TA\02_data\raw\Sitting_posture.v17i.yolov8\train\images\WIN_20251109_18_42_31_Pro_mp4-0133_jpg.rf.a23cdd6eb1e9a48c5bd3839f2fe457c7.jpg,train\images\WIN_20251109_18_42_31_Pro_mp4-0133_jpg.rf.a23cdd6eb1e9a48c5bd3839f2fe457c7.jpg,D:\.Candra\Project\TA\02_data\raw\Sitting_posture.v17i.yolov8\train\labels\WIN_20251109_18_42_31_Pro_mp4-0133_jpg.rf.a23cdd6eb1e9a48c5bd3839f2fe457c7.txt,1280,720,59074,518d48c49730b1d3c2e87e0109a689b8e4b310b42d1df7d939b28a24073ad2fe,81484c4d8c869286,113.0671,321.1172,False,True,False,1,1,0,
train,D:\.Candra\Project\TA\02_data\raw\Sitting_posture.v17i.yolov8\train\images\WIN_20251109_18_42_31_Pro_mp4-0134_jpg.rf.f994bfda54ff91e528a0e33ee398fd88.jpg,train\images\WIN_20251109_18_42_31_Pro_mp4-0134_jpg.rf.f994bfda54ff91e528a0e33ee398fd88.jpg,D:\.Candra\Project\TA\02_data\raw\Sitting_posture.v17i.yolov8\train\labels\WIN_20251109_18_42_31_Pro_mp4-0134_jpg.rf.f994bfda54ff91e528a0e33ee398fd88.txt,1280,720,59136,e9cf0d5c6cf6abf2c29f3b7f1f164f6350a1fc0cf1ab1fa1c1437362e37d93fd,81484c4d8c869286,113.0791,324.9928,False,True,False,1,1,0,
train,D:\.Candra\Project\TA\02_data\raw\Sitting_posture.v17i.yolov8\train\images\WIN_20251109_18_42_31_Pro_mp4-0136_jpg.rf.893e2b3a122e6141cf8bc052bf53196a.jpg,train\images\WIN_20251109_18_42_31_Pro_mp4-0136_jpg.rf.893e2b3a122e6141cf8bc052bf53196a.jpg,D:\.Candra\Project\TA\02_data\raw\Sitting_posture.v17i.yolov8\train\labels\WIN_20251109_18_42_31_Pro_mp4-0136_jpg.rf.893e2b3a122e6141cf8bc052bf53196a.txt,1280,720,59480,46d98450d62479cdb9ef6f1dce34a0651dfb14edd50b9a73163f09631f899570,81484c4d8c869286,112.9307,321.6923,False,True,False,1,1,0,
train,D:\.Candra\Project\TA\02_data\raw\Sitting_posture.v17i.yolov8\train\images\WIN_20251109_18_42_31_Pro_mp4-0137_jpg.rf.bb611c224e89ad6fa6f80237583e1e10.jpg,train\images\WIN_20251109_18_42_31_Pro_mp4-0137_jpg.rf.bb611c224e89ad6fa6f80237583e1e10.jpg,D:\.Candra\Project\TA\02_data\raw\Sitting_posture.v17i.yolov8\train\labels\WIN_20251109_18_42_31_Pro_mp4-0137_jpg.rf.bb611c224e89ad6fa6f80237583e1e10.txt,1280,720,59536,630f703742f2799c0d38da8c3a930812a7574afbaa121b6f20accf4495fb8c42,81484c4d8c869286,112.9215,321.3438,False,True,False,1,1,0,
train,D:\.Candra\Project\TA\02_data\raw\Sitting_posture.v17i.yolov8\train\images\WIN_20251109_18_42_31_Pro_mp4-0138_jpg.rf.d5c2e37385ea78bb3971f9f1e6a53b96.jpg,train\images\WIN_20251109_18_42_31_Pro_mp4-0138_jpg.rf.d5c2e37385ea78bb3971f9f1e6a53b96.jpg,D:\.Candra\Project\TA\02_data\raw\Sitting_posture.v17i.yolov8\train\labels\WIN_20251109_18_42_31_Pro_mp4-0138_jpg.rf.d5c2e37385ea78bb3971f9f1e6a53b96.txt,1280,720,62741,c8614c95bd9923bda59381e9113140f94bb496fb4c08ef974a596c3b48379a5f,81484c4d8c869286,112.7771,330.313,False,True,False,1,1,0,
train,D:\.Candra\Project\TA\02_data\raw\Sitting_posture.v17i.yolov8\train\images\WIN_20251109_18_42_31_Pro_mp4-0139_jpg.rf.03c5a6ad7e34b05b6dfbe181356105d3.jpg,train\images\WIN_20251109_18_42_31_Pro_mp4-0139_jpg.rf.03c5a6ad7e34b05b6dfbe181356105d3.jpg,D:\.Candra\Project\TA\02_data\raw\Sitting_posture.v17i.yolov8\train\labels\WIN_20251109_18_42_31_Pro_mp4-0139_jpg.rf.03c5a6ad7e34b05b6dfbe181356105d3.txt,1280,720,59174,d09f98e225666430d946d9068b25e11526a8c2e73b93dff7ed3ab77dead106ef,81484c4d8c869286,112.4943,298.8989,False,True,False,1,1,0,
train,D:\.Candra\Project\TA\02_data\raw\Sitting_posture.v17i.yolov8\train\images\WIN_20251109_18_42_31_Pro_mp4-0142_jpg.rf.de2d93bd18b4b8e0af3cdeaf3b6521be.jpg,train\images\WIN_20251109_18_42_31_Pro_mp4-0142_jpg.rf.de2d93bd18b4b8e0af3cdeaf3b6521be.jpg,D:\.Candra\Project\TA\02_data\raw\Sitting_posture.v17i.yolov8\train\labels\WIN_20251109_18_42_31_Pro_mp4-0142_jpg.rf.de2d93bd18b4b8e0af3cdeaf3b6521be.txt,1280,720,59812,7e7ac8f5770118850874ca4765a21dbba50051eb05435875cb572755bc37cf45,8140484d9c8e9286,111.7886,316.8385,False,True,False,1,1,0,
train,D:\.Candra\Project\TA\02_data\raw\Sitting_posture.v17i.yolov8\train\images\WIN_20251109_18_42_31_Pro_mp4-0143_jpg.rf.93c4fabd0bf6fb639a6265ee5b00029b.jpg,train\images\WIN_20251109_18_42_31_Pro_mp4-0143_jpg.rf.93c4fabd0bf6fb639a6265ee5b00029b.jpg,D:\.Candra\Project\TA\02_data\raw\Sitting_posture.v17i.yolov8\train\labels\WIN_20251109_18_42_31_Pro_mp4-0143_jpg.rf.93c4fabd0bf6fb639a6265ee5b00029b.txt,1280,720,63216,4cde2f945b15fddf354c1284b57922ae816a6352b814753704766a7d150643ca,814048189c9e9a86,111.9279,352.4771,False,True,False,1,1,0,
train,D:\.Candra\Project\TA\02_data\raw\Sitting_posture.v17i.yolov8\train\images\WIN_20251109_18_42_31_Pro_mp4-0144_jpg.rf.6c7f76711cc0eb5be9f363130e529e5b.jpg,train\images\WIN_20251109_18_42_31_Pro_mp4-0144_jpg.rf.6c7f76711cc0eb5be9f363130e529e5b.jpg,D:\.Candra\Project\TA\02_data\raw\Sitting_posture.v17i.yolov8\train\labels\WIN_20251109_18_42_31_Pro_mp4-0144_jpg.rf.6c7f76711cc0eb5be9f363130e529e5b.txt,1280,720,59956,57f6be1fe09363fe4c65bd4d1dcd55d084d0006d65915920dcf073f378df70a8,8140589a9c9a9a86,112.7443,342.8539,False,True,False,1,1,0,
train,D:\.Candra\Project\TA\02_data\raw\Sitting_posture.v17i.yolov8\train\images\WIN_20251109_18_42_31_Pro_mp4-0146_jpg.rf.10397647bcdf5262da5f6bec09082dd0.jpg,train\images\WIN_20251109_18_42_31_Pro_mp4-0146_jpg.rf.10397647bcdf5262da5f6bec09082dd0.jpg,D:\.Candra\Project\TA\02_data\raw\Sitting_posture.v17i.yolov8\train\labels\WIN_20251109_18_42_31_Pro_mp4-0146_jpg.rf.10397647bcdf5262da5f6bec09082dd0.txt,1280,720,61888,5766b99196fcbc9e5473cef225d80853b5a28f726608ec64c545d1e13b54612a,8140101094929286,113.8755,354.6843,False,True,False,1,1,0,
train,D:\.Candra\Project\TA\02_data\raw\Sitting_posture.v17i.yolov8\train\images\WIN_20251109_18_42_31_Pro_mp4-0147_jpg.rf.0d25d6bbe990494c42287606bf8bfe4d.jpg,train\images\WIN_20251109_18_42_31_Pro_mp4-0147_jpg.rf.0d25d6bbe990494c42287606bf8bfe4d.jpg,D:\.Candra\Project\TA\02_data\raw\Sitting_posture.v17i.yolov8\train\labels\WIN_20251109_18_42_31_Pro_mp4-0147_jpg.rf.0d25d6bbe990494c42287606bf8bfe4d.txt,1280,720,58601,a9e9427ca8ae23580f4517f82b916e06c3ced1f92eb609eee7affb574047fd16,8140103034969282,114.0265,340.8173,False,True,False,1,1,0,
train,D:\.Candra\Project\TA\02_data\raw\Sitting_posture.v17i.yolov8\train\images\WIN_20251109_18_42_31_Pro_mp4-0148_jpg.rf.bd1951aac249196f77e926561b1104b9.jpg,train\images\WIN_20251109_18_42_31_Pro_mp4-0148_jpg.rf.bd1951aac249196f77e926561b1104b9.jpg,D:\.Candra\Project\TA\02_data\raw\Sitting_posture.v17i.yolov8\train\labels\WIN_20251109_18_42_31_Pro_mp4-0148_jpg.rf.bd1951aac249196f77e926561b1104b9.txt,1280,720,57675,41cf3a936998069398ef0a27daa3e6a0453efd92fb724927c23f462f7b4bdcfb,8140303034969282,113.9869,330.4394,False,True,False,1,1,0,
train,D:\.Candra\Project\TA\02_data\raw\Sitting_posture.v17i.yolov8\train\images\WIN_20251109_18_42_31_Pro_mp4-0150_jpg.rf.d15310d66bc9435c0833c8a5d263e23c.jpg,train\images\WIN_20251109_18_42_31_Pro_mp4-0150_jpg.rf.d15310d66bc9435c0833c8a5d263e23c.jpg,D:\.Candra\Project\TA\02_data\raw\Sitting_posture.v17i.yolov8\train\labels\WIN_20251109_18_42_31_Pro_mp4-0150_jpg.rf.d15310d66bc9435c0833c8a5d263e23c.txt,1280,720,57463,098551d7b64f5d95cc6e9cfe5809495d12b2c2b3664edc8906a48d7cbaa02d3d,8140303034b69282,113.3595,341.7144,False,True,False,1,1,0,
train,D:\.Candra\Project\TA\02_data\raw\Sitting_posture.v17i.yolov8\train\images\WIN_20251109_18_42_31_Pro_mp4-0151_jpg.rf.066737d18e7143d76727cc8a34dc5822.jpg,train\images\WIN_20251109_18_42_31_Pro_mp4-0151_jpg.rf.066737d18e7143d76727cc8a34dc5822.jpg,D:\.Candra\Project\TA\02_data\raw\Sitting_posture.v17i.yolov8\train\labels\WIN_20251109_18_42_31_Pro_mp4-0151_jpg.rf.066737d18e7143d76727cc8a34dc5822.txt,1280,720,57469,18eabef14e4393421bef1c44281c0e0394012b0409cd0ed0f605fb7d89135b04,8140303034b69282,113.0292,344.6404,False,True,False,1,1,0,
train,D:\.Candra\Project\TA\02_data\raw\Sitting_posture.v17i.yolov8\train\images\WIN_20251109_18_42_31_Pro_mp4-0152_jpg.rf.5139db6c1b4140a19be0e3c4cfca14b7.jpg,train\images\WIN_20251109_18_42_31_Pro_mp4-0152_jpg.rf.5139db6c1b4140a19be0e3c4cfca14b7.jpg,D:\.Candra\Project\TA\02_data\raw\Sitting_posture.v17i.yolov8\train\labels\WIN_20251109_18_42_31_Pro_mp4-0152_jpg.rf.5139db6c1b4140a19be0e3c4cfca14b7.txt,1280,720,57450,16f23f6fad1707d9dc7273abc69e3f504efbbbc0a078c81ff2939b9780ebfb27,8140303034b69282,112.82,341.4166,False,True,False,1,1,0,
train,D:\.Candra\Project\TA\02_data\raw\Sitting_posture.v17i.yolov8\train\images\WIN_20251109_18_42_31_Pro_mp4-0153_jpg.rf.44be4f3c50bbc0802954ed8713445a30.jpg,train\images\WIN_20251109_18_42_31_Pro_mp4-0153_jpg.rf.44be4f3c50bbc0802954ed8713445a30.jpg,D:\.Candra\Project\TA\02_data\raw\Sitting_posture.v17i.yolov8\train\labels\WIN_20251109_18_42_31_Pro_mp4-0153_jpg.rf.44be4f3c50bbc0802954ed8713445a30.txt,1280,720,57909,f909611aba4a47a97b968ae339be6135d4bc59d297c5b33905b43cb71f116148,8140303034b69282,113.0761,340.859,False,True,False,1,1,0,
train,D:\.Candra\Project\TA\02_data\raw\Sitting_posture.v17i.yolov8\train\images\WIN_20251109_18_42_31_Pro_mp4-0155_jpg.rf.068d7349924388ba0935b3d1aa347120.jpg,train\images\WIN_20251109_18_42_31_Pro_mp4-0155_jpg.rf.068d7349924388ba0935b3d1aa347120.jpg,D:\.Candra\Project\TA\02_data\raw\Sitting_posture.v17i.yolov8\train\labels\WIN_20251109_18_42_31_Pro_mp4-0155_jpg.rf.068d7349924388ba0935b3d1aa347120.txt,1280,720,57204,043d0f03de67a95d436492e942c507b6180180f964d9a66610ebe160246c6d4b,8140303034969282,113.8377,322.2086,False,True,False,1,1,0,
train,D:\.Candra\Project\TA\02_data\raw\Sitting_posture.v17i.yolov8\train\images\WIN_20251109_18_42_31_Pro_mp4-0156_jpg.rf.e6b3be6d52da6c666934ec712b04cb39.jpg,train\images\WIN_20251109_18_42_31_Pro_mp4-0156_jpg.rf.e6b3be6d52da6c666934ec712b04cb39.jpg,D:\.Candra\Project\TA\02_data\raw\Sitting_posture.v17i.yolov8\train\labels\WIN_20251109_18_42_31_Pro_mp4-0156_jpg.rf.e6b3be6d52da6c666934ec712b04cb39.txt,1280,720,58101,30c8b65a6897d67691ac66e7d6cd8209ee07e18bf7eb8847c4577a8069e20090,8140101094929282,113.5037,328.0851,False,True,False,1,1,0,
train,D:\.Candra\Project\TA\02_data\raw\Sitting_posture.v17i.yolov8\train\images\WIN_20251109_18_42_31_Pro_mp4-0160_jpg.rf.77ce5621e8dfc4e75826edce20fc9f3e.jpg,train\images\WIN_20251109_18_42_31_Pro_mp4-0160_jpg.rf.77ce5621e8dfc4e75826edce20fc9f3e.jpg,D:\.Candra\Project\TA\02_data\raw\Sitting_posture.v17i.yolov8\train\labels\WIN_20251109_18_42_31_Pro_mp4-0160_jpg.rf.77ce5621e8dfc4e75826edce20fc9f3e.txt,1280,720,61394,551c1d6b59da1bac653c465d3680ee86a546088a797fea730eb9755884e3c749,81404c4d8c869286,114.1844,297.976,False,True,False,1,1,0,
train,D:\.Candra\Project\TA\02_data\raw\Sitting_posture.v17i.yolov8\train\images\WIN_20251109_18_42_31_Pro_mp4-0163_jpg.rf.897d0bf5482a7ff1361709150b2de01d.jpg,train\images\WIN_20251109_18_42_31_Pro_mp4-0163_jpg.rf.897d0bf5482a7ff1361709150b2de01d.jpg,D:\.Candra\Project\TA\02_data\raw\Sitting_posture.v17i.yolov8\train\labels\WIN_20251109_18_42_31_Pro_mp4-0163_jpg.rf.897d0bf5482a7ff1361709150b2de01d.txt,1280,720,58458,540b01ba94f77f893c3c178f8093011bdb4ff4d9dd67fd3b3056314c91a2a721,8140644484869282,115.1798,311.5273,False,True,False,1,1,0,
train,D:\.Candra\Project\TA\02_data\raw\Sitting_posture.v17i.yolov8\train\images\WIN_20251109_18_42_31_Pro_mp4-0165_jpg.rf.84dc54c8710618b1ab539d2d4b3c356b.jpg,train\images\WIN_20251109_18_42_31_Pro_mp4-0165_jpg.rf.84dc54c8710618b1ab539d2d4b3c356b.jpg,D:\.Candra\Project\TA\02_data\raw\Sitting_posture.v17i.yolov8\train\labels\WIN_20251109_18_42_31_Pro_mp4-0165_jpg.rf.84dc54c8710618b1ab539d2d4b3c356b.txt,1280,720,63322,53d96fb32870c6904cab0dc7addd4ad29a6ff2197cd57c4573ae752e168b2144,8140644484869292,115.544,315.1159,False,True,False,1,1,0,
train,D:\.Candra\Project\TA\02_data\raw\Sitting_posture.v17i.yolov8\train\images\WIN_20251109_18_42_31_Pro_mp4-0166_jpg.rf.44894e86309af101cfd54ad413a540e1.jpg,train\images\WIN_20251109_18_42_31_Pro_mp4-0166_jpg.rf.44894e86309af101cfd54ad413a540e1.jpg,D:\.Candra\Project\TA\02_data\raw\Sitting_posture.v17i.yolov8\train\labels\WIN_20251109_18_42_31_Pro_mp4-0166_jpg.rf.44894e86309af101cfd54ad413a540e1.txt,1280,720,56786,fcdc03630f16c729d1de806a60ca52082e8e117838866a1f7d1a15243161f086,8140646694969292,116.7007,270.1303,False,True,False,1,1,0,
train,D:\.Candra\Project\TA\02_data\raw\Sitting_posture.v17i.yolov8\train\images\WIN_20251109_18_42_31_Pro_mp4-0168_jpg.rf.3ec17b9d1e37f880d85d91ac3e6e6ebd.jpg,train\images\WIN_20251109_18_42_31_Pro_mp4-0168_jpg.rf.3ec17b9d1e37f880d85d91ac3e6e6ebd.jpg,D:\.Candra\Project\TA\02_data\raw\Sitting_posture.v17i.yolov8\train\labels\WIN_20251109_18_42_31_Pro_mp4-0168_jpg.rf.3ec17b9d1e37f880d85d91ac3e6e6ebd.txt,1280,720,59388,2b1f13dd7a38c01cd84afac1d2cad81258cd60e1c509e069cbec277cc075bdeb,8142666696969293,118.4721,288.4926,False,True,False,1,1,0,
train,D:\.Candra\Project\TA\02_data\raw\Sitting_posture.v17i.yolov8\train\images\WIN_20251109_18_42_31_Pro_mp4-0169_jpg.rf.a9e5b5586e1a9f9dc73f72b0d08c1c4d.jpg,train\images\WIN_20251109_18_42_31_Pro_mp4-0169_jpg.rf.a9e5b5586e1a9f9dc73f72b0d08c1c4d.jpg,D:\.Candra\Project\TA\02_data\raw\Sitting_posture.v17i.yolov8\train\labels\WIN_20251109_18_42_31_Pro_mp4-0169_jpg.rf.a9e5b5586e1a9f9dc73f72b0d08c1c4d.txt,1280,720,55550,80700aabe40289de334b255555308bb9d974d164a572845727cbbef050ad30cc,8142627392929293,118.6455,282.105,False,True,False,1,1,0,
train,D:\.Candra\Project\TA\02_data\raw\Sitting_posture.v17i.yolov8\train\images\WIN_20251109_18_42_31_Pro_mp4-0170_jpg.rf.3e4124a069669f7f3ba9c00ffffd7b28.jpg,train\images\WIN_20251109_18_42_31_Pro_mp4-0170_jpg.rf.3e4124a069669f7f3ba9c00ffffd7b28.jpg,D:\.Candra\Project\TA\02_data\raw\Sitting_posture.v17i.yolov8\train\labels\WIN_20251109_18_42_31_Pro_mp4-0170_jpg.rf.3e4124a069669f7f3ba9c00ffffd7b28.txt,1280,720,55736,f4a106585eb1ec3dc57c087d3ab4374f608168c42137e32afaa430193091f017,8142637393929293,118.3198,290.7707,False,True,False,1,1,0,
train,D:\.Candra\Project\TA\02_data\raw\Sitting_posture.v17i.yolov8\train\images\WIN_20251109_18_42_31_Pro_mp4-0172_jpg.rf.5be9b49b0c905838b6e57b638e2ab8b3.jpg,train\images\WIN_20251109_18_42_31_Pro_mp4-0172_jpg.rf.5be9b49b0c905838b6e57b638e2ab8b3.jpg,D:\.Candra\Project\TA\02_data\raw\Sitting_posture.v17i.yolov8\train\labels\WIN_20251109_18_42_31_Pro_mp4-0172_jpg.rf.5be9b49b0c905838b6e57b638e2ab8b3.txt,1280,720,57257,9fa83ac0fa17b90441996875c43b9e78ae3a990ef57f9c45989c5a709447214f,8140637191939293,117.4758,317.4657,False,True,False,1,1,0,
train,D:\.Candra\Project\TA\02_data\raw\Sitting_posture.v17i.yolov8\train\images\WIN_20251109_18_42_31_Pro_mp4-0173_jpg.rf.f78cf0b6f9fe6c41530f4fc2ca8eaf48.jpg,train\images\WIN_20251109_18_42_31_Pro_mp4-0173_jpg.rf.f78cf0b6f9fe6c41530f4fc2ca8eaf48.jpg,D:\.Candra\Project\TA\02_data\raw\Sitting_posture.v17i.yolov8\train\labels\WIN_20251109_18_42_31_Pro_mp4-0173_jpg.rf.f78cf0b6f9fe6c41530f4fc2ca8eaf48.txt,1280,720,56889,57a7f5ff8043b05f2deff48b5a77664a3973e028768e63c9663021d4b5e1c15f,8140617191919293,117.5165,313.2204,False,True,False,1,1,0,
train,D:\.Candra\Project\TA\02_data\raw\Sitting_posture.v17i.yolov8\train\images\WIN_20251109_18_42_31_Pro_mp4-0174_jpg.rf.595f0d929410ffa2c804cda7562b1816.jpg,train\images\WIN_20251109_18_42_31_Pro_mp4-0174_jpg.rf.595f0d929410ffa2c804cda7562b1816.jpg,D:\.Candra\Project\TA\02_data\raw\Sitting_posture.v17i.yolov8\train\labels\WIN_20251109_18_42_31_Pro_mp4-0174_jpg.rf.595f0d929410ffa2c804cda7562b1816.txt,1280,720,59940,b6a5996abfe363752df74c16774e708dfb24453f436658d8d4a384299eccc6ef,8140617190919393,117.4872,331.5181,False,True,False,1,1,0,
train,D:\.Candra\Project\TA\02_data\raw\Sitting_posture.v17i.yolov8\train\images\WIN_20251109_18_42_31_Pro_mp4-0177_jpg.rf.45fdca1c9e0e338d4545243bcd6b88dc.jpg,train\images\WIN_20251109_18_42_31_Pro_mp4-0177_jpg.rf.45fdca1c9e0e338d4545243bcd6b88dc.jpg,D:\.Candra\Project\TA\02_data\raw\Sitting_posture.v17i.yolov8\train\labels\WIN_20251109_18_42_31_Pro_mp4-0177_jpg.rf.45fdca1c9e0e338d4545243bcd6b88dc.txt,1280,720,59557,18daf8ab58b6b4eed56fd40b71b1a073a5b59ddfbf69794f57bdc63165d44060,8140617190959193,117.8348,328.8365,False,True,False,1,1,0,
train,D:\.Candra\Project\TA\02_data\raw\Sitting_posture.v17i.yolov8\train\images\WIN_20251109_18_42_31_Pro_mp4-0178_jpg.rf.7071d969382ba022298882e1e7a4a93b.jpg,train\images\WIN_20251109_18_42_31_Pro_mp4-0178_jpg.rf.7071d969382ba022298882e1e7a4a93b.jpg,D:\.Candra\Project\TA\02_data\raw\Sitting_posture.v17i.yolov8\train\labels\WIN_20251109_18_42_31_Pro_mp4-0178_jpg.rf.7071d969382ba022298882e1e7a4a93b.txt,1280,720,56116,dda50c425c3e65e3bdad3ea477dd6eece15f630a6979099c33080d84c2a4f1ea,8140617190959193,117.7044,303.8112,False,True,False,1,1,0,
train,D:\.Candra\Project\TA\02_data\raw\Sitting_posture.v17i.yolov8\train\images\WIN_20251109_18_42_31_Pro_mp4-0179_jpg.rf.fb86f2081591b448610a89bd90cacdcf.jpg,train\images\WIN_20251109_18_42_31_Pro_mp4-0179_jpg.rf.fb86f2081591b448610a89bd90cacdcf.jpg,D:\.Candra\Project\TA\02_data\raw\Sitting_posture.v17i.yolov8\train\labels\WIN_20251109_18_42_31_Pro_mp4-0179_jpg.rf.fb86f2081591b448610a89bd90cacdcf.txt,1280,720,59136,feee0d7802552fa598a5c95a84e3c4e8e4e7352d37c665e36a7a8bb69708df61,8140617190919393,117.3116,315.6354,False,True,False,1,1,0,
train,D:\.Candra\Project\TA\02_data\raw\Sitting_posture.v17i.yolov8\train\images\WIN_20251109_18_42_31_Pro_mp4-0180_jpg.rf.3b8ffbd481cafdf923d6b37b4b45e756.jpg,train\images\WIN_20251109_18_42_31_Pro_mp4-0180_jpg.rf.3b8ffbd481cafdf923d6b37b4b45e756.jpg,D:\.Candra\Project\TA\02_data\raw\Sitting_posture.v17i.yolov8\train\labels\WIN_20251109_18_42_31_Pro_mp4-0180_jpg.rf.3b8ffbd481cafdf923d6b37b4b45e756.txt,1280,720,56084,63fba192d3c0fb6541d938b150cfca73eb773bb17a299d1994922d27632c2e6f,8140617191919293,116.7761,307.1078,False,True,False,1,1,0,
train,D:\.Candra\Project\TA\02_data\raw\Sitting_posture.v17i.yolov8\train\images\WIN_20251109_18_42_31_Pro_mp4-0181_jpg.rf.6677efb9b4ed186ba633d9d8276e47ab.jpg,train\images\WIN_20251109_18_42_31_Pro_mp4-0181_jpg.rf.6677efb9b4ed186ba633d9d8276e47ab.jpg,D:\.Candra\Project\TA\02_data\raw\Sitting_posture.v17i.yolov8\train\labels\WIN_20251109_18_42_31_Pro_mp4-0181_jpg.rf.6677efb9b4ed186ba633d9d8276e47ab.txt,1280,720,55351,db9fd12ad359c60c6a100d9de0a729ebdc36f1378d236849fde081b09001661b,8140635393929293,117.2389,298.5433,False,True,False,1,1,0,
train,D:\.Candra\Project\TA\02_data\raw\Sitting_posture.v17i.yolov8\train\images\WIN_20251109_18_42_31_Pro_mp4-0182_jpg.rf.a1c5380003e3de4d8bf58027a831316d.jpg,train\images\WIN_20251109_18_42_31_Pro_mp4-0182_jpg.rf.a1c5380003e3de4d8bf58027a831316d.jpg,D:\.Candra\Project\TA\02_data\raw\Sitting_posture.v17i.yolov8\train\labels\WIN_20251109_18_42_31_Pro_mp4-0182_jpg.rf.a1c5380003e3de4d8bf58027a831316d.txt,1280,720,58477,11831b95f602d7f94d7e1a27fc565922ca66585a2df6ae2c67143794d68da95d,8142627392969292,117.5104,285.2493,False,True,False,1,1,0,
train,D:\.Candra\Project\TA\02_data\raw\Sitting_posture.v17i.yolov8\train\images\WIN_20251109_18_42_31_Pro_mp4-0183_jpg.rf.979392fef800b030e179e616ce6cbc2d.jpg,train\images\WIN_20251109_18_42_31_Pro_mp4-0183_jpg.rf.979392fef800b030e179e616ce6cbc2d.jpg,D:\.Candra\Project\TA\02_data\raw\Sitting_posture.v17i.yolov8\train\labels\WIN_20251109_18_42_31_Pro_mp4-0183_jpg.rf.979392fef800b030e179e616ce6cbc2d.txt,1280,720,58800,4e8cda733502db4d7bf09e5df5eba2bbb1c8cefbf3bf7ffa11f3c21f85a92604,8144666696969292,116.3776,265.094,False,True,False,1,1,0,
train,D:\.Candra\Project\TA\02_data\raw\Sitting_posture.v17i.yolov8\train\images\WIN_20251109_18_42_31_Pro_mp4-0184_jpg.rf.12662df3671b965d3e060be493909011.jpg,train\images\WIN_20251109_18_42_31_Pro_mp4-0184_jpg.rf.12662df3671b965d3e060be493909011.jpg,D:\.Candra\Project\TA\02_data\raw\Sitting_posture.v17i.yolov8\train\labels\WIN_20251109_18_42_31_Pro_mp4-0184_jpg.rf.12662df3671b965d3e060be493909011.txt,1280,720,57227,4c077043a855cb70a7ee3311b0e0dabdef8b2d83ff3957bba572da9f74c7e03c,8144644684869286,114.4751,272.1865,False,True,False,1,1,0,
train,D:\.Candra\Project\TA\02_data\raw\Sitting_posture.v17i.yolov8\train\images\WIN_20251109_18_42_31_Pro_mp4-0185_jpg.rf.274f51c80c6793ee165e691d21f66bee.jpg,train\images\WIN_20251109_18_42_31_Pro_mp4-0185_jpg.rf.274f51c80c6793ee165e691d21f66bee.jpg,D:\.Candra\Project\TA\02_data\raw\Sitting_posture.v17i.yolov8\train\labels\WIN_20251109_18_42_31_Pro_mp4-0185_jpg.rf.274f51c80c6793ee165e691d21f66bee.txt,1280,720,61890,d145936a501d8aea37655bcbc5948ab5182382e2261a6a9c65c7bfd7263c4eef,81484c4d8c869286,112.9601,306.2392,False,True,False,1,1,0,
train,D:\.Candra\Project\TA\02_data\raw\Sitting_posture.v17i.yolov8\train\images\WIN_20251109_18_42_31_Pro_mp4-0186_jpg.rf.b5666b23a8806b3321e982fa23771f7f.jpg,train\images\WIN_20251109_18_42_31_Pro_mp4-0186_jpg.rf.b5666b23a8806b3321e982fa23771f7f.jpg,D:\.Candra\Project\TA\02_data\raw\Sitting_posture.v17i.yolov8\train\labels\WIN_20251109_18_42_31_Pro_mp4-0186_jpg.rf.b5666b23a8806b3321e982fa23771f7f.txt,1280,720,59054,422a3350303e2625217e43811150b14637ebadbdc7f90329b7f609b8ffca0dfd,81484c4d8c869286,112.3863,310.0269,False,True,False,1,1,0,
train,D:\.Candra\Project\TA\02_data\raw\Sitting_posture.v17i.yolov8\train\images\WIN_20251109_18_42_31_Pro_mp4-0187_jpg.rf.d689492e3cb1e76918d77e8f407fa5da.jpg,train\images\WIN_20251109_18_42_31_Pro_mp4-0187_jpg.rf.d689492e3cb1e76918d77e8f407fa5da.jpg,D:\.Candra\Project\TA\02_data\raw\Sitting_posture.v17i.yolov8\train\labels\WIN_20251109_18_42_31_Pro_mp4-0187_jpg.rf.d689492e3cb1e76918d77e8f407fa5da.txt,1280,720,63100,c5609e3268fa1be86032fb09720a39daaf6227084bfa0dd139b1f9e978fcf987,81484c4d8c8e9286,112.165,350.256,False,True,False,1,1,0,
train,D:\.Candra\Project\TA\02_data\raw\Sitting_posture.v17i.yolov8\train\images\WIN_20251109_18_42_31_Pro_mp4-0188_jpg.rf.883e9d878515cae75966cdf6b796def8.jpg,train\images\WIN_20251109_18_42_31_Pro_mp4-0188_jpg.rf.883e9d878515cae75966cdf6b796def8.jpg,D:\.Candra\Project\TA\02_data\raw\Sitting_posture.v17i.yolov8\train\labels\WIN_20251109_18_42_31_Pro_mp4-0188_jpg.rf.883e9d878515cae75966cdf6b796def8.txt,1280,720,60104,81cefff05fca75184b96dea92413f9acb5fd124b7d9bcc28ea431e60abeed964,81484c4d8c869286,112.1744,333.5572,False,True,False,1,1,0,
train,D:\.Candra\Project\TA\02_data\raw\Sitting_posture.v17i.yolov8\train\images\WIN_20251109_18_42_31_Pro_mp4-0189_jpg.rf.194b518bf76cf0d42c97b1481be1bdfa.jpg,train\images\WIN_20251109_18_42_31_Pro_mp4-0189_jpg.rf.194b518bf76cf0d42c97b1481be1bdfa.jpg,D:\.Candra\Project\TA\02_data\raw\Sitting_posture.v17i.yolov8\train\labels\WIN_20251109_18_42_31_Pro_mp4-0189_jpg.rf.194b518bf76cf0d42c97b1481be1bdfa.txt,1280,720,59181,dab5cd483c1b6bf372a7d74a63ef2a3ef02c64566275663e1b9f4bc3443fa563,81484c4d8c869286,112.2303,320.3502,False,True,False,1,1,0,
train,D:\.Candra\Project\TA\02_data\raw\Sitting_posture.v17i.yolov8\train\images\WIN_20251109_18_42_31_Pro_mp4-0190_jpg.rf.7b202eefc0fc5610b08274ab953ea9e9.jpg,train\images\WIN_20251109_18_42_31_Pro_mp4-0190_jpg.rf.7b202eefc0fc5610b08274ab953ea9e9.jpg,D:\.Candra\Project\TA\02_data\raw\Sitting_posture.v17i.yolov8\train\labels\WIN_20251109_18_42_31_Pro_mp4-0190_jpg.rf.7b202eefc0fc5610b08274ab953ea9e9.txt,1280,720,63179,375d110767acf7773ca0e3e0382fccea9115e7348450c2c4f16a80d2e31f08ec,81484c4d8c8e9286,111.731,332.5314,False,True,False,1,1,0,
train,D:\.Candra\Project\TA\02_data\raw\Sitting_posture.v17i.yolov8\train\images\WIN_20251109_18_42_31_Pro_mp4-0192_jpg.rf.6e6d1aa6fd631b2ac2b6c69dbe0bdade.jpg,train\images\WIN_20251109_18_42_31_Pro_mp4-0192_jpg.rf.6e6d1aa6fd631b2ac2b6c69dbe0bdade.jpg,D:\.Candra\Project\TA\02_data\raw\Sitting_posture.v17i.yolov8\train\labels\WIN_20251109_18_42_31_Pro_mp4-0192_jpg.rf.6e6d1aa6fd631b2ac2b6c69dbe0bdade.txt,1280,720,59689,63aaefe56387f3f2351b56d84cf8e4a42b2969159d9511a8b9d3ce108941aca0,81484c4d8c8e9286,111.4154,317.7132,False,True,False,1,1,0,
train,D:\.Candra\Project\TA\02_data\raw\Sitting_posture.v17i.yolov8\train\images\WIN_20251109_18_42_31_Pro_mp4-0194_jpg.rf.6d6a61bcbdd58c7bc674ea7aa8fee685.jpg,train\images\WIN_20251109_18_42_31_Pro_mp4-0194_jpg.rf.6d6a61bcbdd58c7bc674ea7aa8fee685.jpg,D:\.Candra\Project\TA\02_data\raw\Sitting_posture.v17i.yolov8\train\labels\WIN_20251109_18_42_31_Pro_mp4-0194_jpg.rf.6d6a61bcbdd58c7bc674ea7aa8fee685.txt,1280,720,59591,c333a4e621a86d97d34e568196ecdb8aab4c1bbcc2236db9cb2d6d05bdb37c3d,814048189c8e9286,111.124,323.0965,False,True,False,1,1,0,
train,D:\.Candra\Project\TA\02_data\raw\Sitting_posture.v17i.yolov8\train\images\WIN_20251109_18_42_31_Pro_mp4-0195_jpg.rf.ebbdc5180a8611972756a05b0b3eb446.jpg,train\images\WIN_20251109_18_42_31_Pro_mp4-0195_jpg.rf.ebbdc5180a8611972756a05b0b3eb446.jpg,D:\.Candra\Project\TA\02_data\raw\Sitting_posture.v17i.yolov8\train\labels\WIN_20251109_18_42_31_Pro_mp4-0195_jpg.rf.ebbdc5180a8611972756a05b0b3eb446.txt,1280,720,59374,690f915897755c7b92e4a8e6883e09f88c28f2081510ca2aa6ed958ae56418dd,814058989c9e9286,111.3988,331.4539,False,True,False,1,1,0,
train,D:\.Candra\Project\TA\02_data\raw\Sitting_posture.v17i.yolov8\train\images\WIN_20251109_18_42_31_Pro_mp4-0196_jpg.rf.c0cebd0b9cb35f7b6b6179020f0db09f.jpg,train\images\WIN_20251109_18_42_31_Pro_mp4-0196_jpg.rf.c0cebd0b9cb35f7b6b6179020f0db09f.jpg,D:\.Candra\Project\TA\02_data\raw\Sitting_posture.v17i.yolov8\train\labels\WIN_20251109_18_42_31_Pro_mp4-0196_jpg.rf.c0cebd0b9cb35f7b6b6179020f0db09f.txt,1280,720,62987,4d9f394037e96c8d8529abb71b949a61fb34dca8dc6a03eb0985904faf0f2318,814058989c9e9a86,111.4377,349.2134,False,True,False,1,1,0,
train,D:\.Candra\Project\TA\02_data\raw\Sitting_posture.v17i.yolov8\train\images\WIN_20251109_18_42_31_Pro_mp4-0197_jpg.rf.575c5fc02378cd7071eb8a60dd9dab8d.jpg,train\images\WIN_20251109_18_42_31_Pro_mp4-0197_jpg.rf.575c5fc02378cd7071eb8a60dd9dab8d.jpg,D:\.Candra\Project\TA\02_data\raw\Sitting_posture.v17i.yolov8\train\labels\WIN_20251109_18_42_31_Pro_mp4-0197_jpg.rf.575c5fc02378cd7071eb8a60dd9dab8d.txt,1280,720,59056,cf68ab1e7fa1b1d493f1da5ae5273d6ad9726b8948c9078a130c58aae4389cd2,8140589a9c9e9a86,111.7165,335.3441,False,True,False,1,1,0,
train,D:\.Candra\Project\TA\02_data\raw\Sitting_posture.v17i.yolov8\train\images\WIN_20251109_18_42_31_Pro_mp4-0198_jpg.rf.0cd97094e7d46f8270d1ffbbaeead33e.jpg,train\images\WIN_20251109_18_42_31_Pro_mp4-0198_jpg.rf.0cd97094e7d46f8270d1ffbbaeead33e.jpg,D:\.Candra\Project\TA\02_data\raw\Sitting_posture.v17i.yolov8\train\labels\WIN_20251109_18_42_31_Pro_mp4-0198_jpg.rf.0cd97094e7d46f8270d1ffbbaeead33e.txt,1280,720,62368,fcf9dc4e3c7139fb53c8dc089386586b1eeae78922f61bb15f8b2813ac0b26e5,8140509a9c9e9a86,111.6054,344.8611,False,True,False,1,1,0,
train,D:\.Candra\Project\TA\02_data\raw\Sitting_posture.v17i.yolov8\train\images\WIN_20251109_18_42_31_Pro_mp4-0199_jpg.rf.3104f5f07c251aa5353146244bac75db.jpg,train\images\WIN_20251109_18_42_31_Pro_mp4-0199_jpg.rf.3104f5f07c251aa5353146244bac75db.jpg,D:\.Candra\Project\TA\02_data\raw\Sitting_posture.v17i.yolov8\train\labels\WIN_20251109_18_42_31_Pro_mp4-0199_jpg.rf.3104f5f07c251aa5353146244bac75db.txt,1280,720,58807,161e220dac00d8387fd7aa0b8bdeb51b6cb21171cc71c0630bc558771dab0783,8140509a9c9e9a86,111.7458,332.6013,False,True,False,1,1,0,
train,D:\.Candra\Project\TA\02_data\raw\Sitting_posture.v17i.yolov8\train\images\WIN_20251109_18_42_31_Pro_mp4-0200_jpg.rf.209bb1955a8adf60ec5c9931a83f42e9.jpg,train\images\WIN_20251109_18_42_31_Pro_mp4-0200_jpg.rf.209bb1955a8adf60ec5c9931a83f42e9.jpg,D:\.Candra\Project\TA\02_data\raw\Sitting_posture.v17i.yolov8\train\labels\WIN_20251109_18_42_31_Pro_mp4-0200_jpg.rf.209bb1955a8adf60ec5c9931a83f42e9.txt,1280,720,58837,cc561de80e0f102bd25bfbfb8bc35a087dcf2b2c5409e65185148e13f75ae3c3,8140509a9c9e9a86,111.9028,332.4529,False,True,False,1,1,0,
train,D:\.Candra\Project\TA\02_data\raw\Sitting_posture.v17i.yolov8\train\images\WIN_20251109_18_42_31_Pro_mp4-0201_jpg.rf.23b294a0b11b405f954372353a67e2ab.jpg,train\images\WIN_20251109_18_42_31_Pro_mp4-0201_jpg.rf.23b294a0b11b405f954372353a67e2ab.jpg,D:\.Candra\Project\TA\02_data\raw\Sitting_posture.v17i.yolov8\train\labels\WIN_20251109_18_42_31_Pro_mp4-0201_jpg.rf.23b294a0b11b405f954372353a67e2ab.txt,1280,720,62131,0f2dc4240f5a019e2baac3a48fcb3808d5aedfdae38bc65a275a93d35a45115c,8140509a9c9e9a86,111.8177,343.0867,False,True,False,1,1,0,
train,D:\.Candra\Project\TA\02_data\raw\Sitting_posture.v17i.yolov8\train\images\WIN_20251109_18_42_31_Pro_mp4-0202_jpg.rf.d1f5e28f5ac255f285dbb74426c723fd.jpg,train\images\WIN_20251109_18_42_31_Pro_mp4-0202_jpg.rf.d1f5e28f5ac255f285dbb74426c723fd.jpg,D:\.Candra\Project\TA\02_data\raw\Sitting_posture.v17i.yolov8\train\labels\WIN_20251109_18_42_31_Pro_mp4-0202_jpg.rf.d1f5e28f5ac255f285dbb74426c723fd.txt,1280,720,59077,3a142693efb2351e36fc2071940dbf9fbbe71177858abecc29457ea887da2dda,8140509a9c9e9a86,111.6816,323.8192,False,True,False,1,1,0,
train,D:\.Candra\Project\TA\02_data\raw\Sitting_posture.v17i.yolov8\train\images\WIN_20251109_18_42_31_Pro_mp4-0204_jpg.rf.360e4350dc4df89647ecbb376c49f580.jpg,train\images\WIN_20251109_18_42_31_Pro_mp4-0204_jpg.rf.360e4350dc4df89647ecbb376c49f580.jpg,D:\.Candra\Project\TA\02_data\raw\Sitting_posture.v17i.yolov8\train\labels\WIN_20251109_18_42_31_Pro_mp4-0204_jpg.rf.360e4350dc4df89647ecbb376c49f580.txt,1280,720,62664,f480bea4c99c72509343bd949c5f0ef562afc16a3dd72e9b351e097667ec0c8e,8140481d9c8e9286,111.3223,333.0858,False,True,False,1,1,0,
train,D:\.Candra\Project\TA\02_data\raw\Sitting_posture.v17i.yolov8\train\images\WIN_20251109_18_42_31_Pro_mp4-0205_jpg.rf.b1102eda63b888e9d3219cbfb7766946.jpg,train\images\WIN_20251109_18_42_31_Pro_mp4-0205_jpg.rf.b1102eda63b888e9d3219cbfb7766946.jpg,D:\.Candra\Project\TA\02_data\raw\Sitting_posture.v17i.yolov8\train\labels\WIN_20251109_18_42_31_Pro_mp4-0205_jpg.rf.b1102eda63b888e9d3219cbfb7766946.txt,1280,720,58850,e9b856e472904e07f1271444f54d59a97d3db1df6426dabdeb27fc20abad70b5,81484c4d8c8e9286,112.0153,306.2104,False,True,False,1,1,0,
train,D:\.Candra\Project\TA\02_data\raw\Sitting_posture.v17i.yolov8\train\images\WIN_20251109_18_42_31_Pro_mp4-0207_jpg.rf.c34a7f5e98de2e62ecb2072e822f5a16.jpg,train\images\WIN_20251109_18_42_31_Pro_mp4-0207_jpg.rf.c34a7f5e98de2e62ecb2072e822f5a16.jpg,D:\.Candra\Project\TA\02_data\raw\Sitting_posture.v17i.yolov8\train\labels\WIN_20251109_18_42_31_Pro_mp4-0207_jpg.rf.c34a7f5e98de2e62ecb2072e822f5a16.txt,1280,720,62382,608c004d50d20557f4270c0f7dd851554a0cad20bb630acf616c106de1b2a5cb,81404c4d8c869286,114.1037,320.8698,False,True,False,1,1,0,
train,D:\.Candra\Project\TA\02_data\raw\Sitting_posture.v17i.yolov8\train\images\WIN_20251109_18_42_31_Pro_mp4-0208_jpg.rf.4811d27cb4487f2b89fe12241fc25f2c.jpg,train\images\WIN_20251109_18_42_31_Pro_mp4-0208_jpg.rf.4811d27cb4487f2b89fe12241fc25f2c.jpg,D:\.Candra\Project\TA\02_data\raw\Sitting_posture.v17i.yolov8\train\labels\WIN_20251109_18_42_31_Pro_mp4-0208_jpg.rf.4811d27cb4487f2b89fe12241fc25f2c.txt,1280,720,59232,20bd7212b760abcc9cd31adfc240729af963f6884359036881317fcd376765da,81404c4d84869286,114.7059,311.3159,False,True,False,1,1,0,
train,D:\.Candra\Project\TA\02_data\raw\Sitting_posture.v17i.yolov8\train\images\WIN_20251109_18_42_31_Pro_mp4-0209_jpg.rf.662b0595e37ddcbeaebe5e5c9cee955c.jpg,train\images\WIN_20251109_18_42_31_Pro_mp4-0209_jpg.rf.662b0595e37ddcbeaebe5e5c9cee955c.jpg,D:\.Candra\Project\TA\02_data\raw\Sitting_posture.v17i.yolov8\train\labels\WIN_20251109_18_42_31_Pro_mp4-0209_jpg.rf.662b0595e37ddcbeaebe5e5c9cee955c.txt,1280,720,58714,5d55be28361abfc1234092b2490c8f65654628bf11d4816b5c1e51042e67a217,8140644584869286,114.9875,320.5252,False,True,False,1,1,0,
train,D:\.Candra\Project\TA\02_data\raw\Sitting_posture.v17i.yolov8\train\images\WIN_20251109_18_42_31_Pro_mp4-0210_jpg.rf.90d152d6274a7be2b2175246f7aa06dc.jpg,train\images\WIN_20251109_18_42_31_Pro_mp4-0210_jpg.rf.90d152d6274a7be2b2175246f7aa06dc.jpg,D:\.Candra\Project\TA\02_data\raw\Sitting_posture.v17i.yolov8\train\labels\WIN_20251109_18_42_31_Pro_mp4-0210_jpg.rf.90d152d6274a7be2b2175246f7aa06dc.txt,1280,720,58763,7baa15331d5e41f78de8976ea891479c3294c7038188862239e6245a44252e8b,8140644584869286,114.9844,309.2241,False,True,False,1,1,0,
train,D:\.Candra\Project\TA\02_data\raw\Sitting_posture.v17i.yolov8\train\images\WIN_20251109_18_42_31_Pro_mp4-0211_jpg.rf.d689a8ef36b0f17ea36a879289e5ba16.jpg,train\images\WIN_20251109_18_42_31_Pro_mp4-0211_jpg.rf.d689a8ef36b0f17ea36a879289e5ba16.jpg,D:\.Candra\Project\TA\02_data\raw\Sitting_posture.v17i.yolov8\train\labels\WIN_20251109_18_42_31_Pro_mp4-0211_jpg.rf.d689a8ef36b0f17ea36a879289e5ba16.txt,1280,720,58950,5c3734269cd679dc60b561e0b19f10f94f17dc61e79b3f0371f62ba05a16c27d,8140644484869286,114.8172,316.2261,False,True,False,1,1,0,
train,D:\.Candra\Project\TA\02_data\raw\Sitting_posture.v17i.yolov8\train\images\WIN_20251109_18_42_31_Pro_mp4-0212_jpg.rf.4e4a76ab5ab6dd5b3b2c34216714b0b8.jpg,train\images\WIN_20251109_18_42_31_Pro_mp4-0212_jpg.rf.4e4a76ab5ab6dd5b3b2c34216714b0b8.jpg,D:\.Candra\Project\TA\02_data\raw\Sitting_posture.v17i.yolov8\train\labels\WIN_20251109_18_42_31_Pro_mp4-0212_jpg.rf.4e4a76ab5ab6dd5b3b2c34216714b0b8.txt,1280,720,62182,bf446080fa38c3990db418176fcb7df31847f82bff4b5978c175de523883a9e5,8140644484869286,114.8423,330.1946,False,True,False,1,1,0,
train,D:\.Candra\Project\TA\02_data\raw\Sitting_posture.v17i.yolov8\train\images\WIN_20251109_18_42_31_Pro_mp4-0213_jpg.rf.1cc0c6539fdc4a1d6471063cbb06484d.jpg,train\images\WIN_20251109_18_42_31_Pro_mp4-0213_jpg.rf.1cc0c6539fdc4a1d6471063cbb06484d.jpg,D:\.Candra\Project\TA\02_data\raw\Sitting_posture.v17i.yolov8\train\labels\WIN_20251109_18_42_31_Pro_mp4-0213_jpg.rf.1cc0c6539fdc4a1d6471063cbb06484d.txt,1280,720,58502,f51a27ebd682572e3335b43dcee6c323581cbb07c427b72f9771c44ce114f619,8140644484869286,115.1786,303.8712,False,True,False,1,1,0,
train,D:\.Candra\Project\TA\02_data\raw\Sitting_posture.v17i.yolov8\train\images\WIN_20251109_18_42_31_Pro_mp4-0214_jpg.rf.b6dbf4be4770e7fe00ae709b13b880c4.jpg,train\images\WIN_20251109_18_42_31_Pro_mp4-0214_jpg.rf.b6dbf4be4770e7fe00ae709b13b880c4.jpg,D:\.Candra\Project\TA\02_data\raw\Sitting_posture.v17i.yolov8\train\labels\WIN_20251109_18_42_31_Pro_mp4-0214_jpg.rf.b6dbf4be4770e7fe00ae709b13b880c4.txt,1280,720,59039,2a416dd57278006c64308fd0f0220baeb93da7f8d67b36b2cd5af3f6f9fa7355,8140644694869286,115.5217,300.7513,False,True,False,1,1,0,
train,D:\.Candra\Project\TA\02_data\raw\Sitting_posture.v17i.yolov8\train\images\WIN_20251109_18_42_31_Pro_mp4-0215_jpg.rf.8ccab69d70df2d9f2ead060db90c6d96.jpg,train\images\WIN_20251109_18_42_31_Pro_mp4-0215_jpg.rf.8ccab69d70df2d9f2ead060db90c6d96.jpg,D:\.Candra\Project\TA\02_data\raw\Sitting_posture.v17i.yolov8\train\labels\WIN_20251109_18_42_31_Pro_mp4-0215_jpg.rf.8ccab69d70df2d9f2ead060db90c6d96.txt,1280,720,61420,b5baf044ac3f33d183227ffb0491080dd1c3e4aeb90560af03f19b491868e2c4,8140646694869286,115.9756,301.625,False,True,False,1,1,0,
train,D:\.Candra\Project\TA\02_data\raw\Sitting_posture.v17i.yolov8\train\images\WIN_20251109_18_42_31_Pro_mp4-0216_jpg.rf.cf602fd5cfb04955a8cd71a080af5bb5.jpg,train\images\WIN_20251109_18_42_31_Pro_mp4-0216_jpg.rf.cf602fd5cfb04955a8cd71a080af5bb5.jpg,D:\.Candra\Project\TA\02_data\raw\Sitting_posture.v17i.yolov8\train\labels\WIN_20251109_18_42_31_Pro_mp4-0216_jpg.rf.cf602fd5cfb04955a8cd71a080af5bb5.txt,1280,720,57485,7c6885312c3a08a64d9935c478a082be6c87b106573e657910d592c9c1a956df,8140666696969686,116.2792,278.6116,False,True,False,1,1,0,
train,D:\.Candra\Project\TA\02_data\raw\Sitting_posture.v17i.yolov8\train\images\WIN_20251109_18_42_31_Pro_mp4-0217_jpg.rf.a0323885ff30177d72d42ba568fec5ad.jpg,train\images\WIN_20251109_18_42_31_Pro_mp4-0217_jpg.rf.a0323885ff30177d72d42ba568fec5ad.jpg,D:\.Candra\Project\TA\02_data\raw\Sitting_posture.v17i.yolov8\train\labels\WIN_20251109_18_42_31_Pro_mp4-0217_jpg.rf.a0323885ff30177d72d42ba568fec5ad.txt,1280,720,57165,bd52885b55d4a72e5d8804582d79de072c0f8ee21cf6c25ec19d6860156bc3da,8140666696969686,116.7413,280.3138,False,True,False,1,1,0,
train,D:\.Candra\Project\TA\02_data\raw\Sitting_posture.v17i.yolov8\train\images\WIN_20251109_18_42_31_Pro_mp4-0218_jpg.rf.f7e17ab0b79344b1a2b6d7d04f19efa1.jpg,train\images\WIN_20251109_18_42_31_Pro_mp4-0218_jpg.rf.f7e17ab0b79344b1a2b6d7d04f19efa1.jpg,D:\.Candra\Project\TA\02_data\raw\Sitting_posture.v17i.yolov8\train\labels\WIN_20251109_18_42_31_Pro_mp4-0218_jpg.rf.f7e17ab0b79344b1a2b6d7d04f19efa1.txt,1280,720,60101,226b6a0a0f42d1bb34da97075e5abded47fd243ea64f37bef5651ddfc7b18899,8140666796969682,117.1678,293.653,False,True,False,1,1,0,
train,D:\.Candra\Project\TA\02_data\raw\Sitting_posture.v17i.yolov8\train\images\WIN_20251109_18_42_31_Pro_mp4-0219_jpg.rf.c9b5ab71a506caaae3cc77809e2a8a24.jpg,train\images\WIN_20251109_18_42_31_Pro_mp4-0219_jpg.rf.c9b5ab71a506caaae3cc77809e2a8a24.jpg,D:\.Candra\Project\TA\02_data\raw\Sitting_posture.v17i.yolov8\train\labels\WIN_20251109_18_42_31_Pro_mp4-0219_jpg.rf.c9b5ab71a506caaae3cc77809e2a8a24.txt,1280,720,56436,85cccb8231bbdf5e0cb7b5b01130b53c6050cf69a4b33e1d5ea1308b9c9de1af,8140666392969692,117.4204,275.5302,False,True,False,1,1,0,
train,D:\.Candra\Project\TA\02_data\raw\Sitting_posture.v17i.yolov8\train\images\WIN_20251109_18_42_31_Pro_mp4-0220_jpg.rf.41978413d3405188e0f35aa95547b9a0.jpg,train\images\WIN_20251109_18_42_31_Pro_mp4-0220_jpg.rf.41978413d3405188e0f35aa95547b9a0.jpg,D:\.Candra\Project\TA\02_data\raw\Sitting_posture.v17i.yolov8\train\labels\WIN_20251109_18_42_31_Pro_mp4-0220_jpg.rf.41978413d3405188e0f35aa95547b9a0.txt,1280,720,57152,7ddcb840534ac7432aa1e0516940fc60e7ada21951da6476c05deadca40e719f,8140627392969692,117.4606,290.3819,False,True,False,1,1,0,
train,D:\.Candra\Project\TA\02_data\raw\Sitting_posture.v17i.yolov8\train\images\WIN_20251109_18_42_31_Pro_mp4-0221_jpg.rf.593078eec53407d005a39ff7e70ad1fe.jpg,train\images\WIN_20251109_18_42_31_Pro_mp4-0221_jpg.rf.593078eec53407d005a39ff7e70ad1fe.jpg,D:\.Candra\Project\TA\02_data\raw\Sitting_posture.v17i.yolov8\train\labels\WIN_20251109_18_42_31_Pro_mp4-0221_jpg.rf.593078eec53407d005a39ff7e70ad1fe.txt,1280,720,56982,584c559289a241b39b81d8d4a85e3a0cea78d551f80acc39eca2161ef3426fc9,8140627392969692,117.5337,297.1008,False,True,False,1,1,0,
train,D:\.Candra\Project\TA\02_data\raw\Sitting_posture.v17i.yolov8\train\images\WIN_20251109_18_42_31_Pro_mp4-0222_jpg.rf.4399e70913f62628b4a03c9dbe50fc7c.jpg,train\images\WIN_20251109_18_42_31_Pro_mp4-0222_jpg.rf.4399e70913f62628b4a03c9dbe50fc7c.jpg,D:\.Candra\Project\TA\02_data\raw\Sitting_posture.v17i.yolov8\train\labels\WIN_20251109_18_42_31_Pro_mp4-0222_jpg.rf.4399e70913f62628b4a03c9dbe50fc7c.txt,1280,720,56849,3b630de82555ad6e4deba98608a14744818b2d72b3db74de050c77194b256f94,8140627392969692,117.5926,293.3574,False,True,False,1,1,0,
train,D:\.Candra\Project\TA\02_data\raw\Sitting_posture.v17i.yolov8\train\images\WIN_20251109_18_42_31_Pro_mp4-0223_jpg.rf.7b51a48b7e6db78639b2596464a3ec7c.jpg,train\images\WIN_20251109_18_42_31_Pro_mp4-0223_jpg.rf.7b51a48b7e6db78639b2596464a3ec7c.jpg,D:\.Candra\Project\TA\02_data\raw\Sitting_posture.v17i.yolov8\train\labels\WIN_20251109_18_42_31_Pro_mp4-0223_jpg.rf.7b51a48b7e6db78639b2596464a3ec7c.txt,1280,720,60132,9ba94cb293e94617db247c45952a052be1f4eea1c6d891d1c6d7155454d98c07,8140666392969292,117.5311,298.439,False,True,False,1,1,0,
train,D:\.Candra\Project\TA\02_data\raw\Sitting_posture.v17i.yolov8\train\images\WIN_20251109_18_42_31_Pro_mp4-0224_jpg.rf.304a9f3f2dcee2f0fba66cae051d1f45.jpg,train\images\WIN_20251109_18_42_31_Pro_mp4-0224_jpg.rf.304a9f3f2dcee2f0fba66cae051d1f45.jpg,D:\.Candra\Project\TA\02_data\raw\Sitting_posture.v17i.yolov8\train\labels\WIN_20251109_18_42_31_Pro_mp4-0224_jpg.rf.304a9f3f2dcee2f0fba66cae051d1f45.txt,1280,720,56295,91ccbe382c10a87b9b4ec30decb7bf18d1fcbcf67ad30b7210b7be07b30f5ffa,8140666796969292,117.3825,268.9866,False,True,False,1,1,0,
train,D:\.Candra\Project\TA\02_data\raw\Sitting_posture.v17i.yolov8\train\images\WIN_20251109_18_42_31_Pro_mp4-0225_jpg.rf.b943bdcd949dca7fb061fe5e817d1d1a.jpg,train\images\WIN_20251109_18_42_31_Pro_mp4-0225_jpg.rf.b943bdcd949dca7fb061fe5e817d1d1a.jpg,D:\.Candra\Project\TA\02_data\raw\Sitting_posture.v17i.yolov8\train\labels\WIN_20251109_18_42_31_Pro_mp4-0225_jpg.rf.b943bdcd949dca7fb061fe5e817d1d1a.txt,1280,720,56354,2c7bffc38e4115ff8c17272e3b38dde9ce6e6282a21a72bfe7170b31ae409132,8140666696969292,117.1404,266.3808,False,True,False,1,1,0,
train,D:\.Candra\Project\TA\02_data\raw\Sitting_posture.v17i.yolov8\train\images\WIN_20251109_18_42_31_Pro_mp4-0227_jpg.rf.3e7cc36b3e28422921e3ab1f97bf728c.jpg,train\images\WIN_20251109_18_42_31_Pro_mp4-0227_jpg.rf.3e7cc36b3e28422921e3ab1f97bf728c.jpg,D:\.Candra\Project\TA\02_data\raw\Sitting_posture.v17i.yolov8\train\labels\WIN_20251109_18_42_31_Pro_mp4-0227_jpg.rf.3e7cc36b3e28422921e3ab1f97bf728c.txt,1280,720,57944,ddc1af5c6de9435128bfe7e111255ce1a0af7f44888d82b4736e86285503e40d,8140644684869292,115.9823,291.9095,False,True,False,1,1,0,
train,D:\.Candra\Project\TA\02_data\raw\Sitting_posture.v17i.yolov8\train\images\WIN_20251109_18_42_31_Pro_mp4-0228_jpg.rf.76bee4883cddd012f1ab136a9151f917.jpg,train\images\WIN_20251109_18_42_31_Pro_mp4-0228_jpg.rf.76bee4883cddd012f1ab136a9151f917.jpg,D:\.Candra\Project\TA\02_data\raw\Sitting_posture.v17i.yolov8\train\labels\WIN_20251109_18_42_31_Pro_mp4-0228_jpg.rf.76bee4883cddd012f1ab136a9151f917.txt,1280,720,58360,4df39a8307834eb56566bf8a38fd5ea414b854d42a86a303e83c2258f5aa9911,8140644584869286,115.4739,308.5153,False,True,False,1,1,0,
train,D:\.Candra\Project\TA\02_data\raw\Sitting_posture.v17i.yolov8\train\images\WIN_20251109_18_42_31_Pro_mp4-0229_jpg.rf.e4b4a3994b26bced390feecfd18f39b3.jpg,train\images\WIN_20251109_18_42_31_Pro_mp4-0229_jpg.rf.e4b4a3994b26bced390feecfd18f39b3.jpg,D:\.Candra\Project\TA\02_data\raw\Sitting_posture.v17i.yolov8\train\labels\WIN_20251109_18_42_31_Pro_mp4-0229_jpg.rf.e4b4a3994b26bced390feecfd18f39b3.txt,1280,720,61992,087f29a245ed207b9f4f2a5aec35309fcb16f3366a6fcad110e7bf8840dbcc0c,81404c4d84869286,115.1635,332.7343,False,True,False,1,1,0,
train,D:\.Candra\Project\TA\02_data\raw\Sitting_posture.v17i.yolov8\train\images\WIN_20251109_18_42_31_Pro_mp4-0230_jpg.rf.bf68969f293dadc7634f0edb37bb2025.jpg,train\images\WIN_20251109_18_42_31_Pro_mp4-0230_jpg.rf.bf68969f293dadc7634f0edb37bb2025.jpg,D:\.Candra\Project\TA\02_data\raw\Sitting_posture.v17i.yolov8\train\labels\WIN_20251109_18_42_31_Pro_mp4-0230_jpg.rf.bf68969f293dadc7634f0edb37bb2025.txt,1280,720,58911,78db60d256f24a4a108314ea422a55031cbd45af16ef684bbf649babf1df6bb0,81404c4d84869286,114.9706,319.4705,False,True,False,1,1,0,
train,D:\.Candra\Project\TA\02_data\raw\Sitting_posture.v17i.yolov8\train\images\WIN_20251109_18_42_31_Pro_mp4-0231_jpg.rf.9f8819501274f7c9920258bb97940496.jpg,train\images\WIN_20251109_18_42_31_Pro_mp4-0231_jpg.rf.9f8819501274f7c9920258bb97940496.jpg,D:\.Candra\Project\TA\02_data\raw\Sitting_posture.v17i.yolov8\train\labels\WIN_20251109_18_42_31_Pro_mp4-0231_jpg.rf.9f8819501274f7c9920258bb97940496.txt,1280,720,62326,be5fb2dccf3677d673de4174e818b353595cdf49f231bfba5bbef41192f07be0,81404c4d84869286,114.6841,334.925,False,True,False,1,1,0,
train,D:\.Candra\Project\TA\02_data\raw\Sitting_posture.v17i.yolov8\train\images\WIN_20251109_18_42_31_Pro_mp4-0232_jpg.rf.21703c9e4bcaceef65a44d89a7354f29.jpg,train\images\WIN_20251109_18_42_31_Pro_mp4-0232_jpg.rf.21703c9e4bcaceef65a44d89a7354f29.jpg,D:\.Candra\Project\TA\02_data\raw\Sitting_posture.v17i.yolov8\train\labels\WIN_20251109_18_42_31_Pro_mp4-0232_jpg.rf.21703c9e4bcaceef65a44d89a7354f29.txt,1280,720,62279,142480919c3e40bfae95645e5a177095733d0a4c7d8e2c9087a9621587c9b8ce,81404c4d8c869286,114.0981,321.2956,False,True,False,1,1,0,
train,D:\.Candra\Project\TA\02_data\raw\Sitting_posture.v17i.yolov8\train\images\WIN_20251109_18_42_31_Pro_mp4-0233_jpg.rf.3baf71d88cecb12b374622148835efea.jpg,train\images\WIN_20251109_18_42_31_Pro_mp4-0233_jpg.rf.3baf71d88cecb12b374622148835efea.jpg,D:\.Candra\Project\TA\02_data\raw\Sitting_posture.v17i.yolov8\train\labels\WIN_20251109_18_42_31_Pro_mp4-0233_jpg.rf.3baf71d88cecb12b374622148835efea.txt,1280,720,58546,ebe570d56654e313e93a23b6e27359907d925ab78436b6790163024363d60725,81404c4d8c869286,113.0757,293.6982,False,True,False,1,1,0,
train,D:\.Candra\Project\TA\02_data\raw\Sitting_posture.v17i.yolov8\train\images\WIN_20251109_18_42_31_Pro_mp4-0235_jpg.rf.be7ce9622f55e76a918b33dfce89f8fb.jpg,train\images\WIN_20251109_18_42_31_Pro_mp4-0235_jpg.rf.be7ce9622f55e76a918b33dfce89f8fb.jpg,D:\.Candra\Project\TA\02_data\raw\Sitting_posture.v17i.yolov8\train\labels\WIN_20251109_18_42_31_Pro_mp4-0235_jpg.rf.be7ce9622f55e76a918b33dfce89f8fb.txt,1280,720,59518,b555251edcb96cd2e05f9d68c52ade004f1c6db9d1d12cabec54ee3b29499222,814048189c9a9a86,112.1969,331.2741,False,True,False,1,1,0,
train,D:\.Candra\Project\TA\02_data\raw\Sitting_posture.v17i.yolov8\train\images\WIN_20251109_18_42_31_Pro_mp4-0236_jpg.rf.db052102ea936ac48e689ff811001124.jpg,train\images\WIN_20251109_18_42_31_Pro_mp4-0236_jpg.rf.db052102ea936ac48e689ff811001124.jpg,D:\.Candra\Project\TA\02_data\raw\Sitting_posture.v17i.yolov8\train\labels\WIN_20251109_18_42_31_Pro_mp4-0236_jpg.rf.db052102ea936ac48e689ff811001124.txt,1280,720,59388,e17f0d8b5dc3132afa7a893da6a93c1681564661ff01e92946364d35255e95a1,8140589a9c929a86,112.9339,339.6335,False,True,False,1,1,0,
train,D:\.Candra\Project\TA\02_data\raw\Sitting_posture.v17i.yolov8\train\images\WIN_20251109_18_42_31_Pro_mp4-0237_jpg.rf.cc7374389e00e7ca6d8cf322e6c57975.jpg,train\images\WIN_20251109_18_42_31_Pro_mp4-0237_jpg.rf.cc7374389e00e7ca6d8cf322e6c57975.jpg,D:\.Candra\Project\TA\02_data\raw\Sitting_posture.v17i.yolov8\train\labels\WIN_20251109_18_42_31_Pro_mp4-0237_jpg.rf.cc7374389e00e7ca6d8cf322e6c57975.txt,1280,720,62246,496fa49928ed3cb1b9a022e0e5aa101826bf028996123a964ffd3a33ae9fc7b7,8140109294929a86,113.7922,354.9391,False,True,False,1,1,0,
train,D:\.Candra\Project\TA\02_data\raw\Sitting_posture.v17i.yolov8\train\images\WIN_20251109_18_42_31_Pro_mp4-0238_jpg.rf.fa1bb9914dbff59ecdd864059be94ff4.jpg,train\images\WIN_20251109_18_42_31_Pro_mp4-0238_jpg.rf.fa1bb9914dbff59ecdd864059be94ff4.jpg,D:\.Candra\Project\TA\02_data\raw\Sitting_posture.v17i.yolov8\train\labels\WIN_20251109_18_42_31_Pro_mp4-0238_jpg.rf.fa1bb9914dbff59ecdd864059be94ff4.txt,1280,720,61574,e9524dcf93132c43cd91772373bb6b657f00a93a848544c6b6a22cddb591499f,8140101014929286,114.2259,349.0994,False,True,False,1,1,0,
train,D:\.Candra\Project\TA\02_data\raw\Sitting_posture.v17i.yolov8\train\images\WIN_20251109_18_42_31_Pro_mp4-0239_jpg.rf.e84bea6a1787413a3d7c8ebf77b44319.jpg,train\images\WIN_20251109_18_42_31_Pro_mp4-0239_jpg.rf.e84bea6a1787413a3d7c8ebf77b44319.jpg,D:\.Candra\Project\TA\02_data\raw\Sitting_posture.v17i.yolov8\train\labels\WIN_20251109_18_42_31_Pro_mp4-0239_jpg.rf.e84bea6a1787413a3d7c8ebf77b44319.txt,1280,720,57975,7e65792b11aa71eff18cbcd7a01d88b95e2138151623a17241c0eaa682056512,8140103034969286,114.4505,328.6893,False,True,False,1,1,0,
train,D:\.Candra\Project\TA\02_data\raw\Sitting_posture.v17i.yolov8\train\images\WIN_20251109_18_42_31_Pro_mp4-0240_jpg.rf.53d6db92592e65daec303f764a189cc1.jpg,train\images\WIN_20251109_18_42_31_Pro_mp4-0240_jpg.rf.53d6db92592e65daec303f764a189cc1.jpg,D:\.Candra\Project\TA\02_data\raw\Sitting_posture.v17i.yolov8\train\labels\WIN_20251109_18_42_31_Pro_mp4-0240_jpg.rf.53d6db92592e65daec303f764a189cc1.txt,1280,720,60980,c5d06da6ca118b9341f02754c3c7a5450856a6df2533ab1096fd3e2c450c19c0,8140303034969282,114.164,349.2975,False,True,False,1,1,0,
train,D:\.Candra\Project\TA\02_data\raw\Sitting_posture.v17i.yolov8\train\images\WIN_20251109_18_42_31_Pro_mp4-0241_jpg.rf.a1d773500cef8ea9ac558fffad2e0602.jpg,train\images\WIN_20251109_18_42_31_Pro_mp4-0241_jpg.rf.a1d773500cef8ea9ac558fffad2e0602.jpg,D:\.Candra\Project\TA\02_data\raw\Sitting_posture.v17i.yolov8\train\labels\WIN_20251109_18_42_31_Pro_mp4-0241_jpg.rf.a1d773500cef8ea9ac558fffad2e0602.txt,1280,720,57458,406d32e79423c09188f02bd7f044534564fe6bed85537d2d58e83ae80506eaf9,8140303034969282,113.9965,338.2939,False,True,False,1,1,0,
train,D:\.Candra\Project\TA\02_data\raw\Sitting_posture.v17i.yolov8\train\images\WIN_20251109_18_42_31_Pro_mp4-0243_jpg.rf.29fe6ccd4ef20892b3b449e278adfe76.jpg,train\images\WIN_20251109_18_42_31_Pro_mp4-0243_jpg.rf.29fe6ccd4ef20892b3b449e278adfe76.jpg,D:\.Candra\Project\TA\02_data\raw\Sitting_posture.v17i.yolov8\train\labels\WIN_20251109_18_42_31_Pro_mp4-0243_jpg.rf.29fe6ccd4ef20892b3b449e278adfe76.txt,1280,720,60960,6a792948502eb45d22f282027b10e027a75c76b7d0d82efd138fde1e4bd3f3c9,8140103034969282,114.1624,330.3514,False,True,False,1,1,0,
train,D:\.Candra\Project\TA\02_data\raw\Sitting_posture.v17i.yolov8\train\images\WIN_20251109_18_42_31_Pro_mp4-0244_jpg.rf.3a836c946f9ef314f0f89787069326c5.jpg,train\images\WIN_20251109_18_42_31_Pro_mp4-0244_jpg.rf.3a836c946f9ef314f0f89787069326c5.jpg,D:\.Candra\Project\TA\02_data\raw\Sitting_posture.v17i.yolov8\train\labels\WIN_20251109_18_42_31_Pro_mp4-0244_jpg.rf.3a836c946f9ef314f0f89787069326c5.txt,1280,720,61714,c11c10c3b971dd029baf7d354912ac38445fb7da92d8fb5269e5b7adb82615b8,8140109294929a86,113.9081,337.6377,False,True,False,1,1,0,
train,D:\.Candra\Project\TA\02_data\raw\Sitting_posture.v17i.yolov8\train\images\WIN_20251109_18_42_31_Pro_mp4-0245_jpg.rf.d876d4921b210d5c95de7ee8b656af97.jpg,train\images\WIN_20251109_18_42_31_Pro_mp4-0245_jpg.rf.d876d4921b210d5c95de7ee8b656af97.jpg,D:\.Candra\Project\TA\02_data\raw\Sitting_posture.v17i.yolov8\train\labels\WIN_20251109_18_42_31_Pro_mp4-0245_jpg.rf.d876d4921b210d5c95de7ee8b656af97.txt,1280,720,62719,31df289145e2bcc6550bfd450588dbed098f0d615b42b96bbcb1d70c543324b2,8140589a9c9a9a86,112.7584,349.6758,False,True,False,1,1,0,
train,D:\.Candra\Project\TA\02_data\raw\Sitting_posture.v17i.yolov8\train\images\WIN_20251109_18_42_31_Pro_mp4-0246_jpg.rf.f00cf0ee023007560e2924d7596dcae2.jpg,train\images\WIN_20251109_18_42_31_Pro_mp4-0246_jpg.rf.f00cf0ee023007560e2924d7596dcae2.jpg,D:\.Candra\Project\TA\02_data\raw\Sitting_posture.v17i.yolov8\train\labels\WIN_20251109_18_42_31_Pro_mp4-0246_jpg.rf.f00cf0ee023007560e2924d7596dcae2.txt,1280,720,58846,4f0daa0206afb62e250a106609ec7869ecff0c9175c0b5dd8a3206b796cf528e,8140484c9c8e9286,112.3209,316.2661,False,True,False,1,1,0,
train,D:\.Candra\Project\TA\02_data\raw\Sitting_posture.v17i.yolov8\train\images\WIN_20251109_18_42_31_Pro_mp4-0247_jpg.rf.b0afc966f97030b7a463dff36a90f7ca.jpg,train\images\WIN_20251109_18_42_31_Pro_mp4-0247_jpg.rf.b0afc966f97030b7a463dff36a90f7ca.jpg,D:\.Candra\Project\TA\02_data\raw\Sitting_posture.v17i.yolov8\train\labels\WIN_20251109_18_42_31_Pro_mp4-0247_jpg.rf.b0afc966f97030b7a463dff36a90f7ca.txt,1280,720,58533,6e448d4f269d302b35df708a426e520426c5f4106d65be86d26a3e1f1e99b897,81404c4d8c869286,113.105,294.783,False,True,False,1,1,0,
train,D:\.Candra\Project\TA\02_data\raw\Sitting_posture.v17i.yolov8\train\images\WIN_20251109_18_42_31_Pro_mp4-0248_jpg.rf.92453519463bba06a03533b2e8f90a16.jpg,train\images\WIN_20251109_18_42_31_Pro_mp4-0248_jpg.rf.92453519463bba06a03533b2e8f90a16.jpg,D:\.Candra\Project\TA\02_data\raw\Sitting_posture.v17i.yolov8\train\labels\WIN_20251109_18_42_31_Pro_mp4-0248_jpg.rf.92453519463bba06a03533b2e8f90a16.txt,1280,720,61946,81319c9906faf690663b7f9fd7a047834b958fd1d2217b5f8fdf0ea5e31c37df,81404c4d8c869286,114.395,317.3031,False,True,False,1,1,0,
train,D:\.Candra\Project\TA\02_data\raw\Sitting_posture.v17i.yolov8\train\images\WIN_20251109_18_42_31_Pro_mp4-0249_jpg.rf.7d8443b8ced8bf85ee2916d2d09bfadb.jpg,train\images\WIN_20251109_18_42_31_Pro_mp4-0249_jpg.rf.7d8443b8ced8bf85ee2916d2d09bfadb.jpg,D:\.Candra\Project\TA\02_data\raw\Sitting_posture.v17i.yolov8\train\labels\WIN_20251109_18_42_31_Pro_mp4-0249_jpg.rf.7d8443b8ced8bf85ee2916d2d09bfadb.txt,1280,720,58475,7072b1112b8fb02ae29a2e4942f3d85eb797a2bd044fa917ae5feda9888a1f6b,8140644584869286,115.2544,296.096,False,True,False,1,1,0,
train,D:\.Candra\Project\TA\02_data\raw\Sitting_posture.v17i.yolov8\train\images\WIN_20251109_18_42_31_Pro_mp4-0250_jpg.rf.401b11c0233455f2d9aa0b4a80354c97.jpg,train\images\WIN_20251109_18_42_31_Pro_mp4-0250_jpg.rf.401b11c0233455f2d9aa0b4a80354c97.jpg,D:\.Candra\Project\TA\02_data\raw\Sitting_posture.v17i.yolov8\train\labels\WIN_20251109_18_42_31_Pro_mp4-0250_jpg.rf.401b11c0233455f2d9aa0b4a80354c97.txt,1280,720,58383,c44d9aedbeb9c34e2bb5714f8b461396852a3dbe064a5bbb0eaeea00854e268f,8140644484869286,115.5923,312.5215,False,True,False,1,1,0,
train,D:\.Candra\Project\TA\02_data\raw\Sitting_posture.v17i.yolov8\train\images\WIN_20251109_18_42_31_Pro_mp4-0252_jpg.rf.4773c056921005a1085320377fc44882.jpg,train\images\WIN_20251109_18_42_31_Pro_mp4-0252_jpg.rf.4773c056921005a1085320377fc44882.jpg,D:\.Candra\Project\TA\02_data\raw\Sitting_posture.v17i.yolov8\train\labels\WIN_20251109_18_42_31_Pro_mp4-0252_jpg.rf.4773c056921005a1085320377fc44882.txt,1280,720,58370,397cc7fc5bd5776a66c2ae603bf57d067cfb88fa0d872a22f4ee9b23e35bc0d6,8140644484869286,115.5,308.6078,False,True,False,1,1,0,
train,D:\.Candra\Project\TA\02_data\raw\Sitting_posture.v17i.yolov8\train\images\WIN_20251109_18_42_31_Pro_mp4-0253_jpg.rf.4f65fdcbebb429d9ec692adb3d9508c6.jpg,train\images\WIN_20251109_18_42_31_Pro_mp4-0253_jpg.rf.4f65fdcbebb429d9ec692adb3d9508c6.jpg,D:\.Candra\Project\TA\02_data\raw\Sitting_posture.v17i.yolov8\train\labels\WIN_20251109_18_42_31_Pro_mp4-0253_jpg.rf.4f65fdcbebb429d9ec692adb3d9508c6.txt,1280,720,58192,081a38cd5f5b5232dd9a240cf2ff77a5ae8d3ab6b0160971383fb23814d9f4e8,8140644684869686,115.4586,312.1136,False,True,False,1,1,0,
train,D:\.Candra\Project\TA\02_data\raw\Sitting_posture.v17i.yolov8\train\images\WIN_20251109_18_42_31_Pro_mp4-0254_jpg.rf.3d7f1515bafe3afb5a1faef1389e0559.jpg,train\images\WIN_20251109_18_42_31_Pro_mp4-0254_jpg.rf.3d7f1515bafe3afb5a1faef1389e0559.jpg,D:\.Candra\Project\TA\02_data\raw\Sitting_posture.v17i.yolov8\train\labels\WIN_20251109_18_42_31_Pro_mp4-0254_jpg.rf.3d7f1515bafe3afb5a1faef1389e0559.txt,1280,720,61271,fa2db38034e80a05426a0413b6dfdc94b7ddc127f74445a23853e7bce505d68c,8140644694869286,115.7629,311.3389,False,True,False,1,1,0,
train,D:\.Candra\Project\TA\02_data\raw\Sitting_posture.v17i.yolov8\train\images\WIN_20251109_18_42_31_Pro_mp4-0255_jpg.rf.b950f23db1ef9fbd32439e6085cc4da0.jpg,train\images\WIN_20251109_18_42_31_Pro_mp4-0255_jpg.rf.b950f23db1ef9fbd32439e6085cc4da0.jpg,D:\.Candra\Project\TA\02_data\raw\Sitting_posture.v17i.yolov8\train\labels\WIN_20251109_18_42_31_Pro_mp4-0255_jpg.rf.b950f23db1ef9fbd32439e6085cc4da0.txt,1280,720,56793,627ddf95e247e64240d8a40e17cd1616212914056a1aeae3fae2003f8ccdf065,8140666694969292,116.6876,271.7424,False,True,False,1,1,0,
train,D:\.Candra\Project\TA\02_data\raw\Sitting_posture.v17i.yolov8\train\images\WIN_20251109_18_42_31_Pro_mp4-0256_jpg.rf.52e581e479f336ad2bf3068a29cb7ebc.jpg,train\images\WIN_20251109_18_42_31_Pro_mp4-0256_jpg.rf.52e581e479f336ad2bf3068a29cb7ebc.jpg,D:\.Candra\Project\TA\02_data\raw\Sitting_posture.v17i.yolov8\train\labels\WIN_20251109_18_42_31_Pro_mp4-0256_jpg.rf.52e581e479f336ad2bf3068a29cb7ebc.txt,1280,720,55487,cf686053a298f3f77b832f8dd6b8af93b22c827bb3b6591aa9b943b1f9ed23a3,8140666696969292,117.6866,256.6675,False,True,False,1,1,0,
train,D:\.Candra\Project\TA\02_data\raw\Sitting_posture.v17i.yolov8\train\images\WIN_20251109_18_42_31_Pro_mp4-0257_jpg.rf.adde9ef263498fd0eb280f80fee4a9c0.jpg,train\images\WIN_20251109_18_42_31_Pro_mp4-0257_jpg.rf.adde9ef263498fd0eb280f80fee4a9c0.jpg,D:\.Candra\Project\TA\02_data\raw\Sitting_posture.v17i.yolov8\train\labels\WIN_20251109_18_42_31_Pro_mp4-0257_jpg.rf.adde9ef263498fd0eb280f80fee4a9c0.txt,1280,720,55736,edb4290bc9b52358fa36ee41af24b8dd939dc1724e1e4e49e02d2f8b4bb85229,8142666396969292,117.8787,266.9632,False,True,False,1,1,0,
train,D:\.Candra\Project\TA\02_data\raw\Sitting_posture.v17i.yolov8\train\images\WIN_20251109_18_42_31_Pro_mp4-0258_jpg.rf.65effe2d610c7cc19cacd605155f7dc2.jpg,train\images\WIN_20251109_18_42_31_Pro_mp4-0258_jpg.rf.65effe2d610c7cc19cacd605155f7dc2.jpg,D:\.Candra\Project\TA\02_data\raw\Sitting_posture.v17i.yolov8\train\labels\WIN_20251109_18_42_31_Pro_mp4-0258_jpg.rf.65effe2d610c7cc19cacd605155f7dc2.txt,1280,720,55530,4ed025b1a89ba5cc41f591c634a165261a7370975d3b83f536b87019c25d5ee3,8142627392929293,118.2408,281.9572,False,True,False,1,1,0,
train,D:\.Candra\Project\TA\02_data\raw\Sitting_posture.v17i.yolov8\train\images\WIN_20251109_18_42_31_Pro_mp4-0259_jpg.rf.f30975d5846f56773b4c2da468fd818c.jpg,train\images\WIN_20251109_18_42_31_Pro_mp4-0259_jpg.rf.f30975d5846f56773b4c2da468fd818c.jpg,D:\.Candra\Project\TA\02_data\raw\Sitting_posture.v17i.yolov8\train\labels\WIN_20251109_18_42_31_Pro_mp4-0259_jpg.rf.f30975d5846f56773b4c2da468fd818c.txt,1280,720,59159,97ecb95515dbec7e87b0851f303ebc4e200bed2082c963ce15430769542b414f,8142637393929293,117.8323,302.2755,False,True,False,1,1,0,
train,D:\.Candra\Project\TA\02_data\raw\Sitting_posture.v17i.yolov8\train\images\WIN_20251109_18_42_31_Pro_mp4-0260_jpg.rf.5d6706558d2991c4fd71fc8a40f067e4.jpg,train\images\WIN_20251109_18_42_31_Pro_mp4-0260_jpg.rf.5d6706558d2991c4fd71fc8a40f067e4.jpg,D:\.Candra\Project\TA\02_data\raw\Sitting_posture.v17i.yolov8\train\labels\WIN_20251109_18_42_31_Pro_mp4-0260_jpg.rf.5d6706558d2991c4fd71fc8a40f067e4.txt,1280,720,56728,1b5417eb320e66e00b71d507387b17e476797ac91c52eb37b118233f19197e06,8140637191929293,116.9116,312.0887,False,True,False,1,1,0,
train,D:\.Candra\Project\TA\02_data\raw\Sitting_posture.v17i.yolov8\train\images\WIN_20251109_18_42_31_Pro_mp4-0261_jpg.rf.3e835e59073fc5a4d00ab5b47ab19dc9.jpg,train\images\WIN_20251109_18_42_31_Pro_mp4-0261_jpg.rf.3e835e59073fc5a4d00ab5b47ab19dc9.jpg,D:\.Candra\Project\TA\02_data\raw\Sitting_posture.v17i.yolov8\train\labels\WIN_20251109_18_42_31_Pro_mp4-0261_jpg.rf.3e835e59073fc5a4d00ab5b47ab19dc9.txt,1280,720,57050,45d377af3d6bc8ce22a7f751c03f5c850aadc1599acc4e57ddf02a15a0e6a08a,8140637191939293,116.5038,322.1095,False,True,False,1,1,0,
train,D:\.Candra\Project\TA\02_data\raw\Sitting_posture.v17i.yolov8\train\images\WIN_20251109_18_42_31_Pro_mp4-0263_jpg.rf.133dbfd203317743bbb22f891f7f6301.jpg,train\images\WIN_20251109_18_42_31_Pro_mp4-0263_jpg.rf.133dbfd203317743bbb22f891f7f6301.jpg,D:\.Candra\Project\TA\02_data\raw\Sitting_posture.v17i.yolov8\train\labels\WIN_20251109_18_42_31_Pro_mp4-0263_jpg.rf.133dbfd203317743bbb22f891f7f6301.txt,1280,720,56859,498e341f5ed3c3455aca321b831187b3c4c4bfebb9bd56a0ef8319cf04a3922c,8140617191919293,116.2931,313.8794,False,True,False,1,1,0,
train,D:\.Candra\Project\TA\02_data\raw\Sitting_posture.v17i.yolov8\train\images\WIN_20251109_18_42_31_Pro_mp4-0265_jpg.rf.d8d8188bb3b5dbeb61b9b0e897461fac.jpg,train\images\WIN_20251109_18_42_31_Pro_mp4-0265_jpg.rf.d8d8188bb3b5dbeb61b9b0e897461fac.jpg,D:\.Candra\Project\TA\02_data\raw\Sitting_posture.v17i.yolov8\train\labels\WIN_20251109_18_42_31_Pro_mp4-0265_jpg.rf.d8d8188bb3b5dbeb61b9b0e897461fac.txt,1280,720,59923,6a709db5f2ee2c7ec58e843dd32bb42d3ed14dc5bdbe4e0669f411afe1d9ec01,8140637191939293,116.4886,323.2285,False,True,False,1,1,0,
train,D:\.Candra\Project\TA\02_data\raw\Sitting_posture.v17i.yolov8\train\images\WIN_20251109_18_42_31_Pro_mp4-0266_jpg.rf.563ac40ed214ac9dcac8707d35d17bbd.jpg,train\images\WIN_20251109_18_42_31_Pro_mp4-0266_jpg.rf.563ac40ed214ac9dcac8707d35d17bbd.jpg,D:\.Candra\Project\TA\02_data\raw\Sitting_posture.v17i.yolov8\train\labels\WIN_20251109_18_42_31_Pro_mp4-0266_jpg.rf.563ac40ed214ac9dcac8707d35d17bbd.txt,1280,720,55927,63df3b5c21d956c8d22c20d2c2bd06999d5276c21b019351ddfb4c94b0e42b88,8142635393929293,117.1903,296.1294,False,True,False,1,1,0,
train,D:\.Candra\Project\TA\02_data\raw\Sitting_posture.v17i.yolov8\train\images\WIN_20251109_18_42_31_Pro_mp4-0267_jpg.rf.4f7368cc2bcf6fe1d96ffb1aa2390652.jpg,train\images\WIN_20251109_18_42_31_Pro_mp4-0267_jpg.rf.4f7368cc2bcf6fe1d96ffb1aa2390652.jpg,D:\.Candra\Project\TA\02_data\raw\Sitting_posture.v17i.yolov8\train\labels\WIN_20251109_18_42_31_Pro_mp4-0267_jpg.rf.4f7368cc2bcf6fe1d96ffb1aa2390652.txt,1280,720,55321,81e6e007ce791707d37f4288e5be025ee4302f32be7eb690a080d22d6271546e,8142627392929292,117.59,272.8031,False,True,False,1,1,0,
train,D:\.Candra\Project\TA\02_data\raw\Sitting_posture.v17i.yolov8\train\images\WIN_20251109_18_42_31_Pro_mp4-0268_jpg.rf.e1fded5c49e15716aca879cfe6f7bed7.jpg,train\images\WIN_20251109_18_42_31_Pro_mp4-0268_jpg.rf.e1fded5c49e15716aca879cfe6f7bed7.jpg,D:\.Candra\Project\TA\02_data\raw\Sitting_posture.v17i.yolov8\train\labels\WIN_20251109_18_42_31_Pro_mp4-0268_jpg.rf.e1fded5c49e15716aca879cfe6f7bed7.txt,1280,720,55038,c41b666b051b28f9ca6f5814b199133a5776ec5f9778d2cf285ec0e09cc8d959,8142666696969292,117.4186,253.8597,False,True,False,1,1,0,
train,D:\.Candra\Project\TA\02_data\raw\Sitting_posture.v17i.yolov8\train\images\WIN_20251109_18_42_31_Pro_mp4-0270_jpg.rf.290103898069b20f4a070d39a4833bfa.jpg,train\images\WIN_20251109_18_42_31_Pro_mp4-0270_jpg.rf.290103898069b20f4a070d39a4833bfa.jpg,D:\.Candra\Project\TA\02_data\raw\Sitting_posture.v17i.yolov8\train\labels\WIN_20251109_18_42_31_Pro_mp4-0270_jpg.rf.290103898069b20f4a070d39a4833bfa.txt,1280,720,61579,96b5aa10e7c1d8c4f357cce095a5c5f89b3de2b885f693fc2059be9f70dec523,8144644484869286,114.6677,297.0311,False,True,False,1,1,0,
train,D:\.Candra\Project\TA\02_data\raw\Sitting_posture.v17i.yolov8\train\images\WIN_20251109_18_42_31_Pro_mp4-0271_jpg.rf.f946797225a9aa811e129c2509e380e3.jpg,train\images\WIN_20251109_18_42_31_Pro_mp4-0271_jpg.rf.f946797225a9aa811e129c2509e380e3.jpg,D:\.Candra\Project\TA\02_data\raw\Sitting_posture.v17i.yolov8\train\labels\WIN_20251109_18_42_31_Pro_mp4-0271_jpg.rf.f946797225a9aa811e129c2509e380e3.txt,1280,720,58919,fbe4979cb8166f39457cd33ca136d65249cd9248048f7d23e835c028f51243e4,81404c4d8c869286,113.3907,307.4095,False,True,False,1,1,0,
train,D:\.Candra\Project\TA\02_data\raw\Sitting_posture.v17i.yolov8\train\images\WIN_20251109_18_42_31_Pro_mp4-0272_jpg.rf.ddbe9fb4e8faa51e0887d9dffb8876a3.jpg,train\images\WIN_20251109_18_42_31_Pro_mp4-0272_jpg.rf.ddbe9fb4e8faa51e0887d9dffb8876a3.jpg,D:\.Candra\Project\TA\02_data\raw\Sitting_posture.v17i.yolov8\train\labels\WIN_20251109_18_42_31_Pro_mp4-0272_jpg.rf.ddbe9fb4e8faa51e0887d9dffb8876a3.txt,1280,720,59701,ecd1935aa6d8f04ca527bfeed498c0fadff180f1b658f8bc250527a76aba7b30,81484c4d8c869286,112.843,324.1359,False,True,False,1,1,0,
train,D:\.Candra\Project\TA\02_data\raw\Sitting_posture.v17i.yolov8\train\images\WIN_20251109_18_42_31_Pro_mp4-0273_jpg.rf.39b815d6810199ae4a3e0a8952bb2cad.jpg,train\images\WIN_20251109_18_42_31_Pro_mp4-0273_jpg.rf.39b815d6810199ae4a3e0a8952bb2cad.jpg,D:\.Candra\Project\TA\02_data\raw\Sitting_posture.v17i.yolov8\train\labels\WIN_20251109_18_42_31_Pro_mp4-0273_jpg.rf.39b815d6810199ae4a3e0a8952bb2cad.txt,1280,720,63116,f0b20f0b4e4598e20e0c61b2d578a6f29b143af5ab2ea4d197e4790e410b1437,81484c4d8c869286,112.5488,349.2247,False,True,False,1,1,0,
train,D:\.Candra\Project\TA\02_data\raw\Sitting_posture.v17i.yolov8\train\images\WIN_20251109_18_42_31_Pro_mp4-0274_jpg.rf.2f3392996c3194504074fabd427db1dd.jpg,train\images\WIN_20251109_18_42_31_Pro_mp4-0274_jpg.rf.2f3392996c3194504074fabd427db1dd.jpg,D:\.Candra\Project\TA\02_data\raw\Sitting_posture.v17i.yolov8\train\labels\WIN_20251109_18_42_31_Pro_mp4-0274_jpg.rf.2f3392996c3194504074fabd427db1dd.txt,1280,720,59957,216d7e4c44e46ed4a5d166e9d1d107992e5ace8fd0cf19062e5eda9040b3df4a,81484c4d8c869286,112.4602,330.8737,False,True,False,1,1,0,
train,D:\.Candra\Project\TA\02_data\raw\Sitting_posture.v17i.yolov8\train\images\WIN_20251109_18_42_31_Pro_mp4-0275_jpg.rf.22c19b8dc80d02b747520719301d576d.jpg,train\images\WIN_20251109_18_42_31_Pro_mp4-0275_jpg.rf.22c19b8dc80d02b747520719301d576d.jpg,D:\.Candra\Project\TA\02_data\raw\Sitting_posture.v17i.yolov8\train\labels\WIN_20251109_18_42_31_Pro_mp4-0275_jpg.rf.22c19b8dc80d02b747520719301d576d.txt,1280,720,60644,f0a6fea6f5850b1b9b4b0bf1ce7c9ca2dc497c5ad10ff2d47ad5e633cb74e4fc,81484c4d8c869286,112.4017,332.6575,False,True,False,1,1,0,
train,D:\.Candra\Project\TA\02_data\raw\Sitting_posture.v17i.yolov8\train\images\WIN_20251109_18_42_31_Pro_mp4-0276_jpg.rf.72fd72aab5c348f6aaa68ff4a3825856.jpg,train\images\WIN_20251109_18_42_31_Pro_mp4-0276_jpg.rf.72fd72aab5c348f6aaa68ff4a3825856.jpg,D:\.Candra\Project\TA\02_data\raw\Sitting_posture.v17i.yolov8\train\labels\WIN_20251109_18_42_31_Pro_mp4-0276_jpg.rf.72fd72aab5c348f6aaa68ff4a3825856.txt,1280,720,63209,7b2006777512192a0d8fa82ac9d5c80175d1670df88e5a97a9b30e02d6819ec6,81484c4d8c869286,112.5083,346.0325,False,True,False,1,1,0,
train,D:\.Candra\Project\TA\02_data\raw\Sitting_posture.v17i.yolov8\train\images\WIN_20251109_18_42_31_Pro_mp4-0277_jpg.rf.06d48659ed04ef0c11dc1a087145e281.jpg,train\images\WIN_20251109_18_42_31_Pro_mp4-0277_jpg.rf.06d48659ed04ef0c11dc1a087145e281.jpg,D:\.Candra\Project\TA\02_data\raw\Sitting_posture.v17i.yolov8\train\labels\WIN_20251109_18_42_31_Pro_mp4-0277_jpg.rf.06d48659ed04ef0c11dc1a087145e281.txt,1280,720,59485,6c714fba82f4efa7f052064ece8e85285aef3d1cbe0fec2617466b840367b0d5,81484c4d8c869286,112.2565,314.4144,False,True,False,1,1,0,
train,D:\.Candra\Project\TA\02_data\raw\Sitting_posture.v17i.yolov8\train\images\WIN_20251109_18_42_31_Pro_mp4-0278_jpg.rf.6c7e9c2fe1efb6b5c46ca6bc99a0c75f.jpg,train\images\WIN_20251109_18_42_31_Pro_mp4-0278_jpg.rf.6c7e9c2fe1efb6b5c46ca6bc99a0c75f.jpg,D:\.Candra\Project\TA\02_data\raw\Sitting_posture.v17i.yolov8\train\labels\WIN_20251109_18_42_31_Pro_mp4-0278_jpg.rf.6c7e9c2fe1efb6b5c46ca6bc99a0c75f.txt,1280,720,59615,55d4f8a107c6ecccc8d884707e311bb480d07db310edcd7ee096e7ccb31d0350,81484c4d8c8e9286,111.8525,315.5277,False,True,False,1,1,0,
train,D:\.Candra\Project\TA\02_data\raw\Sitting_posture.v17i.yolov8\train\images\WIN_20251109_18_42_31_Pro_mp4-0279_jpg.rf.03ce14ce0099654aae9f595d05bfaafe.jpg,train\images\WIN_20251109_18_42_31_Pro_mp4-0279_jpg.rf.03ce14ce0099654aae9f595d05bfaafe.jpg,D:\.Candra\Project\TA\02_data\raw\Sitting_posture.v17i.yolov8\train\labels\WIN_20251109_18_42_31_Pro_mp4-0279_jpg.rf.03ce14ce0099654aae9f595d05bfaafe.txt,1280,720,63084,fe6cbeae0cc265458811bcd8cd3d1494671015165d42859816faaff77892a9ac,8140484d8c8e9286,111.7317,338.2998,False,True,False,1,1,0,
train,D:\.Candra\Project\TA\02_data\raw\Sitting_posture.v17i.yolov8\train\images\WIN_20251109_18_42_31_Pro_mp4-0280_jpg.rf.a55fc5097f69a7d220708b4f7ff3f3f7.jpg,train\images\WIN_20251109_18_42_31_Pro_mp4-0280_jpg.rf.a55fc5097f69a7d220708b4f7ff3f3f7.jpg,D:\.Candra\Project\TA\02_data\raw\Sitting_posture.v17i.yolov8\train\labels\WIN_20251109_18_42_31_Pro_mp4-0280_jpg.rf.a55fc5097f69a7d220708b4f7ff3f3f7.txt,1280,720,59754,71ef9f72d6af83084dc2aaf74fc9fca656a40648b7c81f4cab3ba68831565c3f,814048189c8e9286,111.6689,324.4677,False,True,False,1,1,0,
train,D:\.Candra\Project\TA\02_data\raw\Sitting_posture.v17i.yolov8\train\images\WIN_20251109_18_42_31_Pro_mp4-0281_jpg.rf.fbe4c547bf0cef443116a05bd406a683.jpg,train\images\WIN_20251109_18_42_31_Pro_mp4-0281_jpg.rf.fbe4c547bf0cef443116a05bd406a683.jpg,D:\.Candra\Project\TA\02_data\raw\Sitting_posture.v17i.yolov8\train\labels\WIN_20251109_18_42_31_Pro_mp4-0281_jpg.rf.fbe4c547bf0cef443116a05bd406a683.txt,1280,720,65376,9929a2963c24500a24cb26fdb28366bec51a53939345c9c6f03f6e217a58d251,814048189c8e9286,111.5984,355.7561,False,True,False,1,1,0,
train,D:\.Candra\Project\TA\02_data\raw\Sitting_posture.v17i.yolov8\train\images\WIN_20251109_18_42_31_Pro_mp4-0282_jpg.rf.ebe7444f5620d3013c68dd6df4a50199.jpg,train\images\WIN_20251109_18_42_31_Pro_mp4-0282_jpg.rf.ebe7444f5620d3013c68dd6df4a50199.jpg,D:\.Candra\Project\TA\02_data\raw\Sitting_posture.v17i.yolov8\train\labels\WIN_20251109_18_42_31_Pro_mp4-0282_jpg.rf.ebe7444f5620d3013c68dd6df4a50199.txt,1280,720,59704,db3a97812e1fba8674b44ec304d6300c9a91e94f5cdd8cd86061ce9ea0f2a873,814058189c9e9286,112.0098,338.7575,False,True,False,1,1,0,
train,D:\.Candra\Project\TA\02_data\raw\Sitting_posture.v17i.yolov8\train\images\WIN_20251109_18_42_31_Pro_mp4-0283_jpg.rf.2d47e3f082c8014c51cecceb7f812f60.jpg,train\images\WIN_20251109_18_42_31_Pro_mp4-0283_jpg.rf.2d47e3f082c8014c51cecceb7f812f60.jpg,D:\.Candra\Project\TA\02_data\raw\Sitting_posture.v17i.yolov8\train\labels\WIN_20251109_18_42_31_Pro_mp4-0283_jpg.rf.2d47e3f082c8014c51cecceb7f812f60.txt,1280,720,59593,2b2023fd934c2401911c987c5fbc408fbf4075657e2d4591227a30d5158b3b48,814058989c9e9286,112.1731,334.4803,False,True,False,1,1,0,
train,D:\.Candra\Project\TA\02_data\raw\Sitting_posture.v17i.yolov8\train\images\WIN_20251109_18_42_31_Pro_mp4-0284_jpg.rf.519637dccb0ad527469cf828acdb6812.jpg,train\images\WIN_20251109_18_42_31_Pro_mp4-0284_jpg.rf.519637dccb0ad527469cf828acdb6812.jpg,D:\.Candra\Project\TA\02_data\raw\Sitting_posture.v17i.yolov8\train\labels\WIN_20251109_18_42_31_Pro_mp4-0284_jpg.rf.519637dccb0ad527469cf828acdb6812.txt,1280,720,63071,456f66813fcf07e68b4d501b15c72ba25f917f4adb287633a7b7543d0f654b25,816058989c9e9286,112.1861,346.454,False,True,False,1,1,0,
train,D:\.Candra\Project\TA\02_data\raw\Sitting_posture.v17i.yolov8\train\images\WIN_20251109_18_42_31_Pro_mp4-0285_jpg.rf.e7de0421e8fc37c0fdbceeace24f2cd7.jpg,train\images\WIN_20251109_18_42_31_Pro_mp4-0285_jpg.rf.e7de0421e8fc37c0fdbceeace24f2cd7.jpg,D:\.Candra\Project\TA\02_data\raw\Sitting_posture.v17i.yolov8\train\labels\WIN_20251109_18_42_31_Pro_mp4-0285_jpg.rf.e7de0421e8fc37c0fdbceeace24f2cd7.txt,1280,720,59838,6587ed4e7c762ffc00d7b2b6e4493277d6c9e73ad41ab1e3b7ea4bee8f3dcd16,816058989c9e9286,112.2027,332.7209,False,True,False,1,1,0,
train,D:\.Candra\Project\TA\02_data\raw\Sitting_posture.v17i.yolov8\train\images\WIN_20251109_18_42_31_Pro_mp4-0287_jpg.rf.8acd769d0a82af49471141d9b14493de.jpg,train\images\WIN_20251109_18_42_31_Pro_mp4-0287_jpg.rf.8acd769d0a82af49471141d9b14493de.jpg,D:\.Candra\Project\TA\02_data\raw\Sitting_posture.v17i.yolov8\train\labels\WIN_20251109_18_42_31_Pro_mp4-0287_jpg.rf.8acd769d0a82af49471141d9b14493de.txt,1280,720,64846,c25721f92763f12e5613957d7c982c07408042ca69a66b162e12614f46fce54c,816058189c8e9286,112.0006,349.5517,False,True,False,1,1,0,
train,D:\.Candra\Project\TA\02_data\raw\Sitting_posture.v17i.yolov8\train\images\WIN_20251109_18_42_31_Pro_mp4-0288_jpg.rf.829478eea08c26dcfeec56b6b2ddef6b.jpg,train\images\WIN_20251109_18_42_31_Pro_mp4-0288_jpg.rf.829478eea08c26dcfeec56b6b2ddef6b.jpg,D:\.Candra\Project\TA\02_data\raw\Sitting_posture.v17i.yolov8\train\labels\WIN_20251109_18_42_31_Pro_mp4-0288_jpg.rf.829478eea08c26dcfeec56b6b2ddef6b.txt,1280,720,59199,c22e3eed3b98fbc44ccaef0ba28f0867e258e2b7147d6ae032e7f5065c9aa07f,814048189c8e9286,111.7607,318.8911,False,True,False,1,1,0,
train,D:\.Candra\Project\TA\02_data\raw\Sitting_posture.v17i.yolov8\train\images\WIN_20251109_18_42_31_Pro_mp4-0289_jpg.rf.d80ff3651d61c668c7373ecb92c38f16.jpg,train\images\WIN_20251109_18_42_31_Pro_mp4-0289_jpg.rf.d80ff3651d61c668c7373ecb92c38f16.jpg,D:\.Candra\Project\TA\02_data\raw\Sitting_posture.v17i.yolov8\train\labels\WIN_20251109_18_42_31_Pro_mp4-0289_jpg.rf.d80ff3651d61c668c7373ecb92c38f16.txt,1280,720,59075,6296d69ec425e3050747e5c8c0feb1d53d01d89be514783cdc9e54f66f007b42,8140484d8c8e9286,111.8128,314.3295,False,True,False,1,1,0,
train,D:\.Candra\Project\TA\02_data\raw\Sitting_posture.v17i.yolov8\train\images\WIN_20251109_18_42_31_Pro_mp4-0291_jpg.rf.d452f45b09335e949f60ff69200e087e.jpg,train\images\WIN_20251109_18_42_31_Pro_mp4-0291_jpg.rf.d452f45b09335e949f60ff69200e087e.jpg,D:\.Candra\Project\TA\02_data\raw\Sitting_posture.v17i.yolov8\train\labels\WIN_20251109_18_42_31_Pro_mp4-0291_jpg.rf.d452f45b09335e949f60ff69200e087e.txt,1280,720,58153,94cb7856e14666c616153e381cd1ddc709e5319483ee418dfa1d5787eb0e0bf5,81404c4d8c869286,113.0544,295.2288,False,True,False,1,1,0,
train,D:\.Candra\Project\TA\02_data\raw\Sitting_posture.v17i.yolov8\train\images\WIN_20251109_18_42_31_Pro_mp4-0292_jpg.rf.6729147221572e476ba0cc0b9a54ae4e.jpg,train\images\WIN_20251109_18_42_31_Pro_mp4-0292_jpg.rf.6729147221572e476ba0cc0b9a54ae4e.jpg,D:\.Candra\Project\TA\02_data\raw\Sitting_posture.v17i.yolov8\train\labels\WIN_20251109_18_42_31_Pro_mp4-0292_jpg.rf.6729147221572e476ba0cc0b9a54ae4e.txt,1280,720,61856,eefc97380d7380f43a308a91d1897f488b1051d43eddf3e48eaef329b878f6dd,81404c4d8c869286,113.9392,321.4588,False,True,False,1,1,0,
train,D:\.Candra\Project\TA\02_data\raw\Sitting_posture.v17i.yolov8\train\images\WIN_20251109_18_42_31_Pro_mp4-0293_jpg.rf.be0ecd5aabef571c4139346e1b88d092.jpg,train\images\WIN_20251109_18_42_31_Pro_mp4-0293_jpg.rf.be0ecd5aabef571c4139346e1b88d092.jpg,D:\.Candra\Project\TA\02_data\raw\Sitting_posture.v17i.yolov8\train\labels\WIN_20251109_18_42_31_Pro_mp4-0293_jpg.rf.be0ecd5aabef571c4139346e1b88d092.txt,1280,720,62170,2232487ff33792d72da0f23471576c2b6dd60b5e242fb69ba3f2ed0d3d56ea6a,81404c4d84869286,114.5621,330.8884,False,True,False,1,1,0,
train,D:\.Candra\Project\TA\02_data\raw\Sitting_posture.v17i.yolov8\train\images\WIN_20251109_18_42_31_Pro_mp4-0295_jpg.rf.1cc18fbf151ed709b1be78b26d974d77.jpg,train\images\WIN_20251109_18_42_31_Pro_mp4-0295_jpg.rf.1cc18fbf151ed709b1be78b26d974d77.jpg,D:\.Candra\Project\TA\02_data\raw\Sitting_posture.v17i.yolov8\train\labels\WIN_20251109_18_42_31_Pro_mp4-0295_jpg.rf.1cc18fbf151ed709b1be78b26d974d77.txt,1280,720,62197,567ae09d92ad162683cd98723576db65f05d67596771aa1a3f836467bdcfbfac,8140644484869286,114.946,337.311,False,True,False,1,1,0,
train,D:\.Candra\Project\TA\02_data\raw\Sitting_posture.v17i.yolov8\train\images\WIN_20251109_18_42_31_Pro_mp4-0296_jpg.rf.e6984c2d08325e21f7fa15388517e70c.jpg,train\images\WIN_20251109_18_42_31_Pro_mp4-0296_jpg.rf.e6984c2d08325e21f7fa15388517e70c.jpg,D:\.Candra\Project\TA\02_data\raw\Sitting_posture.v17i.yolov8\train\labels\WIN_20251109_18_42_31_Pro_mp4-0296_jpg.rf.e6984c2d08325e21f7fa15388517e70c.txt,1280,720,58812,84224cd764e5dc9877d27c26ab6c4533042ec710c2b087025c599c9da73131fb,8140644484869286,114.9952,312.4431,False,True,False,1,1,0,
train,D:\.Candra\Project\TA\02_data\raw\Sitting_posture.v17i.yolov8\train\images\WIN_20251109_18_42_31_Pro_mp4-0297_jpg.rf.a1a18473dd38cd6f40e770e3261e505c.jpg,train\images\WIN_20251109_18_42_31_Pro_mp4-0297_jpg.rf.a1a18473dd38cd6f40e770e3261e505c.jpg,D:\.Candra\Project\TA\02_data\raw\Sitting_posture.v17i.yolov8\train\labels\WIN_20251109_18_42_31_Pro_mp4-0297_jpg.rf.a1a18473dd38cd6f40e770e3261e505c.txt,1280,720,58718,0adc586786eed00917743955ed749be3853304a4a29541c646830cb90685079a,8140644484869286,115.1455,315.4478,False,True,False,1,1,0,
train,D:\.Candra\Project\TA\02_data\raw\Sitting_posture.v17i.yolov8\train\images\WIN_20251109_18_42_31_Pro_mp4-0298_jpg.rf.ec837efa0cdca64b428583cbaff59760.jpg,train\images\WIN_20251109_18_42_31_Pro_mp4-0298_jpg.rf.ec837efa0cdca64b428583cbaff59760.jpg,D:\.Candra\Project\TA\02_data\raw\Sitting_posture.v17i.yolov8\train\labels\WIN_20251109_18_42_31_Pro_mp4-0298_jpg.rf.ec837efa0cdca64b428583cbaff59760.txt,1280,720,61559,5f861f8d49566bcae0ce6cb8566048e3d2c849522518c7f208ee3568758e6624,8140644694869286,115.7427,312.0359,False,True,False,1,1,0,
train,D:\.Candra\Project\TA\02_data\raw\Sitting_posture.v17i.yolov8\train\images\WIN_20251109_18_42_31_Pro_mp4-0300_jpg.rf.722b927c2c13ff018e6b400614ed80bd.jpg,train\images\WIN_20251109_18_42_31_Pro_mp4-0300_jpg.rf.722b927c2c13ff018e6b400614ed80bd.jpg,D:\.Candra\Project\TA\02_data\raw\Sitting_posture.v17i.yolov8\train\labels\WIN_20251109_18_42_31_Pro_mp4-0300_jpg.rf.722b927c2c13ff018e6b400614ed80bd.txt,1280,720,57757,7eb604eba046fe266e76547e698e139423644252537401f0177979a9d12a989d,8140666694969286,116.5841,293.1174,False,True,False,1,1,0,
train,D:\.Candra\Project\TA\02_data\raw\Sitting_posture.v17i.yolov8\train\images\WIN_20251109_18_42_31_Pro_mp4-0301_jpg.rf.e5265b106b30bbcc7b57c67f2c6454ca.jpg,train\images\WIN_20251109_18_42_31_Pro_mp4-0301_jpg.rf.e5265b106b30bbcc7b57c67f2c6454ca.jpg,D:\.Candra\Project\TA\02_data\raw\Sitting_posture.v17i.yolov8\train\labels\WIN_20251109_18_42_31_Pro_mp4-0301_jpg.rf.e5265b106b30bbcc7b57c67f2c6454ca.txt,1280,720,60659,d2d5d2bbae6330fa1fd3bf4fcd6b9fd5be99c8dd4e7d71407fb058f91c154298,8140666696969686,116.8311,300.8871,False,True,False,1,1,0,
train,D:\.Candra\Project\TA\02_data\raw\Sitting_posture.v17i.yolov8\train\images\WIN_20251109_18_42_31_Pro_mp4-0302_jpg.rf.840258d637b2eeaaadbd375f65441f2c.jpg,train\images\WIN_20251109_18_42_31_Pro_mp4-0302_jpg.rf.840258d637b2eeaaadbd375f65441f2c.jpg,D:\.Candra\Project\TA\02_data\raw\Sitting_posture.v17i.yolov8\train\labels\WIN_20251109_18_42_31_Pro_mp4-0302_jpg.rf.840258d637b2eeaaadbd375f65441f2c.txt,1280,720,57283,0f33818a5215a956f6be172f3d4dbd7ea82a82d18939d49ee5caa59f9a1dafd5,8140666696969686,117.0743,278.554,False,True,False,1,1,0,
train,D:\.Candra\Project\TA\02_data\raw\Sitting_posture.v17i.yolov8\train\images\WIN_20251109_18_42_31_Pro_mp4-0303_jpg.rf.754e0cb5ea2b9ee68e4da8edc71f16be.jpg,train\images\WIN_20251109_18_42_31_Pro_mp4-0303_jpg.rf.754e0cb5ea2b9ee68e4da8edc71f16be.jpg,D:\.Candra\Project\TA\02_data\raw\Sitting_posture.v17i.yolov8\train\labels\WIN_20251109_18_42_31_Pro_mp4-0303_jpg.rf.754e0cb5ea2b9ee68e4da8edc71f16be.txt,1280,720,60353,40bda6e509c09eae47b644493f1a4a309a758c8aee6a32384a3281e537fa1eaa,8140666696969686,117.2051,288.0663,False,True,False,1,1,0,
train,D:\.Candra\Project\TA\02_data\raw\Sitting_posture.v17i.yolov8\train\images\WIN_20251109_18_42_31_Pro_mp4-0304_jpg.rf.5d6b7a41f9c1ad121977759994225f92.jpg,train\images\WIN_20251109_18_42_31_Pro_mp4-0304_jpg.rf.5d6b7a41f9c1ad121977759994225f92.jpg,D:\.Candra\Project\TA\02_data\raw\Sitting_posture.v17i.yolov8\train\labels\WIN_20251109_18_42_31_Pro_mp4-0304_jpg.rf.5d6b7a41f9c1ad121977759994225f92.txt,1280,720,56246,af2fae75a521f3eaf051525028debb827535bf45348227e5a94b14adf6b39771,8140666392969682,117.2706,270.7138,False,True,False,1,1,0,
train,D:\.Candra\Project\TA\02_data\raw\Sitting_posture.v17i.yolov8\train\images\WIN_20251109_18_42_31_Pro_mp4-0305_jpg.rf.29facb08a958d3bde6b66aa549309e4d.jpg,train\images\WIN_20251109_18_42_31_Pro_mp4-0305_jpg.rf.29facb08a958d3bde6b66aa549309e4d.jpg,D:\.Candra\Project\TA\02_data\raw\Sitting_posture.v17i.yolov8\train\labels\WIN_20251109_18_42_31_Pro_mp4-0305_jpg.rf.29facb08a958d3bde6b66aa549309e4d.txt,1280,720,56019,edeeaf6f7b4ffe2b5b65cb10623ec78789cdcf5f447815f86e7f6aa3dfa882c3,8140627392969682,117.5233,279.6275,False,True,False,1,1,0,
train,D:\.Candra\Project\TA\02_data\raw\Sitting_posture.v17i.yolov8\train\images\WIN_20251109_18_42_31_Pro_mp4-0306_jpg.rf.2a50a3c102c095b5ca285562ace0018b.jpg,train\images\WIN_20251109_18_42_31_Pro_mp4-0306_jpg.rf.2a50a3c102c095b5ca285562ace0018b.jpg,D:\.Candra\Project\TA\02_data\raw\Sitting_posture.v17i.yolov8\train\labels\WIN_20251109_18_42_31_Pro_mp4-0306_jpg.rf.2a50a3c102c095b5ca285562ace0018b.txt,1280,720,60377,64e627bb68fd434fce9e42460a0069cc93a54f4bd027874b6b1214e4976d0fc3,8140627392969692,117.4899,307.0732,False,True,False,1,1,0,
train,D:\.Candra\Project\TA\02_data\raw\Sitting_posture.v17i.yolov8\train\images\WIN_20251109_18_42_31_Pro_mp4-0307_jpg.rf.4d5fbfbf03b4bc46a2da98fff989aa8c.jpg,train\images\WIN_20251109_18_42_31_Pro_mp4-0307_jpg.rf.4d5fbfbf03b4bc46a2da98fff989aa8c.jpg,D:\.Candra\Project\TA\02_data\raw\Sitting_posture.v17i.yolov8\train\labels\WIN_20251109_18_42_31_Pro_mp4-0307_jpg.rf.4d5fbfbf03b4bc46a2da98fff989aa8c.txt,1280,720,56759,2fb397bc6111586e1dec712d48b83c434ed09a7fd0fd9623508bed3b58890d01,8140627392969692,117.5366,291.1955,False,True,False,1,1,0,
train,D:\.Candra\Project\TA\02_data\raw\Sitting_posture.v17i.yolov8\train\images\WIN_20251109_18_42_31_Pro_mp4-0308_jpg.rf.40703dec8b77caef64857ec3d67bb479.jpg,train\images\WIN_20251109_18_42_31_Pro_mp4-0308_jpg.rf.40703dec8b77caef64857ec3d67bb479.jpg,D:\.Candra\Project\TA\02_data\raw\Sitting_posture.v17i.yolov8\train\labels\WIN_20251109_18_42_31_Pro_mp4-0308_jpg.rf.40703dec8b77caef64857ec3d67bb479.txt,1280,720,56678,c700f5e57c6615c0a933d5a9f434e276e4344a1a0043b931929fec999fb2f445,8140627392969692,117.5431,294.7448,False,True,False,1,1,0,
train,D:\.Candra\Project\TA\02_data\raw\Sitting_posture.v17i.yolov8\train\images\WIN_20251109_18_42_31_Pro_mp4-0311_jpg.rf.bc7d58238a365eb09ea6e4b31e58bb4d.jpg,train\images\WIN_20251109_18_42_31_Pro_mp4-0311_jpg.rf.bc7d58238a365eb09ea6e4b31e58bb4d.jpg,D:\.Candra\Project\TA\02_data\raw\Sitting_posture.v17i.yolov8\train\labels\WIN_20251109_18_42_31_Pro_mp4-0311_jpg.rf.bc7d58238a365eb09ea6e4b31e58bb4d.txt,1280,720,55845,7049c506455598931110eaf3065c89e97e14f57b3a6f6bf3cb56e633b8ca4a8e,8140666696969292,117.5759,261.3064,False,True,False,1,1,0,
train,D:\.Candra\Project\TA\02_data\raw\Sitting_posture.v17i.yolov8\train\images\WIN_20251109_18_42_31_Pro_mp4-0312_jpg.rf.74747306ac331d083df85b1750d7e020.jpg,train\images\WIN_20251109_18_42_31_Pro_mp4-0312_jpg.rf.74747306ac331d083df85b1750d7e020.jpg,D:\.Candra\Project\TA\02_data\raw\Sitting_posture.v17i.yolov8\train\labels\WIN_20251109_18_42_31_Pro_mp4-0312_jpg.rf.74747306ac331d083df85b1750d7e020.txt,1280,720,60812,5d723cdb0b2f17b8cf60153c458749313c309585353a70f22c029e3a26017d0a,8140646694969296,116.7492,293.0471,False,True,False,1,1,0,
train,D:\.Candra\Project\TA\02_data\raw\Sitting_posture.v17i.yolov8\train\images\WIN_20251109_18_42_31_Pro_mp4-0313_jpg.rf.31454d292199bb61a9987dab57fcff11.jpg,train\images\WIN_20251109_18_42_31_Pro_mp4-0313_jpg.rf.31454d292199bb61a9987dab57fcff11.jpg,D:\.Candra\Project\TA\02_data\raw\Sitting_posture.v17i.yolov8\train\labels\WIN_20251109_18_42_31_Pro_mp4-0313_jpg.rf.31454d292199bb61a9987dab57fcff11.txt,1280,720,57919,8b229851d588131d8f58873bfdaaa38f0b1d09b1a82681f866f21e3e80b1183a,8140644484869286,116.0182,284.7703,False,True,False,1,1,0,
train,D:\.Candra\Project\TA\02_data\raw\Sitting_posture.v17i.yolov8\train\images\WIN_20251109_18_42_31_Pro_mp4-0314_jpg.rf.840aa5ad54b1ce7e8959d413949444ff.jpg,train\images\WIN_20251109_18_42_31_Pro_mp4-0314_jpg.rf.840aa5ad54b1ce7e8959d413949444ff.jpg,D:\.Candra\Project\TA\02_data\raw\Sitting_posture.v17i.yolov8\train\labels\WIN_20251109_18_42_31_Pro_mp4-0314_jpg.rf.840aa5ad54b1ce7e8959d413949444ff.txt,1280,720,58658,054bb4f262d32258431a302bbd452725e4106e7286ba5519092da1f7832493d7,8140644d84869286,115.4305,300.995,False,True,False,1,1,0,
train,D:\.Candra\Project\TA\02_data\raw\Sitting_posture.v17i.yolov8\train\images\WIN_20251109_18_42_31_Pro_mp4-0317_jpg.rf.b3143e41add8b4ad59030c6e3e6b4cd5.jpg,train\images\WIN_20251109_18_42_31_Pro_mp4-0317_jpg.rf.b3143e41add8b4ad59030c6e3e6b4cd5.jpg,D:\.Candra\Project\TA\02_data\raw\Sitting_posture.v17i.yolov8\train\labels\WIN_20251109_18_42_31_Pro_mp4-0317_jpg.rf.b3143e41add8b4ad59030c6e3e6b4cd5.txt,1280,720,62821,d70c3c666f8c19b1d4faa7471e77d32165555943d13409901ab28b18147c2823,81404c4d8c869286,114.5242,341.3686,False,True,False,1,1,0,
train,D:\.Candra\Project\TA\02_data\raw\Sitting_posture.v17i.yolov8\train\images\WIN_20251109_18_42_31_Pro_mp4-0318_jpg.rf.2adcda35d3e92e7f5a55756de8f4ca5f.jpg,train\images\WIN_20251109_18_42_31_Pro_mp4-0318_jpg.rf.2adcda35d3e92e7f5a55756de8f4ca5f.jpg,D:\.Candra\Project\TA\02_data\raw\Sitting_posture.v17i.yolov8\train\labels\WIN_20251109_18_42_31_Pro_mp4-0318_jpg.rf.2adcda35d3e92e7f5a55756de8f4ca5f.txt,1280,720,59618,653eb1c7f33c9441cc1d5eb0f312b41c3f96c3e99c4ac302ab8fdae6635083a8,81404c4d8c869286,114.0424,314.7178,False,True,False,1,1,0,
train,D:\.Candra\Project\TA\02_data\raw\Sitting_posture.v17i.yolov8\train\images\WIN_20251109_18_42_31_Pro_mp4-0319_jpg.rf.78799c72134f6654bd07ba1e1388aaa7.jpg,train\images\WIN_20251109_18_42_31_Pro_mp4-0319_jpg.rf.78799c72134f6654bd07ba1e1388aaa7.jpg,D:\.Candra\Project\TA\02_data\raw\Sitting_posture.v17i.yolov8\train\labels\WIN_20251109_18_42_31_Pro_mp4-0319_jpg.rf.78799c72134f6654bd07ba1e1388aaa7.txt,1280,720,59477,11a0c1e3429961b5c25e3020187fb43d6605184c8810afbe11ea1d02e9d8e2b3,81404c4d8c869286,113.521,320.155,False,True,False,1,1,0,
train,D:\.Candra\Project\TA\02_data\raw\Sitting_posture.v17i.yolov8\train\images\WIN_20251109_18_42_31_Pro_mp4-0321_jpg.rf.f77c2bfcfae4008b90b0c24ad086c3c9.jpg,train\images\WIN_20251109_18_42_31_Pro_mp4-0321_jpg.rf.f77c2bfcfae4008b90b0c24ad086c3c9.jpg,D:\.Candra\Project\TA\02_data\raw\Sitting_posture.v17i.yolov8\train\labels\WIN_20251109_18_42_31_Pro_mp4-0321_jpg.rf.f77c2bfcfae4008b90b0c24ad086c3c9.txt,1280,720,59803,ac958bf99c0c7ee2e029c7da7b07be6c4b6f43a91687a53d1ab9afed0072aff2,814048489c9e9286,112.922,336.3726,False,True,False,1,1,0,
train,D:\.Candra\Project\TA\02_data\raw\Sitting_posture.v17i.yolov8\train\images\WIN_20251109_18_42_31_Pro_mp4-0322_jpg.rf.1f4e7522cc7856531db1a2004d0bf865.jpg,train\images\WIN_20251109_18_42_31_Pro_mp4-0322_jpg.rf.1f4e7522cc7856531db1a2004d0bf865.jpg,D:\.Candra\Project\TA\02_data\raw\Sitting_posture.v17i.yolov8\train\labels\WIN_20251109_18_42_31_Pro_mp4-0322_jpg.rf.1f4e7522cc7856531db1a2004d0bf865.txt,1280,720,60078,25c9ed87c410fca0ae7ee81f46dcb074d8f8de12be2c0c9da38581f9e50f658f,814058189c9a9a86,113.2087,345.4466,False,True,False,1,1,0,
train,D:\.Candra\Project\TA\02_data\raw\Sitting_posture.v17i.yolov8\train\images\WIN_20251109_18_42_31_Pro_mp4-0323_jpg.rf.db81d20d0d1334e8585aa53d9ea25445.jpg,train\images\WIN_20251109_18_42_31_Pro_mp4-0323_jpg.rf.db81d20d0d1334e8585aa53d9ea25445.jpg,D:\.Candra\Project\TA\02_data\raw\Sitting_posture.v17i.yolov8\train\labels\WIN_20251109_18_42_31_Pro_mp4-0323_jpg.rf.db81d20d0d1334e8585aa53d9ea25445.txt,1280,720,63278,20c0587f9d2d043bf05758b0dc7a820efd38925c9ab73f97e41311e5caf4954f,8160509a9c929a86,113.8452,363.4856,False,True,False,1,1,0,
train,D:\.Candra\Project\TA\02_data\raw\Sitting_posture.v17i.yolov8\train\images\WIN_20251109_18_42_31_Pro_mp4-0324_jpg.rf.f2de0a70d76c0facec47c1a6f1a8d8ce.jpg,train\images\WIN_20251109_18_42_31_Pro_mp4-0324_jpg.rf.f2de0a70d76c0facec47c1a6f1a8d8ce.jpg,D:\.Candra\Project\TA\02_data\raw\Sitting_posture.v17i.yolov8\train\labels\WIN_20251109_18_42_31_Pro_mp4-0324_jpg.rf.f2de0a70d76c0facec47c1a6f1a8d8ce.txt,1280,720,59495,e5f75956cabd64005edd55fb2165c53ee9b53e4844c8cfe4ca8ef8ee3abf1914,8160109094929286,114.5493,345.2876,False,True,False,1,1,0,
train,D:\.Candra\Project\TA\02_data\raw\Sitting_posture.v17i.yolov8\train\images\WIN_20251109_18_42_31_Pro_mp4-0325_jpg.rf.d6cc75294f261d8f0a407369006c0d70.jpg,train\images\WIN_20251109_18_42_31_Pro_mp4-0325_jpg.rf.d6cc75294f261d8f0a407369006c0d70.jpg,D:\.Candra\Project\TA\02_data\raw\Sitting_posture.v17i.yolov8\train\labels\WIN_20251109_18_42_31_Pro_mp4-0325_jpg.rf.d6cc75294f261d8f0a407369006c0d70.txt,1280,720,58577,2592e8b4c71fd45ac260e9f4a6945a5c91331715bd77a10a059c8680ba1d4cc2,8140101094929282,114.8687,337.0874,False,True,False,1,1,0,
train,D:\.Candra\Project\TA\02_data\raw\Sitting_posture.v17i.yolov8\train\images\WIN_20251109_18_42_31_Pro_mp4-0326_jpg.rf.e52f9491c6d1829895bf4eaa7a887660.jpg,train\images\WIN_20251109_18_42_31_Pro_mp4-0326_jpg.rf.e52f9491c6d1829895bf4eaa7a887660.jpg,D:\.Candra\Project\TA\02_data\raw\Sitting_posture.v17i.yolov8\train\labels\WIN_20251109_18_42_31_Pro_mp4-0326_jpg.rf.e52f9491c6d1829895bf4eaa7a887660.txt,1280,720,58245,0d61e45826f4ee4678eb7389267a540246567bc6d1268c7cabafb6e828d1c5e1,8140103014969282,114.9011,335.7562,False,True,False,1,1,0,
train,D:\.Candra\Project\TA\02_data\raw\Sitting_posture.v17i.yolov8\train\images\WIN_20251109_18_42_31_Pro_mp4-0327_jpg.rf.2e7cc087605cd0a5a7f5b2e6f6dcdb1b.jpg,train\images\WIN_20251109_18_42_31_Pro_mp4-0327_jpg.rf.2e7cc087605cd0a5a7f5b2e6f6dcdb1b.jpg,D:\.Candra\Project\TA\02_data\raw\Sitting_posture.v17i.yolov8\train\labels\WIN_20251109_18_42_31_Pro_mp4-0327_jpg.rf.2e7cc087605cd0a5a7f5b2e6f6dcdb1b.txt,1280,720,58010,a80a487a1801bb6828efe8c96220209b10ad3672486627857eb4187cb8d037bc,8140303034969282,114.9305,341.4917,False,True,False,1,1,0,
train,D:\.Candra\Project\TA\02_data\raw\Sitting_posture.v17i.yolov8\train\images\WIN_20251109_18_42_31_Pro_mp4-0328_jpg.rf.798d530aec8b9d5f5ba3b2ed4e53f86b.jpg,train\images\WIN_20251109_18_42_31_Pro_mp4-0328_jpg.rf.798d530aec8b9d5f5ba3b2ed4e53f86b.jpg,D:\.Candra\Project\TA\02_data\raw\Sitting_posture.v17i.yolov8\train\labels\WIN_20251109_18_42_31_Pro_mp4-0328_jpg.rf.798d530aec8b9d5f5ba3b2ed4e53f86b.txt,1280,720,61652,80c7a36121d1d5c015596f0bee152e26d0461e59437ad965a72f0bd44ec4eba4,8140303034969282,114.7639,369.9861,False,True,False,1,1,0,
train,D:\.Candra\Project\TA\02_data\raw\Sitting_posture.v17i.yolov8\train\images\WIN_20251109_18_42_31_Pro_mp4-0329_jpg.rf.775112d9797eed9a36ee264a94623de8.jpg,train\images\WIN_20251109_18_42_31_Pro_mp4-0329_jpg.rf.775112d9797eed9a36ee264a94623de8.jpg,D:\.Candra\Project\TA\02_data\raw\Sitting_posture.v17i.yolov8\train\labels\WIN_20251109_18_42_31_Pro_mp4-0329_jpg.rf.775112d9797eed9a36ee264a94623de8.txt,1280,720,58398,b88f4c4097c755c332351c85252c010b090014d12b1257896e98e0d4d99f461d,8140303034969282,114.6715,349.9115,False,True,False,1,1,0,
train,D:\.Candra\Project\TA\02_data\raw\Sitting_posture.v17i.yolov8\train\images\WIN_20251109_18_42_31_Pro_mp4-0330_jpg.rf.f9a8f5a2077dcb3c98a597ef4bb06d47.jpg,train\images\WIN_20251109_18_42_31_Pro_mp4-0330_jpg.rf.f9a8f5a2077dcb3c98a597ef4bb06d47.jpg,D:\.Candra\Project\TA\02_data\raw\Sitting_posture.v17i.yolov8\train\labels\WIN_20251109_18_42_31_Pro_mp4-0330_jpg.rf.f9a8f5a2077dcb3c98a597ef4bb06d47.txt,1280,720,58666,762387579e92e075f9a2ddfce97aa17c11387523c0e553a76eb9dc7db47b8992,8140303034969282,114.5664,345.0277,False,True,False,1,1,0,
train,D:\.Candra\Project\TA\02_data\raw\Sitting_posture.v17i.yolov8\train\images\WIN_20251109_18_42_31_Pro_mp4-0332_jpg.rf.c6c615a203f736458ec676601517812e.jpg,train\images\WIN_20251109_18_42_31_Pro_mp4-0332_jpg.rf.c6c615a203f736458ec676601517812e.jpg,D:\.Candra\Project\TA\02_data\raw\Sitting_posture.v17i.yolov8\train\labels\WIN_20251109_18_42_31_Pro_mp4-0332_jpg.rf.c6c615a203f736458ec676601517812e.txt,1280,720,57990,cfe91a6c61b2fba1bcd9c13747816255c4e7708887e313789cab331b56d1eecf,8140101014929282,114.4292,335.5647,False,True,False,1,1,0,
train,D:\.Candra\Project\TA\02_data\raw\Sitting_posture.v17i.yolov8\train\images\WIN_20251109_18_42_31_Pro_mp4-0334_jpg.rf.6551f06d7b077ce1eef12e52fdc46a03.jpg,train\images\WIN_20251109_18_42_31_Pro_mp4-0334_jpg.rf.6551f06d7b077ce1eef12e52fdc46a03.jpg,D:\.Candra\Project\TA\02_data\raw\Sitting_posture.v17i.yolov8\train\labels\WIN_20251109_18_42_31_Pro_mp4-0334_jpg.rf.6551f06d7b077ce1eef12e52fdc46a03.txt,1280,720,63250,12c224d3d3c4cdde52112fdae549ba38741c1b78881488f84bc4757454d07179,814058189c9a9a86,113.1888,362.5346,False,True,False,1,1,0,
train,D:\.Candra\Project\TA\02_data\raw\Sitting_posture.v17i.yolov8\train\images\WIN_20251109_18_42_31_Pro_mp4-0335_jpg.rf.259910b57e98a61841ca1dbd3ffe7e88.jpg,train\images\WIN_20251109_18_42_31_Pro_mp4-0335_jpg.rf.259910b57e98a61841ca1dbd3ffe7e88.jpg,D:\.Candra\Project\TA\02_data\raw\Sitting_posture.v17i.yolov8\train\labels\WIN_20251109_18_42_31_Pro_mp4-0335_jpg.rf.259910b57e98a61841ca1dbd3ffe7e88.txt,1280,720,59643,7d6bf5a6665f15d241b7a5f33a5441eeece5f659e8a561a5e2c3c7abb22da09d,8140484d8c8e9286,112.777,323.0012,False,True,False,1,1,0,
train,D:\.Candra\Project\TA\02_data\raw\Sitting_posture.v17i.yolov8\train\images\WIN_20251109_18_42_31_Pro_mp4-0336_jpg.rf.bf960d7486dccfa2fb0ad6753d5567ac.jpg,train\images\WIN_20251109_18_42_31_Pro_mp4-0336_jpg.rf.bf960d7486dccfa2fb0ad6753d5567ac.jpg,D:\.Candra\Project\TA\02_data\raw\Sitting_posture.v17i.yolov8\train\labels\WIN_20251109_18_42_31_Pro_mp4-0336_jpg.rf.bf960d7486dccfa2fb0ad6753d5567ac.txt,1280,720,59898,1deaab126874a68213dcebf208028433473666b32d1e1ccc2579f09b47c11d75,81404c4d8c8e9286,113.2695,311.9034,False,True,False,1,1,0,
train,D:\.Candra\Project\TA\02_data\raw\Sitting_posture.v17i.yolov8\train\images\WIN_20251109_18_42_31_Pro_mp4-0337_jpg.rf.54c8b6bc740e25f68091bb27637ffe86.jpg,train\images\WIN_20251109_18_42_31_Pro_mp4-0337_jpg.rf.54c8b6bc740e25f68091bb27637ffe86.jpg,D:\.Candra\Project\TA\02_data\raw\Sitting_posture.v17i.yolov8\train\labels\WIN_20251109_18_42_31_Pro_mp4-0337_jpg.rf.54c8b6bc740e25f68091bb27637ffe86.txt,1280,720,62294,ad994057bfb2cbfbc268b36169d5f7f8370a41e7ddcc130d3dac97d2587d907b,81404c4d8c869286,114.1631,329.1992,False,True,False,1,1,0,
train,D:\.Candra\Project\TA\02_data\raw\Sitting_posture.v17i.yolov8\train\images\WIN_20251109_18_42_31_Pro_mp4-0338_jpg.rf.a8b417f7dca5bd4b63dd9afd77622ba4.jpg,train\images\WIN_20251109_18_42_31_Pro_mp4-0338_jpg.rf.a8b417f7dca5bd4b63dd9afd77622ba4.jpg,D:\.Candra\Project\TA\02_data\raw\Sitting_posture.v17i.yolov8\train\labels\WIN_20251109_18_42_31_Pro_mp4-0338_jpg.rf.a8b417f7dca5bd4b63dd9afd77622ba4.txt,1280,720,59043,44389bf1b016dbda988a4e8b0ccd660296bbc830c714a54f05afbbaa9494b253,81404c4d8c869286,114.6088,310.7916,False,True,False,1,1,0,
train,D:\.Candra\Project\TA\02_data\raw\Sitting_posture.v17i.yolov8\train\images\WIN_20251109_18_42_31_Pro_mp4-0340_jpg.rf.2e1c894cc6a2033918541ea85c8ba0bf.jpg,train\images\WIN_20251109_18_42_31_Pro_mp4-0340_jpg.rf.2e1c894cc6a2033918541ea85c8ba0bf.jpg,D:\.Candra\Project\TA\02_data\raw\Sitting_posture.v17i.yolov8\train\labels\WIN_20251109_18_42_31_Pro_mp4-0340_jpg.rf.2e1c894cc6a2033918541ea85c8ba0bf.txt,1280,720,58440,86fb4352d73f6911b274dde75291c9a3c5b638b7e56cb3121eae8f3af16b5679,8140644484869286,115.0417,309.3995,False,True,False,1,1,0,
train,D:\.Candra\Project\TA\02_data\raw\Sitting_posture.v17i.yolov8\train\images\WIN_20251109_18_42_31_Pro_mp4-0341_jpg.rf.b8846defcd3b93be0b811aae99f227fa.jpg,train\images\WIN_20251109_18_42_31_Pro_mp4-0341_jpg.rf.b8846defcd3b93be0b811aae99f227fa.jpg,D:\.Candra\Project\TA\02_data\raw\Sitting_posture.v17i.yolov8\train\labels\WIN_20251109_18_42_31_Pro_mp4-0341_jpg.rf.b8846defcd3b93be0b811aae99f227fa.txt,1280,720,57910,028b4d55b58900e68bccdfc7a4c3be92840c772bc6ef58c1896332d0a58d79ce,8140644684869282,115.7859,292.3026,False,True,False,1,1,0,
train,D:\.Candra\Project\TA\02_data\raw\Sitting_posture.v17i.yolov8\train\images\WIN_20251109_18_42_31_Pro_mp4-0342_jpg.rf.50de1c25a973ec8830c3826577b2e99e.jpg,train\images\WIN_20251109_18_42_31_Pro_mp4-0342_jpg.rf.50de1c25a973ec8830c3826577b2e99e.jpg,D:\.Candra\Project\TA\02_data\raw\Sitting_posture.v17i.yolov8\train\labels\WIN_20251109_18_42_31_Pro_mp4-0342_jpg.rf.50de1c25a973ec8830c3826577b2e99e.txt,1280,720,62306,14a87bcfe95af459f0d197b64cfcd6e4e4cd23da586d9d5ace0ef4e006a2b3dd,8140666694969692,116.6119,294.6641,False,True,False,1,1,0,
train,D:\.Candra\Project\TA\02_data\raw\Sitting_posture.v17i.yolov8\train\images\WIN_20251109_18_42_31_Pro_mp4-0343_jpg.rf.8aca523fbcd762b421d0d1ed0614d6e1.jpg,train\images\WIN_20251109_18_42_31_Pro_mp4-0343_jpg.rf.8aca523fbcd762b421d0d1ed0614d6e1.jpg,D:\.Candra\Project\TA\02_data\raw\Sitting_posture.v17i.yolov8\train\labels\WIN_20251109_18_42_31_Pro_mp4-0343_jpg.rf.8aca523fbcd762b421d0d1ed0614d6e1.txt,1280,720,55810,cb2e29958d6aa34d013aebfa450155c93bb65d7fd1476c06f902b1e218499b5b,8140666696969292,117.6633,261.9869,False,True,False,1,1,0,
train,D:\.Candra\Project\TA\02_data\raw\Sitting_posture.v17i.yolov8\train\images\WIN_20251109_18_42_31_Pro_mp4-0344_jpg.rf.cfba453ab9f3c3bd460901b369977954.jpg,train\images\WIN_20251109_18_42_31_Pro_mp4-0344_jpg.rf.cfba453ab9f3c3bd460901b369977954.jpg,D:\.Candra\Project\TA\02_data\raw\Sitting_posture.v17i.yolov8\train\labels\WIN_20251109_18_42_31_Pro_mp4-0344_jpg.rf.cfba453ab9f3c3bd460901b369977954.txt,1280,720,55850,07851f3b726d27d7cfbf192fea33a1db66bbec85aa067a127d97c200402333a7,8142666696969293,118.3892,267.5371,False,True,False,1,1,0,
train,D:\.Candra\Project\TA\02_data\raw\Sitting_posture.v17i.yolov8\train\images\WIN_20251109_18_42_31_Pro_mp4-0346_jpg.rf.f29884aaf7cee14ef0feacfec9c9eb58.jpg,train\images\WIN_20251109_18_42_31_Pro_mp4-0346_jpg.rf.f29884aaf7cee14ef0feacfec9c9eb58.jpg,D:\.Candra\Project\TA\02_data\raw\Sitting_posture.v17i.yolov8\train\labels\WIN_20251109_18_42_31_Pro_mp4-0346_jpg.rf.f29884aaf7cee14ef0feacfec9c9eb58.txt,1280,720,56465,e5f98002d3c89ac5cfcbc4bd8626f11a282263cb9fbb3ee86aa5b0a2df2c2da2,8142637392929293,118.5412,297.5281,False,True,False,1,1,0,
train,D:\.Candra\Project\TA\02_data\raw\Sitting_posture.v17i.yolov8\train\images\WIN_20251109_18_42_31_Pro_mp4-0347_jpg.rf.89d14b0234bc9c95a04a92e327e2f9ad.jpg,train\images\WIN_20251109_18_42_31_Pro_mp4-0347_jpg.rf.89d14b0234bc9c95a04a92e327e2f9ad.jpg,D:\.Candra\Project\TA\02_data\raw\Sitting_posture.v17i.yolov8\train\labels\WIN_20251109_18_42_31_Pro_mp4-0347_jpg.rf.89d14b0234bc9c95a04a92e327e2f9ad.txt,1280,720,57163,c91fc4c4e65caf03c2ceca869c8a4703aa1ef026ee92648cee3790db119af22e,8140637393929293,118.0443,307.9896,False,True,False,1,1,0,
train,D:\.Candra\Project\TA\02_data\raw\Sitting_posture.v17i.yolov8\train\images\WIN_20251109_18_42_31_Pro_mp4-0348_jpg.rf.e0ca2ffa597a7bcb8799bf5ac7bfae0a.jpg,train\images\WIN_20251109_18_42_31_Pro_mp4-0348_jpg.rf.e0ca2ffa597a7bcb8799bf5ac7bfae0a.jpg,D:\.Candra\Project\TA\02_data\raw\Sitting_posture.v17i.yolov8\train\labels\WIN_20251109_18_42_31_Pro_mp4-0348_jpg.rf.e0ca2ffa597a7bcb8799bf5ac7bfae0a.txt,1280,720,63053,99aa7cbfbe75de8113e5e976ec627bf8bddbc61872f53dbb872c816ba8004eef,8140637391929293,117.574,331.6815,False,True,False,1,1,0,
train,D:\.Candra\Project\TA\02_data\raw\Sitting_posture.v17i.yolov8\train\images\WIN_20251109_18_42_31_Pro_mp4-0350_jpg.rf.f14e1068392362cc9752498b7b5a97b2.jpg,train\images\WIN_20251109_18_42_31_Pro_mp4-0350_jpg.rf.f14e1068392362cc9752498b7b5a97b2.jpg,D:\.Candra\Project\TA\02_data\raw\Sitting_posture.v17i.yolov8\train\labels\WIN_20251109_18_42_31_Pro_mp4-0350_jpg.rf.f14e1068392362cc9752498b7b5a97b2.txt,1280,720,61524,c41b2b88c4dc09df072316394bbfdb037743614f4e4ad598d16053ca22a1d0d0,8141617191939293,117.6681,344.3147,False,True,False,1,1,0,
train,D:\.Candra\Project\TA\02_data\raw\Sitting_posture.v17i.yolov8\train\images\WIN_20251109_18_42_31_Pro_mp4-0351_jpg.rf.3217869ed0cfadb9901be30a4083f4b8.jpg,train\images\WIN_20251109_18_42_31_Pro_mp4-0351_jpg.rf.3217869ed0cfadb9901be30a4083f4b8.jpg,D:\.Candra\Project\TA\02_data\raw\Sitting_posture.v17i.yolov8\train\labels\WIN_20251109_18_42_31_Pro_mp4-0351_jpg.rf.3217869ed0cfadb9901be30a4083f4b8.txt,1280,720,58346,2254703adaec5fd9e60c0ffe237bcf92fd3df5d5a7d662d4a54ee7f04929379d,8141617191939293,117.6445,326.6443,False,True,False,1,1,0,
train,D:\.Candra\Project\TA\02_data\raw\Sitting_posture.v17i.yolov8\train\images\WIN_20251109_18_42_31_Pro_mp4-0352_jpg.rf.8494e8fa4fc88a133472970b5d025cf3.jpg,train\images\WIN_20251109_18_42_31_Pro_mp4-0352_jpg.rf.8494e8fa4fc88a133472970b5d025cf3.jpg,D:\.Candra\Project\TA\02_data\raw\Sitting_posture.v17i.yolov8\train\labels\WIN_20251109_18_42_31_Pro_mp4-0352_jpg.rf.8494e8fa4fc88a133472970b5d025cf3.txt,1280,720,57803,ef6988e031781868050685d4d11dc1947fa5d760f8ab6531a9a1c9402711897f,8141637191939293,117.5683,314.9763,False,True,False,1,1,0,
train,D:\.Candra\Project\TA\02_data\raw\Sitting_posture.v17i.yolov8\train\images\WIN_20251109_18_42_31_Pro_mp4-0353_jpg.rf.6620154153d11a802e7253a419629df7.jpg,train\images\WIN_20251109_18_42_31_Pro_mp4-0353_jpg.rf.6620154153d11a802e7253a419629df7.jpg,D:\.Candra\Project\TA\02_data\raw\Sitting_posture.v17i.yolov8\train\labels\WIN_20251109_18_42_31_Pro_mp4-0353_jpg.rf.6620154153d11a802e7253a419629df7.txt,1280,720,61110,92fe36eba0db0000e96f9b3b6dc9f664b5ab1ea12b0db9f3a0ee509a8714e0ab,8141637191929293,117.5885,331.664,False,True,False,1,1,0,
train,D:\.Candra\Project\TA\02_data\raw\Sitting_posture.v17i.yolov8\train\images\WIN_20251109_18_42_31_Pro_mp4-0354_jpg.rf.1de2c58e60e574ab2d09ab9e0a85f3e3.jpg,train\images\WIN_20251109_18_42_31_Pro_mp4-0354_jpg.rf.1de2c58e60e574ab2d09ab9e0a85f3e3.jpg,D:\.Candra\Project\TA\02_data\raw\Sitting_posture.v17i.yolov8\train\labels\WIN_20251109_18_42_31_Pro_mp4-0354_jpg.rf.1de2c58e60e574ab2d09ab9e0a85f3e3.txt,1280,720,60728,b5b15db81dfcf683de7d307c6c7aea69a717603333741526d7fcd2024af9c04b,8141637393929293,117.7596,330.0801,False,True,False,1,1,0,
train,D:\.Candra\Project\TA\02_data\raw\Sitting_posture.v17i.yolov8\train\images\WIN_20251109_18_42_31_Pro_mp4-0355_jpg.rf.8a72e022cc0fe28fba2ecbfec823f508.jpg,train\images\WIN_20251109_18_42_31_Pro_mp4-0355_jpg.rf.8a72e022cc0fe28fba2ecbfec823f508.jpg,D:\.Candra\Project\TA\02_data\raw\Sitting_posture.v17i.yolov8\train\labels\WIN_20251109_18_42_31_Pro_mp4-0355_jpg.rf.8a72e022cc0fe28fba2ecbfec823f508.txt,1280,720,56716,d1c9f25ab6ca8e0be9c5411e751623f2353fad774d920034f6b6033c18e4c4e8,8142637393929293,118.0703,297.611,False,True,False,1,1,0,
train,D:\.Candra\Project\TA\02_data\raw\Sitting_posture.v17i.yolov8\train\images\WIN_20251109_18_42_31_Pro_mp4-0356_jpg.rf.a4b56e3efc52070e0ff4eb1a6b81395d.jpg,train\images\WIN_20251109_18_42_31_Pro_mp4-0356_jpg.rf.a4b56e3efc52070e0ff4eb1a6b81395d.jpg,D:\.Candra\Project\TA\02_data\raw\Sitting_posture.v17i.yolov8\train\labels\WIN_20251109_18_42_31_Pro_mp4-0356_jpg.rf.a4b56e3efc52070e0ff4eb1a6b81395d.txt,1280,720,59001,3f0bfcc25beb1317e3b4caca52fec69921014fa70aa89986bd55954adb3f721e,8142637392929293,117.9984,294.3371,False,True,False,1,1,0,
train,D:\.Candra\Project\TA\02_data\raw\Sitting_posture.v17i.yolov8\train\images\WIN_20251109_18_42_31_Pro_mp4-0357_jpg.rf.e8dc02822bda974ac816160aa1d650f5.jpg,train\images\WIN_20251109_18_42_31_Pro_mp4-0357_jpg.rf.e8dc02822bda974ac816160aa1d650f5.jpg,D:\.Candra\Project\TA\02_data\raw\Sitting_posture.v17i.yolov8\train\labels\WIN_20251109_18_42_31_Pro_mp4-0357_jpg.rf.e8dc02822bda974ac816160aa1d650f5.txt,1280,720,55660,7245776f7812c6f3d0498b9317569f7d10ad3c8638f04c4be798ad6def06588e,8142626396969293,117.5059,278.5756,False,True,False,1,1,0,
train,D:\.Candra\Project\TA\02_data\raw\Sitting_posture.v17i.yolov8\train\images\WIN_20251109_18_42_31_Pro_mp4-0359_jpg.rf.af1aca4fed31798e597ba2b06256acd7.jpg,train\images\WIN_20251109_18_42_31_Pro_mp4-0359_jpg.rf.af1aca4fed31798e597ba2b06256acd7.jpg,D:\.Candra\Project\TA\02_data\raw\Sitting_posture.v17i.yolov8\train\labels\WIN_20251109_18_42_31_Pro_mp4-0359_jpg.rf.af1aca4fed31798e597ba2b06256acd7.txt,1280,720,59523,992dfc5e615068d62272456fa933667dae1ca97c23e3fa90854eaeceea482725,81446666b4969293,115.4596,275.9625,False,True,False,1,1,0,
train,D:\.Candra\Project\TA\02_data\raw\Sitting_posture.v17i.yolov8\train\images\WIN_20251109_18_42_31_Pro_mp4-0360_jpg.rf.c27b6ee784dffe4d46321025fe487f34.jpg,train\images\WIN_20251109_18_42_31_Pro_mp4-0360_jpg.rf.c27b6ee784dffe4d46321025fe487f34.jpg,D:\.Candra\Project\TA\02_data\raw\Sitting_posture.v17i.yolov8\train\labels\WIN_20251109_18_42_31_Pro_mp4-0360_jpg.rf.c27b6ee784dffe4d46321025fe487f34.txt,1280,720,60162,80bd3e4b294203446d7d77a53b73407d3f5c65ef41fc028c386f0720cdd0ba12,8144666694969692,114.4029,286.3652,False,True,False,1,1,0,
train,D:\.Candra\Project\TA\02_data\raw\Sitting_posture.v17i.yolov8\train\images\WIN_20251109_18_42_31_Pro_mp4-0361_jpg.rf.e6c7c43e0af4e7697ec367b458e348f7.jpg,train\images\WIN_20251109_18_42_31_Pro_mp4-0361_jpg.rf.e6c7c43e0af4e7697ec367b458e348f7.jpg,D:\.Candra\Project\TA\02_data\raw\Sitting_posture.v17i.yolov8\train\labels\WIN_20251109_18_42_31_Pro_mp4-0361_jpg.rf.e6c7c43e0af4e7697ec367b458e348f7.txt,1280,720,60911,575013e12d95ee6b6de81699bd10b862f1dd8b512aedd0cc8cd08373cb453b2f,8144644684869692,113.6899,292.1363,False,True,False,1,1,0,
train,D:\.Candra\Project\TA\02_data\raw\Sitting_posture.v17i.yolov8\train\images\WIN_20251109_18_42_31_Pro_mp4-0362_jpg.rf.e4cfadd686187b0a60da699dc12d9381.jpg,train\images\WIN_20251109_18_42_31_Pro_mp4-0362_jpg.rf.e4cfadd686187b0a60da699dc12d9381.jpg,D:\.Candra\Project\TA\02_data\raw\Sitting_posture.v17i.yolov8\train\labels\WIN_20251109_18_42_31_Pro_mp4-0362_jpg.rf.e4cfadd686187b0a60da699dc12d9381.txt,1280,720,57708,edfd2468591572305a16cd531d899df5be0cf8ae9b06239a844652e8835c7662,81444c4d84869282,112.6377,284.7116,False,True,False,1,1,0,
train,D:\.Candra\Project\TA\02_data\raw\Sitting_posture.v17i.yolov8\train\images\WIN_20251109_18_42_31_Pro_mp4-0363_jpg.rf.5fc8dd0ee63be05730e1e9aaa9dc25b8.jpg,train\images\WIN_20251109_18_42_31_Pro_mp4-0363_jpg.rf.5fc8dd0ee63be05730e1e9aaa9dc25b8.jpg,D:\.Candra\Project\TA\02_data\raw\Sitting_posture.v17i.yolov8\train\labels\WIN_20251109_18_42_31_Pro_mp4-0363_jpg.rf.5fc8dd0ee63be05730e1e9aaa9dc25b8.txt,1280,720,58093,fded5de0b1b1feec92c2d1c8267fd02fe18e9e29c07bf91d1e181e3af16a9ed5,81404c4d8c869282,111.7236,304.0718,False,True,False,1,1,0,
train,D:\.Candra\Project\TA\02_data\raw\Sitting_posture.v17i.yolov8\train\images\WIN_20251109_18_42_31_Pro_mp4-0364_jpg.rf.e88edb69070d53172913c8e83e3d1ee5.jpg,train\images\WIN_20251109_18_42_31_Pro_mp4-0364_jpg.rf.e88edb69070d53172913c8e83e3d1ee5.jpg,D:\.Candra\Project\TA\02_data\raw\Sitting_posture.v17i.yolov8\train\labels\WIN_20251109_18_42_31_Pro_mp4-0364_jpg.rf.e88edb69070d53172913c8e83e3d1ee5.txt,1280,720,61957,07d7d3791913308fc6ad18c29a3a69de3929ecf13865900ba173bbf3e71e596b,81484c4d8c869282,111.234,327.9103,False,True,False,1,1,0,
train,D:\.Candra\Project\TA\02_data\raw\Sitting_posture.v17i.yolov8\train\images\WIN_20251109_18_42_31_Pro_mp4-0365_jpg.rf.02fae0499d4a8fb00498dd4b3f44b426.jpg,train\images\WIN_20251109_18_42_31_Pro_mp4-0365_jpg.rf.02fae0499d4a8fb00498dd4b3f44b426.jpg,D:\.Candra\Project\TA\02_data\raw\Sitting_posture.v17i.yolov8\train\labels\WIN_20251109_18_42_31_Pro_mp4-0365_jpg.rf.02fae0499d4a8fb00498dd4b3f44b426.txt,1280,720,58759,76ae5d0127314c2a77e63abbde16cb921926f6e35c2cc6dbfb230347dc7f0dfb,81484c4d8c869286,110.8565,313.9967,False,True,False,1,1,0,
train,D:\.Candra\Project\TA\02_data\raw\Sitting_posture.v17i.yolov8\train\images\WIN_20251109_18_42_31_Pro_mp4-0368_jpg.rf.61ea0e8bdb3b18596fb7cb9175befc95.jpg,train\images\WIN_20251109_18_42_31_Pro_mp4-0368_jpg.rf.61ea0e8bdb3b18596fb7cb9175befc95.jpg,D:\.Candra\Project\TA\02_data\raw\Sitting_posture.v17i.yolov8\train\labels\WIN_20251109_18_42_31_Pro_mp4-0368_jpg.rf.61ea0e8bdb3b18596fb7cb9175befc95.txt,1280,720,59792,2c57e644e004d72a8b3e035adba4e5a5ea9446e3b07e3d72f078c0ab6d07d648,81484c4d8c8e9286,110.0789,332.2429,False,True,False,1,1,0,
valid,D:\.Candra\Project\TA\02_data\raw\Sitting_posture.v17i.yolov8\valid\images\WIN_20251107_18_18_07_Pro_mp4-0000_jpg.rf.8d48a25dc2c1be1b8c7d3ee9f37e044b.jpg,valid\images\WIN_20251107_18_18_07_Pro_mp4-0000_jpg.rf.8d48a25dc2c1be1b8c7d3ee9f37e044b.jpg,D:\.Candra\Project\TA\02_data\raw\Sitting_posture.v17i.yolov8\valid\labels\WIN_20251107_18_18_07_Pro_mp4-0000_jpg.rf.8d48a25dc2c1be1b8c7d3ee9f37e044b.txt,1280,720,88519,44ba9ab3a2586c0b31d87225c0bbaa804a65c407d51c2f3d3d8bcaeda9ad7916,0687cbcececeedac,155.4186,471.7235,False,True,False,1,1,0,
valid,D:\.Candra\Project\TA\02_data\raw\Sitting_posture.v17i.yolov8\valid\images\WIN_20251107_18_18_07_Pro_mp4-0001_jpg.rf.909cf796a704b0d8caefe2a88afb0add.jpg,valid\images\WIN_20251107_18_18_07_Pro_mp4-0001_jpg.rf.909cf796a704b0d8caefe2a88afb0add.jpg,D:\.Candra\Project\TA\02_data\raw\Sitting_posture.v17i.yolov8\valid\labels\WIN_20251107_18_18_07_Pro_mp4-0001_jpg.rf.909cf796a704b0d8caefe2a88afb0add.txt,1280,720,86559,2258a53d93bd5dafb76ce80ad684d08c452d98a8b76115909c2ff547a864aaa9,0687cbcececeedac,155.3562,458.4486,False,True,False,1,1,0,
valid,D:\.Candra\Project\TA\02_data\raw\Sitting_posture.v17i.yolov8\valid\images\WIN_20251107_18_18_07_Pro_mp4-0003_jpg.rf.6004762221d71eefcaf6cf9b5ff3ed6b.jpg,valid\images\WIN_20251107_18_18_07_Pro_mp4-0003_jpg.rf.6004762221d71eefcaf6cf9b5ff3ed6b.jpg,D:\.Candra\Project\TA\02_data\raw\Sitting_posture.v17i.yolov8\valid\labels\WIN_20251107_18_18_07_Pro_mp4-0003_jpg.rf.6004762221d71eefcaf6cf9b5ff3ed6b.txt,1280,720,81739,5e9015e670e6e2a1ba7701d75cd0fdf098d54e7a7ad529c5b87473ff842ff755,0e87cbcececeedac,155.3712,475.5346,False,True,False,1,1,0,
valid,D:\.Candra\Project\TA\02_data\raw\Sitting_posture.v17i.yolov8\valid\images\WIN_20251107_18_18_07_Pro_mp4-0004_jpg.rf.d6edb8c5915bde6c5dfc6bdc0a7bb27f.jpg,valid\images\WIN_20251107_18_18_07_Pro_mp4-0004_jpg.rf.d6edb8c5915bde6c5dfc6bdc0a7bb27f.jpg,D:\.Candra\Project\TA\02_data\raw\Sitting_posture.v17i.yolov8\valid\labels\WIN_20251107_18_18_07_Pro_mp4-0004_jpg.rf.d6edb8c5915bde6c5dfc6bdc0a7bb27f.txt,1280,720,80812,21f142d026a7c7773b1e17009be31d8a316a361ecd06108f39fd9184685df6bc,0e87dbcececeedac,155.1119,481.3558,False,True,False,1,1,0,
valid,D:\.Candra\Project\TA\02_data\raw\Sitting_posture.v17i.yolov8\valid\images\WIN_20251107_18_18_07_Pro_mp4-0005_jpg.rf.e90b0c0a367e9072a3ab17fde09b5397.jpg,valid\images\WIN_20251107_18_18_07_Pro_mp4-0005_jpg.rf.e90b0c0a367e9072a3ab17fde09b5397.jpg,D:\.Candra\Project\TA\02_data\raw\Sitting_posture.v17i.yolov8\valid\labels\WIN_20251107_18_18_07_Pro_mp4-0005_jpg.rf.e90b0c0a367e9072a3ab17fde09b5397.txt,1280,720,79394,e66c3501ec1ad78c05e368103495c3295c25897706e5a0bc8a50f85c713ab842,0e87dbcececeedac,155.161,430.4934,False,True,False,1,1,0,
valid,D:\.Candra\Project\TA\02_data\raw\Sitting_posture.v17i.yolov8\valid\images\WIN_20251107_18_18_07_Pro_mp4-0007_jpg.rf.2bec21f42119f0107f81817ced4e878b.jpg,valid\images\WIN_20251107_18_18_07_Pro_mp4-0007_jpg.rf.2bec21f42119f0107f81817ced4e878b.jpg,D:\.Candra\Project\TA\02_data\raw\Sitting_posture.v17i.yolov8\valid\labels\WIN_20251107_18_18_07_Pro_mp4-0007_jpg.rf.2bec21f42119f0107f81817ced4e878b.txt,1280,720,81139,e4aed0e6d8c787b0f1c9ff565329e1bf99e20421361d29f2cdccadbafd0df781,0e8ddbcececeedac,154.4857,486.5871,False,True,False,1,1,0,
valid,D:\.Candra\Project\TA\02_data\raw\Sitting_posture.v17i.yolov8\valid\images\WIN_20251107_18_18_07_Pro_mp4-0008_jpg.rf.8dbbe26c3f78ba1fb07e93e4858526fb.jpg,valid\images\WIN_20251107_18_18_07_Pro_mp4-0008_jpg.rf.8dbbe26c3f78ba1fb07e93e4858526fb.jpg,D:\.Candra\Project\TA\02_data\raw\Sitting_posture.v17i.yolov8\valid\labels\WIN_20251107_18_18_07_Pro_mp4-0008_jpg.rf.8dbbe26c3f78ba1fb07e93e4858526fb.txt,1280,720,79993,b7f0981bbcd599e4dd12605fcc10d234093647114e83ea00274d47f4afdc3470,0e8ddbcececeedac,153.3041,538.8107,False,True,False,1,1,0,
valid,D:\.Candra\Project\TA\02_data\raw\Sitting_posture.v17i.yolov8\valid\images\WIN_20251107_18_18_07_Pro_mp4-0009_jpg.rf.ea36a2ccae2fc7304404293b83f7eb74.jpg,valid\images\WIN_20251107_18_18_07_Pro_mp4-0009_jpg.rf.ea36a2ccae2fc7304404293b83f7eb74.jpg,D:\.Candra\Project\TA\02_data\raw\Sitting_posture.v17i.yolov8\valid\labels\WIN_20251107_18_18_07_Pro_mp4-0009_jpg.rf.ea36a2ccae2fc7304404293b83f7eb74.txt,1280,720,79971,379daf60ad7c8411940f02a059b994701d25df3eff2603ebb5be4b12dcd1f09d,0e8ddbcececeedac,153.2127,514.4595,False,True,False,1,1,0,
valid,D:\.Candra\Project\TA\02_data\raw\Sitting_posture.v17i.yolov8\valid\images\WIN_20251107_18_18_07_Pro_mp4-0010_jpg.rf.b62f80bde76452343063bb87d9574585.jpg,valid\images\WIN_20251107_18_18_07_Pro_mp4-0010_jpg.rf.b62f80bde76452343063bb87d9574585.jpg,D:\.Candra\Project\TA\02_data\raw\Sitting_posture.v17i.yolov8\valid\labels\WIN_20251107_18_18_07_Pro_mp4-0010_jpg.rf.b62f80bde76452343063bb87d9574585.txt,1280,720,81561,e2e5221853da850ef9ba5dcdbdff0edd1169fd4792c2ac0777a738a67bfbfe46,0e8ddbcececeedac,152.867,516.187,False,True,False,1,1,0,
valid,D:\.Candra\Project\TA\02_data\raw\Sitting_posture.v17i.yolov8\valid\images\WIN_20251107_18_18_07_Pro_mp4-0011_jpg.rf.799a515b032643693a7cb0906cfd56ac.jpg,valid\images\WIN_20251107_18_18_07_Pro_mp4-0011_jpg.rf.799a515b032643693a7cb0906cfd56ac.jpg,D:\.Candra\Project\TA\02_data\raw\Sitting_posture.v17i.yolov8\valid\labels\WIN_20251107_18_18_07_Pro_mp4-0011_jpg.rf.799a515b032643693a7cb0906cfd56ac.txt,1280,720,81966,66dad888f05e3d2eaae38063d9f23685f929f3ecffca14276c76349bbc45b8c9,0e8ddbcececeedac,152.1816,508.3607,False,True,False,1,1,0,
valid,D:\.Candra\Project\TA\02_data\raw\Sitting_posture.v17i.yolov8\valid\images\WIN_20251107_18_18_07_Pro_mp4-0012_jpg.rf.26f3db0089fa2dbf5ffc2e9c71e8b408.jpg,valid\images\WIN_20251107_18_18_07_Pro_mp4-0012_jpg.rf.26f3db0089fa2dbf5ffc2e9c71e8b408.jpg,D:\.Candra\Project\TA\02_data\raw\Sitting_posture.v17i.yolov8\valid\labels\WIN_20251107_18_18_07_Pro_mp4-0012_jpg.rf.26f3db0089fa2dbf5ffc2e9c71e8b408.txt,1280,720,82359,0bebbbfd862caf67b48220008f6483dcd9208475191f080093e4ab1403d05b82,0e8ddbcececeedac,151.9869,509.9629,False,True,False,1,1,0,
valid,D:\.Candra\Project\TA\02_data\raw\Sitting_posture.v17i.yolov8\valid\images\WIN_20251107_18_18_07_Pro_mp4-0013_jpg.rf.e579bdf8971e4eafd43daeda141d5eec.jpg,valid\images\WIN_20251107_18_18_07_Pro_mp4-0013_jpg.rf.e579bdf8971e4eafd43daeda141d5eec.jpg,D:\.Candra\Project\TA\02_data\raw\Sitting_posture.v17i.yolov8\valid\labels\WIN_20251107_18_18_07_Pro_mp4-0013_jpg.rf.e579bdf8971e4eafd43daeda141d5eec.txt,1280,720,82973,e7206acfc7557afe5fb8264c7f0ea37b9fdcce1a348d11fa9bfa50f2a3b13b71,0e8ddbcececeedac,151.713,514.7344,False,True,False,1,1,0,
valid,D:\.Candra\Project\TA\02_data\raw\Sitting_posture.v17i.yolov8\valid\images\WIN_20251107_18_18_07_Pro_mp4-0014_jpg.rf.23475afc402087492b561b60b1d1a3d9.jpg,valid\images\WIN_20251107_18_18_07_Pro_mp4-0014_jpg.rf.23475afc402087492b561b60b1d1a3d9.jpg,D:\.Candra\Project\TA\02_data\raw\Sitting_posture.v17i.yolov8\valid\labels\WIN_20251107_18_18_07_Pro_mp4-0014_jpg.rf.23475afc402087492b561b60b1d1a3d9.txt,1280,720,82947,23989e4389ece81870918026a165ceb049e615c4adee33cd65e492807cdf5a05,0e8ddbcececeedac,151.547,517.0283,False,True,False,1,1,0,
valid,D:\.Candra\Project\TA\02_data\raw\Sitting_posture.v17i.yolov8\valid\images\WIN_20251107_18_18_07_Pro_mp4-0015_jpg.rf.fc85bcb1a642e34e618f9f1a2d254748.jpg,valid\images\WIN_20251107_18_18_07_Pro_mp4-0015_jpg.rf.fc85bcb1a642e34e618f9f1a2d254748.jpg,D:\.Candra\Project\TA\02_data\raw\Sitting_posture.v17i.yolov8\valid\labels\WIN_20251107_18_18_07_Pro_mp4-0015_jpg.rf.fc85bcb1a642e34e618f9f1a2d254748.txt,1280,720,83033,09868563147108d60d45211da99648eca047e56df215fb78612568f56156d0ce,0e8ddbcececeedac,151.5765,516.6699,False,True,False,1,1,0,
valid,D:\.Candra\Project\TA\02_data\raw\Sitting_posture.v17i.yolov8\valid\images\WIN_20251107_18_18_07_Pro_mp4-0016_jpg.rf.d1e02916658744e213773aacd983dea9.jpg,valid\images\WIN_20251107_18_18_07_Pro_mp4-0016_jpg.rf.d1e02916658744e213773aacd983dea9.jpg,D:\.Candra\Project\TA\02_data\raw\Sitting_posture.v17i.yolov8\valid\labels\WIN_20251107_18_18_07_Pro_mp4-0016_jpg.rf.d1e02916658744e213773aacd983dea9.txt,1280,720,83281,84f54a767b008c4f2e71b9bcdd2f44d3f7e5d2662efd1227d07f7a0f1f6b180f,0e8ddbcececeedac,151.451,516.392,False,True,False,1,1,0,
valid,D:\.Candra\Project\TA\02_data\raw\Sitting_posture.v17i.yolov8\valid\images\WIN_20251107_18_18_07_Pro_mp4-0017_jpg.rf.0135ba34cd8457e5da50045f5571b749.jpg,valid\images\WIN_20251107_18_18_07_Pro_mp4-0017_jpg.rf.0135ba34cd8457e5da50045f5571b749.jpg,D:\.Candra\Project\TA\02_data\raw\Sitting_posture.v17i.yolov8\valid\labels\WIN_20251107_18_18_07_Pro_mp4-0017_jpg.rf.0135ba34cd8457e5da50045f5571b749.txt,1280,720,82286,1a383bb06c3e3ba2b73120edd80161fe1f8c6f72ffa8eae6374d66eb6cc79fc0,0e8fdbcececeedac,151.1518,530.3132,False,True,False,1,1,0,
valid,D:\.Candra\Project\TA\02_data\raw\Sitting_posture.v17i.yolov8\valid\images\WIN_20251107_18_18_07_Pro_mp4-0021_jpg.rf.13aee412c793e5f249b7ec110ed9331e.jpg,valid\images\WIN_20251107_18_18_07_Pro_mp4-0021_jpg.rf.13aee412c793e5f249b7ec110ed9331e.jpg,D:\.Candra\Project\TA\02_data\raw\Sitting_posture.v17i.yolov8\valid\labels\WIN_20251107_18_18_07_Pro_mp4-0021_jpg.rf.13aee412c793e5f249b7ec110ed9331e.txt,1280,720,80700,f34c3dc83e0925020eb55e8f1a6824594b0f8a53a7dbca0ee13020e50045425c,0e87dbcececeedac,151.2291,444.9424,False,True,False,1,1,0,
valid,D:\.Candra\Project\TA\02_data\raw\Sitting_posture.v17i.yolov8\valid\images\WIN_20251107_18_18_07_Pro_mp4-0022_jpg.rf.1831863d472b67ac8089de8f24424827.jpg,valid\images\WIN_20251107_18_18_07_Pro_mp4-0022_jpg.rf.1831863d472b67ac8089de8f24424827.jpg,D:\.Candra\Project\TA\02_data\raw\Sitting_posture.v17i.yolov8\valid\labels\WIN_20251107_18_18_07_Pro_mp4-0022_jpg.rf.1831863d472b67ac8089de8f24424827.txt,1280,720,81154,b0254208c8c72e823fa496c00392ff724114c58c29e9eca5f295bae59addd1ad,0e87dbcececeedac,151.2311,453.97,False,True,False,1,1,0,
valid,D:\.Candra\Project\TA\02_data\raw\Sitting_posture.v17i.yolov8\valid\images\WIN_20251107_18_18_07_Pro_mp4-0023_jpg.rf.f0796bf1258fac1672054ddf3a3f078e.jpg,valid\images\WIN_20251107_18_18_07_Pro_mp4-0023_jpg.rf.f0796bf1258fac1672054ddf3a3f078e.jpg,D:\.Candra\Project\TA\02_data\raw\Sitting_posture.v17i.yolov8\valid\labels\WIN_20251107_18_18_07_Pro_mp4-0023_jpg.rf.f0796bf1258fac1672054ddf3a3f078e.txt,1280,720,79866,8b2ef48a60c2894263fdf9bf9e8b0d15e714875f5bbe47c670d1947371e7b423,0e87cbcececeedac,151.1663,439.2538,False,True,False,1,1,0,
valid,D:\.Candra\Project\TA\02_data\raw\Sitting_posture.v17i.yolov8\valid\images\WIN_20251107_18_18_07_Pro_mp4-0024_jpg.rf.e68fb4db9a6ac10f96010174d3675120.jpg,valid\images\WIN_20251107_18_18_07_Pro_mp4-0024_jpg.rf.e68fb4db9a6ac10f96010174d3675120.jpg,D:\.Candra\Project\TA\02_data\raw\Sitting_posture.v17i.yolov8\valid\labels\WIN_20251107_18_18_07_Pro_mp4-0024_jpg.rf.e68fb4db9a6ac10f96010174d3675120.txt,1280,720,78640,64db95f3e62a60584f3ddcac085921decefc563fbe48f34a672cb7c96d006c15,0687cbcececeedac,150.9857,464.4533,False,True,False,1,1,0,
valid,D:\.Candra\Project\TA\02_data\raw\Sitting_posture.v17i.yolov8\valid\images\WIN_20251107_18_18_07_Pro_mp4-0025_jpg.rf.a69b128fc67ce61f0a16cbec8b0df5ca.jpg,valid\images\WIN_20251107_18_18_07_Pro_mp4-0025_jpg.rf.a69b128fc67ce61f0a16cbec8b0df5ca.jpg,D:\.Candra\Project\TA\02_data\raw\Sitting_posture.v17i.yolov8\valid\labels\WIN_20251107_18_18_07_Pro_mp4-0025_jpg.rf.a69b128fc67ce61f0a16cbec8b0df5ca.txt,1280,720,79191,00427b78b77914eca05c71c36a5ce95ce1e821843408fcacff9c0cc80c4621f4,0687cbcececeedac,150.9557,448.5248,False,True,False,1,1,0,
valid,D:\.Candra\Project\TA\02_data\raw\Sitting_posture.v17i.yolov8\valid\images\WIN_20251107_18_18_07_Pro_mp4-0026_jpg.rf.cc009e82725b48a62fa905df5b2d4556.jpg,valid\images\WIN_20251107_18_18_07_Pro_mp4-0026_jpg.rf.cc009e82725b48a62fa905df5b2d4556.jpg,D:\.Candra\Project\TA\02_data\raw\Sitting_posture.v17i.yolov8\valid\labels\WIN_20251107_18_18_07_Pro_mp4-0026_jpg.rf.cc009e82725b48a62fa905df5b2d4556.txt,1280,720,81156,3486ea929a3da3497aecef9360dc78fd4a51f983b09ab91ad147e4f339275f25,0687cbcececeedac,150.8605,496.2187,False,True,False,1,1,0,
valid,D:\.Candra\Project\TA\02_data\raw\Sitting_posture.v17i.yolov8\valid\images\WIN_20251107_18_18_07_Pro_mp4-0027_jpg.rf.e086f671ba3f18505d2597db5bac59ab.jpg,valid\images\WIN_20251107_18_18_07_Pro_mp4-0027_jpg.rf.e086f671ba3f18505d2597db5bac59ab.jpg,D:\.Candra\Project\TA\02_data\raw\Sitting_posture.v17i.yolov8\valid\labels\WIN_20251107_18_18_07_Pro_mp4-0027_jpg.rf.e086f671ba3f18505d2597db5bac59ab.txt,1280,720,80093,5138ad633b88b1a99e7fd0a201eaca1645f7ba4e6dbb103619a2880c886a92a6,0687cbcececeedac,150.8581,456.4836,False,True,False,1,1,0,
valid,D:\.Candra\Project\TA\02_data\raw\Sitting_posture.v17i.yolov8\valid\images\WIN_20251107_18_18_07_Pro_mp4-0028_jpg.rf.dc69d129b17c3014c4d4a0847f7709ee.jpg,valid\images\WIN_20251107_18_18_07_Pro_mp4-0028_jpg.rf.dc69d129b17c3014c4d4a0847f7709ee.jpg,D:\.Candra\Project\TA\02_data\raw\Sitting_posture.v17i.yolov8\valid\labels\WIN_20251107_18_18_07_Pro_mp4-0028_jpg.rf.dc69d129b17c3014c4d4a0847f7709ee.txt,1280,720,82543,f59d0a36c91c598537c71a04ff9d8545a2e186eb22b8563156c3e44e579d786d,0687cbcececeedac,150.7773,509.5609,False,True,False,1,1,0,
valid,D:\.Candra\Project\TA\02_data\raw\Sitting_posture.v17i.yolov8\valid\images\WIN_20251107_18_18_07_Pro_mp4-0029_jpg.rf.54aad718952a9c9f6c68f5e2ce1ac259.jpg,valid\images\WIN_20251107_18_18_07_Pro_mp4-0029_jpg.rf.54aad718952a9c9f6c68f5e2ce1ac259.jpg,D:\.Candra\Project\TA\02_data\raw\Sitting_posture.v17i.yolov8\valid\labels\WIN_20251107_18_18_07_Pro_mp4-0029_jpg.rf.54aad718952a9c9f6c68f5e2ce1ac259.txt,1280,720,82328,f1eb5620120648c0280463e7a9395bf213d74bf2180bcd9653698d3ea322abae,0687cfcececeedac,150.8344,502.558,False,True,False,1,1,0,
valid,D:\.Candra\Project\TA\02_data\raw\Sitting_posture.v17i.yolov8\valid\images\WIN_20251107_18_18_07_Pro_mp4-0030_jpg.rf.f95a165cd8326edb45227bd4875a1c68.jpg,valid\images\WIN_20251107_18_18_07_Pro_mp4-0030_jpg.rf.f95a165cd8326edb45227bd4875a1c68.jpg,D:\.Candra\Project\TA\02_data\raw\Sitting_posture.v17i.yolov8\valid\labels\WIN_20251107_18_18_07_Pro_mp4-0030_jpg.rf.f95a165cd8326edb45227bd4875a1c68.txt,1280,720,83316,b856e1fa59d307c4f30c6a4d3afd5701bafc732cf3e3daea2ae4d3b9ba966887,0687cfcececeedac,150.6765,512.4629,False,True,False,2,2,0,
valid,D:\.Candra\Project\TA\02_data\raw\Sitting_posture.v17i.yolov8\valid\images\WIN_20251107_18_18_07_Pro_mp4-0031_jpg.rf.cc14a93ebd27ab331790dc75344bf341.jpg,valid\images\WIN_20251107_18_18_07_Pro_mp4-0031_jpg.rf.cc14a93ebd27ab331790dc75344bf341.jpg,D:\.Candra\Project\TA\02_data\raw\Sitting_posture.v17i.yolov8\valid\labels\WIN_20251107_18_18_07_Pro_mp4-0031_jpg.rf.cc14a93ebd27ab331790dc75344bf341.txt,1280,720,83359,065194885d4932fe5e733a25c77570610183c0abaffad46a278972f425e0f25c,0687cfcececeedac,150.6687,519.9293,False,True,False,1,1,0,
valid,D:\.Candra\Project\TA\02_data\raw\Sitting_posture.v17i.yolov8\valid\images\WIN_20251107_18_18_07_Pro_mp4-0032_jpg.rf.6fafa4ff3a849f2355e37238a41b1fb0.jpg,valid\images\WIN_20251107_18_18_07_Pro_mp4-0032_jpg.rf.6fafa4ff3a849f2355e37238a41b1fb0.jpg,D:\.Candra\Project\TA\02_data\raw\Sitting_posture.v17i.yolov8\valid\labels\WIN_20251107_18_18_07_Pro_mp4-0032_jpg.rf.6fafa4ff3a849f2355e37238a41b1fb0.txt,1280,720,85741,152765a7702ec45853f499b3183e0096f6f0818c6615191a5f3f8dd00d6f149d,0687cbcececeedac,150.7977,536.3635,False,True,False,1,1,0,
valid,D:\.Candra\Project\TA\02_data\raw\Sitting_posture.v17i.yolov8\valid\images\WIN_20251107_18_18_07_Pro_mp4-0033_jpg.rf.757a96ed90c4c820d9a1308324ddee24.jpg,valid\images\WIN_20251107_18_18_07_Pro_mp4-0033_jpg.rf.757a96ed90c4c820d9a1308324ddee24.jpg,D:\.Candra\Project\TA\02_data\raw\Sitting_posture.v17i.yolov8\valid\labels\WIN_20251107_18_18_07_Pro_mp4-0033_jpg.rf.757a96ed90c4c820d9a1308324ddee24.txt,1280,720,84461,b9887c9e20364001b2298c376238da6bdb72c99a7b18a2c7616fab341df915ab,2687cfcececeedac,151.1941,532.7628,False,True,False,1,1,0,
valid,D:\.Candra\Project\TA\02_data\raw\Sitting_posture.v17i.yolov8\valid\images\WIN_20251107_18_18_07_Pro_mp4-0036_jpg.rf.df99d37b0b3916e3dd03fc8f313cc9d9.jpg,valid\images\WIN_20251107_18_18_07_Pro_mp4-0036_jpg.rf.df99d37b0b3916e3dd03fc8f313cc9d9.jpg,D:\.Candra\Project\TA\02_data\raw\Sitting_posture.v17i.yolov8\valid\labels\WIN_20251107_18_18_07_Pro_mp4-0036_jpg.rf.df99d37b0b3916e3dd03fc8f313cc9d9.txt,1280,720,77969,bb37fd11a77f2db7f2adc4bf5194b255e24909d5b7d56efc4c415e13ac1b0e84,2687cfcec6ceedac,153.04,406.5251,False,True,False,1,1,0,
valid,D:\.Candra\Project\TA\02_data\raw\Sitting_posture.v17i.yolov8\valid\images\WIN_20251107_18_18_07_Pro_mp4-0037_jpg.rf.b4c2b440d9a98f4e26abc5ee12317749.jpg,valid\images\WIN_20251107_18_18_07_Pro_mp4-0037_jpg.rf.b4c2b440d9a98f4e26abc5ee12317749.jpg,D:\.Candra\Project\TA\02_data\raw\Sitting_posture.v17i.yolov8\valid\labels\WIN_20251107_18_18_07_Pro_mp4-0037_jpg.rf.b4c2b440d9a98f4e26abc5ee12317749.txt,1280,720,77694,a9505adf39e75392b25b8e64f088f267d8294164c80b967a6a4bf808f91464f4,2687dfcec6ceedac,153.3126,403.5573,False,True,False,1,1,0,
valid,D:\.Candra\Project\TA\02_data\raw\Sitting_posture.v17i.yolov8\valid\images\WIN_20251107_18_18_07_Pro_mp4-0038_jpg.rf.1f23b02c498ba7602d178b5ffc9c5b5c.jpg,valid\images\WIN_20251107_18_18_07_Pro_mp4-0038_jpg.rf.1f23b02c498ba7602d178b5ffc9c5b5c.jpg,D:\.Candra\Project\TA\02_data\raw\Sitting_posture.v17i.yolov8\valid\labels\WIN_20251107_18_18_07_Pro_mp4-0038_jpg.rf.1f23b02c498ba7602d178b5ffc9c5b5c.txt,1280,720,77216,159b467451a06d95ad1bd5b8c33c347c363f934022e56e64f0985a7248cb10bd,2687dfcec6ceedac,153.5005,393.7114,False,True,False,1,1,0,
valid,D:\.Candra\Project\TA\02_data\raw\Sitting_posture.v17i.yolov8\valid\images\WIN_20251107_18_18_07_Pro_mp4-0040_jpg.rf.caf44f0ed3bbfa355101df6a30edcd71.jpg,valid\images\WIN_20251107_18_18_07_Pro_mp4-0040_jpg.rf.caf44f0ed3bbfa355101df6a30edcd71.jpg,D:\.Candra\Project\TA\02_data\raw\Sitting_posture.v17i.yolov8\valid\labels\WIN_20251107_18_18_07_Pro_mp4-0040_jpg.rf.caf44f0ed3bbfa355101df6a30edcd71.txt,1280,720,77222,45ec6bda07393e875a1c582baeac1bbb54721e537ec4ca29db761d667417ce6f,2683d7ced6ceecac,153.1106,421.1555,False,True,False,1,1,0,
valid,D:\.Candra\Project\TA\02_data\raw\Sitting_posture.v17i.yolov8\valid\images\WIN_20251107_18_18_07_Pro_mp4-0041_jpg.rf.a0ac94c0ae307dd923627f6a92455e53.jpg,valid\images\WIN_20251107_18_18_07_Pro_mp4-0041_jpg.rf.a0ac94c0ae307dd923627f6a92455e53.jpg,D:\.Candra\Project\TA\02_data\raw\Sitting_posture.v17i.yolov8\valid\labels\WIN_20251107_18_18_07_Pro_mp4-0041_jpg.rf.a0ac94c0ae307dd923627f6a92455e53.txt,1280,720,77593,a6b75b5ac1050910a7f24b99b18bd1abe7d5649076898d74e6b8a7fd7f7b70c6,2683d7ced6ceecbc,152.9307,396.9485,False,True,False,1,1,0,
valid,D:\.Candra\Project\TA\02_data\raw\Sitting_posture.v17i.yolov8\valid\images\WIN_20251107_18_18_07_Pro_mp4-0042_jpg.rf.efee68b9580f592a92efb7ce848e3e56.jpg,valid\images\WIN_20251107_18_18_07_Pro_mp4-0042_jpg.rf.efee68b9580f592a92efb7ce848e3e56.jpg,D:\.Candra\Project\TA\02_data\raw\Sitting_posture.v17i.yolov8\valid\labels\WIN_20251107_18_18_07_Pro_mp4-0042_jpg.rf.efee68b9580f592a92efb7ce848e3e56.txt,1280,720,77494,13057c86d8fe03cb154c40206ae88283c987e1b66fb8c799e88f78af4798099d,2683d7ced6ceecbc,152.5507,392.8799,False,True,False,1,1,0,
valid,D:\.Candra\Project\TA\02_data\raw\Sitting_posture.v17i.yolov8\valid\images\WIN_20251107_18_18_07_Pro_mp4-0043_jpg.rf.440860fc5719639ec489f4fa8ec0379c.jpg,valid\images\WIN_20251107_18_18_07_Pro_mp4-0043_jpg.rf.440860fc5719639ec489f4fa8ec0379c.jpg,D:\.Candra\Project\TA\02_data\raw\Sitting_posture.v17i.yolov8\valid\labels\WIN_20251107_18_18_07_Pro_mp4-0043_jpg.rf.440860fc5719639ec489f4fa8ec0379c.txt,1280,720,77720,b2db8b71f38d857ae1267287ee6a8873c4df4ff7722d4ac4d192e0baaeced27b,2783d7ced6cef4bc,151.9266,381.59,False,True,False,1,1,0,
valid,D:\.Candra\Project\TA\02_data\raw\Sitting_posture.v17i.yolov8\valid\images\WIN_20251107_18_18_07_Pro_mp4-0044_jpg.rf.c4d9248861777dfa07c62bdb674c24e9.jpg,valid\images\WIN_20251107_18_18_07_Pro_mp4-0044_jpg.rf.c4d9248861777dfa07c62bdb674c24e9.jpg,D:\.Candra\Project\TA\02_data\raw\Sitting_posture.v17i.yolov8\valid\labels\WIN_20251107_18_18_07_Pro_mp4-0044_jpg.rf.c4d9248861777dfa07c62bdb674c24e9.txt,1280,720,78203,d4d30314b76dc52e7b7294a37c6d4053716d2f8028c182b1d3f95602ace492df,2393d7cad2cef4b4,151.5218,387.6804,False,True,False,1,1,0,
valid,D:\.Candra\Project\TA\02_data\raw\Sitting_posture.v17i.yolov8\valid\images\WIN_20251107_18_18_07_Pro_mp4-0045_jpg.rf.d12e24f7ba4fe336583dbdc427616e72.jpg,valid\images\WIN_20251107_18_18_07_Pro_mp4-0045_jpg.rf.d12e24f7ba4fe336583dbdc427616e72.jpg,D:\.Candra\Project\TA\02_data\raw\Sitting_posture.v17i.yolov8\valid\labels\WIN_20251107_18_18_07_Pro_mp4-0045_jpg.rf.d12e24f7ba4fe336583dbdc427616e72.txt,1280,720,80039,8d232ae187b8fd58061d6181cda91677f9504852ca79f4dd2161ca23e27fcc74,2393dbcad2c6f4b4,151.184,404.3739,False,True,False,1,1,0,
valid,D:\.Candra\Project\TA\02_data\raw\Sitting_posture.v17i.yolov8\valid\images\WIN_20251107_18_18_07_Pro_mp4-0046_jpg.rf.dcc8769333931c6b58aa824cb075b253.jpg,valid\images\WIN_20251107_18_18_07_Pro_mp4-0046_jpg.rf.dcc8769333931c6b58aa824cb075b253.jpg,D:\.Candra\Project\TA\02_data\raw\Sitting_posture.v17i.yolov8\valid\labels\WIN_20251107_18_18_07_Pro_mp4-0046_jpg.rf.dcc8769333931c6b58aa824cb075b253.txt,1280,720,79069,d8e757e5e73a6cdba7af4a1593c2805018f413c82d9cc479c3c575a8ab0dc5c0,2393dbcbdac6f4b4,150.7869,403.2987,False,True,False,1,1,0,
valid,D:\.Candra\Project\TA\02_data\raw\Sitting_posture.v17i.yolov8\valid\images\WIN_20251107_18_18_07_Pro_mp4-0047_jpg.rf.bac5e7bea058e63caceeecb86ccd4f9f.jpg,valid\images\WIN_20251107_18_18_07_Pro_mp4-0047_jpg.rf.bac5e7bea058e63caceeecb86ccd4f9f.jpg,D:\.Candra\Project\TA\02_data\raw\Sitting_posture.v17i.yolov8\valid\labels\WIN_20251107_18_18_07_Pro_mp4-0047_jpg.rf.bac5e7bea058e63caceeecb86ccd4f9f.txt,1280,720,81323,e91e581ed572b9c815b488cd5bc02ecf143bbe9d9e144e74c184f74957a18d23,3393dbcbdac6d6b4,150.1919,415.7567,False,True,False,1,1,0,
valid,D:\.Candra\Project\TA\02_data\raw\Sitting_posture.v17i.yolov8\valid\images\WIN_20251107_18_18_07_Pro_mp4-0048_jpg.rf.023e97fdf42f5e96cad769290efb12f9.jpg,valid\images\WIN_20251107_18_18_07_Pro_mp4-0048_jpg.rf.023e97fdf42f5e96cad769290efb12f9.jpg,D:\.Candra\Project\TA\02_data\raw\Sitting_posture.v17i.yolov8\valid\labels\WIN_20251107_18_18_07_Pro_mp4-0048_jpg.rf.023e97fdf42f5e96cad769290efb12f9.txt,1280,720,80082,2147df19af18b9469efa09119b55a2376019413757b6e8de061183873455b661,3393dbcbdac6d6b4,150.0516,404.6116,False,True,False,1,1,0,
valid,D:\.Candra\Project\TA\02_data\raw\Sitting_posture.v17i.yolov8\valid\images\WIN_20251107_18_18_07_Pro_mp4-0049_jpg.rf.8bf8d61b57decfe04f8337cd52aa4e0f.jpg,valid\images\WIN_20251107_18_18_07_Pro_mp4-0049_jpg.rf.8bf8d61b57decfe04f8337cd52aa4e0f.jpg,D:\.Candra\Project\TA\02_data\raw\Sitting_posture.v17i.yolov8\valid\labels\WIN_20251107_18_18_07_Pro_mp4-0049_jpg.rf.8bf8d61b57decfe04f8337cd52aa4e0f.txt,1280,720,78363,f0a288a09c2ffb7c2afa9d34fe4f56524acba2d5f18633e80683e854753e8b29,3393dbcbdac6d6b4,149.8701,410.551,False,True,False,1,1,0,
valid,D:\.Candra\Project\TA\02_data\raw\Sitting_posture.v17i.yolov8\valid\images\WIN_20251107_18_18_07_Pro_mp4-0051_jpg.rf.0a6c5ad9aac85b0f047d2b7a860d9545.jpg,valid\images\WIN_20251107_18_18_07_Pro_mp4-0051_jpg.rf.0a6c5ad9aac85b0f047d2b7a860d9545.jpg,D:\.Candra\Project\TA\02_data\raw\Sitting_posture.v17i.yolov8\valid\labels\WIN_20251107_18_18_07_Pro_mp4-0051_jpg.rf.0a6c5ad9aac85b0f047d2b7a860d9545.txt,1280,720,83208,da30cae34c07291418ca54236151bfc751fc2dfa5785ec738c31ae2351e956bb,3393dbcbdac6d6b4,149.468,516.9311,False,True,False,1,1,0,
valid,D:\.Candra\Project\TA\02_data\raw\Sitting_posture.v17i.yolov8\valid\images\WIN_20251107_18_18_07_Pro_mp4-0053_jpg.rf.3b21b587c0ad9f25842e9c187f38808b.jpg,valid\images\WIN_20251107_18_18_07_Pro_mp4-0053_jpg.rf.3b21b587c0ad9f25842e9c187f38808b.jpg,D:\.Candra\Project\TA\02_data\raw\Sitting_posture.v17i.yolov8\valid\labels\WIN_20251107_18_18_07_Pro_mp4-0053_jpg.rf.3b21b587c0ad9f25842e9c187f38808b.txt,1280,720,83266,39157e707fca5b0277ebd643e68b1414f1b487f28d25c7d03310eb58c1446ed9,3393dbcbdac6d6b4,148.8863,514.6458,False,True,False,1,1,0,
valid,D:\.Candra\Project\TA\02_data\raw\Sitting_posture.v17i.yolov8\valid\images\WIN_20251107_18_18_07_Pro_mp4-0054_jpg.rf.3452e8adc5841223c71029fdae6ca4c4.jpg,valid\images\WIN_20251107_18_18_07_Pro_mp4-0054_jpg.rf.3452e8adc5841223c71029fdae6ca4c4.jpg,D:\.Candra\Project\TA\02_data\raw\Sitting_posture.v17i.yolov8\valid\labels\WIN_20251107_18_18_07_Pro_mp4-0054_jpg.rf.3452e8adc5841223c71029fdae6ca4c4.txt,1280,720,83871,b18a801362cc62253d224ee3452b01971f753084df99ff9636b85ce40b03be88,3393dbcbdac6d6b4,148.2967,523.4063,False,True,False,1,1,0,
valid,D:\.Candra\Project\TA\02_data\raw\Sitting_posture.v17i.yolov8\valid\images\WIN_20251107_18_18_07_Pro_mp4-0055_jpg.rf.464fa52515fb447baa748b9481267785.jpg,valid\images\WIN_20251107_18_18_07_Pro_mp4-0055_jpg.rf.464fa52515fb447baa748b9481267785.jpg,D:\.Candra\Project\TA\02_data\raw\Sitting_posture.v17i.yolov8\valid\labels\WIN_20251107_18_18_07_Pro_mp4-0055_jpg.rf.464fa52515fb447baa748b9481267785.txt,1280,720,84004,621484c3a6a870a529bd1620c71ddd51e5bb02fe67556c7f73b688329189bf66,3393dbcbdac6d6b4,147.6108,532.0161,False,True,False,1,1,0,
valid,D:\.Candra\Project\TA\02_data\raw\Sitting_posture.v17i.yolov8\valid\images\WIN_20251107_18_18_07_Pro_mp4-0059_jpg.rf.61535dd975f2b90524df1de77d080a7e.jpg,valid\images\WIN_20251107_18_18_07_Pro_mp4-0059_jpg.rf.61535dd975f2b90524df1de77d080a7e.jpg,D:\.Candra\Project\TA\02_data\raw\Sitting_posture.v17i.yolov8\valid\labels\WIN_20251107_18_18_07_Pro_mp4-0059_jpg.rf.61535dd975f2b90524df1de77d080a7e.txt,1280,720,80041,f5d8edc19fd560aa6c428ca6880cd7d785aca3aaded8a44b9083ab74806cdc26,3393dbcbdac6d6b4,146.1359,417.4153,False,True,False,1,1,0,
valid,D:\.Candra\Project\TA\02_data\raw\Sitting_posture.v17i.yolov8\valid\images\WIN_20251107_18_18_07_Pro_mp4-0060_jpg.rf.3ed8d6667a32594999edfed461a015de.jpg,valid\images\WIN_20251107_18_18_07_Pro_mp4-0060_jpg.rf.3ed8d6667a32594999edfed461a015de.jpg,D:\.Candra\Project\TA\02_data\raw\Sitting_posture.v17i.yolov8\valid\labels\WIN_20251107_18_18_07_Pro_mp4-0060_jpg.rf.3ed8d6667a32594999edfed461a015de.txt,1280,720,80246,d798db4f5af60d6775a19a94fcf1105fe96aed0ba0f39374ad7370f25b0bcda8,3393dbcadac6d6b4,146.477,415.1336,False,True,False,1,1,0,
valid,D:\.Candra\Project\TA\02_data\raw\Sitting_posture.v17i.yolov8\valid\images\WIN_20251107_18_18_07_Pro_mp4-0062_jpg.rf.1f096afe8d9b7987c924f1be443fcdae.jpg,valid\images\WIN_20251107_18_18_07_Pro_mp4-0062_jpg.rf.1f096afe8d9b7987c924f1be443fcdae.jpg,D:\.Candra\Project\TA\02_data\raw\Sitting_posture.v17i.yolov8\valid\labels\WIN_20251107_18_18_07_Pro_mp4-0062_jpg.rf.1f096afe8d9b7987c924f1be443fcdae.txt,1280,720,82061,ca23a1675c22f086ee9b7a2ae608e09dcce3c55fd8936d08b9357f4f58a07894,2393d7cad2c6f4b4,148.3004,425.3555,False,True,False,1,1,0,
valid,D:\.Candra\Project\TA\02_data\raw\Sitting_posture.v17i.yolov8\valid\images\WIN_20251107_18_18_07_Pro_mp4-0063_jpg.rf.6019d4a27f0fa0b892ee3bb7c2de6cf5.jpg,valid\images\WIN_20251107_18_18_07_Pro_mp4-0063_jpg.rf.6019d4a27f0fa0b892ee3bb7c2de6cf5.jpg,D:\.Candra\Project\TA\02_data\raw\Sitting_posture.v17i.yolov8\valid\labels\WIN_20251107_18_18_07_Pro_mp4-0063_jpg.rf.6019d4a27f0fa0b892ee3bb7c2de6cf5.txt,1280,720,79982,0dd1f2a57244881631dd1ca73b73810a3e40c836cbee118e412a9a04e79d45d5,2383d7ced6c6f4b4,148.5797,408.8177,False,True,False,1,1,0,
valid,D:\.Candra\Project\TA\02_data\raw\Sitting_posture.v17i.yolov8\valid\images\WIN_20251107_18_18_07_Pro_mp4-0064_jpg.rf.764cec8b03a80c113a69a953fffd2e7e.jpg,valid\images\WIN_20251107_18_18_07_Pro_mp4-0064_jpg.rf.764cec8b03a80c113a69a953fffd2e7e.jpg,D:\.Candra\Project\TA\02_data\raw\Sitting_posture.v17i.yolov8\valid\labels\WIN_20251107_18_18_07_Pro_mp4-0064_jpg.rf.764cec8b03a80c113a69a953fffd2e7e.txt,1280,720,79431,cb42d7d069d025da7c3b83a31e6cbad39a15a3aa2f5a87968f545578ffaee694,2383d7ced6cef4b4,148.7282,407.9196,False,True,False,1,1,0,
valid,D:\.Candra\Project\TA\02_data\raw\Sitting_posture.v17i.yolov8\valid\images\WIN_20251107_18_18_07_Pro_mp4-0065_jpg.rf.3139a3fd22523d84e441546c64f33c13.jpg,valid\images\WIN_20251107_18_18_07_Pro_mp4-0065_jpg.rf.3139a3fd22523d84e441546c64f33c13.jpg,D:\.Candra\Project\TA\02_data\raw\Sitting_posture.v17i.yolov8\valid\labels\WIN_20251107_18_18_07_Pro_mp4-0065_jpg.rf.3139a3fd22523d84e441546c64f33c13.txt,1280,720,78906,b071cd31f15cad2ae718dca64a351c51dd76c9a1c6f7218f14c4cf97f35e8699,2683d7ced6cef4b4,148.9035,404.8155,False,True,False,1,1,0,
valid,D:\.Candra\Project\TA\02_data\raw\Sitting_posture.v17i.yolov8\valid\images\WIN_20251107_18_18_07_Pro_mp4-0066_jpg.rf.5499f351ddd2105c8f41452f35e8df8f.jpg,valid\images\WIN_20251107_18_18_07_Pro_mp4-0066_jpg.rf.5499f351ddd2105c8f41452f35e8df8f.jpg,D:\.Candra\Project\TA\02_data\raw\Sitting_posture.v17i.yolov8\valid\labels\WIN_20251107_18_18_07_Pro_mp4-0066_jpg.rf.5499f351ddd2105c8f41452f35e8df8f.txt,1280,720,78310,e006ceae899b5f2220111665f8ba06d77deed4b44710e434602933e90aa2531b,2687cfced6cef4bc,149.3222,405.563,False,True,False,1,1,0,
valid,D:\.Candra\Project\TA\02_data\raw\Sitting_posture.v17i.yolov8\valid\images\WIN_20251107_18_18_07_Pro_mp4-0067_jpg.rf.e4a0dba4a7e329f76b5693c881948b45.jpg,valid\images\WIN_20251107_18_18_07_Pro_mp4-0067_jpg.rf.e4a0dba4a7e329f76b5693c881948b45.jpg,D:\.Candra\Project\TA\02_data\raw\Sitting_posture.v17i.yolov8\valid\labels\WIN_20251107_18_18_07_Pro_mp4-0067_jpg.rf.e4a0dba4a7e329f76b5693c881948b45.txt,1280,720,81162,e7dc4a2a47c3ac48f114b33466f3f3dbf811ec9515090c78e973f56088888fd7,2687cfced6cee4bc,149.3968,416.5389,False,True,False,1,1,0,
valid,D:\.Candra\Project\TA\02_data\raw\Sitting_posture.v17i.yolov8\valid\images\WIN_20251107_18_18_07_Pro_mp4-0068_jpg.rf.a257ba7eda396c5f93fc7e364fa0c444.jpg,valid\images\WIN_20251107_18_18_07_Pro_mp4-0068_jpg.rf.a257ba7eda396c5f93fc7e364fa0c444.jpg,D:\.Candra\Project\TA\02_data\raw\Sitting_posture.v17i.yolov8\valid\labels\WIN_20251107_18_18_07_Pro_mp4-0068_jpg.rf.a257ba7eda396c5f93fc7e364fa0c444.txt,1280,720,80287,8756893c933f032273dfdf5abd92c2f120976a1d7b18a744e9df412ffa6ce2c6,2687cfced6ceecbc,149.5184,411.727,False,True,False,1,1,0,
valid,D:\.Candra\Project\TA\02_data\raw\Sitting_posture.v17i.yolov8\valid\images\WIN_20251107_18_18_07_Pro_mp4-0069_jpg.rf.dbee5de70935fca0fc76bacff089f6b6.jpg,valid\images\WIN_20251107_18_18_07_Pro_mp4-0069_jpg.rf.dbee5de70935fca0fc76bacff089f6b6.jpg,D:\.Candra\Project\TA\02_data\raw\Sitting_posture.v17i.yolov8\valid\labels\WIN_20251107_18_18_07_Pro_mp4-0069_jpg.rf.dbee5de70935fca0fc76bacff089f6b6.txt,1280,720,80964,e50e61b13073edcb7d218196b9173ab6b84739c3e34158fbd45e4250be08a003,0687cfcec6ceecbc,149.6649,415.9351,False,True,False,1,1,0,
valid,D:\.Candra\Project\TA\02_data\raw\Sitting_posture.v17i.yolov8\valid\images\WIN_20251107_18_18_07_Pro_mp4-0070_jpg.rf.ea547fa1b1e09d6ecc4f29769132565e.jpg,valid\images\WIN_20251107_18_18_07_Pro_mp4-0070_jpg.rf.ea547fa1b1e09d6ecc4f29769132565e.jpg,D:\.Candra\Project\TA\02_data\raw\Sitting_posture.v17i.yolov8\valid\labels\WIN_20251107_18_18_07_Pro_mp4-0070_jpg.rf.ea547fa1b1e09d6ecc4f29769132565e.txt,1280,720,79723,7208ff915a470de575a832ba287dc068499e301a1669b7e04fd99dd1d2dbdfbf,0687cbcec6ceecbc,149.8958,404.0112,False,True,False,1,1,0,
valid,D:\.Candra\Project\TA\02_data\raw\Sitting_posture.v17i.yolov8\valid\images\WIN_20251107_18_18_07_Pro_mp4-0075_jpg.rf.f2ac3bf9b36c8b3ce9ffce09b1b5fa41.jpg,valid\images\WIN_20251107_18_18_07_Pro_mp4-0075_jpg.rf.f2ac3bf9b36c8b3ce9ffce09b1b5fa41.jpg,D:\.Candra\Project\TA\02_data\raw\Sitting_posture.v17i.yolov8\valid\labels\WIN_20251107_18_18_07_Pro_mp4-0075_jpg.rf.f2ac3bf9b36c8b3ce9ffce09b1b5fa41.txt,1280,720,82040,c498b049e0f20a1ff61da9b1207c0504c94fd8c8f525c4e333eeaba7c642eb29,0e87cbcececeecac,150.4134,498.68,False,True,False,1,1,0,
valid,D:\.Candra\Project\TA\02_data\raw\Sitting_posture.v17i.yolov8\valid\images\WIN_20251107_18_18_07_Pro_mp4-0077_jpg.rf.f6d9d1789b6cbe52d950a48be026c72b.jpg,valid\images\WIN_20251107_18_18_07_Pro_mp4-0077_jpg.rf.f6d9d1789b6cbe52d950a48be026c72b.jpg,D:\.Candra\Project\TA\02_data\raw\Sitting_posture.v17i.yolov8\valid\labels\WIN_20251107_18_18_07_Pro_mp4-0077_jpg.rf.f6d9d1789b6cbe52d950a48be026c72b.txt,1280,720,83051,bc7b570aa349cffb81f0830b76dd880cd53a9b271b16c53abbb581c802692810,0e87cbcececeecac,150.2389,506.3184,False,True,False,1,1,0,
valid,D:\.Candra\Project\TA\02_data\raw\Sitting_posture.v17i.yolov8\valid\images\WIN_20251107_18_18_07_Pro_mp4-0078_jpg.rf.f0e4a09b75e786f5cf1e0ec75a902445.jpg,valid\images\WIN_20251107_18_18_07_Pro_mp4-0078_jpg.rf.f0e4a09b75e786f5cf1e0ec75a902445.jpg,D:\.Candra\Project\TA\02_data\raw\Sitting_posture.v17i.yolov8\valid\labels\WIN_20251107_18_18_07_Pro_mp4-0078_jpg.rf.f0e4a09b75e786f5cf1e0ec75a902445.txt,1280,720,82233,710354b52ef81208848f98be0377bfe3101f7077c228848d663dd6c508755951,0e87cbcececeecac,150.2951,440.476,False,True,False,1,1,0,
valid,D:\.Candra\Project\TA\02_data\raw\Sitting_posture.v17i.yolov8\valid\images\WIN_20251107_18_18_07_Pro_mp4-0079_jpg.rf.1a347195cc274d0a3364940d51e16b5d.jpg,valid\images\WIN_20251107_18_18_07_Pro_mp4-0079_jpg.rf.1a347195cc274d0a3364940d51e16b5d.jpg,D:\.Candra\Project\TA\02_data\raw\Sitting_posture.v17i.yolov8\valid\labels\WIN_20251107_18_18_07_Pro_mp4-0079_jpg.rf.1a347195cc274d0a3364940d51e16b5d.txt,1280,720,82104,de6bb0f97a0763d1021b25de728f1999ffb8f3e94a4669e590cabaf832997a0d,0e87dbcececeecac,150.8296,437.784,False,True,False,1,1,0,
valid,D:\.Candra\Project\TA\02_data\raw\Sitting_posture.v17i.yolov8\valid\images\WIN_20251107_18_18_07_Pro_mp4-0080_jpg.rf.1eb986f1150c1131fa9245bd8a3b2118.jpg,valid\images\WIN_20251107_18_18_07_Pro_mp4-0080_jpg.rf.1eb986f1150c1131fa9245bd8a3b2118.jpg,D:\.Candra\Project\TA\02_data\raw\Sitting_posture.v17i.yolov8\valid\labels\WIN_20251107_18_18_07_Pro_mp4-0080_jpg.rf.1eb986f1150c1131fa9245bd8a3b2118.txt,1280,720,79773,946fd13fc84beac43fa24867d0ea72f31a19f7f71791d04c6bf6ab9234147d6d,0e8fdbcececeecac,151.3194,457.1668,False,True,False,1,1,0,
valid,D:\.Candra\Project\TA\02_data\raw\Sitting_posture.v17i.yolov8\valid\images\WIN_20251107_18_18_07_Pro_mp4-0081_jpg.rf.2ea171797885930bff44d3ad5388ddb7.jpg,valid\images\WIN_20251107_18_18_07_Pro_mp4-0081_jpg.rf.2ea171797885930bff44d3ad5388ddb7.jpg,D:\.Candra\Project\TA\02_data\raw\Sitting_posture.v17i.yolov8\valid\labels\WIN_20251107_18_18_07_Pro_mp4-0081_jpg.rf.2ea171797885930bff44d3ad5388ddb7.txt,1280,720,80742,b3eb074b687d5d162f6c0dce78ad0fa2c162fa8f0f74467259a6a84fe4c90439,0e8ddbcececeecac,151.9648,437.1892,False,True,False,1,1,0,
valid,D:\.Candra\Project\TA\02_data\raw\Sitting_posture.v17i.yolov8\valid\images\WIN_20251107_18_18_07_Pro_mp4-0082_jpg.rf.590a966444ed66a64fd44d5c56c43b85.jpg,valid\images\WIN_20251107_18_18_07_Pro_mp4-0082_jpg.rf.590a966444ed66a64fd44d5c56c43b85.jpg,D:\.Candra\Project\TA\02_data\raw\Sitting_posture.v17i.yolov8\valid\labels\WIN_20251107_18_18_07_Pro_mp4-0082_jpg.rf.590a966444ed66a64fd44d5c56c43b85.txt,1280,720,78424,752618c7a76f6eb4f1ef18f01d0e6ea7397c7b7ac959aa9081c0fa0595c065b7,0e8ddbcececeecac,152.7178,408.1014,False,True,False,1,1,0,
valid,D:\.Candra\Project\TA\02_data\raw\Sitting_posture.v17i.yolov8\valid\images\WIN_20251107_18_18_07_Pro_mp4-0084_jpg.rf.4ddec2fe4c19d04cc5445e61c32388eb.jpg,valid\images\WIN_20251107_18_18_07_Pro_mp4-0084_jpg.rf.4ddec2fe4c19d04cc5445e61c32388eb.jpg,D:\.Candra\Project\TA\02_data\raw\Sitting_posture.v17i.yolov8\valid\labels\WIN_20251107_18_18_07_Pro_mp4-0084_jpg.rf.4ddec2fe4c19d04cc5445e61c32388eb.txt,1280,720,78009,36fbf80e33551b0a9562b70141141f8376cb853838dea02bc0558e5a93bb3dec,0e8ddfcececeecac,153.9651,405.1246,False,True,False,1,1,0,
valid,D:\.Candra\Project\TA\02_data\raw\Sitting_posture.v17i.yolov8\valid\images\WIN_20251107_18_18_07_Pro_mp4-0087_jpg.rf.868a133ae66feb3d87d982c1b65f8c02.jpg,valid\images\WIN_20251107_18_18_07_Pro_mp4-0087_jpg.rf.868a133ae66feb3d87d982c1b65f8c02.jpg,D:\.Candra\Project\TA\02_data\raw\Sitting_posture.v17i.yolov8\valid\labels\WIN_20251107_18_18_07_Pro_mp4-0087_jpg.rf.868a133ae66feb3d87d982c1b65f8c02.txt,1280,720,81893,b93fdcf1443b221661766d918e02823dc5b3ae0cc1b75b72a7805217472e820e,0e8ddfcececeedac,153.1613,503.4643,False,True,False,1,1,0,
valid,D:\.Candra\Project\TA\02_data\raw\Sitting_posture.v17i.yolov8\valid\images\WIN_20251107_18_18_07_Pro_mp4-0091_jpg.rf.4a933e28dd354d66166c222bd17aa174.jpg,valid\images\WIN_20251107_18_18_07_Pro_mp4-0091_jpg.rf.4a933e28dd354d66166c222bd17aa174.jpg,D:\.Candra\Project\TA\02_data\raw\Sitting_posture.v17i.yolov8\valid\labels\WIN_20251107_18_18_07_Pro_mp4-0091_jpg.rf.4a933e28dd354d66166c222bd17aa174.txt,1280,720,82555,2870abb4b643e66530acb6da48e6b5b757f2c994a5f338f5982dc60006f2bce1,0e8ddfcececeedac,151.0374,502.5975,False,True,False,1,1,0,
valid,D:\.Candra\Project\TA\02_data\raw\Sitting_posture.v17i.yolov8\valid\images\WIN_20251107_18_18_07_Pro_mp4-0092_jpg.rf.6d8e0e7ce6dfc75062276d65199e202b.jpg,valid\images\WIN_20251107_18_18_07_Pro_mp4-0092_jpg.rf.6d8e0e7ce6dfc75062276d65199e202b.jpg,D:\.Candra\Project\TA\02_data\raw\Sitting_posture.v17i.yolov8\valid\labels\WIN_20251107_18_18_07_Pro_mp4-0092_jpg.rf.6d8e0e7ce6dfc75062276d65199e202b.txt,1280,720,83243,2def6165c7eacda9836845d827aa94788912c1f37a0207e9b258f861ead54988,0e8ddfcececeedac,150.8671,519.7267,False,True,False,1,1,0,
valid,D:\.Candra\Project\TA\02_data\raw\Sitting_posture.v17i.yolov8\valid\images\WIN_20251107_18_18_07_Pro_mp4-0094_jpg.rf.dd15d5e498fb2c6c5af6aff7205b7bfa.jpg,valid\images\WIN_20251107_18_18_07_Pro_mp4-0094_jpg.rf.dd15d5e498fb2c6c5af6aff7205b7bfa.jpg,D:\.Candra\Project\TA\02_data\raw\Sitting_posture.v17i.yolov8\valid\labels\WIN_20251107_18_18_07_Pro_mp4-0094_jpg.rf.dd15d5e498fb2c6c5af6aff7205b7bfa.txt,1280,720,80960,d7d1d438c67826f5129af8b98fe13358e6f9e48137391d3349e01a92b6e67818,0e8ddfcececeedac,151.1449,435.1235,False,True,False,1,1,0,
valid,D:\.Candra\Project\TA\02_data\raw\Sitting_posture.v17i.yolov8\valid\images\WIN_20251107_18_18_07_Pro_mp4-0096_jpg.rf.853e359be7493cb6fa75219cf1727fed.jpg,valid\images\WIN_20251107_18_18_07_Pro_mp4-0096_jpg.rf.853e359be7493cb6fa75219cf1727fed.jpg,D:\.Candra\Project\TA\02_data\raw\Sitting_posture.v17i.yolov8\valid\labels\WIN_20251107_18_18_07_Pro_mp4-0096_jpg.rf.853e359be7493cb6fa75219cf1727fed.txt,1280,720,80772,0b480c3451895090b9ac03240b92dcb8c96ed689f9bafb27e5dac02b3207ba84,0e8ddfcececeedac,152.5157,409.6748,False,True,False,1,1,0,
valid,D:\.Candra\Project\TA\02_data\raw\Sitting_posture.v17i.yolov8\valid\images\WIN_20251107_18_18_07_Pro_mp4-0099_jpg.rf.b3baba64f0e80449f236d5cbaeb0c84e.jpg,valid\images\WIN_20251107_18_18_07_Pro_mp4-0099_jpg.rf.b3baba64f0e80449f236d5cbaeb0c84e.jpg,D:\.Candra\Project\TA\02_data\raw\Sitting_posture.v17i.yolov8\valid\labels\WIN_20251107_18_18_07_Pro_mp4-0099_jpg.rf.b3baba64f0e80449f236d5cbaeb0c84e.txt,1280,720,75659,5c73ac5c6a8381086055670d4c147730971e00b9a14edc6a575ce678ff6ceea6,1e8ddfdecececda8,155.1336,371.2262,False,True,False,1,1,0,
valid,D:\.Candra\Project\TA\02_data\raw\Sitting_posture.v17i.yolov8\valid\images\WIN_20251107_18_18_07_Pro_mp4-0100_jpg.rf.41337bf3575f985596ce427d8776978d.jpg,valid\images\WIN_20251107_18_18_07_Pro_mp4-0100_jpg.rf.41337bf3575f985596ce427d8776978d.jpg,D:\.Candra\Project\TA\02_data\raw\Sitting_posture.v17i.yolov8\valid\labels\WIN_20251107_18_18_07_Pro_mp4-0100_jpg.rf.41337bf3575f985596ce427d8776978d.txt,1280,720,75390,17f5c4c8e8a10bc92d8f9ba975904f28a6072655b3859b5b88341e224a496abc,1e9d9fdececedda8,156.2483,364.3848,False,True,False,1,1,0,
valid,D:\.Candra\Project\TA\02_data\raw\Sitting_posture.v17i.yolov8\valid\images\WIN_20251107_18_18_07_Pro_mp4-0101_jpg.rf.90ae234cfd0168f56e271f4d67dcbffd.jpg,valid\images\WIN_20251107_18_18_07_Pro_mp4-0101_jpg.rf.90ae234cfd0168f56e271f4d67dcbffd.jpg,D:\.Candra\Project\TA\02_data\raw\Sitting_posture.v17i.yolov8\valid\labels\WIN_20251107_18_18_07_Pro_mp4-0101_jpg.rf.90ae234cfd0168f56e271f4d67dcbffd.txt,1280,720,75109,822436d3594de84de8a19f132020d57f23f043fbf74c66010a4f5e78d39f0eb9,1e9d9fdedeced9f8,156.7858,357.5531,False,True,False,1,1,0,
valid,D:\.Candra\Project\TA\02_data\raw\Sitting_posture.v17i.yolov8\valid\images\WIN_20251107_18_18_07_Pro_mp4-0102_jpg.rf.0fb8e55b436ab7baa7650d044027f9f6.jpg,valid\images\WIN_20251107_18_18_07_Pro_mp4-0102_jpg.rf.0fb8e55b436ab7baa7650d044027f9f6.jpg,D:\.Candra\Project\TA\02_data\raw\Sitting_posture.v17i.yolov8\valid\labels\WIN_20251107_18_18_07_Pro_mp4-0102_jpg.rf.0fb8e55b436ab7baa7650d044027f9f6.txt,1280,720,75823,d07040e18f3516c3e88f4c4d0864b5086a3eb9263a2a058454088520f3fc9277,3e9d9fdedeced9f9,156.8576,361.0076,False,True,False,1,1,0,
valid,D:\.Candra\Project\TA\02_data\raw\Sitting_posture.v17i.yolov8\valid\images\WIN_20251107_18_18_07_Pro_mp4-0104_jpg.rf.e72d26cdc97ae5982aab6b147c78de94.jpg,valid\images\WIN_20251107_18_18_07_Pro_mp4-0104_jpg.rf.e72d26cdc97ae5982aab6b147c78de94.jpg,D:\.Candra\Project\TA\02_data\raw\Sitting_posture.v17i.yolov8\valid\labels\WIN_20251107_18_18_07_Pro_mp4-0104_jpg.rf.e72d26cdc97ae5982aab6b147c78de94.txt,1280,720,74866,c3d52e1ad2b6f3fb099c8737b250a7c6df8875d36808b02ced5c96c631b3e7ec,3e9d9f9edeced9f9,156.3219,372.4951,False,True,False,1,1,0,
valid,D:\.Candra\Project\TA\02_data\raw\Sitting_posture.v17i.yolov8\valid\images\WIN_20251107_18_18_07_Pro_mp4-0106_jpg.rf.3dc9189c4acc7a1a1e80242f1243411b.jpg,valid\images\WIN_20251107_18_18_07_Pro_mp4-0106_jpg.rf.3dc9189c4acc7a1a1e80242f1243411b.jpg,D:\.Candra\Project\TA\02_data\raw\Sitting_posture.v17i.yolov8\valid\labels\WIN_20251107_18_18_07_Pro_mp4-0106_jpg.rf.3dc9189c4acc7a1a1e80242f1243411b.txt,1280,720,73523,e7e7556aa5a1f54048fbe927776277a42ca5bb84d223297be2f1acc3c39633b8,3e9d9fbe9eced9f9,155.9183,334.7095,False,True,False,1,1,0,
valid,D:\.Candra\Project\TA\02_data\raw\Sitting_posture.v17i.yolov8\valid\images\WIN_20251107_18_18_07_Pro_mp4-0107_jpg.rf.9d44cb6317f9defc077a011e900e7f72.jpg,valid\images\WIN_20251107_18_18_07_Pro_mp4-0107_jpg.rf.9d44cb6317f9defc077a011e900e7f72.jpg,D:\.Candra\Project\TA\02_data\raw\Sitting_posture.v17i.yolov8\valid\labels\WIN_20251107_18_18_07_Pro_mp4-0107_jpg.rf.9d44cb6317f9defc077a011e900e7f72.txt,1280,720,73704,01fbef379cdd8156dfa7b180821cf8a4ee13729932caa79cb56ddd10502acf18,3e9dbf3ebeced9f9,155.6285,329.1277,False,True,False,1,1,0,
valid,D:\.Candra\Project\TA\02_data\raw\Sitting_posture.v17i.yolov8\valid\images\WIN_20251107_18_18_07_Pro_mp4-0109_jpg.rf.1d3ddd69cadc622a5156c1aef3bad0eb.jpg,valid\images\WIN_20251107_18_18_07_Pro_mp4-0109_jpg.rf.1d3ddd69cadc622a5156c1aef3bad0eb.jpg,D:\.Candra\Project\TA\02_data\raw\Sitting_posture.v17i.yolov8\valid\labels\WIN_20251107_18_18_07_Pro_mp4-0109_jpg.rf.1d3ddd69cadc622a5156c1aef3bad0eb.txt,1280,720,74918,b0a3df33ecc4158ea25c68b31414fdc7e6729008845a9b8025c2ccf0682f9fab,3e9d3f3e3adadbf1,155.1319,333.7917,False,True,False,1,1,0,
valid,D:\.Candra\Project\TA\02_data\raw\Sitting_posture.v17i.yolov8\valid\images\WIN_20251107_18_18_07_Pro_mp4-0111_jpg.rf.a91c4ed0a08722cf25a753d9def2dafc.jpg,valid\images\WIN_20251107_18_18_07_Pro_mp4-0111_jpg.rf.a91c4ed0a08722cf25a753d9def2dafc.jpg,D:\.Candra\Project\TA\02_data\raw\Sitting_posture.v17i.yolov8\valid\labels\WIN_20251107_18_18_07_Pro_mp4-0111_jpg.rf.a91c4ed0a08722cf25a753d9def2dafc.txt,1280,720,76767,b01c96648a4a6b0509ea91f85cb17a93cdf6342498fa5d9ff2ef6e475864e1e7,3e9d3f3e3adad3f1,154.3967,347.6914,False,True,False,1,1,0,
valid,D:\.Candra\Project\TA\02_data\raw\Sitting_posture.v17i.yolov8\valid\images\WIN_20251107_18_18_07_Pro_mp4-0113_jpg.rf.e8ed08c4d0279d52aeed57d027fc7044.jpg,valid\images\WIN_20251107_18_18_07_Pro_mp4-0113_jpg.rf.e8ed08c4d0279d52aeed57d027fc7044.jpg,D:\.Candra\Project\TA\02_data\raw\Sitting_posture.v17i.yolov8\valid\labels\WIN_20251107_18_18_07_Pro_mp4-0113_jpg.rf.e8ed08c4d0279d52aeed57d027fc7044.txt,1280,720,79054,4eb847df3c77c2ef8304d80a4f8502f1f914cde7edf15aa12130333622690f12,3e9d3f3e3adad3f1,153.2776,412.9264,False,True,False,1,1,0,
valid,D:\.Candra\Project\TA\02_data\raw\Sitting_posture.v17i.yolov8\valid\images\WIN_20251107_18_18_07_Pro_mp4-0116_jpg.rf.598aa039975b93707d5d607244a17988.jpg,valid\images\WIN_20251107_18_18_07_Pro_mp4-0116_jpg.rf.598aa039975b93707d5d607244a17988.jpg,D:\.Candra\Project\TA\02_data\raw\Sitting_posture.v17i.yolov8\valid\labels\WIN_20251107_18_18_07_Pro_mp4-0116_jpg.rf.598aa039975b93707d5d607244a17988.txt,1280,720,77475,62db35a34be08209ce68f4e663432b793fc146e65ac4b15e3db6c5dee31b1fd5,3e9d3f3e3adad3f1,151.8184,396.0869,False,True,False,1,1,0,
valid,D:\.Candra\Project\TA\02_data\raw\Sitting_posture.v17i.yolov8\valid\images\WIN_20251107_18_18_07_Pro_mp4-0121_jpg.rf.37e8d5f1651e287804a5f09cafffdcc4.jpg,valid\images\WIN_20251107_18_18_07_Pro_mp4-0121_jpg.rf.37e8d5f1651e287804a5f09cafffdcc4.jpg,D:\.Candra\Project\TA\02_data\raw\Sitting_posture.v17i.yolov8\valid\labels\WIN_20251107_18_18_07_Pro_mp4-0121_jpg.rf.37e8d5f1651e287804a5f09cafffdcc4.txt,1280,720,76221,9c28ee9d1f48d684141d9910f188a0959538e0d6196653274adc53ad1f25985f,3e9dbf3ebadedbf9,153.2686,353.0344,False,True,False,1,1,0,
valid,D:\.Candra\Project\TA\02_data\raw\Sitting_posture.v17i.yolov8\valid\images\WIN_20251107_18_18_07_Pro_mp4-0123_jpg.rf.8e0271489e134e9722b4a5f45e0b672b.jpg,valid\images\WIN_20251107_18_18_07_Pro_mp4-0123_jpg.rf.8e0271489e134e9722b4a5f45e0b672b.jpg,D:\.Candra\Project\TA\02_data\raw\Sitting_posture.v17i.yolov8\valid\labels\WIN_20251107_18_18_07_Pro_mp4-0123_jpg.rf.8e0271489e134e9722b4a5f45e0b672b.txt,1280,720,74627,0dc7c74b7ae08b45f66f453e5e02f6388e41b91535cc46b9f13013bf2b38e34f,3e9d9f9edaced9f9,153.643,344.4499,False,True,False,1,1,0,
valid,D:\.Candra\Project\TA\02_data\raw\Sitting_posture.v17i.yolov8\valid\images\WIN_20251107_18_18_07_Pro_mp4-0125_jpg.rf.c7e5f3bf8df9b3e27283e67894c5673c.jpg,valid\images\WIN_20251107_18_18_07_Pro_mp4-0125_jpg.rf.c7e5f3bf8df9b3e27283e67894c5673c.jpg,D:\.Candra\Project\TA\02_data\raw\Sitting_posture.v17i.yolov8\valid\labels\WIN_20251107_18_18_07_Pro_mp4-0125_jpg.rf.c7e5f3bf8df9b3e27283e67894c5673c.txt,1280,720,76301,b36b8e1d966805a3442935569adaa58af8539dd2d1445e3a956357485a4a7af4,3e9d9fdedaced9f9,153.8188,360.5887,False,True,False,1,1,0,
valid,D:\.Candra\Project\TA\02_data\raw\Sitting_posture.v17i.yolov8\valid\images\WIN_20251107_18_18_07_Pro_mp4-0127_jpg.rf.75acf842e7d15a0adf8f7df90a84bb90.jpg,valid\images\WIN_20251107_18_18_07_Pro_mp4-0127_jpg.rf.75acf842e7d15a0adf8f7df90a84bb90.jpg,D:\.Candra\Project\TA\02_data\raw\Sitting_posture.v17i.yolov8\valid\labels\WIN_20251107_18_18_07_Pro_mp4-0127_jpg.rf.75acf842e7d15a0adf8f7df90a84bb90.txt,1280,720,77190,a5c0f2118637c0681662d403fc312f6f6ed3ff5243e3a259cfb00533e6d2bcda,1e9d9fdedeced9f9,154.0339,379.3968,False,True,False,1,1,0,
valid,D:\.Candra\Project\TA\02_data\raw\Sitting_posture.v17i.yolov8\valid\images\WIN_20251107_18_18_07_Pro_mp4-0132_jpg.rf.cd520ea3dd070b9acdf5ac2b188050ea.jpg,valid\images\WIN_20251107_18_18_07_Pro_mp4-0132_jpg.rf.cd520ea3dd070b9acdf5ac2b188050ea.jpg,D:\.Candra\Project\TA\02_data\raw\Sitting_posture.v17i.yolov8\valid\labels\WIN_20251107_18_18_07_Pro_mp4-0132_jpg.rf.cd520ea3dd070b9acdf5ac2b188050ea.txt,1280,720,77925,de4edf5545112052faf3f0369941ade47419c59ca5f68784a46364ff258f23a0,0e8ddbcecececcac,151.9634,400.818,False,True,False,1,1,0,
valid,D:\.Candra\Project\TA\02_data\raw\Sitting_posture.v17i.yolov8\valid\images\WIN_20251107_18_18_07_Pro_mp4-0135_jpg.rf.25ce9b4f3b85472673a22781dd933439.jpg,valid\images\WIN_20251107_18_18_07_Pro_mp4-0135_jpg.rf.25ce9b4f3b85472673a22781dd933439.jpg,D:\.Candra\Project\TA\02_data\raw\Sitting_posture.v17i.yolov8\valid\labels\WIN_20251107_18_18_07_Pro_mp4-0135_jpg.rf.25ce9b4f3b85472673a22781dd933439.txt,1280,720,82435,d82f953e48f03b616213ebbcbe53d2e5ead02311a435fe4bc1b1ad8317fb6a6b,0e8ddbcecececcac,151.6122,468.295,False,True,False,1,1,0,
valid,D:\.Candra\Project\TA\02_data\raw\Sitting_posture.v17i.yolov8\valid\images\WIN_20251107_18_18_07_Pro_mp4-0137_jpg.rf.cb0124ed3c1adaf228f258d99071e49e.jpg,valid\images\WIN_20251107_18_18_07_Pro_mp4-0137_jpg.rf.cb0124ed3c1adaf228f258d99071e49e.jpg,D:\.Candra\Project\TA\02_data\raw\Sitting_posture.v17i.yolov8\valid\labels\WIN_20251107_18_18_07_Pro_mp4-0137_jpg.rf.cb0124ed3c1adaf228f258d99071e49e.txt,1280,720,82407,229868f2da459da61dfc57a50fdf7cf643fc27ee78fab92bf6cc63ef5b3be0e9,0e8ddbcecececcac,151.561,509.1354,False,True,False,1,1,0,
valid,D:\.Candra\Project\TA\02_data\raw\Sitting_posture.v17i.yolov8\valid\images\WIN_20251107_18_18_07_Pro_mp4-0139_jpg.rf.e7cad973b6f64c8ad748c5a3e3c471f6.jpg,valid\images\WIN_20251107_18_18_07_Pro_mp4-0139_jpg.rf.e7cad973b6f64c8ad748c5a3e3c471f6.jpg,D:\.Candra\Project\TA\02_data\raw\Sitting_posture.v17i.yolov8\valid\labels\WIN_20251107_18_18_07_Pro_mp4-0139_jpg.rf.e7cad973b6f64c8ad748c5a3e3c471f6.txt,1280,720,81487,aae1e9e57de6682ec3aa9e91ea4d3559a048e4253216b71914e26fd563da2696,0e8ddbcecececcac,151.7325,494.5499,False,True,False,1,1,0,
valid,D:\.Candra\Project\TA\02_data\raw\Sitting_posture.v17i.yolov8\valid\images\WIN_20251107_18_18_07_Pro_mp4-0142_jpg.rf.8cac118c7d67408cca5abfc58e26815c.jpg,valid\images\WIN_20251107_18_18_07_Pro_mp4-0142_jpg.rf.8cac118c7d67408cca5abfc58e26815c.jpg,D:\.Candra\Project\TA\02_data\raw\Sitting_posture.v17i.yolov8\valid\labels\WIN_20251107_18_18_07_Pro_mp4-0142_jpg.rf.8cac118c7d67408cca5abfc58e26815c.txt,1280,720,79684,16d43dcac1a3ee3d8f7f4338878ea9709fd0922f6e79efc13508dd137f3e1ad9,0e8ddbcecececcac,151.6781,434.633,False,True,False,1,1,0,
valid,D:\.Candra\Project\TA\02_data\raw\Sitting_posture.v17i.yolov8\valid\images\WIN_20251107_18_18_07_Pro_mp4-0146_jpg.rf.fb44ed35d3356c71c1ad677163f0127e.jpg,valid\images\WIN_20251107_18_18_07_Pro_mp4-0146_jpg.rf.fb44ed35d3356c71c1ad677163f0127e.jpg,D:\.Candra\Project\TA\02_data\raw\Sitting_posture.v17i.yolov8\valid\labels\WIN_20251107_18_18_07_Pro_mp4-0146_jpg.rf.fb44ed35d3356c71c1ad677163f0127e.txt,1280,720,78629,580010da112e838dd87b34b8be4275d3306ffda9f3806890e43b7a45e2b6ab74,0687cbcececeecac,150.6809,412.0177,False,True,False,1,1,0,
valid,D:\.Candra\Project\TA\02_data\raw\Sitting_posture.v17i.yolov8\valid\images\WIN_20251107_18_18_07_Pro_mp4-0151_jpg.rf.8f3003420db594d132b65407827d2196.jpg,valid\images\WIN_20251107_18_18_07_Pro_mp4-0151_jpg.rf.8f3003420db594d132b65407827d2196.jpg,D:\.Candra\Project\TA\02_data\raw\Sitting_posture.v17i.yolov8\valid\labels\WIN_20251107_18_18_07_Pro_mp4-0151_jpg.rf.8f3003420db594d132b65407827d2196.txt,1280,720,81120,f1a54d1b2293025756871cb74bb8a21c85595335c35db253bfc6355b9d0bc7e8,0697cbcecececcac,150.3325,440.2908,False,True,False,1,1,0,
valid,D:\.Candra\Project\TA\02_data\raw\Sitting_posture.v17i.yolov8\valid\images\WIN_20251107_18_18_07_Pro_mp4-0152_jpg.rf.3506ebf9c5b7a75e0bab8a0aa87dc704.jpg,valid\images\WIN_20251107_18_18_07_Pro_mp4-0152_jpg.rf.3506ebf9c5b7a75e0bab8a0aa87dc704.jpg,D:\.Candra\Project\TA\02_data\raw\Sitting_posture.v17i.yolov8\valid\labels\WIN_20251107_18_18_07_Pro_mp4-0152_jpg.rf.3506ebf9c5b7a75e0bab8a0aa87dc704.txt,1280,720,81882,dba252eece97eae80479c2503abfbc1a41a21992afb91f4066892f3f8d8adcde,0687cbcececeecac,149.9573,521.8903,False,True,False,1,1,0,
valid,D:\.Candra\Project\TA\02_data\raw\Sitting_posture.v17i.yolov8\valid\images\WIN_20251107_18_18_07_Pro_mp4-0155_jpg.rf.25423d9bfea23d9ae5d7e51c3f216d9d.jpg,valid\images\WIN_20251107_18_18_07_Pro_mp4-0155_jpg.rf.25423d9bfea23d9ae5d7e51c3f216d9d.jpg,D:\.Candra\Project\TA\02_data\raw\Sitting_posture.v17i.yolov8\valid\labels\WIN_20251107_18_18_07_Pro_mp4-0155_jpg.rf.25423d9bfea23d9ae5d7e51c3f216d9d.txt,1280,720,82641,89c362001567eb12cfac45d6d6365865df870854538e07fe914c539dc1047c7d,0687cbcececeecac,150.1648,500.8995,False,True,False,1,1,0,
valid,D:\.Candra\Project\TA\02_data\raw\Sitting_posture.v17i.yolov8\valid\images\WIN_20251107_18_18_07_Pro_mp4-0156_jpg.rf.78e4e5170da5070e7b64fbb56ac9ec1c.jpg,valid\images\WIN_20251107_18_18_07_Pro_mp4-0156_jpg.rf.78e4e5170da5070e7b64fbb56ac9ec1c.jpg,D:\.Candra\Project\TA\02_data\raw\Sitting_posture.v17i.yolov8\valid\labels\WIN_20251107_18_18_07_Pro_mp4-0156_jpg.rf.78e4e5170da5070e7b64fbb56ac9ec1c.txt,1280,720,82396,4396f9aec6fa4912935ac9a2a6cbdfcd051a90e1a8cf50f371ed14dcfb1eb6a8,0687cbcececeecac,150.1248,497.2568,False,True,False,1,1,0,
valid,D:\.Candra\Project\TA\02_data\raw\Sitting_posture.v17i.yolov8\valid\images\WIN_20251107_18_18_07_Pro_mp4-0157_jpg.rf.b4a7d317621d8a98a41be47ce851e068.jpg,valid\images\WIN_20251107_18_18_07_Pro_mp4-0157_jpg.rf.b4a7d317621d8a98a41be47ce851e068.jpg,D:\.Candra\Project\TA\02_data\raw\Sitting_posture.v17i.yolov8\valid\labels\WIN_20251107_18_18_07_Pro_mp4-0157_jpg.rf.b4a7d317621d8a98a41be47ce851e068.txt,1280,720,79867,255a8a0d20c3528aee436134573baae3764639e7efa5072e5d47f46cb3999c74,0687cbcececeecac,150.1438,424.2208,False,True,False,1,1,0,
valid,D:\.Candra\Project\TA\02_data\raw\Sitting_posture.v17i.yolov8\valid\images\WIN_20251107_18_18_07_Pro_mp4-0160_jpg.rf.7ef85cebe6b154bf37f4c32ece80ee73.jpg,valid\images\WIN_20251107_18_18_07_Pro_mp4-0160_jpg.rf.7ef85cebe6b154bf37f4c32ece80ee73.jpg,D:\.Candra\Project\TA\02_data\raw\Sitting_posture.v17i.yolov8\valid\labels\WIN_20251107_18_18_07_Pro_mp4-0160_jpg.rf.7ef85cebe6b154bf37f4c32ece80ee73.txt,1280,720,81355,2beea5f822b648fc54cb2acd4bf8b8b7ccdbdc9dd33e87339e3ad9f2b046bfc6,0687cbcececeecac,150.6805,446.1532,False,True,False,1,1,0,
valid,D:\.Candra\Project\TA\02_data\raw\Sitting_posture.v17i.yolov8\valid\images\WIN_20251107_18_18_07_Pro_mp4-0161_jpg.rf.5bdea5afcc7687fb8d9cb4f76313e9ac.jpg,valid\images\WIN_20251107_18_18_07_Pro_mp4-0161_jpg.rf.5bdea5afcc7687fb8d9cb4f76313e9ac.jpg,D:\.Candra\Project\TA\02_data\raw\Sitting_posture.v17i.yolov8\valid\labels\WIN_20251107_18_18_07_Pro_mp4-0161_jpg.rf.5bdea5afcc7687fb8d9cb4f76313e9ac.txt,1280,720,80739,068dbef356db1ef0fd6ca5e88dca674576d0125ca34f5431ba9eeab6856e2c87,0e87cbcececeecac,150.7779,447.0663,False,True,False,1,1,0,
valid,D:\.Candra\Project\TA\02_data\raw\Sitting_posture.v17i.yolov8\valid\images\WIN_20251107_18_18_07_Pro_mp4-0162_jpg.rf.a0bc35d6ffd551ec913c1b22974fe6f2.jpg,valid\images\WIN_20251107_18_18_07_Pro_mp4-0162_jpg.rf.a0bc35d6ffd551ec913c1b22974fe6f2.jpg,D:\.Candra\Project\TA\02_data\raw\Sitting_posture.v17i.yolov8\valid\labels\WIN_20251107_18_18_07_Pro_mp4-0162_jpg.rf.a0bc35d6ffd551ec913c1b22974fe6f2.txt,1280,720,79363,99f3a1be0fd5387ca142a6065a489e1334ad7a66f395a1a24d1174f57676d0cf,0e87dbcececeecac,150.9397,443.063,False,True,False,1,1,0,
valid,D:\.Candra\Project\TA\02_data\raw\Sitting_posture.v17i.yolov8\valid\images\WIN_20251107_18_18_07_Pro_mp4-0163_jpg.rf.5823a59e7d3a57e87fa2467693252c6b.jpg,valid\images\WIN_20251107_18_18_07_Pro_mp4-0163_jpg.rf.5823a59e7d3a57e87fa2467693252c6b.jpg,D:\.Candra\Project\TA\02_data\raw\Sitting_posture.v17i.yolov8\valid\labels\WIN_20251107_18_18_07_Pro_mp4-0163_jpg.rf.5823a59e7d3a57e87fa2467693252c6b.txt,1280,720,79155,3d4e28df6a6561b71aa9a4ec9dd89e351a3b3ef213f1655d0a613c2679d2490d,0e87dbcececeecac,151.0495,435.8092,False,True,False,1,1,0,
valid,D:\.Candra\Project\TA\02_data\raw\Sitting_posture.v17i.yolov8\valid\images\WIN_20251107_18_18_07_Pro_mp4-0164_jpg.rf.2aea22ba6583ba126567a8e42ebec1f3.jpg,valid\images\WIN_20251107_18_18_07_Pro_mp4-0164_jpg.rf.2aea22ba6583ba126567a8e42ebec1f3.jpg,D:\.Candra\Project\TA\02_data\raw\Sitting_posture.v17i.yolov8\valid\labels\WIN_20251107_18_18_07_Pro_mp4-0164_jpg.rf.2aea22ba6583ba126567a8e42ebec1f3.txt,1280,720,81040,938f361f628fe930752b17dbb05d086cf4b3d3c6a45a49542c9e05111c83b5d5,0e87dbcececeecac,151.1052,493.24,False,True,False,1,1,0,
valid,D:\.Candra\Project\TA\02_data\raw\Sitting_posture.v17i.yolov8\valid\images\WIN_20251107_18_18_07_Pro_mp4-0166_jpg.rf.2aaca28235ec9a3f4514a51624165540.jpg,valid\images\WIN_20251107_18_18_07_Pro_mp4-0166_jpg.rf.2aaca28235ec9a3f4514a51624165540.jpg,D:\.Candra\Project\TA\02_data\raw\Sitting_posture.v17i.yolov8\valid\labels\WIN_20251107_18_18_07_Pro_mp4-0166_jpg.rf.2aaca28235ec9a3f4514a51624165540.txt,1280,720,84150,883efbd70cda973d44fad9e8fd067bbbe4fbdf8c2a19dac336c99f54322bac30,0e87dbcececeecac,151.4567,515.4443,False,True,False,1,1,0,
valid,D:\.Candra\Project\TA\02_data\raw\Sitting_posture.v17i.yolov8\valid\images\WIN_20251107_18_18_07_Pro_mp4-0167_jpg.rf.f5206b8f5ad644721583be0a50df0e6e.jpg,valid\images\WIN_20251107_18_18_07_Pro_mp4-0167_jpg.rf.f5206b8f5ad644721583be0a50df0e6e.jpg,D:\.Candra\Project\TA\02_data\raw\Sitting_posture.v17i.yolov8\valid\labels\WIN_20251107_18_18_07_Pro_mp4-0167_jpg.rf.f5206b8f5ad644721583be0a50df0e6e.txt,1280,720,83062,193d5aa3c70e881a117ac8daf28eb57dc67b646cb340724b1ea67ca4d7166499,0e87dbcececeecac,151.911,511.0837,False,True,False,1,1,0,
valid,D:\.Candra\Project\TA\02_data\raw\Sitting_posture.v17i.yolov8\valid\images\WIN_20251107_18_18_07_Pro_mp4-0169_jpg.rf.1cd0a6e42996e3b08ca791ce4413f294.jpg,valid\images\WIN_20251107_18_18_07_Pro_mp4-0169_jpg.rf.1cd0a6e42996e3b08ca791ce4413f294.jpg,D:\.Candra\Project\TA\02_data\raw\Sitting_posture.v17i.yolov8\valid\labels\WIN_20251107_18_18_07_Pro_mp4-0169_jpg.rf.1cd0a6e42996e3b08ca791ce4413f294.txt,1280,720,76729,614d5e3e207fa4b64f724ac3f48fbfb973b1c2a8cf975bbf0c60464b44965f8f,0e8ddbcececeecac,152.9729,415.9545,False,True,False,1,1,0,
valid,D:\.Candra\Project\TA\02_data\raw\Sitting_posture.v17i.yolov8\valid\images\WIN_20251107_18_18_07_Pro_mp4-0170_jpg.rf.a7d20425ee07d53b28d10c5d3d9975e6.jpg,valid\images\WIN_20251107_18_18_07_Pro_mp4-0170_jpg.rf.a7d20425ee07d53b28d10c5d3d9975e6.jpg,D:\.Candra\Project\TA\02_data\raw\Sitting_posture.v17i.yolov8\valid\labels\WIN_20251107_18_18_07_Pro_mp4-0170_jpg.rf.a7d20425ee07d53b28d10c5d3d9975e6.txt,1280,720,77962,6a34db13e9e459de21e0086ba3d94249a2de1ab177fedfb430f23921c783ade9,0e8ddbcecececcac,152.8657,407.1428,False,True,False,1,1,0,
valid,D:\.Candra\Project\TA\02_data\raw\Sitting_posture.v17i.yolov8\valid\images\WIN_20251107_18_18_07_Pro_mp4-0171_jpg.rf.c1ae8f421d551abea028266b37034e0d.jpg,valid\images\WIN_20251107_18_18_07_Pro_mp4-0171_jpg.rf.c1ae8f421d551abea028266b37034e0d.jpg,D:\.Candra\Project\TA\02_data\raw\Sitting_posture.v17i.yolov8\valid\labels\WIN_20251107_18_18_07_Pro_mp4-0171_jpg.rf.c1ae8f421d551abea028266b37034e0d.txt,1280,720,77301,fa67cc8f7a8406e8396fe187ca7659e9e85b0f09117b6b4d13ce1fb7681b05a1,0e8ddfcecececdac,152.7816,391.4047,False,True,False,1,1,0,
valid,D:\.Candra\Project\TA\02_data\raw\Sitting_posture.v17i.yolov8\valid\images\WIN_20251107_18_18_07_Pro_mp4-0172_jpg.rf.4c32fda03a325571755f1b3220b4b34b.jpg,valid\images\WIN_20251107_18_18_07_Pro_mp4-0172_jpg.rf.4c32fda03a325571755f1b3220b4b34b.jpg,D:\.Candra\Project\TA\02_data\raw\Sitting_posture.v17i.yolov8\valid\labels\WIN_20251107_18_18_07_Pro_mp4-0172_jpg.rf.4c32fda03a325571755f1b3220b4b34b.txt,1280,720,77054,e13512c45e9299075184ce20b6826288fd627e5f28c873b2ce8fd5c1f68fc5ea,0e8dd7cecececdac,152.7079,387.5417,False,True,False,1,1,0,
valid,D:\.Candra\Project\TA\02_data\raw\Sitting_posture.v17i.yolov8\valid\images\WIN_20251107_18_18_07_Pro_mp4-0174_jpg.rf.855b36b99cae0cf3aa722642f063d4b8.jpg,valid\images\WIN_20251107_18_18_07_Pro_mp4-0174_jpg.rf.855b36b99cae0cf3aa722642f063d4b8.jpg,D:\.Candra\Project\TA\02_data\raw\Sitting_posture.v17i.yolov8\valid\labels\WIN_20251107_18_18_07_Pro_mp4-0174_jpg.rf.855b36b99cae0cf3aa722642f063d4b8.txt,1280,720,77604,36daaab51d1c1d1b623a15c973a0dbce90af1c3e2e5208449d57a658041db17a,1e9d9fdececeddb8,153.06,386.5175,False,True,False,1,1,0,
valid,D:\.Candra\Project\TA\02_data\raw\Sitting_posture.v17i.yolov8\valid\images\WIN_20251107_18_18_07_Pro_mp4-0175_jpg.rf.ee0eb407c63ea0bc7e4a077f52a42549.jpg,valid\images\WIN_20251107_18_18_07_Pro_mp4-0175_jpg.rf.ee0eb407c63ea0bc7e4a077f52a42549.jpg,D:\.Candra\Project\TA\02_data\raw\Sitting_posture.v17i.yolov8\valid\labels\WIN_20251107_18_18_07_Pro_mp4-0175_jpg.rf.ee0eb407c63ea0bc7e4a077f52a42549.txt,1280,720,78762,43949efa7e8caedeb018d2815ce817c841909f6ea7d4c5de376a16cf1b3b36b6,1e9d9fdececeddf8,153.2744,395.8364,False,True,False,1,1,0,
valid,D:\.Candra\Project\TA\02_data\raw\Sitting_posture.v17i.yolov8\valid\images\WIN_20251107_18_18_07_Pro_mp4-0176_jpg.rf.95b44243cf4a3cf8dfc80263e0a066d0.jpg,valid\images\WIN_20251107_18_18_07_Pro_mp4-0176_jpg.rf.95b44243cf4a3cf8dfc80263e0a066d0.jpg,D:\.Candra\Project\TA\02_data\raw\Sitting_posture.v17i.yolov8\valid\labels\WIN_20251107_18_18_07_Pro_mp4-0176_jpg.rf.95b44243cf4a3cf8dfc80263e0a066d0.txt,1280,720,77360,a3de7cdc8164828d628ca0ad8bd105f97e83831cae357a99bee64a6225bd9933,1e9d9fdedeceddf8,153.4798,388.9408,False,True,False,1,1,0,
valid,D:\.Candra\Project\TA\02_data\raw\Sitting_posture.v17i.yolov8\valid\images\WIN_20251107_18_18_07_Pro_mp4-0177_jpg.rf.e634acdfda2ff961ad03d0f7e64e6d8a.jpg,valid\images\WIN_20251107_18_18_07_Pro_mp4-0177_jpg.rf.e634acdfda2ff961ad03d0f7e64e6d8a.jpg,D:\.Candra\Project\TA\02_data\raw\Sitting_posture.v17i.yolov8\valid\labels\WIN_20251107_18_18_07_Pro_mp4-0177_jpg.rf.e634acdfda2ff961ad03d0f7e64e6d8a.txt,1280,720,75313,06b8495cffd2546dfce03fbc5fb842e0bb6b54169fa643a3022bc3a8e1a87520,3e9d9fdedeceddf8,153.3984,388.9143,False,True,False,1,1,0,
valid,D:\.Candra\Project\TA\02_data\raw\Sitting_posture.v17i.yolov8\valid\images\WIN_20251107_18_18_07_Pro_mp4-0178_jpg.rf.5c905a23da14feb22ea4857e4b94ae97.jpg,valid\images\WIN_20251107_18_18_07_Pro_mp4-0178_jpg.rf.5c905a23da14feb22ea4857e4b94ae97.jpg,D:\.Candra\Project\TA\02_data\raw\Sitting_posture.v17i.yolov8\valid\labels\WIN_20251107_18_18_07_Pro_mp4-0178_jpg.rf.5c905a23da14feb22ea4857e4b94ae97.txt,1280,720,75831,5b81a0fb508627b7a16bd2af8c8025955ff9055475c64bccedd139d5ffc26b7d,3e9d9fdedeced9f8,153.2953,401.8104,False,True,False,1,1,0,
valid,D:\.Candra\Project\TA\02_data\raw\Sitting_posture.v17i.yolov8\valid\images\WIN_20251107_18_18_07_Pro_mp4-0179_jpg.rf.3b87dd22f295cac4802cdb04cefa6861.jpg,valid\images\WIN_20251107_18_18_07_Pro_mp4-0179_jpg.rf.3b87dd22f295cac4802cdb04cefa6861.jpg,D:\.Candra\Project\TA\02_data\raw\Sitting_posture.v17i.yolov8\valid\labels\WIN_20251107_18_18_07_Pro_mp4-0179_jpg.rf.3b87dd22f295cac4802cdb04cefa6861.txt,1280,720,80167,f7619cb74c0ec9acbcff4cf1f4357b3342bf786a4dfb6c0189730dc13d9a88d4,3e9d9fdedeced9f8,153.1736,469.9242,False,True,False,1,1,0,
valid,D:\.Candra\Project\TA\02_data\raw\Sitting_posture.v17i.yolov8\valid\images\WIN_20251107_18_18_07_Pro_mp4-0181_jpg.rf.2b84ba3a78b580d5c471b7f81bf53c47.jpg,valid\images\WIN_20251107_18_18_07_Pro_mp4-0181_jpg.rf.2b84ba3a78b580d5c471b7f81bf53c47.jpg,D:\.Candra\Project\TA\02_data\raw\Sitting_posture.v17i.yolov8\valid\labels\WIN_20251107_18_18_07_Pro_mp4-0181_jpg.rf.2b84ba3a78b580d5c471b7f81bf53c47.txt,1280,720,80331,6679e6da83e1334967da240b3a466a8d169b3e2b21b00d4dbae195cf4e1d81c6,3e9d9fdedeced9f8,153.1535,463.1599,False,True,False,1,1,0,
valid,D:\.Candra\Project\TA\02_data\raw\Sitting_posture.v17i.yolov8\valid\images\WIN_20251107_18_18_07_Pro_mp4-0186_jpg.rf.9c5b37de29dc48ebec5f41ee5976a135.jpg,valid\images\WIN_20251107_18_18_07_Pro_mp4-0186_jpg.rf.9c5b37de29dc48ebec5f41ee5976a135.jpg,D:\.Candra\Project\TA\02_data\raw\Sitting_posture.v17i.yolov8\valid\labels\WIN_20251107_18_18_07_Pro_mp4-0186_jpg.rf.9c5b37de29dc48ebec5f41ee5976a135.txt,1280,720,78991,50626752f75ac94bc29b268cb661f6eb1da2af583cca470365d4e86b948ea943,3e9d9fdedeceddf8,153.6556,445.9649,False,True,False,1,1,0,
valid,D:\.Candra\Project\TA\02_data\raw\Sitting_posture.v17i.yolov8\valid\images\WIN_20251107_18_18_07_Pro_mp4-0187_jpg.rf.3cb5cf06ed894a6be68903b273982aa5.jpg,valid\images\WIN_20251107_18_18_07_Pro_mp4-0187_jpg.rf.3cb5cf06ed894a6be68903b273982aa5.jpg,D:\.Candra\Project\TA\02_data\raw\Sitting_posture.v17i.yolov8\valid\labels\WIN_20251107_18_18_07_Pro_mp4-0187_jpg.rf.3cb5cf06ed894a6be68903b273982aa5.txt,1280,720,76696,711da48de3a96dff4073fa11f267aa2ea876cd85953aff3a39f9f5cedb93e356,3e9d9fdedeceddf8,154.5005,401.3255,False,True,False,1,1,0,
valid,D:\.Candra\Project\TA\02_data\raw\Sitting_posture.v17i.yolov8\valid\images\WIN_20251107_18_18_07_Pro_mp4-0190_jpg.rf.23ddfa03a78b6a717922710685c14953.jpg,valid\images\WIN_20251107_18_18_07_Pro_mp4-0190_jpg.rf.23ddfa03a78b6a717922710685c14953.jpg,D:\.Candra\Project\TA\02_data\raw\Sitting_posture.v17i.yolov8\valid\labels\WIN_20251107_18_18_07_Pro_mp4-0190_jpg.rf.23ddfa03a78b6a717922710685c14953.txt,1280,720,76174,882616a43d74e484c54f8dc07f02f956d7e3776c01bfdff431d9f1b7de61fe3c,1e8dd7dececedde8,155.431,380.8837,False,True,False,1,1,0,
valid,D:\.Candra\Project\TA\02_data\raw\Sitting_posture.v17i.yolov8\valid\images\WIN_20251107_18_18_07_Pro_mp4-0191_jpg.rf.0f236386e0e2de23dc4922905b3466d9.jpg,valid\images\WIN_20251107_18_18_07_Pro_mp4-0191_jpg.rf.0f236386e0e2de23dc4922905b3466d9.jpg,D:\.Candra\Project\TA\02_data\raw\Sitting_posture.v17i.yolov8\valid\labels\WIN_20251107_18_18_07_Pro_mp4-0191_jpg.rf.0f236386e0e2de23dc4922905b3466d9.txt,1280,720,78161,0be7681ce5712176ccb6d46fdc5beb1992a17a91a5555dafc2ddd981d70d6c7b,1e8ddfcecececdac,154.8406,394.8495,False,True,False,1,1,0,
valid,D:\.Candra\Project\TA\02_data\raw\Sitting_posture.v17i.yolov8\valid\images\WIN_20251107_18_18_07_Pro_mp4-0193_jpg.rf.74b06d9b4836c4bc821454d4a7bd2fe6.jpg,valid\images\WIN_20251107_18_18_07_Pro_mp4-0193_jpg.rf.74b06d9b4836c4bc821454d4a7bd2fe6.jpg,D:\.Candra\Project\TA\02_data\raw\Sitting_posture.v17i.yolov8\valid\labels\WIN_20251107_18_18_07_Pro_mp4-0193_jpg.rf.74b06d9b4836c4bc821454d4a7bd2fe6.txt,1280,720,76613,262a39aedb4adc8dc317d55a5138fff8d167ab94361d35f6a3e0f8b1fad1d1da,0e8ddbcecececdac,153.5726,405.5603,False,True,False,1,1,0,
valid,D:\.Candra\Project\TA\02_data\raw\Sitting_posture.v17i.yolov8\valid\images\WIN_20251107_18_18_07_Pro_mp4-0194_jpg.rf.61fac271eaf1ba71de17662782693efc.jpg,valid\images\WIN_20251107_18_18_07_Pro_mp4-0194_jpg.rf.61fac271eaf1ba71de17662782693efc.jpg,D:\.Candra\Project\TA\02_data\raw\Sitting_posture.v17i.yolov8\valid\labels\WIN_20251107_18_18_07_Pro_mp4-0194_jpg.rf.61fac271eaf1ba71de17662782693efc.txt,1280,720,77574,58d121138974b80f15f345448ab17f92f37c032ae841a0ab693d967fe1a32849,0e8ddbcecececdac,152.8937,417.9046,False,True,False,1,1,0,
valid,D:\.Candra\Project\TA\02_data\raw\Sitting_posture.v17i.yolov8\valid\images\WIN_20251107_18_18_07_Pro_mp4-0195_jpg.rf.5ec6527cf98111f681bd83793553bd5b.jpg,valid\images\WIN_20251107_18_18_07_Pro_mp4-0195_jpg.rf.5ec6527cf98111f681bd83793553bd5b.jpg,D:\.Candra\Project\TA\02_data\raw\Sitting_posture.v17i.yolov8\valid\labels\WIN_20251107_18_18_07_Pro_mp4-0195_jpg.rf.5ec6527cf98111f681bd83793553bd5b.txt,1280,720,80243,0cae7dacb3acea9a857d628119b4725878d8e3b7ab79b0bd91e489138031681a,0e8ddbcecececdac,152.3869,472.7839,False,True,False,1,1,0,
valid,D:\.Candra\Project\TA\02_data\raw\Sitting_posture.v17i.yolov8\valid\images\WIN_20251107_18_18_07_Pro_mp4-0196_jpg.rf.fb321a3f5c1c4a99b5f95968960f3680.jpg,valid\images\WIN_20251107_18_18_07_Pro_mp4-0196_jpg.rf.fb321a3f5c1c4a99b5f95968960f3680.jpg,D:\.Candra\Project\TA\02_data\raw\Sitting_posture.v17i.yolov8\valid\labels\WIN_20251107_18_18_07_Pro_mp4-0196_jpg.rf.fb321a3f5c1c4a99b5f95968960f3680.txt,1280,720,81032,592d041b800444899e88fdc948cb144e7d5fc88dba996df6abf3054fde5c88c9,0e8ddbcecececdac,151.8928,494.2578,False,True,False,1,1,0,
valid,D:\.Candra\Project\TA\02_data\raw\Sitting_posture.v17i.yolov8\valid\images\WIN_20251107_18_18_07_Pro_mp4-0197_jpg.rf.5f9e732336bda634f747491515ddec48.jpg,valid\images\WIN_20251107_18_18_07_Pro_mp4-0197_jpg.rf.5f9e732336bda634f747491515ddec48.jpg,D:\.Candra\Project\TA\02_data\raw\Sitting_posture.v17i.yolov8\valid\labels\WIN_20251107_18_18_07_Pro_mp4-0197_jpg.rf.5f9e732336bda634f747491515ddec48.txt,1280,720,81611,f35d05f3e6c72c6abc278b782a3a7dcbb3851c28fb68cd50a4aa288ac05ebc85,0e8ddbcecececdac,151.6986,499.6994,False,True,False,1,1,0,
valid,D:\.Candra\Project\TA\02_data\raw\Sitting_posture.v17i.yolov8\valid\images\WIN_20251107_18_18_07_Pro_mp4-0200_jpg.rf.df84a533e7a64e415740d15a40bea98a.jpg,valid\images\WIN_20251107_18_18_07_Pro_mp4-0200_jpg.rf.df84a533e7a64e415740d15a40bea98a.jpg,D:\.Candra\Project\TA\02_data\raw\Sitting_posture.v17i.yolov8\valid\labels\WIN_20251107_18_18_07_Pro_mp4-0200_jpg.rf.df84a533e7a64e415740d15a40bea98a.txt,1280,720,78110,f0960dd45e9625877f3eeae14a9aa570a7553925d9e0b6a8b0b6a3085fe27d0c,0e87cbcececeecac,152.3474,414.3088,False,True,False,1,1,0,
valid,D:\.Candra\Project\TA\02_data\raw\Sitting_posture.v17i.yolov8\valid\images\WIN_20251107_18_18_07_Pro_mp4-0204_jpg.rf.427f7ccc1f43752f2eefc38605d90fbc.jpg,valid\images\WIN_20251107_18_18_07_Pro_mp4-0204_jpg.rf.427f7ccc1f43752f2eefc38605d90fbc.jpg,D:\.Candra\Project\TA\02_data\raw\Sitting_posture.v17i.yolov8\valid\labels\WIN_20251107_18_18_07_Pro_mp4-0204_jpg.rf.427f7ccc1f43752f2eefc38605d90fbc.txt,1280,720,78798,6499d5696b5bab42ec8c0f635d34c0c3c85945d06a775c9edc54aec77981580f,0687cfced6ceecbc,150.4064,398.5916,False,True,False,1,1,0,
valid,D:\.Candra\Project\TA\02_data\raw\Sitting_posture.v17i.yolov8\valid\images\WIN_20251107_18_18_07_Pro_mp4-0208_jpg.rf.4a1f5abce61909ee829b069926660541.jpg,valid\images\WIN_20251107_18_18_07_Pro_mp4-0208_jpg.rf.4a1f5abce61909ee829b069926660541.jpg,D:\.Candra\Project\TA\02_data\raw\Sitting_posture.v17i.yolov8\valid\labels\WIN_20251107_18_18_07_Pro_mp4-0208_jpg.rf.4a1f5abce61909ee829b069926660541.txt,1280,720,79341,03a7ea8c48f76b76d3be84bf202ddead979fe691e1fc65b56a3dc836c0eb8aa4,2683d7ced6cef4b4,148.2961,406.6208,False,True,False,1,1,0,
valid,D:\.Candra\Project\TA\02_data\raw\Sitting_posture.v17i.yolov8\valid\images\WIN_20251107_18_18_07_Pro_mp4-0209_jpg.rf.5318453a1c4fe0bb10dcf65fe6b14ebb.jpg,valid\images\WIN_20251107_18_18_07_Pro_mp4-0209_jpg.rf.5318453a1c4fe0bb10dcf65fe6b14ebb.jpg,D:\.Candra\Project\TA\02_data\raw\Sitting_posture.v17i.yolov8\valid\labels\WIN_20251107_18_18_07_Pro_mp4-0209_jpg.rf.5318453a1c4fe0bb10dcf65fe6b14ebb.txt,1280,720,79177,d1e5e341f32d8e9f1271bc7dd282408cad1a7f9a1d7b8c5d1a884f1e6cc64006,2683d7ced2c6f6b4,147.7223,414.0938,False,True,False,1,1,0,
valid,D:\.Candra\Project\TA\02_data\raw\Sitting_posture.v17i.yolov8\valid\images\WIN_20251107_18_18_07_Pro_mp4-0213_jpg.rf.a741bab225dab49a1049b180032d36c3.jpg,valid\images\WIN_20251107_18_18_07_Pro_mp4-0213_jpg.rf.a741bab225dab49a1049b180032d36c3.jpg,D:\.Candra\Project\TA\02_data\raw\Sitting_posture.v17i.yolov8\valid\labels\WIN_20251107_18_18_07_Pro_mp4-0213_jpg.rf.a741bab225dab49a1049b180032d36c3.txt,1280,720,80380,97de9ded07d29074ec64e046db4c807f631f685b182bbf6e117b173113252467,2393dbcbdac6d6b4,145.6483,412.8703,False,True,False,1,1,0,
valid,D:\.Candra\Project\TA\02_data\raw\Sitting_posture.v17i.yolov8\valid\images\WIN_20251107_18_18_07_Pro_mp4-0216_jpg.rf.2adf62e72c5d74870c66073af94b5be4.jpg,valid\images\WIN_20251107_18_18_07_Pro_mp4-0216_jpg.rf.2adf62e72c5d74870c66073af94b5be4.jpg,D:\.Candra\Project\TA\02_data\raw\Sitting_posture.v17i.yolov8\valid\labels\WIN_20251107_18_18_07_Pro_mp4-0216_jpg.rf.2adf62e72c5d74870c66073af94b5be4.txt,1280,720,82550,2f95293f2752ab7ae9e2edb8e674b7e45d0dd4045ca11862e664ba8061bfc303,3393dbcbdac6d6b4,144.7012,557.874,False,True,False,1,1,0,
valid,D:\.Candra\Project\TA\02_data\raw\Sitting_posture.v17i.yolov8\valid\images\WIN_20251107_18_18_07_Pro_mp4-0220_jpg.rf.19c6534229fdfa9e7a2ec96bed06b54f.jpg,valid\images\WIN_20251107_18_18_07_Pro_mp4-0220_jpg.rf.19c6534229fdfa9e7a2ec96bed06b54f.jpg,D:\.Candra\Project\TA\02_data\raw\Sitting_posture.v17i.yolov8\valid\labels\WIN_20251107_18_18_07_Pro_mp4-0220_jpg.rf.19c6534229fdfa9e7a2ec96bed06b54f.txt,1280,720,84904,607dc702a57030125059e2d36f96a5eaff593c0dcbe762c25d893c777de1699b,3393dbcbdac6d6b4,145.0728,540.834,False,True,False,1,1,0,
valid,D:\.Candra\Project\TA\02_data\raw\Sitting_posture.v17i.yolov8\valid\images\WIN_20251107_18_18_07_Pro_mp4-0223_jpg.rf.d4bc03917687a469ddeefe4857292469.jpg,valid\images\WIN_20251107_18_18_07_Pro_mp4-0223_jpg.rf.d4bc03917687a469ddeefe4857292469.jpg,D:\.Candra\Project\TA\02_data\raw\Sitting_posture.v17i.yolov8\valid\labels\WIN_20251107_18_18_07_Pro_mp4-0223_jpg.rf.d4bc03917687a469ddeefe4857292469.txt,1280,720,83728,af767c862f4f18261ab4a3750087aeb8fb32335c2493b9d734a2d13ed8844993,2393dbcadac6d6b4,147.1474,451.9507,False,True,False,1,1,0,
valid,D:\.Candra\Project\TA\02_data\raw\Sitting_posture.v17i.yolov8\valid\images\WIN_20251107_18_18_07_Pro_mp4-0224_jpg.rf.e73d588c194d9940d1ed30134dcb0ef3.jpg,valid\images\WIN_20251107_18_18_07_Pro_mp4-0224_jpg.rf.e73d588c194d9940d1ed30134dcb0ef3.jpg,D:\.Candra\Project\TA\02_data\raw\Sitting_posture.v17i.yolov8\valid\labels\WIN_20251107_18_18_07_Pro_mp4-0224_jpg.rf.e73d588c194d9940d1ed30134dcb0ef3.txt,1280,720,82482,e5f71839f08d95dc3beeb5c17a06aaafc87c9cc11ad8e55a0e617f5d2b7470bf,2393dbcadac6d6b4,147.1701,433.4914,False,True,False,1,1,0,
valid,D:\.Candra\Project\TA\02_data\raw\Sitting_posture.v17i.yolov8\valid\images\WIN_20251107_18_18_07_Pro_mp4-0225_jpg.rf.a2a92a65dd148e21672ab96b8da96598.jpg,valid\images\WIN_20251107_18_18_07_Pro_mp4-0225_jpg.rf.a2a92a65dd148e21672ab96b8da96598.jpg,D:\.Candra\Project\TA\02_data\raw\Sitting_posture.v17i.yolov8\valid\labels\WIN_20251107_18_18_07_Pro_mp4-0225_jpg.rf.a2a92a65dd148e21672ab96b8da96598.txt,1280,720,79885,aada95f22661b985abd0ff669228a644bc14e7ead065ac1250fb5c35ad999e1c,2393d3cadac6d6b4,146.9971,422.679,False,True,False,1,1,0,
valid,D:\.Candra\Project\TA\02_data\raw\Sitting_posture.v17i.yolov8\valid\images\WIN_20251107_18_18_07_Pro_mp4-0227_jpg.rf.32d09e07d2b16c38f6ec56790a58acb5.jpg,valid\images\WIN_20251107_18_18_07_Pro_mp4-0227_jpg.rf.32d09e07d2b16c38f6ec56790a58acb5.jpg,D:\.Candra\Project\TA\02_data\raw\Sitting_posture.v17i.yolov8\valid\labels\WIN_20251107_18_18_07_Pro_mp4-0227_jpg.rf.32d09e07d2b16c38f6ec56790a58acb5.txt,1280,720,78518,79a3e483b0da7ef482054b5e1401864fc9c7fe8df5033aa32aa7ccbebf06822f,2383d7ced2c6f6b4,147.6701,394.9934,False,True,False,1,1,0,
valid,D:\.Candra\Project\TA\02_data\raw\Sitting_posture.v17i.yolov8\valid\images\WIN_20251107_18_18_07_Pro_mp4-0228_jpg.rf.ddac63a0b652d338abb1498adb43ef93.jpg,valid\images\WIN_20251107_18_18_07_Pro_mp4-0228_jpg.rf.ddac63a0b652d338abb1498adb43ef93.jpg,D:\.Candra\Project\TA\02_data\raw\Sitting_posture.v17i.yolov8\valid\labels\WIN_20251107_18_18_07_Pro_mp4-0228_jpg.rf.ddac63a0b652d338abb1498adb43ef93.txt,1280,720,78676,595a5eabc9967e2709cff4d34870b8279353c9e469436629a7cc08a52da69278,2683d7ced6c6f4b4,148.2567,395.3974,False,True,False,1,1,0,
valid,D:\.Candra\Project\TA\02_data\raw\Sitting_posture.v17i.yolov8\valid\images\WIN_20251107_18_18_07_Pro_mp4-0230_jpg.rf.e190400fe2fb68ec093a8b78d9eafcdf.jpg,valid\images\WIN_20251107_18_18_07_Pro_mp4-0230_jpg.rf.e190400fe2fb68ec093a8b78d9eafcdf.jpg,D:\.Candra\Project\TA\02_data\raw\Sitting_posture.v17i.yolov8\valid\labels\WIN_20251107_18_18_07_Pro_mp4-0230_jpg.rf.e190400fe2fb68ec093a8b78d9eafcdf.txt,1280,720,78650,5297e5bdedae5e2a1b1e35d97a0eb6f2fd5b5899fed87c88d4a248501ab867d0,2687cfced6cee4b4,149.1591,397.1333,False,True,False,1,1,0,
valid,D:\.Candra\Project\TA\02_data\raw\Sitting_posture.v17i.yolov8\valid\images\WIN_20251107_18_18_07_Pro_mp4-0231_jpg.rf.d254652fd8e6ae7938e65e5541ac1803.jpg,valid\images\WIN_20251107_18_18_07_Pro_mp4-0231_jpg.rf.d254652fd8e6ae7938e65e5541ac1803.jpg,D:\.Candra\Project\TA\02_data\raw\Sitting_posture.v17i.yolov8\valid\labels\WIN_20251107_18_18_07_Pro_mp4-0231_jpg.rf.d254652fd8e6ae7938e65e5541ac1803.txt,1280,720,78350,79e4b7161e2feb7734987a814ba652d13f5bf7405660280647b2fcf1d3dcc87f,0687cfcec6ceecbc,149.4286,395.8329,False,True,False,1,1,0,
valid,D:\.Candra\Project\TA\02_data\raw\Sitting_posture.v17i.yolov8\valid\images\WIN_20251107_18_18_07_Pro_mp4-0233_jpg.rf.f4b41fd3c9c3bf300296f5e752868bf1.jpg,valid\images\WIN_20251107_18_18_07_Pro_mp4-0233_jpg.rf.f4b41fd3c9c3bf300296f5e752868bf1.jpg,D:\.Candra\Project\TA\02_data\raw\Sitting_posture.v17i.yolov8\valid\labels\WIN_20251107_18_18_07_Pro_mp4-0233_jpg.rf.f4b41fd3c9c3bf300296f5e752868bf1.txt,1280,720,78468,c9e0769e07d8b862e66465f41354e8917d1b25128d893161f5497dc86c8823db,0687cbcec6ceecbc,149.6848,403.2176,False,True,False,1,1,0,
valid,D:\.Candra\Project\TA\02_data\raw\Sitting_posture.v17i.yolov8\valid\images\WIN_20251107_18_18_07_Pro_mp4-0234_jpg.rf.fa9b38d6c57ed12254fd1fc3255d0e79.jpg,valid\images\WIN_20251107_18_18_07_Pro_mp4-0234_jpg.rf.fa9b38d6c57ed12254fd1fc3255d0e79.jpg,D:\.Candra\Project\TA\02_data\raw\Sitting_posture.v17i.yolov8\valid\labels\WIN_20251107_18_18_07_Pro_mp4-0234_jpg.rf.fa9b38d6c57ed12254fd1fc3255d0e79.txt,1280,720,77676,6cdf324caf7e62f8cbe015bdc053600d351a9d5feab7e9c1f95ad51c704bc397,0e87cbcec6ceecac,150.0182,398.0856,False,True,False,1,1,0,
valid,D:\.Candra\Project\TA\02_data\raw\Sitting_posture.v17i.yolov8\valid\images\WIN_20251107_18_18_07_Pro_mp4-0235_jpg.rf.86134625c5f347726638b32ddcb0fe60.jpg,valid\images\WIN_20251107_18_18_07_Pro_mp4-0235_jpg.rf.86134625c5f347726638b32ddcb0fe60.jpg,D:\.Candra\Project\TA\02_data\raw\Sitting_posture.v17i.yolov8\valid\labels\WIN_20251107_18_18_07_Pro_mp4-0235_jpg.rf.86134625c5f347726638b32ddcb0fe60.txt,1280,720,80390,a3b2227f8f404ee5869613b9070ce3a8f0feb8abdbd177e4a58888ab3c7c3da2,0e87dbcececeecac,150.2455,404.9334,False,True,False,1,1,0,
valid,D:\.Candra\Project\TA\02_data\raw\Sitting_posture.v17i.yolov8\valid\images\WIN_20251107_18_18_07_Pro_mp4-0238_jpg.rf.398d681af6695b4b57f1db20963fc945.jpg,valid\images\WIN_20251107_18_18_07_Pro_mp4-0238_jpg.rf.398d681af6695b4b57f1db20963fc945.jpg,D:\.Candra\Project\TA\02_data\raw\Sitting_posture.v17i.yolov8\valid\labels\WIN_20251107_18_18_07_Pro_mp4-0238_jpg.rf.398d681af6695b4b57f1db20963fc945.txt,1280,720,82931,db81647a9ea688f29b06d378d264133c742de1cf409ae7411bd2a9c00f369031,0e8fdbcececeecac,150.4205,497.4838,False,True,False,1,1,0,
valid,D:\.Candra\Project\TA\02_data\raw\Sitting_posture.v17i.yolov8\valid\images\WIN_20251107_18_18_07_Pro_mp4-0241_jpg.rf.ebd5e4a4afa9473cf563e29f913eaecc.jpg,valid\images\WIN_20251107_18_18_07_Pro_mp4-0241_jpg.rf.ebd5e4a4afa9473cf563e29f913eaecc.jpg,D:\.Candra\Project\TA\02_data\raw\Sitting_posture.v17i.yolov8\valid\labels\WIN_20251107_18_18_07_Pro_mp4-0241_jpg.rf.ebd5e4a4afa9473cf563e29f913eaecc.txt,1280,720,78826,cdaf8299147a640aec7517c17e2a2f779ebb0d6600acf02551dae0e549bbbee4,0e8ddbcececeecac,150.4046,420.3992,False,True,False,1,1,0,
valid,D:\.Candra\Project\TA\02_data\raw\Sitting_posture.v17i.yolov8\valid\images\WIN_20251107_18_18_07_Pro_mp4-0244_jpg.rf.a967929c046eb052ec7d41e7d8d518ab.jpg,valid\images\WIN_20251107_18_18_07_Pro_mp4-0244_jpg.rf.a967929c046eb052ec7d41e7d8d518ab.jpg,D:\.Candra\Project\TA\02_data\raw\Sitting_posture.v17i.yolov8\valid\labels\WIN_20251107_18_18_07_Pro_mp4-0244_jpg.rf.a967929c046eb052ec7d41e7d8d518ab.txt,1280,720,77524,3d61e1af3120065a6055f0e4a886f4d7398ead519de8a5a09f29cbd08d700010,0e8ddfcecececdac,151.6694,379.8091,False,True,False,1,1,0,
valid,D:\.Candra\Project\TA\02_data\raw\Sitting_posture.v17i.yolov8\valid\images\WIN_20251107_18_18_07_Pro_mp4-0245_jpg.rf.ef5c2fc8d9823085aed298135c5cccff.jpg,valid\images\WIN_20251107_18_18_07_Pro_mp4-0245_jpg.rf.ef5c2fc8d9823085aed298135c5cccff.jpg,D:\.Candra\Project\TA\02_data\raw\Sitting_posture.v17i.yolov8\valid\labels\WIN_20251107_18_18_07_Pro_mp4-0245_jpg.rf.ef5c2fc8d9823085aed298135c5cccff.txt,1280,720,78136,be65572ca844533d618c641cc105901cfa1b5d682797cd82b5534c820151dc5a,1e8ddfcecececdac,151.9502,376.2106,False,True,False,1,1,0,
valid,D:\.Candra\Project\TA\02_data\raw\Sitting_posture.v17i.yolov8\valid\images\WIN_20251107_18_18_07_Pro_mp4-0246_jpg.rf.1d39446d78efe8b41a862918fafb9100.jpg,valid\images\WIN_20251107_18_18_07_Pro_mp4-0246_jpg.rf.1d39446d78efe8b41a862918fafb9100.jpg,D:\.Candra\Project\TA\02_data\raw\Sitting_posture.v17i.yolov8\valid\labels\WIN_20251107_18_18_07_Pro_mp4-0246_jpg.rf.1d39446d78efe8b41a862918fafb9100.txt,1280,720,76183,f342dde4d9444cd088a9a2910b3fb502e8d47bef641c8975eacfd27fd61a51f8,1e8d9fdececeddb8,152.7111,359.7518,False,True,False,1,1,0,
valid,D:\.Candra\Project\TA\02_data\raw\Sitting_posture.v17i.yolov8\valid\images\WIN_20251107_18_18_07_Pro_mp4-0247_jpg.rf.096a75547d63a488ef0cabc62166c236.jpg,valid\images\WIN_20251107_18_18_07_Pro_mp4-0247_jpg.rf.096a75547d63a488ef0cabc62166c236.jpg,D:\.Candra\Project\TA\02_data\raw\Sitting_posture.v17i.yolov8\valid\labels\WIN_20251107_18_18_07_Pro_mp4-0247_jpg.rf.096a75547d63a488ef0cabc62166c236.txt,1280,720,76443,105688a90f4308e5fe0af05a645b01638d7f8a8be2d5a83a92cf6d6896182f8a,1e9d9fdedeceddf8,153.2558,370.3684,False,True,False,1,1,0,
valid,D:\.Candra\Project\TA\02_data\raw\Sitting_posture.v17i.yolov8\valid\images\WIN_20251107_18_18_07_Pro_mp4-0248_jpg.rf.d06cb79785557f503aa74174d8856da1.jpg,valid\images\WIN_20251107_18_18_07_Pro_mp4-0248_jpg.rf.d06cb79785557f503aa74174d8856da1.jpg,D:\.Candra\Project\TA\02_data\raw\Sitting_posture.v17i.yolov8\valid\labels\WIN_20251107_18_18_07_Pro_mp4-0248_jpg.rf.d06cb79785557f503aa74174d8856da1.txt,1280,720,75480,754a4484ed44582d4c6b57623608c8093d5ea9d64c3b8b33602f612e222a0f0e,3e9d9fdedeced9f9,152.8192,376.1485,False,True,False,1,1,0,
valid,D:\.Candra\Project\TA\02_data\raw\Sitting_posture.v17i.yolov8\valid\images\WIN_20251107_18_18_07_Pro_mp4-0249_jpg.rf.f51c487de61bd88a3466d2cb111781fa.jpg,valid\images\WIN_20251107_18_18_07_Pro_mp4-0249_jpg.rf.f51c487de61bd88a3466d2cb111781fa.jpg,D:\.Candra\Project\TA\02_data\raw\Sitting_posture.v17i.yolov8\valid\labels\WIN_20251107_18_18_07_Pro_mp4-0249_jpg.rf.f51c487de61bd88a3466d2cb111781fa.txt,1280,720,76421,0822d38f9d418eed54863992e2a7f4fc28cc3860859b7ae2a53207abc580c13c,3e9d9fdedeced9f9,152.6011,361.3611,False,True,False,1,1,0,
valid,D:\.Candra\Project\TA\02_data\raw\Sitting_posture.v17i.yolov8\valid\images\WIN_20251107_18_18_07_Pro_mp4-0252_jpg.rf.b25b24b2912e2686dc12484d2ad6ab95.jpg,valid\images\WIN_20251107_18_18_07_Pro_mp4-0252_jpg.rf.b25b24b2912e2686dc12484d2ad6ab95.jpg,D:\.Candra\Project\TA\02_data\raw\Sitting_posture.v17i.yolov8\valid\labels\WIN_20251107_18_18_07_Pro_mp4-0252_jpg.rf.b25b24b2912e2686dc12484d2ad6ab95.txt,1280,720,75807,0be505a366c905383e055890fe8c329a5adac86e6b0cbe8b3d74c999fba91975,3e9d9f9edeced9f9,151.6472,356.9713,False,True,False,1,1,0,
valid,D:\.Candra\Project\TA\02_data\raw\Sitting_posture.v17i.yolov8\valid\images\WIN_20251107_18_18_07_Pro_mp4-0253_jpg.rf.efcef250501c8d69cf63d1116db269f6.jpg,valid\images\WIN_20251107_18_18_07_Pro_mp4-0253_jpg.rf.efcef250501c8d69cf63d1116db269f6.jpg,D:\.Candra\Project\TA\02_data\raw\Sitting_posture.v17i.yolov8\valid\labels\WIN_20251107_18_18_07_Pro_mp4-0253_jpg.rf.efcef250501c8d69cf63d1116db269f6.txt,1280,720,76351,ee6d79b7e47f3e27a610b7be3e753295c89fd141ef52cdce2f58d4419a1f1791,3e9d9f9e9eced9f9,151.5391,364.7365,False,True,False,1,1,0,
valid,D:\.Candra\Project\TA\02_data\raw\Sitting_posture.v17i.yolov8\valid\images\WIN_20251107_18_18_07_Pro_mp4-0255_jpg.rf.bf1302923ec6a5cf06505dbce43c7706.jpg,valid\images\WIN_20251107_18_18_07_Pro_mp4-0255_jpg.rf.bf1302923ec6a5cf06505dbce43c7706.jpg,D:\.Candra\Project\TA\02_data\raw\Sitting_posture.v17i.yolov8\valid\labels\WIN_20251107_18_18_07_Pro_mp4-0255_jpg.rf.bf1302923ec6a5cf06505dbce43c7706.txt,1280,720,79586,044223847065742f022b1791d583e14ff49ae2867d80ff1430a2cbb45c0cf02a,3e9d9f9edeced9f9,151.3995,432.8951,False,True,False,1,1,0,
valid,D:\.Candra\Project\TA\02_data\raw\Sitting_posture.v17i.yolov8\valid\images\WIN_20251107_18_18_07_Pro_mp4-0257_jpg.rf.c7a571b7d80dd7c63497e8caeff511bd.jpg,valid\images\WIN_20251107_18_18_07_Pro_mp4-0257_jpg.rf.c7a571b7d80dd7c63497e8caeff511bd.jpg,D:\.Candra\Project\TA\02_data\raw\Sitting_posture.v17i.yolov8\valid\labels\WIN_20251107_18_18_07_Pro_mp4-0257_jpg.rf.c7a571b7d80dd7c63497e8caeff511bd.txt,1280,720,79586,0552ad0a406d117b1ad58944d24dc8bb4f775b4e47008ce708926bf8750aec1c,3e9d9f9edeced9f9,151.4541,448.8929,False,True,False,1,1,0,
valid,D:\.Candra\Project\TA\02_data\raw\Sitting_posture.v17i.yolov8\valid\images\WIN_20251107_18_18_07_Pro_mp4-0259_jpg.rf.145bc683a43cc6ce82ec13170d3a2c0c.jpg,valid\images\WIN_20251107_18_18_07_Pro_mp4-0259_jpg.rf.145bc683a43cc6ce82ec13170d3a2c0c.jpg,D:\.Candra\Project\TA\02_data\raw\Sitting_posture.v17i.yolov8\valid\labels\WIN_20251107_18_18_07_Pro_mp4-0259_jpg.rf.145bc683a43cc6ce82ec13170d3a2c0c.txt,1280,720,81721,eb642138e167cfc7d6f75151de282e3c5c90cbc235dda68042fe63b20637a72e,3e9d9f9edeced9f9,151.3695,460.1,False,True,False,1,1,0,
valid,D:\.Candra\Project\TA\02_data\raw\Sitting_posture.v17i.yolov8\valid\images\WIN_20251107_18_18_07_Pro_mp4-0260_jpg.rf.0f34baa3430325c0925020136cb9ff0e.jpg,valid\images\WIN_20251107_18_18_07_Pro_mp4-0260_jpg.rf.0f34baa3430325c0925020136cb9ff0e.jpg,D:\.Candra\Project\TA\02_data\raw\Sitting_posture.v17i.yolov8\valid\labels\WIN_20251107_18_18_07_Pro_mp4-0260_jpg.rf.0f34baa3430325c0925020136cb9ff0e.txt,1280,720,82130,2545138810a66f293a760a2468d73c304b4ccef950398901128259c50c6eb0aa,3e9d9f9edeced9f9,151.359,456.1634,False,True,False,1,1,0,
valid,D:\.Candra\Project\TA\02_data\raw\Sitting_posture.v17i.yolov8\valid\images\WIN_20251107_18_18_07_Pro_mp4-0261_jpg.rf.aff0134b5745445f76e833dbef62c86b.jpg,valid\images\WIN_20251107_18_18_07_Pro_mp4-0261_jpg.rf.aff0134b5745445f76e833dbef62c86b.jpg,D:\.Candra\Project\TA\02_data\raw\Sitting_posture.v17i.yolov8\valid\labels\WIN_20251107_18_18_07_Pro_mp4-0261_jpg.rf.aff0134b5745445f76e833dbef62c86b.txt,1280,720,81314,2764da11b735102aab4cbfdeb47dfef550a5c8b76c9e65d4f912b66bb003c582,3e9d9f9edeced9f9,151.491,447.4781,False,True,False,1,1,0,
valid,D:\.Candra\Project\TA\02_data\raw\Sitting_posture.v17i.yolov8\valid\images\WIN_20251107_18_18_07_Pro_mp4-0262_jpg.rf.43f98e914e15f02cb99d50fb94076167.jpg,valid\images\WIN_20251107_18_18_07_Pro_mp4-0262_jpg.rf.43f98e914e15f02cb99d50fb94076167.jpg,D:\.Candra\Project\TA\02_data\raw\Sitting_posture.v17i.yolov8\valid\labels\WIN_20251107_18_18_07_Pro_mp4-0262_jpg.rf.43f98e914e15f02cb99d50fb94076167.txt,1280,720,79816,7bb5bfcca7e2f13986464f06d9e286a2c04cfd73b54521b6ffdea4776a8ea98b,3e9d9f9edaced9f9,151.9031,391.3358,False,True,False,1,1,0,
valid,D:\.Candra\Project\TA\02_data\raw\Sitting_posture.v17i.yolov8\valid\images\WIN_20251107_18_18_07_Pro_mp4-0263_jpg.rf.40e2281778cbe3baca6072e098814b91.jpg,valid\images\WIN_20251107_18_18_07_Pro_mp4-0263_jpg.rf.40e2281778cbe3baca6072e098814b91.jpg,D:\.Candra\Project\TA\02_data\raw\Sitting_posture.v17i.yolov8\valid\labels\WIN_20251107_18_18_07_Pro_mp4-0263_jpg.rf.40e2281778cbe3baca6072e098814b91.txt,1280,720,79768,6cae7b457f5acbc27d37d2c67bbaef85701c17f6e4b8d925d4b211d61876382a,3e9d9f9edaced9f9,152.2868,385.5899,False,True,False,1,1,0,
valid,D:\.Candra\Project\TA\02_data\raw\Sitting_posture.v17i.yolov8\valid\images\WIN_20251107_18_18_07_Pro_mp4-0266_jpg.rf.7bb90e572b186da04ee1f266c696fa73.jpg,valid\images\WIN_20251107_18_18_07_Pro_mp4-0266_jpg.rf.7bb90e572b186da04ee1f266c696fa73.jpg,D:\.Candra\Project\TA\02_data\raw\Sitting_posture.v17i.yolov8\valid\labels\WIN_20251107_18_18_07_Pro_mp4-0266_jpg.rf.7bb90e572b186da04ee1f266c696fa73.txt,1280,720,74286,7137915868a71668732bc7e5ceb8ef971e5e9eee177b14bc0925a3560d6f01be,3e9d9fbe9aced9f9,152.0206,339.2586,False,True,False,1,1,0,
valid,D:\.Candra\Project\TA\02_data\raw\Sitting_posture.v17i.yolov8\valid\images\WIN_20251107_18_18_07_Pro_mp4-0267_jpg.rf.90845d78e5b67b58ece7d43c7e98c8b9.jpg,valid\images\WIN_20251107_18_18_07_Pro_mp4-0267_jpg.rf.90845d78e5b67b58ece7d43c7e98c8b9.jpg,D:\.Candra\Project\TA\02_data\raw\Sitting_posture.v17i.yolov8\valid\labels\WIN_20251107_18_18_07_Pro_mp4-0267_jpg.rf.90845d78e5b67b58ece7d43c7e98c8b9.txt,1280,720,77327,c8e2699ba2e1666cba43eb5a7ca4e41d9431d2387bb454446a3ba61cd987b35a,3e9dbf3ebadedbf9,151.4465,350.9714,False,True,False,1,1,0,
valid,D:\.Candra\Project\TA\02_data\raw\Sitting_posture.v17i.yolov8\valid\images\WIN_20251107_18_18_07_Pro_mp4-0272_jpg.rf.4888dedcee23b92c4cd0d475fc4fda48.jpg,valid\images\WIN_20251107_18_18_07_Pro_mp4-0272_jpg.rf.4888dedcee23b92c4cd0d475fc4fda48.jpg,D:\.Candra\Project\TA\02_data\raw\Sitting_posture.v17i.yolov8\valid\labels\WIN_20251107_18_18_07_Pro_mp4-0272_jpg.rf.4888dedcee23b92c4cd0d475fc4fda48.txt,1280,720,80541,7e15b67f157aad627cd7bae76bfec5b650c0e1db858ec8046250132233424859,3e9d3f3e3adad3f1,150.6386,405.6188,False,True,False,1,1,0,
valid,D:\.Candra\Project\TA\02_data\raw\Sitting_posture.v17i.yolov8\valid\images\WIN_20251107_18_18_07_Pro_mp4-0273_jpg.rf.438cc071c4dc809cf47d91b89383547c.jpg,valid\images\WIN_20251107_18_18_07_Pro_mp4-0273_jpg.rf.438cc071c4dc809cf47d91b89383547c.jpg,D:\.Candra\Project\TA\02_data\raw\Sitting_posture.v17i.yolov8\valid\labels\WIN_20251107_18_18_07_Pro_mp4-0273_jpg.rf.438cc071c4dc809cf47d91b89383547c.txt,1280,720,80356,a5ffb9f2a7b4d03a7463b3303f34e3940476a85d37e76726a2108cfa063edd9c,3e9d3f3e3adad3f1,150.5397,422.4479,False,True,False,1,1,0,
valid,D:\.Candra\Project\TA\02_data\raw\Sitting_posture.v17i.yolov8\valid\images\WIN_20251107_18_18_07_Pro_mp4-0274_jpg.rf.5e1b7bf6c3570b7bacc40f6541f8e788.jpg,valid\images\WIN_20251107_18_18_07_Pro_mp4-0274_jpg.rf.5e1b7bf6c3570b7bacc40f6541f8e788.jpg,D:\.Candra\Project\TA\02_data\raw\Sitting_posture.v17i.yolov8\valid\labels\WIN_20251107_18_18_07_Pro_mp4-0274_jpg.rf.5e1b7bf6c3570b7bacc40f6541f8e788.txt,1280,720,79194,36b9edb6f9a9c541405c5907e43fd6f6349b26f9574496f4ffc92990e3f68209,3e9d3f3e7adad3f1,150.8319,408.1811,False,True,False,1,1,0,
valid,D:\.Candra\Project\TA\02_data\raw\Sitting_posture.v17i.yolov8\valid\images\WIN_20251107_18_18_07_Pro_mp4-0275_jpg.rf.6567d60b9bec47317f00b1472e0f8ba0.jpg,valid\images\WIN_20251107_18_18_07_Pro_mp4-0275_jpg.rf.6567d60b9bec47317f00b1472e0f8ba0.jpg,D:\.Candra\Project\TA\02_data\raw\Sitting_posture.v17i.yolov8\valid\labels\WIN_20251107_18_18_07_Pro_mp4-0275_jpg.rf.6567d60b9bec47317f00b1472e0f8ba0.txt,1280,720,79234,57185d1b26f13c148eeb18c01229b9aa73d1cccafa9fabf7483497d26457b1b0,3e9d3f3e7adad3f1,151.1197,412.8785,False,True,False,1,1,0,
valid,D:\.Candra\Project\TA\02_data\raw\Sitting_posture.v17i.yolov8\valid\images\WIN_20251107_18_18_07_Pro_mp4-0278_jpg.rf.b45b00033f561fd972bd638d70f4ab62.jpg,valid\images\WIN_20251107_18_18_07_Pro_mp4-0278_jpg.rf.b45b00033f561fd972bd638d70f4ab62.jpg,D:\.Candra\Project\TA\02_data\raw\Sitting_posture.v17i.yolov8\valid\labels\WIN_20251107_18_18_07_Pro_mp4-0278_jpg.rf.b45b00033f561fd972bd638d70f4ab62.txt,1280,720,77759,0a42dfb18831040bab62e16b383db56d7017a4be8e721fa2eaace3f46e1e02a0,3e9d3f3e3adadbf1,150.8131,364.8034,False,True,False,1,1,0,
valid,D:\.Candra\Project\TA\02_data\raw\Sitting_posture.v17i.yolov8\valid\images\WIN_20251107_18_18_07_Pro_mp4-0279_jpg.rf.0109bacfd2b864b36c92ee4964a37969.jpg,valid\images\WIN_20251107_18_18_07_Pro_mp4-0279_jpg.rf.0109bacfd2b864b36c92ee4964a37969.jpg,D:\.Candra\Project\TA\02_data\raw\Sitting_posture.v17i.yolov8\valid\labels\WIN_20251107_18_18_07_Pro_mp4-0279_jpg.rf.0109bacfd2b864b36c92ee4964a37969.txt,1280,720,78602,c7a3515275cbea6f422d87a818e29ae5fd7aeb754472d88c1b409d975735dfae,3e9d3f3e3adadbf1,150.8634,363.0659,False,True,False,1,1,0,
valid,D:\.Candra\Project\TA\02_data\raw\Sitting_posture.v17i.yolov8\valid\images\WIN_20251107_18_18_07_Pro_mp4-0281_jpg.rf.6f7e0b6423c7dbe9aca646a03afff435.jpg,valid\images\WIN_20251107_18_18_07_Pro_mp4-0281_jpg.rf.6f7e0b6423c7dbe9aca646a03afff435.jpg,D:\.Candra\Project\TA\02_data\raw\Sitting_posture.v17i.yolov8\valid\labels\WIN_20251107_18_18_07_Pro_mp4-0281_jpg.rf.6f7e0b6423c7dbe9aca646a03afff435.txt,1280,720,74439,69723b398cfac8fa8e596bab0d7c92b654bdbe1ab4fa2d974ae182aeae25246f,3e9dbf3ebadedbf9,151.5494,340.2572,False,True,False,1,1,0,
valid,D:\.Candra\Project\TA\02_data\raw\Sitting_posture.v17i.yolov8\valid\images\WIN_20251107_18_18_07_Pro_mp4-0283_jpg.rf.ca603cebbb090d0f464d84c147a48c1a.jpg,valid\images\WIN_20251107_18_18_07_Pro_mp4-0283_jpg.rf.ca603cebbb090d0f464d84c147a48c1a.jpg,D:\.Candra\Project\TA\02_data\raw\Sitting_posture.v17i.yolov8\valid\labels\WIN_20251107_18_18_07_Pro_mp4-0283_jpg.rf.ca603cebbb090d0f464d84c147a48c1a.txt,1280,720,76201,c5d1c3aae7bb34e9fa2765e7cd43567af801efe357953d723804dbffaa91e758,3e9d9f9edaced9f9,153.0619,346.2833,False,True,False,1,1,0,
valid,D:\.Candra\Project\TA\02_data\raw\Sitting_posture.v17i.yolov8\valid\images\WIN_20251107_18_18_07_Pro_mp4-0288_jpg.rf.dbeb23df90a3a9529c1805302b660452.jpg,valid\images\WIN_20251107_18_18_07_Pro_mp4-0288_jpg.rf.dbeb23df90a3a9529c1805302b660452.jpg,D:\.Candra\Project\TA\02_data\raw\Sitting_posture.v17i.yolov8\valid\labels\WIN_20251107_18_18_07_Pro_mp4-0288_jpg.rf.dbeb23df90a3a9529c1805302b660452.txt,1280,720,77883,f707ffdb85447eb78865d9284fab00f0a022a432095f0107787d712143605e36,0e8ddbcececeecac,151.0861,418.5338,False,True,False,1,1,0,
valid,D:\.Candra\Project\TA\02_data\raw\Sitting_posture.v17i.yolov8\valid\images\WIN_20251107_18_18_07_Pro_mp4-0289_jpg.rf.e83d3e40a1ddb77fe7b23f34d867e6e1.jpg,valid\images\WIN_20251107_18_18_07_Pro_mp4-0289_jpg.rf.e83d3e40a1ddb77fe7b23f34d867e6e1.jpg,D:\.Candra\Project\TA\02_data\raw\Sitting_posture.v17i.yolov8\valid\labels\WIN_20251107_18_18_07_Pro_mp4-0289_jpg.rf.e83d3e40a1ddb77fe7b23f34d867e6e1.txt,1280,720,79724,866f675f37f9dd122c7d212cab3c4d9c0f578c1fc67fa01528cb57782ec43ac1,0e8ddbcececeecac,151.0621,426.7094,False,True,False,1,1,0,
valid,D:\.Candra\Project\TA\02_data\raw\Sitting_posture.v17i.yolov8\valid\images\WIN_20251107_18_18_07_Pro_mp4-0295_jpg.rf.f0396dbafe2b0e25114f49ac1561f529.jpg,valid\images\WIN_20251107_18_18_07_Pro_mp4-0295_jpg.rf.f0396dbafe2b0e25114f49ac1561f529.jpg,D:\.Candra\Project\TA\02_data\raw\Sitting_posture.v17i.yolov8\valid\labels\WIN_20251107_18_18_07_Pro_mp4-0295_jpg.rf.f0396dbafe2b0e25114f49ac1561f529.txt,1280,720,77785,13ad73d5054ad0541094351f30720b1226e7de318040a56dc1608cd022427f5e,0e8ddbcececeecac,152.4005,393.308,False,True,False,1,1,0,
valid,D:\.Candra\Project\TA\02_data\raw\Sitting_posture.v17i.yolov8\valid\images\WIN_20251107_18_18_07_Pro_mp4-0300_jpg.rf.c16c573226fdaf20b5fb542cda6ea7d1.jpg,valid\images\WIN_20251107_18_18_07_Pro_mp4-0300_jpg.rf.c16c573226fdaf20b5fb542cda6ea7d1.jpg,D:\.Candra\Project\TA\02_data\raw\Sitting_posture.v17i.yolov8\valid\labels\WIN_20251107_18_18_07_Pro_mp4-0300_jpg.rf.c16c573226fdaf20b5fb542cda6ea7d1.txt,1280,720,76873,e496a07a096ff36b180883c65434144290adb403088d6ae3aa65c487850dd51b,2697d7ced6cef6b4,152.4347,356.0209,False,True,False,1,1,0,
valid,D:\.Candra\Project\TA\02_data\raw\Sitting_posture.v17i.yolov8\valid\images\WIN_20251107_18_18_07_Pro_mp4-0306_jpg.rf.6c21d2afc688a35b8c6147b873ffbaac.jpg,valid\images\WIN_20251107_18_18_07_Pro_mp4-0306_jpg.rf.6c21d2afc688a35b8c6147b873ffbaac.jpg,D:\.Candra\Project\TA\02_data\raw\Sitting_posture.v17i.yolov8\valid\labels\WIN_20251107_18_18_07_Pro_mp4-0306_jpg.rf.6c21d2afc688a35b8c6147b873ffbaac.txt,1280,720,77758,f89c1f843f79b521697dee7d3facbc74916f68dfaf51980112dd3d6c42fcc363,3191ddcbd9d2d292,144.4365,371.9397,False,True,False,1,1,0,
valid,D:\.Candra\Project\TA\02_data\raw\Sitting_posture.v17i.yolov8\valid\images\WIN_20251107_18_18_07_Pro_mp4-0308_jpg.rf.a2286525cbfc8e2e45c6eac7e50d8d9f.jpg,valid\images\WIN_20251107_18_18_07_Pro_mp4-0308_jpg.rf.a2286525cbfc8e2e45c6eac7e50d8d9f.jpg,D:\.Candra\Project\TA\02_data\raw\Sitting_posture.v17i.yolov8\valid\labels\WIN_20251107_18_18_07_Pro_mp4-0308_jpg.rf.a2286525cbfc8e2e45c6eac7e50d8d9f.txt,1280,720,81925,44f464c3968aa4e3046002fee54bf844c008e88c1b15af3a82cf294a3c0eea7f,3191d5c9d9d2d29a,143.5972,469.1956,False,True,False,1,1,0,
valid,D:\.Candra\Project\TA\02_data\raw\Sitting_posture.v17i.yolov8\valid\images\WIN_20251107_18_18_07_Pro_mp4-0311_jpg.rf.0826b9ffd18605d1fcaee476b039218f.jpg,valid\images\WIN_20251107_18_18_07_Pro_mp4-0311_jpg.rf.0826b9ffd18605d1fcaee476b039218f.jpg,D:\.Candra\Project\TA\02_data\raw\Sitting_posture.v17i.yolov8\valid\labels\WIN_20251107_18_18_07_Pro_mp4-0311_jpg.rf.0826b9ffd18605d1fcaee476b039218f.txt,1280,720,81806,5773745710b2730721272452ea9221d3988be703162dde9b4f7b2722f3730912,3191d5c9d9d2d292,143.2568,427.6987,False,True,False,1,1,0,
valid,D:\.Candra\Project\TA\02_data\raw\Sitting_posture.v17i.yolov8\valid\images\WIN_20251107_18_18_07_Pro_mp4-0312_jpg.rf.99fa9814aeb32cb89c8823bf3aed1e67.jpg,valid\images\WIN_20251107_18_18_07_Pro_mp4-0312_jpg.rf.99fa9814aeb32cb89c8823bf3aed1e67.jpg,D:\.Candra\Project\TA\02_data\raw\Sitting_posture.v17i.yolov8\valid\labels\WIN_20251107_18_18_07_Pro_mp4-0312_jpg.rf.99fa9814aeb32cb89c8823bf3aed1e67.txt,1280,720,82983,afd9c48d9a0778a48c33e99460a8d0b63dc24e6e36486c4f27c778fad90874a8,3191d5c9d9d2d292,142.8247,533.2429,False,True,False,1,1,0,
valid,D:\.Candra\Project\TA\02_data\raw\Sitting_posture.v17i.yolov8\valid\images\WIN_20251107_18_18_07_Pro_mp4-0315_jpg.rf.fc339ff02c24361386ddcbefb40b7dd4.jpg,valid\images\WIN_20251107_18_18_07_Pro_mp4-0315_jpg.rf.fc339ff02c24361386ddcbefb40b7dd4.jpg,D:\.Candra\Project\TA\02_data\raw\Sitting_posture.v17i.yolov8\valid\labels\WIN_20251107_18_18_07_Pro_mp4-0315_jpg.rf.fc339ff02c24361386ddcbefb40b7dd4.txt,1280,720,83082,49586bb6b24b539fbc3c1ff72926ca565024beaf765adf994c72c0f068c0d6f4,3191d5c9d9d2d292,143.0954,502.0834,False,True,False,1,1,0,
valid,D:\.Candra\Project\TA\02_data\raw\Sitting_posture.v17i.yolov8\valid\images\WIN_20251107_18_18_07_Pro_mp4-0316_jpg.rf.db34d716e79d1a504098086df1718448.jpg,valid\images\WIN_20251107_18_18_07_Pro_mp4-0316_jpg.rf.db34d716e79d1a504098086df1718448.jpg,D:\.Candra\Project\TA\02_data\raw\Sitting_posture.v17i.yolov8\valid\labels\WIN_20251107_18_18_07_Pro_mp4-0316_jpg.rf.db34d716e79d1a504098086df1718448.txt,1280,720,83136,824c438268b00a11b0cb57394d5c689095fdbe618499977a4cb5dedff01793c9,3191d5c9d9d2d292,143.2031,494.4609,False,True,False,1,1,0,
valid,D:\.Candra\Project\TA\02_data\raw\Sitting_posture.v17i.yolov8\valid\images\WIN_20251107_18_18_07_Pro_mp4-0317_jpg.rf.8fd99c690c00956a8800f2bfba4f6747.jpg,valid\images\WIN_20251107_18_18_07_Pro_mp4-0317_jpg.rf.8fd99c690c00956a8800f2bfba4f6747.jpg,D:\.Candra\Project\TA\02_data\raw\Sitting_posture.v17i.yolov8\valid\labels\WIN_20251107_18_18_07_Pro_mp4-0317_jpg.rf.8fd99c690c00956a8800f2bfba4f6747.txt,1280,720,81042,4d7163945ebe3309e1c4fc6d2a56bd0ecf48d0b09ced0c9113c6e670ddaa8048,3191d5c9d9d2d292,143.687,422.9199,False,True,False,1,1,0,
valid,D:\.Candra\Project\TA\02_data\raw\Sitting_posture.v17i.yolov8\valid\images\WIN_20251107_18_18_07_Pro_mp4-0319_jpg.rf.63732f86ec6d766ce1e253064cf5f321.jpg,valid\images\WIN_20251107_18_18_07_Pro_mp4-0319_jpg.rf.63732f86ec6d766ce1e253064cf5f321.jpg,D:\.Candra\Project\TA\02_data\raw\Sitting_posture.v17i.yolov8\valid\labels\WIN_20251107_18_18_07_Pro_mp4-0319_jpg.rf.63732f86ec6d766ce1e253064cf5f321.txt,1280,720,78837,9a15bdfe1f78a811b6c6b20a5feb596619450a73bdeb856ce2210f3689cb539e,3191d5cbd9d2d292,145.0563,395.2779,False,True,False,1,1,0,
valid,D:\.Candra\Project\TA\02_data\raw\Sitting_posture.v17i.yolov8\valid\images\WIN_20251107_18_18_07_Pro_mp4-0321_jpg.rf.d12512190c4dc3b8eb6db448a70ca0a0.jpg,valid\images\WIN_20251107_18_18_07_Pro_mp4-0321_jpg.rf.d12512190c4dc3b8eb6db448a70ca0a0.jpg,D:\.Candra\Project\TA\02_data\raw\Sitting_posture.v17i.yolov8\valid\labels\WIN_20251107_18_18_07_Pro_mp4-0321_jpg.rf.d12512190c4dc3b8eb6db448a70ca0a0.txt,1280,720,76974,15321b59e8ce76aa168bab34402969e2cbfbf552b42d337cb8517c261206988a,3391ddcbdbd2d296,146.6857,387.23,False,True,False,1,1,0,
valid,D:\.Candra\Project\TA\02_data\raw\Sitting_posture.v17i.yolov8\valid\images\WIN_20251107_18_18_07_Pro_mp4-0322_jpg.rf.3f847f78ebf502f3af651bd9865bfd66.jpg,valid\images\WIN_20251107_18_18_07_Pro_mp4-0322_jpg.rf.3f847f78ebf502f3af651bd9865bfd66.jpg,D:\.Candra\Project\TA\02_data\raw\Sitting_posture.v17i.yolov8\valid\labels\WIN_20251107_18_18_07_Pro_mp4-0322_jpg.rf.3f847f78ebf502f3af651bd9865bfd66.txt,1280,720,77212,5f99e20d810ab582750635c48e956efcdd58a7039d5fb8380be8f8159e44fb0d,3391ddcadbc6d6b6,147.9194,375.1382,False,True,False,1,1,0,
valid,D:\.Candra\Project\TA\02_data\raw\Sitting_posture.v17i.yolov8\valid\images\WIN_20251107_18_18_07_Pro_mp4-0323_jpg.rf.4af80766273be89833da08e2fc98fa41.jpg,valid\images\WIN_20251107_18_18_07_Pro_mp4-0323_jpg.rf.4af80766273be89833da08e2fc98fa41.jpg,D:\.Candra\Project\TA\02_data\raw\Sitting_posture.v17i.yolov8\valid\labels\WIN_20251107_18_18_07_Pro_mp4-0323_jpg.rf.4af80766273be89833da08e2fc98fa41.txt,1280,720,77488,87898e01a87d10013bce96f7e3dacadc5bb923d164f317ccf945adb8158a4c1c,3393dbcadac6d6b6,149.3195,368.6387,False,True,False,1,1,0,
valid,D:\.Candra\Project\TA\02_data\raw\Sitting_posture.v17i.yolov8\valid\images\WIN_20251107_18_18_07_Pro_mp4-0324_jpg.rf.3ad992aec629c6182b01f6e7e8cfef03.jpg,valid\images\WIN_20251107_18_18_07_Pro_mp4-0324_jpg.rf.3ad992aec629c6182b01f6e7e8cfef03.jpg,D:\.Candra\Project\TA\02_data\raw\Sitting_posture.v17i.yolov8\valid\labels\WIN_20251107_18_18_07_Pro_mp4-0324_jpg.rf.3ad992aec629c6182b01f6e7e8cfef03.txt,1280,720,77805,916e93e36941f4ebc3217978776b55d826dfb01d245fd9398d49064a044ab807,2393d7cadac6d6b4,150.4315,368.0647,False,True,False,1,1,0,
valid,D:\.Candra\Project\TA\02_data\raw\Sitting_posture.v17i.yolov8\valid\images\WIN_20251107_18_18_07_Pro_mp4-0325_jpg.rf.6d9cd97ed03767263b86603a57a17f9c.jpg,valid\images\WIN_20251107_18_18_07_Pro_mp4-0325_jpg.rf.6d9cd97ed03767263b86603a57a17f9c.jpg,D:\.Candra\Project\TA\02_data\raw\Sitting_posture.v17i.yolov8\valid\labels\WIN_20251107_18_18_07_Pro_mp4-0325_jpg.rf.6d9cd97ed03767263b86603a57a17f9c.txt,1280,720,77715,aad2ff21c531cce4d67b8750f7e95f094158d07564756d425bebf0d97107924b,2393d7cadac6d6b4,151.1565,367.1551,False,True,False,1,1,0,
valid,D:\.Candra\Project\TA\02_data\raw\Sitting_posture.v17i.yolov8\valid\images\WIN_20251107_18_18_07_Pro_mp4-0327_jpg.rf.193617fc56febc7b922832cd3d7d3b78.jpg,valid\images\WIN_20251107_18_18_07_Pro_mp4-0327_jpg.rf.193617fc56febc7b922832cd3d7d3b78.jpg,D:\.Candra\Project\TA\02_data\raw\Sitting_posture.v17i.yolov8\valid\labels\WIN_20251107_18_18_07_Pro_mp4-0327_jpg.rf.193617fc56febc7b922832cd3d7d3b78.txt,1280,720,77367,263abe3b83e2e2b82b42e4c83b4cfaef90b7e3634ddfa70610597a9c9190a74e,2683d7c6d6c6f6b4,152.7641,363.6834,False,True,False,1,1,0,
valid,D:\.Candra\Project\TA\02_data\raw\Sitting_posture.v17i.yolov8\valid\images\WIN_20251107_18_18_07_Pro_mp4-0330_jpg.rf.96a9a545caa7b83419073acfa31e0029.jpg,valid\images\WIN_20251107_18_18_07_Pro_mp4-0330_jpg.rf.96a9a545caa7b83419073acfa31e0029.jpg,D:\.Candra\Project\TA\02_data\raw\Sitting_posture.v17i.yolov8\valid\labels\WIN_20251107_18_18_07_Pro_mp4-0330_jpg.rf.96a9a545caa7b83419073acfa31e0029.txt,1280,720,75748,430f7bae94d9253ed34fc1ffbeb0a0edf710dde8c6ebfe12b39c66b662916a58,0e87cbcec6ceecac,154.1772,354.6609,False,True,False,1,1,0,
valid,D:\.Candra\Project\TA\02_data\raw\Sitting_posture.v17i.yolov8\valid\images\WIN_20251107_18_18_07_Pro_mp4-0331_jpg.rf.6cd45286f3bb05efaa1223e2bd295c1a.jpg,valid\images\WIN_20251107_18_18_07_Pro_mp4-0331_jpg.rf.6cd45286f3bb05efaa1223e2bd295c1a.jpg,D:\.Candra\Project\TA\02_data\raw\Sitting_posture.v17i.yolov8\valid\labels\WIN_20251107_18_18_07_Pro_mp4-0331_jpg.rf.6cd45286f3bb05efaa1223e2bd295c1a.txt,1280,720,76843,c18d928a72a8d6a4c2a1ba1b182a72819203561de222896fc5e279b8d25bb323,0e87dbcececeecac,154.6827,375.6411,False,True,False,1,1,0,
valid,D:\.Candra\Project\TA\02_data\raw\Sitting_posture.v17i.yolov8\valid\images\WIN_20251107_18_18_07_Pro_mp4-0332_jpg.rf.9f290fea122136fcefa156fadbf8243d.jpg,valid\images\WIN_20251107_18_18_07_Pro_mp4-0332_jpg.rf.9f290fea122136fcefa156fadbf8243d.jpg,D:\.Candra\Project\TA\02_data\raw\Sitting_posture.v17i.yolov8\valid\labels\WIN_20251107_18_18_07_Pro_mp4-0332_jpg.rf.9f290fea122136fcefa156fadbf8243d.txt,1280,720,78661,7583e0a5345f3509258192ff78e8c6388007d920a5e3b41b1aec26c503427bb4,0e8ddbcececeecac,154.8612,395.5029,False,True,False,1,1,0,
valid,D:\.Candra\Project\TA\02_data\raw\Sitting_posture.v17i.yolov8\valid\images\WIN_20251107_18_18_07_Pro_mp4-0335_jpg.rf.2958487255b038b1a39b4f52fc707a78.jpg,valid\images\WIN_20251107_18_18_07_Pro_mp4-0335_jpg.rf.2958487255b038b1a39b4f52fc707a78.jpg,D:\.Candra\Project\TA\02_data\raw\Sitting_posture.v17i.yolov8\valid\labels\WIN_20251107_18_18_07_Pro_mp4-0335_jpg.rf.2958487255b038b1a39b4f52fc707a78.txt,1280,720,78790,75d01323e2849739ba6d97345f68b936211b252bfa84f8c1e4f541c00b962865,0e87dbcececeecac,154.921,405.8316,False,True,False,1,1,0,
valid,D:\.Candra\Project\TA\02_data\raw\Sitting_posture.v17i.yolov8\valid\images\WIN_20251107_18_18_07_Pro_mp4-0340_jpg.rf.b4ceb0d7304739e1b68e654f5150d313.jpg,valid\images\WIN_20251107_18_18_07_Pro_mp4-0340_jpg.rf.b4ceb0d7304739e1b68e654f5150d313.jpg,D:\.Candra\Project\TA\02_data\raw\Sitting_posture.v17i.yolov8\valid\labels\WIN_20251107_18_18_07_Pro_mp4-0340_jpg.rf.b4ceb0d7304739e1b68e654f5150d313.txt,1280,720,80265,165d0f9e43d1a4e5ef30b046a330ed524091a91fcc7fe85259880f4d2388aaf6,0e8ddbcececeecac,152.946,429.5508,False,True,False,1,1,0,
valid,D:\.Candra\Project\TA\02_data\raw\Sitting_posture.v17i.yolov8\valid\images\WIN_20251107_18_18_07_Pro_mp4-0344_jpg.rf.9bb4732b0285f8ee7810158eeb746bee.jpg,valid\images\WIN_20251107_18_18_07_Pro_mp4-0344_jpg.rf.9bb4732b0285f8ee7810158eeb746bee.jpg,D:\.Candra\Project\TA\02_data\raw\Sitting_posture.v17i.yolov8\valid\labels\WIN_20251107_18_18_07_Pro_mp4-0344_jpg.rf.9bb4732b0285f8ee7810158eeb746bee.txt,1280,720,73640,d91f730962f84d83bc28969017dc011b32fa2207d3695a63055120cc3dc2dc54,1e9d9fdececeddac,154.2639,391.8598,False,True,False,1,1,0,
valid,D:\.Candra\Project\TA\02_data\raw\Sitting_posture.v17i.yolov8\valid\images\WIN_20251107_18_18_07_Pro_mp4-0345_jpg.rf.2c2df03857c948b23be3970a1cb6a74c.jpg,valid\images\WIN_20251107_18_18_07_Pro_mp4-0345_jpg.rf.2c2df03857c948b23be3970a1cb6a74c.jpg,D:\.Candra\Project\TA\02_data\raw\Sitting_posture.v17i.yolov8\valid\labels\WIN_20251107_18_18_07_Pro_mp4-0345_jpg.rf.2c2df03857c948b23be3970a1cb6a74c.txt,1280,720,73411,8112725653b76e3ff5a2bd345a2a0e6ae81753e5addea682ca18e9f802c473cd,1e9d9fdececedda8,154.6513,368.2139,False,True,False,1,1,0,
valid,D:\.Candra\Project\TA\02_data\raw\Sitting_posture.v17i.yolov8\valid\images\WIN_20251107_18_18_07_Pro_mp4-0346_jpg.rf.e96a2dd04e2fb3b053f85523e83f5e50.jpg,valid\images\WIN_20251107_18_18_07_Pro_mp4-0346_jpg.rf.e96a2dd04e2fb3b053f85523e83f5e50.jpg,D:\.Candra\Project\TA\02_data\raw\Sitting_posture.v17i.yolov8\valid\labels\WIN_20251107_18_18_07_Pro_mp4-0346_jpg.rf.e96a2dd04e2fb3b053f85523e83f5e50.txt,1280,720,76743,4dd28be076fd7b6013807a17d7588d6bf3e666d94de68af627f32f70d07f653b,3e9d9fdedeceddb8,154.6647,391.8954,False,True,False,1,1,0,
valid,D:\.Candra\Project\TA\02_data\raw\Sitting_posture.v17i.yolov8\valid\images\WIN_20251107_18_18_07_Pro_mp4-0349_jpg.rf.b7a7355d285def49a15a870b73b1426f.jpg,valid\images\WIN_20251107_18_18_07_Pro_mp4-0349_jpg.rf.b7a7355d285def49a15a870b73b1426f.jpg,D:\.Candra\Project\TA\02_data\raw\Sitting_posture.v17i.yolov8\valid\labels\WIN_20251107_18_18_07_Pro_mp4-0349_jpg.rf.b7a7355d285def49a15a870b73b1426f.txt,1280,720,79387,43b677e646fbe6af3bb90e249593576b06c75d26c29dd77a5203404a40e1488c,3e9d9fdedeceddb8,153.6967,468.6627,False,True,False,1,1,0,
valid,D:\.Candra\Project\TA\02_data\raw\Sitting_posture.v17i.yolov8\valid\images\WIN_20251107_18_18_07_Pro_mp4-0350_jpg.rf.618d895864efd4efb29aa925c37ed41c.jpg,valid\images\WIN_20251107_18_18_07_Pro_mp4-0350_jpg.rf.618d895864efd4efb29aa925c37ed41c.jpg,D:\.Candra\Project\TA\02_data\raw\Sitting_posture.v17i.yolov8\valid\labels\WIN_20251107_18_18_07_Pro_mp4-0350_jpg.rf.618d895864efd4efb29aa925c37ed41c.txt,1280,720,79855,821774584f919ac799391f2d018c73a9fb060c6ce89432bc4f8582c4dd239e83,3e9d9fdececeddb8,153.1134,473.0027,False,True,False,1,1,0,
valid,D:\.Candra\Project\TA\02_data\raw\Sitting_posture.v17i.yolov8\valid\images\WIN_20251107_18_18_07_Pro_mp4-0351_jpg.rf.141d12c7ca65929a68d3c273208e07a3.jpg,valid\images\WIN_20251107_18_18_07_Pro_mp4-0351_jpg.rf.141d12c7ca65929a68d3c273208e07a3.jpg,D:\.Candra\Project\TA\02_data\raw\Sitting_posture.v17i.yolov8\valid\labels\WIN_20251107_18_18_07_Pro_mp4-0351_jpg.rf.141d12c7ca65929a68d3c273208e07a3.txt,1280,720,80605,ed2e2f51e72cfd34eb8daf007507b7ee8dfd5945aab6133e4bae3af06bbb6385,1e9d9fdedeceddb8,152.731,473.8097,False,True,False,1,1,0,
valid,D:\.Candra\Project\TA\02_data\raw\Sitting_posture.v17i.yolov8\valid\images\WIN_20251107_18_18_07_Pro_mp4-0352_jpg.rf.f421fbc118dcd8fd52976391a8f8223a.jpg,valid\images\WIN_20251107_18_18_07_Pro_mp4-0352_jpg.rf.f421fbc118dcd8fd52976391a8f8223a.jpg,D:\.Candra\Project\TA\02_data\raw\Sitting_posture.v17i.yolov8\valid\labels\WIN_20251107_18_18_07_Pro_mp4-0352_jpg.rf.f421fbc118dcd8fd52976391a8f8223a.txt,1280,720,80496,59170da846fa4a9ba67fd8a5f74cbe733ec62ebc1fb8781816c7ef1f5f4b93aa,1e9d9fdedeceddb8,152.5804,467.8132,False,True,False,1,1,0,
valid,D:\.Candra\Project\TA\02_data\raw\Sitting_posture.v17i.yolov8\valid\images\WIN_20251107_18_18_07_Pro_mp4-0354_jpg.rf.e8c42f2767f0c3d62f37b03621a93da2.jpg,valid\images\WIN_20251107_18_18_07_Pro_mp4-0354_jpg.rf.e8c42f2767f0c3d62f37b03621a93da2.jpg,D:\.Candra\Project\TA\02_data\raw\Sitting_posture.v17i.yolov8\valid\labels\WIN_20251107_18_18_07_Pro_mp4-0354_jpg.rf.e8c42f2767f0c3d62f37b03621a93da2.txt,1280,720,78601,9a880a9665b98fc1f11b256c141bb9a2d4460317410016d903a286b5d9ff5b31,1e9d9fdececeddb8,152.3416,415.0476,False,True,False,1,1,0,
valid,D:\.Candra\Project\TA\02_data\raw\Sitting_posture.v17i.yolov8\valid\images\WIN_20251107_18_18_07_Pro_mp4-0355_jpg.rf.9ac2611bc3503e50d8547ba694f8f317.jpg,valid\images\WIN_20251107_18_18_07_Pro_mp4-0355_jpg.rf.9ac2611bc3503e50d8547ba694f8f317.jpg,D:\.Candra\Project\TA\02_data\raw\Sitting_posture.v17i.yolov8\valid\labels\WIN_20251107_18_18_07_Pro_mp4-0355_jpg.rf.9ac2611bc3503e50d8547ba694f8f317.txt,1280,720,77774,12b3b468113b4c1b2dd9b38e350244b4f158d81330705f96b8bf606b339614da,1e8d9fdececeddac,152.1378,386.4656,False,True,False,1,1,0,
valid,D:\.Candra\Project\TA\02_data\raw\Sitting_posture.v17i.yolov8\valid\images\WIN_20251107_18_18_07_Pro_mp4-0357_jpg.rf.cbba4c7030b01fd0154735a08fddf57e.jpg,valid\images\WIN_20251107_18_18_07_Pro_mp4-0357_jpg.rf.cbba4c7030b01fd0154735a08fddf57e.jpg,D:\.Candra\Project\TA\02_data\raw\Sitting_posture.v17i.yolov8\valid\labels\WIN_20251107_18_18_07_Pro_mp4-0357_jpg.rf.cbba4c7030b01fd0154735a08fddf57e.txt,1280,720,78377,e708094047c50fc227b4002eae640d049c3bab4b462c63514dff939cb7db994f,0e8ddfcecececdac,151.514,389.6751,False,True,False,1,1,0,
valid,D:\.Candra\Project\TA\02_data\raw\Sitting_posture.v17i.yolov8\valid\images\WIN_20251107_18_18_07_Pro_mp4-0358_jpg.rf.f845cdf5f1892c232fa54e31ec0f0493.jpg,valid\images\WIN_20251107_18_18_07_Pro_mp4-0358_jpg.rf.f845cdf5f1892c232fa54e31ec0f0493.jpg,D:\.Candra\Project\TA\02_data\raw\Sitting_posture.v17i.yolov8\valid\labels\WIN_20251107_18_18_07_Pro_mp4-0358_jpg.rf.f845cdf5f1892c232fa54e31ec0f0493.txt,1280,720,79876,11254425ad65e72656c7838fa08180fd77aef3e575fc771799abfb9bb9158fb9,0e8ddbcecececcac,151.6152,399.0744,False,True,False,1,1,0,
valid,D:\.Candra\Project\TA\02_data\raw\Sitting_posture.v17i.yolov8\valid\images\WIN_20251107_18_18_07_Pro_mp4-0359_jpg.rf.7c4d2c3c5da61fb38bfa499481c377fd.jpg,valid\images\WIN_20251107_18_18_07_Pro_mp4-0359_jpg.rf.7c4d2c3c5da61fb38bfa499481c377fd.jpg,D:\.Candra\Project\TA\02_data\raw\Sitting_posture.v17i.yolov8\valid\labels\WIN_20251107_18_18_07_Pro_mp4-0359_jpg.rf.7c4d2c3c5da61fb38bfa499481c377fd.txt,1280,720,79640,c88a58ead4bc32d11b8b9c962ca96448fbea96ad9238d9971e038dbc196db96d,0e8ddbcececeecac,151.7446,398.8894,False,True,False,1,1,0,
valid,D:\.Candra\Project\TA\02_data\raw\Sitting_posture.v17i.yolov8\valid\images\WIN_20251107_18_18_07_Pro_mp4-0360_jpg.rf.43870fb1b3ab2f3bfafd94562abefb92.jpg,valid\images\WIN_20251107_18_18_07_Pro_mp4-0360_jpg.rf.43870fb1b3ab2f3bfafd94562abefb92.jpg,D:\.Candra\Project\TA\02_data\raw\Sitting_posture.v17i.yolov8\valid\labels\WIN_20251107_18_18_07_Pro_mp4-0360_jpg.rf.43870fb1b3ab2f3bfafd94562abefb92.txt,1280,720,77471,1cef3c8df3fe72a7272ed2376fd332ba7aa645a2a70d0f9d426499a7d651d348,0e8ddbcececeecac,152.166,439.3291,False,True,False,1,1,0,
valid,D:\.Candra\Project\TA\02_data\raw\Sitting_posture.v17i.yolov8\valid\images\WIN_20251107_18_18_07_Pro_mp4-0361_jpg.rf.7d0b0d6dbe097f747a3235bccc335fe7.jpg,valid\images\WIN_20251107_18_18_07_Pro_mp4-0361_jpg.rf.7d0b0d6dbe097f747a3235bccc335fe7.jpg,D:\.Candra\Project\TA\02_data\raw\Sitting_posture.v17i.yolov8\valid\labels\WIN_20251107_18_18_07_Pro_mp4-0361_jpg.rf.7d0b0d6dbe097f747a3235bccc335fe7.txt,1280,720,79971,0c85b1e54683af966ed7d48d94cc9bb8a968662106688e0b94b1ab7efdec2678,0e8ddbcececeecac,152.3198,489.8462,False,True,False,1,1,0,
valid,D:\.Candra\Project\TA\02_data\raw\Sitting_posture.v17i.yolov8\valid\images\WIN_20251107_18_18_07_Pro_mp4-0362_jpg.rf.6f65f00f15a8667b8a66dd7f8f8aa36c.jpg,valid\images\WIN_20251107_18_18_07_Pro_mp4-0362_jpg.rf.6f65f00f15a8667b8a66dd7f8f8aa36c.jpg,D:\.Candra\Project\TA\02_data\raw\Sitting_posture.v17i.yolov8\valid\labels\WIN_20251107_18_18_07_Pro_mp4-0362_jpg.rf.6f65f00f15a8667b8a66dd7f8f8aa36c.txt,1280,720,80635,c091d84837002d25efdb3d90e61a5a41c00fb114b48ff32436ec814c257971c7,0e8ddbcececeecac,152.4603,481.8184,False,True,False,1,1,0,
valid,D:\.Candra\Project\TA\02_data\raw\Sitting_posture.v17i.yolov8\valid\images\WIN_20251107_18_18_07_Pro_mp4-0365_jpg.rf.859c3069ec4ed3f87bf7b5885ddeb675.jpg,valid\images\WIN_20251107_18_18_07_Pro_mp4-0365_jpg.rf.859c3069ec4ed3f87bf7b5885ddeb675.jpg,D:\.Candra\Project\TA\02_data\raw\Sitting_posture.v17i.yolov8\valid\labels\WIN_20251107_18_18_07_Pro_mp4-0365_jpg.rf.859c3069ec4ed3f87bf7b5885ddeb675.txt,1280,720,81085,d9f7ae3e78191742037975a0d8ca2b33a63d0a3931fe7e974a3b54fc3eeebf92,0e8fdbcececeecac,152.1103,439.6568,False,True,False,1,1,0,
valid,D:\.Candra\Project\TA\02_data\raw\Sitting_posture.v17i.yolov8\valid\images\WIN_20251107_18_18_07_Pro_mp4-0371_jpg.rf.320db666b269a665452953c709f61c29.jpg,valid\images\WIN_20251107_18_18_07_Pro_mp4-0371_jpg.rf.320db666b269a665452953c709f61c29.jpg,D:\.Candra\Project\TA\02_data\raw\Sitting_posture.v17i.yolov8\valid\labels\WIN_20251107_18_18_07_Pro_mp4-0371_jpg.rf.320db666b269a665452953c709f61c29.txt,1280,720,78145,ac3c394489a35e728adbaf427ba61393b88f1c6d71f732504d2b03c043fac78c,2693d7ced6ceecb4,147.8371,396.7498,False,True,False,1,1,0,
valid,D:\.Candra\Project\TA\02_data\raw\Sitting_posture.v17i.yolov8\valid\images\WIN_20251107_18_18_07_Pro_mp4-0374_jpg.rf.88cc5fb1fc1234d3f885eb72c7b2ea4c.jpg,valid\images\WIN_20251107_18_18_07_Pro_mp4-0374_jpg.rf.88cc5fb1fc1234d3f885eb72c7b2ea4c.jpg,D:\.Candra\Project\TA\02_data\raw\Sitting_posture.v17i.yolov8\valid\labels\WIN_20251107_18_18_07_Pro_mp4-0374_jpg.rf.88cc5fb1fc1234d3f885eb72c7b2ea4c.txt,1280,720,79481,9df12b59afed802f5dd1ac38870fa0cee9975ac0be67d3b9e2c628b4d98c1c56,2783d7cad2c6f6b4,146.1861,408.8583,False,True,False,1,1,0,
valid,D:\.Candra\Project\TA\02_data\raw\Sitting_posture.v17i.yolov8\valid\images\WIN_20251107_18_18_07_Pro_mp4-0375_jpg.rf.7f32d569601e092d939c78734aa2fb43.jpg,valid\images\WIN_20251107_18_18_07_Pro_mp4-0375_jpg.rf.7f32d569601e092d939c78734aa2fb43.jpg,D:\.Candra\Project\TA\02_data\raw\Sitting_posture.v17i.yolov8\valid\labels\WIN_20251107_18_18_07_Pro_mp4-0375_jpg.rf.7f32d569601e092d939c78734aa2fb43.txt,1280,720,81883,65cb1146ceac4b10ffc09dbfc65433f70eaab5c3d39237bf5b52a515181ebb7f,2383d3cad2c6f6b4,145.7252,423.1981,False,True,False,1,1,0,
valid,D:\.Candra\Project\TA\02_data\raw\Sitting_posture.v17i.yolov8\valid\images\WIN_20251107_18_18_07_Pro_mp4-0377_jpg.rf.a3068927c4914934716972cd79e9e1af.jpg,valid\images\WIN_20251107_18_18_07_Pro_mp4-0377_jpg.rf.a3068927c4914934716972cd79e9e1af.jpg,D:\.Candra\Project\TA\02_data\raw\Sitting_posture.v17i.yolov8\valid\labels\WIN_20251107_18_18_07_Pro_mp4-0377_jpg.rf.a3068927c4914934716972cd79e9e1af.txt,1280,720,84090,aedf09179d5f95793956ead2507076537d885d8acff41b5d6fdc6d98774f173b,2383d3cadac6f6b4,145.3466,511.8499,False,True,False,1,1,0,
valid,D:\.Candra\Project\TA\02_data\raw\Sitting_posture.v17i.yolov8\valid\images\WIN_20251107_18_18_07_Pro_mp4-0379_jpg.rf.c69dc722e9848b5f95896d6093d8eb41.jpg,valid\images\WIN_20251107_18_18_07_Pro_mp4-0379_jpg.rf.c69dc722e9848b5f95896d6093d8eb41.jpg,D:\.Candra\Project\TA\02_data\raw\Sitting_posture.v17i.yolov8\valid\labels\WIN_20251107_18_18_07_Pro_mp4-0379_jpg.rf.c69dc722e9848b5f95896d6093d8eb41.txt,1280,720,83898,dab23f78a9d54d45735f3fc26df7f2abc6c853f4a9b2448e28e3be08d41cca6c,2383d3cadac6f6b4,145.2597,519.5762,False,True,False,1,1,0,
valid,D:\.Candra\Project\TA\02_data\raw\Sitting_posture.v17i.yolov8\valid\images\WIN_20251107_18_18_07_Pro_mp4-0381_jpg.rf.29a327d521467431a66d2e806daf57ec.jpg,valid\images\WIN_20251107_18_18_07_Pro_mp4-0381_jpg.rf.29a327d521467431a66d2e806daf57ec.jpg,D:\.Candra\Project\TA\02_data\raw\Sitting_posture.v17i.yolov8\valid\labels\WIN_20251107_18_18_07_Pro_mp4-0381_jpg.rf.29a327d521467431a66d2e806daf57ec.txt,1280,720,80429,c5eff6bc553e5cbfc0f829f2a4d5550fce496eadf82c2b727ea1e51541cc09e4,2383d7cad2c6f6b4,146.0484,411.449,False,True,False,1,1,0,
valid,D:\.Candra\Project\TA\02_data\raw\Sitting_posture.v17i.yolov8\valid\images\WIN_20251107_18_18_07_Pro_mp4-0382_jpg.rf.b6de3b7c83d4134591f14b43d8151b25.jpg,valid\images\WIN_20251107_18_18_07_Pro_mp4-0382_jpg.rf.b6de3b7c83d4134591f14b43d8151b25.jpg,D:\.Candra\Project\TA\02_data\raw\Sitting_posture.v17i.yolov8\valid\labels\WIN_20251107_18_18_07_Pro_mp4-0382_jpg.rf.b6de3b7c83d4134591f14b43d8151b25.txt,1280,720,79248,beb880a0a83e8452211cfac58e4d32552e7f9b0bfedf11106a22db516b301a12,2383d7ced2c6f4b4,147.3086,399.3138,False,True,False,1,1,0,
valid,D:\.Candra\Project\TA\02_data\raw\Sitting_posture.v17i.yolov8\valid\images\WIN_20251107_18_18_07_Pro_mp4-0383_jpg.rf.999a469ee1c2b2483a4e837b104ed6ce.jpg,valid\images\WIN_20251107_18_18_07_Pro_mp4-0383_jpg.rf.999a469ee1c2b2483a4e837b104ed6ce.jpg,D:\.Candra\Project\TA\02_data\raw\Sitting_posture.v17i.yolov8\valid\labels\WIN_20251107_18_18_07_Pro_mp4-0383_jpg.rf.999a469ee1c2b2483a4e837b104ed6ce.txt,1280,720,78943,232a7fe840edc7e0225bb36a6ed31024e4e97c5f5215c93f3393688a56d9b429,2683d7ced6cef4b4,148.7799,401.3449,False,True,False,1,1,0,
valid,D:\.Candra\Project\TA\02_data\raw\Sitting_posture.v17i.yolov8\valid\images\WIN_20251107_18_18_07_Pro_mp4-0385_jpg.rf.3bcc101e559ea3ce9d33e38497a93545.jpg,valid\images\WIN_20251107_18_18_07_Pro_mp4-0385_jpg.rf.3bcc101e559ea3ce9d33e38497a93545.jpg,D:\.Candra\Project\TA\02_data\raw\Sitting_posture.v17i.yolov8\valid\labels\WIN_20251107_18_18_07_Pro_mp4-0385_jpg.rf.3bcc101e559ea3ce9d33e38497a93545.txt,1280,720,77844,00277c3f798cf2e00b641af14cc4735591a765589236fb822afd83fb17fa5228,2687cfced6ceecbc,149.6886,393.0627,False,True,False,1,1,0,
valid,D:\.Candra\Project\TA\02_data\raw\Sitting_posture.v17i.yolov8\valid\images\WIN_20251107_18_18_07_Pro_mp4-0387_jpg.rf.b85a4d7f9004d264f40c0f11f453c132.jpg,valid\images\WIN_20251107_18_18_07_Pro_mp4-0387_jpg.rf.b85a4d7f9004d264f40c0f11f453c132.jpg,D:\.Candra\Project\TA\02_data\raw\Sitting_posture.v17i.yolov8\valid\labels\WIN_20251107_18_18_07_Pro_mp4-0387_jpg.rf.b85a4d7f9004d264f40c0f11f453c132.txt,1280,720,77841,89b9a4eaada5ce5f194f72e5c560e3211fe6eda5026ef9e8914d4ad0471d66a0,0687cbcec6ceecbc,149.9023,394.997,False,True,False,1,1,0,
valid,D:\.Candra\Project\TA\02_data\raw\Sitting_posture.v17i.yolov8\valid\images\WIN_20251107_18_18_07_Pro_mp4-0389_jpg.rf.79c97e3df45ec483f4c0a995e05760d9.jpg,valid\images\WIN_20251107_18_18_07_Pro_mp4-0389_jpg.rf.79c97e3df45ec483f4c0a995e05760d9.jpg,D:\.Candra\Project\TA\02_data\raw\Sitting_posture.v17i.yolov8\valid\labels\WIN_20251107_18_18_07_Pro_mp4-0389_jpg.rf.79c97e3df45ec483f4c0a995e05760d9.txt,1280,720,81066,fc15e0e09255fffd10971496522d629af8188b4175e0b77574fbac1e46ef815d,0e87cbcececeecac,149.9918,433.8609,False,True,False,1,1,0,
valid,D:\.Candra\Project\TA\02_data\raw\Sitting_posture.v17i.yolov8\valid\images\WIN_20251107_18_18_07_Pro_mp4-0391_jpg.rf.66eee9b14580d3eee9fba6c38dd78a67.jpg,valid\images\WIN_20251107_18_18_07_Pro_mp4-0391_jpg.rf.66eee9b14580d3eee9fba6c38dd78a67.jpg,D:\.Candra\Project\TA\02_data\raw\Sitting_posture.v17i.yolov8\valid\labels\WIN_20251107_18_18_07_Pro_mp4-0391_jpg.rf.66eee9b14580d3eee9fba6c38dd78a67.txt,1280,720,83655,4dee3b6197e784c0d7e8c00ec53626794a07035e3facb6d23ee169ef6effea19,0e87cbcececeecac,149.7431,505.7071,False,True,False,1,1,0,
valid,D:\.Candra\Project\TA\02_data\raw\Sitting_posture.v17i.yolov8\valid\images\WIN_20251107_18_18_07_Pro_mp4-0392_jpg.rf.2860bbd92dde3f09532d9704d61440f3.jpg,valid\images\WIN_20251107_18_18_07_Pro_mp4-0392_jpg.rf.2860bbd92dde3f09532d9704d61440f3.jpg,D:\.Candra\Project\TA\02_data\raw\Sitting_posture.v17i.yolov8\valid\labels\WIN_20251107_18_18_07_Pro_mp4-0392_jpg.rf.2860bbd92dde3f09532d9704d61440f3.txt,1280,720,81708,0110a7035708856527fefcf8d7f8246bc41267cf8f9e2257e6fb2658bfbac7a8,0e87cbcec6ceecac,149.3642,549.9154,False,True,False,1,1,0,
valid,D:\.Candra\Project\TA\02_data\raw\Sitting_posture.v17i.yolov8\valid\images\WIN_20251107_18_18_07_Pro_mp4-0393_jpg.rf.75bf7e1384b5dd0d5ed82b07e6320949.jpg,valid\images\WIN_20251107_18_18_07_Pro_mp4-0393_jpg.rf.75bf7e1384b5dd0d5ed82b07e6320949.jpg,D:\.Candra\Project\TA\02_data\raw\Sitting_posture.v17i.yolov8\valid\labels\WIN_20251107_18_18_07_Pro_mp4-0393_jpg.rf.75bf7e1384b5dd0d5ed82b07e6320949.txt,1280,720,82298,857e458bcb965a9cf625e69909597cba2e30173d5441e1cbcb541b5b4a7b2fe6,0e87cbcec6ceecac,149.4487,513.1898,False,True,False,1,1,0,
test,D:\.Candra\Project\TA\02_data\raw\Sitting_posture.v17i.yolov8\test\images\WIN_20251109_20_43_47_Pro_mp4-0000_jpg.rf.7e2a635cc2d646f4874d525b3198c816.jpg,test\images\WIN_20251109_20_43_47_Pro_mp4-0000_jpg.rf.7e2a635cc2d646f4874d525b3198c816.jpg,D:\.Candra\Project\TA\02_data\raw\Sitting_posture.v17i.yolov8\test\labels\WIN_20251109_20_43_47_Pro_mp4-0000_jpg.rf.7e2a635cc2d646f4874d525b3198c816.txt,1280,720,75141,3ffba17eb670eae1dd9bcb7e9bd9ce8c7c3739e77362048916f6bf5843c7b149,03030706121a3030,85.3354,204.0347,False,True,False,1,1,0,
test,D:\.Candra\Project\TA\02_data\raw\Sitting_posture.v17i.yolov8\test\images\WIN_20251109_20_43_47_Pro_mp4-0001_jpg.rf.bcd9cea2e833550078653893f4cb3ff2.jpg,test\images\WIN_20251109_20_43_47_Pro_mp4-0001_jpg.rf.bcd9cea2e833550078653893f4cb3ff2.jpg,D:\.Candra\Project\TA\02_data\raw\Sitting_posture.v17i.yolov8\test\labels\WIN_20251109_20_43_47_Pro_mp4-0001_jpg.rf.bcd9cea2e833550078653893f4cb3ff2.txt,1280,720,58066,3b81dfed39d4d66cbeef1b23a89d900394f78e1908b37fba26631f93646b3322,03030706121a3034,85.9353,147.7674,False,True,False,1,1,0,
test,D:\.Candra\Project\TA\02_data\raw\Sitting_posture.v17i.yolov8\test\images\WIN_20251109_20_43_47_Pro_mp4-0002_jpg.rf.a47d2ec0697e9c2cc027de32aba1af84.jpg,test\images\WIN_20251109_20_43_47_Pro_mp4-0002_jpg.rf.a47d2ec0697e9c2cc027de32aba1af84.jpg,D:\.Candra\Project\TA\02_data\raw\Sitting_posture.v17i.yolov8\test\labels\WIN_20251109_20_43_47_Pro_mp4-0002_jpg.rf.a47d2ec0697e9c2cc027de32aba1af84.txt,1280,720,53143,2f87e435704b87948d81b50f7b39a72ded35f6d1b1d9f41b28869f726d3f28c5,030307021a1a3030,85.935,124.0888,False,True,False,1,1,0,
test,D:\.Candra\Project\TA\02_data\raw\Sitting_posture.v17i.yolov8\test\images\WIN_20251109_20_43_47_Pro_mp4-0003_jpg.rf.90a898d834d4a0b26c9035dbe149bb27.jpg,test\images\WIN_20251109_20_43_47_Pro_mp4-0003_jpg.rf.90a898d834d4a0b26c9035dbe149bb27.jpg,D:\.Candra\Project\TA\02_data\raw\Sitting_posture.v17i.yolov8\test\labels\WIN_20251109_20_43_47_Pro_mp4-0003_jpg.rf.90a898d834d4a0b26c9035dbe149bb27.txt,1280,720,52173,f472cea732847454e094e4d66a794fd7689767a5733e3c3d14e68357e9de93c3,030307021a1a3030,86.0647,122.7625,False,True,False,1,1,0,
test,D:\.Candra\Project\TA\02_data\raw\Sitting_posture.v17i.yolov8\test\images\WIN_20251109_20_43_47_Pro_mp4-0004_jpg.rf.51c2a7ee7ff2f4e4ac82cff08cb13ceb.jpg,test\images\WIN_20251109_20_43_47_Pro_mp4-0004_jpg.rf.51c2a7ee7ff2f4e4ac82cff08cb13ceb.jpg,D:\.Candra\Project\TA\02_data\raw\Sitting_posture.v17i.yolov8\test\labels\WIN_20251109_20_43_47_Pro_mp4-0004_jpg.rf.51c2a7ee7ff2f4e4ac82cff08cb13ceb.txt,1280,720,51585,e1369025f7010f720c3fc37cb7b5492ec9f9486304382d3938bc598b492e7777,030307021a1a3030,85.9724,118.6741,False,True,False,1,1,0,
test,D:\.Candra\Project\TA\02_data\raw\Sitting_posture.v17i.yolov8\test\images\WIN_20251109_20_43_47_Pro_mp4-0005_jpg.rf.07d4c5e9e1967db371e7bf9ae03d68b8.jpg,test\images\WIN_20251109_20_43_47_Pro_mp4-0005_jpg.rf.07d4c5e9e1967db371e7bf9ae03d68b8.jpg,D:\.Candra\Project\TA\02_data\raw\Sitting_posture.v17i.yolov8\test\labels\WIN_20251109_20_43_47_Pro_mp4-0005_jpg.rf.07d4c5e9e1967db371e7bf9ae03d68b8.txt,1280,720,51592,32ca1a4e881826d3f1795b2af718cc9079381792c1cb443eee83a7ec3dfc3691,030307021a1a3030,85.8734,121.6479,False,True,False,1,1,0,
test,D:\.Candra\Project\TA\02_data\raw\Sitting_posture.v17i.yolov8\test\images\WIN_20251109_20_43_47_Pro_mp4-0006_jpg.rf.d7b5d30568b3b441a4cbf3432d142ba9.jpg,test\images\WIN_20251109_20_43_47_Pro_mp4-0006_jpg.rf.d7b5d30568b3b441a4cbf3432d142ba9.jpg,D:\.Candra\Project\TA\02_data\raw\Sitting_posture.v17i.yolov8\test\labels\WIN_20251109_20_43_47_Pro_mp4-0006_jpg.rf.d7b5d30568b3b441a4cbf3432d142ba9.txt,1280,720,52132,b1118c5daa1483396ffeeae1af6436bbc960f1181a264247eb5dce1854850d0a,030307021a1a3030,85.9568,120.6838,False,True,False,1,1,0,
test,D:\.Candra\Project\TA\02_data\raw\Sitting_posture.v17i.yolov8\test\images\WIN_20251109_20_43_47_Pro_mp4-0007_jpg.rf.35426123a5610ca6e2e91db4a9d09853.jpg,test\images\WIN_20251109_20_43_47_Pro_mp4-0007_jpg.rf.35426123a5610ca6e2e91db4a9d09853.jpg,D:\.Candra\Project\TA\02_data\raw\Sitting_posture.v17i.yolov8\test\labels\WIN_20251109_20_43_47_Pro_mp4-0007_jpg.rf.35426123a5610ca6e2e91db4a9d09853.txt,1280,720,52125,bc46238d0d4115b8fad9bd9c98e72a754d3ab41d3a73c9fe7bf803458b0213c8,030307021a1a3030,85.9847,122.2264,False,True,False,1,1,0,
test,D:\.Candra\Project\TA\02_data\raw\Sitting_posture.v17i.yolov8\test\images\WIN_20251109_20_43_47_Pro_mp4-0008_jpg.rf.910845fc2407a6cccd1ab66480c89516.jpg,test\images\WIN_20251109_20_43_47_Pro_mp4-0008_jpg.rf.910845fc2407a6cccd1ab66480c89516.jpg,D:\.Candra\Project\TA\02_data\raw\Sitting_posture.v17i.yolov8\test\labels\WIN_20251109_20_43_47_Pro_mp4-0008_jpg.rf.910845fc2407a6cccd1ab66480c89516.txt,1280,720,52091,3148e5fcaca4537330abb81ea6b5e8fa6ddf9b66a0eeb3e0857eecaf7308ba3c,030307021a1a3030,85.9482,120.0551,False,True,False,1,1,0,
test,D:\.Candra\Project\TA\02_data\raw\Sitting_posture.v17i.yolov8\test\images\WIN_20251109_20_43_47_Pro_mp4-0009_jpg.rf.12db9333f594cbd93bd0b03ac55eb5d2.jpg,test\images\WIN_20251109_20_43_47_Pro_mp4-0009_jpg.rf.12db9333f594cbd93bd0b03ac55eb5d2.jpg,D:\.Candra\Project\TA\02_data\raw\Sitting_posture.v17i.yolov8\test\labels\WIN_20251109_20_43_47_Pro_mp4-0009_jpg.rf.12db9333f594cbd93bd0b03ac55eb5d2.txt,1280,720,52188,dd1d6dc22388d87d844a447805cd7a18345e521f09897dcf21b9e09f0d1da917,030307021a1a3030,85.9395,121.3524,False,True,False,1,1,0,
test,D:\.Candra\Project\TA\02_data\raw\Sitting_posture.v17i.yolov8\test\images\WIN_20251109_20_43_47_Pro_mp4-0010_jpg.rf.9471b44dadefb20e2481df2f5d73be6e.jpg,test\images\WIN_20251109_20_43_47_Pro_mp4-0010_jpg.rf.9471b44dadefb20e2481df2f5d73be6e.jpg,D:\.Candra\Project\TA\02_data\raw\Sitting_posture.v17i.yolov8\test\labels\WIN_20251109_20_43_47_Pro_mp4-0010_jpg.rf.9471b44dadefb20e2481df2f5d73be6e.txt,1280,720,58020,5f64e2d70a7ed2dc39a5c559c710feb166e75a127d90e374216465c464bbb456,030307021a1a3030,85.9886,154.9311,False,True,False,1,1,0,
test,D:\.Candra\Project\TA\02_data\raw\Sitting_posture.v17i.yolov8\test\images\WIN_20251109_20_43_47_Pro_mp4-0011_jpg.rf.5fba9ce7fe6f10ec10f67e8fe734e1b1.jpg,test\images\WIN_20251109_20_43_47_Pro_mp4-0011_jpg.rf.5fba9ce7fe6f10ec10f67e8fe734e1b1.jpg,D:\.Candra\Project\TA\02_data\raw\Sitting_posture.v17i.yolov8\test\labels\WIN_20251109_20_43_47_Pro_mp4-0011_jpg.rf.5fba9ce7fe6f10ec10f67e8fe734e1b1.txt,1280,720,53147,2f45aecf96c39ed68597ce22d2014d2dc0775887f195aeac3bd581013f1d916b,030307021a1a3030,85.994,123.0368,False,True,False,1,1,0,
test,D:\.Candra\Project\TA\02_data\raw\Sitting_posture.v17i.yolov8\test\images\WIN_20251109_20_43_47_Pro_mp4-0012_jpg.rf.d463db7a8117e43be6344bcdb8fabd58.jpg,test\images\WIN_20251109_20_43_47_Pro_mp4-0012_jpg.rf.d463db7a8117e43be6344bcdb8fabd58.jpg,D:\.Candra\Project\TA\02_data\raw\Sitting_posture.v17i.yolov8\test\labels\WIN_20251109_20_43_47_Pro_mp4-0012_jpg.rf.d463db7a8117e43be6344bcdb8fabd58.txt,1280,720,51903,dd30b2ea084a45f808ecc93d82ff8526140863a1e583ee7b758163c0b432f82f,03030702121a3030,85.8663,119.4495,False,True,False,1,1,0,
test,D:\.Candra\Project\TA\02_data\raw\Sitting_posture.v17i.yolov8\test\images\WIN_20251109_20_43_47_Pro_mp4-0013_jpg.rf.e1f8a24763d2606e664a046dc488660c.jpg,test\images\WIN_20251109_20_43_47_Pro_mp4-0013_jpg.rf.e1f8a24763d2606e664a046dc488660c.jpg,D:\.Candra\Project\TA\02_data\raw\Sitting_posture.v17i.yolov8\test\labels\WIN_20251109_20_43_47_Pro_mp4-0013_jpg.rf.e1f8a24763d2606e664a046dc488660c.txt,1280,720,51747,376c627d79f74b8e61d776190561c4f6d0ed713371ded5186da3e28dcd72b997,0303070612123030,85.8376,120.2734,False,True,False,1,1,0,
test,D:\.Candra\Project\TA\02_data\raw\Sitting_posture.v17i.yolov8\test\images\WIN_20251109_20_43_47_Pro_mp4-0014_jpg.rf.ff1791c7beede7462051be80c0852966.jpg,test\images\WIN_20251109_20_43_47_Pro_mp4-0014_jpg.rf.ff1791c7beede7462051be80c0852966.jpg,D:\.Candra\Project\TA\02_data\raw\Sitting_posture.v17i.yolov8\test\labels\WIN_20251109_20_43_47_Pro_mp4-0014_jpg.rf.ff1791c7beede7462051be80c0852966.txt,1280,720,51607,676c961d899d8842e0c3001c60a488e9cb74b5bc48da2715290c1b003ce41469,0303070612123030,85.7766,120.8439,False,True,False,1,1,0,
test,D:\.Candra\Project\TA\02_data\raw\Sitting_posture.v17i.yolov8\test\images\WIN_20251109_20_43_47_Pro_mp4-0015_jpg.rf.de3cc4e44d096f4e08d06cb3e7737195.jpg,test\images\WIN_20251109_20_43_47_Pro_mp4-0015_jpg.rf.de3cc4e44d096f4e08d06cb3e7737195.jpg,D:\.Candra\Project\TA\02_data\raw\Sitting_posture.v17i.yolov8\test\labels\WIN_20251109_20_43_47_Pro_mp4-0015_jpg.rf.de3cc4e44d096f4e08d06cb3e7737195.txt,1280,720,52193,6aeed985ab659e514088c3e37aadcf75121512f8cf1e7a59b2cc1c8e02e93eb9,0303070612123030,85.6976,120.3254,False,True,False,1,1,0,
test,D:\.Candra\Project\TA\02_data\raw\Sitting_posture.v17i.yolov8\test\images\WIN_20251109_20_43_47_Pro_mp4-0016_jpg.rf.80039933e79ca8bfda6715c59d2cc9fd.jpg,test\images\WIN_20251109_20_43_47_Pro_mp4-0016_jpg.rf.80039933e79ca8bfda6715c59d2cc9fd.jpg,D:\.Candra\Project\TA\02_data\raw\Sitting_posture.v17i.yolov8\test\labels\WIN_20251109_20_43_47_Pro_mp4-0016_jpg.rf.80039933e79ca8bfda6715c59d2cc9fd.txt,1280,720,52639,8f2fa7f35b71529635b20c5bcb14d92dfd3b80f4a08202afbd894559708f3ea4,0303030612123030,85.9435,125.1884,False,True,False,1,1,0,
test,D:\.Candra\Project\TA\02_data\raw\Sitting_posture.v17i.yolov8\test\images\WIN_20251109_20_43_47_Pro_mp4-0017_jpg.rf.1f7be6fe228318bff740b977d3439d3f.jpg,test\images\WIN_20251109_20_43_47_Pro_mp4-0017_jpg.rf.1f7be6fe228318bff740b977d3439d3f.jpg,D:\.Candra\Project\TA\02_data\raw\Sitting_posture.v17i.yolov8\test\labels\WIN_20251109_20_43_47_Pro_mp4-0017_jpg.rf.1f7be6fe228318bff740b977d3439d3f.txt,1280,720,52879,8e53a65c6ba06e3be958a648b49d5f2c7c72bba57a93420049465851d1619e38,0303030612323030,86.0363,127.0218,False,True,False,1,1,0,
test,D:\.Candra\Project\TA\02_data\raw\Sitting_posture.v17i.yolov8\test\images\WIN_20251109_20_43_47_Pro_mp4-0018_jpg.rf.3bba56fc5c88c6ba41346025b6cb1efe.jpg,test\images\WIN_20251109_20_43_47_Pro_mp4-0018_jpg.rf.3bba56fc5c88c6ba41346025b6cb1efe.jpg,D:\.Candra\Project\TA\02_data\raw\Sitting_posture.v17i.yolov8\test\labels\WIN_20251109_20_43_47_Pro_mp4-0018_jpg.rf.3bba56fc5c88c6ba41346025b6cb1efe.txt,1280,720,52776,3abbaa7aa55b4475967352e57f5e7473f5adbea8fd4da61909a841b1f54e6a0b,0303030612323030,85.9665,127.0636,False,True,False,1,1,0,
test,D:\.Candra\Project\TA\02_data\raw\Sitting_posture.v17i.yolov8\test\images\WIN_20251109_20_43_47_Pro_mp4-0019_jpg.rf.de3fa6cf1de2fdec219a0b9d7ef69742.jpg,test\images\WIN_20251109_20_43_47_Pro_mp4-0019_jpg.rf.de3fa6cf1de2fdec219a0b9d7ef69742.jpg,D:\.Candra\Project\TA\02_data\raw\Sitting_posture.v17i.yolov8\test\labels\WIN_20251109_20_43_47_Pro_mp4-0019_jpg.rf.de3fa6cf1de2fdec219a0b9d7ef69742.txt,1280,720,52760,4633e1aa9c5a830ec2be6926e8bc08aa1abe9f68832730252cb05fcbaf3052ac,0303030612323030,85.9268,129.4992,False,True,False,1,1,0,
test,D:\.Candra\Project\TA\02_data\raw\Sitting_posture.v17i.yolov8\test\images\WIN_20251109_20_43_47_Pro_mp4-0020_jpg.rf.454c62ba2feb0af554f542cb24448285.jpg,test\images\WIN_20251109_20_43_47_Pro_mp4-0020_jpg.rf.454c62ba2feb0af554f542cb24448285.jpg,D:\.Candra\Project\TA\02_data\raw\Sitting_posture.v17i.yolov8\test\labels\WIN_20251109_20_43_47_Pro_mp4-0020_jpg.rf.454c62ba2feb0af554f542cb24448285.txt,1280,720,52524,dff753ca0f7e1c4cce08c3dea8ec294b13383267f2cc6316439bf303700cfc32,0303030612323030,85.9597,129.3272,False,True,False,1,1,0,
test,D:\.Candra\Project\TA\02_data\raw\Sitting_posture.v17i.yolov8\test\images\WIN_20251109_20_43_47_Pro_mp4-0021_jpg.rf.4cd2a79785edf924ad2f7ee65fc0bcda.jpg,test\images\WIN_20251109_20_43_47_Pro_mp4-0021_jpg.rf.4cd2a79785edf924ad2f7ee65fc0bcda.jpg,D:\.Candra\Project\TA\02_data\raw\Sitting_posture.v17i.yolov8\test\labels\WIN_20251109_20_43_47_Pro_mp4-0021_jpg.rf.4cd2a79785edf924ad2f7ee65fc0bcda.txt,1280,720,54164,5b7f534dab197a9bca41dcfcb13edf986f42f6226ba7d23353ab5790e9e7abb6,0303030612323030,85.738,128.943,False,True,False,1,1,0,
test,D:\.Candra\Project\TA\02_data\raw\Sitting_posture.v17i.yolov8\test\images\WIN_20251109_20_43_47_Pro_mp4-0022_jpg.rf.22186a9e39bd4c333cf4b884d00a3053.jpg,test\images\WIN_20251109_20_43_47_Pro_mp4-0022_jpg.rf.22186a9e39bd4c333cf4b884d00a3053.jpg,D:\.Candra\Project\TA\02_data\raw\Sitting_posture.v17i.yolov8\test\labels\WIN_20251109_20_43_47_Pro_mp4-0022_jpg.rf.22186a9e39bd4c333cf4b884d00a3053.txt,1280,720,52516,a908ac7afe6f01ea1b11a058b4440c36148f8bf44493db82095649e90940490a,0303030612323030,85.7272,127.1805,False,True,False,1,1,0,
test,D:\.Candra\Project\TA\02_data\raw\Sitting_posture.v17i.yolov8\test\images\WIN_20251109_20_43_47_Pro_mp4-0023_jpg.rf.34b3d1c8fb6627d367582e9268fae13d.jpg,test\images\WIN_20251109_20_43_47_Pro_mp4-0023_jpg.rf.34b3d1c8fb6627d367582e9268fae13d.jpg,D:\.Candra\Project\TA\02_data\raw\Sitting_posture.v17i.yolov8\test\labels\WIN_20251109_20_43_47_Pro_mp4-0023_jpg.rf.34b3d1c8fb6627d367582e9268fae13d.txt,1280,720,52154,dc0ee014eff53f8a41044ea180474179fbf1f76262644cf0c1ef8c9622e14423,0303030612323030,85.7009,127.1285,False,True,False,1,1,0,
test,D:\.Candra\Project\TA\02_data\raw\Sitting_posture.v17i.yolov8\test\images\WIN_20251109_20_43_47_Pro_mp4-0024_jpg.rf.fbfc63973bcb348b875c01a789ed729b.jpg,test\images\WIN_20251109_20_43_47_Pro_mp4-0024_jpg.rf.fbfc63973bcb348b875c01a789ed729b.jpg,D:\.Candra\Project\TA\02_data\raw\Sitting_posture.v17i.yolov8\test\labels\WIN_20251109_20_43_47_Pro_mp4-0024_jpg.rf.fbfc63973bcb348b875c01a789ed729b.txt,1280,720,52014,c28252943785bde969bd59ae2f05c47457d2233981863a26944c4c29c066ef9f,0303030e12323030,85.6642,125.6009,False,True,False,1,1,0,
test,D:\.Candra\Project\TA\02_data\raw\Sitting_posture.v17i.yolov8\test\images\WIN_20251109_20_43_47_Pro_mp4-0025_jpg.rf.a3daba077101e47158e2c180fdcb9939.jpg,test\images\WIN_20251109_20_43_47_Pro_mp4-0025_jpg.rf.a3daba077101e47158e2c180fdcb9939.jpg,D:\.Candra\Project\TA\02_data\raw\Sitting_posture.v17i.yolov8\test\labels\WIN_20251109_20_43_47_Pro_mp4-0025_jpg.rf.a3daba077101e47158e2c180fdcb9939.txt,1280,720,51854,19a9db3c0b1b8f432380390a4619be20794c60cfb52312659c5d5a4a67469646,0303030612323030,85.7081,124.0162,False,True,False,1,1,0,
test,D:\.Candra\Project\TA\02_data\raw\Sitting_posture.v17i.yolov8\test\images\WIN_20251109_20_43_47_Pro_mp4-0026_jpg.rf.88be77865ab67c14be6bf55adf44d4f4.jpg,test\images\WIN_20251109_20_43_47_Pro_mp4-0026_jpg.rf.88be77865ab67c14be6bf55adf44d4f4.jpg,D:\.Candra\Project\TA\02_data\raw\Sitting_posture.v17i.yolov8\test\labels\WIN_20251109_20_43_47_Pro_mp4-0026_jpg.rf.88be77865ab67c14be6bf55adf44d4f4.txt,1280,720,51557,fe22b6a43c3240938116933275922e0aaed3e61a1bb0acb93ff1954953c82010,0303030612323030,85.7005,123.3983,False,True,False,1,1,0,
test,D:\.Candra\Project\TA\02_data\raw\Sitting_posture.v17i.yolov8\test\images\WIN_20251109_20_43_47_Pro_mp4-0027_jpg.rf.b883ed363d99411529dbfbb8fe0db7c8.jpg,test\images\WIN_20251109_20_43_47_Pro_mp4-0027_jpg.rf.b883ed363d99411529dbfbb8fe0db7c8.jpg,D:\.Candra\Project\TA\02_data\raw\Sitting_posture.v17i.yolov8\test\labels\WIN_20251109_20_43_47_Pro_mp4-0027_jpg.rf.b883ed363d99411529dbfbb8fe0db7c8.txt,1280,720,51779,ad8bc4f2d7bc7afa2d9a0656f7a9a118788a75c312f01b9fe69a37d226792adc,0303030612323030,85.7667,125.5409,False,True,False,1,1,0,
test,D:\.Candra\Project\TA\02_data\raw\Sitting_posture.v17i.yolov8\test\images\WIN_20251109_20_43_47_Pro_mp4-0028_jpg.rf.40ff8ebfaa89ca716420070a88255cb7.jpg,test\images\WIN_20251109_20_43_47_Pro_mp4-0028_jpg.rf.40ff8ebfaa89ca716420070a88255cb7.jpg,D:\.Candra\Project\TA\02_data\raw\Sitting_posture.v17i.yolov8\test\labels\WIN_20251109_20_43_47_Pro_mp4-0028_jpg.rf.40ff8ebfaa89ca716420070a88255cb7.txt,1280,720,56298,5fcd01b446a49aaae22432fc1a5dbc5598540a1ee7d9bf90fe9e3b180bdec65d,0303030612323030,85.7622,156.0993,False,True,False,1,1,0,
test,D:\.Candra\Project\TA\02_data\raw\Sitting_posture.v17i.yolov8\test\images\WIN_20251109_20_43_47_Pro_mp4-0029_jpg.rf.a71e64429bf9028d41dfc593ece7b6ef.jpg,test\images\WIN_20251109_20_43_47_Pro_mp4-0029_jpg.rf.a71e64429bf9028d41dfc593ece7b6ef.jpg,D:\.Candra\Project\TA\02_data\raw\Sitting_posture.v17i.yolov8\test\labels\WIN_20251109_20_43_47_Pro_mp4-0029_jpg.rf.a71e64429bf9028d41dfc593ece7b6ef.txt,1280,720,51420,e9393a5050b3a7defe1852553d5984c6ba65c1b262fe93fac3f48d30d5106d65,0303030612323030,85.9666,121.1375,False,True,False,1,1,0,
test,D:\.Candra\Project\TA\02_data\raw\Sitting_posture.v17i.yolov8\test\images\WIN_20251109_20_43_47_Pro_mp4-0030_jpg.rf.4d4bd936bd59d765a97bf14b6c8645e0.jpg,test\images\WIN_20251109_20_43_47_Pro_mp4-0030_jpg.rf.4d4bd936bd59d765a97bf14b6c8645e0.jpg,D:\.Candra\Project\TA\02_data\raw\Sitting_posture.v17i.yolov8\test\labels\WIN_20251109_20_43_47_Pro_mp4-0030_jpg.rf.4d4bd936bd59d765a97bf14b6c8645e0.txt,1280,720,55554,b70d39ea030861db68b74149feaa06bf48c5ee1062a53df03feb7bc8a03a92e6,0303030632323030,85.9786,146.6075,False,True,False,1,1,0,
test,D:\.Candra\Project\TA\02_data\raw\Sitting_posture.v17i.yolov8\test\images\WIN_20251109_20_43_47_Pro_mp4-0031_jpg.rf.367a3b1ede9c33194acb336838ff4abd.jpg,test\images\WIN_20251109_20_43_47_Pro_mp4-0031_jpg.rf.367a3b1ede9c33194acb336838ff4abd.jpg,D:\.Candra\Project\TA\02_data\raw\Sitting_posture.v17i.yolov8\test\labels\WIN_20251109_20_43_47_Pro_mp4-0031_jpg.rf.367a3b1ede9c33194acb336838ff4abd.txt,1280,720,61589,32e7889b49f7c197b19759c51d2722f2786c267d199f909798f1a669e35c696a,0303030e36323030,86.0709,161.0186,False,True,False,1,1,0,
test,D:\.Candra\Project\TA\02_data\raw\Sitting_posture.v17i.yolov8\test\images\WIN_20251109_20_43_47_Pro_mp4-0032_jpg.rf.3b99acbb1c3e117117a433faef426720.jpg,test\images\WIN_20251109_20_43_47_Pro_mp4-0032_jpg.rf.3b99acbb1c3e117117a433faef426720.jpg,D:\.Candra\Project\TA\02_data\raw\Sitting_posture.v17i.yolov8\test\labels\WIN_20251109_20_43_47_Pro_mp4-0032_jpg.rf.3b99acbb1c3e117117a433faef426720.txt,1280,720,53873,567c0b877b5256c54b03fe500e6f704c55d7fd2edbc281a6f95fbf637684ce63,0303030a26363020,86.2501,127.7878,False,True,False,1,1,0,
test,D:\.Candra\Project\TA\02_data\raw\Sitting_posture.v17i.yolov8\test\images\WIN_20251109_20_43_47_Pro_mp4-0033_jpg.rf.4daf08356dc46876a1fd402cf7934062.jpg,test\images\WIN_20251109_20_43_47_Pro_mp4-0033_jpg.rf.4daf08356dc46876a1fd402cf7934062.jpg,D:\.Candra\Project\TA\02_data\raw\Sitting_posture.v17i.yolov8\test\labels\WIN_20251109_20_43_47_Pro_mp4-0033_jpg.rf.4daf08356dc46876a1fd402cf7934062.txt,1280,720,53260,38895ca6a2399aa676767d070e84dd4a5f5dbeca399429dfbc931550fb8a2c29,0303030226263868,86.6177,128.5363,False,True,False,1,1,0,
test,D:\.Candra\Project\TA\02_data\raw\Sitting_posture.v17i.yolov8\test\images\WIN_20251109_20_43_47_Pro_mp4-0034_jpg.rf.78311216e52d5bf91224c216ccedeed0.jpg,test\images\WIN_20251109_20_43_47_Pro_mp4-0034_jpg.rf.78311216e52d5bf91224c216ccedeed0.jpg,D:\.Candra\Project\TA\02_data\raw\Sitting_posture.v17i.yolov8\test\labels\WIN_20251109_20_43_47_Pro_mp4-0034_jpg.rf.78311216e52d5bf91224c216ccedeed0.txt,1280,720,54051,fb1c0cb6245345a7eb1daea3fb46355544bb4b939e483f18ef233dd083bd7515,0303031226263868,86.9141,142.3229,False,True,False,1,1,0,
test,D:\.Candra\Project\TA\02_data\raw\Sitting_posture.v17i.yolov8\test\images\WIN_20251109_20_43_47_Pro_mp4-0035_jpg.rf.627a32e40d96c2b1e77ac950b949379d.jpg,test\images\WIN_20251109_20_43_47_Pro_mp4-0035_jpg.rf.627a32e40d96c2b1e77ac950b949379d.jpg,D:\.Candra\Project\TA\02_data\raw\Sitting_posture.v17i.yolov8\test\labels\WIN_20251109_20_43_47_Pro_mp4-0035_jpg.rf.627a32e40d96c2b1e77ac950b949379d.txt,1280,720,54478,0919586a5bb60e5041f4aec8a3d403f72e80917f073780e9ad82c5055542a3f7,0303071626643868,86.8605,143.6896,False,True,False,1,1,0,
test,D:\.Candra\Project\TA\02_data\raw\Sitting_posture.v17i.yolov8\test\images\WIN_20251109_20_43_47_Pro_mp4-0036_jpg.rf.1fa2742a2c9f590234c0876afa2cdaa7.jpg,test\images\WIN_20251109_20_43_47_Pro_mp4-0036_jpg.rf.1fa2742a2c9f590234c0876afa2cdaa7.jpg,D:\.Candra\Project\TA\02_data\raw\Sitting_posture.v17i.yolov8\test\labels\WIN_20251109_20_43_47_Pro_mp4-0036_jpg.rf.1fa2742a2c9f590234c0876afa2cdaa7.txt,1280,720,54932,f2205b1c4d5caf22f20b49b87a46e20750e06e55832224f6b30dfa2c52766740,0303031226603868,86.7694,148.2526,False,True,False,1,1,0,
test,D:\.Candra\Project\TA\02_data\raw\Sitting_posture.v17i.yolov8\test\images\WIN_20251109_20_43_47_Pro_mp4-0037_jpg.rf.dec4fce84ced30c47b72f6ad77fd5cee.jpg,test\images\WIN_20251109_20_43_47_Pro_mp4-0037_jpg.rf.dec4fce84ced30c47b72f6ad77fd5cee.jpg,D:\.Candra\Project\TA\02_data\raw\Sitting_posture.v17i.yolov8\test\labels\WIN_20251109_20_43_47_Pro_mp4-0037_jpg.rf.dec4fce84ced30c47b72f6ad77fd5cee.txt,1280,720,55049,04e8ca7874e93d27883d7c73acd35c2ef05609ad70444a8109bcd58b33a051f4,0303031626623868,86.7371,153.4753,False,True,False,1,1,0,
test,D:\.Candra\Project\TA\02_data\raw\Sitting_posture.v17i.yolov8\test\images\WIN_20251109_20_43_47_Pro_mp4-0038_jpg.rf.773d5fe83c56844a8cb97aa5c0628949.jpg,test\images\WIN_20251109_20_43_47_Pro_mp4-0038_jpg.rf.773d5fe83c56844a8cb97aa5c0628949.jpg,D:\.Candra\Project\TA\02_data\raw\Sitting_posture.v17i.yolov8\test\labels\WIN_20251109_20_43_47_Pro_mp4-0038_jpg.rf.773d5fe83c56844a8cb97aa5c0628949.txt,1280,720,56301,58bf9b7ebdba5141887726ecca829194367a9c93e6a18e1de2ce6e1d85b8ba4e,0303031626603868,86.6179,158.3086,False,True,False,1,1,0,
test,D:\.Candra\Project\TA\02_data\raw\Sitting_posture.v17i.yolov8\test\images\WIN_20251109_20_43_47_Pro_mp4-0039_jpg.rf.2d9b27b48fbed870b9cee22d769e8e7b.jpg,test\images\WIN_20251109_20_43_47_Pro_mp4-0039_jpg.rf.2d9b27b48fbed870b9cee22d769e8e7b.jpg,D:\.Candra\Project\TA\02_data\raw\Sitting_posture.v17i.yolov8\test\labels\WIN_20251109_20_43_47_Pro_mp4-0039_jpg.rf.2d9b27b48fbed870b9cee22d769e8e7b.txt,1280,720,58567,346e58493d1617b45aa2b35ce5d83b28a1eff6fe6b3e04a4d5ef6ea6f567e686,0303031226643868,86.7119,169.3857,False,True,False,1,1,0,
test,D:\.Candra\Project\TA\02_data\raw\Sitting_posture.v17i.yolov8\test\images\WIN_20251109_20_43_47_Pro_mp4-0040_jpg.rf.57c0bd56dae7c164a293244872bee5b1.jpg,test\images\WIN_20251109_20_43_47_Pro_mp4-0040_jpg.rf.57c0bd56dae7c164a293244872bee5b1.jpg,D:\.Candra\Project\TA\02_data\raw\Sitting_posture.v17i.yolov8\test\labels\WIN_20251109_20_43_47_Pro_mp4-0040_jpg.rf.57c0bd56dae7c164a293244872bee5b1.txt,1280,720,60075,f37da8a905b7a30d6635541d915f9e0c9cf98d782fe4a0fe595b10980d12dd31,0303031226643868,86.6191,177.8935,False,True,False,1,1,0,
test,D:\.Candra\Project\TA\02_data\raw\Sitting_posture.v17i.yolov8\test\images\WIN_20251109_20_43_47_Pro_mp4-0041_jpg.rf.2e33d5c9bf82567f61b1821423c5c63d.jpg,test\images\WIN_20251109_20_43_47_Pro_mp4-0041_jpg.rf.2e33d5c9bf82567f61b1821423c5c63d.jpg,D:\.Candra\Project\TA\02_data\raw\Sitting_posture.v17i.yolov8\test\labels\WIN_20251109_20_43_47_Pro_mp4-0041_jpg.rf.2e33d5c9bf82567f61b1821423c5c63d.txt,1280,720,67809,d06a8f6bf4d29d87a859d507621c8645d033ae425b6df1d55fd7a43ee7db11c5,0303031226643868,86.7578,203.555,False,True,False,1,1,0,
test,D:\.Candra\Project\TA\02_data\raw\Sitting_posture.v17i.yolov8\test\images\WIN_20251109_20_43_47_Pro_mp4-0042_jpg.rf.62e34c5965b68e0c694e185e24f9739b.jpg,test\images\WIN_20251109_20_43_47_Pro_mp4-0042_jpg.rf.62e34c5965b68e0c694e185e24f9739b.jpg,D:\.Candra\Project\TA\02_data\raw\Sitting_posture.v17i.yolov8\test\labels\WIN_20251109_20_43_47_Pro_mp4-0042_jpg.rf.62e34c5965b68e0c694e185e24f9739b.txt,1280,720,53602,29442f487a69eb4f46a418ba4f3460b12322ad89ecc89d66f34e9e4a1bcd4728,0303030226663868,86.8839,127.0776,False,True,False,1,1,0,
test,D:\.Candra\Project\TA\02_data\raw\Sitting_posture.v17i.yolov8\test\images\WIN_20251109_20_43_47_Pro_mp4-0043_jpg.rf.72f51ec9e8d98c4d51b2445cd2c6ab8f.jpg,test\images\WIN_20251109_20_43_47_Pro_mp4-0043_jpg.rf.72f51ec9e8d98c4d51b2445cd2c6ab8f.jpg,D:\.Candra\Project\TA\02_data\raw\Sitting_posture.v17i.yolov8\test\labels\WIN_20251109_20_43_47_Pro_mp4-0043_jpg.rf.72f51ec9e8d98c4d51b2445cd2c6ab8f.txt,1280,720,52492,61ef77a884fc987792a5241329657b911cf312f67343ebf40173a7037a60e336,0303030226643868,87.0584,128.7874,False,True,False,1,1,0,
test,D:\.Candra\Project\TA\02_data\raw\Sitting_posture.v17i.yolov8\test\images\WIN_20251109_20_43_47_Pro_mp4-0044_jpg.rf.1b693e294bb49a868a28c70da1945ce9.jpg,test\images\WIN_20251109_20_43_47_Pro_mp4-0044_jpg.rf.1b693e294bb49a868a28c70da1945ce9.jpg,D:\.Candra\Project\TA\02_data\raw\Sitting_posture.v17i.yolov8\test\labels\WIN_20251109_20_43_47_Pro_mp4-0044_jpg.rf.1b693e294bb49a868a28c70da1945ce9.txt,1280,720,52156,8f7df0bc255cdc9dc8d382716ca8215502cf292461f297ae5d023ddddef643ff,0303030226643868,86.9336,126.2027,False,True,False,1,1,0,
test,D:\.Candra\Project\TA\02_data\raw\Sitting_posture.v17i.yolov8\test\images\WIN_20251109_20_43_47_Pro_mp4-0045_jpg.rf.9a64d208ef8f554935e69607f34afdd2.jpg,test\images\WIN_20251109_20_43_47_Pro_mp4-0045_jpg.rf.9a64d208ef8f554935e69607f34afdd2.jpg,D:\.Candra\Project\TA\02_data\raw\Sitting_posture.v17i.yolov8\test\labels\WIN_20251109_20_43_47_Pro_mp4-0045_jpg.rf.9a64d208ef8f554935e69607f34afdd2.txt,1280,720,52024,30ffb978be4c350f99426f632e3d09ad16f4f1739f15a7de1ddd78a84fe478a1,0303030226663868,86.9311,126.2317,False,True,False,1,1,0,
test,D:\.Candra\Project\TA\02_data\raw\Sitting_posture.v17i.yolov8\test\images\WIN_20251109_20_43_47_Pro_mp4-0046_jpg.rf.0e102f20091296a83eae28a53e381aa1.jpg,test\images\WIN_20251109_20_43_47_Pro_mp4-0046_jpg.rf.0e102f20091296a83eae28a53e381aa1.jpg,D:\.Candra\Project\TA\02_data\raw\Sitting_posture.v17i.yolov8\test\labels\WIN_20251109_20_43_47_Pro_mp4-0046_jpg.rf.0e102f20091296a83eae28a53e381aa1.txt,1280,720,52082,f8e9432b6f9bdd56d1c585d03fad133305ce57fa6af082b133003aa6b88189dd,0303030226643868,86.8969,128.804,False,True,False,1,1,0,
test,D:\.Candra\Project\TA\02_data\raw\Sitting_posture.v17i.yolov8\test\images\WIN_20251109_20_43_47_Pro_mp4-0047_jpg.rf.fa2b7b80dd66c7c6e5de76bd33ee80a8.jpg,test\images\WIN_20251109_20_43_47_Pro_mp4-0047_jpg.rf.fa2b7b80dd66c7c6e5de76bd33ee80a8.jpg,D:\.Candra\Project\TA\02_data\raw\Sitting_posture.v17i.yolov8\test\labels\WIN_20251109_20_43_47_Pro_mp4-0047_jpg.rf.fa2b7b80dd66c7c6e5de76bd33ee80a8.txt,1280,720,52834,81524106bd5c3804600913c86a060b6b38ff22cedd7467ba94654a1942fc601e,0303030226643868,86.9699,132.4613,False,True,False,1,1,0,
test,D:\.Candra\Project\TA\02_data\raw\Sitting_posture.v17i.yolov8\test\images\WIN_20251109_20_43_47_Pro_mp4-0048_jpg.rf.6aed8bc27ff2e60194906e713f2f7bf5.jpg,test\images\WIN_20251109_20_43_47_Pro_mp4-0048_jpg.rf.6aed8bc27ff2e60194906e713f2f7bf5.jpg,D:\.Candra\Project\TA\02_data\raw\Sitting_posture.v17i.yolov8\test\labels\WIN_20251109_20_43_47_Pro_mp4-0048_jpg.rf.6aed8bc27ff2e60194906e713f2f7bf5.txt,1280,720,53480,0dbdf6f677c10fabed96a2f96e752b7a4e5c2c3416f0072884f9b887253f4759,0303030226643868,86.8579,135.0199,False,True,False,1,1,0,
test,D:\.Candra\Project\TA\02_data\raw\Sitting_posture.v17i.yolov8\test\images\WIN_20251109_20_43_47_Pro_mp4-0049_jpg.rf.703a0ab4e43c2673362e6deafd90dd9f.jpg,test\images\WIN_20251109_20_43_47_Pro_mp4-0049_jpg.rf.703a0ab4e43c2673362e6deafd90dd9f.jpg,D:\.Candra\Project\TA\02_data\raw\Sitting_posture.v17i.yolov8\test\labels\WIN_20251109_20_43_47_Pro_mp4-0049_jpg.rf.703a0ab4e43c2673362e6deafd90dd9f.txt,1280,720,52736,fbddc913c49ec1eddd1ba9c4a692e85049d6b13d42b1fa43c2253b14cdb543b7,0303030226643868,86.8014,128.5918,False,True,False,1,1,0,
test,D:\.Candra\Project\TA\02_data\raw\Sitting_posture.v17i.yolov8\test\images\WIN_20251109_20_43_47_Pro_mp4-0050_jpg.rf.c4d5eb0704c8a504d2eafdc28dcd004a.jpg,test\images\WIN_20251109_20_43_47_Pro_mp4-0050_jpg.rf.c4d5eb0704c8a504d2eafdc28dcd004a.jpg,D:\.Candra\Project\TA\02_data\raw\Sitting_posture.v17i.yolov8\test\labels\WIN_20251109_20_43_47_Pro_mp4-0050_jpg.rf.c4d5eb0704c8a504d2eafdc28dcd004a.txt,1280,720,52933,c9037bef569abdea5382c196c8a59de4ac6a08071de2904d927f015db151f1f8,0303030226643868,86.8914,130.7602,False,True,False,1,1,0,
test,D:\.Candra\Project\TA\02_data\raw\Sitting_posture.v17i.yolov8\test\images\WIN_20251109_20_43_47_Pro_mp4-0051_jpg.rf.ee40fa89429b7d7abb5385c55b28d804.jpg,test\images\WIN_20251109_20_43_47_Pro_mp4-0051_jpg.rf.ee40fa89429b7d7abb5385c55b28d804.jpg,D:\.Candra\Project\TA\02_data\raw\Sitting_posture.v17i.yolov8\test\labels\WIN_20251109_20_43_47_Pro_mp4-0051_jpg.rf.ee40fa89429b7d7abb5385c55b28d804.txt,1280,720,60292,89d90f273da1fbb66642a5e6b792cfcf8c7d7f4b7531ac214273fc1ab4b20cde,0303030226643868,86.7484,186.1899,False,True,False,1,1,0,
test,D:\.Candra\Project\TA\02_data\raw\Sitting_posture.v17i.yolov8\test\images\WIN_20251109_20_43_47_Pro_mp4-0052_jpg.rf.9b2c1b76640154f44c14d1a9cf3491c9.jpg,test\images\WIN_20251109_20_43_47_Pro_mp4-0052_jpg.rf.9b2c1b76640154f44c14d1a9cf3491c9.jpg,D:\.Candra\Project\TA\02_data\raw\Sitting_posture.v17i.yolov8\test\labels\WIN_20251109_20_43_47_Pro_mp4-0052_jpg.rf.9b2c1b76640154f44c14d1a9cf3491c9.txt,1280,720,52471,85a81165ba911840628e72e9ac5ccde25540169f540e6663bf07557b5731b118,0303030226243868,86.6575,120.8415,False,True,False,1,1,0,
test,D:\.Candra\Project\TA\02_data\raw\Sitting_posture.v17i.yolov8\test\images\WIN_20251109_20_43_47_Pro_mp4-0053_jpg.rf.abc992d8d1d59f81fa8fc67cb32e57a8.jpg,test\images\WIN_20251109_20_43_47_Pro_mp4-0053_jpg.rf.abc992d8d1d59f81fa8fc67cb32e57a8.jpg,D:\.Candra\Project\TA\02_data\raw\Sitting_posture.v17i.yolov8\test\labels\WIN_20251109_20_43_47_Pro_mp4-0053_jpg.rf.abc992d8d1d59f81fa8fc67cb32e57a8.txt,1280,720,51480,accc81ff06bb7dea074ce663d68a3e3be0e44ddc443468aea61a288aab4d6ddf,0303030226263868,86.6743,121.0849,False,True,False,1,1,0,
test,D:\.Candra\Project\TA\02_data\raw\Sitting_posture.v17i.yolov8\test\images\WIN_20251109_20_43_47_Pro_mp4-0054_jpg.rf.ebd7ede30e0acb8090268c66b0206607.jpg,test\images\WIN_20251109_20_43_47_Pro_mp4-0054_jpg.rf.ebd7ede30e0acb8090268c66b0206607.jpg,D:\.Candra\Project\TA\02_data\raw\Sitting_posture.v17i.yolov8\test\labels\WIN_20251109_20_43_47_Pro_mp4-0054_jpg.rf.ebd7ede30e0acb8090268c66b0206607.txt,1280,720,50889,fa5f3a9a725a9f0a72c6a7de668121fb7bd278828aa1f555fe73ac6fa861fdbc,0303030226263868,86.6451,115.8011,False,True,False,1,1,0,
test,D:\.Candra\Project\TA\02_data\raw\Sitting_posture.v17i.yolov8\test\images\WIN_20251109_20_43_47_Pro_mp4-0055_jpg.rf.c8ff2f375f402ea5516479b96b4c89b2.jpg,test\images\WIN_20251109_20_43_47_Pro_mp4-0055_jpg.rf.c8ff2f375f402ea5516479b96b4c89b2.jpg,D:\.Candra\Project\TA\02_data\raw\Sitting_posture.v17i.yolov8\test\labels\WIN_20251109_20_43_47_Pro_mp4-0055_jpg.rf.c8ff2f375f402ea5516479b96b4c89b2.txt,1280,720,50129,2f6030a858616b18a0ed2a9a8ac629848f7a5c6435e7eaed7c2fb895386bc63c,0303030626363068,86.5664,112.2117,False,True,False,1,1,0,
test,D:\.Candra\Project\TA\02_data\raw\Sitting_posture.v17i.yolov8\test\images\WIN_20251109_20_43_47_Pro_mp4-0056_jpg.rf.cdbc1fcddd5a14ad4034c290882b5cc2.jpg,test\images\WIN_20251109_20_43_47_Pro_mp4-0056_jpg.rf.cdbc1fcddd5a14ad4034c290882b5cc2.jpg,D:\.Candra\Project\TA\02_data\raw\Sitting_posture.v17i.yolov8\test\labels\WIN_20251109_20_43_47_Pro_mp4-0056_jpg.rf.cdbc1fcddd5a14ad4034c290882b5cc2.txt,1280,720,50205,903b67b55e2d32c54cdf7929154a4be923284bf1031d76e009891e8317233d9d,0303030636363060,86.5512,107.5859,False,True,False,1,1,0,
test,D:\.Candra\Project\TA\02_data\raw\Sitting_posture.v17i.yolov8\test\images\WIN_20251109_20_43_47_Pro_mp4-0057_jpg.rf.c524f39615a790599b9f5a19832e6bef.jpg,test\images\WIN_20251109_20_43_47_Pro_mp4-0057_jpg.rf.c524f39615a790599b9f5a19832e6bef.jpg,D:\.Candra\Project\TA\02_data\raw\Sitting_posture.v17i.yolov8\test\labels\WIN_20251109_20_43_47_Pro_mp4-0057_jpg.rf.c524f39615a790599b9f5a19832e6bef.txt,1280,720,50176,2aeb67ce85145ceb6297df449511503a388e3619e8fa68530c1c770a587ea93e,0303070632323060,86.5358,108.4879,False,True,False,1,1,0,
test,D:\.Candra\Project\TA\02_data\raw\Sitting_posture.v17i.yolov8\test\images\WIN_20251109_20_43_47_Pro_mp4-0058_jpg.rf.e4d73623fea11ef8012ee30fa4aad568.jpg,test\images\WIN_20251109_20_43_47_Pro_mp4-0058_jpg.rf.e4d73623fea11ef8012ee30fa4aad568.jpg,D:\.Candra\Project\TA\02_data\raw\Sitting_posture.v17i.yolov8\test\labels\WIN_20251109_20_43_47_Pro_mp4-0058_jpg.rf.e4d73623fea11ef8012ee30fa4aad568.txt,1280,720,50186,b36087fb0e675333fa2ea3ed12d958b401a94b1dc0db56dbebdee36886904142,0303070632123030,86.4892,108.4889,False,True,False,1,1,0,
test,D:\.Candra\Project\TA\02_data\raw\Sitting_posture.v17i.yolov8\test\images\WIN_20251109_20_43_47_Pro_mp4-0059_jpg.rf.de0959d4cc33e00b304393684c27268e.jpg,test\images\WIN_20251109_20_43_47_Pro_mp4-0059_jpg.rf.de0959d4cc33e00b304393684c27268e.jpg,D:\.Candra\Project\TA\02_data\raw\Sitting_posture.v17i.yolov8\test\labels\WIN_20251109_20_43_47_Pro_mp4-0059_jpg.rf.de0959d4cc33e00b304393684c27268e.txt,1280,720,50176,c3557ed615eae8076aece5fcc2236d74e914c4d1344c2fe2100f9c3cadae9168,0303070212123030,86.3869,108.0166,False,True,False,1,1,0,
test,D:\.Candra\Project\TA\02_data\raw\Sitting_posture.v17i.yolov8\test\images\WIN_20251109_20_43_47_Pro_mp4-0060_jpg.rf.bbcae71e1340eb4a435b7a95ed5c59c7.jpg,test\images\WIN_20251109_20_43_47_Pro_mp4-0060_jpg.rf.bbcae71e1340eb4a435b7a95ed5c59c7.jpg,D:\.Candra\Project\TA\02_data\raw\Sitting_posture.v17i.yolov8\test\labels\WIN_20251109_20_43_47_Pro_mp4-0060_jpg.rf.bbcae71e1340eb4a435b7a95ed5c59c7.txt,1280,720,50408,5d2700c58b155645ea53d2e85514e53c6ccc8ed5367abe418939b8a0916cab44,0303070212123030,86.3024,110.6811,False,True,False,1,1,0,
test,D:\.Candra\Project\TA\02_data\raw\Sitting_posture.v17i.yolov8\test\images\WIN_20251109_20_43_47_Pro_mp4-0061_jpg.rf.cf632ed52cf7b3aa39f3c8d7b595f739.jpg,test\images\WIN_20251109_20_43_47_Pro_mp4-0061_jpg.rf.cf632ed52cf7b3aa39f3c8d7b595f739.jpg,D:\.Candra\Project\TA\02_data\raw\Sitting_posture.v17i.yolov8\test\labels\WIN_20251109_20_43_47_Pro_mp4-0061_jpg.rf.cf632ed52cf7b3aa39f3c8d7b595f739.txt,1280,720,50390,589f7ef5fa27fcdd0c9aefe2db5c40f01f2e59123d37d00ec20f377a0f9c9102,030307021a1a3030,86.3314,112.9795,False,True,False,1,1,0,
test,D:\.Candra\Project\TA\02_data\raw\Sitting_posture.v17i.yolov8\test\images\WIN_20251109_20_43_47_Pro_mp4-0062_jpg.rf.029f65bfe67cee4e8027d7bab662eb17.jpg,test\images\WIN_20251109_20_43_47_Pro_mp4-0062_jpg.rf.029f65bfe67cee4e8027d7bab662eb17.jpg,D:\.Candra\Project\TA\02_data\raw\Sitting_posture.v17i.yolov8\test\labels\WIN_20251109_20_43_47_Pro_mp4-0062_jpg.rf.029f65bfe67cee4e8027d7bab662eb17.txt,1280,720,52346,86c6cb5174e5ce5b4112a74ed4630a90967491d78f8a34c630544b4f312c1d7a,030307021a1a3030,86.2392,111.2576,False,True,False,1,1,0,
test,D:\.Candra\Project\TA\02_data\raw\Sitting_posture.v17i.yolov8\test\images\WIN_20251109_20_43_47_Pro_mp4-0063_jpg.rf.12156a25345fb99b7c48bbad00281276.jpg,test\images\WIN_20251109_20_43_47_Pro_mp4-0063_jpg.rf.12156a25345fb99b7c48bbad00281276.jpg,D:\.Candra\Project\TA\02_data\raw\Sitting_posture.v17i.yolov8\test\labels\WIN_20251109_20_43_47_Pro_mp4-0063_jpg.rf.12156a25345fb99b7c48bbad00281276.txt,1280,720,51192,c71dbffa15f63aab6da409ab19a895159e4f52dbc0f95813d68dd2e3729ee0a8,030307021a1a3030,86.2272,117.6245,False,True,False,1,1,0,
test,D:\.Candra\Project\TA\02_data\raw\Sitting_posture.v17i.yolov8\test\images\WIN_20251109_20_43_47_Pro_mp4-0064_jpg.rf.f99b1ccd7778b18dcbe2393ddadf28a3.jpg,test\images\WIN_20251109_20_43_47_Pro_mp4-0064_jpg.rf.f99b1ccd7778b18dcbe2393ddadf28a3.jpg,D:\.Candra\Project\TA\02_data\raw\Sitting_posture.v17i.yolov8\test\labels\WIN_20251109_20_43_47_Pro_mp4-0064_jpg.rf.f99b1ccd7778b18dcbe2393ddadf28a3.txt,1280,720,51004,cd4197c854cf2b27ecb43543ef52ff0256455146709c70e551bd208ff451fb77,030307021a1a3030,86.3001,117.5537,False,True,False,1,1,0,
test,D:\.Candra\Project\TA\02_data\raw\Sitting_posture.v17i.yolov8\test\images\WIN_20251109_20_43_47_Pro_mp4-0065_jpg.rf.ac35c7c5506a61cde93e78c1aa9b8c72.jpg,test\images\WIN_20251109_20_43_47_Pro_mp4-0065_jpg.rf.ac35c7c5506a61cde93e78c1aa9b8c72.jpg,D:\.Candra\Project\TA\02_data\raw\Sitting_posture.v17i.yolov8\test\labels\WIN_20251109_20_43_47_Pro_mp4-0065_jpg.rf.ac35c7c5506a61cde93e78c1aa9b8c72.txt,1280,720,51120,4beaf617eec8f2f2f0c8d1fd9e54b09d22ba205825f1ffbd4d30657cb1b0af04,030307021a1a3030,86.2987,118.3073,False,True,False,1,1,0,
test,D:\.Candra\Project\TA\02_data\raw\Sitting_posture.v17i.yolov8\test\images\WIN_20251109_20_43_47_Pro_mp4-0066_jpg.rf.87677ed3ac55fbc35ee180a2b6d3a664.jpg,test\images\WIN_20251109_20_43_47_Pro_mp4-0066_jpg.rf.87677ed3ac55fbc35ee180a2b6d3a664.jpg,D:\.Candra\Project\TA\02_data\raw\Sitting_posture.v17i.yolov8\test\labels\WIN_20251109_20_43_47_Pro_mp4-0066_jpg.rf.87677ed3ac55fbc35ee180a2b6d3a664.txt,1280,720,51786,b881a2a02651c55d88b621126f5cd7a8e711642cab03f0cf630cac496acf6deb,030307021a1a3030,86.3431,120.2207,False,True,False,1,1,0,
test,D:\.Candra\Project\TA\02_data\raw\Sitting_posture.v17i.yolov8\test\images\WIN_20251109_20_43_47_Pro_mp4-0067_jpg.rf.b3a6d4c4451d1509bb2b63416897f617.jpg,test\images\WIN_20251109_20_43_47_Pro_mp4-0067_jpg.rf.b3a6d4c4451d1509bb2b63416897f617.jpg,D:\.Candra\Project\TA\02_data\raw\Sitting_posture.v17i.yolov8\test\labels\WIN_20251109_20_43_47_Pro_mp4-0067_jpg.rf.b3a6d4c4451d1509bb2b63416897f617.txt,1280,720,51941,96c641f4304d80501d2cb804d4ac6339b920b6f8d04ca950ddfd0b2db149195c,030307021a1a3030,86.3932,120.0648,False,True,False,1,1,0,
test,D:\.Candra\Project\TA\02_data\raw\Sitting_posture.v17i.yolov8\test\images\WIN_20251109_20_43_47_Pro_mp4-0068_jpg.rf.6455f304d55350609659271698c67da1.jpg,test\images\WIN_20251109_20_43_47_Pro_mp4-0068_jpg.rf.6455f304d55350609659271698c67da1.jpg,D:\.Candra\Project\TA\02_data\raw\Sitting_posture.v17i.yolov8\test\labels\WIN_20251109_20_43_47_Pro_mp4-0068_jpg.rf.6455f304d55350609659271698c67da1.txt,1280,720,52052,843e658bd48d9e4cd0a445ece4525a3a9f77c3d4a89db0279f2a319fbbfebb7c,030307021a1a3030,86.3727,120.4617,False,True,False,1,1,0,
test,D:\.Candra\Project\TA\02_data\raw\Sitting_posture.v17i.yolov8\test\images\WIN_20251109_20_43_47_Pro_mp4-0069_jpg.rf.925d0fdeb31adda9f6990bfd36edb0b5.jpg,test\images\WIN_20251109_20_43_47_Pro_mp4-0069_jpg.rf.925d0fdeb31adda9f6990bfd36edb0b5.jpg,D:\.Candra\Project\TA\02_data\raw\Sitting_posture.v17i.yolov8\test\labels\WIN_20251109_20_43_47_Pro_mp4-0069_jpg.rf.925d0fdeb31adda9f6990bfd36edb0b5.txt,1280,720,51719,8a54d2b1c4fb53dcbeedb0d4341c0c6731e9239b4e0e62101270c1905b260af1,030307021a1a3030,86.2562,120.5065,False,True,False,1,1,0,
test,D:\.Candra\Project\TA\02_data\raw\Sitting_posture.v17i.yolov8\test\images\WIN_20251109_20_43_47_Pro_mp4-0070_jpg.rf.b85530ff4ec3497818b6cbba034c8753.jpg,test\images\WIN_20251109_20_43_47_Pro_mp4-0070_jpg.rf.b85530ff4ec3497818b6cbba034c8753.jpg,D:\.Candra\Project\TA\02_data\raw\Sitting_posture.v17i.yolov8\test\labels\WIN_20251109_20_43_47_Pro_mp4-0070_jpg.rf.b85530ff4ec3497818b6cbba034c8753.txt,1280,720,52150,d7930141ea51fa11c46ce178f2504efcd2b3cbe1bcbf94cc382c0d1b7fa62aad,030307021a1a3030,86.235,122.9082,False,True,False,1,1,0,
test,D:\.Candra\Project\TA\02_data\raw\Sitting_posture.v17i.yolov8\test\images\WIN_20251109_20_43_47_Pro_mp4-0071_jpg.rf.5b6a205709b1f5c7609a3ade9e68840e.jpg,test\images\WIN_20251109_20_43_47_Pro_mp4-0071_jpg.rf.5b6a205709b1f5c7609a3ade9e68840e.jpg,D:\.Candra\Project\TA\02_data\raw\Sitting_posture.v17i.yolov8\test\labels\WIN_20251109_20_43_47_Pro_mp4-0071_jpg.rf.5b6a205709b1f5c7609a3ade9e68840e.txt,1280,720,51538,26056feb03b5edac3f198054812336465689400a86c5ebb15d10fc46de59e983,030307021a1a3030,86.3695,121.0516,False,True,False,1,1,0,
test,D:\.Candra\Project\TA\02_data\raw\Sitting_posture.v17i.yolov8\test\images\WIN_20251109_20_43_47_Pro_mp4-0072_jpg.rf.05e3f9aee3d645412f34929146ca1c42.jpg,test\images\WIN_20251109_20_43_47_Pro_mp4-0072_jpg.rf.05e3f9aee3d645412f34929146ca1c42.jpg,D:\.Candra\Project\TA\02_data\raw\Sitting_posture.v17i.yolov8\test\labels\WIN_20251109_20_43_47_Pro_mp4-0072_jpg.rf.05e3f9aee3d645412f34929146ca1c42.txt,1280,720,52997,5603317c9683c987f1b59eeec8b402637cecd01c5d353197b00d3878fcee5874,030307021a1a3030,86.2724,119.4642,False,True,False,1,1,0,
test,D:\.Candra\Project\TA\02_data\raw\Sitting_posture.v17i.yolov8\test\images\WIN_20251109_20_43_47_Pro_mp4-0073_jpg.rf.37d02f1ba7e8574fd6351938eccc0271.jpg,test\images\WIN_20251109_20_43_47_Pro_mp4-0073_jpg.rf.37d02f1ba7e8574fd6351938eccc0271.jpg,D:\.Candra\Project\TA\02_data\raw\Sitting_posture.v17i.yolov8\test\labels\WIN_20251109_20_43_47_Pro_mp4-0073_jpg.rf.37d02f1ba7e8574fd6351938eccc0271.txt,1280,720,56070,f0f3ca30f0e93c59939f5d05f9a221df3ef1c5413a895e88634c3c85d5644aee,030307021a1a3030,86.3144,144.9192,False,True,False,1,1,0,
test,D:\.Candra\Project\TA\02_data\raw\Sitting_posture.v17i.yolov8\test\images\WIN_20251109_20_43_47_Pro_mp4-0074_jpg.rf.796cc6b2a08a60d650c44b3823f215ea.jpg,test\images\WIN_20251109_20_43_47_Pro_mp4-0074_jpg.rf.796cc6b2a08a60d650c44b3823f215ea.jpg,D:\.Candra\Project\TA\02_data\raw\Sitting_posture.v17i.yolov8\test\labels\WIN_20251109_20_43_47_Pro_mp4-0074_jpg.rf.796cc6b2a08a60d650c44b3823f215ea.txt,1280,720,54981,a97d8b679ba55acd9d32d305ac6cd296d580da2827becb9eab7269e71de5475b,030307021a1a3030,86.2911,139.0114,False,True,False,1,1,0,
test,D:\.Candra\Project\TA\02_data\raw\Sitting_posture.v17i.yolov8\test\images\WIN_20251109_20_43_47_Pro_mp4-0075_jpg.rf.5deabf7335b27c78415c63ad98b7c681.jpg,test\images\WIN_20251109_20_43_47_Pro_mp4-0075_jpg.rf.5deabf7335b27c78415c63ad98b7c681.jpg,D:\.Candra\Project\TA\02_data\raw\Sitting_posture.v17i.yolov8\test\labels\WIN_20251109_20_43_47_Pro_mp4-0075_jpg.rf.5deabf7335b27c78415c63ad98b7c681.txt,1280,720,56559,011bdb3744a9d11186bd656f3d48edbf27cbd1d067f2b925eb4335ce51998775,030307021a1a3030,86.1582,142.5471,False,True,False,1,1,0,
test,D:\.Candra\Project\TA\02_data\raw\Sitting_posture.v17i.yolov8\test\images\WIN_20251109_20_43_47_Pro_mp4-0076_jpg.rf.7fc660a3a13ab6c3e8e6a7432aed5e51.jpg,test\images\WIN_20251109_20_43_47_Pro_mp4-0076_jpg.rf.7fc660a3a13ab6c3e8e6a7432aed5e51.jpg,D:\.Candra\Project\TA\02_data\raw\Sitting_posture.v17i.yolov8\test\labels\WIN_20251109_20_43_47_Pro_mp4-0076_jpg.rf.7fc660a3a13ab6c3e8e6a7432aed5e51.txt,1280,720,56920,8c736769ed9bb21b198d9cc710d3cc7e3fe576639ba1eeac01d06e7233494a2f,0303030a1a183030,85.8593,147.5009,False,True,False,1,1,0,
test,D:\.Candra\Project\TA\02_data\raw\Sitting_posture.v17i.yolov8\test\images\WIN_20251109_20_43_47_Pro_mp4-0077_jpg.rf.ebd0440268e19613c09b18fb5da418c5.jpg,test\images\WIN_20251109_20_43_47_Pro_mp4-0077_jpg.rf.ebd0440268e19613c09b18fb5da418c5.jpg,D:\.Candra\Project\TA\02_data\raw\Sitting_posture.v17i.yolov8\test\labels\WIN_20251109_20_43_47_Pro_mp4-0077_jpg.rf.ebd0440268e19613c09b18fb5da418c5.txt,1280,720,56602,939ebf5a9ccb49166535958a54279f0ee9dca0bc768bc067e7079c2f2a49658e,0303030a1a183030,85.7624,146.625,False,True,False,1,1,0,
test,D:\.Candra\Project\TA\02_data\raw\Sitting_posture.v17i.yolov8\test\images\WIN_20251109_20_43_47_Pro_mp4-0078_jpg.rf.7eb14a41e7e6307a139d02cb17738e90.jpg,test\images\WIN_20251109_20_43_47_Pro_mp4-0078_jpg.rf.7eb14a41e7e6307a139d02cb17738e90.jpg,D:\.Candra\Project\TA\02_data\raw\Sitting_posture.v17i.yolov8\test\labels\WIN_20251109_20_43_47_Pro_mp4-0078_jpg.rf.7eb14a41e7e6307a139d02cb17738e90.txt,1280,720,56968,6f7998871c3463676b1dd076efe7bfdee1a80bb666808de49d45faaef792075f,030303020a1a3030,85.857,149.4393,False,True,False,1,1,0,
test,D:\.Candra\Project\TA\02_data\raw\Sitting_posture.v17i.yolov8\test\images\WIN_20251109_20_43_47_Pro_mp4-0079_jpg.rf.670e1788da7aca72cb9e4f831e6709d8.jpg,test\images\WIN_20251109_20_43_47_Pro_mp4-0079_jpg.rf.670e1788da7aca72cb9e4f831e6709d8.jpg,D:\.Candra\Project\TA\02_data\raw\Sitting_posture.v17i.yolov8\test\labels\WIN_20251109_20_43_47_Pro_mp4-0079_jpg.rf.670e1788da7aca72cb9e4f831e6709d8.txt,1280,720,57054,3782843ed248c2307004f2c52b59b55443a92dc5851736f4edbb014f84883930,030303030a1a3030,85.8617,145.1855,False,True,False,1,1,0,
test,D:\.Candra\Project\TA\02_data\raw\Sitting_posture.v17i.yolov8\test\images\WIN_20251109_20_43_47_Pro_mp4-0080_jpg.rf.9ece246bffa92b2477253450c21f0e1c.jpg,test\images\WIN_20251109_20_43_47_Pro_mp4-0080_jpg.rf.9ece246bffa92b2477253450c21f0e1c.jpg,D:\.Candra\Project\TA\02_data\raw\Sitting_posture.v17i.yolov8\test\labels\WIN_20251109_20_43_47_Pro_mp4-0080_jpg.rf.9ece246bffa92b2477253450c21f0e1c.txt,1280,720,57286,3e7c4c97d8c177fefb95b4273b93530f4372400f09606bb074052f17a850c23e,030303030a1a3030,85.8915,153.5715,False,True,False,1,1,0,
test,D:\.Candra\Project\TA\02_data\raw\Sitting_posture.v17i.yolov8\test\images\WIN_20251109_20_43_47_Pro_mp4-0081_jpg.rf.adc08a4d7e2dc83593ca49a734205acd.jpg,test\images\WIN_20251109_20_43_47_Pro_mp4-0081_jpg.rf.adc08a4d7e2dc83593ca49a734205acd.jpg,D:\.Candra\Project\TA\02_data\raw\Sitting_posture.v17i.yolov8\test\labels\WIN_20251109_20_43_47_Pro_mp4-0081_jpg.rf.adc08a4d7e2dc83593ca49a734205acd.txt,1280,720,57218,d28dabea9cee3db595fb1012520d16332efedf03909b8b0fa194b5df4f696ec9,030303030a1a3030,85.8702,147.9249,False,True,False,1,1,0,
test,D:\.Candra\Project\TA\02_data\raw\Sitting_posture.v17i.yolov8\test\images\WIN_20251109_20_43_47_Pro_mp4-0082_jpg.rf.97cbb7d0eb295aab277a4369e80410a5.jpg,test\images\WIN_20251109_20_43_47_Pro_mp4-0082_jpg.rf.97cbb7d0eb295aab277a4369e80410a5.jpg,D:\.Candra\Project\TA\02_data\raw\Sitting_posture.v17i.yolov8\test\labels\WIN_20251109_20_43_47_Pro_mp4-0082_jpg.rf.97cbb7d0eb295aab277a4369e80410a5.txt,1280,720,64882,b5963872527a4d47c9993205d4519cf08b6d4a8a291b90cc594e0a1f3f566735,030303030a183030,85.821,182.0998,False,True,False,1,1,0,
test,D:\.Candra\Project\TA\02_data\raw\Sitting_posture.v17i.yolov8\test\images\WIN_20251109_20_43_47_Pro_mp4-0083_jpg.rf.bb9c5a322a27ef69cc16bac0fa827d58.jpg,test\images\WIN_20251109_20_43_47_Pro_mp4-0083_jpg.rf.bb9c5a322a27ef69cc16bac0fa827d58.jpg,D:\.Candra\Project\TA\02_data\raw\Sitting_posture.v17i.yolov8\test\labels\WIN_20251109_20_43_47_Pro_mp4-0083_jpg.rf.bb9c5a322a27ef69cc16bac0fa827d58.txt,1280,720,56027,bf98e26270cd1e86a8d85262be889f62bd3febb9135df6b6e9dbe3cd610d8537,030303030a183030,85.8203,143.9816,False,True,False,1,1,0,
test,D:\.Candra\Project\TA\02_data\raw\Sitting_posture.v17i.yolov8\test\images\WIN_20251109_20_43_47_Pro_mp4-0084_jpg.rf.6377bc02a40b1e0b1004ae1e4888d4f2.jpg,test\images\WIN_20251109_20_43_47_Pro_mp4-0084_jpg.rf.6377bc02a40b1e0b1004ae1e4888d4f2.jpg,D:\.Candra\Project\TA\02_data\raw\Sitting_posture.v17i.yolov8\test\labels\WIN_20251109_20_43_47_Pro_mp4-0084_jpg.rf.6377bc02a40b1e0b1004ae1e4888d4f2.txt,1280,720,54763,d1d04d676b3e82553e8158e67aa76c58f4367e2174dc8598afd2d2ba96441c6f,030303030a183030,85.805,140.8247,False,True,False,1,1,0,
test,D:\.Candra\Project\TA\02_data\raw\Sitting_posture.v17i.yolov8\test\images\WIN_20251109_20_43_47_Pro_mp4-0085_jpg.rf.515de5f0b58c6ba618b32359412c5c8c.jpg,test\images\WIN_20251109_20_43_47_Pro_mp4-0085_jpg.rf.515de5f0b58c6ba618b32359412c5c8c.jpg,D:\.Candra\Project\TA\02_data\raw\Sitting_posture.v17i.yolov8\test\labels\WIN_20251109_20_43_47_Pro_mp4-0085_jpg.rf.515de5f0b58c6ba618b32359412c5c8c.txt,1280,720,56857,6d6c75b0d2a932ed9a814c9def8d4939ef0f88cb4c3dfe8c74d741409445f301,030303030a183030,85.8154,149.8178,False,True,False,1,1,0,
test,D:\.Candra\Project\TA\02_data\raw\Sitting_posture.v17i.yolov8\test\images\WIN_20251109_20_43_47_Pro_mp4-0086_jpg.rf.8489638b0917aaf569601057b40f6f90.jpg,test\images\WIN_20251109_20_43_47_Pro_mp4-0086_jpg.rf.8489638b0917aaf569601057b40f6f90.jpg,D:\.Candra\Project\TA\02_data\raw\Sitting_posture.v17i.yolov8\test\labels\WIN_20251109_20_43_47_Pro_mp4-0086_jpg.rf.8489638b0917aaf569601057b40f6f90.txt,1280,720,51314,1f94c728c632159627593937c5d2a0d8eb6857bb91d24de072bb1a7ef1e9e882,030303030a183030,85.8585,118.2007,False,True,False,1,1,0,
test,D:\.Candra\Project\TA\02_data\raw\Sitting_posture.v17i.yolov8\test\images\WIN_20251109_20_43_47_Pro_mp4-0087_jpg.rf.17439809d873f4ee064cfcabe80e1629.jpg,test\images\WIN_20251109_20_43_47_Pro_mp4-0087_jpg.rf.17439809d873f4ee064cfcabe80e1629.jpg,D:\.Candra\Project\TA\02_data\raw\Sitting_posture.v17i.yolov8\test\labels\WIN_20251109_20_43_47_Pro_mp4-0087_jpg.rf.17439809d873f4ee064cfcabe80e1629.txt,1280,720,57188,e8c445bf1e7b75ef1d9a623fcb87d445b8c2890599b66475c3efb929abc56e1b,030303030a183030,85.8412,150.9742,False,True,False,1,1,0,
test,D:\.Candra\Project\TA\02_data\raw\Sitting_posture.v17i.yolov8\test\images\WIN_20251109_20_43_47_Pro_mp4-0088_jpg.rf.5ca43bb965f2f7ff27cab2c74fdd99c2.jpg,test\images\WIN_20251109_20_43_47_Pro_mp4-0088_jpg.rf.5ca43bb965f2f7ff27cab2c74fdd99c2.jpg,D:\.Candra\Project\TA\02_data\raw\Sitting_posture.v17i.yolov8\test\labels\WIN_20251109_20_43_47_Pro_mp4-0088_jpg.rf.5ca43bb965f2f7ff27cab2c74fdd99c2.txt,1280,720,51399,1661e7efe0dc249bf98f94c4011721d0c017921330cbf57d7712d0582af743a0,030303030a183030,85.8862,120.3283,False,True,False,1,1,0,
test,D:\.Candra\Project\TA\02_data\raw\Sitting_posture.v17i.yolov8\test\images\WIN_20251109_20_43_47_Pro_mp4-0089_jpg.rf.f5528c4a49b5e74cc8c8a1d6f52fdca7.jpg,test\images\WIN_20251109_20_43_47_Pro_mp4-0089_jpg.rf.f5528c4a49b5e74cc8c8a1d6f52fdca7.jpg,D:\.Candra\Project\TA\02_data\raw\Sitting_posture.v17i.yolov8\test\labels\WIN_20251109_20_43_47_Pro_mp4-0089_jpg.rf.f5528c4a49b5e74cc8c8a1d6f52fdca7.txt,1280,720,51293,8baaa7d4248bba828a2155bee9b15cab6d9faecd32b5c608be2146053e62739f,030303030a183030,85.8462,119.885,False,True,False,1,1,0,
test,D:\.Candra\Project\TA\02_data\raw\Sitting_posture.v17i.yolov8\test\images\WIN_20251109_20_43_47_Pro_mp4-0090_jpg.rf.b2f55ef0890bd0256ce073da1e3a05b3.jpg,test\images\WIN_20251109_20_43_47_Pro_mp4-0090_jpg.rf.b2f55ef0890bd0256ce073da1e3a05b3.jpg,D:\.Candra\Project\TA\02_data\raw\Sitting_posture.v17i.yolov8\test\labels\WIN_20251109_20_43_47_Pro_mp4-0090_jpg.rf.b2f55ef0890bd0256ce073da1e3a05b3.txt,1280,720,51448,03f50e1d4bebbdf4ffacc45b2d5975024f0c361c8e1ceb96b771e610f5adbed3,030303030a183030,85.7821,118.2759,False,True,False,1,1,0,
test,D:\.Candra\Project\TA\02_data\raw\Sitting_posture.v17i.yolov8\test\images\WIN_20251109_20_43_47_Pro_mp4-0091_jpg.rf.e867921677d3d41ec8867e81ee0b78b5.jpg,test\images\WIN_20251109_20_43_47_Pro_mp4-0091_jpg.rf.e867921677d3d41ec8867e81ee0b78b5.jpg,D:\.Candra\Project\TA\02_data\raw\Sitting_posture.v17i.yolov8\test\labels\WIN_20251109_20_43_47_Pro_mp4-0091_jpg.rf.e867921677d3d41ec8867e81ee0b78b5.txt,1280,720,51386,112998409dd3276ae45ca2f2ab0deab1a9c4122880dd3b87cea87958f274f499,030303030a183030,85.7337,117.631,False,True,False,1,1,0,
test,D:\.Candra\Project\TA\02_data\raw\Sitting_posture.v17i.yolov8\test\images\WIN_20251109_20_43_47_Pro_mp4-0092_jpg.rf.3c4e35b3e2ba0193c018fbb501bfe1a5.jpg,test\images\WIN_20251109_20_43_47_Pro_mp4-0092_jpg.rf.3c4e35b3e2ba0193c018fbb501bfe1a5.jpg,D:\.Candra\Project\TA\02_data\raw\Sitting_posture.v17i.yolov8\test\labels\WIN_20251109_20_43_47_Pro_mp4-0092_jpg.rf.3c4e35b3e2ba0193c018fbb501bfe1a5.txt,1280,720,57136,7aa7ba6621bcd4a65ab8581ff6f106ea0a6046a11360cb1949147c2b6a32066d,030303030a183030,85.7594,149.0912,False,True,False,1,1,0,
test,D:\.Candra\Project\TA\02_data\raw\Sitting_posture.v17i.yolov8\test\images\WIN_20251109_20_43_47_Pro_mp4-0093_jpg.rf.6660f97e714cb26faef5c2c742c94ab0.jpg,test\images\WIN_20251109_20_43_47_Pro_mp4-0093_jpg.rf.6660f97e714cb26faef5c2c742c94ab0.jpg,D:\.Candra\Project\TA\02_data\raw\Sitting_posture.v17i.yolov8\test\labels\WIN_20251109_20_43_47_Pro_mp4-0093_jpg.rf.6660f97e714cb26faef5c2c742c94ab0.txt,1280,720,51224,88350e004e64dbe6b09a6d9d97b4ca2de82ade6f48a5debe362acd7f76b2eccd,030303030a183030,85.7032,113.3975,False,True,False,1,1,0,
test,D:\.Candra\Project\TA\02_data\raw\Sitting_posture.v17i.yolov8\test\images\WIN_20251109_20_43_47_Pro_mp4-0094_jpg.rf.b542df750e2b3e38e0f3cb4e47665565.jpg,test\images\WIN_20251109_20_43_47_Pro_mp4-0094_jpg.rf.b542df750e2b3e38e0f3cb4e47665565.jpg,D:\.Candra\Project\TA\02_data\raw\Sitting_posture.v17i.yolov8\test\labels\WIN_20251109_20_43_47_Pro_mp4-0094_jpg.rf.b542df750e2b3e38e0f3cb4e47665565.txt,1280,720,49007,430908179e9ddb370149536e94a32c15583085127c28ab1a9beb12f693fda0c0,0303030308183030,85.5607,103.5249,False,True,False,1,1,0,
test,D:\.Candra\Project\TA\02_data\raw\Sitting_posture.v17i.yolov8\test\images\WIN_20251109_20_43_47_Pro_mp4-0095_jpg.rf.446c1bb5a3caaba3462f99cdeab0521c.jpg,test\images\WIN_20251109_20_43_47_Pro_mp4-0095_jpg.rf.446c1bb5a3caaba3462f99cdeab0521c.jpg,D:\.Candra\Project\TA\02_data\raw\Sitting_posture.v17i.yolov8\test\labels\WIN_20251109_20_43_47_Pro_mp4-0095_jpg.rf.446c1bb5a3caaba3462f99cdeab0521c.txt,1280,720,48655,5bfcb73441d808b30adcfb86588dfd391fe133d9ab2e9b1b669ebe952ca93ae9,0303030308383030,85.3381,99.9982,False,True,False,1,1,0,
test,D:\.Candra\Project\TA\02_data\raw\Sitting_posture.v17i.yolov8\test\images\WIN_20251109_20_43_47_Pro_mp4-0096_jpg.rf.6ad382f51bfe3f6a47c61d7ff86a3e80.jpg,test\images\WIN_20251109_20_43_47_Pro_mp4-0096_jpg.rf.6ad382f51bfe3f6a47c61d7ff86a3e80.jpg,D:\.Candra\Project\TA\02_data\raw\Sitting_posture.v17i.yolov8\test\labels\WIN_20251109_20_43_47_Pro_mp4-0096_jpg.rf.6ad382f51bfe3f6a47c61d7ff86a3e80.txt,1280,720,48493,4b6b070c2e206748c5d9da31ea5e283c0ea84fa92ba10c8900f8c58364a4feee,0303030309283030,84.9845,101.695,False,True,False,1,1,0,
test,D:\.Candra\Project\TA\02_data\raw\Sitting_posture.v17i.yolov8\test\images\WIN_20251109_20_43_47_Pro_mp4-0097_jpg.rf.0e442d3ded60c92921ee06ffc229685f.jpg,test\images\WIN_20251109_20_43_47_Pro_mp4-0097_jpg.rf.0e442d3ded60c92921ee06ffc229685f.jpg,D:\.Candra\Project\TA\02_data\raw\Sitting_posture.v17i.yolov8\test\labels\WIN_20251109_20_43_47_Pro_mp4-0097_jpg.rf.0e442d3ded60c92921ee06ffc229685f.txt,1280,720,48510,737b906e9d1cbb9adb3b0a32c3728e130491d0998d4016db5bb05bde817c6d2a,010303030d283030,84.5447,101.3231,False,True,False,1,1,0,
test,D:\.Candra\Project\TA\02_data\raw\Sitting_posture.v17i.yolov8\test\images\WIN_20251109_20_43_47_Pro_mp4-0098_jpg.rf.cb115753eb480dd8d90fad28bfada85d.jpg,test\images\WIN_20251109_20_43_47_Pro_mp4-0098_jpg.rf.cb115753eb480dd8d90fad28bfada85d.jpg,D:\.Candra\Project\TA\02_data\raw\Sitting_posture.v17i.yolov8\test\labels\WIN_20251109_20_43_47_Pro_mp4-0098_jpg.rf.cb115753eb480dd8d90fad28bfada85d.txt,1280,720,49803,59bc9ea9180c0e4a0bde66f193e20aaacad65d54cc689e73a1387974f5622d43,010303010d2c3030,87.4518,107.9605,False,True,False,1,1,0,
test,D:\.Candra\Project\TA\02_data\raw\Sitting_posture.v17i.yolov8\test\images\WIN_20251109_20_43_47_Pro_mp4-0099_jpg.rf.4b03c7c8eac0afbbb607c9b2b3f9b487.jpg,test\images\WIN_20251109_20_43_47_Pro_mp4-0099_jpg.rf.4b03c7c8eac0afbbb607c9b2b3f9b487.jpg,D:\.Candra\Project\TA\02_data\raw\Sitting_posture.v17i.yolov8\test\labels\WIN_20251109_20_43_47_Pro_mp4-0099_jpg.rf.4b03c7c8eac0afbbb607c9b2b3f9b487.txt,1280,720,53622,5b0c314a3fbae643c2362c3d3a6b6ada26c6bc496200a5ed6961aa0321920942,01030301053c3030,92.4875,131.119,False,True,False,1,1,0,
test,D:\.Candra\Project\TA\02_data\raw\Sitting_posture.v17i.yolov8\test\images\WIN_20251109_20_43_47_Pro_mp4-0100_jpg.rf.259334611f3aaaf102b067f8014ae2d8.jpg,test\images\WIN_20251109_20_43_47_Pro_mp4-0100_jpg.rf.259334611f3aaaf102b067f8014ae2d8.jpg,D:\.Candra\Project\TA\02_data\raw\Sitting_posture.v17i.yolov8\test\labels\WIN_20251109_20_43_47_Pro_mp4-0100_jpg.rf.259334611f3aaaf102b067f8014ae2d8.txt,1280,720,53380,44ed44da30c648a119f539edca5d3ee66375d0dbf8b3bec0b1052fdc3270c485,01030301053c3030,92.2798,134.831,False,True,False,1,1,0,
test,D:\.Candra\Project\TA\02_data\raw\Sitting_posture.v17i.yolov8\test\images\WIN_20251109_20_43_47_Pro_mp4-0101_jpg.rf.25a4f07b9ae61419e6dfe740447408c9.jpg,test\images\WIN_20251109_20_43_47_Pro_mp4-0101_jpg.rf.25a4f07b9ae61419e6dfe740447408c9.jpg,D:\.Candra\Project\TA\02_data\raw\Sitting_posture.v17i.yolov8\test\labels\WIN_20251109_20_43_47_Pro_mp4-0101_jpg.rf.25a4f07b9ae61419e6dfe740447408c9.txt,1280,720,53858,6df7b2e11c12e5eaa938569d39323ce0491ff916aeaa4a2384de58537d800910,01030301043c3030,92.2722,140.3877,False,True,False,1,1,0,
test,D:\.Candra\Project\TA\02_data\raw\Sitting_posture.v17i.yolov8\test\images\WIN_20251109_20_43_47_Pro_mp4-0102_jpg.rf.e4c16bd7366958f1ba45ac17bb5feb75.jpg,test\images\WIN_20251109_20_43_47_Pro_mp4-0102_jpg.rf.e4c16bd7366958f1ba45ac17bb5feb75.jpg,D:\.Candra\Project\TA\02_data\raw\Sitting_posture.v17i.yolov8\test\labels\WIN_20251109_20_43_47_Pro_mp4-0102_jpg.rf.e4c16bd7366958f1ba45ac17bb5feb75.txt,1280,720,53524,5544b30b75075591a6c7f2f44c70abe42f1f5ca1372d90e55f57977f05e4127b,01030301043c3030,92.3088,138.8586,False,True,False,1,1,0,
test,D:\.Candra\Project\TA\02_data\raw\Sitting_posture.v17i.yolov8\test\images\WIN_20251109_20_43_47_Pro_mp4-0103_jpg.rf.31669d7994c1bea69e5d20d460b9ac65.jpg,test\images\WIN_20251109_20_43_47_Pro_mp4-0103_jpg.rf.31669d7994c1bea69e5d20d460b9ac65.jpg,D:\.Candra\Project\TA\02_data\raw\Sitting_posture.v17i.yolov8\test\labels\WIN_20251109_20_43_47_Pro_mp4-0103_jpg.rf.31669d7994c1bea69e5d20d460b9ac65.txt,1280,720,55115,b8861f2c05b362549daeb719dfc8422b5b062155aa752601e212e4a0d31b810d,01030301043c3030,92.3547,141.3779,False,True,False,1,1,0,
test,D:\.Candra\Project\TA\02_data\raw\Sitting_posture.v17i.yolov8\test\images\WIN_20251109_20_43_47_Pro_mp4-0104_jpg.rf.ec7b1c5d34056fecc84bb1f4497ffd76.jpg,test\images\WIN_20251109_20_43_47_Pro_mp4-0104_jpg.rf.ec7b1c5d34056fecc84bb1f4497ffd76.jpg,D:\.Candra\Project\TA\02_data\raw\Sitting_posture.v17i.yolov8\test\labels\WIN_20251109_20_43_47_Pro_mp4-0104_jpg.rf.ec7b1c5d34056fecc84bb1f4497ffd76.txt,1280,720,53851,537ff73faad05ae424c693ecf077c3b1cb9291d22e1e108b547686eb2867f563,01030301043c3030,92.756,140.6819,False,True,False,1,1,0,
test,D:\.Candra\Project\TA\02_data\raw\Sitting_posture.v17i.yolov8\test\images\WIN_20251109_20_43_47_Pro_mp4-0105_jpg.rf.56a47fcadf25c6b54540370001e87864.jpg,test\images\WIN_20251109_20_43_47_Pro_mp4-0105_jpg.rf.56a47fcadf25c6b54540370001e87864.jpg,D:\.Candra\Project\TA\02_data\raw\Sitting_posture.v17i.yolov8\test\labels\WIN_20251109_20_43_47_Pro_mp4-0105_jpg.rf.56a47fcadf25c6b54540370001e87864.txt,1280,720,53615,df63d92949093213fdc2ae7e102a8ec780a61f8a23e1a55a2c0c6b656bca5225,01030301043c3030,93.1359,139.8153,False,True,False,1,1,0,
test,D:\.Candra\Project\TA\02_data\raw\Sitting_posture.v17i.yolov8\test\images\WIN_20251109_20_43_47_Pro_mp4-0106_jpg.rf.d4401b81274f423c7814cdae7a3e16b3.jpg,test\images\WIN_20251109_20_43_47_Pro_mp4-0106_jpg.rf.d4401b81274f423c7814cdae7a3e16b3.jpg,D:\.Candra\Project\TA\02_data\raw\Sitting_posture.v17i.yolov8\test\labels\WIN_20251109_20_43_47_Pro_mp4-0106_jpg.rf.d4401b81274f423c7814cdae7a3e16b3.txt,1280,720,53430,ff5cafc8aa77ecc7d3878e78f87e72cce91269d1366abe9fc8362878d24c7aa9,01030301043c3030,93.4466,136.5386,False,True,False,1,1,0,
test,D:\.Candra\Project\TA\02_data\raw\Sitting_posture.v17i.yolov8\test\images\WIN_20251109_20_43_47_Pro_mp4-0107_jpg.rf.20a1f059c9a0ce871f08369156811033.jpg,test\images\WIN_20251109_20_43_47_Pro_mp4-0107_jpg.rf.20a1f059c9a0ce871f08369156811033.jpg,D:\.Candra\Project\TA\02_data\raw\Sitting_posture.v17i.yolov8\test\labels\WIN_20251109_20_43_47_Pro_mp4-0107_jpg.rf.20a1f059c9a0ce871f08369156811033.txt,1280,720,53201,95a93a28a2dfa5ab2ceb2420e3393d61d97084f2f51cd40b935a134af4d3e113,01030301043c3030,93.5947,136.4434,False,True,False,1,1,0,
test,D:\.Candra\Project\TA\02_data\raw\Sitting_posture.v17i.yolov8\test\images\WIN_20251109_20_43_47_Pro_mp4-0108_jpg.rf.74cf9717216380eed5c343b551026194.jpg,test\images\WIN_20251109_20_43_47_Pro_mp4-0108_jpg.rf.74cf9717216380eed5c343b551026194.jpg,D:\.Candra\Project\TA\02_data\raw\Sitting_posture.v17i.yolov8\test\labels\WIN_20251109_20_43_47_Pro_mp4-0108_jpg.rf.74cf9717216380eed5c343b551026194.txt,1280,720,53181,cd6e523c0db0f96a6cacef1bb0b772998b9646f00213d6e809f7c99f583062ee,01030301043c3030,93.6013,138.2829,False,True,False,1,1,0,
test,D:\.Candra\Project\TA\02_data\raw\Sitting_posture.v17i.yolov8\test\images\WIN_20251109_20_43_47_Pro_mp4-0109_jpg.rf.acb673611cbac40d2122071d945b708c.jpg,test\images\WIN_20251109_20_43_47_Pro_mp4-0109_jpg.rf.acb673611cbac40d2122071d945b708c.jpg,D:\.Candra\Project\TA\02_data\raw\Sitting_posture.v17i.yolov8\test\labels\WIN_20251109_20_43_47_Pro_mp4-0109_jpg.rf.acb673611cbac40d2122071d945b708c.txt,1280,720,53144,5ce100231f5ab57968168f8ef9078750bae59adef50f0673515f509bdf81a0c9,01030301043c3030,93.5558,134.8311,False,True,False,1,1,0,
test,D:\.Candra\Project\TA\02_data\raw\Sitting_posture.v17i.yolov8\test\images\WIN_20251109_20_43_47_Pro_mp4-0110_jpg.rf.5eecb54b947ee62dc6feb8b39a7b61e7.jpg,test\images\WIN_20251109_20_43_47_Pro_mp4-0110_jpg.rf.5eecb54b947ee62dc6feb8b39a7b61e7.jpg,D:\.Candra\Project\TA\02_data\raw\Sitting_posture.v17i.yolov8\test\labels\WIN_20251109_20_43_47_Pro_mp4-0110_jpg.rf.5eecb54b947ee62dc6feb8b39a7b61e7.txt,1280,720,53432,af0ef88e9f4c3da8b84f42ef24097aec475100786f1223f0c66f31ae8aed2255,01030301043c3030,93.5936,135.9301,False,True,False,1,1,0,
test,D:\.Candra\Project\TA\02_data\raw\Sitting_posture.v17i.yolov8\test\images\WIN_20251109_20_43_47_Pro_mp4-0111_jpg.rf.86408ea3116c946f55a9060327076045.jpg,test\images\WIN_20251109_20_43_47_Pro_mp4-0111_jpg.rf.86408ea3116c946f55a9060327076045.jpg,D:\.Candra\Project\TA\02_data\raw\Sitting_posture.v17i.yolov8\test\labels\WIN_20251109_20_43_47_Pro_mp4-0111_jpg.rf.86408ea3116c946f55a9060327076045.txt,1280,720,53638,c5327d7b3b591b060e7021c4c4319d5377599db957ce78c1f4dc62afd94acf92,01030301043c3030,93.6516,139.2294,False,True,False,1,1,0,
test,D:\.Candra\Project\TA\02_data\raw\Sitting_posture.v17i.yolov8\test\images\WIN_20251109_20_43_47_Pro_mp4-0112_jpg.rf.ec05b188f762058fdcb4bcda4e138a2c.jpg,test\images\WIN_20251109_20_43_47_Pro_mp4-0112_jpg.rf.ec05b188f762058fdcb4bcda4e138a2c.jpg,D:\.Candra\Project\TA\02_data\raw\Sitting_posture.v17i.yolov8\test\labels\WIN_20251109_20_43_47_Pro_mp4-0112_jpg.rf.ec05b188f762058fdcb4bcda4e138a2c.txt,1280,720,53005,1625dba531130bdd1190501305f5cb46ce34df5bec279c539c918d312aaeef12,01030301043c3030,93.7881,138.0725,False,True,False,1,1,0,
test,D:\.Candra\Project\TA\02_data\raw\Sitting_posture.v17i.yolov8\test\images\WIN_20251109_20_43_47_Pro_mp4-0113_jpg.rf.5b504878c7f1558e313b5737d8b9931d.jpg,test\images\WIN_20251109_20_43_47_Pro_mp4-0113_jpg.rf.5b504878c7f1558e313b5737d8b9931d.jpg,D:\.Candra\Project\TA\02_data\raw\Sitting_posture.v17i.yolov8\test\labels\WIN_20251109_20_43_47_Pro_mp4-0113_jpg.rf.5b504878c7f1558e313b5737d8b9931d.txt,1280,720,52868,8d1031738c4c7dff8b7cc111c4e4bebd52a569c19891b1d4d289f31f33f6ef5d,01030301043c3030,93.8623,118.6761,False,True,False,1,1,0,
test,D:\.Candra\Project\TA\02_data\raw\Sitting_posture.v17i.yolov8\test\images\WIN_20251109_20_43_47_Pro_mp4-0114_jpg.rf.c6500c7b1858255fe2db7d084e8660e3.jpg,test\images\WIN_20251109_20_43_47_Pro_mp4-0114_jpg.rf.c6500c7b1858255fe2db7d084e8660e3.jpg,D:\.Candra\Project\TA\02_data\raw\Sitting_posture.v17i.yolov8\test\labels\WIN_20251109_20_43_47_Pro_mp4-0114_jpg.rf.c6500c7b1858255fe2db7d084e8660e3.txt,1280,720,49716,0174a81f96fb8c37a41af0e6d1a818d0f8f22e82f3209d03aa0cf44e51ec5325,030303010d3c3030,94.152,111.4111,False,True,False,1,1,0,
test,D:\.Candra\Project\TA\02_data\raw\Sitting_posture.v17i.yolov8\test\images\WIN_20251109_20_43_47_Pro_mp4-0115_jpg.rf.cd6a7229eff81947048b4d9e1425ccb1.jpg,test\images\WIN_20251109_20_43_47_Pro_mp4-0115_jpg.rf.cd6a7229eff81947048b4d9e1425ccb1.jpg,D:\.Candra\Project\TA\02_data\raw\Sitting_posture.v17i.yolov8\test\labels\WIN_20251109_20_43_47_Pro_mp4-0115_jpg.rf.cd6a7229eff81947048b4d9e1425ccb1.txt,1280,720,54996,fad55981098b6ad5b5e4ddfb4a7087a2efedd996ba05d5dab1350a1a98e6fd58,030303010d283030,94.5404,143.6939,False,True,False,1,1,0,
test,D:\.Candra\Project\TA\02_data\raw\Sitting_posture.v17i.yolov8\test\images\WIN_20251109_20_43_47_Pro_mp4-0116_jpg.rf.c2213a3ed3e9df49efaa72458e74ffa0.jpg,test\images\WIN_20251109_20_43_47_Pro_mp4-0116_jpg.rf.c2213a3ed3e9df49efaa72458e74ffa0.jpg,D:\.Candra\Project\TA\02_data\raw\Sitting_posture.v17i.yolov8\test\labels\WIN_20251109_20_43_47_Pro_mp4-0116_jpg.rf.c2213a3ed3e9df49efaa72458e74ffa0.txt,1280,720,52728,7928316be213835dd25b5bad6429959e98af76af411f43e7ae959b6c177f37ee,0303030208383030,95.1948,126.8916,False,True,False,1,1,0,
test,D:\.Candra\Project\TA\02_data\raw\Sitting_posture.v17i.yolov8\test\images\WIN_20251109_20_43_47_Pro_mp4-0117_jpg.rf.dc313b77d7e8e803856eb50ee26b7b9e.jpg,test\images\WIN_20251109_20_43_47_Pro_mp4-0117_jpg.rf.dc313b77d7e8e803856eb50ee26b7b9e.jpg,D:\.Candra\Project\TA\02_data\raw\Sitting_posture.v17i.yolov8\test\labels\WIN_20251109_20_43_47_Pro_mp4-0117_jpg.rf.dc313b77d7e8e803856eb50ee26b7b9e.txt,1280,720,60990,824bdc16b5a5be0d82a57d4d96ca9ed5b6cb56fe22db4e60227b62d0eaae2e22,030307021a183030,95.1644,170.1172,False,True,False,1,1,0,
test,D:\.Candra\Project\TA\02_data\raw\Sitting_posture.v17i.yolov8\test\images\WIN_20251109_20_43_47_Pro_mp4-0118_jpg.rf.fcae007552a585198b00a4364e868391.jpg,test\images\WIN_20251109_20_43_47_Pro_mp4-0118_jpg.rf.fcae007552a585198b00a4364e868391.jpg,D:\.Candra\Project\TA\02_data\raw\Sitting_posture.v17i.yolov8\test\labels\WIN_20251109_20_43_47_Pro_mp4-0118_jpg.rf.fcae007552a585198b00a4364e868391.txt,1280,720,62088,f1b3b9f02ad054c0cbf680a87ece6c2a89c1a81813ac39b22355dcd9c6d9a823,030307021a1a3030,94.9876,179.4564,False,True,False,1,1,0,
test,D:\.Candra\Project\TA\02_data\raw\Sitting_posture.v17i.yolov8\test\images\WIN_20251109_20_43_47_Pro_mp4-0119_jpg.rf.7ddba5c7e2013abf2aa0c4074ed2cda5.jpg,test\images\WIN_20251109_20_43_47_Pro_mp4-0119_jpg.rf.7ddba5c7e2013abf2aa0c4074ed2cda5.jpg,D:\.Candra\Project\TA\02_data\raw\Sitting_posture.v17i.yolov8\test\labels\WIN_20251109_20_43_47_Pro_mp4-0119_jpg.rf.7ddba5c7e2013abf2aa0c4074ed2cda5.txt,1280,720,60800,b17315cb4db291c647268835edf59486e5fa5c0856e634bcf667f487ff164abc,0303070212123030,94.7983,182.2633,False,True,False,1,1,0,
test,D:\.Candra\Project\TA\02_data\raw\Sitting_posture.v17i.yolov8\test\images\WIN_20251109_20_43_47_Pro_mp4-0120_jpg.rf.8d6b273f2f790f320e1dc27b62353717.jpg,test\images\WIN_20251109_20_43_47_Pro_mp4-0120_jpg.rf.8d6b273f2f790f320e1dc27b62353717.jpg,D:\.Candra\Project\TA\02_data\raw\Sitting_posture.v17i.yolov8\test\labels\WIN_20251109_20_43_47_Pro_mp4-0120_jpg.rf.8d6b273f2f790f320e1dc27b62353717.txt,1280,720,60431,acd5f4d931c7f95c4a9cb8a244963d125f5b76b4c13caf38b9f91eaa175a4227,0303070212123030,94.7546,175.1666,False,True,False,1,1,0,
test,D:\.Candra\Project\TA\02_data\raw\Sitting_posture.v17i.yolov8\test\images\WIN_20251109_20_43_47_Pro_mp4-0121_jpg.rf.2bc81a782cadba3167a45d9f35f1c4b5.jpg,test\images\WIN_20251109_20_43_47_Pro_mp4-0121_jpg.rf.2bc81a782cadba3167a45d9f35f1c4b5.jpg,D:\.Candra\Project\TA\02_data\raw\Sitting_posture.v17i.yolov8\test\labels\WIN_20251109_20_43_47_Pro_mp4-0121_jpg.rf.2bc81a782cadba3167a45d9f35f1c4b5.txt,1280,720,61089,004fc688420f741e3a224d93dd9528f8a27e7c59b5e1ef793ee396c59671ae44,0303070212123030,94.7345,188.1317,False,True,False,1,1,0,
test,D:\.Candra\Project\TA\02_data\raw\Sitting_posture.v17i.yolov8\test\images\WIN_20251109_20_43_47_Pro_mp4-0122_jpg.rf.6c30cd2c0a782bc1bc76bcfaaad36690.jpg,test\images\WIN_20251109_20_43_47_Pro_mp4-0122_jpg.rf.6c30cd2c0a782bc1bc76bcfaaad36690.jpg,D:\.Candra\Project\TA\02_data\raw\Sitting_posture.v17i.yolov8\test\labels\WIN_20251109_20_43_47_Pro_mp4-0122_jpg.rf.6c30cd2c0a782bc1bc76bcfaaad36690.txt,1280,720,60953,5df263443799f0810a150fd658e86203f8b262714e572cc72aea9e39e5fd9945,0303070212123030,94.7861,186.8621,False,True,False,1,1,0,
test,D:\.Candra\Project\TA\02_data\raw\Sitting_posture.v17i.yolov8\test\images\WIN_20251109_20_43_47_Pro_mp4-0123_jpg.rf.e37ee44d977db60af9527348733f1988.jpg,test\images\WIN_20251109_20_43_47_Pro_mp4-0123_jpg.rf.e37ee44d977db60af9527348733f1988.jpg,D:\.Candra\Project\TA\02_data\raw\Sitting_posture.v17i.yolov8\test\labels\WIN_20251109_20_43_47_Pro_mp4-0123_jpg.rf.e37ee44d977db60af9527348733f1988.txt,1280,720,64807,e4a9e83e3d27bd3f1ca95b9ef8e96bdee99c53f45ecbefd473783ebf56297f5f,0303070212123030,91.1044,203.075,False,True,False,1,1,0,
test,D:\.Candra\Project\TA\02_data\raw\Sitting_posture.v17i.yolov8\test\images\WIN_20251109_20_43_47_Pro_mp4-0124_jpg.rf.3ad6ae918cddd2853e0ef7d8a2928664.jpg,test\images\WIN_20251109_20_43_47_Pro_mp4-0124_jpg.rf.3ad6ae918cddd2853e0ef7d8a2928664.jpg,D:\.Candra\Project\TA\02_data\raw\Sitting_posture.v17i.yolov8\test\labels\WIN_20251109_20_43_47_Pro_mp4-0124_jpg.rf.3ad6ae918cddd2853e0ef7d8a2928664.txt,1280,720,57986,deba404dc56cea703f5ea16e0aafde402af174359d2b3f270bdd4621b27da952,0303070212123030,91.1672,164.9205,False,True,False,1,1,0,
test,D:\.Candra\Project\TA\02_data\raw\Sitting_posture.v17i.yolov8\test\images\WIN_20251109_20_43_47_Pro_mp4-0125_jpg.rf.0eb3d244f358b7d6896ea7f3ee96536a.jpg,test\images\WIN_20251109_20_43_47_Pro_mp4-0125_jpg.rf.0eb3d244f358b7d6896ea7f3ee96536a.jpg,D:\.Candra\Project\TA\02_data\raw\Sitting_posture.v17i.yolov8\test\labels\WIN_20251109_20_43_47_Pro_mp4-0125_jpg.rf.0eb3d244f358b7d6896ea7f3ee96536a.txt,1280,720,57016,099aa73f42c8eb1f2fbb4765d847ee4403defb6c5646c757d9e074c186ff58d7,0303070212123030,91.1845,161.9866,False,True,False,1,1,0,
test,D:\.Candra\Project\TA\02_data\raw\Sitting_posture.v17i.yolov8\test\images\WIN_20251109_20_43_47_Pro_mp4-0126_jpg.rf.8528a8e6f1037688ea0926920a7197bb.jpg,test\images\WIN_20251109_20_43_47_Pro_mp4-0126_jpg.rf.8528a8e6f1037688ea0926920a7197bb.jpg,D:\.Candra\Project\TA\02_data\raw\Sitting_posture.v17i.yolov8\test\labels\WIN_20251109_20_43_47_Pro_mp4-0126_jpg.rf.8528a8e6f1037688ea0926920a7197bb.txt,1280,720,58146,9b8d66ed17290deabf7aa50927cb98b524965b97465f024e8cc4f5dd825b74a4,0303070212123030,91.1245,165.4643,False,True,False,1,1,0,
test,D:\.Candra\Project\TA\02_data\raw\Sitting_posture.v17i.yolov8\test\images\WIN_20251109_20_43_47_Pro_mp4-0127_jpg.rf.63d04b0f0d78120372b831dde7a02db9.jpg,test\images\WIN_20251109_20_43_47_Pro_mp4-0127_jpg.rf.63d04b0f0d78120372b831dde7a02db9.jpg,D:\.Candra\Project\TA\02_data\raw\Sitting_posture.v17i.yolov8\test\labels\WIN_20251109_20_43_47_Pro_mp4-0127_jpg.rf.63d04b0f0d78120372b831dde7a02db9.txt,1280,720,60698,042c6f079e57f66816739c5c710d826498363225421a4eaea580a437648d0aac,0303070212123030,91.2535,180.191,False,True,False,1,1,0,
test,D:\.Candra\Project\TA\02_data\raw\Sitting_posture.v17i.yolov8\test\images\WIN_20251109_20_43_47_Pro_mp4-0128_jpg.rf.61082bd28f8f1378a7489760f4059f42.jpg,test\images\WIN_20251109_20_43_47_Pro_mp4-0128_jpg.rf.61082bd28f8f1378a7489760f4059f42.jpg,D:\.Candra\Project\TA\02_data\raw\Sitting_posture.v17i.yolov8\test\labels\WIN_20251109_20_43_47_Pro_mp4-0128_jpg.rf.61082bd28f8f1378a7489760f4059f42.txt,1280,720,61214,fb1ed66e9e43e9d908db9cb0170aa546ea1b3c2c4c02e0bfbb288667cfc51c8d,0303070212123030,91.2512,179.759,False,True,False,1,1,0,
test,D:\.Candra\Project\TA\02_data\raw\Sitting_posture.v17i.yolov8\test\images\WIN_20251109_20_43_47_Pro_mp4-0129_jpg.rf.67db9dc94a93ecbb26fd8183f0d8558d.jpg,test\images\WIN_20251109_20_43_47_Pro_mp4-0129_jpg.rf.67db9dc94a93ecbb26fd8183f0d8558d.jpg,D:\.Candra\Project\TA\02_data\raw\Sitting_posture.v17i.yolov8\test\labels\WIN_20251109_20_43_47_Pro_mp4-0129_jpg.rf.67db9dc94a93ecbb26fd8183f0d8558d.txt,1280,720,54530,32b6c8c84bfb73ce6282bd37aca93b0c138d60dd0c3c5399f89cc4c77b6d00fd,0303070212123030,91.1951,136.3348,False,True,False,1,1,0,
test,D:\.Candra\Project\TA\02_data\raw\Sitting_posture.v17i.yolov8\test\images\WIN_20251109_20_43_47_Pro_mp4-0130_jpg.rf.6b42aacd100ae2df0fda07cb35d60edd.jpg,test\images\WIN_20251109_20_43_47_Pro_mp4-0130_jpg.rf.6b42aacd100ae2df0fda07cb35d60edd.jpg,D:\.Candra\Project\TA\02_data\raw\Sitting_posture.v17i.yolov8\test\labels\WIN_20251109_20_43_47_Pro_mp4-0130_jpg.rf.6b42aacd100ae2df0fda07cb35d60edd.txt,1280,720,61167,9a6067cbacbaf26bdf93a35c6787b8f727482cb740b5fdb4a506b41346337320,0303070212123030,91.1787,177.0297,False,True,False,1,1,0,
test,D:\.Candra\Project\TA\02_data\raw\Sitting_posture.v17i.yolov8\test\images\WIN_20251109_20_43_47_Pro_mp4-0131_jpg.rf.b135db07b39eaf4dee7391030e2122f8.jpg,test\images\WIN_20251109_20_43_47_Pro_mp4-0131_jpg.rf.b135db07b39eaf4dee7391030e2122f8.jpg,D:\.Candra\Project\TA\02_data\raw\Sitting_posture.v17i.yolov8\test\labels\WIN_20251109_20_43_47_Pro_mp4-0131_jpg.rf.b135db07b39eaf4dee7391030e2122f8.txt,1280,720,54390,55a3e2c1c8c505b917a31a6cd50610f52c915638a7ccc455501fb8e360216662,0303070612123030,91.083,132.5499,False,True,False,1,1,0,
test,D:\.Candra\Project\TA\02_data\raw\Sitting_posture.v17i.yolov8\test\images\WIN_20251109_20_43_47_Pro_mp4-0132_jpg.rf.f0d10cc93b26eebc98d539c09d4f1154.jpg,test\images\WIN_20251109_20_43_47_Pro_mp4-0132_jpg.rf.f0d10cc93b26eebc98d539c09d4f1154.jpg,D:\.Candra\Project\TA\02_data\raw\Sitting_posture.v17i.yolov8\test\labels\WIN_20251109_20_43_47_Pro_mp4-0132_jpg.rf.f0d10cc93b26eebc98d539c09d4f1154.txt,1280,720,54680,bd32c8d2237f8e4170fc07d0e10d5a98870f92c5e1bb82454ccbcad601a3dc5e,0303070612123030,91.0997,137.1122,False,True,False,1,1,0,
test,D:\.Candra\Project\TA\02_data\raw\Sitting_posture.v17i.yolov8\test\images\WIN_20251109_20_43_47_Pro_mp4-0133_jpg.rf.b61ae047ea9e8e82a1fdb8912d730b91.jpg,test\images\WIN_20251109_20_43_47_Pro_mp4-0133_jpg.rf.b61ae047ea9e8e82a1fdb8912d730b91.jpg,D:\.Candra\Project\TA\02_data\raw\Sitting_posture.v17i.yolov8\test\labels\WIN_20251109_20_43_47_Pro_mp4-0133_jpg.rf.b61ae047ea9e8e82a1fdb8912d730b91.txt,1280,720,61452,6f01d34a797dce186df090d93c3d418ca2a4fa17935dbf2ea01e8d5dfebfa38f,0303070612123030,91.2279,183.3528,False,True,False,1,1,0,
test,D:\.Candra\Project\TA\02_data\raw\Sitting_posture.v17i.yolov8\test\images\WIN_20251109_20_43_47_Pro_mp4-0134_jpg.rf.c8ceb5530976f01934a08c745b6668d0.jpg,test\images\WIN_20251109_20_43_47_Pro_mp4-0134_jpg.rf.c8ceb5530976f01934a08c745b6668d0.jpg,D:\.Candra\Project\TA\02_data\raw\Sitting_posture.v17i.yolov8\test\labels\WIN_20251109_20_43_47_Pro_mp4-0134_jpg.rf.c8ceb5530976f01934a08c745b6668d0.txt,1280,720,54040,5879a6be2114eac429f7a6973822ef7c9cfc72b0f9d67046b40d7e21b8f10efb,0303030612323030,91.2066,126.4622,False,True,False,1,1,0,
test,D:\.Candra\Project\TA\02_data\raw\Sitting_posture.v17i.yolov8\test\images\WIN_20251109_20_43_47_Pro_mp4-0135_jpg.rf.480fb9fd0ce050649532270c97371030.jpg,test\images\WIN_20251109_20_43_47_Pro_mp4-0135_jpg.rf.480fb9fd0ce050649532270c97371030.jpg,D:\.Candra\Project\TA\02_data\raw\Sitting_posture.v17i.yolov8\test\labels\WIN_20251109_20_43_47_Pro_mp4-0135_jpg.rf.480fb9fd0ce050649532270c97371030.txt,1280,720,52737,f7f224c76a20f896f8f8790d9c70ba74442795456c4a2cdb2216d1232daf48b6,0303030612323030,91.2872,126.5366,False,True,False,1,1,0,
test,D:\.Candra\Project\TA\02_data\raw\Sitting_posture.v17i.yolov8\test\images\WIN_20251109_20_43_47_Pro_mp4-0136_jpg.rf.391ac1d42d983cad7dd0a6c9950232a3.jpg,test\images\WIN_20251109_20_43_47_Pro_mp4-0136_jpg.rf.391ac1d42d983cad7dd0a6c9950232a3.jpg,D:\.Candra\Project\TA\02_data\raw\Sitting_posture.v17i.yolov8\test\labels\WIN_20251109_20_43_47_Pro_mp4-0136_jpg.rf.391ac1d42d983cad7dd0a6c9950232a3.txt,1280,720,53304,f65921649d45327d1959992b915ea3141b91753b8fe19650430dab8f0ce515ee,0303030612323030,91.3078,133.4335,False,True,False,1,1,0,
test,D:\.Candra\Project\TA\02_data\raw\Sitting_posture.v17i.yolov8\test\images\WIN_20251109_20_43_47_Pro_mp4-0137_jpg.rf.3ea6d4ef1913edd0cb283ef1829c7372.jpg,test\images\WIN_20251109_20_43_47_Pro_mp4-0137_jpg.rf.3ea6d4ef1913edd0cb283ef1829c7372.jpg,D:\.Candra\Project\TA\02_data\raw\Sitting_posture.v17i.yolov8\test\labels\WIN_20251109_20_43_47_Pro_mp4-0137_jpg.rf.3ea6d4ef1913edd0cb283ef1829c7372.txt,1280,720,53512,f67ae52953bc4966d94525ea423677cc44a289cb83307809dbad9cc4b8aa4d88,0303030612323030,91.3314,132.8859,False,True,False,1,1,0,
test,D:\.Candra\Project\TA\02_data\raw\Sitting_posture.v17i.yolov8\test\images\WIN_20251109_20_43_47_Pro_mp4-0138_jpg.rf.6f70fc1b0b9dce55dc2ac5d9590fde34.jpg,test\images\WIN_20251109_20_43_47_Pro_mp4-0138_jpg.rf.6f70fc1b0b9dce55dc2ac5d9590fde34.jpg,D:\.Candra\Project\TA\02_data\raw\Sitting_posture.v17i.yolov8\test\labels\WIN_20251109_20_43_47_Pro_mp4-0138_jpg.rf.6f70fc1b0b9dce55dc2ac5d9590fde34.txt,1280,720,54434,17766d9da980ac97360e7c882b1e5e9ac150b9247058f4aee83bbe1ad8963f83,0303030612323030,91.3594,140.4655,False,True,False,1,1,0,
test,D:\.Candra\Project\TA\02_data\raw\Sitting_posture.v17i.yolov8\test\images\WIN_20251109_20_43_47_Pro_mp4-0139_jpg.rf.8597f1000a6f59c260c7ed483999d590.jpg,test\images\WIN_20251109_20_43_47_Pro_mp4-0139_jpg.rf.8597f1000a6f59c260c7ed483999d590.jpg,D:\.Candra\Project\TA\02_data\raw\Sitting_posture.v17i.yolov8\test\labels\WIN_20251109_20_43_47_Pro_mp4-0139_jpg.rf.8597f1000a6f59c260c7ed483999d590.txt,1280,720,54513,288147eec9ce82dd2f98f30f02cc1c3d798ad9d880bb1ca0b31e7b002888e6b0,0303030612323030,91.354,141.0998,False,True,False,1,1,0,
test,D:\.Candra\Project\TA\02_data\raw\Sitting_posture.v17i.yolov8\test\images\WIN_20251109_20_43_47_Pro_mp4-0140_jpg.rf.254a2389cacbdc1a9c740966180c73bb.jpg,test\images\WIN_20251109_20_43_47_Pro_mp4-0140_jpg.rf.254a2389cacbdc1a9c740966180c73bb.jpg,D:\.Candra\Project\TA\02_data\raw\Sitting_posture.v17i.yolov8\test\labels\WIN_20251109_20_43_47_Pro_mp4-0140_jpg.rf.254a2389cacbdc1a9c740966180c73bb.txt,1280,720,54620,046adf22c6ad867f8878833da37411d2ae8dadac754ccc910779c9a589b79fa6,0303030612323030,91.3037,140.8566,False,True,False,1,1,0,
test,D:\.Candra\Project\TA\02_data\raw\Sitting_posture.v17i.yolov8\test\images\WIN_20251109_20_43_47_Pro_mp4-0141_jpg.rf.3e3aa79301ade0535812323d62aba28d.jpg,test\images\WIN_20251109_20_43_47_Pro_mp4-0141_jpg.rf.3e3aa79301ade0535812323d62aba28d.jpg,D:\.Candra\Project\TA\02_data\raw\Sitting_posture.v17i.yolov8\test\labels\WIN_20251109_20_43_47_Pro_mp4-0141_jpg.rf.3e3aa79301ade0535812323d62aba28d.txt,1280,720,54393,fd5f322e4db3dc7374f6af9171bbfd04ffdd0528f01e816d5a5b769fefc2021d,0303030612323030,91.3658,139.6758,False,True,False,1,1,0,
test,D:\.Candra\Project\TA\02_data\raw\Sitting_posture.v17i.yolov8\test\images\WIN_20251109_20_43_47_Pro_mp4-0142_jpg.rf.f2650ae528d58174af23f3096e426bac.jpg,test\images\WIN_20251109_20_43_47_Pro_mp4-0142_jpg.rf.f2650ae528d58174af23f3096e426bac.jpg,D:\.Candra\Project\TA\02_data\raw\Sitting_posture.v17i.yolov8\test\labels\WIN_20251109_20_43_47_Pro_mp4-0142_jpg.rf.f2650ae528d58174af23f3096e426bac.txt,1280,720,54520,0b17138a953ad42db776a57bd4de52600d674205ca3e920d9cc1ec28fad1943c,0303030612323030,91.344,140.1288,False,True,False,1,1,0,
test,D:\.Candra\Project\TA\02_data\raw\Sitting_posture.v17i.yolov8\test\images\WIN_20251109_20_43_47_Pro_mp4-0143_jpg.rf.3ec9d0f99f2615353d11555de5735086.jpg,test\images\WIN_20251109_20_43_47_Pro_mp4-0143_jpg.rf.3ec9d0f99f2615353d11555de5735086.jpg,D:\.Candra\Project\TA\02_data\raw\Sitting_posture.v17i.yolov8\test\labels\WIN_20251109_20_43_47_Pro_mp4-0143_jpg.rf.3ec9d0f99f2615353d11555de5735086.txt,1280,720,59523,d60310f48783ea5aa7a6637ba030c69c0d3d7343efb69686f88b88902a8afaf7,0303030612323030,91.2818,177.6574,False,True,False,1,1,0,
test,D:\.Candra\Project\TA\02_data\raw\Sitting_posture.v17i.yolov8\test\images\WIN_20251109_20_43_47_Pro_mp4-0144_jpg.rf.6bb874b4d24c2455af1c8db64bfa80ef.jpg,test\images\WIN_20251109_20_43_47_Pro_mp4-0144_jpg.rf.6bb874b4d24c2455af1c8db64bfa80ef.jpg,D:\.Candra\Project\TA\02_data\raw\Sitting_posture.v17i.yolov8\test\labels\WIN_20251109_20_43_47_Pro_mp4-0144_jpg.rf.6bb874b4d24c2455af1c8db64bfa80ef.txt,1280,720,54057,fd0b0af44503fccddfdee052817a30116def49635ec1394059676f3b26b2d4a1,0303030612323030,91.2886,134.0382,False,True,False,1,1,0,
test,D:\.Candra\Project\TA\02_data\raw\Sitting_posture.v17i.yolov8\test\images\WIN_20251109_20_43_47_Pro_mp4-0145_jpg.rf.38473f7593a0e104d49e6cc03fb7d5be.jpg,test\images\WIN_20251109_20_43_47_Pro_mp4-0145_jpg.rf.38473f7593a0e104d49e6cc03fb7d5be.jpg,D:\.Candra\Project\TA\02_data\raw\Sitting_posture.v17i.yolov8\test\labels\WIN_20251109_20_43_47_Pro_mp4-0145_jpg.rf.38473f7593a0e104d49e6cc03fb7d5be.txt,1280,720,53640,a1b83538459fa26d1c6631b2138a1d0dd42ff0c64f2bd2c33757753cdef9c006,0303030612323030,91.2494,133.1125,False,True,False,1,1,0,
test,D:\.Candra\Project\TA\02_data\raw\Sitting_posture.v17i.yolov8\test\images\WIN_20251109_20_43_47_Pro_mp4-0146_jpg.rf.591d570d993549e1d506461fbed38814.jpg,test\images\WIN_20251109_20_43_47_Pro_mp4-0146_jpg.rf.591d570d993549e1d506461fbed38814.jpg,D:\.Candra\Project\TA\02_data\raw\Sitting_posture.v17i.yolov8\test\labels\WIN_20251109_20_43_47_Pro_mp4-0146_jpg.rf.591d570d993549e1d506461fbed38814.txt,1280,720,53380,05d1d092cf816bea352b1f30c6ab5d890ec2b86ecfa3d77306ebc4b542c79eba,0303030612323030,91.2654,131.66,False,True,False,1,1,0,
test,D:\.Candra\Project\TA\02_data\raw\Sitting_posture.v17i.yolov8\test\images\WIN_20251109_20_43_47_Pro_mp4-0147_jpg.rf.6c26f26a70a33743407bac5a9cd382cb.jpg,test\images\WIN_20251109_20_43_47_Pro_mp4-0147_jpg.rf.6c26f26a70a33743407bac5a9cd382cb.jpg,D:\.Candra\Project\TA\02_data\raw\Sitting_posture.v17i.yolov8\test\labels\WIN_20251109_20_43_47_Pro_mp4-0147_jpg.rf.6c26f26a70a33743407bac5a9cd382cb.txt,1280,720,53231,22cfee0eb99f5526bb1285e39e325db3d4b3b412577365c0e4365de6b413b626,0303030612323030,91.2731,128.3302,False,True,False,1,1,0,
test,D:\.Candra\Project\TA\02_data\raw\Sitting_posture.v17i.yolov8\test\images\WIN_20251109_20_43_47_Pro_mp4-0148_jpg.rf.40f536f149b7c97ef537db8326a9806a.jpg,test\images\WIN_20251109_20_43_47_Pro_mp4-0148_jpg.rf.40f536f149b7c97ef537db8326a9806a.jpg,D:\.Candra\Project\TA\02_data\raw\Sitting_posture.v17i.yolov8\test\labels\WIN_20251109_20_43_47_Pro_mp4-0148_jpg.rf.40f536f149b7c97ef537db8326a9806a.txt,1280,720,53550,bdc79cfb119ba1d16a1e568af6d2c33244b72b8f681e17993a6e7535a8dbb38f,0303030632323030,91.3083,131.4164,False,True,False,1,1,0,
test,D:\.Candra\Project\TA\02_data\raw\Sitting_posture.v17i.yolov8\test\images\WIN_20251109_20_43_47_Pro_mp4-0149_jpg.rf.17a4b99f8a3e688d58557761bb2514b4.jpg,test\images\WIN_20251109_20_43_47_Pro_mp4-0149_jpg.rf.17a4b99f8a3e688d58557761bb2514b4.jpg,D:\.Candra\Project\TA\02_data\raw\Sitting_posture.v17i.yolov8\test\labels\WIN_20251109_20_43_47_Pro_mp4-0149_jpg.rf.17a4b99f8a3e688d58557761bb2514b4.txt,1280,720,53445,b4c99bba164179b20011389237ac0063b4c026e7c42d4270a45792cbff9bf280,0303030632323030,91.3189,133.4239,False,True,False,1,1,0,
test,D:\.Candra\Project\TA\02_data\raw\Sitting_posture.v17i.yolov8\test\images\WIN_20251109_20_43_47_Pro_mp4-0150_jpg.rf.27a1dacfd5a4b0554f146b5410448aed.jpg,test\images\WIN_20251109_20_43_47_Pro_mp4-0150_jpg.rf.27a1dacfd5a4b0554f146b5410448aed.jpg,D:\.Candra\Project\TA\02_data\raw\Sitting_posture.v17i.yolov8\test\labels\WIN_20251109_20_43_47_Pro_mp4-0150_jpg.rf.27a1dacfd5a4b0554f146b5410448aed.txt,1280,720,53419,c9a2621f3cb31ed079aef1068f6651591438a6504178ccf5973d4f8fbc3255ec,0303030632323030,91.3009,132.1269,False,True,False,1,1,0,
test,D:\.Candra\Project\TA\02_data\raw\Sitting_posture.v17i.yolov8\test\images\WIN_20251109_20_43_47_Pro_mp4-0151_jpg.rf.273b468e870738389223520aa09eaa1f.jpg,test\images\WIN_20251109_20_43_47_Pro_mp4-0151_jpg.rf.273b468e870738389223520aa09eaa1f.jpg,D:\.Candra\Project\TA\02_data\raw\Sitting_posture.v17i.yolov8\test\labels\WIN_20251109_20_43_47_Pro_mp4-0151_jpg.rf.273b468e870738389223520aa09eaa1f.txt,1280,720,53359,9e5eae853a2fe94884cbbafc32a73d58b72b4b042858c2878be598564cd7548a,0303030632323030,91.2666,132.0812,False,True,False,1,1,0,
test,D:\.Candra\Project\TA\02_data\raw\Sitting_posture.v17i.yolov8\test\images\WIN_20251109_20_43_47_Pro_mp4-0152_jpg.rf.72e0007fd6b807bdb9a4be43ca3aaf72.jpg,test\images\WIN_20251109_20_43_47_Pro_mp4-0152_jpg.rf.72e0007fd6b807bdb9a4be43ca3aaf72.jpg,D:\.Candra\Project\TA\02_data\raw\Sitting_posture.v17i.yolov8\test\labels\WIN_20251109_20_43_47_Pro_mp4-0152_jpg.rf.72e0007fd6b807bdb9a4be43ca3aaf72.txt,1280,720,52824,df2fbdc51d5258bba28c5812894a9066648298bc4d634faffa4afb9644481e79,0303030632323030,91.2886,127.1689,False,True,False,1,1,0,
test,D:\.Candra\Project\TA\02_data\raw\Sitting_posture.v17i.yolov8\test\images\WIN_20251109_20_43_47_Pro_mp4-0153_jpg.rf.8972f17ec0626daeb0eb949f7228a18a.jpg,test\images\WIN_20251109_20_43_47_Pro_mp4-0153_jpg.rf.8972f17ec0626daeb0eb949f7228a18a.jpg,D:\.Candra\Project\TA\02_data\raw\Sitting_posture.v17i.yolov8\test\labels\WIN_20251109_20_43_47_Pro_mp4-0153_jpg.rf.8972f17ec0626daeb0eb949f7228a18a.txt,1280,720,51528,a8e0d371eb8b277f85bc0d2a309ef218f18f8e4ffdf618e624678b7933fb637d,0303030636323030,91.4543,118.5315,False,True,False,1,1,0,
test,D:\.Candra\Project\TA\02_data\raw\Sitting_posture.v17i.yolov8\test\images\WIN_20251109_20_43_47_Pro_mp4-0154_jpg.rf.f910f708c9f583c585e265e78080ff85.jpg,test\images\WIN_20251109_20_43_47_Pro_mp4-0154_jpg.rf.f910f708c9f583c585e265e78080ff85.jpg,D:\.Candra\Project\TA\02_data\raw\Sitting_posture.v17i.yolov8\test\labels\WIN_20251109_20_43_47_Pro_mp4-0154_jpg.rf.f910f708c9f583c585e265e78080ff85.txt,1280,720,54050,6dff479123ad5f4ced0c7522f0afdf663ab714514b3c263496b55b9dd1bd01d3,0303030236363060,91.289,128.326,False,True,False,1,1,0,
test,D:\.Candra\Project\TA\02_data\raw\Sitting_posture.v17i.yolov8\test\images\WIN_20251109_20_43_47_Pro_mp4-0155_jpg.rf.07c247d8794fcced8b2c08c322928e0f.jpg,test\images\WIN_20251109_20_43_47_Pro_mp4-0155_jpg.rf.07c247d8794fcced8b2c08c322928e0f.jpg,D:\.Candra\Project\TA\02_data\raw\Sitting_posture.v17i.yolov8\test\labels\WIN_20251109_20_43_47_Pro_mp4-0155_jpg.rf.07c247d8794fcced8b2c08c322928e0f.txt,1280,720,53009,981844c910f882efb856beb85a33330fe03552f08578b82926084dfe0962b96e,0303030226363060,91.2049,129.1317,False,True,False,1,1,0,
test,D:\.Candra\Project\TA\02_data\raw\Sitting_posture.v17i.yolov8\test\images\WIN_20251109_20_43_47_Pro_mp4-0156_jpg.rf.f772431d8d1f3f89f3ebb43b356ac88f.jpg,test\images\WIN_20251109_20_43_47_Pro_mp4-0156_jpg.rf.f772431d8d1f3f89f3ebb43b356ac88f.jpg,D:\.Candra\Project\TA\02_data\raw\Sitting_posture.v17i.yolov8\test\labels\WIN_20251109_20_43_47_Pro_mp4-0156_jpg.rf.f772431d8d1f3f89f3ebb43b356ac88f.txt,1280,720,53351,2c1ff5d88a90d410f0bddc2aa5ef0c64f72227707066fd825347cb9c31f02a34,0303030226263868,91.2079,133.1318,False,True,False,1,1,0,
test,D:\.Candra\Project\TA\02_data\raw\Sitting_posture.v17i.yolov8\test\images\WIN_20251109_20_43_47_Pro_mp4-0157_jpg.rf.a003b171c9c9580a6b8309024ba20d60.jpg,test\images\WIN_20251109_20_43_47_Pro_mp4-0157_jpg.rf.a003b171c9c9580a6b8309024ba20d60.jpg,D:\.Candra\Project\TA\02_data\raw\Sitting_posture.v17i.yolov8\test\labels\WIN_20251109_20_43_47_Pro_mp4-0157_jpg.rf.a003b171c9c9580a6b8309024ba20d60.txt,1280,720,53583,aac826fa93960b6903d081c80151aafa4f704b7b53ee8c5fd78981430d4be90d,0303031226263868,91.3226,135.269,False,True,False,1,1,0,
test,D:\.Candra\Project\TA\02_data\raw\Sitting_posture.v17i.yolov8\test\images\WIN_20251109_20_43_47_Pro_mp4-0158_jpg.rf.2a4771b0e34168d301452a5f08a966f8.jpg,test\images\WIN_20251109_20_43_47_Pro_mp4-0158_jpg.rf.2a4771b0e34168d301452a5f08a966f8.jpg,D:\.Candra\Project\TA\02_data\raw\Sitting_posture.v17i.yolov8\test\labels\WIN_20251109_20_43_47_Pro_mp4-0158_jpg.rf.2a4771b0e34168d301452a5f08a966f8.txt,1280,720,54067,46479cbf7388112d0dfa2be8525fc23a940c0e7fc398cf8251b147e9381a5781,0303031226263868,91.3804,138.3802,False,True,False,1,1,0,
test,D:\.Candra\Project\TA\02_data\raw\Sitting_posture.v17i.yolov8\test\images\WIN_20251109_20_43_47_Pro_mp4-0159_jpg.rf.93797cb35bd3573526d0a90d030937e2.jpg,test\images\WIN_20251109_20_43_47_Pro_mp4-0159_jpg.rf.93797cb35bd3573526d0a90d030937e2.jpg,D:\.Candra\Project\TA\02_data\raw\Sitting_posture.v17i.yolov8\test\labels\WIN_20251109_20_43_47_Pro_mp4-0159_jpg.rf.93797cb35bd3573526d0a90d030937e2.txt,1280,720,54375,71bcc3020040b406706e3f5046f55bd8f6527defc92e2d5a4b497492a531879c,0303031226642868,91.3693,144.2083,False,True,False,1,1,0,
test,D:\.Candra\Project\TA\02_data\raw\Sitting_posture.v17i.yolov8\test\images\WIN_20251109_20_43_47_Pro_mp4-0160_jpg.rf.b3ac13b797322d70c1986342399c1c16.jpg,test\images\WIN_20251109_20_43_47_Pro_mp4-0160_jpg.rf.b3ac13b797322d70c1986342399c1c16.jpg,D:\.Candra\Project\TA\02_data\raw\Sitting_posture.v17i.yolov8\test\labels\WIN_20251109_20_43_47_Pro_mp4-0160_jpg.rf.b3ac13b797322d70c1986342399c1c16.txt,1280,720,59597,7581ac2e38597546dd3bea8da571dbd4617acfef2bbc281120cf887a7c81d430,0303031226642868,91.2446,184.1889,False,True,False,1,1,0,
test,D:\.Candra\Project\TA\02_data\raw\Sitting_posture.v17i.yolov8\test\images\WIN_20251109_20_43_47_Pro_mp4-0161_jpg.rf.f78797c008acce404410cb03192fcbe1.jpg,test\images\WIN_20251109_20_43_47_Pro_mp4-0161_jpg.rf.f78797c008acce404410cb03192fcbe1.jpg,D:\.Candra\Project\TA\02_data\raw\Sitting_posture.v17i.yolov8\test\labels\WIN_20251109_20_43_47_Pro_mp4-0161_jpg.rf.f78797c008acce404410cb03192fcbe1.txt,1280,720,54543,39c01d9dce40b9d0d55f6fa13b9592728605239e533139601e55469579d920a6,0303031226242868,91.3512,145.0466,False,True,False,1,1,0,
test,D:\.Candra\Project\TA\02_data\raw\Sitting_posture.v17i.yolov8\test\images\WIN_20251109_20_43_47_Pro_mp4-0162_jpg.rf.287057b08f86dfc950842428671f12d8.jpg,test\images\WIN_20251109_20_43_47_Pro_mp4-0162_jpg.rf.287057b08f86dfc950842428671f12d8.jpg,D:\.Candra\Project\TA\02_data\raw\Sitting_posture.v17i.yolov8\test\labels\WIN_20251109_20_43_47_Pro_mp4-0162_jpg.rf.287057b08f86dfc950842428671f12d8.txt,1280,720,59426,9201a09474c0b6cb271bb89040fca09caa8234ad99fa36635901007db6d91ffe,0303031226242868,91.2719,182.8174,False,True,False,1,1,0,
test,D:\.Candra\Project\TA\02_data\raw\Sitting_posture.v17i.yolov8\test\images\WIN_20251109_20_43_47_Pro_mp4-0163_jpg.rf.58eb398235f0581eb09c39d6d8df37f9.jpg,test\images\WIN_20251109_20_43_47_Pro_mp4-0163_jpg.rf.58eb398235f0581eb09c39d6d8df37f9.jpg,D:\.Candra\Project\TA\02_data\raw\Sitting_posture.v17i.yolov8\test\labels\WIN_20251109_20_43_47_Pro_mp4-0163_jpg.rf.58eb398235f0581eb09c39d6d8df37f9.txt,1280,720,59596,061d14540920af348a90bed1ce73cb849cfd42a3844df128293b3d1999b05fa8,0303031226243868,91.3363,183.7695,False,True,False,1,1,0,
test,D:\.Candra\Project\TA\02_data\raw\Sitting_posture.v17i.yolov8\test\images\WIN_20251109_20_43_47_Pro_mp4-0164_jpg.rf.99d87dcedb61d7e829bc295e518ecf2d.jpg,test\images\WIN_20251109_20_43_47_Pro_mp4-0164_jpg.rf.99d87dcedb61d7e829bc295e518ecf2d.jpg,D:\.Candra\Project\TA\02_data\raw\Sitting_posture.v17i.yolov8\test\labels\WIN_20251109_20_43_47_Pro_mp4-0164_jpg.rf.99d87dcedb61d7e829bc295e518ecf2d.txt,1280,720,65869,66c26b5525a470739789dfcb294059b0059924da68cdc4679639024a3cf064dd,0303031226242868,91.3448,225.4652,False,True,False,1,1,0,
test,D:\.Candra\Project\TA\02_data\raw\Sitting_posture.v17i.yolov8\test\images\WIN_20251109_20_43_47_Pro_mp4-0165_jpg.rf.75042a505fbc67cc1fe271074abfd7e5.jpg,test\images\WIN_20251109_20_43_47_Pro_mp4-0165_jpg.rf.75042a505fbc67cc1fe271074abfd7e5.jpg,D:\.Candra\Project\TA\02_data\raw\Sitting_posture.v17i.yolov8\test\labels\WIN_20251109_20_43_47_Pro_mp4-0165_jpg.rf.75042a505fbc67cc1fe271074abfd7e5.txt,1280,720,60402,3500b7a068aa2057916cb79f2020efbab3496a8416c149a359024bee001eb0dc,0303031226263868,91.3794,185.5338,False,True,False,1,1,0,
test,D:\.Candra\Project\TA\02_data\raw\Sitting_posture.v17i.yolov8\test\images\WIN_20251109_20_43_47_Pro_mp4-0166_jpg.rf.c1614cd2b4a1cf94c8c603861455d84a.jpg,test\images\WIN_20251109_20_43_47_Pro_mp4-0166_jpg.rf.c1614cd2b4a1cf94c8c603861455d84a.jpg,D:\.Candra\Project\TA\02_data\raw\Sitting_posture.v17i.yolov8\test\labels\WIN_20251109_20_43_47_Pro_mp4-0166_jpg.rf.c1614cd2b4a1cf94c8c603861455d84a.txt,1280,720,59854,5ed46449b27157f72a0cea5cc707e58bfaf5bee8cc95e77db61f959ddc57f6c0,0303031226243868,91.3772,183.9065,False,True,False,1,1,0,
test,D:\.Candra\Project\TA\02_data\raw\Sitting_posture.v17i.yolov8\test\images\WIN_20251109_20_43_47_Pro_mp4-0167_jpg.rf.f6f304eefe01ca6c4abd8914383179f6.jpg,test\images\WIN_20251109_20_43_47_Pro_mp4-0167_jpg.rf.f6f304eefe01ca6c4abd8914383179f6.jpg,D:\.Candra\Project\TA\02_data\raw\Sitting_posture.v17i.yolov8\test\labels\WIN_20251109_20_43_47_Pro_mp4-0167_jpg.rf.f6f304eefe01ca6c4abd8914383179f6.txt,1280,720,59713,a2ccac87e4b742b24c860b5f7758d82a39b0d440cdae429aa4548fffa047db24,0303031226263868,91.3385,184.1804,False,True,False,1,1,0,
test,D:\.Candra\Project\TA\02_data\raw\Sitting_posture.v17i.yolov8\test\images\WIN_20251109_20_43_47_Pro_mp4-0168_jpg.rf.03dce661efaf36df156b1185eabaff29.jpg,test\images\WIN_20251109_20_43_47_Pro_mp4-0168_jpg.rf.03dce661efaf36df156b1185eabaff29.jpg,D:\.Candra\Project\TA\02_data\raw\Sitting_posture.v17i.yolov8\test\labels\WIN_20251109_20_43_47_Pro_mp4-0168_jpg.rf.03dce661efaf36df156b1185eabaff29.txt,1280,720,59215,0776afc736c619c738b39c8f0ff8c02e8cff98677cd2911b90251826fc63959f,0303030226243868,91.3828,177.5138,False,True,False,1,1,0,
test,D:\.Candra\Project\TA\02_data\raw\Sitting_posture.v17i.yolov8\test\images\WIN_20251109_20_43_47_Pro_mp4-0169_jpg.rf.9d41906429cd94559f20809453567d68.jpg,test\images\WIN_20251109_20_43_47_Pro_mp4-0169_jpg.rf.9d41906429cd94559f20809453567d68.jpg,D:\.Candra\Project\TA\02_data\raw\Sitting_posture.v17i.yolov8\test\labels\WIN_20251109_20_43_47_Pro_mp4-0169_jpg.rf.9d41906429cd94559f20809453567d68.txt,1280,720,58322,a33d39027c743d27f2db0cfc3c83e5ae2627c55f014c54db5aaf9df0751be0d1,0303030226263860,91.3221,173.2395,False,True,False,1,1,0,
test,D:\.Candra\Project\TA\02_data\raw\Sitting_posture.v17i.yolov8\test\images\WIN_20251109_20_43_47_Pro_mp4-0170_jpg.rf.e587573a6252d893ee529ece35330a4c.jpg,test\images\WIN_20251109_20_43_47_Pro_mp4-0170_jpg.rf.e587573a6252d893ee529ece35330a4c.jpg,D:\.Candra\Project\TA\02_data\raw\Sitting_posture.v17i.yolov8\test\labels\WIN_20251109_20_43_47_Pro_mp4-0170_jpg.rf.e587573a6252d893ee529ece35330a4c.txt,1280,720,57827,e9198f2cf8a7732af4c577571b9f6e2c94930f8cde49d97ddcb57be96b4b7d23,0303030636363060,91.3808,162.5884,False,True,False,1,1,0,
test,D:\.Candra\Project\TA\02_data\raw\Sitting_posture.v17i.yolov8\test\images\WIN_20251109_20_43_47_Pro_mp4-0171_jpg.rf.c8edf2ec38c00925386d2230bafdfba1.jpg,test\images\WIN_20251109_20_43_47_Pro_mp4-0171_jpg.rf.c8edf2ec38c00925386d2230bafdfba1.jpg,D:\.Candra\Project\TA\02_data\raw\Sitting_posture.v17i.yolov8\test\labels\WIN_20251109_20_43_47_Pro_mp4-0171_jpg.rf.c8edf2ec38c00925386d2230bafdfba1.txt,1280,720,57965,82a050f2335db3e2cd800adf81d3b7ea0b2ad7a3f7b4dc8586b1ab8b7190c518,0303030636323060,91.3427,158.2744,False,True,False,1,1,0,
test,D:\.Candra\Project\TA\02_data\raw\Sitting_posture.v17i.yolov8\test\images\WIN_20251109_20_43_47_Pro_mp4-0172_jpg.rf.3fce33b632b06461cf8c8bf1dd46a5e1.jpg,test\images\WIN_20251109_20_43_47_Pro_mp4-0172_jpg.rf.3fce33b632b06461cf8c8bf1dd46a5e1.jpg,D:\.Candra\Project\TA\02_data\raw\Sitting_posture.v17i.yolov8\test\labels\WIN_20251109_20_43_47_Pro_mp4-0172_jpg.rf.3fce33b632b06461cf8c8bf1dd46a5e1.txt,1280,720,58102,0baaa6b2ff8e6076e9c23ac38ef76fac90dd6a209798e5f7146e902809f1c37b,0303070632323070,91.2734,160.825,False,True,False,1,1,0,
test,D:\.Candra\Project\TA\02_data\raw\Sitting_posture.v17i.yolov8\test\images\WIN_20251109_20_43_47_Pro_mp4-0173_jpg.rf.a533c19e8a8431137d50da47ee6b4eb1.jpg,test\images\WIN_20251109_20_43_47_Pro_mp4-0173_jpg.rf.a533c19e8a8431137d50da47ee6b4eb1.jpg,D:\.Candra\Project\TA\02_data\raw\Sitting_posture.v17i.yolov8\test\labels\WIN_20251109_20_43_47_Pro_mp4-0173_jpg.rf.a533c19e8a8431137d50da47ee6b4eb1.txt,1280,720,58120,e6f7aa5033bb64bbf480e768254a8fc077a9e97b638f764084e3c1f5b61ccb65,0303070612123030,91.0237,164.2307,False,True,False,1,1,0,
test,D:\.Candra\Project\TA\02_data\raw\Sitting_posture.v17i.yolov8\test\images\WIN_20251109_20_43_47_Pro_mp4-0174_jpg.rf.684c77685c7e27740dff9ed99715cecc.jpg,test\images\WIN_20251109_20_43_47_Pro_mp4-0174_jpg.rf.684c77685c7e27740dff9ed99715cecc.jpg,D:\.Candra\Project\TA\02_data\raw\Sitting_posture.v17i.yolov8\test\labels\WIN_20251109_20_43_47_Pro_mp4-0174_jpg.rf.684c77685c7e27740dff9ed99715cecc.txt,1280,720,62501,4f3e1af52630457a439556e3d927ef6f4dd9e558babc0a5de0b43982009ec483,0303070212123030,90.828,186.8054,False,True,False,1,1,0,
test,D:\.Candra\Project\TA\02_data\raw\Sitting_posture.v17i.yolov8\test\images\WIN_20251109_20_43_47_Pro_mp4-0175_jpg.rf.a03f987a9f5f89ea7674c798d5635f47.jpg,test\images\WIN_20251109_20_43_47_Pro_mp4-0175_jpg.rf.a03f987a9f5f89ea7674c798d5635f47.jpg,D:\.Candra\Project\TA\02_data\raw\Sitting_posture.v17i.yolov8\test\labels\WIN_20251109_20_43_47_Pro_mp4-0175_jpg.rf.a03f987a9f5f89ea7674c798d5635f47.txt,1280,720,52656,f49c8e7cd22ca83a337d144fa8458fb951559b7b4c4dcf1fef442b96043da6d3,0303070212123030,90.8031,122.3528,False,True,False,1,1,0,
test,D:\.Candra\Project\TA\02_data\raw\Sitting_posture.v17i.yolov8\test\images\WIN_20251109_20_43_47_Pro_mp4-0176_jpg.rf.3cbd8ccc0ee72744da0a634271986b34.jpg,test\images\WIN_20251109_20_43_47_Pro_mp4-0176_jpg.rf.3cbd8ccc0ee72744da0a634271986b34.jpg,D:\.Candra\Project\TA\02_data\raw\Sitting_posture.v17i.yolov8\test\labels\WIN_20251109_20_43_47_Pro_mp4-0176_jpg.rf.3cbd8ccc0ee72744da0a634271986b34.txt,1280,720,52186,5c3416ef336e54b19a9eb5281fc1960deca9ff8c76a65b1f90a71c61e2f2d66f,0303070212123030,90.7416,122.2009,False,True,False,1,1,0,
test,D:\.Candra\Project\TA\02_data\raw\Sitting_posture.v17i.yolov8\test\images\WIN_20251109_20_43_47_Pro_mp4-0177_jpg.rf.0ded6d54368e20224c29d31bbc86b630.jpg,test\images\WIN_20251109_20_43_47_Pro_mp4-0177_jpg.rf.0ded6d54368e20224c29d31bbc86b630.jpg,D:\.Candra\Project\TA\02_data\raw\Sitting_posture.v17i.yolov8\test\labels\WIN_20251109_20_43_47_Pro_mp4-0177_jpg.rf.0ded6d54368e20224c29d31bbc86b630.txt,1280,720,53621,989a5f03d83f36cc184a4eada699f9a730bcc8dd1e5f1375798a804f535ded83,0303070212123030,90.7592,136.0806,False,True,False,1,1,0,
test,D:\.Candra\Project\TA\02_data\raw\Sitting_posture.v17i.yolov8\test\images\WIN_20251109_20_43_47_Pro_mp4-0178_jpg.rf.50235e9436ddc5db573027b86959d636.jpg,test\images\WIN_20251109_20_43_47_Pro_mp4-0178_jpg.rf.50235e9436ddc5db573027b86959d636.jpg,D:\.Candra\Project\TA\02_data\raw\Sitting_posture.v17i.yolov8\test\labels\WIN_20251109_20_43_47_Pro_mp4-0178_jpg.rf.50235e9436ddc5db573027b86959d636.txt,1280,720,54289,29940148830cd2c35230611032eae95310938cff2ebdfaf8bbe1ddacffc69ad8,0303070212123030,90.8079,135.9152,False,True,False,1,1,0,
test,D:\.Candra\Project\TA\02_data\raw\Sitting_posture.v17i.yolov8\test\images\WIN_20251109_20_43_47_Pro_mp4-0179_jpg.rf.e46c378aed49f64f75c14edc0649ca2d.jpg,test\images\WIN_20251109_20_43_47_Pro_mp4-0179_jpg.rf.e46c378aed49f64f75c14edc0649ca2d.jpg,D:\.Candra\Project\TA\02_data\raw\Sitting_posture.v17i.yolov8\test\labels\WIN_20251109_20_43_47_Pro_mp4-0179_jpg.rf.e46c378aed49f64f75c14edc0649ca2d.txt,1280,720,54236,e96d548a39bc8a23d7a2785be7b30088cb0d6894ca0f51a709301030b4644d0f,0303070212123030,90.8359,133.8833,False,True,False,1,1,0,
test,D:\.Candra\Project\TA\02_data\raw\Sitting_posture.v17i.yolov8\test\images\WIN_20251109_20_43_47_Pro_mp4-0180_jpg.rf.91d118ab95741257642d74f0e3d9feba.jpg,test\images\WIN_20251109_20_43_47_Pro_mp4-0180_jpg.rf.91d118ab95741257642d74f0e3d9feba.jpg,D:\.Candra\Project\TA\02_data\raw\Sitting_posture.v17i.yolov8\test\labels\WIN_20251109_20_43_47_Pro_mp4-0180_jpg.rf.91d118ab95741257642d74f0e3d9feba.txt,1280,720,54145,a6723834c928b6437f104e6ce90b450b5bda3610791d2d32343075a73a5a4821,0303070212123030,90.907,131.2346,False,True,False,1,1,0,
test,D:\.Candra\Project\TA\02_data\raw\Sitting_posture.v17i.yolov8\test\images\WIN_20251109_20_43_47_Pro_mp4-0181_jpg.rf.889a30aa22503133ba94e285648ac6d2.jpg,test\images\WIN_20251109_20_43_47_Pro_mp4-0181_jpg.rf.889a30aa22503133ba94e285648ac6d2.jpg,D:\.Candra\Project\TA\02_data\raw\Sitting_posture.v17i.yolov8\test\labels\WIN_20251109_20_43_47_Pro_mp4-0181_jpg.rf.889a30aa22503133ba94e285648ac6d2.txt,1280,720,54181,60c53b1c9c719b71f3fc8076ea833ef2007a3a05c2030fde7237e6dd2be0e4c3,0303070212123030,91.0875,131.3755,False,True,False,1,1,0,
test,D:\.Candra\Project\TA\02_data\raw\Sitting_posture.v17i.yolov8\test\images\WIN_20251109_20_43_47_Pro_mp4-0182_jpg.rf.93bf63e9247a7bdd96a5031b1f78dd8f.jpg,test\images\WIN_20251109_20_43_47_Pro_mp4-0182_jpg.rf.93bf63e9247a7bdd96a5031b1f78dd8f.jpg,D:\.Candra\Project\TA\02_data\raw\Sitting_posture.v17i.yolov8\test\labels\WIN_20251109_20_43_47_Pro_mp4-0182_jpg.rf.93bf63e9247a7bdd96a5031b1f78dd8f.txt,1280,720,54304,e872dfae00dc74c98d502fa1477df5e646682fb08820555d431028817b8bdd45,0303070212123030,91.1869,132.6004,False,True,False,1,1,0,
test,D:\.Candra\Project\TA\02_data\raw\Sitting_posture.v17i.yolov8\test\images\WIN_20251109_20_43_47_Pro_mp4-0183_jpg.rf.4dc88a09d81c062d149981038ccc0de6.jpg,test\images\WIN_20251109_20_43_47_Pro_mp4-0183_jpg.rf.4dc88a09d81c062d149981038ccc0de6.jpg,D:\.Candra\Project\TA\02_data\raw\Sitting_posture.v17i.yolov8\test\labels\WIN_20251109_20_43_47_Pro_mp4-0183_jpg.rf.4dc88a09d81c062d149981038ccc0de6.txt,1280,720,54246,27be0493790f34b38d1a1236d094f98a9dd7eae33035b63c2702342848f97942,0303070212123030,91.195,134.9932,False,True,False,1,1,0,
test,D:\.Candra\Project\TA\02_data\raw\Sitting_posture.v17i.yolov8\test\images\WIN_20251109_20_43_47_Pro_mp4-0184_jpg.rf.71a5ca75a4204a63a97ce2244a995410.jpg,test\images\WIN_20251109_20_43_47_Pro_mp4-0184_jpg.rf.71a5ca75a4204a63a97ce2244a995410.jpg,D:\.Candra\Project\TA\02_data\raw\Sitting_posture.v17i.yolov8\test\labels\WIN_20251109_20_43_47_Pro_mp4-0184_jpg.rf.71a5ca75a4204a63a97ce2244a995410.txt,1280,720,61085,da95e4b8d29d46e62224d415c09264028f784dcc447520cb963ffff96f235f7e,0303070212123030,91.1703,175.3082,False,True,False,1,1,0,
test,D:\.Candra\Project\TA\02_data\raw\Sitting_posture.v17i.yolov8\test\images\WIN_20251109_20_43_47_Pro_mp4-0185_jpg.rf.3b84f4ececa7a66cfb6da8938bca44bc.jpg,test\images\WIN_20251109_20_43_47_Pro_mp4-0185_jpg.rf.3b84f4ececa7a66cfb6da8938bca44bc.jpg,D:\.Candra\Project\TA\02_data\raw\Sitting_posture.v17i.yolov8\test\labels\WIN_20251109_20_43_47_Pro_mp4-0185_jpg.rf.3b84f4ececa7a66cfb6da8938bca44bc.txt,1280,720,54784,c8ff6deceb82b9ac11ff1ce13b4ff55a7ffff0e14745ab9413f0f5ba48c8f8fa,03030702121a3030,91.1128,132.3941,False,True,False,1,1,0,
test,D:\.Candra\Project\TA\02_data\raw\Sitting_posture.v17i.yolov8\test\images\WIN_20251109_20_43_47_Pro_mp4-0186_jpg.rf.84d306ccc8a02a06c7ed3480adc441a3.jpg,test\images\WIN_20251109_20_43_47_Pro_mp4-0186_jpg.rf.84d306ccc8a02a06c7ed3480adc441a3.jpg,D:\.Candra\Project\TA\02_data\raw\Sitting_posture.v17i.yolov8\test\labels\WIN_20251109_20_43_47_Pro_mp4-0186_jpg.rf.84d306ccc8a02a06c7ed3480adc441a3.txt,1280,720,53611,631ba37014b290410601705fd6019273d2170a4a33a46882d714dc514b8cec83,03030702121a3030,91.2175,127.2993,False,True,False,1,1,0,
test,D:\.Candra\Project\TA\02_data\raw\Sitting_posture.v17i.yolov8\test\images\WIN_20251109_20_43_47_Pro_mp4-0187_jpg.rf.93e8ded9e95861f0a92f7f2b15c004ea.jpg,test\images\WIN_20251109_20_43_47_Pro_mp4-0187_jpg.rf.93e8ded9e95861f0a92f7f2b15c004ea.jpg,D:\.Candra\Project\TA\02_data\raw\Sitting_posture.v17i.yolov8\test\labels\WIN_20251109_20_43_47_Pro_mp4-0187_jpg.rf.93e8ded9e95861f0a92f7f2b15c004ea.txt,1280,720,53820,f21c0beb66467a7286e421d797d2e8377e66acd8f1b63935e7f8fcd55b5fa4d6,030307021a1a3030,91.3705,131.1369,False,True,False,1,1,0,
test,D:\.Candra\Project\TA\02_data\raw\Sitting_posture.v17i.yolov8\test\images\WIN_20251109_20_43_47_Pro_mp4-0188_jpg.rf.9c98675d584fa385f040a0425ec7744a.jpg,test\images\WIN_20251109_20_43_47_Pro_mp4-0188_jpg.rf.9c98675d584fa385f040a0425ec7744a.jpg,D:\.Candra\Project\TA\02_data\raw\Sitting_posture.v17i.yolov8\test\labels\WIN_20251109_20_43_47_Pro_mp4-0188_jpg.rf.9c98675d584fa385f040a0425ec7744a.txt,1280,720,53811,c360024c9f56ba81891545e1bac1282cdd1f3379e9eec80fd8ad35ad42383e8b,030307021a1a3030,91.3367,130.4436,False,True,False,1,1,0,
test,D:\.Candra\Project\TA\02_data\raw\Sitting_posture.v17i.yolov8\test\images\WIN_20251109_20_43_47_Pro_mp4-0189_jpg.rf.e5d895db5a2fef20a23707e86e8c67c5.jpg,test\images\WIN_20251109_20_43_47_Pro_mp4-0189_jpg.rf.e5d895db5a2fef20a23707e86e8c67c5.jpg,D:\.Candra\Project\TA\02_data\raw\Sitting_posture.v17i.yolov8\test\labels\WIN_20251109_20_43_47_Pro_mp4-0189_jpg.rf.e5d895db5a2fef20a23707e86e8c67c5.txt,1280,720,53836,f4c6be9b9863a6caeaa3c771d535f27463d3ec71d1abe7c2a8bd61c5aa1f82e0,030307021a1a3030,91.249,130.6442,False,True,False,1,1,0,
test,D:\.Candra\Project\TA\02_data\raw\Sitting_posture.v17i.yolov8\test\images\WIN_20251109_20_43_47_Pro_mp4-0190_jpg.rf.88ce426f628b631da750116bfc40836d.jpg,test\images\WIN_20251109_20_43_47_Pro_mp4-0190_jpg.rf.88ce426f628b631da750116bfc40836d.jpg,D:\.Candra\Project\TA\02_data\raw\Sitting_posture.v17i.yolov8\test\labels\WIN_20251109_20_43_47_Pro_mp4-0190_jpg.rf.88ce426f628b631da750116bfc40836d.txt,1280,720,53848,a5a049742ec9299e07a22fd996a33b83febadbf4c23bcbe5c221e2c076235302,030307021a1a3030,91.2586,130.7544,False,True,False,1,1,0,
test,D:\.Candra\Project\TA\02_data\raw\Sitting_posture.v17i.yolov8\test\images\WIN_20251109_20_43_47_Pro_mp4-0191_jpg.rf.deb8ac52a1e0defe995ad0a60c7f4575.jpg,test\images\WIN_20251109_20_43_47_Pro_mp4-0191_jpg.rf.deb8ac52a1e0defe995ad0a60c7f4575.jpg,D:\.Candra\Project\TA\02_data\raw\Sitting_posture.v17i.yolov8\test\labels\WIN_20251109_20_43_47_Pro_mp4-0191_jpg.rf.deb8ac52a1e0defe995ad0a60c7f4575.txt,1280,720,54022,794a726dc19d875af7c027fd1576d5ca3734b16fd1aaa47f06bb417c335daeac,030307021a1a3070,91.357,130.5195,False,True,False,1,1,0,
test,D:\.Candra\Project\TA\02_data\raw\Sitting_posture.v17i.yolov8\test\images\WIN_20251109_20_43_47_Pro_mp4-0192_jpg.rf.cb2397a7f3f577f3d4049c7e0a011c44.jpg,test\images\WIN_20251109_20_43_47_Pro_mp4-0192_jpg.rf.cb2397a7f3f577f3d4049c7e0a011c44.jpg,D:\.Candra\Project\TA\02_data\raw\Sitting_posture.v17i.yolov8\test\labels\WIN_20251109_20_43_47_Pro_mp4-0192_jpg.rf.cb2397a7f3f577f3d4049c7e0a011c44.txt,1280,720,53931,eac3a9110d87617299b15efddea39b87d719b3a05346c4ab45cc52ff58119696,030307021a1a3070,91.3403,133.6403,False,True,False,1,1,0,
test,D:\.Candra\Project\TA\02_data\raw\Sitting_posture.v17i.yolov8\test\images\WIN_20251109_20_43_47_Pro_mp4-0193_jpg.rf.d126c87bea3c7e652aa703bb75504554.jpg,test\images\WIN_20251109_20_43_47_Pro_mp4-0193_jpg.rf.d126c87bea3c7e652aa703bb75504554.jpg,D:\.Candra\Project\TA\02_data\raw\Sitting_posture.v17i.yolov8\test\labels\WIN_20251109_20_43_47_Pro_mp4-0193_jpg.rf.d126c87bea3c7e652aa703bb75504554.txt,1280,720,53328,689e6d9eacb4bb85c59b62462d34d443905383ea1639cddeabf9933791512caa,030307021a1a3070,91.3777,127.9722,False,True,False,1,1,0,
test,D:\.Candra\Project\TA\02_data\raw\Sitting_posture.v17i.yolov8\test\images\WIN_20251109_20_43_47_Pro_mp4-0194_jpg.rf.66cfe9b327e467151ee22d543cdbd261.jpg,test\images\WIN_20251109_20_43_47_Pro_mp4-0194_jpg.rf.66cfe9b327e467151ee22d543cdbd261.jpg,D:\.Candra\Project\TA\02_data\raw\Sitting_posture.v17i.yolov8\test\labels\WIN_20251109_20_43_47_Pro_mp4-0194_jpg.rf.66cfe9b327e467151ee22d543cdbd261.txt,1280,720,53626,6fc21e975ef8f102008165baf0805e2e6950d6fd0f839976dd70d7ccb99db740,030307021a1a3070,91.4663,133.0081,False,True,False,1,1,0,
test,D:\.Candra\Project\TA\02_data\raw\Sitting_posture.v17i.yolov8\test\images\WIN_20251109_20_43_47_Pro_mp4-0195_jpg.rf.8a8e286292826b806e93779918658f74.jpg,test\images\WIN_20251109_20_43_47_Pro_mp4-0195_jpg.rf.8a8e286292826b806e93779918658f74.jpg,D:\.Candra\Project\TA\02_data\raw\Sitting_posture.v17i.yolov8\test\labels\WIN_20251109_20_43_47_Pro_mp4-0195_jpg.rf.8a8e286292826b806e93779918658f74.txt,1280,720,53286,d835599f97344bec8787ccbe29b3ab48228043e686e46aa2c634c1322a7c0209,030307021a1a3070,91.3749,124.8693,False,True,False,1,1,0,
test,D:\.Candra\Project\TA\02_data\raw\Sitting_posture.v17i.yolov8\test\images\WIN_20251109_20_43_47_Pro_mp4-0196_jpg.rf.6f3aa85d4a4c6b89146fc9afdaafc80c.jpg,test\images\WIN_20251109_20_43_47_Pro_mp4-0196_jpg.rf.6f3aa85d4a4c6b89146fc9afdaafc80c.jpg,D:\.Candra\Project\TA\02_data\raw\Sitting_posture.v17i.yolov8\test\labels\WIN_20251109_20_43_47_Pro_mp4-0196_jpg.rf.6f3aa85d4a4c6b89146fc9afdaafc80c.txt,1280,720,51965,24f58dfedb6448e07a0977f16cee73a1e2743908e2bea54eae8a3d62270a6cf7,030307021a1a3070,91.2865,125.3379,False,True,False,1,1,0,
test,D:\.Candra\Project\TA\02_data\raw\Sitting_posture.v17i.yolov8\test\images\WIN_20251109_20_43_47_Pro_mp4-0197_jpg.rf.ba180fd107b9fc4b8702367faab66b8f.jpg,test\images\WIN_20251109_20_43_47_Pro_mp4-0197_jpg.rf.ba180fd107b9fc4b8702367faab66b8f.jpg,D:\.Candra\Project\TA\02_data\raw\Sitting_posture.v17i.yolov8\test\labels\WIN_20251109_20_43_47_Pro_mp4-0197_jpg.rf.ba180fd107b9fc4b8702367faab66b8f.txt,1280,720,52050,c02e9612632c16e75ac364b21459c8d42654f5e4199691d42b92a40c87c82546,030307021a1a3070,91.2803,125.5968,False,True,False,1,1,0,
test,D:\.Candra\Project\TA\02_data\raw\Sitting_posture.v17i.yolov8\test\images\WIN_20251109_20_43_47_Pro_mp4-0198_jpg.rf.a6170e9b8a74fe03402369e269fc09a2.jpg,test\images\WIN_20251109_20_43_47_Pro_mp4-0198_jpg.rf.a6170e9b8a74fe03402369e269fc09a2.jpg,D:\.Candra\Project\TA\02_data\raw\Sitting_posture.v17i.yolov8\test\labels\WIN_20251109_20_43_47_Pro_mp4-0198_jpg.rf.a6170e9b8a74fe03402369e269fc09a2.txt,1280,720,52103,b42156d9724c74e88e1f4bb4d8a965196ba0864b7aa0df9475956088d96639f3,030307021a1a3070,91.0965,126.1531,False,True,False,1,1,0,
test,D:\.Candra\Project\TA\02_data\raw\Sitting_posture.v17i.yolov8\test\images\WIN_20251109_20_43_47_Pro_mp4-0199_jpg.rf.033f5e9b1f846e50280c0932f3686d4a.jpg,test\images\WIN_20251109_20_43_47_Pro_mp4-0199_jpg.rf.033f5e9b1f846e50280c0932f3686d4a.jpg,D:\.Candra\Project\TA\02_data\raw\Sitting_posture.v17i.yolov8\test\labels\WIN_20251109_20_43_47_Pro_mp4-0199_jpg.rf.033f5e9b1f846e50280c0932f3686d4a.txt,1280,720,52410,2af73494acd4f6ec103805f0a0bbced21f02c115472737fc2a7c909443d6792e,030307021a1a3070,91.1004,127.7742,False,True,False,1,1,0,
test,D:\.Candra\Project\TA\02_data\raw\Sitting_posture.v17i.yolov8\test\images\WIN_20251109_20_43_47_Pro_mp4-0200_jpg.rf.2aa81e94e2e18fd963334dede6ae95ab.jpg,test\images\WIN_20251109_20_43_47_Pro_mp4-0200_jpg.rf.2aa81e94e2e18fd963334dede6ae95ab.jpg,D:\.Candra\Project\TA\02_data\raw\Sitting_posture.v17i.yolov8\test\labels\WIN_20251109_20_43_47_Pro_mp4-0200_jpg.rf.2aa81e94e2e18fd963334dede6ae95ab.txt,1280,720,52555,789e9c000a8754e4082f8ae309b97e7267ba1f564222c3e93f9c36feccad2f49,030307021a1a3070,91.1058,127.3037,False,True,False,1,1,0,
test,D:\.Candra\Project\TA\02_data\raw\Sitting_posture.v17i.yolov8\test\images\WIN_20251109_20_43_47_Pro_mp4-0201_jpg.rf.98421ca896bdae95e1e6f9c652c1785e.jpg,test\images\WIN_20251109_20_43_47_Pro_mp4-0201_jpg.rf.98421ca896bdae95e1e6f9c652c1785e.jpg,D:\.Candra\Project\TA\02_data\raw\Sitting_posture.v17i.yolov8\test\labels\WIN_20251109_20_43_47_Pro_mp4-0201_jpg.rf.98421ca896bdae95e1e6f9c652c1785e.txt,1280,720,52536,2b157825174ccdd4a3581ed4599a3bfd40eee624369ca1e70c715feba44aa09c,030307021a1a3070,91.0971,129.2506,False,True,False,1,1,0,
test,D:\.Candra\Project\TA\02_data\raw\Sitting_posture.v17i.yolov8\test\images\WIN_20251109_20_43_47_Pro_mp4-0202_jpg.rf.7eeff1f59e6eef73a2aecef656fc28f3.jpg,test\images\WIN_20251109_20_43_47_Pro_mp4-0202_jpg.rf.7eeff1f59e6eef73a2aecef656fc28f3.jpg,D:\.Candra\Project\TA\02_data\raw\Sitting_posture.v17i.yolov8\test\labels\WIN_20251109_20_43_47_Pro_mp4-0202_jpg.rf.7eeff1f59e6eef73a2aecef656fc28f3.txt,1280,720,58460,6bd309e0a258b87ac8573359f7cef6da1497d42532d2def93bee57deb1c5b3e3,030307021a1a3070,91.0623,169.7464,False,True,False,1,1,0,
test,D:\.Candra\Project\TA\02_data\raw\Sitting_posture.v17i.yolov8\test\images\WIN_20251109_20_43_47_Pro_mp4-0203_jpg.rf.88b484cea29ca8d1528116f59a968bec.jpg,test\images\WIN_20251109_20_43_47_Pro_mp4-0203_jpg.rf.88b484cea29ca8d1528116f59a968bec.jpg,D:\.Candra\Project\TA\02_data\raw\Sitting_posture.v17i.yolov8\test\labels\WIN_20251109_20_43_47_Pro_mp4-0203_jpg.rf.88b484cea29ca8d1528116f59a968bec.txt,1280,720,54165,a86743679ce3a59134066984b5fc33568168551ddfb5af6e8c24f012988bfa0d,030307021a1a3070,91.0481,133.8901,False,True,False,1,1,0,
test,D:\.Candra\Project\TA\02_data\raw\Sitting_posture.v17i.yolov8\test\images\WIN_20251109_20_43_47_Pro_mp4-0204_jpg.rf.afa73cba6d9c88d91af54fe1b3614b13.jpg,test\images\WIN_20251109_20_43_47_Pro_mp4-0204_jpg.rf.afa73cba6d9c88d91af54fe1b3614b13.jpg,D:\.Candra\Project\TA\02_data\raw\Sitting_posture.v17i.yolov8\test\labels\WIN_20251109_20_43_47_Pro_mp4-0204_jpg.rf.afa73cba6d9c88d91af54fe1b3614b13.txt,1280,720,60921,05e5faa47eef199326f579dba0c60b34f5d2b029d2b8a2bd451eac5cd2126b40,030307021a1a3070,91.1488,178.6298,False,True,False,1,1,0,
test,D:\.Candra\Project\TA\02_data\raw\Sitting_posture.v17i.yolov8\test\images\WIN_20251109_20_43_47_Pro_mp4-0205_jpg.rf.ccb1a76a460924f72577aa1217422513.jpg,test\images\WIN_20251109_20_43_47_Pro_mp4-0205_jpg.rf.ccb1a76a460924f72577aa1217422513.jpg,D:\.Candra\Project\TA\02_data\raw\Sitting_posture.v17i.yolov8\test\labels\WIN_20251109_20_43_47_Pro_mp4-0205_jpg.rf.ccb1a76a460924f72577aa1217422513.txt,1280,720,64116,e6ac0f30bccf9186bba0bd06c31d5060738b279f375f483e635ab7b7fb774994,030307021a1a3070,90.8737,202.4048,False,True,False,1,1,0,
test,D:\.Candra\Project\TA\02_data\raw\Sitting_posture.v17i.yolov8\test\images\WIN_20251109_20_43_47_Pro_mp4-0206_jpg.rf.d14bf3116ce0f3d8fa71fbac25c085d1.jpg,test\images\WIN_20251109_20_43_47_Pro_mp4-0206_jpg.rf.d14bf3116ce0f3d8fa71fbac25c085d1.jpg,D:\.Candra\Project\TA\02_data\raw\Sitting_posture.v17i.yolov8\test\labels\WIN_20251109_20_43_47_Pro_mp4-0206_jpg.rf.d14bf3116ce0f3d8fa71fbac25c085d1.txt,1280,720,61097,42691b22d9580f07a7e0f0e88d40490579eb65c25a3b5df3f70f1b1e4131fa22,030307021a1a3070,91.1239,177.2431,False,True,False,1,1,0,
test,D:\.Candra\Project\TA\02_data\raw\Sitting_posture.v17i.yolov8\test\images\WIN_20251109_20_43_47_Pro_mp4-0207_jpg.rf.c2621fe9fcc5566dcc42d0bdccb295d1.jpg,test\images\WIN_20251109_20_43_47_Pro_mp4-0207_jpg.rf.c2621fe9fcc5566dcc42d0bdccb295d1.jpg,D:\.Candra\Project\TA\02_data\raw\Sitting_posture.v17i.yolov8\test\labels\WIN_20251109_20_43_47_Pro_mp4-0207_jpg.rf.c2621fe9fcc5566dcc42d0bdccb295d1.txt,1280,720,61002,b1250de7fea65cb7bf840b941131a84848eb3d96cddf6506ec52f61a55a880b0,030307021a1a3070,91.1079,179.3113,False,True,False,1,1,0,
test,D:\.Candra\Project\TA\02_data\raw\Sitting_posture.v17i.yolov8\test\images\WIN_20251109_20_43_47_Pro_mp4-0208_jpg.rf.46308eab0ad58187e7f012310fbdc1f4.jpg,test\images\WIN_20251109_20_43_47_Pro_mp4-0208_jpg.rf.46308eab0ad58187e7f012310fbdc1f4.jpg,D:\.Candra\Project\TA\02_data\raw\Sitting_posture.v17i.yolov8\test\labels\WIN_20251109_20_43_47_Pro_mp4-0208_jpg.rf.46308eab0ad58187e7f012310fbdc1f4.txt,1280,720,61029,84cbcb4178c38a1d0b71532ae12ea05a8bedec20b30cecc94a543b23136e7ae4,030307021a1a3070,91.1343,178.8999,False,True,False,1,1,0,
test,D:\.Candra\Project\TA\02_data\raw\Sitting_posture.v17i.yolov8\test\images\WIN_20251109_20_43_47_Pro_mp4-0209_jpg.rf.2e79172367d2d33b86f8991c52609117.jpg,test\images\WIN_20251109_20_43_47_Pro_mp4-0209_jpg.rf.2e79172367d2d33b86f8991c52609117.jpg,D:\.Candra\Project\TA\02_data\raw\Sitting_posture.v17i.yolov8\test\labels\WIN_20251109_20_43_47_Pro_mp4-0209_jpg.rf.2e79172367d2d33b86f8991c52609117.txt,1280,720,60926,a385eb1708c27e2712d216f89caecb62273cb66c80e0f0ab1299ddfbf8fe8c08,030307021a1a3070,91.159,181.4247,False,True,False,1,1,0,
test,D:\.Candra\Project\TA\02_data\raw\Sitting_posture.v17i.yolov8\test\images\WIN_20251109_20_43_47_Pro_mp4-0210_jpg.rf.06294f684beb20c2537e7920ae73fc0f.jpg,test\images\WIN_20251109_20_43_47_Pro_mp4-0210_jpg.rf.06294f684beb20c2537e7920ae73fc0f.jpg,D:\.Candra\Project\TA\02_data\raw\Sitting_posture.v17i.yolov8\test\labels\WIN_20251109_20_43_47_Pro_mp4-0210_jpg.rf.06294f684beb20c2537e7920ae73fc0f.txt,1280,720,61187,0d13f96878ad52a8af78c8ceacd6bb39360a9724aef0c0c2059ab840efe8447a,030307021a1a3070,91.2435,179.7057,False,True,False,1,1,0,
test,D:\.Candra\Project\TA\02_data\raw\Sitting_posture.v17i.yolov8\test\images\WIN_20251109_20_43_47_Pro_mp4-0211_jpg.rf.725e4d1c0936dfc85019c5c8f0838a4b.jpg,test\images\WIN_20251109_20_43_47_Pro_mp4-0211_jpg.rf.725e4d1c0936dfc85019c5c8f0838a4b.jpg,D:\.Candra\Project\TA\02_data\raw\Sitting_posture.v17i.yolov8\test\labels\WIN_20251109_20_43_47_Pro_mp4-0211_jpg.rf.725e4d1c0936dfc85019c5c8f0838a4b.txt,1280,720,60045,1f3a708fbe2dc52d276653d5fc3ccf8f1837303453e58160a4995a5af0bc5608,030307021a1a3070,91.3269,168.9166,False,True,False,1,1,0,
test,D:\.Candra\Project\TA\02_data\raw\Sitting_posture.v17i.yolov8\test\images\WIN_20251109_20_43_47_Pro_mp4-0212_jpg.rf.ea4cc94f5b619fa8ca608d92f8f0a2bd.jpg,test\images\WIN_20251109_20_43_47_Pro_mp4-0212_jpg.rf.ea4cc94f5b619fa8ca608d92f8f0a2bd.jpg,D:\.Candra\Project\TA\02_data\raw\Sitting_posture.v17i.yolov8\test\labels\WIN_20251109_20_43_47_Pro_mp4-0212_jpg.rf.ea4cc94f5b619fa8ca608d92f8f0a2bd.txt,1280,720,58698,1b811731b84fb6746e80bd6a84a217754cf929b4742ef4e3e35f2ce549cb68bb,030303030a183030,91.4175,154.8182,False,True,False,1,1,0,
test,D:\.Candra\Project\TA\02_data\raw\Sitting_posture.v17i.yolov8\test\images\WIN_20251109_20_43_47_Pro_mp4-0213_jpg.rf.6a83f452c52ca1aa96eae86870bd6277.jpg,test\images\WIN_20251109_20_43_47_Pro_mp4-0213_jpg.rf.6a83f452c52ca1aa96eae86870bd6277.jpg,D:\.Candra\Project\TA\02_data\raw\Sitting_posture.v17i.yolov8\test\labels\WIN_20251109_20_43_47_Pro_mp4-0213_jpg.rf.6a83f452c52ca1aa96eae86870bd6277.txt,1280,720,57628,003094489d03b0c99bf6b8e1c707810f4dc6db9113269e0f151c0fb75dfd473f,0303030308383030,91.0552,144.7507,False,True,False,1,1,0,
test,D:\.Candra\Project\TA\02_data\raw\Sitting_posture.v17i.yolov8\test\images\WIN_20251109_20_43_47_Pro_mp4-0214_jpg.rf.86be6c1a369b272fb581da89b33d23b2.jpg,test\images\WIN_20251109_20_43_47_Pro_mp4-0214_jpg.rf.86be6c1a369b272fb581da89b33d23b2.jpg,D:\.Candra\Project\TA\02_data\raw\Sitting_posture.v17i.yolov8\test\labels\WIN_20251109_20_43_47_Pro_mp4-0214_jpg.rf.86be6c1a369b272fb581da89b33d23b2.txt,1280,720,57401,87eb2a1c449289687beb917150c308d862844e260b2b47525bdaf808c15c11f1,030303030d383030,90.6509,148.028,False,True,False,1,1,0,
test,D:\.Candra\Project\TA\02_data\raw\Sitting_posture.v17i.yolov8\test\images\WIN_20251109_20_43_47_Pro_mp4-0215_jpg.rf.cc1d4ab7c2c1bd921ff8ddca4b5f30f8.jpg,test\images\WIN_20251109_20_43_47_Pro_mp4-0215_jpg.rf.cc1d4ab7c2c1bd921ff8ddca4b5f30f8.jpg,D:\.Candra\Project\TA\02_data\raw\Sitting_posture.v17i.yolov8\test\labels\WIN_20251109_20_43_47_Pro_mp4-0215_jpg.rf.cc1d4ab7c2c1bd921ff8ddca4b5f30f8.txt,1280,720,59492,6cdaba30acc2a7ed50fe34a2f652608034a16f569ede8d52cf945df3b1b707ff,010303010d383030,90.2015,161.4756,False,True,False,1,1,0,
test,D:\.Candra\Project\TA\02_data\raw\Sitting_posture.v17i.yolov8\test\images\WIN_20251109_20_43_47_Pro_mp4-0216_jpg.rf.f8ee13f997ffb88316542416d88494ef.jpg,test\images\WIN_20251109_20_43_47_Pro_mp4-0216_jpg.rf.f8ee13f997ffb88316542416d88494ef.jpg,D:\.Candra\Project\TA\02_data\raw\Sitting_posture.v17i.yolov8\test\labels\WIN_20251109_20_43_47_Pro_mp4-0216_jpg.rf.f8ee13f997ffb88316542416d88494ef.txt,1280,720,56211,e797754727ff2a015cfd71ae3e38a8568fe49939f54c2bccba2ddcd977fef5d2,010303010d3c3030,89.9075,151.6312,False,True,False,1,1,0,
test,D:\.Candra\Project\TA\02_data\raw\Sitting_posture.v17i.yolov8\test\images\WIN_20251109_20_43_47_Pro_mp4-0217_jpg.rf.0607e7199475a0afc88d90f2373a4108.jpg,test\images\WIN_20251109_20_43_47_Pro_mp4-0217_jpg.rf.0607e7199475a0afc88d90f2373a4108.jpg,D:\.Candra\Project\TA\02_data\raw\Sitting_posture.v17i.yolov8\test\labels\WIN_20251109_20_43_47_Pro_mp4-0217_jpg.rf.0607e7199475a0afc88d90f2373a4108.txt,1280,720,56145,62cb8a01b13ce289275afefe087207d65d9dc7d8681a4f8a1774544c8eff3c60,010303010d3c3030,89.6966,154.1661,False,True,False,1,1,0,
test,D:\.Candra\Project\TA\02_data\raw\Sitting_posture.v17i.yolov8\test\images\WIN_20251109_20_43_47_Pro_mp4-0218_jpg.rf.d5da560206e4f06083a38843c6870ea9.jpg,test\images\WIN_20251109_20_43_47_Pro_mp4-0218_jpg.rf.d5da560206e4f06083a38843c6870ea9.jpg,D:\.Candra\Project\TA\02_data\raw\Sitting_posture.v17i.yolov8\test\labels\WIN_20251109_20_43_47_Pro_mp4-0218_jpg.rf.d5da560206e4f06083a38843c6870ea9.txt,1280,720,50840,5dd779f6123e08db1d292c00156d3de6574a964ce4dacecd2479bb61c9c81dda,01030301053c3030,89.7076,119.1545,False,True,False,1,1,0,
test,D:\.Candra\Project\TA\02_data\raw\Sitting_posture.v17i.yolov8\test\images\WIN_20251109_20_43_47_Pro_mp4-0219_jpg.rf.d2b4a93fde7beb2b54c8e07fae36f06e.jpg,test\images\WIN_20251109_20_43_47_Pro_mp4-0219_jpg.rf.d2b4a93fde7beb2b54c8e07fae36f06e.jpg,D:\.Candra\Project\TA\02_data\raw\Sitting_posture.v17i.yolov8\test\labels\WIN_20251109_20_43_47_Pro_mp4-0219_jpg.rf.d2b4a93fde7beb2b54c8e07fae36f06e.txt,1280,720,51673,8613135471f01c3a229e0412c33833e4d5bd887f36feb07910d84cdeff170799,01030301053c3030,89.769,122.5087,False,True,False,1,1,0,
test,D:\.Candra\Project\TA\02_data\raw\Sitting_posture.v17i.yolov8\test\images\WIN_20251109_20_43_47_Pro_mp4-0220_jpg.rf.6c17bb01588fb5615d99e390c74e0f16.jpg,test\images\WIN_20251109_20_43_47_Pro_mp4-0220_jpg.rf.6c17bb01588fb5615d99e390c74e0f16.jpg,D:\.Candra\Project\TA\02_data\raw\Sitting_posture.v17i.yolov8\test\labels\WIN_20251109_20_43_47_Pro_mp4-0220_jpg.rf.6c17bb01588fb5615d99e390c74e0f16.txt,1280,720,51571,990c94fbe792ab35446de06e77e6bd91263ce741d7d477d70467418edfc4cfae,01030301043c3030,89.73,118.6253,False,True,False,1,1,0,
test,D:\.Candra\Project\TA\02_data\raw\Sitting_posture.v17i.yolov8\test\images\WIN_20251109_20_43_47_Pro_mp4-0221_jpg.rf.80db4fc84f39bb560ca5832370867675.jpg,test\images\WIN_20251109_20_43_47_Pro_mp4-0221_jpg.rf.80db4fc84f39bb560ca5832370867675.jpg,D:\.Candra\Project\TA\02_data\raw\Sitting_posture.v17i.yolov8\test\labels\WIN_20251109_20_43_47_Pro_mp4-0221_jpg.rf.80db4fc84f39bb560ca5832370867675.txt,1280,720,52105,0c1f282a6a6736a7392492ebea38f2362d4c05a868826a7068c3346c75168598,0103030104343030,89.6948,122.4253,False,True,False,1,1,0,
test,D:\.Candra\Project\TA\02_data\raw\Sitting_posture.v17i.yolov8\test\images\WIN_20251109_20_43_47_Pro_mp4-0222_jpg.rf.8b5fce5fbf9d2b8ffab3849ee9786375.jpg,test\images\WIN_20251109_20_43_47_Pro_mp4-0222_jpg.rf.8b5fce5fbf9d2b8ffab3849ee9786375.jpg,D:\.Candra\Project\TA\02_data\raw\Sitting_posture.v17i.yolov8\test\labels\WIN_20251109_20_43_47_Pro_mp4-0222_jpg.rf.8b5fce5fbf9d2b8ffab3849ee9786375.txt,1280,720,52688,959047d54816230046bc85b4de01083c8cd592b08f0c274b7cda38f1ea0c2ec4,0103030104343030,89.627,129.4196,False,True,False,1,1,0,
test,D:\.Candra\Project\TA\02_data\raw\Sitting_posture.v17i.yolov8\test\images\WIN_20251109_20_43_47_Pro_mp4-0223_jpg.rf.77975d582b2ea7f6b952859b81172cdb.jpg,test\images\WIN_20251109_20_43_47_Pro_mp4-0223_jpg.rf.77975d582b2ea7f6b952859b81172cdb.jpg,D:\.Candra\Project\TA\02_data\raw\Sitting_posture.v17i.yolov8\test\labels\WIN_20251109_20_43_47_Pro_mp4-0223_jpg.rf.77975d582b2ea7f6b952859b81172cdb.txt,1280,720,52255,84b48ad40318bd0bba265cdcace02a18cb50068dd929c1ec39bd466ae6661173,0103030104343030,89.6902,126.8193,False,True,False,1,1,0,
test,D:\.Candra\Project\TA\02_data\raw\Sitting_posture.v17i.yolov8\test\images\WIN_20251109_20_43_47_Pro_mp4-0224_jpg.rf.9a52c9ecda76732d1ede45c236c0e7eb.jpg,test\images\WIN_20251109_20_43_47_Pro_mp4-0224_jpg.rf.9a52c9ecda76732d1ede45c236c0e7eb.jpg,D:\.Candra\Project\TA\02_data\raw\Sitting_posture.v17i.yolov8\test\labels\WIN_20251109_20_43_47_Pro_mp4-0224_jpg.rf.9a52c9ecda76732d1ede45c236c0e7eb.txt,1280,720,52242,b4db449d3eb5bac9d1b8027748e94e633c4511aebdeb68a87160ba9fc30fff69,0103030104343030,89.7297,127.1398,False,True,False,1,1,0,
test,D:\.Candra\Project\TA\02_data\raw\Sitting_posture.v17i.yolov8\test\images\WIN_20251109_20_43_47_Pro_mp4-0225_jpg.rf.21c54683b5cf81f9a9b2b4b692bd3c5c.jpg,test\images\WIN_20251109_20_43_47_Pro_mp4-0225_jpg.rf.21c54683b5cf81f9a9b2b4b692bd3c5c.jpg,D:\.Candra\Project\TA\02_data\raw\Sitting_posture.v17i.yolov8\test\labels\WIN_20251109_20_43_47_Pro_mp4-0225_jpg.rf.21c54683b5cf81f9a9b2b4b692bd3c5c.txt,1280,720,59871,846121a9bdf93cee0dd7b660cc8959052b1e6c70876a617efe37c57131bedf6a,0103030104343030,89.784,179.4549,False,True,False,1,1,0,
test,D:\.Candra\Project\TA\02_data\raw\Sitting_posture.v17i.yolov8\test\images\WIN_20251109_20_43_47_Pro_mp4-0226_jpg.rf.4a7deac059411fd763dcef690b86f775.jpg,test\images\WIN_20251109_20_43_47_Pro_mp4-0226_jpg.rf.4a7deac059411fd763dcef690b86f775.jpg,D:\.Candra\Project\TA\02_data\raw\Sitting_posture.v17i.yolov8\test\labels\WIN_20251109_20_43_47_Pro_mp4-0226_jpg.rf.4a7deac059411fd763dcef690b86f775.txt,1280,720,53945,5ac8a521acd5ae6bc42b584012700a11ecb6e96d087c461a2d296984b612436b,0103030104343030,89.691,138.0231,False,True,False,1,1,0,
test,D:\.Candra\Project\TA\02_data\raw\Sitting_posture.v17i.yolov8\test\images\WIN_20251109_20_43_47_Pro_mp4-0227_jpg.rf.c7dc4ea772ed457b3e14cbd25076ba3c.jpg,test\images\WIN_20251109_20_43_47_Pro_mp4-0227_jpg.rf.c7dc4ea772ed457b3e14cbd25076ba3c.jpg,D:\.Candra\Project\TA\02_data\raw\Sitting_posture.v17i.yolov8\test\labels\WIN_20251109_20_43_47_Pro_mp4-0227_jpg.rf.c7dc4ea772ed457b3e14cbd25076ba3c.txt,1280,720,53218,cd7f133f61d15b1589c66ce332874138d951670225bd6a1dda713697001edf13,0103030104343030,89.7339,135.0755,False,True,False,1,1,0,
test,D:\.Candra\Project\TA\02_data\raw\Sitting_posture.v17i.yolov8\test\images\WIN_20251109_20_43_47_Pro_mp4-0228_jpg.rf.6fb43a5dd0ca016b57a5ce43149ea65c.jpg,test\images\WIN_20251109_20_43_47_Pro_mp4-0228_jpg.rf.6fb43a5dd0ca016b57a5ce43149ea65c.jpg,D:\.Candra\Project\TA\02_data\raw\Sitting_posture.v17i.yolov8\test\labels\WIN_20251109_20_43_47_Pro_mp4-0228_jpg.rf.6fb43a5dd0ca016b57a5ce43149ea65c.txt,1280,720,53077,6dd0f72d9b5c5b5e7b52c6a825b1013e16372b864f6987f579e70895fc6dc73a,01030301043c3030,89.8032,134.209,False,True,False,1,1,0,
test,D:\.Candra\Project\TA\02_data\raw\Sitting_posture.v17i.yolov8\test\images\WIN_20251109_20_43_47_Pro_mp4-0229_jpg.rf.7eb13e57274b91aff20d10ecc8d71503.jpg,test\images\WIN_20251109_20_43_47_Pro_mp4-0229_jpg.rf.7eb13e57274b91aff20d10ecc8d71503.jpg,D:\.Candra\Project\TA\02_data\raw\Sitting_posture.v17i.yolov8\test\labels\WIN_20251109_20_43_47_Pro_mp4-0229_jpg.rf.7eb13e57274b91aff20d10ecc8d71503.txt,1280,720,52926,aafa64c55417af593c3754d0f9b81d63557bf5749180d3a1d06d256d0783f3fe,01030301043c3030,89.7927,136.2328,False,True,False,1,1,0,
test,D:\.Candra\Project\TA\02_data\raw\Sitting_posture.v17i.yolov8\test\images\WIN_20251109_20_43_47_Pro_mp4-0230_jpg.rf.eab5ad91c4e1fbedc30108567347867e.jpg,test\images\WIN_20251109_20_43_47_Pro_mp4-0230_jpg.rf.eab5ad91c4e1fbedc30108567347867e.jpg,D:\.Candra\Project\TA\02_data\raw\Sitting_posture.v17i.yolov8\test\labels\WIN_20251109_20_43_47_Pro_mp4-0230_jpg.rf.eab5ad91c4e1fbedc30108567347867e.txt,1280,720,52228,bbaa0c91df1a30803a8babc2e469b8e1099fae32a9f47dbba9e26c97ef1e3e64,01030301043c3030,89.8483,126.4746,False,True,False,1,1,0,
test,D:\.Candra\Project\TA\02_data\raw\Sitting_posture.v17i.yolov8\test\images\WIN_20251109_20_43_47_Pro_mp4-0231_jpg.rf.612f2c18e48cc076015dee8ecf57817b.jpg,test\images\WIN_20251109_20_43_47_Pro_mp4-0231_jpg.rf.612f2c18e48cc076015dee8ecf57817b.jpg,D:\.Candra\Project\TA\02_data\raw\Sitting_posture.v17i.yolov8\test\labels\WIN_20251109_20_43_47_Pro_mp4-0231_jpg.rf.612f2c18e48cc076015dee8ecf57817b.txt,1280,720,50962,59eae1796c8336fee2bd2d2380673293ac7e74b40487ad553210ad1c0cc1d448,010303010d3c3030,90.0185,113.581,False,True,False,1,1,0,
test,D:\.Candra\Project\TA\02_data\raw\Sitting_posture.v17i.yolov8\test\images\WIN_20251109_20_43_47_Pro_mp4-0232_jpg.rf.756169935e87b78cf0337c6df7d356ad.jpg,test\images\WIN_20251109_20_43_47_Pro_mp4-0232_jpg.rf.756169935e87b78cf0337c6df7d356ad.jpg,D:\.Candra\Project\TA\02_data\raw\Sitting_posture.v17i.yolov8\test\labels\WIN_20251109_20_43_47_Pro_mp4-0232_jpg.rf.756169935e87b78cf0337c6df7d356ad.txt,1280,720,51015,1ac3cdc3b65e49cea5cd7c40e37656057dc7d10cf3a014cdbb936baa89343628,010303010d383030,90.3794,115.4053,False,True,False,1,1,0,
test,D:\.Candra\Project\TA\02_data\raw\Sitting_posture.v17i.yolov8\test\images\WIN_20251109_20_43_47_Pro_mp4-0233_jpg.rf.21c1d283c59fc37d88001c8bffc7f1bb.jpg,test\images\WIN_20251109_20_43_47_Pro_mp4-0233_jpg.rf.21c1d283c59fc37d88001c8bffc7f1bb.jpg,D:\.Candra\Project\TA\02_data\raw\Sitting_posture.v17i.yolov8\test\labels\WIN_20251109_20_43_47_Pro_mp4-0233_jpg.rf.21c1d283c59fc37d88001c8bffc7f1bb.txt,1280,720,51068,d388eb97b9cc1275e3a96048aead2376fd41aa8d049bcaea14d45c1a51365c04,0303030308383030,90.7167,112.8563,False,True,False,1,1,0,
test,D:\.Candra\Project\TA\02_data\raw\Sitting_posture.v17i.yolov8\test\images\WIN_20251109_20_43_47_Pro_mp4-0234_jpg.rf.ef21cc3848431eac2dea11eee258ab51.jpg,test\images\WIN_20251109_20_43_47_Pro_mp4-0234_jpg.rf.ef21cc3848431eac2dea11eee258ab51.jpg,D:\.Candra\Project\TA\02_data\raw\Sitting_posture.v17i.yolov8\test\labels\WIN_20251109_20_43_47_Pro_mp4-0234_jpg.rf.ef21cc3848431eac2dea11eee258ab51.txt,1280,720,51891,6f160c3e1ad35efb59ecf2609b4a9cbd2b9faa8cf9a87701500303fc385c4843,030303020a383030,91.0246,119.775,False,True,False,1,1,0,
test,D:\.Candra\Project\TA\02_data\raw\Sitting_posture.v17i.yolov8\test\images\WIN_20251109_20_43_47_Pro_mp4-0235_jpg.rf.3f07873f24d6e9831f7cd9d1789046c6.jpg,test\images\WIN_20251109_20_43_47_Pro_mp4-0235_jpg.rf.3f07873f24d6e9831f7cd9d1789046c6.jpg,D:\.Candra\Project\TA\02_data\raw\Sitting_posture.v17i.yolov8\test\labels\WIN_20251109_20_43_47_Pro_mp4-0235_jpg.rf.3f07873f24d6e9831f7cd9d1789046c6.txt,1280,720,52342,9145492d02e34af01be3902339e028f5ad368f0c1ed45b08c358ff3f9ec4eb2f,030307021a1a3030,90.9563,123.0443,False,True,False,1,1,0,
test,D:\.Candra\Project\TA\02_data\raw\Sitting_posture.v17i.yolov8\test\images\WIN_20251109_20_43_47_Pro_mp4-0236_jpg.rf.8e7d9b5752bcd3e030506529d7b05067.jpg,test\images\WIN_20251109_20_43_47_Pro_mp4-0236_jpg.rf.8e7d9b5752bcd3e030506529d7b05067.jpg,D:\.Candra\Project\TA\02_data\raw\Sitting_posture.v17i.yolov8\test\labels\WIN_20251109_20_43_47_Pro_mp4-0236_jpg.rf.8e7d9b5752bcd3e030506529d7b05067.txt,1280,720,53005,bce55ba2087223ab5c6596f77125ea48705675e550be7dbf9887aa3851f480a3,0303070212123030,90.556,121.4978,False,True,False,1,1,0,
test,D:\.Candra\Project\TA\02_data\raw\Sitting_posture.v17i.yolov8\test\images\WIN_20251109_20_43_47_Pro_mp4-0237_jpg.rf.b82bc62da09c90f47f2e32fe8fbed9e6.jpg,test\images\WIN_20251109_20_43_47_Pro_mp4-0237_jpg.rf.b82bc62da09c90f47f2e32fe8fbed9e6.jpg,D:\.Candra\Project\TA\02_data\raw\Sitting_posture.v17i.yolov8\test\labels\WIN_20251109_20_43_47_Pro_mp4-0237_jpg.rf.b82bc62da09c90f47f2e32fe8fbed9e6.txt,1280,720,52263,8af561e41d8ec7df7384f01a17b64c2a2a08ecd0087557a9856a4f55ed803bbf,0303070612123030,90.4555,122.1745,False,True,False,1,1,0,
test,D:\.Candra\Project\TA\02_data\raw\Sitting_posture.v17i.yolov8\test\images\WIN_20251109_20_43_47_Pro_mp4-0238_jpg.rf.a8a4ed5c7ecb7ff19d76dfa8f1a97a08.jpg,test\images\WIN_20251109_20_43_47_Pro_mp4-0238_jpg.rf.a8a4ed5c7ecb7ff19d76dfa8f1a97a08.jpg,D:\.Candra\Project\TA\02_data\raw\Sitting_posture.v17i.yolov8\test\labels\WIN_20251109_20_43_47_Pro_mp4-0238_jpg.rf.a8a4ed5c7ecb7ff19d76dfa8f1a97a08.txt,1280,720,52051,524393256ea7354ad78b7f682dc4fcbb841147e3aa74f7f363cb75dba6e707eb,0303070612123030,90.3512,127.9981,False,True,False,1,1,0,
test,D:\.Candra\Project\TA\02_data\raw\Sitting_posture.v17i.yolov8\test\images\WIN_20251109_20_43_47_Pro_mp4-0239_jpg.rf.a34c8fe7d7d5b24a0304f918765d8172.jpg,test\images\WIN_20251109_20_43_47_Pro_mp4-0239_jpg.rf.a34c8fe7d7d5b24a0304f918765d8172.jpg,D:\.Candra\Project\TA\02_data\raw\Sitting_posture.v17i.yolov8\test\labels\WIN_20251109_20_43_47_Pro_mp4-0239_jpg.rf.a34c8fe7d7d5b24a0304f918765d8172.txt,1280,720,52759,888300229234dab33d19315f0f951728529730cb1cba15d074ddbf83ed93dd8b,0303070612123030,90.3897,129.9153,False,True,False,1,1,0,
test,D:\.Candra\Project\TA\02_data\raw\Sitting_posture.v17i.yolov8\test\images\WIN_20251109_20_43_47_Pro_mp4-0240_jpg.rf.44cb4a0b2c01f4127f618372aa88aef7.jpg,test\images\WIN_20251109_20_43_47_Pro_mp4-0240_jpg.rf.44cb4a0b2c01f4127f618372aa88aef7.jpg,D:\.Candra\Project\TA\02_data\raw\Sitting_posture.v17i.yolov8\test\labels\WIN_20251109_20_43_47_Pro_mp4-0240_jpg.rf.44cb4a0b2c01f4127f618372aa88aef7.txt,1280,720,52618,8e3141c60353cc17f908501d67bafedaae35c79df4879687df17c2d548fe331b,0303070612123030,90.4444,128.8768,False,True,False,1,1,0,
test,D:\.Candra\Project\TA\02_data\raw\Sitting_posture.v17i.yolov8\test\images\WIN_20251109_20_43_47_Pro_mp4-0241_jpg.rf.d6a76bb3d2abf35253432c0e6e35063a.jpg,test\images\WIN_20251109_20_43_47_Pro_mp4-0241_jpg.rf.d6a76bb3d2abf35253432c0e6e35063a.jpg,D:\.Candra\Project\TA\02_data\raw\Sitting_posture.v17i.yolov8\test\labels\WIN_20251109_20_43_47_Pro_mp4-0241_jpg.rf.d6a76bb3d2abf35253432c0e6e35063a.txt,1280,720,52644,99f1b637d9799181c5d9fb6d5889f3f8c957dbbe642a55e5b0ed8895ab5225bd,0303070612123030,90.5068,128.4285,False,True,False,1,1,0,
test,D:\.Candra\Project\TA\02_data\raw\Sitting_posture.v17i.yolov8\test\images\WIN_20251109_20_43_47_Pro_mp4-0242_jpg.rf.31ac327eac44c12e195f6e447146daaa.jpg,test\images\WIN_20251109_20_43_47_Pro_mp4-0242_jpg.rf.31ac327eac44c12e195f6e447146daaa.jpg,D:\.Candra\Project\TA\02_data\raw\Sitting_posture.v17i.yolov8\test\labels\WIN_20251109_20_43_47_Pro_mp4-0242_jpg.rf.31ac327eac44c12e195f6e447146daaa.txt,1280,720,52436,a2a17b4e19f3bbb4914678483cadc8eb560b7ab81472b5f9753e31efa048323b,0303070612123030,90.5134,127.8022,False,True,False,1,1,0,
test,D:\.Candra\Project\TA\02_data\raw\Sitting_posture.v17i.yolov8\test\images\WIN_20251109_20_43_47_Pro_mp4-0243_jpg.rf.4bd33b5d20c9be4617326b1dc355dd6a.jpg,test\images\WIN_20251109_20_43_47_Pro_mp4-0243_jpg.rf.4bd33b5d20c9be4617326b1dc355dd6a.jpg,D:\.Candra\Project\TA\02_data\raw\Sitting_posture.v17i.yolov8\test\labels\WIN_20251109_20_43_47_Pro_mp4-0243_jpg.rf.4bd33b5d20c9be4617326b1dc355dd6a.txt,1280,720,52515,6888891bbefd5397a3dc5b46d15f9bd44a7c915d51601ecac4e53e19ab77c0a5,0303070612123030,90.5229,126.7829,False,True,False,1,1,0,
test,D:\.Candra\Project\TA\02_data\raw\Sitting_posture.v17i.yolov8\test\images\WIN_20251109_20_43_47_Pro_mp4-0244_jpg.rf.005e8c3d0b932d61bc18bd82a3ee7d6f.jpg,test\images\WIN_20251109_20_43_47_Pro_mp4-0244_jpg.rf.005e8c3d0b932d61bc18bd82a3ee7d6f.jpg,D:\.Candra\Project\TA\02_data\raw\Sitting_posture.v17i.yolov8\test\labels\WIN_20251109_20_43_47_Pro_mp4-0244_jpg.rf.005e8c3d0b932d61bc18bd82a3ee7d6f.txt,1280,720,53533,bb3853417ab535f1690cac86ed9556ea3bb0a93c95dd96dfe2e74215b17aab32,0303070612123030,90.6004,135.5672,False,True,False,1,1,0,
test,D:\.Candra\Project\TA\02_data\raw\Sitting_posture.v17i.yolov8\test\images\WIN_20251109_20_43_47_Pro_mp4-0245_jpg.rf.f0f2fa4ef7b6f360b0c4c690faea3124.jpg,test\images\WIN_20251109_20_43_47_Pro_mp4-0245_jpg.rf.f0f2fa4ef7b6f360b0c4c690faea3124.jpg,D:\.Candra\Project\TA\02_data\raw\Sitting_posture.v17i.yolov8\test\labels\WIN_20251109_20_43_47_Pro_mp4-0245_jpg.rf.f0f2fa4ef7b6f360b0c4c690faea3124.txt,1280,720,53916,b3f0dbddb0fb91ef25a0fe15ff7bdb98cf6532e4b30e7a82977293c17cfcba79,0303070612123030,90.7153,135.0295,False,True,False,1,1,0,
test,D:\.Candra\Project\TA\02_data\raw\Sitting_posture.v17i.yolov8\test\images\WIN_20251109_20_43_47_Pro_mp4-0246_jpg.rf.73db123b692f9209acf32637c8e41675.jpg,test\images\WIN_20251109_20_43_47_Pro_mp4-0246_jpg.rf.73db123b692f9209acf32637c8e41675.jpg,D:\.Candra\Project\TA\02_data\raw\Sitting_posture.v17i.yolov8\test\labels\WIN_20251109_20_43_47_Pro_mp4-0246_jpg.rf.73db123b692f9209acf32637c8e41675.txt,1280,720,55515,97f95981d145b56024925e576a2e57d1deb0c9cc014e5207d0958a1a676812e8,0303070612123030,90.5932,135.7782,False,True,False,1,1,0,
test,D:\.Candra\Project\TA\02_data\raw\Sitting_posture.v17i.yolov8\test\images\WIN_20251109_20_43_47_Pro_mp4-0247_jpg.rf.75c5e0d7344d3a813ede11cb2dcc2ab8.jpg,test\images\WIN_20251109_20_43_47_Pro_mp4-0247_jpg.rf.75c5e0d7344d3a813ede11cb2dcc2ab8.jpg,D:\.Candra\Project\TA\02_data\raw\Sitting_posture.v17i.yolov8\test\labels\WIN_20251109_20_43_47_Pro_mp4-0247_jpg.rf.75c5e0d7344d3a813ede11cb2dcc2ab8.txt,1280,720,61202,c6d6373c7caf534ee89874f58c7c89c14b2ed86910d4ef8f2457278ca58450bd,0303070612123030,90.6525,176.6291,False,True,False,1,1,0,
test,D:\.Candra\Project\TA\02_data\raw\Sitting_posture.v17i.yolov8\test\images\WIN_20251109_20_43_47_Pro_mp4-0248_jpg.rf.6b551896c3ab9136bf7c51a84be150eb.jpg,test\images\WIN_20251109_20_43_47_Pro_mp4-0248_jpg.rf.6b551896c3ab9136bf7c51a84be150eb.jpg,D:\.Candra\Project\TA\02_data\raw\Sitting_posture.v17i.yolov8\test\labels\WIN_20251109_20_43_47_Pro_mp4-0248_jpg.rf.6b551896c3ab9136bf7c51a84be150eb.txt,1280,720,54537,43b49a5f6f32086a5239653ae1ab51da4aba3c137334c3e3612815d52e692d40,0303070612123030,90.6315,137.2486,False,True,False,1,1,0,
test,D:\.Candra\Project\TA\02_data\raw\Sitting_posture.v17i.yolov8\test\images\WIN_20251109_20_43_47_Pro_mp4-0249_jpg.rf.2ae58eb357b80c0f880895ec2f46bfd3.jpg,test\images\WIN_20251109_20_43_47_Pro_mp4-0249_jpg.rf.2ae58eb357b80c0f880895ec2f46bfd3.jpg,D:\.Candra\Project\TA\02_data\raw\Sitting_posture.v17i.yolov8\test\labels\WIN_20251109_20_43_47_Pro_mp4-0249_jpg.rf.2ae58eb357b80c0f880895ec2f46bfd3.txt,1280,720,61197,98fd3f363f14571c92aee86de4b0a8f13d1a8b58cf4ee67721729deba7900d84,0303070612123030,90.5999,178.4026,False,True,False,1,1,0,
test,D:\.Candra\Project\TA\02_data\raw\Sitting_posture.v17i.yolov8\test\images\WIN_20251109_20_43_47_Pro_mp4-0250_jpg.rf.ec9d09ba6e55dbfb56b2e51d00d8211b.jpg,test\images\WIN_20251109_20_43_47_Pro_mp4-0250_jpg.rf.ec9d09ba6e55dbfb56b2e51d00d8211b.jpg,D:\.Candra\Project\TA\02_data\raw\Sitting_posture.v17i.yolov8\test\labels\WIN_20251109_20_43_47_Pro_mp4-0250_jpg.rf.ec9d09ba6e55dbfb56b2e51d00d8211b.txt,1280,720,60829,fedacabce2fabee118341d8dcf05ba6c2c4b5d019dd80a37a7c72acc429fc3d7,0303070612123030,90.6354,180.6157,False,True,False,1,1,0,
test,D:\.Candra\Project\TA\02_data\raw\Sitting_posture.v17i.yolov8\test\images\WIN_20251109_20_43_47_Pro_mp4-0251_jpg.rf.3ec24e31838665b9230bd24bcc9f5233.jpg,test\images\WIN_20251109_20_43_47_Pro_mp4-0251_jpg.rf.3ec24e31838665b9230bd24bcc9f5233.jpg,D:\.Candra\Project\TA\02_data\raw\Sitting_posture.v17i.yolov8\test\labels\WIN_20251109_20_43_47_Pro_mp4-0251_jpg.rf.3ec24e31838665b9230bd24bcc9f5233.txt,1280,720,60835,f4db136f7141427835366f2437297fd8b152ffbb0eb1b499c034a126570d17f5,0303070612123030,90.6528,176.3992,False,True,False,1,1,0,
test,D:\.Candra\Project\TA\02_data\raw\Sitting_posture.v17i.yolov8\test\images\WIN_20251109_20_43_47_Pro_mp4-0252_jpg.rf.6d0c7553efffa138d93751fcb05549b3.jpg,test\images\WIN_20251109_20_43_47_Pro_mp4-0252_jpg.rf.6d0c7553efffa138d93751fcb05549b3.jpg,D:\.Candra\Project\TA\02_data\raw\Sitting_posture.v17i.yolov8\test\labels\WIN_20251109_20_43_47_Pro_mp4-0252_jpg.rf.6d0c7553efffa138d93751fcb05549b3.txt,1280,720,60307,0c7fe323d9311f17a31e660c2a025866faccf5fb8ec10557b980c081583b6b58,0303070612123030,90.5987,167.7446,False,True,False,1,1,0,
test,D:\.Candra\Project\TA\02_data\raw\Sitting_posture.v17i.yolov8\test\images\WIN_20251109_20_43_47_Pro_mp4-0253_jpg.rf.cc9ad17cbacf9ced3b06520dd0596d19.jpg,test\images\WIN_20251109_20_43_47_Pro_mp4-0253_jpg.rf.cc9ad17cbacf9ced3b06520dd0596d19.jpg,D:\.Candra\Project\TA\02_data\raw\Sitting_posture.v17i.yolov8\test\labels\WIN_20251109_20_43_47_Pro_mp4-0253_jpg.rf.cc9ad17cbacf9ced3b06520dd0596d19.txt,1280,720,60635,72932ed5d5831b2ad830f5a50cabb5ef7b07226d36c81d1f721746ab5c9b6aea,0303070612123030,90.4983,173.199,False,True,False,1,1,0,
test,D:\.Candra\Project\TA\02_data\raw\Sitting_posture.v17i.yolov8\test\images\WIN_20251109_20_43_47_Pro_mp4-0254_jpg.rf.12f69c77fe2548a0294c61189e211973.jpg,test\images\WIN_20251109_20_43_47_Pro_mp4-0254_jpg.rf.12f69c77fe2548a0294c61189e211973.jpg,D:\.Candra\Project\TA\02_data\raw\Sitting_posture.v17i.yolov8\test\labels\WIN_20251109_20_43_47_Pro_mp4-0254_jpg.rf.12f69c77fe2548a0294c61189e211973.txt,1280,720,61093,ac4595bee2cd54febe40f6a47869e302f68d7e96db6156209f548adca519c04b,0303070612123030,90.4772,180.6373,False,True,False,1,1,0,
test,D:\.Candra\Project\TA\02_data\raw\Sitting_posture.v17i.yolov8\test\images\WIN_20251109_20_43_47_Pro_mp4-0255_jpg.rf.fb191eab90cefe045b5de8229700fa4d.jpg,test\images\WIN_20251109_20_43_47_Pro_mp4-0255_jpg.rf.fb191eab90cefe045b5de8229700fa4d.jpg,D:\.Candra\Project\TA\02_data\raw\Sitting_posture.v17i.yolov8\test\labels\WIN_20251109_20_43_47_Pro_mp4-0255_jpg.rf.fb191eab90cefe045b5de8229700fa4d.txt,1280,720,61657,ea1b71af08576d99501675df308e30feff1e13ecf7d1100335be01dab042a6a1,0303030632323030,90.6901,187.3208,False,True,False,1,1,0,
test,D:\.Candra\Project\TA\02_data\raw\Sitting_posture.v17i.yolov8\test\images\WIN_20251109_20_43_47_Pro_mp4-0256_jpg.rf.21e1823a22705c490fd579e24447c1df.jpg,test\images\WIN_20251109_20_43_47_Pro_mp4-0256_jpg.rf.21e1823a22705c490fd579e24447c1df.jpg,D:\.Candra\Project\TA\02_data\raw\Sitting_posture.v17i.yolov8\test\labels\WIN_20251109_20_43_47_Pro_mp4-0256_jpg.rf.21e1823a22705c490fd579e24447c1df.txt,1280,720,64107,19a69bd857f233cbb76faccd615b97bff8aeab99821013a40a5173e07fb91e6f,0303030632323030,90.7616,207.4331,False,True,False,1,1,0,
test,D:\.Candra\Project\TA\02_data\raw\Sitting_posture.v17i.yolov8\test\images\WIN_20251109_20_43_47_Pro_mp4-0257_jpg.rf.83df2d3e41f860896dbe3a2cf5d357ae.jpg,test\images\WIN_20251109_20_43_47_Pro_mp4-0257_jpg.rf.83df2d3e41f860896dbe3a2cf5d357ae.jpg,D:\.Candra\Project\TA\02_data\raw\Sitting_posture.v17i.yolov8\test\labels\WIN_20251109_20_43_47_Pro_mp4-0257_jpg.rf.83df2d3e41f860896dbe3a2cf5d357ae.txt,1280,720,58701,819729012f016ea8c775189c5e9da7b1b7716ba4c7f1651b2894d8da6e920083,0303030636323030,90.8493,176.736,False,True,False,1,1,0,
test,D:\.Candra\Project\TA\02_data\raw\Sitting_posture.v17i.yolov8\test\images\WIN_20251109_20_43_47_Pro_mp4-0258_jpg.rf.4167578976a24f49044a9d7d0d9a9846.jpg,test\images\WIN_20251109_20_43_47_Pro_mp4-0258_jpg.rf.4167578976a24f49044a9d7d0d9a9846.jpg,D:\.Candra\Project\TA\02_data\raw\Sitting_posture.v17i.yolov8\test\labels\WIN_20251109_20_43_47_Pro_mp4-0258_jpg.rf.4167578976a24f49044a9d7d0d9a9846.txt,1280,720,57850,e772cbd6c4faa9c44093cf796649398411f1c5cdd97de53a411b0cff8fd80117,0303030636323030,90.7472,175.1263,False,True,False,1,1,0,
test,D:\.Candra\Project\TA\02_data\raw\Sitting_posture.v17i.yolov8\test\images\WIN_20251109_20_43_47_Pro_mp4-0259_jpg.rf.43b9344a4bcedc2c14680310970b1e97.jpg,test\images\WIN_20251109_20_43_47_Pro_mp4-0259_jpg.rf.43b9344a4bcedc2c14680310970b1e97.jpg,D:\.Candra\Project\TA\02_data\raw\Sitting_posture.v17i.yolov8\test\labels\WIN_20251109_20_43_47_Pro_mp4-0259_jpg.rf.43b9344a4bcedc2c14680310970b1e97.txt,1280,720,58968,3080e1db9280f702ac170a4a444f1faa326b95d784dba5b536004b053734e665,0303030e36323030,90.5096,177.723,False,True,False,1,1,0,
test,D:\.Candra\Project\TA\02_data\raw\Sitting_posture.v17i.yolov8\test\images\WIN_20251109_20_43_47_Pro_mp4-0260_jpg.rf.17bafdb59332ec975c796b40c75c8c92.jpg,test\images\WIN_20251109_20_43_47_Pro_mp4-0260_jpg.rf.17bafdb59332ec975c796b40c75c8c92.jpg,D:\.Candra\Project\TA\02_data\raw\Sitting_posture.v17i.yolov8\test\labels\WIN_20251109_20_43_47_Pro_mp4-0260_jpg.rf.17bafdb59332ec975c796b40c75c8c92.txt,1280,720,59548,136be1d4669d1689c96914cc3601d1c43a44b1ce35869cfe68dda26e0129fbda,0303030e36323030,90.4227,181.7464,False,True,False,1,1,0,
test,D:\.Candra\Project\TA\02_data\raw\Sitting_posture.v17i.yolov8\test\images\WIN_20251109_20_43_47_Pro_mp4-0261_jpg.rf.5719f62ae7768e63e2ad75840a3b0a98.jpg,test\images\WIN_20251109_20_43_47_Pro_mp4-0261_jpg.rf.5719f62ae7768e63e2ad75840a3b0a98.jpg,D:\.Candra\Project\TA\02_data\raw\Sitting_posture.v17i.yolov8\test\labels\WIN_20251109_20_43_47_Pro_mp4-0261_jpg.rf.5719f62ae7768e63e2ad75840a3b0a98.txt,1280,720,59290,1086a8ff67d81d3ebfcc7c54020c1f8695ddcca46f3fd2748fad700933713420,0303030a36323070,90.3436,181.2395,False,True,False,1,1,0,
test,D:\.Candra\Project\TA\02_data\raw\Sitting_posture.v17i.yolov8\test\images\WIN_20251109_20_43_47_Pro_mp4-0262_jpg.rf.3375a827c36b4b18be8e666aaa5e6b72.jpg,test\images\WIN_20251109_20_43_47_Pro_mp4-0262_jpg.rf.3375a827c36b4b18be8e666aaa5e6b72.jpg,D:\.Candra\Project\TA\02_data\raw\Sitting_posture.v17i.yolov8\test\labels\WIN_20251109_20_43_47_Pro_mp4-0262_jpg.rf.3375a827c36b4b18be8e666aaa5e6b72.txt,1280,720,53401,ed9416a151930ff3ea2c131767e0e524647f0b09c5f6b2033f89a0298458e30d,0303030a36323070,90.2897,134.1624,False,True,False,1,1,0,
test,D:\.Candra\Project\TA\02_data\raw\Sitting_posture.v17i.yolov8\test\images\WIN_20251109_20_43_47_Pro_mp4-0263_jpg.rf.e110949a0e9e0ad4f9c306c1ea3418c3.jpg,test\images\WIN_20251109_20_43_47_Pro_mp4-0263_jpg.rf.e110949a0e9e0ad4f9c306c1ea3418c3.jpg,D:\.Candra\Project\TA\02_data\raw\Sitting_posture.v17i.yolov8\test\labels\WIN_20251109_20_43_47_Pro_mp4-0263_jpg.rf.e110949a0e9e0ad4f9c306c1ea3418c3.txt,1280,720,59349,1a26bb62be0411e71f9c9d8b7b108859c7b0dc65ec39acc9e26fbba732c380be,0303030a36363070,90.1145,181.4435,False,True,False,1,1,0,
test,D:\.Candra\Project\TA\02_data\raw\Sitting_posture.v17i.yolov8\test\images\WIN_20251109_20_43_47_Pro_mp4-0264_jpg.rf.be01824d17e935c91e933aa78e05a585.jpg,test\images\WIN_20251109_20_43_47_Pro_mp4-0264_jpg.rf.be01824d17e935c91e933aa78e05a585.jpg,D:\.Candra\Project\TA\02_data\raw\Sitting_posture.v17i.yolov8\test\labels\WIN_20251109_20_43_47_Pro_mp4-0264_jpg.rf.be01824d17e935c91e933aa78e05a585.txt,1280,720,53628,949fe0a4033b355082dd8fea2f07d41f375f16fb9bbc8f8e623d3182a7ee5b87,0303030a36363070,90.1507,134.1619,False,True,False,1,1,0,
test,D:\.Candra\Project\TA\02_data\raw\Sitting_posture.v17i.yolov8\test\images\WIN_20251109_20_43_47_Pro_mp4-0265_jpg.rf.79d5f5c5e4a56803fba64b0316d9eea3.jpg,test\images\WIN_20251109_20_43_47_Pro_mp4-0265_jpg.rf.79d5f5c5e4a56803fba64b0316d9eea3.jpg,D:\.Candra\Project\TA\02_data\raw\Sitting_posture.v17i.yolov8\test\labels\WIN_20251109_20_43_47_Pro_mp4-0265_jpg.rf.79d5f5c5e4a56803fba64b0316d9eea3.txt,1280,720,53621,df049efc98998d2057405393a899ca1fe1367f77be800a665c3a548d4d45c163,0303030a36363070,90.1506,133.949,False,True,False,1,1,0,
test,D:\.Candra\Project\TA\02_data\raw\Sitting_posture.v17i.yolov8\test\images\WIN_20251109_20_43_47_Pro_mp4-0266_jpg.rf.d10974dc80fdca6cf411932865b3354e.jpg,test\images\WIN_20251109_20_43_47_Pro_mp4-0266_jpg.rf.d10974dc80fdca6cf411932865b3354e.jpg,D:\.Candra\Project\TA\02_data\raw\Sitting_posture.v17i.yolov8\test\labels\WIN_20251109_20_43_47_Pro_mp4-0266_jpg.rf.d10974dc80fdca6cf411932865b3354e.txt,1280,720,59578,5aeb0f7d571672e4407a47514888bcaefe797ca172a68693e4b1793ac6d1f15e,0303030a36323070,90.1942,182.8071,False,True,False,1,1,0,
test,D:\.Candra\Project\TA\02_data\raw\Sitting_posture.v17i.yolov8\test\images\WIN_20251109_20_43_47_Pro_mp4-0267_jpg.rf.f287081052a7441ba055860cc066c0bd.jpg,test\images\WIN_20251109_20_43_47_Pro_mp4-0267_jpg.rf.f287081052a7441ba055860cc066c0bd.jpg,D:\.Candra\Project\TA\02_data\raw\Sitting_posture.v17i.yolov8\test\labels\WIN_20251109_20_43_47_Pro_mp4-0267_jpg.rf.f287081052a7441ba055860cc066c0bd.txt,1280,720,54195,3ab6eee4c67c6d567b420706250dcdcd588cd26855e3c1b8f972c1fbf9e43a91,0303030a36363070,90.2313,132.652,False,True,False,1,1,0,
test,D:\.Candra\Project\TA\02_data\raw\Sitting_posture.v17i.yolov8\test\images\WIN_20251109_20_43_47_Pro_mp4-0268_jpg.rf.97eb50fbfe3d27979102082c620da189.jpg,test\images\WIN_20251109_20_43_47_Pro_mp4-0268_jpg.rf.97eb50fbfe3d27979102082c620da189.jpg,D:\.Candra\Project\TA\02_data\raw\Sitting_posture.v17i.yolov8\test\labels\WIN_20251109_20_43_47_Pro_mp4-0268_jpg.rf.97eb50fbfe3d27979102082c620da189.txt,1280,720,52719,7a700fbc53d89e036b9a815d14f819643faa56812693b3a9bcf1b93dfe7b9abe,0303030a36363070,90.1878,121.9197,False,True,False,1,1,0,
test,D:\.Candra\Project\TA\02_data\raw\Sitting_posture.v17i.yolov8\test\images\WIN_20251109_20_43_47_Pro_mp4-0269_jpg.rf.da2fc3c973fe41ac56807aa96064b2a0.jpg,test\images\WIN_20251109_20_43_47_Pro_mp4-0269_jpg.rf.da2fc3c973fe41ac56807aa96064b2a0.jpg,D:\.Candra\Project\TA\02_data\raw\Sitting_posture.v17i.yolov8\test\labels\WIN_20251109_20_43_47_Pro_mp4-0269_jpg.rf.da2fc3c973fe41ac56807aa96064b2a0.txt,1280,720,51929,242852980781b32662695400898bd837053deb4241bc4ed3c1f22b54e455fc35,0303030a36363060,90.2502,119.7252,False,True,False,1,1,0,
test,D:\.Candra\Project\TA\02_data\raw\Sitting_posture.v17i.yolov8\test\images\WIN_20251109_20_43_47_Pro_mp4-0270_jpg.rf.80ad24eebd114da72704dc448f99cfc8.jpg,test\images\WIN_20251109_20_43_47_Pro_mp4-0270_jpg.rf.80ad24eebd114da72704dc448f99cfc8.jpg,D:\.Candra\Project\TA\02_data\raw\Sitting_posture.v17i.yolov8\test\labels\WIN_20251109_20_43_47_Pro_mp4-0270_jpg.rf.80ad24eebd114da72704dc448f99cfc8.txt,1280,720,51724,a8659eac51ae4d896915ae3040044147f15fc1860a9e41294ff37bc4125011d6,0303030226263860,90.3854,118.6499,False,True,False,1,1,0,
test,D:\.Candra\Project\TA\02_data\raw\Sitting_posture.v17i.yolov8\test\images\WIN_20251109_20_43_47_Pro_mp4-0271_jpg.rf.c7572a6ee28fd66a3092d403e887f234.jpg,test\images\WIN_20251109_20_43_47_Pro_mp4-0271_jpg.rf.c7572a6ee28fd66a3092d403e887f234.jpg,D:\.Candra\Project\TA\02_data\raw\Sitting_posture.v17i.yolov8\test\labels\WIN_20251109_20_43_47_Pro_mp4-0271_jpg.rf.c7572a6ee28fd66a3092d403e887f234.txt,1280,720,52902,364ef2dabd51ed526804c52e0dfe734a5464b3f3d64b60826e34932640fd6ec0,0303031226243868,90.4893,129.942,False,True,False,1,1,0,
test,D:\.Candra\Project\TA\02_data\raw\Sitting_posture.v17i.yolov8\test\images\WIN_20251109_20_43_47_Pro_mp4-0272_jpg.rf.cdc945e20ea17f0f5d92f1efca55f00c.jpg,test\images\WIN_20251109_20_43_47_Pro_mp4-0272_jpg.rf.cdc945e20ea17f0f5d92f1efca55f00c.jpg,D:\.Candra\Project\TA\02_data\raw\Sitting_posture.v17i.yolov8\test\labels\WIN_20251109_20_43_47_Pro_mp4-0272_jpg.rf.cdc945e20ea17f0f5d92f1efca55f00c.txt,1280,720,53320,5376be9c9c589e58edf76e4de8717efcdbb0db4a136ca8fa90eb4e83489a4a9a,0303031226643868,90.6319,129.5727,False,True,False,1,1,0,
test,D:\.Candra\Project\TA\02_data\raw\Sitting_posture.v17i.yolov8\test\images\WIN_20251109_20_43_47_Pro_mp4-0273_jpg.rf.d3fe91ac1d5591a7f19628856b8acd94.jpg,test\images\WIN_20251109_20_43_47_Pro_mp4-0273_jpg.rf.d3fe91ac1d5591a7f19628856b8acd94.jpg,D:\.Candra\Project\TA\02_data\raw\Sitting_posture.v17i.yolov8\test\labels\WIN_20251109_20_43_47_Pro_mp4-0273_jpg.rf.d3fe91ac1d5591a7f19628856b8acd94.txt,1280,720,53884,fc1dbcf12d9ad0bbaf211d1c6612b261cf74032b50dd11d7dd3de1bf6944a792,0303031626643878,90.6882,135.3585,False,True,False,1,1,0,
test,D:\.Candra\Project\TA\02_data\raw\Sitting_posture.v17i.yolov8\test\images\WIN_20251109_20_43_47_Pro_mp4-0274_jpg.rf.f3445cc465c394b6bc63e68621d8db6b.jpg,test\images\WIN_20251109_20_43_47_Pro_mp4-0274_jpg.rf.f3445cc465c394b6bc63e68621d8db6b.jpg,D:\.Candra\Project\TA\02_data\raw\Sitting_posture.v17i.yolov8\test\labels\WIN_20251109_20_43_47_Pro_mp4-0274_jpg.rf.f3445cc465c394b6bc63e68621d8db6b.txt,1280,720,54253,14dc14a452c59b1103f6bc8f0496bfa87e5548dedcde45a3c8387f832c574229,0303031626603878,91.2788,141.142,False,True,False,1,1,0,
test,D:\.Candra\Project\TA\02_data\raw\Sitting_posture.v17i.yolov8\test\images\WIN_20251109_20_43_47_Pro_mp4-0275_jpg.rf.37845166d33277ff63de064caa29215b.jpg,test\images\WIN_20251109_20_43_47_Pro_mp4-0275_jpg.rf.37845166d33277ff63de064caa29215b.jpg,D:\.Candra\Project\TA\02_data\raw\Sitting_posture.v17i.yolov8\test\labels\WIN_20251109_20_43_47_Pro_mp4-0275_jpg.rf.37845166d33277ff63de064caa29215b.txt,1280,720,54746,d29a52ced867837dfad30000bc0062cfa0962c8d3fd7f824f6b268112f0bb330,0303031626603878,92.2986,146.2165,False,True,False,1,1,0,
test,D:\.Candra\Project\TA\02_data\raw\Sitting_posture.v17i.yolov8\test\images\WIN_20251109_20_43_47_Pro_mp4-0276_jpg.rf.8ffc3ad29a30716fbe2185fb283469b7.jpg,test\images\WIN_20251109_20_43_47_Pro_mp4-0276_jpg.rf.8ffc3ad29a30716fbe2185fb283469b7.jpg,D:\.Candra\Project\TA\02_data\raw\Sitting_posture.v17i.yolov8\test\labels\WIN_20251109_20_43_47_Pro_mp4-0276_jpg.rf.8ffc3ad29a30716fbe2185fb283469b7.txt,1280,720,60183,bb52eb25f581bf7e04f535818fbe5dddfc4bb43b6b970b9db574d9c05359ef71,0303031626623878,93.0069,191.8327,False,True,False,1,1,0,
test,D:\.Candra\Project\TA\02_data\raw\Sitting_posture.v17i.yolov8\test\images\WIN_20251109_20_43_47_Pro_mp4-0277_jpg.rf.f19028d404e80491c8dfa9489761a44c.jpg,test\images\WIN_20251109_20_43_47_Pro_mp4-0277_jpg.rf.f19028d404e80491c8dfa9489761a44c.jpg,D:\.Candra\Project\TA\02_data\raw\Sitting_posture.v17i.yolov8\test\labels\WIN_20251109_20_43_47_Pro_mp4-0277_jpg.rf.f19028d404e80491c8dfa9489761a44c.txt,1280,720,55262,c9c8db58939aaae83bcb56e83a5861a94c1a22713a04c1c194bc5915d72316ef,0303031626603878,93.5893,140.1058,False,True,False,1,1,0,
test,D:\.Candra\Project\TA\02_data\raw\Sitting_posture.v17i.yolov8\test\images\WIN_20251109_20_43_47_Pro_mp4-0278_jpg.rf.23a009bb1b26b7086baa76c239f6da8e.jpg,test\images\WIN_20251109_20_43_47_Pro_mp4-0278_jpg.rf.23a009bb1b26b7086baa76c239f6da8e.jpg,D:\.Candra\Project\TA\02_data\raw\Sitting_posture.v17i.yolov8\test\labels\WIN_20251109_20_43_47_Pro_mp4-0278_jpg.rf.23a009bb1b26b7086baa76c239f6da8e.txt,1280,720,54342,5bb8c62c3f9e94addfc373c5775113b2572d67e88fb31fa4babc67958a36915b,0303031626683878,93.9705,139.5083,False,True,False,1,1,0,
test,D:\.Candra\Project\TA\02_data\raw\Sitting_posture.v17i.yolov8\test\images\WIN_20251109_20_43_47_Pro_mp4-0279_jpg.rf.c5882bf859bf7b228a69791b87c33bff.jpg,test\images\WIN_20251109_20_43_47_Pro_mp4-0279_jpg.rf.c5882bf859bf7b228a69791b87c33bff.jpg,D:\.Candra\Project\TA\02_data\raw\Sitting_posture.v17i.yolov8\test\labels\WIN_20251109_20_43_47_Pro_mp4-0279_jpg.rf.c5882bf859bf7b228a69791b87c33bff.txt,1280,720,54522,d87511e3726d227c1f62c302b6289ab5d0c0f4a02874ffa5d6e507312a61c5d1,0303031626603878,94.0465,142.6495,False,True,False,1,1,0,
test,D:\.Candra\Project\TA\02_data\raw\Sitting_posture.v17i.yolov8\test\images\WIN_20251109_20_43_47_Pro_mp4-0280_jpg.rf.e9e9dd1e84cf0f11c6296a1b2fa51a73.jpg,test\images\WIN_20251109_20_43_47_Pro_mp4-0280_jpg.rf.e9e9dd1e84cf0f11c6296a1b2fa51a73.jpg,D:\.Candra\Project\TA\02_data\raw\Sitting_posture.v17i.yolov8\test\labels\WIN_20251109_20_43_47_Pro_mp4-0280_jpg.rf.e9e9dd1e84cf0f11c6296a1b2fa51a73.txt,1280,720,54277,cb1bf6345e548c4d5d3a71e2181a6a1c8b254cc708ec257852039a457696da93,0303031626623878,93.9996,141.8627,False,True,False,1,1,0,
test,D:\.Candra\Project\TA\02_data\raw\Sitting_posture.v17i.yolov8\test\images\WIN_20251109_20_43_47_Pro_mp4-0281_jpg.rf.c29a207eb12b9324f7aa90c8b767d52f.jpg,test\images\WIN_20251109_20_43_47_Pro_mp4-0281_jpg.rf.c29a207eb12b9324f7aa90c8b767d52f.jpg,D:\.Candra\Project\TA\02_data\raw\Sitting_posture.v17i.yolov8\test\labels\WIN_20251109_20_43_47_Pro_mp4-0281_jpg.rf.c29a207eb12b9324f7aa90c8b767d52f.txt,1280,720,54458,b8d4a5cf250da061ed9230134fe2e857c29977158df8bdfd6c48f418632398f8,0303031626623878,94.0023,141.7316,False,True,False,1,1,0,
test,D:\.Candra\Project\TA\02_data\raw\Sitting_posture.v17i.yolov8\test\images\WIN_20251109_20_43_47_Pro_mp4-0282_jpg.rf.5418ebdf2874092c3de78e66b46e33d8.jpg,test\images\WIN_20251109_20_43_47_Pro_mp4-0282_jpg.rf.5418ebdf2874092c3de78e66b46e33d8.jpg,D:\.Candra\Project\TA\02_data\raw\Sitting_posture.v17i.yolov8\test\labels\WIN_20251109_20_43_47_Pro_mp4-0282_jpg.rf.5418ebdf2874092c3de78e66b46e33d8.txt,1280,720,54424,ba98e2135a139a9389c984e6e07d480b2aabddf9f37f14dba2bb14de15eaa282,0303031626623878,93.9991,143.8099,False,True,False,1,1,0,
test,D:\.Candra\Project\TA\02_data\raw\Sitting_posture.v17i.yolov8\test\images\WIN_20251109_20_43_47_Pro_mp4-0283_jpg.rf.b3adc3da6c59cb9f1492931fc3a8f682.jpg,test\images\WIN_20251109_20_43_47_Pro_mp4-0283_jpg.rf.b3adc3da6c59cb9f1492931fc3a8f682.jpg,D:\.Candra\Project\TA\02_data\raw\Sitting_posture.v17i.yolov8\test\labels\WIN_20251109_20_43_47_Pro_mp4-0283_jpg.rf.b3adc3da6c59cb9f1492931fc3a8f682.txt,1280,720,54761,4611d1384a1b61fd2f9c872b7f0df23a4ab83f0b28c8cefc9da601ddeee24466,0303031626603878,93.9692,142.9935,False,True,False,1,1,0,
test,D:\.Candra\Project\TA\02_data\raw\Sitting_posture.v17i.yolov8\test\images\WIN_20251109_20_43_47_Pro_mp4-0284_jpg.rf.0b1e5aa51bbae2f608fb97c6b4548918.jpg,test\images\WIN_20251109_20_43_47_Pro_mp4-0284_jpg.rf.0b1e5aa51bbae2f608fb97c6b4548918.jpg,D:\.Candra\Project\TA\02_data\raw\Sitting_posture.v17i.yolov8\test\labels\WIN_20251109_20_43_47_Pro_mp4-0284_jpg.rf.0b1e5aa51bbae2f608fb97c6b4548918.txt,1280,720,54616,5bab479668c3364c8061a4ce110ab0c7e834250923dfecb09f253d1aaf203c48,0303031626603878,93.9719,143.0785,False,True,False,1,1,0,
test,D:\.Candra\Project\TA\02_data\raw\Sitting_posture.v17i.yolov8\test\images\WIN_20251109_20_43_47_Pro_mp4-0285_jpg.rf.11302d15cff130d98d183898916a9020.jpg,test\images\WIN_20251109_20_43_47_Pro_mp4-0285_jpg.rf.11302d15cff130d98d183898916a9020.jpg,D:\.Candra\Project\TA\02_data\raw\Sitting_posture.v17i.yolov8\test\labels\WIN_20251109_20_43_47_Pro_mp4-0285_jpg.rf.11302d15cff130d98d183898916a9020.txt,1280,720,54648,41f6bed7a1605b9fa6e9d2d8d52e4d3f879adbd929d194f627796bc27c90dad9,0303031626603878,93.9223,141.9484,False,True,False,1,1,0,
test,D:\.Candra\Project\TA\02_data\raw\Sitting_posture.v17i.yolov8\test\images\WIN_20251109_20_43_47_Pro_mp4-0286_jpg.rf.0366d1dbbd65c4e9050f67d25d055e37.jpg,test\images\WIN_20251109_20_43_47_Pro_mp4-0286_jpg.rf.0366d1dbbd65c4e9050f67d25d055e37.jpg,D:\.Candra\Project\TA\02_data\raw\Sitting_posture.v17i.yolov8\test\labels\WIN_20251109_20_43_47_Pro_mp4-0286_jpg.rf.0366d1dbbd65c4e9050f67d25d055e37.txt,1280,720,53964,4108e96f1abc507d170f2407c697170bbe8ef002308e088ea56fa8381a708437,0303031626603878,94.0148,139.7398,False,True,False,1,1,0,
test,D:\.Candra\Project\TA\02_data\raw\Sitting_posture.v17i.yolov8\test\images\WIN_20251109_20_43_47_Pro_mp4-0287_jpg.rf.37001c4b7ae0ff3137db0184f9223fa7.jpg,test\images\WIN_20251109_20_43_47_Pro_mp4-0287_jpg.rf.37001c4b7ae0ff3137db0184f9223fa7.jpg,D:\.Candra\Project\TA\02_data\raw\Sitting_posture.v17i.yolov8\test\labels\WIN_20251109_20_43_47_Pro_mp4-0287_jpg.rf.37001c4b7ae0ff3137db0184f9223fa7.txt,1280,720,57073,3b3ce4fcbe8f04c2c493ad4723085fc62876c082e52b824c6f89ddbd653741c5,0303031626603878,93.8896,154.9042,False,True,False,1,1,0,
test,D:\.Candra\Project\TA\02_data\raw\Sitting_posture.v17i.yolov8\test\images\WIN_20251109_20_43_47_Pro_mp4-0288_jpg.rf.3c7a0e7862feb9fa8caa1ea3527f476c.jpg,test\images\WIN_20251109_20_43_47_Pro_mp4-0288_jpg.rf.3c7a0e7862feb9fa8caa1ea3527f476c.jpg,D:\.Candra\Project\TA\02_data\raw\Sitting_posture.v17i.yolov8\test\labels\WIN_20251109_20_43_47_Pro_mp4-0288_jpg.rf.3c7a0e7862feb9fa8caa1ea3527f476c.txt,1280,720,55766,75201836c34a6baeb9ad0dff9038bd44c5331e98a14e4ce6fd6fd1acf562abd7,0303031626603878,93.9501,152.783,False,True,False,1,1,0,
test,D:\.Candra\Project\TA\02_data\raw\Sitting_posture.v17i.yolov8\test\images\WIN_20251109_20_43_47_Pro_mp4-0289_jpg.rf.d9af43ec2661b00637505c7f49d3d350.jpg,test\images\WIN_20251109_20_43_47_Pro_mp4-0289_jpg.rf.d9af43ec2661b00637505c7f49d3d350.jpg,D:\.Candra\Project\TA\02_data\raw\Sitting_posture.v17i.yolov8\test\labels\WIN_20251109_20_43_47_Pro_mp4-0289_jpg.rf.d9af43ec2661b00637505c7f49d3d350.txt,1280,720,60368,942e38db530a1a638343b9c27f02449c4b79bd4cc3d1697f7ac0accb0251acfa,0303031626603878,93.9298,185.2276,False,True,False,1,1,0,
test,D:\.Candra\Project\TA\02_data\raw\Sitting_posture.v17i.yolov8\test\images\WIN_20251109_20_43_47_Pro_mp4-0290_jpg.rf.f06aea3c22c3f250acc4c58025fedf80.jpg,test\images\WIN_20251109_20_43_47_Pro_mp4-0290_jpg.rf.f06aea3c22c3f250acc4c58025fedf80.jpg,D:\.Candra\Project\TA\02_data\raw\Sitting_posture.v17i.yolov8\test\labels\WIN_20251109_20_43_47_Pro_mp4-0290_jpg.rf.f06aea3c22c3f250acc4c58025fedf80.txt,1280,720,53379,04f14284d942a03801dbd657fc8401b684bb3c28ce29bbabad476f3644bdf61e,0303030626243868,93.7209,134.3745,False,True,False,1,1,0,
test,D:\.Candra\Project\TA\02_data\raw\Sitting_posture.v17i.yolov8\test\images\WIN_20251109_20_43_47_Pro_mp4-0291_jpg.rf.b2ba4dfb7cf704e19c5e857add16b77f.jpg,test\images\WIN_20251109_20_43_47_Pro_mp4-0291_jpg.rf.b2ba4dfb7cf704e19c5e857add16b77f.jpg,D:\.Candra\Project\TA\02_data\raw\Sitting_posture.v17i.yolov8\test\labels\WIN_20251109_20_43_47_Pro_mp4-0291_jpg.rf.b2ba4dfb7cf704e19c5e857add16b77f.txt,1280,720,57735,50332b6f0ec82f2067dce4be9f8bbd01c66432efc593bfdbeba3072bb5cf1100,0303030626243860,93.4042,152.4469,False,True,False,1,1,0,
test,D:\.Candra\Project\TA\02_data\raw\Sitting_posture.v17i.yolov8\test\images\WIN_20251109_20_43_47_Pro_mp4-0292_jpg.rf.2c39b1f6bf3b375473c1fd4f49ac3a38.jpg,test\images\WIN_20251109_20_43_47_Pro_mp4-0292_jpg.rf.2c39b1f6bf3b375473c1fd4f49ac3a38.jpg,D:\.Candra\Project\TA\02_data\raw\Sitting_posture.v17i.yolov8\test\labels\WIN_20251109_20_43_47_Pro_mp4-0292_jpg.rf.2c39b1f6bf3b375473c1fd4f49ac3a38.txt,1280,720,57551,03804aa2f86d2287116bd87c023d4941c2cd1dde3553c16b9943aa0034433d85,0303030636363060,93.1314,147.1185,False,True,False,1,1,0,
test,D:\.Candra\Project\TA\02_data\raw\Sitting_posture.v17i.yolov8\test\images\WIN_20251109_20_43_47_Pro_mp4-0294_jpg.rf.2c1f124f1ee87e3056ef0a0b053a020f.jpg,test\images\WIN_20251109_20_43_47_Pro_mp4-0294_jpg.rf.2c1f124f1ee87e3056ef0a0b053a020f.jpg,D:\.Candra\Project\TA\02_data\raw\Sitting_posture.v17i.yolov8\test\labels\WIN_20251109_20_43_47_Pro_mp4-0294_jpg.rf.2c1f124f1ee87e3056ef0a0b053a020f.txt,1280,720,57815,9e8bebc6eeebebdf94a0daf6c0c95410c3b3b653b1e453425db606fdcdbe6ee4,0303070612123030,92.221,154.9005,False,True,False,1,1,0,
test,D:\.Candra\Project\TA\02_data\raw\Sitting_posture.v17i.yolov8\test\images\WIN_20251109_20_43_47_Pro_mp4-0295_jpg.rf.da3eaf1376e91f2a6436b66ad4460d9d.jpg,test\images\WIN_20251109_20_43_47_Pro_mp4-0295_jpg.rf.da3eaf1376e91f2a6436b66ad4460d9d.jpg,D:\.Candra\Project\TA\02_data\raw\Sitting_posture.v17i.yolov8\test\labels\WIN_20251109_20_43_47_Pro_mp4-0295_jpg.rf.da3eaf1376e91f2a6436b66ad4460d9d.txt,1280,720,58286,77d915c41bf08bda7e199a78f36bebb00af58e60532e5d129e693c912d2b3166,0303070612123030,92.0144,161.5232,False,True,False,1,1,0,
test,D:\.Candra\Project\TA\02_data\raw\Sitting_posture.v17i.yolov8\test\images\WIN_20251109_20_43_47_Pro_mp4-0296_jpg.rf.649250971794638a579e091773ea0ba3.jpg,test\images\WIN_20251109_20_43_47_Pro_mp4-0296_jpg.rf.649250971794638a579e091773ea0ba3.jpg,D:\.Candra\Project\TA\02_data\raw\Sitting_posture.v17i.yolov8\test\labels\WIN_20251109_20_43_47_Pro_mp4-0296_jpg.rf.649250971794638a579e091773ea0ba3.txt,1280,720,58269,1f15d75a54849e00802bbf84397a637c65afb1b146d1f28415ead4dc8b0636da,03030702121a3030,91.5999,160.6742,False,True,False,1,1,0,
test,D:\.Candra\Project\TA\02_data\raw\Sitting_posture.v17i.yolov8\test\images\WIN_20251109_20_43_47_Pro_mp4-0297_jpg.rf.625605a0388d136f271a652d49f02299.jpg,test\images\WIN_20251109_20_43_47_Pro_mp4-0297_jpg.rf.625605a0388d136f271a652d49f02299.jpg,D:\.Candra\Project\TA\02_data\raw\Sitting_posture.v17i.yolov8\test\labels\WIN_20251109_20_43_47_Pro_mp4-0297_jpg.rf.625605a0388d136f271a652d49f02299.txt,1280,720,62861,8f03bec810a6b4cae3ad11c9973cf73b3751294050ce0fc46d3b08d74de82f36,030307021a1a3030,91.015,190.0298,False,True,False,1,1,0,
test,D:\.Candra\Project\TA\02_data\raw\Sitting_posture.v17i.yolov8\test\images\WIN_20251109_20_43_47_Pro_mp4-0298_jpg.rf.b575006a514e894d1c00e7dbf5be0f52.jpg,test\images\WIN_20251109_20_43_47_Pro_mp4-0298_jpg.rf.b575006a514e894d1c00e7dbf5be0f52.jpg,D:\.Candra\Project\TA\02_data\raw\Sitting_posture.v17i.yolov8\test\labels\WIN_20251109_20_43_47_Pro_mp4-0298_jpg.rf.b575006a514e894d1c00e7dbf5be0f52.txt,1280,720,58994,5159b13c8a2a400ec0bd78d3eb69bdae7955b36f6c518e0d740ea21ffbb3d7cf,030307061a1a3030,90.5211,169.0619,False,True,False,1,1,0,
test,D:\.Candra\Project\TA\02_data\raw\Sitting_posture.v17i.yolov8\test\images\WIN_20251109_20_43_47_Pro_mp4-0299_jpg.rf.2dd598309d75303a42282f78ab8746b8.jpg,test\images\WIN_20251109_20_43_47_Pro_mp4-0299_jpg.rf.2dd598309d75303a42282f78ab8746b8.jpg,D:\.Candra\Project\TA\02_data\raw\Sitting_posture.v17i.yolov8\test\labels\WIN_20251109_20_43_47_Pro_mp4-0299_jpg.rf.2dd598309d75303a42282f78ab8746b8.txt,1280,720,58629,c03e3746563d9da88395e35afd34e82094fd34b0b3964045851ffea170ba3834,030307061a183030,90.1069,170.6285,False,True,False,1,1,0,
test,D:\.Candra\Project\TA\02_data\raw\Sitting_posture.v17i.yolov8\test\images\WIN_20251109_20_43_47_Pro_mp4-0300_jpg.rf.234771a0ddaac7af13db8e6617fb830e.jpg,test\images\WIN_20251109_20_43_47_Pro_mp4-0300_jpg.rf.234771a0ddaac7af13db8e6617fb830e.jpg,D:\.Candra\Project\TA\02_data\raw\Sitting_posture.v17i.yolov8\test\labels\WIN_20251109_20_43_47_Pro_mp4-0300_jpg.rf.234771a0ddaac7af13db8e6617fb830e.txt,1280,720,58165,98a81ea31d3070c47d96dc77bf12607db119c39a5c73b1e54326fe1092e19f02,030307061a193130,89.7957,167.494,False,True,False,1,1,0,
test,D:\.Candra\Project\TA\02_data\raw\Sitting_posture.v17i.yolov8\test\images\WIN_20251109_20_43_47_Pro_mp4-0301_jpg.rf.63b6d1b0524cda8e0e1b240b96084829.jpg,test\images\WIN_20251109_20_43_47_Pro_mp4-0301_jpg.rf.63b6d1b0524cda8e0e1b240b96084829.jpg,D:\.Candra\Project\TA\02_data\raw\Sitting_posture.v17i.yolov8\test\labels\WIN_20251109_20_43_47_Pro_mp4-0301_jpg.rf.63b6d1b0524cda8e0e1b240b96084829.txt,1280,720,58537,99613264c346e81a1373e1aab11616033332685d67c713620586eb486c1eefc1,030307061a183030,90.1383,171.6289,False,True,False,1,1,0,
test,D:\.Candra\Project\TA\02_data\raw\Sitting_posture.v17i.yolov8\test\images\WIN_20251109_20_43_47_Pro_mp4-0302_jpg.rf.8eb0c680077b490be7f1eca325bb5311.jpg,test\images\WIN_20251109_20_43_47_Pro_mp4-0302_jpg.rf.8eb0c680077b490be7f1eca325bb5311.jpg,D:\.Candra\Project\TA\02_data\raw\Sitting_posture.v17i.yolov8\test\labels\WIN_20251109_20_43_47_Pro_mp4-0302_jpg.rf.8eb0c680077b490be7f1eca325bb5311.txt,1280,720,58979,50bb8b732424f452efa36c101488bc921de2d8e54229da98cc678d309c3391b9,030307061a1a3030,90.4874,175.0864,False,True,False,1,1,0,
test,D:\.Candra\Project\TA\02_data\raw\Sitting_posture.v17i.yolov8\test\images\WIN_20251109_20_43_47_Pro_mp4-0303_jpg.rf.f8de833161f2f59f7e4a4a60209f62c1.jpg,test\images\WIN_20251109_20_43_47_Pro_mp4-0303_jpg.rf.f8de833161f2f59f7e4a4a60209f62c1.jpg,D:\.Candra\Project\TA\02_data\raw\Sitting_posture.v17i.yolov8\test\labels\WIN_20251109_20_43_47_Pro_mp4-0303_jpg.rf.f8de833161f2f59f7e4a4a60209f62c1.txt,1280,720,58976,c17b6492b8fa709d638fc3e089ed7aacce2525e465fa1dcce891fa15a509c9af,030307061a1a3030,90.7936,174.0563,False,True,False,1,1,0,
test,D:\.Candra\Project\TA\02_data\raw\Sitting_posture.v17i.yolov8\test\images\WIN_20251109_20_43_47_Pro_mp4-0304_jpg.rf.ed0854c3b464b675df90a56c870c33c5.jpg,test\images\WIN_20251109_20_43_47_Pro_mp4-0304_jpg.rf.ed0854c3b464b675df90a56c870c33c5.jpg,D:\.Candra\Project\TA\02_data\raw\Sitting_posture.v17i.yolov8\test\labels\WIN_20251109_20_43_47_Pro_mp4-0304_jpg.rf.ed0854c3b464b675df90a56c870c33c5.txt,1280,720,58623,009f634dcbc38b4196748d143aceb1f0e0ee0d0f5fcfee3651b70e15fffeef0a,030307021a1a3030,90.8261,169.1866,False,True,False,1,1,0,
test,D:\.Candra\Project\TA\02_data\raw\Sitting_posture.v17i.yolov8\test\images\WIN_20251109_20_43_47_Pro_mp4-0305_jpg.rf.9001dfbbecbf46c6d330463fd1606c51.jpg,test\images\WIN_20251109_20_43_47_Pro_mp4-0305_jpg.rf.9001dfbbecbf46c6d330463fd1606c51.jpg,D:\.Candra\Project\TA\02_data\raw\Sitting_posture.v17i.yolov8\test\labels\WIN_20251109_20_43_47_Pro_mp4-0305_jpg.rf.9001dfbbecbf46c6d330463fd1606c51.txt,1280,720,52665,e191170b2b1da24d800acda914a88da95024bf6ee23b80718cb7ae2110bafaae,030307021a1a3030,90.6994,129.4894,False,True,False,1,1,0,
test,D:\.Candra\Project\TA\02_data\raw\Sitting_posture.v17i.yolov8\test\images\WIN_20251109_20_43_47_Pro_mp4-0306_jpg.rf.a94e0dc4b84d08012c1350b882f9d141.jpg,test\images\WIN_20251109_20_43_47_Pro_mp4-0306_jpg.rf.a94e0dc4b84d08012c1350b882f9d141.jpg,D:\.Candra\Project\TA\02_data\raw\Sitting_posture.v17i.yolov8\test\labels\WIN_20251109_20_43_47_Pro_mp4-0306_jpg.rf.a94e0dc4b84d08012c1350b882f9d141.txt,1280,720,52992,d8d13e989ed00934312b5e2f2eb27849d55b74e021893815f408cb91a3a24517,030307021a1a3030,90.5651,134.7128,False,True,False,1,1,0,
test,D:\.Candra\Project\TA\02_data\raw\Sitting_posture.v17i.yolov8\test\images\WIN_20251109_20_43_47_Pro_mp4-0307_jpg.rf.f6ac1d0cc258e16090fa8d3eb732b425.jpg,test\images\WIN_20251109_20_43_47_Pro_mp4-0307_jpg.rf.f6ac1d0cc258e16090fa8d3eb732b425.jpg,D:\.Candra\Project\TA\02_data\raw\Sitting_posture.v17i.yolov8\test\labels\WIN_20251109_20_43_47_Pro_mp4-0307_jpg.rf.f6ac1d0cc258e16090fa8d3eb732b425.txt,1280,720,64829,bef1ef6123e2f99f9909c28b066a33fb086cb424592df7ec3defcde70bd50804,030307021a1a3030,89.962,205.6776,False,True,False,1,1,0,
test,D:\.Candra\Project\TA\02_data\raw\Sitting_posture.v17i.yolov8\test\images\WIN_20251109_20_43_47_Pro_mp4-0308_jpg.rf.e50e1b87f9aee4b59d68251367937205.jpg,test\images\WIN_20251109_20_43_47_Pro_mp4-0308_jpg.rf.e50e1b87f9aee4b59d68251367937205.jpg,D:\.Candra\Project\TA\02_data\raw\Sitting_posture.v17i.yolov8\test\labels\WIN_20251109_20_43_47_Pro_mp4-0308_jpg.rf.e50e1b87f9aee4b59d68251367937205.txt,1280,720,54324,7e02c72a4467a6491c6200898521c4400474d2b477c63ffea2c188ff1c88c78d,030307031a1a3030,89.3383,136.1905,False,True,False,1,1,0,
test,D:\.Candra\Project\TA\02_data\raw\Sitting_posture.v17i.yolov8\test\images\WIN_20251109_20_43_47_Pro_mp4-0309_jpg.rf.9bbda151c0b76d3f27b7aba2777a504c.jpg,test\images\WIN_20251109_20_43_47_Pro_mp4-0309_jpg.rf.9bbda151c0b76d3f27b7aba2777a504c.jpg,D:\.Candra\Project\TA\02_data\raw\Sitting_posture.v17i.yolov8\test\labels\WIN_20251109_20_43_47_Pro_mp4-0309_jpg.rf.9bbda151c0b76d3f27b7aba2777a504c.txt,1280,720,52145,8b97e569ae630d2d9960c3edb987f4ada8144f35b18f9b0ea73c12837d6670a9,0303070319193130,88.6835,128.0736,False,True,False,1,1,0,
test,D:\.Candra\Project\TA\02_data\raw\Sitting_posture.v17i.yolov8\test\images\WIN_20251109_20_43_47_Pro_mp4-0310_jpg.rf.52dd333c8c82db81c5338d1577c974ef.jpg,test\images\WIN_20251109_20_43_47_Pro_mp4-0310_jpg.rf.52dd333c8c82db81c5338d1577c974ef.jpg,D:\.Candra\Project\TA\02_data\raw\Sitting_posture.v17i.yolov8\test\labels\WIN_20251109_20_43_47_Pro_mp4-0310_jpg.rf.52dd333c8c82db81c5338d1577c974ef.txt,1280,720,53365,0d506ce069dabf24062e0952b415041d96e8402840627ec41f0d9100861f092c,0303070618183030,88.8249,133.4838,False,True,False,1,1,0,
test,D:\.Candra\Project\TA\02_data\raw\Sitting_posture.v17i.yolov8\test\images\WIN_20251109_20_43_47_Pro_mp4-0311_jpg.rf.5aac4fdd24fd90fba8dc840bcebf2362.jpg,test\images\WIN_20251109_20_43_47_Pro_mp4-0311_jpg.rf.5aac4fdd24fd90fba8dc840bcebf2362.jpg,D:\.Candra\Project\TA\02_data\raw\Sitting_posture.v17i.yolov8\test\labels\WIN_20251109_20_43_47_Pro_mp4-0311_jpg.rf.5aac4fdd24fd90fba8dc840bcebf2362.txt,1280,720,54787,1070d7b113073b794a84000e5e9bccd61b8c2cbf62bfcccc60e67c4f775d0d65,030307061a183030,89.9628,140.196,False,True,False,1,1,0,
test,D:\.Candra\Project\TA\02_data\raw\Sitting_posture.v17i.yolov8\test\images\WIN_20251109_20_43_47_Pro_mp4-0312_jpg.rf.ac1baf0c3abaad65742f8024cc1baa0a.jpg,test\images\WIN_20251109_20_43_47_Pro_mp4-0312_jpg.rf.ac1baf0c3abaad65742f8024cc1baa0a.jpg,D:\.Candra\Project\TA\02_data\raw\Sitting_posture.v17i.yolov8\test\labels\WIN_20251109_20_43_47_Pro_mp4-0312_jpg.rf.ac1baf0c3abaad65742f8024cc1baa0a.txt,1280,720,54698,f7a2ce149e9277273ce075b7d0d909c4d1892604ceb739362f56347508648794,03030606121a3030,91.4145,137.8678,False,True,False,1,1,0,
test,D:\.Candra\Project\TA\02_data\raw\Sitting_posture.v17i.yolov8\test\images\WIN_20251109_20_43_47_Pro_mp4-0313_jpg.rf.e06266449e2c9a7e5e316392fccbc988.jpg,test\images\WIN_20251109_20_43_47_Pro_mp4-0313_jpg.rf.e06266449e2c9a7e5e316392fccbc988.jpg,D:\.Candra\Project\TA\02_data\raw\Sitting_posture.v17i.yolov8\test\labels\WIN_20251109_20_43_47_Pro_mp4-0313_jpg.rf.e06266449e2c9a7e5e316392fccbc988.txt,1280,720,54660,85d6394ba42f39213d65733699b4b85a7bc53195442caed36f24418b7836d382,03030606121a3030,91.9713,139.8165,False,True,False,1,1,0,
test,D:\.Candra\Project\TA\02_data\raw\Sitting_posture.v17i.yolov8\test\images\WIN_20251109_20_43_47_Pro_mp4-0314_jpg.rf.65710d9b5e66c0e02f8286c8ada933f2.jpg,test\images\WIN_20251109_20_43_47_Pro_mp4-0314_jpg.rf.65710d9b5e66c0e02f8286c8ada933f2.jpg,D:\.Candra\Project\TA\02_data\raw\Sitting_posture.v17i.yolov8\test\labels\WIN_20251109_20_43_47_Pro_mp4-0314_jpg.rf.65710d9b5e66c0e02f8286c8ada933f2.txt,1280,720,54498,a94166b11ba1e83edb489ced2c77424a22b2883957f796aeec674bd40d60c0c4,03030706121a3030,92.1849,139.0943,False,True,False,1,1,0,
test,D:\.Candra\Project\TA\02_data\raw\Sitting_posture.v17i.yolov8\test\images\WIN_20251109_20_43_47_Pro_mp4-0315_jpg.rf.3ae6705b55f08840dda311172e5b7b9b.jpg,test\images\WIN_20251109_20_43_47_Pro_mp4-0315_jpg.rf.3ae6705b55f08840dda311172e5b7b9b.jpg,D:\.Candra\Project\TA\02_data\raw\Sitting_posture.v17i.yolov8\test\labels\WIN_20251109_20_43_47_Pro_mp4-0315_jpg.rf.3ae6705b55f08840dda311172e5b7b9b.txt,1280,720,54484,bd1ce82b4bbe0edaded5fa97e9b0ec2e836a721bc783a13dbc84e477a29dda25,03030706121a3030,92.3014,141.8303,False,True,False,1,1,0,
test,D:\.Candra\Project\TA\02_data\raw\Sitting_posture.v17i.yolov8\test\images\WIN_20251109_20_43_47_Pro_mp4-0316_jpg.rf.99ca508e89eb1fd962f99519e6665a67.jpg,test\images\WIN_20251109_20_43_47_Pro_mp4-0316_jpg.rf.99ca508e89eb1fd962f99519e6665a67.jpg,D:\.Candra\Project\TA\02_data\raw\Sitting_posture.v17i.yolov8\test\labels\WIN_20251109_20_43_47_Pro_mp4-0316_jpg.rf.99ca508e89eb1fd962f99519e6665a67.txt,1280,720,54593,8f867deac5f42911027bbc3e0a22d3f8e6581620cf398393abf9eee5d3eebbc1,03030706121a3030,92.31,140.9822,False,True,False,1,1,0,
