image_id,split,class_name,class_id,bottom_nx,bottom_ny,shoulder_nx,shoulder_ny,head_nx,head_ny,back_nx,back_ny,spine_lower_angle,spine_upper_angle,spine_full_angle,back_angle,dist_bottom_shoulder,dist_shoulder_head,dist_bottom_head,dist_shoulder_back,dist_bottom_back,head_shoulder_dx,head_shoulder_dy,back_shoulder_dx,back_shoulder_dy,spine_curvature,head_forward_offset,raw_bottom_x,raw_bottom_y,raw_shoulder_x,raw_shoulder_y,raw_head_x,raw_head_y,raw_back_x,raw_back_y
bad_posture_20241021_142856_png.rf.d63238b8aa0715cda8e88f5ecaef0e2f.jpg,train,Bad,0,-0.0928651104100945,0.42644776119402983,-0.09766813880126174,-0.09632398009950255,0.18589627760252375,-0.3094105472636816,-0.3801261829652996,-0.009949452736318438,-90.41509862362976,-43.619977930923234,-73.36779738966781,158.80411991602085,0.3283746177721415,0.19401425007972994,0.4823934472989865,0.15005634122222228,0.3088399669731883,0.140453,-0.133845,-0.139905,0.054254000000000024,46.795120692706526,0.13807399999999997,0.361034,0.84755,0.358655,0.519184,0.499108,0.385339,0.21875,0.573438
good_posture_20241013_222712_png.rf.d4260da6ca2e54e87b93742653249b2b.jpg,train,Good,1,-0.16979262745098042,0.3217553526970953,-0.1877126274509805,-0.19244614107883817,0.021399215686274405,-0.4033380912863071,-0.4058823529411765,-0.035270373443983406,-91.05626099479363,-62.31939291391124,-82.05859132674586,126.29163233516944,0.38732381564267376,0.17935501863064776,0.5513737453669697,0.14686207971426796,0.2848644304120821,0.083318,-0.15882800000000002,-0.08692699999999998,0.118373,28.736868080882395,0.07617799999999997,0.375317,0.642322,0.368177,0.255064,0.451495,0.096236,0.28125,0.373437
bad_posture_20241013_225750_png.rf.daa920390fdfc539db263e20cfef43ef.jpg,train,Bad,0,-0.1268265924895689,0.3637542342342342,-0.1649684561891516,-0.161014054054054,0.15712155771905426,-0.3050673873873873,-0.40820584144645344,-0.01576576576576575,-93.36800136583685,-28.914945978730795,-71.0295128169312,143.59105227856546,0.3646878912015039,0.20669034265054573,0.490643751642676,0.16976989402423506,0.30709017633262053,0.18092400000000003,-0.099937,-0.13663100000000003,0.10076599999999997,64.45305538710605,0.15949900000000006,0.370556,0.660167,0.349131,0.296109,0.530055,0.196172,0.2125,0.396875
bad_posture_20241021_142448_png.rf.d33dd9f9f893e9afb7e761de880c9371.jpg,train,Bad,0,-0.24516898817345595,0.39603680224403914,0.003082049934296973,-0.18064000000000002,0.23531879106438894,-0.33442131837307165,-0.3247913797634691,-0.1493688639551193,-65.32281043691239,-31.815803499567917,-54.92835064987692,174.8936221408591,0.3535116393812231,0.16248595048495731,0.49715423840997264,0.19570773189120555,0.30747388036709716,0.13807199999999997,-0.08566100000000004,-0.19493099999999997,0.017418999999999962,33.50700693734447,0.28566499999999995,0.401505,0.835058,0.549098,0.513831,0.68717,0.42817,0.354167,0.53125
bad_posture_20241013_225714_png.rf.d2c1738f716f13eb44311e3ea1d89477.jpg,test,Bad,0,-0.2719327415143603,0.39408145785876997,-0.037231540469973824,-0.1678808200455581,0.13382057441253273,-0.32918706150341687,-0.2510884595300261,-0.08086560364464694,-69.97978603105831,-47.22658442063794,-63.92116531412186,154.9967103869684,0.41026237696990936,0.150734620482489,0.5523519338365713,0.14121408700621907,0.3260227221099781,0.10236400000000001,-0.110646,-0.12798000000000004,0.05968699999999999,22.75320161042037,0.24281800000000003,0.339609,0.672659,0.480063,0.287188,0.582427,0.176542,0.352083,0.346875
image_20241008_203730_jpg.rf.db22bb8d251335e4b0098ff677b77b70.jpg,valid,Bad,0,-0.07984240601503756,0.3896853774560496,-0.26694536340852126,-0.125282316442606,-0.05311318295739344,-0.3449697621509824,-0.4632409022556391,0.006721820062047628,-106.69038035871019,-51.22724630391055,-88.2802258715746,140.82364301430724,0.40615292732294817,0.2128775887922446,0.5552591097649817,0.15786529228744364,0.3752829294199244,0.13331099999999999,-0.16596699999999998,-0.12237800000000001,0.09972500000000006,55.46313405479964,0.016664000000000012,0.268192,0.808067,0.151545,0.419025,0.284856,0.253058,0.029167,0.51875
good_posture_20241021_141536_png.rf.d3f0e943b02c7be763e6cf54d93d567f.jpg,train,Good,1,-0.12183379721669992,0.3836455612770341,-0.15212373757455278,-0.07744444902162709,-0.018845964214711748,-0.31269421215242005,-0.3899925248508947,0.01081359423274986,-91.94902106702266,-73.64413470354864,-85.6188460741244,144.38765297537,0.3499824707167489,0.18598561922094944,0.5297870732303686,0.11497889340657266,0.3018214711845398,0.05237400000000003,-0.17845899999999998,-0.09347499999999997,0.06695200000000001,18.30488636347401,0.040471000000000035,0.365795,0.829703,0.353892,0.479923,0.406266,0.301464,0.260417,0.546875
good_posture_20241013_225734_png.rf.d9808e2e835c5aa353fe9631a6258afb.jpg,test,Good,1,-0.2491051162790697,0.40921411764705884,-0.26682046511627894,-0.1354621848739496,-0.1870995348837208,-0.36580840336134457,-0.4302325581395348,-0.03151193277310922,-91.34649699339887,-75.95746141671967,-86.69091948017808,138.64520919593951,0.40521489248669035,0.17659746572360543,0.5773856860998547,0.11701329635985822,0.34194220978990003,0.04285,-0.17132,-0.08783400000000002,0.07731300000000002,15.389035576679206,0.033328000000000024,0.284856,0.676228,0.275334,0.271125,0.318184,0.099805,0.1875,0.348438
good_posture_20241021_141341_png.rf.d8f8602154db4e80d92f4cd2f119a846.jpg,train,Good,1,-0.19999032028469757,0.40979305644302433,-0.19456512455516023,-0.10593380191693305,-0.07528370106761567,-0.32730837060702883,-0.3837477580071175,-0.007987220447284496,-89.63926915500548,-72.12602471519875,-84.21800331593488,139.1388116496028,0.37834149849045107,0.17063487798512939,0.5434980936535103,0.10982857359539912,0.3169227462994728,0.05237200000000003,-0.16239899999999996,-0.083063,0.071853,17.513244439806726,0.054754000000000025,0.334848,0.843981,0.33723,0.465647,0.389602,0.303248,0.254167,0.5375
bad_posture_20241021_143008_png.rf.d9c1ef0798864f8bfa499de7693cc403.jpg,train,Bad,0,-0.22545615708274905,0.34677695550351295,-0.16134844319775601,-0.17480805620608894,0.11643669004207571,-0.30319925058548003,-0.45044353436185136,-0.0714293208430912,-84.14102024202936,-28.968829777156017,-66.29077019233151,156.81403533962333,0.34982241798518293,0.17686358343650058,0.473631528047912,0.17518431994331,0.3058751904110564,0.154735,-0.08566099999999999,-0.16103499999999998,0.06897300000000006,55.17219046487334,0.19044500000000003,0.323242,0.849334,0.358952,0.501339,0.513687,0.415678,0.197917,0.570312
good_posture_20241021_142342_png.rf.d7977438f1a429a0c4f3e34cd03074e1.jpg,train,Good,1,-0.22565888888888885,0.4118279569892473,-0.2362388888888889,-0.1408196129032258,-0.06695888888888883,-0.3446864516129032,-0.4432877777777777,0.04838640860215059,-90.67932753654698,-62.78420308956469,-82.59720357241181,124.12794415414545,0.4015612247341618,0.16656203006687928,0.5542749509494362,0.16606933035331964,0.2816383149679744,0.07617600000000002,-0.14812199999999998,-0.09317199999999998,0.13747000000000004,27.895124446982287,0.071415,0.406266,0.85625,0.401505,0.454717,0.477681,0.306595,0.308333,0.592187
good_posture_20241021_144124_png.rf.d1fc5160ed82325c329aaaf90ef09fd4.jpg,train,Good,1,-0.21026444444444434,0.41159757575757555,-0.24200444444444444,-0.09272519480519495,-0.16794,-0.29544311688311703,-0.3796288888888888,0.047619047619047526,-92.2467192935261,-77.16945549734855,-87.862931032748,121.43727416520018,0.36433807302147275,0.1500844422650129,0.5107502385129153,0.11874075745926503,0.27357733788638267,0.033329,-0.146337,-0.06193099999999996,0.10131100000000004,15.077263796177547,0.019045999999999952,0.349131,0.818997,0.334848,0.454939,0.368177,0.308602,0.272917,0.55625
bad_posture_20241021_142856_png.rf.d4683811d3b2e345171fee3e044ee2f0.jpg,train,Bad,0,-0.0928651104100945,0.42644776119402983,-0.09766813880126174,-0.09632398009950255,0.18589627760252375,-0.3094105472636816,-0.3801261829652996,-0.009949452736318438,-90.41509862362976,-43.619977930923234,-73.36779738966781,158.80411991602085,0.3283746177721415,0.19401425007972994,0.4823934472989865,0.15005634122222228,0.3088399669731883,0.140453,-0.133845,-0.139905,0.054254000000000024,46.795120692706526,0.13807399999999997,0.361034,0.84755,0.358655,0.519184,0.499108,0.385339,0.21875,0.573438
image_20241008_200913_jpg.rf.d5692304206ef908694a131f59cd4ce7.jpg,test,Bad,0,-0.0803280344332855,0.388478626609442,-0.2595702725968436,-0.1654358798283262,-0.006009067431850815,-0.3370025751072961,-0.44930593974175037,0.03218815450643775,-103.6040079929065,-42.13752957898568,-85.61907826185607,125.678449499725,0.41496091547277075,0.18619716235216904,0.5297889146084505,0.17714449896623943,0.32813055050695905,0.138072,-0.12492199999999998,-0.10331699999999999,0.143895,61.466478413920825,0.04046899999999998,0.330087,0.779736,0.232484,0.376417,0.370556,0.251495,0.129167,0.520312
good_posture_20241013_225742_png.rf.d33f51690b5f0b8d693c2cd787bf8808.jpg,valid,Good,1,-0.21501188834154347,0.3840560860215053,-0.24002548440065677,-0.14894417204301075,-0.0899249917898193,-0.3552664086021506,-0.4014778325123153,0.09139853763440862,-91.76022841007543,-64.52693794562954,-83.67781419729597,113.74439232342834,0.387440824339666,0.16604791796647136,0.5404508109828312,0.19077274237165015,0.23039948794430942,0.071415,-0.149906,-0.07681600000000002,0.174624,27.233290464445886,0.05951400000000001,0.332467,0.642322,0.320566,0.255064,0.391981,0.105158,0.24375,0.429688
good_posture_20241021_180607_png.rf.d0e2520a5d55463255fdbfe0196973f3.jpg,train,Good,1,-0.20125209302325564,0.43494374999999985,-0.22339906976744175,-0.07812750000000007,-0.09052837209302307,-0.33243125,-0.42441860465116266,0.07226499999999997,-91.66121623145187,-70.65654295039329,-84.46281383420168,131.92542835507683,0.41062958254977194,0.21561443591049279,0.6167780201952724,0.16170908725238667,0.3139608936683038,0.07141800000000004,-0.20344299999999998,-0.10804799999999998,0.12031400000000003,21.004673281058587,0.05951400000000001,0.432452,0.91358,0.420548,0.503123,0.491966,0.29968,0.3125,0.623437
bad_posture_20241021_180513_png.rf.d84928495a9e069e0b719fb4b2f83f4e.jpg,train,Bad,0,-0.2240445193929174,0.4185784242424242,0.05857430016863393,-0.1328804848484849,0.21786414839797644,-0.3151615353535354,-0.29988829679595286,0.0010101010101009526,-72.93465954365742,-62.370686041471664,-70.16294338772202,148.0534848912023,0.4461632503747927,0.15912905424528867,0.60330098125894,0.1957109038786546,0.32486875525048575,0.07379600000000008,-0.14098300000000002,-0.16606899999999997,0.10355599999999998,10.563973502185753,0.20472800000000002,0.38722,0.901088,0.518152,0.474569,0.591948,0.333586,0.352083,0.578125
good_posture_20241021_141454_png.rf.d7da762e5bde110e2e736c424fdbbd03.jpg,train,Good,1,-0.15236384754990928,0.40796251046025106,-0.16342388384755,-0.1129305439330544,-0.08047245009074414,-0.3303685355648535,-0.3681193466424683,-0.010460920502091995,-90.70113661201354,-77.5992380295946,-86.78791653882985,139.02415712460262,0.389071130880974,0.16627837040637602,0.5523086938388712,0.11671075464154966,0.3260190967964913,0.03570800000000002,-0.16239899999999996,-0.088115,0.07653200000000004,13.10189858241894,0.030947000000000002,0.382459,0.842197,0.377698,0.453155,0.413406,0.290756,0.289583,0.529687
bad_posture_20241021_143227_png.rf.d47fb2984e45e06df89cca454d075518.jpg,train,Bad,0,-0.2721518528995756,0.4030954773869347,-0.14716628005657711,-0.15936643216080407,0.16314772277227718,-0.2971111557788946,-0.400990099009901,-0.06281326633165836,-78.83523392076964,-26.55435318354819,-61.094085178229086,156.81551739738686,0.3565285110422447,0.1916131404679752,0.4974111515698055,0.15251478990576617,0.29834828931636265,0.1714,-0.08566000000000001,-0.140198,0.060043999999999986,52.28088073722145,0.24043499999999995,0.308663,0.84755,0.377698,0.497769,0.549098,0.412109,0.2375,0.557813
good_posture_20241021_142318_png.rf.d9232b17db88f20ba4907f59d38abb25.jpg,train,Good,1,-0.1191972707889125,0.4357613259668509,-0.15168307036247325,-0.10691199999999994,-0.09320972281449877,-0.3265076685082873,-0.3109461833688698,0.02375690607734813,-91.77689889236358,-82.14317772458908,-88.98781764354833,122.27800090485776,0.38387158709391345,0.1567322836750617,0.5390321096075817,0.10927334438919675,0.29965292684036976,0.021425000000000027,-0.15526100000000004,-0.05835499999999999,0.092387,9.633721167774496,0.00952200000000003,0.384841,0.84755,0.372938,0.463863,0.394363,0.308602,0.314583,0.55625
good_posture_20241021_142330_png.rf.d4be117b0eb5892d616618a89a77bf6f.jpg,train,Good,1,-0.14352296983758697,0.4349575630983463,-0.17180176334106734,-0.028260957354221097,2.4129930394507204e-05,-0.20440076588337688,-0.3654292343387471,0.08659704090513486,-91.3118341660802,-69.90132349473444,-85.1859972884732,122.30753877997306,0.41592001178712235,0.16836612847600912,0.5759557535097639,0.12198773632214018,0.32151107549196495,0.05785700000000005,-0.158113,-0.06519799999999998,0.103103,21.41051067134576,0.04833500000000002,0.38722,0.881458,0.377698,0.465647,0.435555,0.307534,0.3125,0.56875
image_20241007_215802_jpg.rf.dbdb54ba63ed92b744009950b4bdbff8.jpg,valid,Good,1,-0.1899785696969697,0.4444296774193548,-0.23799330909090907,-0.1749974193548387,-0.2342976,-0.38454451612903223,-0.4167681939393939,-0.02419354838709676,-93.68849122035391,-89.1596699435965,-92.54582301171057,134.59342967881307,0.48105247109333094,0.16241646814593647,0.6430897186629561,0.16412290883663988,0.39149513077176323,0.0023819999999999952,-0.162399,-0.115226,0.116873,4.528821276757412,-0.028565000000000007,0.242006,0.835058,0.211059,0.355002,0.213441,0.192603,0.095833,0.471875
bad_posture_20241021_144100_png.rf.d6f4e4bdff8b3b8caac4a51b8ef9f50c.jpg,train,Bad,0,-0.2201539301972687,0.46184970625798205,-0.0444501365705615,-0.13037343550447003,0.18211763277693457,-0.30249501915708815,-0.36241845220030355,-0.05300127713920825,-75.97990818076313,-42.070605266700476,-66.10910079341168,163.87439326806324,0.3733971915748698,0.15713849531225627,0.5113799013893682,0.17040871021165557,0.32334873847287543,0.11664699999999995,-0.10529,-0.16370400000000002,0.04732999999999998,33.90930291406266,0.20710699999999999,0.325327,0.874319,0.415787,0.512045,0.532434,0.406755,0.252083,0.559375
bad_posture_20241021_143948_png.rf.d48d2917df4c400c127a1435cc580624.jpg,train,Bad,0,-0.07758910216718257,0.3803743842364533,-0.0681555417956655,-0.1372468965517241,0.21486117647058825,-0.3201008866995073,-0.40196012383900925,-0.04926108374384236,-89.16932297058396,-39.08046134319696,-71.62603506727874,161.66908283535682,0.3284005132106222,0.18400373156270494,0.4682349236355614,0.17747269070197816,0.31793577486026964,0.14283499999999993,-0.11599799999999999,-0.16846700000000003,0.05581599999999998,50.088861627387004,0.14759599999999995,0.399123,0.84755,0.403884,0.519184,0.546719,0.403186,0.235417,0.575
good_posture_20241021_141630_png.rf.d6b3a72f5d321b47ddcd7ae9b33ab2af.jpg,train,Good,1,-0.19913536633663356,0.38101651137594794,-0.21724039603960388,-0.12385265438786569,-0.024155564356435646,-0.31936537378114843,-0.3983489900990098,0.02437772481040081,-91.1240276217404,-61.61611059295637,-82.21637157024624,123.76212443614536,0.3641280678731042,0.1602476020819032,0.509737425451575,0.12857128665841372,0.26891214200180696,0.07617799999999997,-0.14098299999999997,-0.07145299999999999,0.10688799999999998,29.50791702878403,0.06903499999999996,0.351513,0.811858,0.34437,0.4478,0.420548,0.306817,0.272917,0.554688
image_20241009_224730_jpg.rf.dc5962d0a6506d889d394912c37c2831.jpg,test,Good,1,-0.12847364238410602,0.42637377049180325,-0.18497674172185433,-0.1507544069431051,-0.17690511258278144,-0.3291804821600771,-0.3843261456953642,0.01108968177434907,-94.07715202831396,-88.11358717569173,-92.67200842811198,131.88514462388164,0.46875030632523323,0.14463138293606959,0.6127832366979371,0.17612048258507582,0.3687410630700085,0.004761000000000015,-0.14455300000000001,-0.117585,0.13111899999999999,5.963564852622227,-0.028566999999999954,0.38008,0.75832,0.346752,0.290756,0.351513,0.146203,0.229167,0.421875
image_20241009_224235_jpg.rf.dcb0c6c6bf6276f47836883b24387513.jpg,train,Bad,0,-0.03100669577874813,0.37959586358635855,-0.1552002328966521,-0.15566521452145216,0.008911790393013099,-0.3064418921892189,-0.42527836972343525,-0.0005500550055005188,-99.94616018657449,-50.55861406495642,-87.48196476414819,142.76781188961988,0.3859191752297364,0.13864881661593798,0.4876648687992606,0.1820620396238601,0.34301615579736183,0.088082,-0.107075,-0.14495600000000003,0.11015600000000003,49.387546121618065,0.021424999999999972,0.46578,0.701213,0.399123,0.321094,0.487205,0.214019,0.254167,0.43125
image_20241009_143702_jpg.rf.dd4731183ae5628a64ed6244dbb55b48.jpg,valid,Bad,0,-0.0001735977337109576,0.38001004830917884,-0.12965484419263448,-0.17174879227053136,0.16383501416430607,-0.329000193236715,-0.40651558073654387,0.01449275362318844,-101.3150569556366,-32.14471235889687,-78.84236453571951,141.72888048386028,0.36399390166594825,0.19118538691019252,0.467477014838163,0.1945079640040479,0.3257865624377409,0.16187800000000002,-0.10172200000000003,-0.152706,0.120475,69.17034459673974,0.09046100000000001,0.399123,0.733319,0.327706,0.3764,0.489584,0.274678,0.175,0.496875
good_posture_20241013_222757_png.rf.dde627f4ad54320fb1a7f1f6755e0fb3.jpg,train,Good,1,-0.21343316239316232,0.4198550427350428,-0.18217709401709398,-0.1731801709401709,0.020960000000000003,-0.3391329914529915,-0.47264957264957264,0.021367521367521368,-88.11331452364605,-52.58253561948859,-79.07542300873249,133.01994275395634,0.4338922157333547,0.1527933775037387,0.5652538064666173,0.19458327573046968,0.31455620187178,0.09283999999999998,-0.12135300000000002,-0.132755,0.14226299999999997,35.530778904157465,0.10712499999999997,0.38722,0.697644,0.401505,0.263987,0.494345,0.142634,0.26875,0.40625
bad_posture_20241021_143008_png.rf.e4219080ea89fe4c65fce8c779f2a3f4.jpg,train,Bad,0,-0.22545615708274905,0.34677695550351295,-0.16134844319775601,-0.17480805620608894,0.11643669004207571,-0.30319925058548003,-0.45044353436185136,-0.0714293208430912,-84.14102024202936,-28.968829777156017,-66.29077019233151,156.81403533962333,0.34982241798518293,0.17686358343650058,0.473631528047912,0.17518431994331,0.3058751904110564,0.154735,-0.08566099999999999,-0.16103499999999998,0.06897300000000006,55.17219046487334,0.19044500000000003,0.323242,0.849334,0.358952,0.501339,0.513687,0.415678,0.197917,0.570312
good_posture_20241021_142153_png.rf.e06a2ffac509cb1cc9c1a852ace0cdb6.jpg,train,Good,1,-0.20679215686274519,0.40647864406779644,-0.21222017825311956,-0.12587525423728826,-0.11445190730837802,-0.32187661016949165,-0.4037433155080215,0.02118644067796595,-90.34717568089938,-73.48832428125529,-85.69134670668788,127.73805669063518,0.39261820762924377,0.15076841214591336,0.5386844308915935,0.13714674347209269,0.29697486393464345,0.04285,-0.14455099999999999,-0.08394099999999999,0.108458,16.858851399644095,0.04047099999999998,0.43007,0.852903,0.427691,0.460292,0.470541,0.315741,0.34375,0.56875
bad_posture_20241021_142555_png.rf.e313463ebdee7eea418ec43162fcd683.jpg,train,Bad,0,-0.30974374331550797,0.32744579710144933,-0.07346737967914427,-0.175157417654809,0.23205561497326202,-0.2985500922266139,-0.3912650267379678,-0.09683794466403153,-65.14208606359642,-22.28445255426024,-49.537267941696214,165.96005437742232,0.3284587009960309,0.19295099850480166,0.48788410038860663,0.1914316714914228,0.2560575968214964,0.17853999999999992,-0.07316799999999996,-0.18571300000000002,0.046441000000000066,42.85763350933618,0.31661399999999995,0.370556,0.817212,0.50863,0.519184,0.68717,0.446016,0.322917,0.565625
good_posture_20241013_225737_png.rf.e1c15d7f07506d6650761e065d27409d.jpg,valid,Good,1,-0.25361523809523817,0.3576094514767932,-0.2672209523809524,-0.1459908860759494,-0.1266552380952381,-0.3483969620253165,-0.44642857142857145,0.05696202531645568,-91.09714951510247,-63.78965852078398,-82.73549730963386,122.04346814327154,0.3730473922841439,0.1670871205628968,0.5271171830930955,0.17732878051799716,0.24459660344739045,0.073797,-0.149907,-0.09408400000000003,0.150312,27.307490994318492,0.06665400000000005,0.282477,0.660167,0.275334,0.287188,0.349131,0.137281,0.18125,0.4375
image_20241008_201334_jpg.rf.e742353a85cfddcbe8cb5bd96c8db275.jpg,valid,Good,1,-0.15236483516483518,0.40156000000000003,-0.13981098901098904,-0.156125,-0.07284131868131864,-0.3122775,-0.3434065934065934,-0.013671250000000038,-89.08313621051111,-73.04341778306373,-85.47160123726916,135.45684434766957,0.44620512940126544,0.1305996860830837,0.572858278582932,0.162468604333268,0.34950362408707586,0.03808900000000004,-0.124922,-0.11579499999999998,0.11396299999999998,16.039718427447383,0.04522900000000002,0.358655,0.786873,0.365795,0.340725,0.403884,0.215803,0.25,0.454688
good_posture_20241012_174139_png.rf.e820667afa93896a51f53c1dfc11f41d.jpg,train,Good,1,-0.22868239095315024,0.4144366846071043,-0.24344684975767372,-0.1265128094725512,-0.15483941841680135,-0.362561894510226,-0.4170698546042004,-0.032830312163616815,-91.04186274769994,-75.95746141671967,-86.37667713134525,140.99954532660422,0.3926759184378385,0.17659746572360543,0.5650605072565238,0.10804088771386507,0.3371596098778737,0.04285,-0.17132,-0.08396299999999998,0.06799300000000003,15.08440133098027,0.035709999999999964,0.30152,0.751181,0.29438,0.35857,0.33723,0.18725,0.210417,0.426563
bad_posture_20241013_222600_png.rf.e3bbbd81cbad152f54f470ee95ffdd17.jpg,train,Bad,0,-0.10913681940700808,0.4026484615384615,-0.19537811320754717,-0.13272846153846155,0.07976495956873304,-0.3084423076923077,-0.421832884097035,0.03846076923076924,-98.17518377612713,-35.60602327376827,-76.67154286290955,139.71386437302652,0.35156766073403284,0.19617372608226616,0.47500345861582943,0.1720880038178141,0.2981520887734983,0.15949699999999994,-0.11421400000000001,-0.131273,0.11127300000000001,62.569160502358855,0.10950399999999993,0.406266,0.672659,0.356273,0.324664,0.51577,0.21045,0.225,0.435937
good_posture_20241021_180549_png.rf.df4763572605f1adce89580b52af8c75.jpg,train,Good,1,-0.14992898595943835,0.3782844970414201,-0.10714583463338526,-0.10605664694280081,0.02596018720748843,-0.3133080867850099,-0.32527301092043676,0.036489151873767146,-86.80395166039322,-67.90311478522418,-80.86663227884716,134.0486696040833,0.3842867150266842,0.17719730464372194,0.5549063627000506,0.1571103773943656,0.2846482869033292,0.06665700000000002,-0.164182,-0.109234,0.11292299999999994,18.90083687516905,0.08808200000000005,0.425309,0.845766,0.446734,0.462077,0.513391,0.297895,0.3375,0.575
bad_posture_20241021_143245_png.rf.e182e517d8fbba0a6f1da3597693b1b9.jpg,train,Bad,0,-0.2824845116918845,0.3456348815165876,-0.10225628610729026,-0.1875427488151659,0.15341623108665747,-0.3201607582938389,-0.41196698762035766,-0.06871962085308059,-73.76615836704089,-31.055519667044177,-60.579286646167745,155.99168166211226,0.36616339876071724,0.1695102764465919,0.5040077064539787,0.1925655385498662,0.2829396790642839,0.145214,-0.087445,-0.175906,0.078349,42.71063869999671,0.24757800000000002,0.311042,0.852903,0.413406,0.501339,0.55862,0.413894,0.2375,0.579688
image_20241008_205601_jpg.rf.dfbb727b39a24d63a7339b8458c76403.jpg,test,Good,1,-0.1571394242803505,0.3768381301558204,-0.17239369211514402,-0.11728645279560038,-0.12662768460575724,-0.3120071860678277,-0.3631617521902379,0.037121906507791055,-91.29516645235279,-80.23346626112715,-88.1420344513578,132.1390766611298,0.42127162660212475,0.1684097372036427,0.5874418352526487,0.17748581194563132,0.3168293383416378,0.028568000000000038,-0.16596899999999998,-0.11908099999999999,0.13160900000000003,11.06170019122564,0.019046000000000007,0.30152,0.783305,0.291998,0.362141,0.320566,0.196172,0.172917,0.49375
image_20241007_215802_jpg.rf.e5a92a843b04789f63bab3bca2dfcbfb.jpg,valid,Good,1,-0.1899785696969697,0.4444296774193548,-0.23799330909090907,-0.1749974193548387,-0.2342976,-0.38454451612903223,-0.4167681939393939,-0.02419354838709676,-93.68849122035391,-89.1596699435965,-92.54582301171057,134.59342967881307,0.48105247109333094,0.16241646814593647,0.6430897186629561,0.16412290883663988,0.39149513077176323,0.0023819999999999952,-0.162399,-0.115226,0.116873,4.528821276757412,-0.028565000000000007,0.242006,0.835058,0.211059,0.355002,0.213441,0.192603,0.095833,0.471875
image_20241009_225822_jpg.rf.de5e20aaab1341db95b6df0ffb16cd6d.jpg,train,Bad,0,-0.04351911111111109,0.3844437333333333,-0.2043048888888889,-0.12302933333333334,-0.06041333333333338,-0.3286129777777778,-0.42500000000000004,0.0,-104.22315031978448,-60.75405841575712,-91.08586228747977,145.13011291438593,0.3681007020544786,0.16566868539950452,0.501458052515861,0.15130797370264398,0.34512960063286374,0.08093899999999998,-0.144551,-0.124141,0.086505,43.46909190402736,-0.00950300000000004,0.389583,0.692187,0.299141,0.33537,0.38008,0.190819,0.175,0.421875
bad_posture_20241021_180437_png.rf.dc6b37401fc09622a7a83ca31f0d00e7.jpg,train,Bad,0,-0.23991250296559904,0.4158037308146399,-0.04110861209964417,-0.15863820543093268,0.211915349940688,-0.30157204250295166,-0.34025357058125744,-0.07024868949232582,-70.99386459051662,-29.578499361833067,-57.918052099321,163.46511620664577,0.4020365417745009,0.19161065816911127,0.5602584577157225,0.2055136816516117,0.32834882664020587,0.16664,-0.09458200000000005,-0.197015,0.05848900000000001,41.415365228683555,0.297571,0.418167,0.891942,0.549098,0.511823,0.715738,0.417241,0.352083,0.570312
good_posture_20241021_142205_png.rf.e6b1271d5b97553fd11b79e8f6a7fd46.jpg,train,Good,1,-0.1485698630136986,0.4169924300111981,-0.12074301369863018,-0.09204765957446817,0.018394155251141558,-0.3350555879059351,-0.37214611872146114,0.006159731243001029,-88.46413411307314,-74.31360060038784,-83.78537708354865,141.46492181533824,0.3552626306114956,0.17609447071671497,0.5277725247964314,0.10997704284986022,0.29665474785514556,0.047611000000000014,-0.16953599999999996,-0.08602699999999996,0.06851499999999999,14.1505335126853,0.05713299999999999,0.401505,0.835058,0.411027,0.479923,0.458638,0.310387,0.325,0.548438
bad_posture_20241021_143853_png.rf.e3d52257219aede77d89bfbcd6f43220.jpg,train,Bad,0,-0.1989872363150868,0.4111977805800759,-0.1257589319092123,-0.14186875157629236,0.05324112149532712,-0.2743753846153845,-0.38518024032042725,-0.035940277427490404,-82.87173193461926,-38.087463244108854,-70.83790919581702,156.62053714845422,0.34531096516618176,0.13307964725306426,0.4496472666490925,0.16538022578289097,0.29767163546431497,0.10474300000000003,-0.08209200000000005,-0.151802,0.06562599999999996,44.78426869051041,0.14759300000000003,0.358952,0.844203,0.401802,0.501561,0.506545,0.419469,0.25,0.567187
image_20241008_210224_jpg.rf.de71181b87b246d9e5938dd0950cf09e.jpg,test,Bad,0,-0.042035006570302146,0.3572050632911392,-0.13412940867279885,-0.14639932489451485,0.12613613666228654,-0.3054298734177216,-0.39399968462549273,0.008438818565400814,-98.35125608187793,-37.27767732040793,-78.4847613867463,143.41567511167295,0.3769793937776971,0.19446292505256624,0.5008451896394733,0.19240938992159404,0.33242850290099973,0.15473599999999998,-0.117782,-0.15450100000000003,0.11467700000000003,61.07357876147,0.09998299999999999,0.330087,0.783305,0.275334,0.410323,0.43007,0.292541,0.120833,0.525
bad_posture_20241012_173243_png.rf.e7f0383f72da060d1eef964fc5aa463e.jpg,test,Bad,0,-0.20329490753911786,0.3698248275862069,-0.1642849502133711,-0.19385931034482767,0.04376876244665735,-0.3267820689655173,-0.38809923186344225,-0.008620689655172537,-86.99895691134375,-40.143173660874375,-74.96116705276603,132.4678773007802,0.40923222852800833,0.1494788662319861,0.5229509732890838,0.1820604754827362,0.29254467544804175,0.11426700000000001,-0.09636899999999998,-0.122923,0.13429799999999997,46.85578325046938,0.13569199999999998,0.434831,0.786873,0.456256,0.378202,0.570523,0.281833,0.333333,0.5125
image_20241008_205202_jpg.rf.e1740bbe1c03691d901528cd9ef4dce9.jpg,valid,Good,1,-0.0312938152610441,0.4379898181818182,-0.16590286479250335,-0.12039014141414142,-0.16998447121820615,-0.3488184242424242,-0.3286479250334671,0.03535353535353535,-100.30931786202166,-90.7724368374434,-97.5760856232488,128.25456700627703,0.43895857052004356,0.1766910567883955,0.6139059968187313,0.15339739337094355,0.3565006711802939,-0.0023819999999999952,-0.176675,-0.09497699999999998,0.12045800000000001,9.536881024578264,-0.08093900000000004,0.361034,0.808289,0.282477,0.376417,0.280095,0.199742,0.1875,0.496875
bad_posture_20241013_222740_png.rf.e8c8ca5209b2a23b87dcf419aaac4a21.jpg,train,Bad,0,-0.043683316062176125,0.44217964071856286,-0.159460310880829,-0.14872354491017964,0.07736179620034539,-0.34295549700598804,-0.4838795164075993,0.07724474251496999,-97.73694763220283,-49.78677857078859,-83.89801334710279,134.87144612411376,0.3890133473609871,0.1659221988192056,0.5150964028218408,0.2080016400944954,0.31035909261531236,0.10712499999999997,-0.126706,-0.14674900000000002,0.14740899999999996,47.950169061414236,0.05475399999999997,0.415787,0.670875,0.363416,0.285403,0.470541,0.158697,0.216667,0.432812
bad_posture_20241021_142555_png.rf.e556ca0952c2259fb392b373fdc479ba.jpg,train,Bad,0,-0.30974374331550797,0.32744579710144933,-0.07346737967914427,-0.175157417654809,0.23205561497326202,-0.2985500922266139,-0.3912650267379678,-0.09683794466403153,-65.14208606359642,-22.28445255426024,-49.537267941696214,165.96005437742232,0.3284587009960309,0.19295099850480166,0.48788410038860663,0.1914316714914228,0.2560575968214964,0.17853999999999992,-0.07316799999999996,-0.18571300000000002,0.046441000000000066,42.85763350933618,0.31661399999999995,0.370556,0.817212,0.50863,0.519184,0.68717,0.446016,0.322917,0.565625
bad_posture_20241013_221218_png.rf.e5217e924397ca5e2727880291313b91.jpg,train,Bad,0,-0.10248097693351421,0.37202742857142856,-0.17276461329715057,-0.13965074285714285,-0.0115228222523745,-0.3067309714285714,-0.46019842605156036,-0.042856411428571405,-96.59952690510943,-50.89396201266539,-83.56017181582875,158.20802210429414,0.35211320256985534,0.14718808316232668,0.4669413093837383,0.17823614455266923,0.35051130029287214,0.09283999999999998,-0.11421500000000001,-0.165499,0.066168,45.70556489244404,0.052371999999999974,0.403884,0.647675,0.363416,0.297895,0.456256,0.18368,0.197917,0.364063
image_20241008_200801_jpg.rf.de40fa9292fbeb3b79a1e2390e71ce3a.jpg,train,Good,1,-0.10476849230769235,0.4401022358974359,-0.10476849230769235,-0.17372537435897434,-0.006326646153846127,-0.3260099282051282,-0.2753846153846154,-0.04256410256410255,-90.0,-66.68609810061915,-85.10379257494301,130.9320852039108,0.467564,0.12631126673420706,0.5856992470065161,0.13224322797406302,0.3777268817770321,0.049990000000000034,-0.11599799999999999,-0.086641,0.099908,23.313901899380852,0.049990000000000034,0.299141,0.820781,0.299141,0.353217,0.349131,0.237219,0.2125,0.453125
bad_posture_20241021_144118_png.rf.ece80e777476ee0de4a99a37680eabf6.jpg,train,Good,1,-0.1646726530612245,0.3038617179215271,-0.23204462585034016,-0.17092055143160123,-0.02475428571428579,-0.3550206574761399,-0.35260843537414965,0.013255567338282079,-95.05642436553342,-54.92782284100854,-82.45714131285956,112.20418768449964,0.3511475310492728,0.1657199658339332,0.48964794959848446,0.14655401069912755,0.23084639029883056,0.09522399999999998,-0.13562999999999997,-0.05538399999999999,0.13568599999999997,40.128601524524875,0.06427499999999997,0.363416,0.80472,0.332467,0.454939,0.427691,0.319309,0.277083,0.590625
bad_posture_20241012_173121_png.rf.ec6ba94e66b786a035b8fbe653a089b3.jpg,train,Bad,0,-0.2545627665706052,0.4038720741599072,-0.24138835734870318,-0.16786076477404413,0.008875619596541717,-0.33196922363847053,-0.4462049567723343,0.02143684820393968,-88.93840316038553,-39.19465827243369,-73.93882339418757,131.02649867448363,0.38553917593157766,0.17508310062653104,0.5162696347965857,0.1691767915081735,0.277993706513295,0.13568999999999998,-0.110645,-0.11104900000000001,0.12762800000000002,49.74374488795184,0.142833,0.270573,0.80472,0.277716,0.419247,0.413406,0.308602,0.166667,0.546875
bad_posture_20241021_143641_png.rf.ea6c252145d940577205cc91e4374c22.jpg,train,Bad,0,-0.12021206951026853,0.3513469856459332,0.03382875197472352,-0.15961033492822949,0.2119408530805687,-0.32355291866028696,-0.34834123222748814,-0.09330143540669837,-77.14141849560016,-50.55861406495643,-69.56230592812518,167.09355744493814,0.3423031677402358,0.138648816615938,0.4704048235679562,0.19389350914612896,0.31155452879070783,0.088082,-0.10707500000000003,-0.18899499999999997,0.04330800000000001,26.582804430643733,0.16425999999999996,0.375317,0.840411,0.451495,0.506692,0.539577,0.399617,0.2625,0.55
good_posture_20241021_142159_png.rf.f1fa4579559fd4ecb7a6ad8061547111.jpg,train,Good,1,-0.17268481054365736,0.4226675602094242,-0.20280803953871498,-0.0963784712041884,-0.08232988467874798,-0.30208318324607325,-0.40554570016474467,0.057067392670157154,-92.11254872786894,-69.58158405585513,-85.46930749210216,130.0228054668849,0.3875203804627571,0.1637643285761585,0.5424269968650158,0.14949949628343234,0.2942765473377041,0.05713299999999999,-0.15347500000000003,-0.096142,0.114485,22.53096467201381,0.042848,0.439594,0.849334,0.425309,0.462077,0.482442,0.308602,0.329167,0.576562
bad_posture_20241021_145052_png.rf.ea493141ec32fb18b7bc3c7616db058a.jpg,train,Bad,0,-0.15867715394566623,0.3721228571428573,-0.2178088486416559,-0.10206857142857137,-0.016767710219922356,-0.28307857142857135,-0.4189311254851229,-0.008928571428571239,-96.14035679100517,-46.22301030754245,-79.41597280128609,151.77353281067022,0.3338493439502316,0.17548519011301209,0.4665791003474116,0.1378516154602477,0.30959681564415353,0.12141000000000002,-0.12670699999999996,-0.12145899999999998,0.06519800000000009,49.91734648346272,0.0857,0.346752,0.863611,0.311042,0.531677,0.432452,0.40497,0.189583,0.596875
good_posture_20241021_142330_png.rf.ee893cf99d03ac67f71b40b3ec608328.jpg,train,Good,1,-0.14352296983758697,0.4349575630983463,-0.17180176334106734,-0.028260957354221097,2.4129930394507204e-05,-0.20440076588337688,-0.3654292343387471,0.08659704090513486,-91.3118341660802,-69.90132349473444,-85.1859972884732,122.30753877997306,0.41592001178712235,0.16836612847600912,0.5759557535097639,0.12198773632214018,0.32151107549196495,0.05785700000000005,-0.158113,-0.06519799999999998,0.103103,21.41051067134576,0.04833500000000002,0.38722,0.881458,0.377698,0.465647,0.435555,0.307534,0.3125,0.56875
image_20241007_210150_jpg.rf.eb00cdb45a29b5c2aae969e153b0fc51.jpg,train,Good,1,-0.21736010568031716,0.4129412884043607,-0.22138779392338181,-0.20284019821605553,-0.16100966974900932,-0.3771612289395442,-0.3925577807133422,-0.0817641228939544,-90.28115970515478,-75.43345458472075,-86.93713950089375,136.68599414685158,0.4854148444423594,0.14197770479902821,0.6237139661776061,0.13912904342731608,0.4034971063811982,0.03570799999999999,-0.137414,-0.10123100000000002,0.09544200000000003,14.847705120434028,0.03332600000000002,0.25153,0.836842,0.249148,0.351433,0.284856,0.214019,0.147917,0.446875
bad_posture_20241021_143139_png.rf.ea1a53ed56f0282bc1fe25bad848457e.jpg,valid,Bad,0,-0.2394590922401171,0.3571644019138757,-0.23499502196193264,-0.12100440191387554,-0.02085270863836014,-0.32593301435406696,-0.48438325036603225,-0.004784688995215209,-89.5630030342403,-49.512025628251415,-75.34779998152045,150.29900224939524,0.3123130838437609,0.17598496117850526,0.4611448368061818,0.15319881859857798,0.2701182898361383,0.114265,-0.13384400000000002,-0.133072,0.07590600000000003,40.05097740598888,0.116647,0.282773,0.833273,0.285155,0.520969,0.39942,0.387125,0.152083,0.596875
bad_posture_20241012_174037_png.rf.ed42a931d35ac793968ad39d77fa992c.jpg,test,Bad,0,-0.25103415525114164,0.3806392817059484,0.017962617960426048,-0.19107250280583615,0.14318636225266354,-0.3141306397306397,-0.39548517503805186,-0.07126823793490462,-70.86616272661603,-53.11726212477315,-67.29583791647762,158.54645838820355,0.4212359698150195,0.10709300268925134,0.5242490289366304,0.22801300894905094,0.3231897548438069,0.06427500000000003,-0.08565999999999996,-0.212215,0.083395,17.748900601842877,0.20234600000000003,0.282477,0.75832,0.420548,0.360355,0.484823,0.274695,0.208333,0.44375
image_20241008_202735_jpg.rf.edb3da9c33fff3ad166ea9b6bd3cb8e4.jpg,test,Bad,0,-0.06643318822023046,0.34024298997265273,-0.2810159282970551,-0.16783766636280764,-0.11324906530089629,-0.36565542388331806,-0.4342717541613316,0.00865998176845946,-106.73505411415665,-58.8768755847515,-92.70330823549048,121.7239716801212,0.4546990955808028,0.19804253026054783,0.6056509966589669,0.1778339613122308,0.3621179808432605,0.10236399999999998,-0.169536,-0.09351000000000001,0.151264,47.85817852940515,-0.028565000000000007,0.284856,0.815427,0.153927,0.379986,0.256291,0.21045,0.060417,0.53125
bad_posture_20241021_144100_png.rf.ebf008e461617492a59e7075a6cc2814.jpg,train,Bad,0,-0.2201539301972687,0.46184970625798205,-0.0444501365705615,-0.13037343550447003,0.18211763277693457,-0.30249501915708815,-0.36241845220030355,-0.05300127713920825,-75.97990818076313,-42.070605266700476,-66.10910079341168,163.87439326806324,0.3733971915748698,0.15713849531225627,0.5113799013893682,0.17040871021165557,0.32334873847287543,0.11664699999999995,-0.10529,-0.16370400000000002,0.04732999999999998,33.90930291406266,0.20710699999999999,0.325327,0.874319,0.415787,0.512045,0.532434,0.406755,0.252083,0.559375
good_posture_20241021_142336_png.rf.e9c0605e1ef61453fc5b498a093e9d24.jpg,train,Good,1,-0.2405636036036036,0.42425975850713504,-0.2771685285285285,-0.12486867178924256,-0.1399106306306306,-0.3254661690450055,-0.41391327327327326,0.057628979143798026,-92.78997703874796,-63.42451550323974,-84.39450674436172,118.71321580558833,0.39128880732906224,0.15963513162834805,0.5361578857733978,0.1480977895479875,0.2760868672356583,0.07141700000000001,-0.14276900000000003,-0.07114999999999999,0.12988699999999997,29.365461535508224,0.052371,0.394363,0.854688,0.375317,0.463863,0.446734,0.321094,0.304167,0.59375
bad_posture_20241021_180437_png.rf.f2c5e87510d565cc280af6904f62a1ae.jpg,train,Bad,0,-0.23991250296559904,0.4158037308146399,-0.04110861209964417,-0.15863820543093268,0.211915349940688,-0.30157204250295166,-0.34025357058125744,-0.07024868949232582,-70.99386459051662,-29.578499361833067,-57.918052099321,163.46511620664577,0.4020365417745009,0.19161065816911127,0.5602584577157225,0.2055136816516117,0.32834882664020587,0.16664,-0.09458200000000005,-0.197015,0.05848900000000001,41.415365228683555,0.297571,0.418167,0.891942,0.549098,0.511823,0.715738,0.417241,0.352083,0.570312
good_posture_20241013_222655_png.rf.eea38fe9371bd3278e00ee729b402653.jpg,train,Bad,0,-0.11355021148036253,0.3940216086434574,-0.21941317220543805,-0.14894117647058822,0.07977425981873111,-0.32170276110444174,-0.4496468882175226,0.04021608643457385,-98.8078431496921,-36.0018697948038,-77.88466276959555,134.04757917276063,0.35756662945666506,0.19126874965869356,0.4763906050973297,0.17126653927723298,0.2884964352032794,0.15473599999999998,-0.11243,-0.11907399999999999,0.12309999999999999,62.8059733548883,0.09998499999999999,0.396742,0.670875,0.341991,0.317525,0.496727,0.205095,0.222917,0.440625
bad_posture_20241021_144550_png.rf.f05717560cb461708608bc9e06788860.jpg,train,Bad,0,-0.1680023188405797,0.37251396419437327,-0.16358910144927533,-0.14743774936061388,0.2029472463768116,-0.2964137084398978,-0.4391304347826087,0.031968491048593235,-89.57090924465314,-24.732445240847632,-63.92734954172086,143.57569424041705,0.3176669082624125,0.21754070336605974,0.4549721114024463,0.18459638239142176,0.2542575834247624,0.19758599999999998,-0.09101500000000001,-0.14853400000000003,0.10960599999999998,64.83846400380551,0.199965,0.358655,0.831489,0.361034,0.513831,0.55862,0.422816,0.2125,0.623437
bad_posture_20241021_143020_png.rf.f307ba23ff4a17822ff5b64783c8b96f.jpg,train,Bad,0,-0.21540503888024884,0.3473067349551857,-0.1348466562986003,-0.1382131626120359,0.20635396578538093,-0.33417444302176696,-0.4180929393468118,-0.03649167733674769,-82.2213099770814,-34.89925883507623,-62.999756836798376,156.43303134344808,0.2989942709701977,0.2089837971925096,0.4666754820257863,0.15523459255269106,0.2553546085152958,0.17139999999999994,-0.11956699999999998,-0.142287,0.062066000000000066,47.32205114200517,0.21186799999999995,0.303902,0.815427,0.34437,0.519184,0.51577,0.399617,0.202083,0.58125
bad_posture_20241021_142713_png.rf.efe8c12388966a59518e2a570cceacdb.jpg,train,Bad,0,-0.20074452261306516,0.39607227008149,-0.18925829145728634,-0.11184186263096632,-0.005515577889447129,-0.2846910360884751,-0.42713567839195965,-0.018044237485448325,-88.79948876290733,-45.43121001284025,-75.11780185617972,156.94933402485248,0.3409328359266675,0.16282514003985998,0.472712711062438,0.16076569817283778,0.3115373224671484,0.114265,-0.11599800000000005,-0.14792999999999995,0.06294699999999998,43.36827875006708,0.12140799999999996,0.415787,0.840411,0.42293,0.499553,0.537195,0.383555,0.275,0.5625
image_20241008_202338_jpg.rf.ef4b87637bf07005a97394f1410d5ded.jpg,test,Good,1,-0.21033230769230768,0.44223234856535604,-0.21033230769230768,-0.13794227417640806,-0.1590584615384615,-0.3418540276301807,-0.33814153846153844,-0.01753521785334751,-90.0,-77.46560766629706,-86.6909366639643,133.18350782960454,0.426519,0.1535671326586519,0.5773886810979239,0.12139628536326799,0.3480607673625397,0.033328000000000024,-0.14990699999999998,-0.08307599999999998,0.08851799999999999,12.53439233370294,0.033328000000000024,0.253909,0.770813,0.253909,0.344294,0.287237,0.194387,0.170833,0.432812
bad_posture_20241021_144538_png.rf.edc0c0e5bfdc28b873284fa499e2446c.jpg,train,Bad,0,-0.23178586102719037,0.3701504551045511,-0.16273933534743215,-0.14121348093480932,0.20088894259818718,-0.29574710947109467,-0.4436045921450152,-0.025215252152521492,-83.72576217400238,-27.560630352288275,-62.11756321187494,153.105522605123,0.32675318776715856,0.21213693573963022,0.478498338217595,0.16287654198502616,0.273974368620497,0.188064,-0.09815299999999999,-0.14525999999999997,0.07367699999999999,56.16513182171411,0.22377399999999997,0.332467,0.851119,0.368177,0.526323,0.556241,0.42817,0.222917,0.6
bad_posture_20241013_221208_png.rf.f2ec5da19278a24514ce20a5ff9f9dfd.jpg,valid,Bad,0,-0.12626691588785044,0.29677634782608703,-0.18322492211838012,-0.15263026086956522,0.0018806230529595147,-0.36616069565217396,-0.4574240498442368,-0.030434782608695622,-95.05424869832251,-58.82889728625873,-82.31764716155412,147.43692358404675,0.3242718562333155,0.17937171624590095,0.48080147178643295,0.1631799876455443,0.2879217336447529,0.09284200000000004,-0.153475,-0.13752799999999998,0.08782800000000002,36.22535141206378,0.064274,0.351513,0.635183,0.322945,0.312172,0.415787,0.158697,0.185417,0.4
bad_posture_20241021_143853_png.rf.ef3747494971fc058e8d7513c463fe7f.jpg,train,Bad,0,-0.1989872363150868,0.4111977805800759,-0.1257589319092123,-0.14186875157629236,0.05324112149532712,-0.2743753846153845,-0.38518024032042725,-0.035940277427490404,-82.87173193461926,-38.087463244108854,-70.83790919581702,156.62053714845422,0.34531096516618176,0.13307964725306426,0.4496472666490925,0.16538022578289097,0.29767163546431497,0.10474300000000003,-0.08209200000000005,-0.151802,0.06562599999999996,44.78426869051041,0.14759300000000003,0.358952,0.844203,0.401802,0.501561,0.506545,0.419469,0.25,0.567187
bad_posture_20241021_145052_png.rf.f389bc74390fb91c7ae0927c87de0b5f.jpg,train,Bad,0,-0.15867715394566623,0.3721228571428573,-0.2178088486416559,-0.10206857142857137,-0.016767710219922356,-0.28307857142857135,-0.4189311254851229,-0.008928571428571239,-96.14035679100517,-46.22301030754245,-79.41597280128609,151.77353281067022,0.3338493439502316,0.17548519011301209,0.4665791003474116,0.1378516154602477,0.30959681564415353,0.12141000000000002,-0.12670699999999996,-0.12145899999999998,0.06519800000000009,49.91734648346272,0.0857,0.346752,0.863611,0.311042,0.531677,0.432452,0.40497,0.189583,0.596875
image_20241009_225721_jpg.rf.f33f6061f5485d84fd9e01babde47069.jpg,valid,Bad,0,-0.0635381621621622,0.37336784935579775,-0.3023654054054054,-0.1314824182358771,-0.11294789189189193,-0.3216505847373637,-0.45585643243243246,0.005450941526263599,-109.1340103611323,-53.85170538898116,-92.98460096209256,129.42295285988416,0.4212353528373419,0.18564372298841667,0.5486141596103767,0.13973450015296865,0.3681780587772715,0.10950699999999997,-0.14990599999999998,-0.08873700000000001,0.10794199999999998,55.28230497215114,-0.028565000000000007,0.353892,0.749397,0.21582,0.351433,0.325327,0.201527,0.127083,0.459375
good_posture_20241012_174331_png.rf.f2b9fe1d473a7dfe004f8525003bdbd5.jpg,train,Good,1,-0.36227294614572325,0.29932602316602325,-0.36227294614572325,-0.15488370656370656,-0.29792016895459345,-0.3731694208494209,-0.43312168954593444,0.023166023166023154,-90.0,-74.91801016919209,-85.000957639364,109.98792674684483,0.36762600000000006,0.18297776626136847,0.5463793425103113,0.15334583714597536,0.22958090333910622,0.04761099999999996,-0.176675,-0.05241700000000002,0.144109,15.081989830807913,0.04761099999999996,0.275334,0.729767,0.275334,0.362141,0.322945,0.185466,0.222917,0.50625
bad_posture_20241013_215714_png.rf.f349c9621eb7217e238cc5e6b23a2a74.jpg,valid,Bad,0,-0.0017934328358209437,0.35699218285714274,-0.335310912106136,-0.1259730285714286,-0.07254155887230519,-0.32437741714285717,-0.48894487562189054,0.04857215999999994,-115.44958766984816,-47.61299143317552,-94.09283748727898,121.24019319066382,0.3656315208348426,0.18362644391535768,0.46697090984449985,0.1395531099617633,0.31163836668805717,0.12378899999999998,-0.135628,-0.072376,0.11931799999999998,67.83659623667263,-0.033329,0.325327,0.665522,0.168209,0.33537,0.291998,0.199742,0.095833,0.454688
bad_posture_20241021_143504_png.rf.e937beb5ee8b56583aae19e685e5943b.jpg,train,Bad,0,-0.14646286725663715,0.38999702994011975,-0.11949677876106193,-0.16807837125748507,0.17712113274336289,-0.3267477844311378,-0.4634225840707964,-0.006586826347305525,-88.12735696621509,-38.32842413168563,-73.01307458001351,145.24160233179532,0.36425153487391104,0.1669014741996008,0.48889372497507066,0.1847830642266763,0.29411663527417153,0.13092900000000002,-0.10350700000000002,-0.15181099999999997,0.10534799999999994,49.79893283452946,0.14283200000000001,0.341991,0.849334,0.353894,0.485277,0.484823,0.38177,0.202083,0.590625
image_20241008_210538_jpg.rf.f3cb2123ff63eacbdb6ed49eb42b6fe0.jpg,test,Bad,0,-0.06049585585585575,0.3886350155763241,-0.18859963963963958,-0.16642375908618895,-0.014742582582582485,-0.34195389408099686,-0.4369369369369369,0.010903426791277378,-99.06871037950334,-55.58897916655113,-87.5200191073132,134.08421469702225,0.42288099950340646,0.1600705815601355,0.5501692879032781,0.18572693474560983,0.34514406781082013,0.09046000000000001,-0.13205899999999998,-0.129213,0.13341100000000006,43.47973121295222,0.023805999999999994,0.289617,0.802934,0.222963,0.385339,0.313423,0.25328,0.09375,0.51875
image_20241007_193153_jpg.rf.f3fef5e7170671e81482e38e394a237b.jpg,valid,Good,1,-0.18634927953890493,0.4021817154389506,-0.18634927953890493,-0.1487207265388496,-0.041454755043227716,-0.3423430070635722,-0.3856862247838617,-0.005550595358224006,-90.0,-62.342685967431045,-82.23907005359241,134.27586877254717,0.426519,0.16924385494309685,0.5817537745687602,0.1548143020169648,0.333662896289054,0.07855999999999999,-0.149906,-0.10807800000000001,0.11084499999999997,27.657314032568955,0.07855999999999999,0.237245,0.779736,0.237245,0.353217,0.315805,0.203311,0.129167,0.464062
good_posture_20241021_142053_png.rf.f92853fe64ced1e2dc89a574b320af0e.jpg,train,Good,1,0.028865523809523775,0.4233530735930734,0.034665752380952396,-0.0710801731601733,0.19718186666666673,-0.27627082251082263,-0.1330166857142857,0.041124848484848354,-89.6181076352388,-65.77157916708718,-82.21626020335131,130.33483231540427,0.356926928378905,0.16242931549754186,0.5097375608850107,0.10625824288025848,0.28379739225369915,0.06665700000000002,-0.14812199999999998,-0.068776,0.08099800000000001,23.846528468151618,0.06903600000000004,0.33723,0.811858,0.339609,0.454939,0.406266,0.306817,0.270833,0.535937
image_20241009_142917_jpg.rf.fb0a0b469f692507e6e27313cc8813dd.jpg,train,Bad,0,-0.015655702005730653,0.38072825028968715,-0.21992022922636106,-0.1320504287369641,-0.06712527220630374,-0.32792305909617614,-0.4274122636103152,0.03534183082271144,-107.85825068995514,-57.751019609015195,-93.36191239127541,135.073265302642,0.36322591065203486,0.15614895696737777,0.4786096721598927,0.15981121295140713,0.3234856863170301,0.083321,-0.13206099999999998,-0.113148,0.11285899999999999,50.10723108093995,-0.02806700000000001,0.289119,0.707866,0.177731,0.362141,0.261052,0.23008,0.064583,0.475
good_posture_20241013_225721_png.rf.fc829bf0c43f345124e0cf4c649013ab.jpg,valid,Good,1,-0.25869478424015013,0.3590676543209876,-0.2758415009380863,-0.13914995884773665,-0.07003287054409002,-0.36945646090534984,-0.3774225891181989,-0.04938271604938276,-91.0811698357883,-63.893986242871705,-81.91779491744042,121.8204368948387,0.37840136780408173,0.1947579326266327,0.558773085723534,0.08022434349996266,0.3140824455616709,0.0857,-0.17488900000000002,-0.04229900000000003,0.06816699999999998,27.187183592916597,0.07856000000000002,0.284856,0.660167,0.277716,0.281833,0.363416,0.106944,0.235417,0.35
bad_posture_20241012_174240_png.rf.f80f91fed4f49cab3b62493a0a0be712.jpg,valid,Bad,0,-0.322384,0.3302373983739837,-0.3128600000000001,-0.17583349593495937,-0.14463600000000007,-0.349939512195122,-0.4097226666666667,-0.014226991869918737,-88.94813985702177,-46.690978505142105,-75.69701312787883,120.31716178505835,0.38910756894848497,0.18393634920808882,0.5396124458507234,0.1439163709728674,0.2727884184949941,0.126168,-0.133844,-0.07264699999999996,0.12423499999999998,42.25716135187967,0.13331099999999996,0.330087,0.73512,0.33723,0.346078,0.463398,0.212234,0.264583,0.470313
good_posture_20241021_141707_png.rf.f9f21b893af868635c0e9345f8a9ce06.jpg,train,Bad,0,-0.015215737704918018,0.3791169795037756,-0.27093362477231336,-0.11964806903991367,0.1120358469945355,-0.31185380798274,-0.407711766848816,0.07605108953613811,-106.89034154274538,-40.27931595858233,-83.7754855381717,112.485825560406,0.37749935002063245,0.2153068790470941,0.5033816033954757,0.1533906505169073,0.27661129140365903,0.16425800000000002,-0.13919900000000002,-0.05866499999999997,0.141729,66.61102558416304,0.05457899999999999,0.401677,0.842923,0.291998,0.481708,0.456256,0.342509,0.233333,0.623437
bad_posture_20241021_143817_png.rf.fce9931214aba09f752c25071ec4fed4.jpg,train,Bad,0,-0.14586976744186037,0.38143402831402823,0.031287441860465164,-0.17420293436293433,0.2261618604651164,-0.3064976061776062,-0.34689860465116273,-0.09845559845559852,-74.23479056403568,-37.477040822031846,-64.41244104966931,167.2541391249134,0.35047267911350805,0.13198761030490708,0.46300455754236375,0.20841059950491958,0.3107021108280406,0.10474500000000003,-0.08030700000000002,-0.20327499999999998,0.04598099999999994,36.75774974200383,0.199967,0.38722,0.835058,0.482442,0.497769,0.587187,0.417462,0.279167,0.54375
good_posture_20241012_174341_png.rf.fcb36e161afe196f2d337ac81f7a0eb8.jpg,train,Good,1,-0.16246777777777782,0.3475544223107569,-0.27356333333333327,-0.1234078087649403,-0.16776111111111114,-0.3509265338645418,-0.42245444444444447,-0.0019913944223107667,-97.70710895437881,-75.0620886138909,-90.24910551364502,125.12738205066935,0.3727784690268471,0.1847018649635135,0.5478761781324317,0.11644324667837122,0.29809315097968947,0.04761099999999996,-0.17845999999999998,-0.06700100000000003,0.09523600000000004,22.645020340487918,-0.0023819999999999952,0.325327,0.747613,0.275334,0.378202,0.322945,0.199742,0.208333,0.473438
image_20241007_225038_jpg.rf.f4383e7779f57cf16eb99203ee85bc6c.jpg,train,Bad,0,-0.016843328631875893,0.3800042714126808,-0.11993839210155152,-0.1709737931034483,0.14652547249647385,-0.3208904115684093,-0.3805835825105783,-0.03503893214682979,-98.39440037166658,-35.503549483353474,-79.58392947239622,146.52357474047332,0.39116672353486315,0.18130415071089795,0.5005171220268094,0.17308569223942227,0.3543548835461422,0.147596,-0.10529299999999997,-0.144373,0.09547300000000003,62.8908508883131,0.09049099999999999,0.384811,0.788378,0.327706,0.401402,0.475302,0.296109,0.183333,0.496875
image_20241007_230212_jpg.rf.f5fa1be50ad414568d876054634dbf1e.jpg,test,Bad,0,-0.1231330612244898,0.43299679500520305,-0.1930922448979592,-0.15174210197710714,0.0012391836734694035,-0.3466537356919875,-0.3622448979591837,0.061914006243496446,-95.57473925886083,-50.87549488645211,-82.58510929776912,122.85786960656804,0.4410972462178834,0.18863162428394664,0.5902831507785057,0.1909587665361295,0.3147513849691531,0.11902800000000002,-0.146336,-0.103606,0.16040900000000002,44.69924437240872,0.07617800000000002,0.327706,0.808289,0.284856,0.369278,0.403884,0.222942,0.18125,0.529687
bad_posture_20241013_222753_png.rf.f4479323bacdba1c4bebfd64ffb274f1.jpg,train,Bad,0,-0.11901684887459804,0.328479305856833,-0.07002495176848879,-0.21905665943600866,0.17001826366559475,-0.350364945770065,-0.4142544051446945,-0.07049891540130152,-86.54564431537871,-39.03704273157087,-73.97399206526136,147.3922666768977,0.39511487805194073,0.15017400975202067,0.5087518900299044,0.1985731682277341,0.3212089933516806,0.11664599999999997,-0.094583,-0.16727399999999998,0.10700799999999999,47.50860158380784,0.14045299999999994,0.403884,0.678014,0.427691,0.283617,0.544337,0.189034,0.260417,0.390625
good_posture_20241021_141454_png.rf.fbc52ca1393f47f07c04a4c8b628f2cf.jpg,train,Good,1,-0.15236384754990928,0.40796251046025106,-0.16342388384755,-0.1129305439330544,-0.08047245009074414,-0.3303685355648535,-0.3681193466424683,-0.010460920502091995,-90.70113661201354,-77.5992380295946,-86.78791653882985,139.02415712460262,0.389071130880974,0.16627837040637602,0.5523086938388712,0.11671075464154966,0.3260190967964913,0.03570800000000002,-0.16239899999999996,-0.088115,0.07653200000000004,13.10189858241894,0.030947000000000002,0.382459,0.842197,0.377698,0.453155,0.413406,0.290756,0.289583,0.529687
good_posture_20241013_222724_png.rf.fb6d8a669da29eded4d85eeeb3430dd0.jpg,train,Good,1,-0.20674636015325673,0.4179058823529412,-0.20091279693486588,-0.15556369747899157,-0.03162911877394639,-0.3499206722689076,-0.38122605363984685,-0.03991596638655467,-89.6804232272919,-64.4716700709822,-82.87190893097853,130.527704430991,0.4265246346519741,0.16019219426988324,0.575519060732136,0.11316132433389067,0.3478601573190009,0.06903599999999999,-0.14455300000000004,-0.07353400000000004,0.08601299999999995,25.208753156309697,0.071415,0.358655,0.690505,0.361034,0.263987,0.43007,0.119434,0.2875,0.35
bad_posture_20241013_221410_png.rf.f7d3de0ebaa9d1fab842b5a3fa34b488.jpg,train,Bad,0,-0.12313011494252876,0.4465370660694289,-0.15815172413793102,-0.10342862262038074,0.07388137931034476,-0.3080666517357223,-0.4291181609195403,0.0867868309070549,-92.84134975614826,-48.53188582859901,-78.49825231465431,137.99113829258897,0.3841592766262452,0.19052763713697807,0.5372425706708283,0.19829045178474936,0.3011222367826727,0.12616799999999995,-0.142767,-0.14733800000000002,0.13270500000000002,44.30946392754925,0.10712499999999997,0.420548,0.71192,0.401505,0.328233,0.527673,0.185466,0.254167,0.460938
good_posture_20241013_222741_png.rf.ff1ac68a3734ace377a3933d70f66edf.jpg,train,Good,1,-0.139998783269962,0.47439112024665986,-0.16317019011406841,-0.16182939362795473,-0.01255604562737647,-0.3707706474820144,-0.3783269961977186,-0.033401849948612464,-91.12793523285036,-68.70984880033402,-85.33972463225723,132.16618099582553,0.48372072894698237,0.17046136522097904,0.6445860289100284,0.13171191928219708,0.39823284124742897,0.061892999999999976,-0.15882800000000002,-0.088416,0.09762500000000002,22.418086432516347,0.052371,0.372938,0.754752,0.363416,0.271125,0.425309,0.112297,0.275,0.36875
bad_posture_20241013_222753_png.rf.f6f12156a10a5dfda824997b58722b2d.jpg,train,Bad,0,-0.11901684887459804,0.328479305856833,-0.07002495176848879,-0.21905665943600866,0.17001826366559475,-0.350364945770065,-0.4142544051446945,-0.07049891540130152,-86.54564431537871,-39.03704273157087,-73.97399206526136,147.3922666768977,0.39511487805194073,0.15017400975202067,0.5087518900299044,0.1985731682277341,0.3212089933516806,0.11664599999999997,-0.094583,-0.16727399999999998,0.10700799999999999,47.50860158380784,0.14045299999999994,0.403884,0.678014,0.427691,0.283617,0.544337,0.189034,0.260417,0.390625
bad_posture_20241012_173243_png.rf.f8c08381facf73050fe1ed988bce0d77.jpg,test,Bad,0,-0.20329490753911786,0.3698248275862069,-0.1642849502133711,-0.19385931034482767,0.04376876244665735,-0.3267820689655173,-0.38809923186344225,-0.008620689655172537,-86.99895691134375,-40.143173660874375,-74.96116705276603,132.4678773007802,0.40923222852800833,0.1494788662319861,0.5229509732890838,0.1820604754827362,0.29254467544804175,0.11426700000000001,-0.09636899999999998,-0.122923,0.13429799999999997,46.85578325046938,0.13569199999999998,0.434831,0.786873,0.456256,0.378202,0.570523,0.281833,0.333333,0.5125
good_posture_20241012_174331_png.rf.fc8417ffb2dfb41dcbbdce5e0fc421d5.jpg,train,Good,1,-0.36227294614572325,0.29932602316602325,-0.36227294614572325,-0.15488370656370656,-0.29792016895459345,-0.3731694208494209,-0.43312168954593444,0.023166023166023154,-90.0,-74.91801016919209,-85.000957639364,109.98792674684483,0.36762600000000006,0.18297776626136847,0.5463793425103113,0.15334583714597536,0.22958090333910622,0.04761099999999996,-0.176675,-0.05241700000000002,0.144109,15.081989830807913,0.04761099999999996,0.275334,0.729767,0.275334,0.362141,0.322945,0.185466,0.222917,0.50625
bad_posture_20241013_225803_png.rf.fe9f632c24aa7899ce995c70c476f485.jpg,train,Bad,0,-0.13776191044776126,0.3894403747072599,-0.10137552238805975,-0.16424355971896956,0.14421253731343278,-0.3327569086651054,-0.38457647761194036,-0.010538641686182735,-87.04857183401018,-41.17298524073349,-72.96929282046727,145.32478911210126,0.3699016586026616,0.17077941152258372,0.5039398064223544,0.1802526203526595,0.29648839131574783,0.12855,-0.11243,-0.148238,0.10254999999999997,45.87558659327669,0.147596,0.339609,0.663736,0.358655,0.294325,0.487205,0.181895,0.210417,0.396875
good_posture_20241021_141548_png.rf.fe437b70d46340ecf1f31223f4a0c8b5.jpg,train,Good,1,-0.2361713248638839,0.3974700854700856,-0.2527578947368421,-0.07842324786324784,-0.1864,-0.3005059829059829,-0.4153062794918331,0.012820512820512851,-91.17539655755799,-80.02400482233854,-87.59628951847657,136.36199253663543,0.34807023947617244,0.16489108414041068,0.5108444838206635,0.0966845699581893,0.29165370933523205,0.028565000000000007,-0.162398,-0.069972,0.066722,11.151391735219448,0.021425000000000027,0.322945,0.818775,0.315805,0.470778,0.34437,0.30838,0.245833,0.5375
bad_posture_20241012_172310_png.rf.ffebb843d5de7bda8fcbbd234c98db30.jpg,test,Bad,0,-0.25378559999999994,0.37427535512965043,-0.11285439999999998,-0.14593280721533258,0.028072000000000052,-0.3390800450958286,-0.3466672,-0.07159034949267196,-76.26932433526522,-56.652398057975546,-70.3859155720997,160.580661171239,0.37109302993723825,0.16022607236651593,0.5247835866431038,0.15494791053124918,0.31437715795203697,0.08807900000000002,-0.133845,-0.146133,0.05151699999999998,19.61692627728968,0.176161,0.403884,0.788658,0.491966,0.42817,0.580045,0.294325,0.345833,0.479687
good_posture_20241012_172239_png.rf.fe1d25262987db371a4c9db72053e1f6.jpg,test,Bad,0,-0.09380885154061624,0.40657945172824783,-0.1279529411764706,-0.17333988081048868,0.012882913165266114,-0.3121931823599523,-0.4150332773109244,0.012514898688915341,-92.86842692326147,-49.200424741010735,-82.8004715149027,142.738440867935,0.3805958542561913,0.12022987064785523,0.47487705765282023,0.2012075009859225,0.31436266905916166,0.07856000000000002,-0.09101399999999998,-0.160137,0.12182199999999999,43.66800218225073,0.05951400000000001,0.406266,0.795797,0.38722,0.415678,0.46578,0.324664,0.227083,0.5375
good_posture_20241013_222738_png.rf.008882c9aa85b771e709a46d49a626f6.jpg,train,Good,1,-0.1618583703703704,0.39684326180257506,-0.20135822222222227,-0.15461974248927043,0.0017825185185184592,-0.3482444635193133,-0.42222222222222217,0.025751759656652287,-92.37645950720903,-58.70564015889566,-82.74801283998347,125.35460868423203,0.4018796362743452,0.16498695793607443,0.5468918216475722,0.16102891112467968,0.29167383441440203,0.0857,-0.140983,-0.09317699999999995,0.13133299999999998,33.67081934831337,0.06903599999999999,0.384841,0.678014,0.368177,0.27648,0.453877,0.135497,0.275,0.407813
bad_posture_20241013_225746_png.rf.00bca5ddd713327a77a4fe56abaebbc8.jpg,train,Bad,0,-0.10947796982167353,0.38763447983014854,-0.25159308641975303,-0.17010038216560505,0.06189629629629627,-0.30104492569002117,-0.43507028806584364,0.09660297239915075,-101.15514610366449,-28.35769548604998,-79.09957613063186,118.03041077713111,0.41836215350459216,0.20288874895617054,0.5161375070986413,0.22236023642953792,0.2833013236573384,0.17854199999999998,-0.09636700000000001,-0.10449600000000003,0.19627699999999998,72.79745061761452,0.097603,0.389602,0.667306,0.308663,0.256848,0.487205,0.160481,0.204167,0.453125
good_posture_20241013_225734_png.rf.01f5a532b2236e18e40d1c0277df1503.jpg,test,Good,1,-0.2491051162790697,0.40921411764705884,-0.26682046511627894,-0.1354621848739496,-0.1870995348837208,-0.36580840336134457,-0.4302325581395348,-0.03151193277310922,-91.34649699339887,-75.95746141671967,-86.69091948017808,138.64520919593951,0.40521489248669035,0.17659746572360543,0.5773856860998547,0.11701329635985822,0.34194220978990003,0.04285,-0.17132,-0.08783400000000002,0.07731300000000002,15.389035576679206,0.033328000000000024,0.284856,0.676228,0.275334,0.271125,0.318184,0.099805,0.1875,0.348438
image_20241009_152252_jpg.rf.05159dd80bce18fabafd910e692d3745.jpg,valid,Bad,0,-0.08564628428927677,0.4162587654320988,-0.20342703241895257,-0.10417975308641973,-0.07424758104738154,-0.3451688439955106,-0.3778054862842892,0.06790195286195294,-101.51389867544171,-64.24292836152209,-89.2279954845966,132.3687529988832,0.36971400877570215,0.18625659645231357,0.5300731164556451,0.16212950165222864,0.30382628960805874,0.08093899999999998,-0.16775099999999998,-0.109259,0.11978500000000003,37.27097031391962,0.007141999999999982,0.370556,0.731552,0.296759,0.369278,0.377698,0.201527,0.1875,0.489063
image_20241008_202917_jpg.rf.09f2be5d2de5c7782811ea081e9fe7c9.jpg,test,Bad,0,-0.016087843137254882,0.38094722620266114,-0.26975058823529413,-0.12118878198567044,-0.11291450980392156,-0.3386289457523029,-0.4673207843137255,-0.010747185261003041,-112.8758919432071,-58.934258326528926,-96.41235981934499,146.20592029568186,0.4159889223777479,0.1937575219520522,0.5526967537899964,0.1515579334940933,0.4148899922268552,0.09998299999999999,-0.16596799999999998,-0.125951,0.08429800000000004,53.94163361667817,-0.061727000000000004,0.308494,0.761473,0.146784,0.378202,0.246767,0.212234,0.020833,0.4625
image_20241007_191348_jpg.rf.01a829bb16fb5df9a298fb34ba31f9cb.jpg,train,Good,1,-0.15441427101200678,0.4364048582995952,-0.17532459691252142,-0.17165732793522268,-0.1126045969125214,-0.36586882591093123,-0.39822682675814747,-0.020242914979757085,-91.16248524482754,-79.21080207758519,-88.23862577522364,130.98012682216884,0.4694446204612425,0.15260465962086478,0.619547730908604,0.15481157500006257,0.3695544696333682,0.02856700000000001,-0.14990699999999998,-0.10152499999999998,0.116873,11.95168316724235,0.019042999999999977,0.277716,0.82435,0.268192,0.355002,0.296759,0.205095,0.166667,0.471875
image_20241007_192901_jpg.rf.0ccc4f843148404a65a2e5e59e33d16f.jpg,valid,Good,1,-0.14742624373956584,0.4190535347432024,-0.14233616026711177,-0.16064467270896274,0.005184373956594326,-0.3515747834843908,-0.42988313856427374,0.0377643504531722,-89.69652767495504,-65.01095964231928,-83.18780907365846,131.1608800447859,0.44972530825493906,0.1634177641047631,0.6020895762343009,0.20444848508365135,0.3239871632796584,0.06903499999999996,-0.14812,-0.13456300000000002,0.153922,24.685568032635757,0.07141699999999995,0.263431,0.795797,0.265813,0.346078,0.334848,0.197958,0.13125,0.5
bad_posture_20241013_215926_png.rf.02e19c1d7c62f92e49e71042bae02010.jpg,train,Bad,0,-0.15329428139183052,0.3901751812366739,-0.05187993948562779,-0.13584204690831553,0.15095261724659603,-0.29413628997867797,-0.35678329803328296,-0.0415778251599147,-82.26305236779719,-47.91905198288934,-72.60382855574309,156.31204447660264,0.38901334736098714,0.15629237196997167,0.5255086012702361,0.17194049028661054,0.333388062361267,0.10474399999999995,-0.11599999999999999,-0.15745400000000004,0.06907799999999997,34.344000384907844,0.15711499999999995,0.363416,0.697644,0.415787,0.312172,0.520531,0.196172,0.258333,0.38125
bad_posture_20241021_142111_png.rf.02367bda57a66d8c96143c384d8c8406.jpg,valid,Bad,0,-0.2797098842975206,0.4124328110599078,-0.2293413553719008,-0.1612696774193549,0.18869183471074377,-0.2928530875576037,-0.45041322314049587,-0.0184331797235024,-86.49821407504653,-24.30397431804494,-65.16049381476603,137.17011864259587,0.3897697410176937,0.21679995455719078,0.5270284303839784,0.14247955082045982,0.30311655285879724,0.19758599999999998,-0.08922999999999998,-0.104491,0.09686099999999997,62.1942397570016,0.22139299999999995,0.318184,0.867181,0.341991,0.478139,0.539577,0.388909,0.2375,0.575
image_20241008_201334_jpg.rf.075a491404808971616b7108b4091284.jpg,valid,Good,1,-0.15236483516483518,0.40156000000000003,-0.13981098901098904,-0.156125,-0.07284131868131864,-0.3122775,-0.3434065934065934,-0.013671250000000038,-89.08313621051111,-73.04341778306373,-85.47160123726916,135.45684434766957,0.44620512940126544,0.1305996860830837,0.572858278582932,0.162468604333268,0.34950362408707586,0.03808900000000004,-0.124922,-0.11579499999999998,0.11396299999999998,16.039718427447383,0.04522900000000002,0.358655,0.786873,0.365795,0.340725,0.403884,0.215803,0.25,0.454688
bad_posture_20241021_144036_png.rf.0a11af034bde8ffdf878ab957fecd65f.jpg,train,Bad,0,-0.14699937232524968,0.36132517150395776,-0.09483526390870181,-0.15399472295514524,0.20509192582025682,-0.3016591029023748,-0.399192239657632,-0.027705329815303475,-84.65186401379253,-28.029362266702883,-63.84273003080618,155.83527404677446,0.3065002743555053,0.18608328800298,0.43740699348089995,0.1826918658780407,0.2686079612855881,0.164257,-0.087445,-0.16668300000000003,0.07478700000000005,56.62250174708965,0.19282500000000002,0.377698,0.822566,0.406266,0.5174,0.570523,0.429955,0.239583,0.592187
good_posture_20241021_141707_png.rf.08e8ffb733b628d90daed863558dc6b8.jpg,train,Bad,0,-0.015215737704918018,0.3791169795037756,-0.27093362477231336,-0.11964806903991367,0.1120358469945355,-0.31185380798274,-0.407711766848816,0.07605108953613811,-106.89034154274538,-40.27931595858233,-83.7754855381717,112.485825560406,0.37749935002063245,0.2153068790470941,0.5033816033954757,0.1533906505169073,0.27661129140365903,0.16425800000000002,-0.13919900000000002,-0.05866499999999997,0.141729,66.61102558416304,0.05457899999999999,0.401677,0.842923,0.291998,0.481708,0.456256,0.342509,0.233333,0.623437
good_posture_20241013_222757_png.rf.09fcb8e4234c74ec91d3bd18ad5bd278.jpg,train,Good,1,-0.21343316239316232,0.4198550427350428,-0.18217709401709398,-0.1731801709401709,0.020960000000000003,-0.3391329914529915,-0.47264957264957264,0.021367521367521368,-88.11331452364605,-52.58253561948859,-79.07542300873249,133.01994275395634,0.4338922157333547,0.1527933775037387,0.5652538064666173,0.19458327573046968,0.31455620187178,0.09283999999999998,-0.12135300000000002,-0.132755,0.14226299999999997,35.530778904157465,0.10712499999999997,0.38722,0.697644,0.401505,0.263987,0.494345,0.142634,0.26875,0.40625
bad_posture_20241021_144143_png.rf.07364ba117e900cedaad8b00ca4c4274.jpg,train,Bad,0,-0.21551423423423424,0.44115523269012485,-0.07139315315315323,-0.08259432463110107,0.11390414414414415,-0.30298533484676504,-0.37687783783783785,0.006242905788876245,-82.10463215621895,-67.03649831322343,-77.42326557576473,150.0137579527165,0.363936913809248,0.16474657843487978,0.5247697123243681,0.12234088543900602,0.30453014578691545,0.06427500000000003,-0.15169099999999996,-0.10596499999999998,0.061145000000000005,15.068133842995522,0.11426700000000001,0.370556,0.836842,0.420548,0.476355,0.484823,0.324664,0.314583,0.5375
image_20241007_225757_jpg.rf.03fa76ef2445df7f6bb3c4508e8420a3.jpg,train,Bad,0,-0.017176263736263787,0.3795135714285715,-0.10826725274725274,-0.1634935714285714,0.12194285714285714,-0.3292078571428571,-0.4322338461538462,-0.0223221428571428,-97.76154035635179,-41.53953289696149,-80.93819275854634,151.79449372949765,0.38361944670337034,0.17492623766605167,0.5023751371246392,0.2090829164135607,0.3672158266210758,0.130932,-0.11599999999999999,-0.184256,0.09882000000000002,56.2220074593903,0.07912400000000003,0.365231,0.779722,0.313423,0.399617,0.444355,0.283617,0.129167,0.498437
bad_posture_20241021_142530_png.rf.0ca8e6860f91ad4ad288ca9d197b1bc0.jpg,train,Bad,0,-0.23855170532060022,0.34771624309392263,0.06075525238744889,-0.1602510497237569,0.2977071759890861,-0.2864565745856354,-0.29263301500682126,-0.12707182320441993,-59.181832608649216,-27.74801084186359,-49.43266051129305,174.70176770683872,0.33455966248339025,0.1533236351284433,0.47220128767295844,0.2032383260829512,0.2703318656836445,0.13569200000000003,-0.07138500000000003,-0.20237,0.018766999999999978,31.433821766785627,0.30709200000000003,0.38722,0.815427,0.55862,0.528108,0.694312,0.456723,0.35625,0.546875
bad_posture_20241021_143735_png.rf.0926faead1e11c2672d213274767c0bc.jpg,train,Bad,0,-0.19994861150070123,0.42468550066755684,-0.06746771388499301,-0.15172293724966618,0.14194064516129032,-0.30421041388518016,-0.3784484712482469,-0.016688918558077435,-77.65863807848869,-37.414143388134924,-65.93893431561914,155.4801843912415,0.34526760510798,0.14686162551871745,0.46710399331733404,0.19039636375729446,0.2767512735815321,0.116647,-0.089229,-0.173226,0.07901599999999998,40.24449469035377,0.19044299999999997,0.351513,0.833273,0.425309,0.495984,0.541956,0.406755,0.252083,0.575
bad_posture_20241012_172726_png.rf.0bce91947d14834930406f05ad33a94e.jpg,valid,Bad,0,-0.09852093023255809,0.3483462527716185,-0.20924465116279056,-0.17334172949002224,0.025492093023255905,-0.3278201330376941,-0.3798455813953488,-0.01662971175166297,-99.19565931935169,-40.78727626566868,-82.03640909589097,129.70453206707037,0.3724131137930027,0.1666415408054066,0.481125829534229,0.14354083284208718,0.29835184360080624,0.12617099999999998,-0.10885899999999998,-0.09169800000000003,0.11043300000000006,58.40838305368301,0.06665700000000002,0.365795,0.775944,0.306281,0.408317,0.432452,0.299458,0.214583,0.51875
bad_posture_20241021_141436_png.rf.0d5bccb27fcb3b7ab2190c664bd47ce4.jpg,valid,Bad,0,-0.10705148450244695,0.35652071428571425,-0.06728587275693307,-0.12531928571428583,0.16137265905383352,-0.2859335714285715,-0.44018557911908646,0.0223221428571428,-86.7683892432558,-45.7548264673808,-74.04763799779293,149.9414472453879,0.3378252046251138,0.15694607015150133,0.4677300311333451,0.20633288845213216,0.28316155692643025,0.10950599999999994,-0.11242999999999997,-0.17858400000000002,0.10334900000000002,41.013562775874995,0.12854999999999994,0.399123,0.838627,0.418167,0.501339,0.527673,0.388909,0.239583,0.604688
bad_posture_20241013_215926_png.rf.02b6e6f8710d6ab2ce880049cfed4044.jpg,train,Bad,0,-0.15329428139183052,0.3901751812366739,-0.05187993948562779,-0.13584204690831553,0.15095261724659603,-0.29413628997867797,-0.35678329803328296,-0.0415778251599147,-82.26305236779719,-47.91905198288934,-72.60382855574309,156.31204447660264,0.38901334736098714,0.15629237196997167,0.5255086012702361,0.17194049028661054,0.333388062361267,0.10474399999999995,-0.11599999999999999,-0.15745400000000004,0.06907799999999997,34.344000384907844,0.15711499999999995,0.363416,0.697644,0.415787,0.312172,0.520531,0.196172,0.258333,0.38125
good_posture_20241012_172219_png.rf.07ff56c17fc6b6d4c0604b4d7baa0db5.jpg,test,Bad,0,-0.12259555555555555,0.4227132773109243,-0.2570269281045752,-0.15864182472989202,-0.04790797385620923,-0.2984952701080433,-0.47494483660130726,0.013804753901560586,-99.64187065870819,-42.31086045648633,-85.6490843180145,132.8742622011611,0.38375597435088876,0.13520557836494765,0.47070552142608224,0.15313531104549338,0.31495342860334125,0.09998499999999999,-0.09101399999999998,-0.104192,0.11222500000000002,57.331010202221854,0.035709999999999964,0.403884,0.795797,0.339609,0.417462,0.439594,0.326448,0.235417,0.529687
good_posture_20241013_222750_png.rf.04fb6ba4e51294084790a147927b549e.jpg,train,Good,1,-0.1572866666666668,0.3904689539748955,-0.17633200000000007,-0.17104401673640166,-0.0684173333333334,-0.3574179079497908,-0.3930546666666667,-0.048117154811715496,-90.97564715806264,-73.78965992931205,-86.58565433255278,131.5152200084662,0.41944080936885486,0.14496117489866037,0.5595712683474734,0.1226141719459867,0.33929089043179456,0.040468000000000004,-0.13919800000000002,-0.08127099999999998,0.09181099999999998,17.18598722875059,0.03332600000000002,0.38008,0.674444,0.372938,0.255064,0.413406,0.115866,0.291667,0.346875
good_posture_20241013_222728_png.rf.07307dbb63313f0c7bf4b3ceb5fad78b.jpg,train,Good,1,-0.20897406952965247,0.4190181592554291,-0.21520130879345623,-0.15973112719751806,-0.015798773006135088,-0.35579482936918305,-0.44274028629856865,-0.02223371251292656,-90.31174953590558,-62.783276626156756,-82.81421364342424,129.92402034835843,0.43723347215189273,0.16656116619428432,0.5899808495281859,0.13544858417126404,0.3451074000075918,0.07617800000000002,-0.14812,-0.08692699999999998,0.103875,27.52847290974882,0.073799,0.370556,0.708352,0.368177,0.271125,0.444355,0.123005,0.28125,0.375
image_20241007_220813_jpg.rf.0a46d8f558d03313da9a96c4b7185dbc.jpg,test,Bad,0,-0.002613783403656806,0.4264673869900772,-0.08403870604782,-0.16790138919514885,0.19452962025316453,-0.3441942227122381,-0.36591594936708866,0.00716648291069466,-96.12950048188007,-38.91430250374193,-78.66083392773089,141.61056990736918,0.4235876084082253,0.1988673831878923,0.556957540971482,0.19976064722562353,0.3591673423419785,0.15473599999999998,-0.12491999999999998,-0.156574,0.12405200000000005,57.21519797813814,0.10950699999999997,0.38722,0.831489,0.341991,0.410323,0.496727,0.285403,0.185417,0.534375
good_posture_20241012_174401_png.rf.0f6e06ae18bddb1336e4398fb49f112e.jpg,train,Good,1,-0.30984992084432716,0.34182795430944973,-0.3259292875989446,-0.16578974039460018,-0.18925129287598944,-0.3887622845275181,-0.4340369393139842,0.023364485981308487,-91.42826163260611,-64.24306203801451,-82.59699855435888,114.22136676867697,0.38202168772597195,0.18625749709743228,0.5542752086409782,0.1560461850895433,0.25062663585501044,0.08093899999999998,-0.16775199999999998,-0.06402000000000002,0.14230900000000002,27.185199594591595,0.07141700000000001,0.311042,0.720844,0.30152,0.338941,0.382459,0.171189,0.2375,0.48125
bad_posture_20241021_144048_png.rf.00f192433451b129f2ea7e14573658ba.jpg,train,Bad,0,-0.18945160883280757,0.39071706242350057,-0.03565375394321773,-0.1349179926560588,0.17101173501577271,-0.3194494981640147,-0.3727661829652998,-0.06181072215422279,-77.2075371387182,-49.00642875826647,-68.50132444401011,164.38648391061565,0.34404265824603786,0.15604878591325208,0.48718111987227086,0.17337364316700507,0.302775201104714,0.10236399999999996,-0.11778299999999997,-0.166976,0.04666300000000001,28.20110838045172,0.17854199999999992,0.349131,0.852903,0.425309,0.5174,0.527673,0.399617,0.258333,0.564063
image_20241008_205202_jpg.rf.0e051db1f64b7dca8dcda6cc66626d24.jpg,valid,Good,1,-0.0312938152610441,0.4379898181818182,-0.16590286479250335,-0.12039014141414142,-0.16998447121820615,-0.3488184242424242,-0.3286479250334671,0.03535353535353535,-100.30931786202166,-90.7724368374434,-97.5760856232488,128.25456700627703,0.43895857052004356,0.1766910567883955,0.6139059968187313,0.15339739337094355,0.3565006711802939,-0.0023819999999999952,-0.176675,-0.09497699999999998,0.12045800000000001,9.536881024578264,-0.08093900000000004,0.361034,0.808289,0.282477,0.376417,0.280095,0.199742,0.1875,0.496875
good_posture_20241012_172239_png.rf.0d5fa05915d80dbafeb38b33ad8c5f89.jpg,test,Bad,0,-0.09380885154061624,0.40657945172824783,-0.1279529411764706,-0.17333988081048868,0.012882913165266114,-0.3121931823599523,-0.4150332773109244,0.012514898688915341,-92.86842692326147,-49.200424741010735,-82.8004715149027,142.738440867935,0.3805958542561913,0.12022987064785523,0.47487705765282023,0.2012075009859225,0.31436266905916166,0.07856000000000002,-0.09101399999999998,-0.160137,0.12182199999999999,43.66800218225073,0.05951400000000001,0.406266,0.795797,0.38722,0.415678,0.46578,0.324664,0.227083,0.5375
image_20241007_225757_jpg.rf.0dc88205859cfb224908421a6f02d85d.jpg,train,Bad,0,-0.017176263736263787,0.3795135714285715,-0.10826725274725274,-0.1634935714285714,0.12194285714285714,-0.3292078571428571,-0.4322338461538462,-0.0223221428571428,-97.76154035635179,-41.53953289696149,-80.93819275854634,151.79449372949765,0.38361944670337034,0.17492623766605167,0.5023751371246392,0.2090829164135607,0.3672158266210758,0.130932,-0.11599999999999999,-0.184256,0.09882000000000002,56.2220074593903,0.07912400000000003,0.365231,0.779722,0.313423,0.399617,0.444355,0.283617,0.129167,0.498437
bad_posture_20241013_221410_png.rf.1462324397bad87281de1223a4700ed6.jpg,train,Bad,0,-0.12313011494252876,0.4465370660694289,-0.15815172413793102,-0.10342862262038074,0.07388137931034476,-0.3080666517357223,-0.4291181609195403,0.0867868309070549,-92.84134975614826,-48.53188582859901,-78.49825231465431,137.99113829258897,0.3841592766262452,0.19052763713697807,0.5372425706708283,0.19829045178474936,0.3011222367826727,0.12616799999999995,-0.142767,-0.14733800000000002,0.13270500000000002,44.30946392754925,0.10712499999999997,0.420548,0.71192,0.401505,0.328233,0.527673,0.185466,0.254167,0.460938
bad_posture_20241021_144000_png.rf.10bc47d5edcc1de0db39070028a7cbba.jpg,train,Bad,0,-0.24010384401114204,0.4080701170351104,-0.12976356545961,-0.15334720416124856,0.10365103064066851,-0.2959298829648896,-0.40993559888579384,-0.0162557087126139,-79.60166235655471,-33.194531796308084,-65.49152268543641,152.34240562305365,0.3429208899396478,0.15646320232565863,0.46483134912030194,0.1774329459965088,0.27214554112459755,0.13093099999999996,-0.08566099999999999,-0.157159,0.08236200000000005,46.40713056024663,0.19282499999999997,0.334848,0.831489,0.396742,0.4942,0.527673,0.408539,0.239583,0.576562
good_posture_20241021_141536_png.rf.10abc6f80a2023fd6d396fb5fa39faf9.jpg,train,Good,1,-0.12183379721669992,0.3836455612770341,-0.15212373757455278,-0.07744444902162709,-0.018845964214711748,-0.31269421215242005,-0.3899925248508947,0.01081359423274986,-91.94902106702266,-73.64413470354864,-85.6188460741244,144.38765297537,0.3499824707167489,0.18598561922094944,0.5297870732303686,0.11497889340657266,0.3018214711845398,0.05237400000000003,-0.17845899999999998,-0.09347499999999997,0.06695200000000001,18.30488636347401,0.040471000000000035,0.365795,0.829703,0.353892,0.479923,0.406266,0.301464,0.260417,0.546875
good_posture_20241021_141317_png.rf.143d3b61858157968900a8c13538eb10.jpg,train,Bad,0,-0.23008140105078806,0.4203959322033897,-0.21406907180385296,-0.1095376271186441,-0.021956987740805685,-0.3103810169491526,-0.43228329246935204,0.0402549152542372,-88.95294020237817,-59.947308025805,-80.22575635910908,131.38535612474269,0.39089126969657423,0.1711274872251679,0.5468864318604001,0.14724101711140136,0.2945073610574106,0.0857,-0.14812200000000003,-0.09734399999999999,0.11047199999999996,29.005632176573172,0.09284299999999995,0.361034,0.860042,0.368177,0.469216,0.453877,0.321094,0.270833,0.579688
bad_posture_20241021_142034_png.rf.181e8501eed44959acc31aa8d5908166.jpg,train,Bad,0,-0.13385142857142862,0.3958439869989166,-0.1981548051948052,-0.1164486240520044,0.09863896103896094,-0.31196134344528714,-0.4004322077922079,0.09804914409534131,-94.78855525266177,-44.626734324945254,-77.63549153967473,122.18493518859667,0.370704925563446,0.20069176991844978,0.5225136478906556,0.18275661587203904,0.2501424512312934,0.14283199999999996,-0.14098299999999997,-0.09734600000000004,0.15467300000000006,50.16182092771651,0.11188599999999999,0.382459,0.84755,0.351513,0.478139,0.494345,0.337156,0.254167,0.632812
image_20241009_225822_jpg.rf.15a942561d1fa6bedcd6ad1c9b655a66.jpg,train,Bad,0,-0.04351911111111109,0.3844437333333333,-0.2043048888888889,-0.12302933333333334,-0.06041333333333338,-0.3286129777777778,-0.42500000000000004,0.0,-104.22315031978448,-60.75405841575712,-91.08586228747977,145.13011291438593,0.3681007020544786,0.16566868539950452,0.501458052515861,0.15130797370264398,0.34512960063286374,0.08093899999999998,-0.144551,-0.124141,0.086505,43.46909190402736,-0.00950300000000004,0.389583,0.692187,0.299141,0.33537,0.38008,0.190819,0.175,0.421875
good_posture_20241013_222757_png.rf.158e2a81acd9080355e0d3173cfd7631.jpg,train,Good,1,-0.21343316239316232,0.4198550427350428,-0.18217709401709398,-0.1731801709401709,0.020960000000000003,-0.3391329914529915,-0.47264957264957264,0.021367521367521368,-88.11331452364605,-52.58253561948859,-79.07542300873249,133.01994275395634,0.4338922157333547,0.1527933775037387,0.5652538064666173,0.19458327573046968,0.31455620187178,0.09283999999999998,-0.12135300000000002,-0.132755,0.14226299999999997,35.530778904157465,0.10712499999999997,0.38722,0.697644,0.401505,0.263987,0.494345,0.142634,0.26875,0.40625
good_posture_20241013_225741_png.rf.0f6e0805ceb97255223dda717c90e691.jpg,valid,Good,1,-0.19697968365553598,0.37646064794816414,-0.202338137082601,-0.1613066090712743,-0.05238917398945508,-0.37098747300215984,-0.3804920913884006,-0.046435593952483756,-90.35080323513627,-66.27805507105171,-83.22124965422637,133.62097646226448,0.3890482921245124,0.16569041954802335,0.5445386776428282,0.11479455748858482,0.31662829729826736,0.06665700000000002,-0.151691,-0.07919499999999999,0.08310200000000004,24.072748164084558,0.06427500000000003,0.325327,0.638752,0.322945,0.249711,0.389602,0.09802,0.24375,0.332813
good_posture_20241021_144124_png.rf.169b43b20680f8bbc6869083d8de0cd3.jpg,train,Good,1,-0.21026444444444434,0.41159757575757555,-0.24200444444444444,-0.09272519480519495,-0.16794,-0.29544311688311703,-0.3796288888888888,0.047619047619047526,-92.2467192935261,-77.16945549734855,-87.862931032748,121.43727416520018,0.36433807302147275,0.1500844422650129,0.5107502385129153,0.11874075745926503,0.27357733788638267,0.033329,-0.146337,-0.06193099999999996,0.10131100000000004,15.077263796177547,0.019045999999999952,0.349131,0.818997,0.334848,0.454939,0.368177,0.308602,0.272917,0.55625
bad_posture_20241021_143133_png.rf.16101387826b56802447a8f38ed5e229.jpg,train,Bad,0,-0.1340007943262411,0.3997183098591549,-0.15128714893617015,-0.11236882629107983,0.11236380141843978,-0.3080871361502348,-0.4290780141843971,0.009390422535211173,-91.59999562679798,-41.89604980211118,-73.93284751835664,152.08958539954457,0.3409909465147132,0.19508634350205042,0.49028450305715354,0.1731417515216939,0.30645717624653535,0.145214,-0.13027500000000003,-0.153002,0.08104599999999995,49.7039458246868,0.135693,0.356273,0.87075,0.346752,0.529892,0.491966,0.399617,0.19375,0.610938
image_20241007_191654_jpg.rf.1627e2a68f784d8fb2b62b5e8be48aed.jpg,train,Good,1,-0.16628199999999999,0.41804217252396164,-0.26150399999999996,-0.17066649627263047,-0.16628199999999999,-0.3579813418530351,-0.447916,0.06442956336528223,-96.29105780640663,-70.88976848512294,-90.0,118.38830808029913,0.4344894652923129,0.14542743857333112,0.569286,0.19603962523173732,0.29516425588644707,0.04761099999999999,-0.13741299999999998,-0.09320600000000001,0.17246500000000003,25.401289321283684,0.0,0.232484,0.80472,0.184873,0.372847,0.232484,0.235434,0.091667,0.545312
bad_posture_20241021_143936_png.rf.1216115a3da476143740b03d217626a6.jpg,train,Bad,0,-0.11317777080062791,0.3546611264080098,-0.036641004709576146,-0.19425221526908645,0.24080753532182098,-0.3286233792240302,-0.38592427001569857,-0.06946262828535676,-83.65689011922571,-31.277785017757974,-67.55815221202195,155.86122542714762,0.3447525374598423,0.1615542652021295,0.4614670735057919,0.1904789283490434,0.29751329931954296,0.13807399999999997,-0.08387700000000003,-0.173823,0.07789600000000002,52.37910510146773,0.17616299999999996,0.375317,0.835058,0.413406,0.492416,0.55148,0.408539,0.239583,0.570312
bad_posture_20241021_143653_png.rf.1977af11028def8eef9ff6e90049b904.jpg,train,Bad,0,-0.09190031152647983,0.380299251870324,0.0766330218068536,-0.16547072319202005,0.21427489096573196,-0.3278200498753119,-0.34527451713395646,-0.05112139650872835,-76.1152045729099,-55.836311181383685,-70.9083398251295,161.2951534808291,0.3522517261575875,0.12293630293774088,0.4695054271432866,0.22341296824043141,0.2986949384120863,0.06903599999999993,-0.10172200000000003,-0.21161300000000005,0.07164699999999996,20.278893391526218,0.15356599999999998,0.38125,0.834375,0.46578,0.492416,0.534816,0.390694,0.254167,0.564063
bad_posture_20241013_222737_png.rf.16831ea30539ddc385c1c572a58e6475.jpg,train,Bad,0,-0.1504901818181819,0.4280714418604651,-0.1504901818181819,-0.1669053023255814,0.07111695867768586,-0.32627274418604657,-0.4911838677685951,0.03953488372093022,-90.0,-45.63049618342179,-78.32324409941337,139.26045389510838,0.39975,0.1497877203278026,0.5175353960464928,0.21253053372398042,0.3067198090521706,0.104744,-0.10707500000000003,-0.16103099999999998,0.138702,44.36950381657821,0.104744,0.377698,0.679798,0.377698,0.280048,0.482442,0.172973,0.216667,0.41875
bad_posture_20241013_225750_png.rf.1917a0638ba149579efc519fa34ae05a.jpg,train,Bad,0,-0.1268265924895689,0.3637542342342342,-0.1649684561891516,-0.161014054054054,0.15712155771905426,-0.3050673873873873,-0.40820584144645344,-0.01576576576576575,-93.36800136583685,-28.914945978730795,-71.0295128169312,143.59105227856546,0.3646878912015039,0.20669034265054573,0.490643751642676,0.16976989402423506,0.30709017633262053,0.18092400000000003,-0.099937,-0.13663100000000003,0.10076599999999997,64.45305538710605,0.15949900000000006,0.370556,0.660167,0.349131,0.296109,0.530055,0.196172,0.2125,0.396875
good_posture_20241021_180318_png.rf.133186cd108deb8f2e3271a55afa1523.jpg,train,Good,1,-0.22525793103448286,0.3970555175879397,-0.23576937931034486,-0.12408201005025123,-0.12018537931034491,-0.33529230150753764,-0.40459696551724145,-0.0015068944723617764,-90.67362429738075,-72.30743653912613,-85.21931710725967,128.759985968607,0.40513099952731335,0.1723342489611394,0.5712734521374154,0.12219288068050448,0.32030002742584956,0.052373999999999976,-0.16418299999999997,-0.07650000000000001,0.095283,18.366187758254625,0.047611000000000014,0.42293,0.858258,0.418167,0.453155,0.470541,0.288972,0.341667,0.548438
image_20241007_192602_jpg.rf.17e4312f1fba8ad360a73924cd5e39be.jpg,valid,Bad,0,-0.11993129682997124,0.38350162513542796,-0.04968069164265138,-0.20056112676056345,0.18741440922190192,-0.3490508342361864,-0.42795389048991356,-0.03412784398699898,-84.8323735193609,-39.79241653313464,-72.49152736616794,149.66540950879934,0.42288282870908817,0.16730259449572202,0.5538998081259823,0.2376285320011046,0.34435784663050734,0.12855,-0.10707499999999998,-0.20509499999999997,0.12001400000000001,45.03995698622626,0.16663899999999998,0.242006,0.80115,0.280095,0.379986,0.408645,0.272911,0.075,0.5
bad_posture_20241021_142536_png.rf.17b90531204f27f95a49d3779d44106a.jpg,train,Bad,0,-0.38008974008207924,0.41873071324599714,-0.03828246238030087,-0.17977082969432315,0.26601433652530787,-0.2628963027656477,-0.36867305061559497,-0.0749636098981078,-58.71368563867481,-14.398566712286371,-44.75485850893137,163.3992033666473,0.3758874660653106,0.1794176182792537,0.5196066177022768,0.19689067870267496,0.2650552037312228,0.173782,-0.04461499999999996,-0.18868399999999996,0.05625199999999997,44.315118926388436,0.368986,0.33723,0.82435,0.532434,0.503123,0.706216,0.458508,0.34375,0.559375
bad_posture_20241013_222747_png.rf.175039e33f542453b4ea0793f8d709b2.jpg,train,Bad,0,-0.12836153609831016,0.37376752136752145,-0.17517099846390163,-0.17289777777777776,0.08694586789554543,-0.32176752136752135,-0.40578531490015357,-6.837606837803457e-07,-93.40821714169154,-39.234878953795366,-77.84966280716965,132.85182767589393,0.40045728392676294,0.1721119985416473,0.5202646039430321,0.17245726218979587,0.30758870320608334,0.133311,-0.10886100000000001,-0.117289,0.12643099999999996,54.17333818789617,0.10950399999999999,0.351513,0.690505,0.327706,0.290756,0.461017,0.181895,0.210417,0.417187
bad_posture_20241021_143534_png.rf.16ed6c5211c54ad0d2d33615f9a4342e.jpg,train,Bad,0,-0.24699068493150686,0.42495273670557726,-0.08524383561643835,-0.1942617898832685,0.17042082191780825,-0.3394363683527886,-0.43949698630136985,-0.014915693904020642,-78.80813461700299,-36.85724250894808,-67.52871425620043,146.24225067048422,0.380210570091101,0.1457846035560683,0.49825705992088065,0.19440591340800312,0.279130519408036,0.116647,-0.087445,-0.161628,0.10802800000000007,41.95089210805491,0.190444,0.291998,0.861827,0.365795,0.488847,0.482442,0.401402,0.204167,0.596875
bad_posture_20241013_220642_png.rf.1823a120268980c62c40582e0092cfd4.jpg,train,Bad,0,-0.13132711111111117,0.34802147186147186,-0.1821146666666667,-0.19585523809523814,0.037956444444444334,-0.3540737662337663,-0.43240800000000007,-0.03463203463203466,-94.16174325644023,-42.6959689413973,-79.35934389957124,140.42141724871666,0.3936489907836676,0.16843040668477885,0.5156925536683655,0.18266588841105502,0.32401240739823534,0.12378999999999996,-0.11421400000000001,-0.14079000000000003,0.11638300000000001,51.465774315042935,0.09522199999999997,0.427691,0.676228,0.399123,0.283617,0.522913,0.169403,0.258333,0.4
bad_posture_20241013_221208_png.rf.19b785cf3ba5b3ec4709c27478822249.jpg,valid,Bad,0,-0.12626691588785044,0.29677634782608703,-0.18322492211838012,-0.15263026086956522,0.0018806230529595147,-0.36616069565217396,-0.4574240498442368,-0.030434782608695622,-95.05424869832251,-58.82889728625873,-82.31764716155412,147.43692358404675,0.3242718562333155,0.17937171624590095,0.48080147178643295,0.1631799876455443,0.2879217336447529,0.09284200000000004,-0.153475,-0.13752799999999998,0.08782800000000002,36.22535141206378,0.064274,0.351513,0.635183,0.322945,0.312172,0.415787,0.158697,0.185417,0.4
image_20241007_192901_jpg.rf.13f21c0f954fddf069479ae625bbbf36.jpg,valid,Good,1,-0.14742624373956584,0.4190535347432024,-0.14233616026711177,-0.16064467270896274,0.005184373956594326,-0.3515747834843908,-0.42988313856427374,0.0377643504531722,-89.69652767495504,-65.01095964231928,-83.18780907365846,131.1608800447859,0.44972530825493906,0.1634177641047631,0.6020895762343009,0.20444848508365135,0.3239871632796584,0.06903499999999996,-0.14812,-0.13456300000000002,0.153922,24.685568032635757,0.07141699999999995,0.263431,0.795797,0.265813,0.346078,0.334848,0.197958,0.13125,0.5
bad_posture_20241021_145052_png.rf.0f9b2d7246a66c661c9deea38013f491.jpg,train,Bad,0,-0.15867715394566623,0.3721228571428573,-0.2178088486416559,-0.10206857142857137,-0.016767710219922356,-0.28307857142857135,-0.4189311254851229,-0.008928571428571239,-96.14035679100517,-46.22301030754245,-79.41597280128609,151.77353281067022,0.3338493439502316,0.17548519011301209,0.4665791003474116,0.1378516154602477,0.30959681564415353,0.12141000000000002,-0.12670699999999996,-0.12145899999999998,0.06519800000000009,49.91734648346272,0.0857,0.346752,0.863611,0.311042,0.531677,0.432452,0.40497,0.189583,0.596875
image_20241010_173545_jpg.rf.119c8f401094e3f32dffe5e09a54b9f1.jpg,train,Bad,0,-0.07129142857142852,0.304560411946447,-0.124677088948787,-0.20828589083419152,0.10940247978436664,-0.3517882595262615,-0.4317166576819406,-0.07569450051493298,-94.54811225703088,-38.73840373232481,-78.11965870625741,150.528587494715,0.39027092458060464,0.17396289790929556,0.5088006742526978,0.2044414636466879,0.3561769378230432,0.135693,-0.10885999999999996,-0.177987,0.10058300000000003,55.80970852470607,0.104746,0.461017,0.749397,0.43007,0.360355,0.565763,0.251495,0.252083,0.460938
good_posture_20241012_174311_png.rf.1de863b5332aecad0ffbfab24d506262.jpg,train,Good,1,-0.11166451612903225,0.38611509229098806,-0.14442937019969268,-0.12729137893593923,-0.022734992319508398,-0.33562840390879484,-0.26856184331797234,-0.0287730727470141,-92.58283446117471,-67.56517559663322,-85.02248478424806,131.6887274729591,0.36978766155727805,0.16217969192842854,0.5212828492574832,0.09492493064522095,0.3090060465977971,0.061892999999999976,-0.14990499999999998,-0.06313300000000002,0.07088700000000003,25.017658864541488,0.04522900000000002,0.29438,0.717275,0.277716,0.347863,0.339609,0.197958,0.214583,0.41875
bad_posture_20241021_142034_png.rf.1c19934f2746708b9a534d1869da23b5.jpg,train,Bad,0,-0.13385142857142862,0.3958439869989166,-0.1981548051948052,-0.1164486240520044,0.09863896103896094,-0.31196134344528714,-0.4004322077922079,0.09804914409534131,-94.78855525266177,-44.626734324945254,-77.63549153967473,122.18493518859667,0.370704925563446,0.20069176991844978,0.5225136478906556,0.18275661587203904,0.2501424512312934,0.14283199999999996,-0.14098299999999997,-0.09734600000000004,0.15467300000000006,50.16182092771651,0.11188599999999999,0.382459,0.84755,0.351513,0.478139,0.494345,0.337156,0.254167,0.632812
good_posture_20241021_180318_png.rf.1e0e835cd147d84e8e7df14277dd743a.jpg,train,Good,1,-0.22525793103448286,0.3970555175879397,-0.23576937931034486,-0.12408201005025123,-0.12018537931034491,-0.33529230150753764,-0.40459696551724145,-0.0015068944723617764,-90.67362429738075,-72.30743653912613,-85.21931710725967,128.759985968607,0.40513099952731335,0.1723342489611394,0.5712734521374154,0.12219288068050448,0.32030002742584956,0.052373999999999976,-0.16418299999999997,-0.07650000000000001,0.095283,18.366187758254625,0.047611000000000014,0.42293,0.858258,0.418167,0.453155,0.470541,0.288972,0.341667,0.548438
bad_posture_20241021_142022_png.rf.1b3fca639b24d05d49a29631c1a44353.jpg,train,Bad,0,-0.16918986899563324,0.4150384398699892,-0.23128756914119364,-0.1244794799566631,0.05701240174672492,-0.28781746478873244,-0.4126637554585153,0.07421451787648965,-94.89652768660112,-37.27767732040792,-76.5289612077234,124.19372185551187,0.39046802441429185,0.1944629250525663,0.5211633527733892,0.17321931714736666,0.2783476335178728,0.15473600000000004,-0.117782,-0.09734799999999999,0.143277,57.6188503661932,0.12140700000000004,0.368177,0.845766,0.334848,0.456723,0.489584,0.338941,0.2375,0.6
bad_posture_20241013_220309_png.rf.1e1557ba92be5f96b43b28d38123ac08.jpg,train,Bad,0,-0.1374845253576073,0.3264882875264271,-0.14937404421326403,-0.1661060465116279,0.001198231469440708,-0.3327184778012685,-0.4401820546163849,-0.04968287526427057,-91.1240276217404,-53.697618248653455,-80.29540278418168,153.78019188524425,0.3641280678731042,0.1527936951906066,0.49426800134036597,0.19475074551847033,0.33220930935330517,0.09046099999999996,-0.12313700000000002,-0.17471199999999998,0.08604400000000001,37.42640937308694,0.08331799999999995,0.444355,0.678014,0.437212,0.313956,0.527673,0.190819,0.2625,0.4
bad_posture_20241021_143239_png.rf.1e9edcb64c798c52c94b24839d8f4bd6.jpg,train,Bad,0,-0.20275523809523818,0.3852333980582523,-0.07125809523809537,-0.16088854368932037,0.21440857142857134,-0.2884085436893204,-0.3621038095238096,-0.08252427184466016,-78.89035006322003,-28.694734191013566,-63.20472791148194,161.71749284070205,0.35828008827173186,0.17097202375242568,0.48582323099044983,0.16081155880408599,0.3125241000706985,0.14997500000000002,-0.08209100000000003,-0.152694,0.05044700000000002,50.19561587220646,0.219011,0.341991,0.851119,0.411027,0.499553,0.561002,0.417462,0.258333,0.55
bad_posture_20241021_143504_png.rf.1ec56cdae4c4fe28484358762066f289.jpg,train,Bad,0,-0.14646286725663715,0.38999702994011975,-0.11949677876106193,-0.16807837125748507,0.17712113274336289,-0.3267477844311378,-0.4634225840707964,-0.006586826347305525,-88.12735696621509,-38.32842413168563,-73.01307458001351,145.24160233179532,0.36425153487391104,0.1669014741996008,0.48889372497507066,0.1847830642266763,0.29411663527417153,0.13092900000000002,-0.10350700000000002,-0.15181099999999997,0.10534799999999994,49.79893283452946,0.14283200000000001,0.341991,0.849334,0.353894,0.485277,0.484823,0.38177,0.202083,0.590625
bad_posture_20241021_143227_png.rf.2151dd927af9a4d88c5bcca89b0c2353.jpg,train,Bad,0,-0.2721518528995756,0.4030954773869347,-0.14716628005657711,-0.15936643216080407,0.16314772277227718,-0.2971111557788946,-0.400990099009901,-0.06281326633165836,-78.83523392076964,-26.55435318354819,-61.094085178229086,156.81551739738686,0.3565285110422447,0.1916131404679752,0.4974111515698055,0.15251478990576617,0.29834828931636265,0.1714,-0.08566000000000001,-0.140198,0.060043999999999986,52.28088073722145,0.24043499999999995,0.308663,0.84755,0.377698,0.497769,0.549098,0.412109,0.2375,0.557813
bad_posture_20241021_144426_png.rf.26f9741e4294bbd8fab76349f737be3d.jpg,train,Bad,0,-0.16530502793296087,0.39824078624078635,-0.16955798882681566,-0.05917680589680588,0.030461675977653608,-0.2724524815724815,-0.44785787709497205,0.02088452088452092,-90.46857605680425,-50.47956819789241,-75.60056283937877,161.88939517146477,0.29089872801715727,0.1758237011781972,0.44035240479643123,0.16378836854917384,0.2873477882879909,0.11188599999999999,-0.13562999999999997,-0.15567399999999998,0.050914000000000015,39.98900785891184,0.10950699999999997,0.38722,0.82435,0.384841,0.533461,0.496727,0.397831,0.229167,0.584375
good_posture_20241021_142336_png.rf.224fcb237b3cc6e8117d2e95fb857ed0.jpg,train,Good,1,-0.2405636036036036,0.42425975850713504,-0.2771685285285285,-0.12486867178924256,-0.1399106306306306,-0.3254661690450055,-0.41391327327327326,0.057628979143798026,-92.78997703874796,-63.42451550323974,-84.39450674436172,118.71321580558833,0.39128880732906224,0.15963513162834805,0.5361578857733978,0.1480977895479875,0.2760868672356583,0.07141700000000001,-0.14276900000000003,-0.07114999999999999,0.12988699999999997,29.365461535508224,0.052371,0.394363,0.854688,0.375317,0.463863,0.446734,0.321094,0.304167,0.59375
good_posture_20241021_141958_png.rf.21821f098d55042152ebb5a6091b441a.jpg,train,Good,1,-0.19429925925925923,0.3907371005291005,-0.20558933333333335,-0.09754294179894185,-0.14916029629629632,-0.3150941798941799,-0.3086411851851852,0.050265227513227456,-90.75698475145302,-81.56907491087391,-87.90713099375557,111.72233652405693,0.360519464541098,0.162368662715439,0.521449834838405,0.11746541193474784,0.2559507084186328,0.023805999999999994,-0.16061399999999998,-0.043474999999999986,0.109124,9.18790984057911,0.019042999999999977,0.358655,0.815427,0.353892,0.454939,0.377698,0.294325,0.310417,0.564063
image_20241007_214451_jpg.rf.202678c11a54a756d9d229c7becd5dc9.jpg,train,Good,1,-0.15643865168539328,0.4006124350336861,-0.15643865168539328,-0.1841984985563042,-0.10936269662921352,-0.3666779595765159,-0.3389519101123596,-0.03609178055822911,-90.0,-79.97445612360936,-87.5924752963617,130.18008088728212,0.47470199999999996,0.1504188601206644,0.623374238777959,0.15735313269839912,0.3687325574044147,0.026185999999999987,-0.148122,-0.101523,0.12022100000000002,10.025543876390643,0.026185999999999987,0.284856,0.827919,0.284856,0.353217,0.311042,0.205095,0.183333,0.473438
bad_posture_20241021_143629_png.rf.21ed1ffca310c55664a27a02d4897437.jpg,train,Bad,0,-0.22607502332814924,0.36142255266418843,-0.02230220839813367,-0.1622354399008674,0.2004297356143081,-0.2924417348203221,-0.3517359875583203,-0.02416356877323406,-72.77379308854177,-36.26708892928006,-62.53796736606341,152.254874301922,0.34565504624697735,0.13877268039855684,0.4645928987672972,0.1869874638070692,0.2511620505271447,0.11188800000000004,-0.08209099999999997,-0.165489,0.08705000000000007,36.50670415926171,0.21425200000000005,0.311042,0.82435,0.413406,0.4942,0.525294,0.412109,0.247917,0.58125
bad_posture_20241021_143747_png.rf.1bacd9310f30a4ec29b84dd12e691db8.jpg,train,Bad,0,-0.16281562130177513,0.32962360046457617,-0.12224757396449706,-0.16649904761904757,0.15271384615384606,-0.344252543554007,-0.39842272189349115,-0.08420441347270616,-86.32662206635787,-39.46752219765608,-69.81538091311872,159.21686332464245,0.334407040932155,0.1881046870362352,0.4829468507920929,0.15600630679879576,0.3049087427346091,0.14521399999999995,-0.11956700000000003,-0.14585499999999998,0.05535599999999996,46.85909986870179,0.16663899999999993,0.351513,0.831489,0.372938,0.497769,0.518152,0.378202,0.227083,0.553125
bad_posture_20241021_143853_png.rf.1ad5d0c0859170939c230423288e4802.jpg,train,Bad,0,-0.1989872363150868,0.4111977805800759,-0.1257589319092123,-0.14186875157629236,0.05324112149532712,-0.2743753846153845,-0.38518024032042725,-0.035940277427490404,-82.87173193461926,-38.087463244108854,-70.83790919581702,156.62053714845422,0.34531096516618176,0.13307964725306426,0.4496472666490925,0.16538022578289097,0.29767163546431497,0.10474300000000003,-0.08209200000000005,-0.151802,0.06562599999999996,44.78426869051041,0.14759300000000003,0.358952,0.844203,0.401802,0.501561,0.506545,0.419469,0.25,0.567187
bad_posture_20241013_220642_png.rf.26f8f633b7ae6c3f2449bd3c010e925f.jpg,train,Bad,0,-0.13132711111111117,0.34802147186147186,-0.1821146666666667,-0.19585523809523814,0.037956444444444334,-0.3540737662337663,-0.43240800000000007,-0.03463203463203466,-94.16174325644023,-42.6959689413973,-79.35934389957124,140.42141724871666,0.3936489907836676,0.16843040668477885,0.5156925536683655,0.18266588841105502,0.32401240739823534,0.12378999999999996,-0.11421400000000001,-0.14079000000000003,0.11638300000000001,51.465774315042935,0.09522199999999997,0.427691,0.676228,0.399123,0.283617,0.522913,0.169403,0.258333,0.4
bad_posture_20241012_174037_png.rf.27645d09380e2859d26c39b2054c5861.jpg,test,Bad,0,-0.25103415525114164,0.3806392817059484,0.017962617960426048,-0.19107250280583615,0.14318636225266354,-0.3141306397306397,-0.39548517503805186,-0.07126823793490462,-70.86616272661603,-53.11726212477315,-67.29583791647762,158.54645838820355,0.4212359698150195,0.10709300268925134,0.5242490289366304,0.22801300894905094,0.3231897548438069,0.06427500000000003,-0.08565999999999996,-0.212215,0.083395,17.748900601842877,0.20234600000000003,0.282477,0.75832,0.420548,0.360355,0.484823,0.274695,0.208333,0.44375
bad_posture_20241012_172807_png.rf.24ee6b515389b83e08aa80e3d30293e3.jpg,train,Bad,0,-0.18014104683195595,0.36172625454545454,-0.11718126721763084,-0.169888,0.08008330578512407,-0.33048067878787873,-0.3953168044077135,-0.04181818181818185,-84.05013867650685,-42.772260986728504,-71.69463745862507,152.37927313905013,0.3444978145997446,0.15242104856285435,0.4699292600136748,0.17804582851052703,0.28730720741742627,0.11188600000000004,-0.10350699999999996,-0.157755,0.08254499999999998,41.27787768977834,0.14759600000000006,0.365795,0.772597,0.401505,0.429955,0.513391,0.326448,0.24375,0.5125
bad_posture_20241021_142418_png.rf.298ec47e47279138eb987d4ca7748061.jpg,train,Bad,0,-0.3317145479082321,0.41530594301221163,-0.03563897435897424,-0.21078078697421984,0.21520302294197036,-0.2944636092265944,-0.35695006747638325,-0.05223967435549529,-64.57053523531324,-18.35619789152546,-52.23367156792767,153.86023544321003,0.3991619710355685,0.15299904341204226,0.516969272375061,0.20720110836093522,0.2696001047792823,0.14521399999999995,-0.04818300000000003,-0.18600900000000004,0.091285,46.21433734378778,0.316614,0.339609,0.845766,0.511009,0.485277,0.656223,0.437094,0.325,0.576562
bad_posture_20241012_174240_png.rf.26eb808ca24854c41b152bff88b36a6d.jpg,valid,Bad,0,-0.322384,0.3302373983739837,-0.3128600000000001,-0.17583349593495937,-0.14463600000000007,-0.349939512195122,-0.4097226666666667,-0.014226991869918737,-88.94813985702177,-46.690978505142105,-75.69701312787883,120.31716178505835,0.38910756894848497,0.18393634920808882,0.5396124458507234,0.1439163709728674,0.2727884184949941,0.126168,-0.133844,-0.07264699999999996,0.12423499999999998,42.25716135187967,0.13331099999999996,0.330087,0.73512,0.33723,0.346078,0.463398,0.212234,0.264583,0.470313
bad_posture_20241021_142123_png.rf.2915ef0b695521b14e64d7d46a3dc2aa.jpg,test,Bad,0,-0.33082825278810407,0.35512482840236687,-0.1533634696406443,-0.1666107455621302,0.13360396530359359,-0.2882607337278107,-0.38517194547707556,-0.05502958579881664,-72.00377921485786,-23.935333297310457,-55.41783150389631,153.2511430359095,0.3621442189584145,0.19794663078718966,0.5158851774620008,0.16366178791947741,0.27292510218006705,0.18092399999999997,-0.08030799999999999,-0.14614800000000003,0.07366099999999998,48.0684459175474,0.29281,0.280095,0.845766,0.391981,0.501339,0.572905,0.421031,0.245833,0.575
image_20241007_191348_jpg.rf.1f93aa497ec954dd6acd9bed32482134.jpg,train,Good,1,-0.15441427101200678,0.4364048582995952,-0.17532459691252142,-0.17165732793522268,-0.1126045969125214,-0.36586882591093123,-0.39822682675814747,-0.020242914979757085,-91.16248524482754,-79.21080207758519,-88.23862577522364,130.98012682216884,0.4694446204612425,0.15260465962086478,0.619547730908604,0.15481157500006257,0.3695544696333682,0.02856700000000001,-0.14990699999999998,-0.10152499999999998,0.116873,11.95168316724235,0.019042999999999977,0.277716,0.82435,0.268192,0.355002,0.296759,0.205095,0.166667,0.471875
good_posture_20241013_222738_png.rf.29a0f3857680447eeb2d8ee58e2ed27a.jpg,train,Good,1,-0.1618583703703704,0.39684326180257506,-0.20135822222222227,-0.15461974248927043,0.0017825185185184592,-0.3482444635193133,-0.42222222222222217,0.025751759656652287,-92.37645950720903,-58.70564015889566,-82.74801283998347,125.35460868423203,0.4018796362743452,0.16498695793607443,0.5468918216475722,0.16102891112467968,0.29167383441440203,0.0857,-0.140983,-0.09317699999999995,0.13133299999999998,33.67081934831337,0.06903599999999999,0.384841,0.678014,0.368177,0.27648,0.453877,0.135497,0.275,0.407813
bad_posture_20241012_173222_png.rf.2a74e0757872dfa17534eb32b9b9070c.jpg,test,Bad,0,-0.23129696969696964,0.3522317297850564,-0.2522829752066115,-0.15746505629477991,-0.06761212121212119,-0.3491846878198566,-0.43388429752066116,0.01381780962128975,-91.75245598164005,-54.40602822811559,-80.16216104495629,128.23303854966937,0.3892240475266142,0.179959220227806,0.543368078271074,0.16643790185231253,0.28270944810883136,0.10474299999999998,-0.14633599999999997,-0.10300200000000001,0.13073700000000005,37.346427753524466,0.09283999999999998,0.358655,0.783305,0.346752,0.394263,0.451495,0.247927,0.24375,0.525
image_20241008_210224_jpg.rf.286656b6f4925d76da38f6a54104e0b0.jpg,test,Bad,0,-0.042035006570302146,0.3572050632911392,-0.13412940867279885,-0.14639932489451485,0.12613613666228654,-0.3054298734177216,-0.39399968462549273,0.008438818565400814,-98.35125608187793,-37.27767732040793,-78.4847613867463,143.41567511167295,0.3769793937776971,0.19446292505256624,0.5008451896394733,0.19240938992159404,0.33242850290099973,0.15473599999999998,-0.117782,-0.15450100000000003,0.11467700000000003,61.07357876147,0.09998299999999999,0.330087,0.783305,0.275334,0.410323,0.43007,0.292541,0.120833,0.525
good_posture_20241021_141713_png.rf.2a6b10c430ef8db6685e310b31fcbf11.jpg,train,Bad,0,-0.10680484149855905,0.4228188395904436,-0.2604749279538905,-0.12291403868031854,0.029304899135446698,-0.294429670079636,-0.4433231123919308,0.052900295790671174,-102.53418193881213,-36.85746752873895,-81.47892746045409,129.39012409789103,0.38391495718322827,0.19636180462095984,0.4980457102646302,0.15622190393475557,0.3127641808711477,0.157115,-0.11778300000000003,-0.099138,0.12073499999999998,65.67671441007317,0.073797,0.399123,0.836842,0.315805,0.462077,0.47292,0.344294,0.216667,0.582812
image_20241009_142917_jpg.rf.2ea2b3f5f7e7dfa2df4b0158f8072614.jpg,train,Bad,0,-0.015655702005730653,0.38072825028968715,-0.21992022922636106,-0.1320504287369641,-0.06712527220630374,-0.32792305909617614,-0.4274122636103152,0.03534183082271144,-107.85825068995514,-57.751019609015195,-93.36191239127541,135.073265302642,0.36322591065203486,0.15614895696737777,0.4786096721598927,0.15981121295140713,0.3234856863170301,0.083321,-0.13206099999999998,-0.113148,0.11285899999999999,50.10723108093995,-0.02806700000000001,0.289119,0.707866,0.177731,0.362141,0.261052,0.23008,0.064583,0.475
good_posture_20241013_225738_png.rf.2d1e4913b095c6c59009f39c339495c9.jpg,valid,Good,1,-0.26551202572347266,0.4366371681415928,-0.24591691318327968,-0.14201345132743365,-0.13324192926045011,-0.3643780530973452,-0.43890675241157556,-0.04645946902654876,-88.66525791435801,-70.77913130465002,-83.51802845829168,144.26113188891247,0.4087829155774492,0.1663160336047009,0.5693566542282614,0.1155383104688657,0.3514372604747539,0.054752999999999996,-0.15704500000000002,-0.09378100000000003,0.06748499999999996,17.886126609707986,0.06427500000000003,0.296759,0.670875,0.306281,0.262203,0.361034,0.105158,0.2125,0.329688
image_20241009_225721_jpg.rf.267e65374993f552a87320148960acbc.jpg,valid,Bad,0,-0.0635381621621622,0.37336784935579775,-0.3023654054054054,-0.1314824182358771,-0.11294789189189193,-0.3216505847373637,-0.45585643243243246,0.005450941526263599,-109.1340103611323,-53.85170538898116,-92.98460096209256,129.42295285988416,0.4212353528373419,0.18564372298841667,0.5486141596103767,0.13973450015296865,0.3681780587772715,0.10950699999999997,-0.14990599999999998,-0.08873700000000001,0.10794199999999998,55.28230497215114,-0.028565000000000007,0.353892,0.749397,0.21582,0.351433,0.325327,0.201527,0.127083,0.459375
bad_posture_20241021_141737_png.rf.297eb92485c979df3b2568df663656cb.jpg,train,Bad,0,-0.20821528239202666,0.374653097762073,0.03980491694352149,-0.11772023557126036,0.2675790033222591,-0.29260532391048294,-0.3892587375415283,-0.05948098939929331,-70.34453110287933,-47.27729867470205,-63.17847290752077,169.16309197353385,0.34678858881601055,0.15789649023648372,0.49593443556986444,0.2054580689021485,0.30027810745707056,0.10712500000000003,-0.11599799999999999,-0.20179399999999997,0.038629000000000024,23.067232428177277,0.22377200000000003,0.33723,0.845766,0.453877,0.519184,0.561002,0.403186,0.252083,0.557813
good_posture_20241013_222655_png.rf.2d94bc32518db6f59bf8ede47e414792.jpg,train,Bad,0,-0.11355021148036253,0.3940216086434574,-0.21941317220543805,-0.14894117647058822,0.07977425981873111,-0.32170276110444174,-0.4496468882175226,0.04021608643457385,-98.8078431496921,-36.0018697948038,-77.88466276959555,134.04757917276063,0.35756662945666506,0.19126874965869356,0.4763906050973297,0.17126653927723298,0.2884964352032794,0.15473599999999998,-0.11243,-0.11907399999999999,0.12309999999999999,62.8059733548883,0.09998499999999999,0.396742,0.670875,0.341991,0.317525,0.496727,0.205095,0.222917,0.440625
image_20241007_220813_jpg.rf.2b3e6a64495f4de4c995a8f6e240750d.jpg,test,Bad,0,-0.002613783403656806,0.4264673869900772,-0.08403870604782,-0.16790138919514885,0.19452962025316453,-0.3441942227122381,-0.36591594936708866,0.00716648291069466,-96.12950048188007,-38.91430250374193,-78.66083392773089,141.61056990736918,0.4235876084082253,0.1988673831878923,0.556957540971482,0.19976064722562353,0.3591673423419785,0.15473599999999998,-0.12491999999999998,-0.156574,0.12405200000000005,57.21519797813814,0.10950699999999997,0.38722,0.831489,0.341991,0.410323,0.496727,0.285403,0.185417,0.534375
bad_posture_20241021_145122_png.rf.2ece5bfdc76a246a46f889795dc9640c.jpg,train,Bad,0,-0.25920928571428575,0.3664924119947848,0.11147499999999994,-0.15469288135593232,0.2849178571428571,-0.3036034419817471,-0.19717214285714285,-0.06714555410691005,-50.27837013070478,-36.313940756691224,-46.51145476260611,166.35208870241186,0.4060334220935513,0.15067309315202898,0.5534491697319638,0.22233072304339763,0.2634477591705801,0.12141000000000002,-0.08922999999999998,-0.21605299999999994,0.05246000000000006,13.964429374013555,0.380889,0.341991,0.820781,0.60147,0.508477,0.72288,0.419247,0.385417,0.560937
image_20241007_215802_jpg.rf.2fae486f260ef252dca3638666183304.jpg,valid,Good,1,-0.1899785696969697,0.4444296774193548,-0.23799330909090907,-0.1749974193548387,-0.2342976,-0.38454451612903223,-0.4167681939393939,-0.02419354838709676,-93.68849122035391,-89.1596699435965,-92.54582301171057,134.59342967881307,0.48105247109333094,0.16241646814593647,0.6430897186629561,0.16412290883663988,0.39149513077176323,0.0023819999999999952,-0.162399,-0.115226,0.116873,4.528821276757412,-0.028565000000000007,0.242006,0.835058,0.211059,0.355002,0.213441,0.192603,0.095833,0.471875
bad_posture_20241021_142601_png.rf.2ef6f87c60bd017e1ce417e612156416.jpg,train,Bad,0,-0.07947379061371826,0.43058467289719626,-0.12897559566786995,-0.08978467289719631,0.052530252707581354,-0.3086048598130842,-0.41576490974729235,0.009346542056074672,-93.52306080259017,-61.77162694102478,-83.40723764645439,151.89393423989745,0.34865590864633283,0.1660890853126719,0.49762364752692373,0.14072014181345896,0.3170830708347578,0.07855800000000002,-0.14633600000000002,-0.12412600000000001,0.06629399999999996,31.75143386156539,0.05713299999999999,0.403884,0.845766,0.382459,0.497769,0.461017,0.351433,0.258333,0.564063
bad_posture_20241021_143817_png.rf.30073a36a17282f03ed8ce181862afba.jpg,train,Bad,0,-0.14586976744186037,0.38143402831402823,0.031287441860465164,-0.17420293436293433,0.2261618604651164,-0.3064976061776062,-0.34689860465116273,-0.09845559845559852,-74.23479056403568,-37.477040822031846,-64.41244104966931,167.2541391249134,0.35047267911350805,0.13198761030490708,0.46300455754236375,0.20841059950491958,0.3107021108280406,0.10474500000000003,-0.08030700000000002,-0.20327499999999998,0.04598099999999994,36.75774974200383,0.199967,0.38722,0.835058,0.482442,0.497769,0.587187,0.417462,0.279167,0.54375
bad_posture_20241012_174037_png.rf.32059e1c7a9cb1eb1a875644bac16dd9.jpg,test,Bad,0,-0.25103415525114164,0.3806392817059484,0.017962617960426048,-0.19107250280583615,0.14318636225266354,-0.3141306397306397,-0.39548517503805186,-0.07126823793490462,-70.86616272661603,-53.11726212477315,-67.29583791647762,158.54645838820355,0.4212359698150195,0.10709300268925134,0.5242490289366304,0.22801300894905094,0.3231897548438069,0.06427500000000003,-0.08565999999999996,-0.212215,0.083395,17.748900601842877,0.20234600000000003,0.282477,0.75832,0.420548,0.360355,0.484823,0.274695,0.208333,0.44375
bad_posture_20241021_144407_png.rf.31a56fd9d4d898212f675c88639d68df.jpg,train,Bad,0,-0.12952418670438468,0.4221723001230013,-0.09935818953323898,-0.09481230012300128,-0.0217796888260254,-0.28306046740467405,-0.4302209900990099,0.004305043050430435,-87.09517977665196,-70.2835149476368,-82.43205213200886,160.99183596719183,0.3287884611722255,0.12701334571217307,0.4518690635936477,0.19328966481682355,0.31309459060322337,0.04285,-0.11956699999999998,-0.18275000000000002,0.06295499999999998,16.811664829015157,0.05951200000000001,0.401505,0.840411,0.418167,0.512045,0.461017,0.392478,0.235417,0.575
good_posture_20241013_222638_png.rf.32c28bcc9ec05e5c169bcaf9558bb899.jpg,train,Bad,0,-0.06543331343283579,0.38772850855745733,-0.24279928358208946,-0.1400586797066014,0.01642937313432839,-0.31040039119804397,-0.4572145671641791,-0.018336625916870308,-105.38975717863187,-38.73876513646369,-84.51389102393661,145.27440896530078,0.34983301033636033,0.17395993211369104,0.4482010267770479,0.1365548213465933,0.33075021440658203,0.13568999999999998,-0.10885900000000001,-0.11223300000000003,0.07778800000000002,66.65099204216818,0.04285,0.413406,0.654814,0.320566,0.317525,0.456256,0.208666,0.208333,0.395313
good_posture_20241021_141630_png.rf.33f7a760d5db4e5381b0eddf65b94d42.jpg,train,Good,1,-0.19913536633663356,0.38101651137594794,-0.21724039603960388,-0.12385265438786569,-0.024155564356435646,-0.31936537378114843,-0.3983489900990098,0.02437772481040081,-91.1240276217404,-61.61611059295637,-82.21637157024624,123.76212443614536,0.3641280678731042,0.1602476020819032,0.509737425451575,0.12857128665841372,0.26891214200180696,0.07617799999999997,-0.14098299999999997,-0.07145299999999999,0.10688799999999998,29.50791702878403,0.06903499999999996,0.351513,0.811858,0.34437,0.4478,0.420548,0.306817,0.272917,0.554688
bad_posture_20241021_141737_png.rf.33a26ef127c90265de90fa9e3aaabcf3.jpg,train,Bad,0,-0.20821528239202666,0.374653097762073,0.03980491694352149,-0.11772023557126036,0.2675790033222591,-0.29260532391048294,-0.3892587375415283,-0.05948098939929331,-70.34453110287933,-47.27729867470205,-63.17847290752077,169.16309197353385,0.34678858881601055,0.15789649023648372,0.49593443556986444,0.2054580689021485,0.30027810745707056,0.10712500000000003,-0.11599799999999999,-0.20179399999999997,0.038629000000000024,23.067232428177277,0.22377200000000003,0.33723,0.845766,0.453877,0.519184,0.561002,0.403186,0.252083,0.557813
image_20241009_224235_jpg.rf.2d2c0a23f69b0dcf93a0bbf3be5ea7a0.jpg,train,Bad,0,-0.03100669577874813,0.37959586358635855,-0.1552002328966521,-0.15566521452145216,0.008911790393013099,-0.3064418921892189,-0.42527836972343525,-0.0005500550055005188,-99.94616018657449,-50.55861406495642,-87.48196476414819,142.76781188961988,0.3859191752297364,0.13864881661593798,0.4876648687992606,0.1820620396238601,0.34301615579736183,0.088082,-0.107075,-0.14495600000000003,0.11015600000000003,49.387546121618065,0.021424999999999972,0.46578,0.701213,0.399123,0.321094,0.487205,0.214019,0.254167,0.43125
bad_posture_20241013_222736_png.rf.33f9145d1e68fb8731feb77dff09f27c.jpg,train,Bad,0,-0.061318282208588926,0.3885149668874172,-0.1267474846625767,-0.17877509933774835,0.08822969325153371,-0.33005103752759385,-0.4335371779141104,0.018764503311258254,-94.7447586102108,-44.35743717655803,-81.48195977316918,138.1799158582009,0.40291576267130574,0.15315411075449462,0.5142829134591194,0.20969152935204605,0.323174873090406,0.10950399999999999,-0.107075,-0.156271,0.13982099999999997,50.387321433652765,0.07617599999999997,0.406266,0.685152,0.372938,0.283617,0.482442,0.176542,0.216667,0.423438
good_posture_20241012_174351_png.rf.2e30b27f031e99e702f180d255d86044.jpg,train,Good,1,-0.2735272309899569,0.4090536373507058,-0.29101383070301284,-0.13907543973941366,-0.22106375896700142,-0.3523740282301846,-0.43591644189383066,-0.041802388707926186,-91.38303746972728,-76.06174075250306,-87.01509158944826,138.42569337272647,0.3945109292529169,0.1581310334026816,0.5486153144645162,0.10547313068739356,0.33624063035421525,0.03808999999999996,-0.153475,-0.07890400000000003,0.06999099999999997,15.321296717224229,0.028567999999999982,0.296759,0.736905,0.287237,0.342509,0.325327,0.189034,0.208333,0.4125
bad_posture_20241021_143616_png.rf.332dc9cabecffe9e3e4f5a10edf4c98a.jpg,train,Bad,0,-0.17944357024793386,0.32563883495145624,-0.038423537190082645,-0.17058485436893206,0.22851464462809906,-0.30642019417475735,-0.40743801652892564,-0.03883495145631071,-78.21397786075411,-34.72447174812385,-64.64375250982577,154.06767014094865,0.32632380368584823,0.15351000630577796,0.4502654100860958,0.19394510688594338,0.25819392144084263,0.12616999999999995,-0.08744400000000002,-0.17441700000000002,0.084814,43.489506112630266,0.19282399999999994,0.351513,0.806505,0.418167,0.487061,0.544337,0.399617,0.24375,0.571875
bad_posture_20241021_141725_png.rf.2f5d2755b7b58cdab695a3b597766de2.jpg,train,Bad,0,-0.17966027397260273,0.3346252631578946,-0.25270794520547946,-0.18134245614035094,0.11774246575342463,-0.3165957894736843,-0.4680372602739726,0.00657894736842099,-95.18010926677601,-29.690237302646945,-73.69904823240128,126.2691581882792,0.3691346186867333,0.19456072509116532,0.48342852225018745,0.16607072822144184,0.26822063021512715,0.169018,-0.09636800000000001,-0.09824399999999997,0.133894,65.48987196412907,0.13568999999999998,0.358655,0.811858,0.325327,0.444231,0.494345,0.347863,0.227083,0.578125
good_posture_20241012_174351_png.rf.3047769fc04c650c20a7c3be12bfa694.jpg,train,Good,1,-0.2735272309899569,0.4090536373507058,-0.29101383070301284,-0.13907543973941366,-0.22106375896700142,-0.3523740282301846,-0.43591644189383066,-0.041802388707926186,-91.38303746972728,-76.06174075250306,-87.01509158944826,138.42569337272647,0.3945109292529169,0.1581310334026816,0.5486153144645162,0.10547313068739356,0.33624063035421525,0.03808999999999996,-0.153475,-0.07890400000000003,0.06999099999999997,15.321296717224229,0.028567999999999982,0.296759,0.736905,0.287237,0.342509,0.325327,0.189034,0.208333,0.4125
image_20241007_230643_jpg.rf.3635a6fbd002709241fc250ea92ad142.jpg,train,Bad,0,-0.0054069565217390834,0.37849721081081084,-0.0757913043478261,-0.1845464216216217,0.14777391304347826,-0.3623501837837838,-0.3786226086956522,-0.028649340540540545,-95.68023963304941,-44.98684859251284,-80.6575347296686,147.09732208968074,0.4088947696046014,0.18175543893099866,0.5425748917200279,0.20739536152961568,0.36417339047492203,0.12855,-0.12849099999999997,-0.17412799999999998,0.11266000000000004,50.69339104053657,0.08807899999999996,0.406266,0.808289,0.365795,0.401402,0.494345,0.272911,0.191667,0.514062
bad_posture_20241012_172807_png.rf.29f57464ac586b6e93ae29230fbbc1db.jpg,train,Bad,0,-0.18014104683195595,0.36172625454545454,-0.11718126721763084,-0.169888,0.08008330578512407,-0.33048067878787873,-0.3953168044077135,-0.04181818181818185,-84.05013867650685,-42.772260986728504,-71.69463745862507,152.37927313905013,0.3444978145997446,0.15242104856285435,0.4699292600136748,0.17804582851052703,0.28730720741742627,0.11188600000000004,-0.10350699999999996,-0.157755,0.08254499999999998,41.27787768977834,0.14759600000000006,0.365795,0.772597,0.401505,0.429955,0.513391,0.326448,0.24375,0.5125
bad_posture_20241012_172107_png.rf.32fa87db9887c89def7ec63fecbb7968.jpg,test,Bad,0,-0.22615826086956517,0.39051327607361974,-0.21787826086956513,-0.2008781349693251,-0.027431304347826056,-0.33541320245398765,-0.46376869565217393,-0.0631893987730061,-89.27560570584252,-38.03401870836244,-76.113744071417,148.1984352137074,0.37658009721837404,0.13903089573904065,0.47612622732317533,0.16636146588077422,0.3195604732081238,0.10950699999999997,-0.08566099999999999,-0.141387,0.087669,51.241586997480084,0.11426799999999998,0.382459,0.790444,0.38722,0.413894,0.496727,0.328233,0.245833,0.501563
image_20241007_192602_jpg.rf.3425c8783abe8a0b0d6cbe29a8184dfe.jpg,valid,Bad,0,-0.11993129682997124,0.38350162513542796,-0.04968069164265138,-0.20056112676056345,0.18741440922190192,-0.3490508342361864,-0.42795389048991356,-0.03412784398699898,-84.8323735193609,-39.79241653313464,-72.49152736616794,149.66540950879934,0.42288282870908817,0.16730259449572202,0.5538998081259823,0.2376285320011046,0.34435784663050734,0.12855,-0.10707499999999998,-0.20509499999999997,0.12001400000000001,45.03995698622626,0.16663899999999998,0.242006,0.80115,0.280095,0.379986,0.408645,0.272911,0.075,0.5
bad_posture_20241013_225714_png.rf.3210b84c449ff501406d17a5aa244415.jpg,test,Bad,0,-0.2719327415143603,0.39408145785876997,-0.037231540469973824,-0.1678808200455581,0.13382057441253273,-0.32918706150341687,-0.2510884595300261,-0.08086560364464694,-69.97978603105831,-47.22658442063794,-63.92116531412186,154.9967103869684,0.41026237696990936,0.150734620482489,0.5523519338365713,0.14121408700621907,0.3260227221099781,0.10236400000000001,-0.110646,-0.12798000000000004,0.05968699999999999,22.75320161042037,0.24281800000000003,0.339609,0.672659,0.480063,0.287188,0.582427,0.176542,0.352083,0.346875
good_posture_20241021_141636_png.rf.32c564f884f7666e633d31bcf5e35843.jpg,train,Good,1,-0.23086295857988157,0.41004527659574475,-0.2804459171597633,-0.09055319148936171,-0.19480520710059165,-0.3262706382978723,-0.41124260355029585,0.09787234042553195,-94.07428602614057,-75.35707149927508,-87.98304373467448,116.52843643748652,0.3685584319005604,0.17891619117899862,0.5410672154852851,0.15465856767085362,0.2482569609759211,0.04522900000000002,-0.17310499999999995,-0.069077,0.13837500000000003,18.71721452686549,0.019042999999999977,0.351513,0.838627,0.325327,0.471,0.370556,0.297895,0.25625,0.609375
image_20241007_230212_jpg.rf.38a12739416503ae6c83c534b2d84c11.jpg,test,Bad,0,-0.1231330612244898,0.43299679500520305,-0.1930922448979592,-0.15174210197710714,0.0012391836734694035,-0.3466537356919875,-0.3622448979591837,0.061914006243496446,-95.57473925886083,-50.87549488645211,-82.58510929776912,122.85786960656804,0.4410972462178834,0.18863162428394664,0.5902831507785057,0.1909587665361295,0.3147513849691531,0.11902800000000002,-0.146336,-0.103606,0.16040900000000002,44.69924437240872,0.07617800000000002,0.327706,0.808289,0.284856,0.369278,0.403884,0.222942,0.18125,0.529687
bad_posture_20241012_173222_png.rf.37f9d34cf8ee49f6058c758b40fcdcff.jpg,test,Bad,0,-0.23129696969696964,0.3522317297850564,-0.2522829752066115,-0.15746505629477991,-0.06761212121212119,-0.3491846878198566,-0.43388429752066116,0.01381780962128975,-91.75245598164005,-54.40602822811559,-80.16216104495629,128.23303854966937,0.3892240475266142,0.179959220227806,0.543368078271074,0.16643790185231253,0.28270944810883136,0.10474299999999998,-0.14633599999999997,-0.10300200000000001,0.13073700000000005,37.346427753524466,0.09283999999999998,0.358655,0.783305,0.346752,0.394263,0.451495,0.247927,0.24375,0.525
image_20241007_222646_jpg.rf.36753081069edfad4aa003115328f6d1.jpg,valid,Good,1,-0.11191948519948515,0.454156467124632,-0.16682440154440148,-0.18024117762512268,-0.13152967824967823,-0.36630217860647696,-0.37816442728442723,-0.013248282630029454,-93.77563382498055,-81.76957535754525,-91.04411073896804,133.9797888604505,0.5061385421413785,0.14966348087960538,0.6532704673104395,0.18474820557721258,0.40568167664438587,0.021424999999999972,-0.148122,-0.12829000000000002,0.132942,12.006058467435295,-0.011904000000000026,0.432452,0.856473,0.399123,0.351433,0.420548,0.203311,0.270833,0.484375
good_posture_20241013_222712_png.rf.3731d4225d69436f21124bea42e47d9e.jpg,train,Good,1,-0.16979262745098042,0.3217553526970953,-0.1877126274509805,-0.19244614107883817,0.021399215686274405,-0.4033380912863071,-0.4058823529411765,-0.035270373443983406,-91.05626099479363,-62.31939291391124,-82.05859132674586,126.29163233516944,0.38732381564267376,0.17935501863064776,0.5513737453669697,0.14686207971426796,0.2848644304120821,0.083318,-0.15882800000000002,-0.08692699999999998,0.118373,28.736868080882395,0.07617799999999997,0.375317,0.642322,0.368177,0.255064,0.451495,0.096236,0.28125,0.373437
bad_posture_20241021_141755_png.rf.3486647c4a4c92ceafe97a60bf4b8222.jpg,test,Bad,0,-0.22820816944024214,0.36168351219512207,-0.057646717095310156,-0.15924682926829264,0.2373865052950076,-0.28460253658536583,-0.405194795763994,-0.04146341463414624,-75.21506919432673,-27.793309982411515,-59.85517590361603,157.19722288143478,0.3451486869191306,0.17222575035400486,0.47877742931867623,0.19469229979893918,0.27396119864864077,0.15235700000000002,-0.08030599999999999,-0.179476,0.07545500000000005,47.421759211915216,0.24043600000000004,0.33723,0.845766,0.425309,0.512045,0.577666,0.431739,0.245833,0.5875
bad_posture_20241012_174240_png.rf.327bb600c93faad947fa8cd167cfb456.jpg,valid,Bad,0,-0.322384,0.3302373983739837,-0.3128600000000001,-0.17583349593495937,-0.14463600000000007,-0.349939512195122,-0.4097226666666667,-0.014226991869918737,-88.94813985702177,-46.690978505142105,-75.69701312787883,120.31716178505835,0.38910756894848497,0.18393634920808882,0.5396124458507234,0.1439163709728674,0.2727884184949941,0.126168,-0.133844,-0.07264699999999996,0.12423499999999998,42.25716135187967,0.13331099999999996,0.330087,0.73512,0.33723,0.346078,0.463398,0.212234,0.264583,0.470313
image_20241007_191348_jpg.rf.38ce18118d987080490c0f8a28ca1102.jpg,train,Good,1,-0.15441427101200678,0.4364048582995952,-0.17532459691252142,-0.17165732793522268,-0.1126045969125214,-0.36586882591093123,-0.39822682675814747,-0.020242914979757085,-91.16248524482754,-79.21080207758519,-88.23862577522364,130.98012682216884,0.4694446204612425,0.15260465962086478,0.619547730908604,0.15481157500006257,0.3695544696333682,0.02856700000000001,-0.14990699999999998,-0.10152499999999998,0.116873,11.95168316724235,0.019042999999999977,0.277716,0.82435,0.268192,0.355002,0.296759,0.205095,0.166667,0.471875
image_20241008_201104_jpg.rf.38fea24d8a74207f7e5f9c269d42f0c5.jpg,test,Bad,0,-0.01752287769784171,0.3790150210970464,-0.31651491606714627,-0.1373475105485233,-0.16671654676258998,-0.33975358649789034,-0.4440452757793765,0.050632911392405035,-116.99448953287916,-56.932237251238014,-100.3486270279365,120.83048639061029,0.4291913152721057,0.17888111766757267,0.5411407727431006,0.16213468649551832,0.3692991688319919,0.09760299999999997,-0.14990699999999996,-0.08309400000000002,0.13922300000000004,60.06225228164114,-0.09720900000000005,0.348739,0.783833,0.153927,0.401402,0.25153,0.251495,0.070833,0.540625
bad_posture_20241021_143653_png.rf.38ecbc3672dfa92fef4f0c74d4971574.jpg,train,Bad,0,-0.09190031152647983,0.380299251870324,0.0766330218068536,-0.16547072319202005,0.21427489096573196,-0.3278200498753119,-0.34527451713395646,-0.05112139650872835,-76.1152045729099,-55.836311181383685,-70.9083398251295,161.2951534808291,0.3522517261575875,0.12293630293774088,0.4695054271432866,0.22341296824043141,0.2986949384120863,0.06903599999999993,-0.10172200000000003,-0.21161300000000005,0.07164699999999996,20.278893391526218,0.15356599999999998,0.38125,0.834375,0.46578,0.492416,0.534816,0.390694,0.254167,0.564063
good_posture_20241013_222741_png.rf.3965b00d5d1cbce84957ffe611485af4.jpg,train,Good,1,-0.139998783269962,0.47439112024665986,-0.16317019011406841,-0.16182939362795473,-0.01255604562737647,-0.3707706474820144,-0.3783269961977186,-0.033401849948612464,-91.12793523285036,-68.70984880033402,-85.33972463225723,132.16618099582553,0.48372072894698237,0.17046136522097904,0.6445860289100284,0.13171191928219708,0.39823284124742897,0.061892999999999976,-0.15882800000000002,-0.088416,0.09762500000000002,22.418086432516347,0.052371,0.372938,0.754752,0.363416,0.271125,0.425309,0.112297,0.275,0.36875
bad_posture_20241021_144638_png.rf.3c1f2ba9178a59285da3cbeb8154e7a5.jpg,train,Bad,0,-0.24902820717131474,0.4387417751479291,-0.05478948207171313,-0.1559829585798817,0.24466082337317402,-0.2843881656804734,-0.3831341301460823,-0.05621301775147925,-70.0083841611996,-21.054443722019776,-52.74788871982671,164.74176906276335,0.3342287348658102,0.18876291086174743,0.4797898754590389,0.20021673447042332,0.2730436999236569,0.176161,-0.06781399999999999,-0.19315899999999997,0.05269100000000004,48.953940439179824,0.290428,0.353892,0.833273,0.468159,0.519184,0.64432,0.45137,0.275,0.571875
bad_posture_20241021_142123_png.rf.3935e954e723b14204ade1e76de90d28.jpg,test,Bad,0,-0.33082825278810407,0.35512482840236687,-0.1533634696406443,-0.1666107455621302,0.13360396530359359,-0.2882607337278107,-0.38517194547707556,-0.05502958579881664,-72.00377921485786,-23.935333297310457,-55.41783150389631,153.2511430359095,0.3621442189584145,0.19794663078718966,0.5158851774620008,0.16366178791947741,0.27292510218006705,0.18092399999999997,-0.08030799999999999,-0.14614800000000003,0.07366099999999998,48.0684459175474,0.29281,0.280095,0.845766,0.391981,0.501339,0.572905,0.421031,0.245833,0.575
bad_posture_20241021_142530_png.rf.3a694c19a94333d4a65bf6ce44ffddc8.jpg,train,Bad,0,-0.23855170532060022,0.34771624309392263,0.06075525238744889,-0.1602510497237569,0.2977071759890861,-0.2864565745856354,-0.29263301500682126,-0.12707182320441993,-59.181832608649216,-27.74801084186359,-49.43266051129305,174.70176770683872,0.33455966248339025,0.1533236351284433,0.47220128767295844,0.2032383260829512,0.2703318656836445,0.13569200000000003,-0.07138500000000003,-0.20237,0.018766999999999978,31.433821766785627,0.30709200000000003,0.38722,0.815427,0.55862,0.528108,0.694312,0.456723,0.35625,0.546875
bad_posture_20241021_142111_png.rf.3bf68ce6dd612e0a0178a814ee471d3e.jpg,valid,Bad,0,-0.2797098842975206,0.4124328110599078,-0.2293413553719008,-0.1612696774193549,0.18869183471074377,-0.2928530875576037,-0.45041322314049587,-0.0184331797235024,-86.49821407504653,-24.30397431804494,-65.16049381476603,137.17011864259587,0.3897697410176937,0.21679995455719078,0.5270284303839784,0.14247955082045982,0.30311655285879724,0.19758599999999998,-0.08922999999999998,-0.104491,0.09686099999999997,62.1942397570016,0.22139299999999995,0.318184,0.867181,0.341991,0.478139,0.539577,0.388909,0.2375,0.575
image_20241009_142917_jpg.rf.3e7f8fb19edc4be36f10d4bbd3e8f2ce.jpg,train,Bad,0,-0.015655702005730653,0.38072825028968715,-0.21992022922636106,-0.1320504287369641,-0.06712527220630374,-0.32792305909617614,-0.4274122636103152,0.03534183082271144,-107.85825068995514,-57.751019609015195,-93.36191239127541,135.073265302642,0.36322591065203486,0.15614895696737777,0.4786096721598927,0.15981121295140713,0.3234856863170301,0.083321,-0.13206099999999998,-0.113148,0.11285899999999999,50.10723108093995,-0.02806700000000001,0.289119,0.707866,0.177731,0.362141,0.261052,0.23008,0.064583,0.475
image_20241007_230212_jpg.rf.3e2f978c1810e70df074d912a716d08a.jpg,test,Bad,0,-0.1231330612244898,0.43299679500520305,-0.1930922448979592,-0.15174210197710714,0.0012391836734694035,-0.3466537356919875,-0.3622448979591837,0.061914006243496446,-95.57473925886083,-50.87549488645211,-82.58510929776912,122.85786960656804,0.4410972462178834,0.18863162428394664,0.5902831507785057,0.1909587665361295,0.3147513849691531,0.11902800000000002,-0.146336,-0.103606,0.16040900000000002,44.69924437240872,0.07617800000000002,0.327706,0.808289,0.284856,0.369278,0.403884,0.222942,0.18125,0.529687
image_20241008_205601_jpg.rf.3c259c2652b28c600755443c50c0a336.jpg,test,Good,1,-0.1571394242803505,0.3768381301558204,-0.17239369211514402,-0.11728645279560038,-0.12662768460575724,-0.3120071860678277,-0.3631617521902379,0.037121906507791055,-91.29516645235279,-80.23346626112715,-88.1420344513578,132.1390766611298,0.42127162660212475,0.1684097372036427,0.5874418352526487,0.17748581194563132,0.3168293383416378,0.028568000000000038,-0.16596899999999998,-0.11908099999999999,0.13160900000000003,11.06170019122564,0.019046000000000007,0.30152,0.783305,0.291998,0.362141,0.320566,0.196172,0.172917,0.49375
bad_posture_20241021_144550_png.rf.3f64bacc0e064f11a89913b59cd9b5d6.jpg,train,Bad,0,-0.1680023188405797,0.37251396419437327,-0.16358910144927533,-0.14743774936061388,0.2029472463768116,-0.2964137084398978,-0.4391304347826087,0.031968491048593235,-89.57090924465314,-24.732445240847632,-63.92734954172086,143.57569424041705,0.3176669082624125,0.21754070336605974,0.4549721114024463,0.18459638239142176,0.2542575834247624,0.19758599999999998,-0.09101500000000001,-0.14853400000000003,0.10960599999999998,64.83846400380551,0.199965,0.358655,0.831489,0.361034,0.513831,0.55862,0.422816,0.2125,0.623437
bad_posture_20241021_142406_png.rf.38d1dd24d4964d9ebfcdc3446a5b0acb.jpg,train,Bad,0,-0.2668372192513369,0.34823539267015696,-0.06722395721925131,-0.1510785340314138,0.17719443850267375,-0.28263371727748704,-0.3814622459893048,-0.013089842931937289,-68.62448498292217,-28.799828580117403,-55.429232479444174,155.84309036805163,0.3200432439296291,0.16299289772256945,0.4572967219005621,0.2012574911226909,0.2258288728484469,0.14283199999999996,-0.07852199999999998,-0.183633,0.08236200000000005,39.82465640280476,0.25948099999999996,0.375317,0.792228,0.491966,0.4942,0.634798,0.415678,0.308333,0.576562
bad_posture_20241021_145335_png.rf.435f0b82fd832565cbf6ee1e2a9f5b84.jpg,train,Bad,0,-0.27347682737169526,0.4093763184079601,-0.04601306376360813,-0.18158248756218914,0.21462917573872478,-0.31511641791044787,-0.40979782270606535,-0.03731343283582089,-72.89010174826367,-32.643922638665025,-61.68380233784483,153.62425538238466,0.3883850674794282,0.15549396129753723,0.5169256174663818,0.20397925920543983,0.2888130248603757,0.13093200000000005,-0.083876,-0.182745,0.09061900000000006,40.24617910959865,0.24519700000000005,0.33723,0.861827,0.451495,0.490631,0.582427,0.406755,0.26875,0.58125
bad_posture_20241021_145211_png.rf.43ef51223cb60a15dcaa94bc3d2f6daf.jpg,train,Bad,0,-0.3417354838709678,0.3375788832487311,0.026864516129032193,-0.20160649746192885,0.23266967741935485,-0.29146964467005065,-0.21774193548387105,-0.13705583756345158,-49.284626006013134,-19.129029926957852,-41.0207283365723,168.16068828955883,0.43793378531577126,0.16882077681671773,0.5900336816318201,0.1936904050824408,0.3075928084887551,0.15949900000000006,-0.05532199999999998,-0.18957000000000002,0.03973900000000008,30.155596079055282,0.44516400000000006,0.285155,0.842197,0.57082,0.510261,0.730319,0.454939,0.38125,0.55
bad_posture_20241021_143924_png.rf.3d6e2e2bcc99dda3cebcf3c029447012.jpg,train,Bad,0,-0.13009689440993796,0.3916738840937117,-0.07331577639751553,-0.16320059186189873,0.18691975155279505,-0.3096651048088778,-0.38509316770186336,-0.036374845869297026,-85.3543802057538,-35.327589117574526,-70.25502315440119,152.875358577078,0.35272380108095913,0.1604823390968614,0.47212211926259084,0.1762472340350339,0.3000232136118804,0.13093100000000002,-0.09279900000000002,-0.15686300000000003,0.08035599999999998,50.02679108817927,0.15949900000000006,0.365795,0.849334,0.394363,0.497769,0.525294,0.40497,0.2375,0.578125
bad_posture_20241021_143948_png.rf.3f8e32747c7b5a6af3f5b45aef4dd8bc.jpg,train,Bad,0,-0.07758910216718257,0.3803743842364533,-0.0681555417956655,-0.1372468965517241,0.21486117647058825,-0.3201008866995073,-0.40196012383900925,-0.04926108374384236,-89.16932297058396,-39.08046134319696,-71.62603506727874,161.66908283535682,0.3284005132106222,0.18400373156270494,0.4682349236355614,0.17747269070197816,0.31793577486026964,0.14283499999999993,-0.11599799999999999,-0.16846700000000003,0.05581599999999998,50.088861627387004,0.14759599999999995,0.399123,0.84755,0.403884,0.519184,0.546719,0.403186,0.235417,0.575
image_20241008_200649_jpg.rf.42792422e5ed0f570f959b6cb7d76779.jpg,train,Good,1,-0.11283425352112676,0.42804016194331984,-0.2201270985915493,-0.12453506072874491,-0.1471670985915493,-0.34648809716599194,-0.36666726760563384,0.048582348178137676,-97.9434350381345,-76.70897411202422,-91.8245246307453,121.31212187728329,0.43065110420966063,0.17603511950744374,0.5981422438325185,0.15640565616690466,0.32497841780647524,0.040470000000000006,-0.17132,-0.08128400000000002,0.133625,21.234460926110273,-0.019044000000000005,0.349131,0.797581,0.289617,0.371062,0.330087,0.199742,0.208333,0.504687
good_posture_20241021_141636_png.rf.40c0cf5ae5241fff3bfc3d1eac885786.jpg,train,Good,1,-0.23086295857988157,0.41004527659574475,-0.2804459171597633,-0.09055319148936171,-0.19480520710059165,-0.3262706382978723,-0.41124260355029585,0.09787234042553195,-94.07428602614057,-75.35707149927508,-87.98304373467448,116.52843643748652,0.3685584319005604,0.17891619117899862,0.5410672154852851,0.15465856767085362,0.2482569609759211,0.04522900000000002,-0.17310499999999995,-0.069077,0.13837500000000003,18.71721452686549,0.019042999999999977,0.351513,0.838627,0.325327,0.471,0.370556,0.297895,0.25625,0.609375
image_20241008_201334_jpg.rf.400d290f0ab9dbf2bf39aa94aae3e964.jpg,valid,Good,1,-0.15236483516483518,0.40156000000000003,-0.13981098901098904,-0.156125,-0.07284131868131864,-0.3122775,-0.3434065934065934,-0.013671250000000038,-89.08313621051111,-73.04341778306373,-85.47160123726916,135.45684434766957,0.44620512940126544,0.1305996860830837,0.572858278582932,0.162468604333268,0.34950362408707586,0.03808900000000004,-0.124922,-0.11579499999999998,0.11396299999999998,16.039718427447383,0.04522900000000002,0.358655,0.786873,0.365795,0.340725,0.403884,0.215803,0.25,0.454688
good_posture_20241013_225743_png.rf.3b812ccf74f235b49209ce40410ccd4d.jpg,valid,Good,1,-0.2440071111111111,0.43118689655172415,-0.2633513650793651,-0.12757586206896548,-0.11341663492063496,-0.36880344827586203,-0.3994702222222223,0.07327517241379314,-91.34635563639857,-67.12236313343902,-83.67626766012988,114.70638557654286,0.4052148689892808,0.1898219210628741,0.5835436193413479,0.16028965875876086,0.2705325035647288,0.07379599999999997,-0.17489000000000002,-0.06699600000000003,0.145617,24.223992502959547,0.06427499999999997,0.318184,0.679798,0.308663,0.274695,0.382459,0.099805,0.241667,0.420312
bad_posture_20241021_142448_png.rf.3d1d4eaf6f4bcf9693c12ec03f558b6c.jpg,train,Bad,0,-0.24516898817345595,0.39603680224403914,0.003082049934296973,-0.18064000000000002,0.23531879106438894,-0.33442131837307165,-0.3247913797634691,-0.1493688639551193,-65.32281043691239,-31.815803499567917,-54.92835064987692,174.8936221408591,0.3535116393812231,0.16248595048495731,0.49715423840997264,0.19570773189120555,0.30747388036709716,0.13807199999999997,-0.08566100000000004,-0.19493099999999997,0.017418999999999962,33.50700693734447,0.28566499999999995,0.401505,0.835058,0.549098,0.513831,0.68717,0.42817,0.354167,0.53125
bad_posture_20241021_141725_png.rf.413be557d70af63d6167cb7aafd54cc6.jpg,train,Bad,0,-0.17966027397260273,0.3346252631578946,-0.25270794520547946,-0.18134245614035094,0.11774246575342463,-0.3165957894736843,-0.4680372602739726,0.00657894736842099,-95.18010926677601,-29.690237302646945,-73.69904823240128,126.2691581882792,0.3691346186867333,0.19456072509116532,0.48342852225018745,0.16607072822144184,0.26822063021512715,0.169018,-0.09636800000000001,-0.09824399999999997,0.133894,65.48987196412907,0.13568999999999998,0.358655,0.811858,0.325327,0.444231,0.494345,0.347863,0.227083,0.578125
good_posture_20241012_174341_png.rf.3ff07b605a1398058f9ff2a54572a31a.jpg,train,Good,1,-0.16246777777777782,0.3475544223107569,-0.27356333333333327,-0.1234078087649403,-0.16776111111111114,-0.3509265338645418,-0.42245444444444447,-0.0019913944223107667,-97.70710895437881,-75.0620886138909,-90.24910551364502,125.12738205066935,0.3727784690268471,0.1847018649635135,0.5478761781324317,0.11644324667837122,0.29809315097968947,0.04761099999999996,-0.17845999999999998,-0.06700100000000003,0.09523600000000004,22.645020340487918,-0.0023819999999999952,0.325327,0.747613,0.275334,0.378202,0.322945,0.199742,0.208333,0.473438
bad_posture_20241021_145134_png.rf.39ef3cc31258fb61e2ec3c7790d72e77.jpg,train,Bad,0,-0.3021967184035478,0.37372086461888493,0.08966917960088679,-0.15122184300341313,0.27209046563192896,-0.2785592718998864,-0.20214385809312646,-0.07224045506257125,-52.546964476665096,-34.2251492075207,-47.90320591013454,165.22439053042837,0.4540997187766141,0.15547260377635672,0.6036724250270175,0.21266954745096905,0.31426129022837035,0.12855000000000005,-0.087445,-0.20563699999999996,0.05423800000000001,18.321815269144395,0.404693,0.325327,0.854688,0.60147,0.4942,0.73002,0.406755,0.395833,0.548438
bad_posture_20241021_142601_png.rf.37ffa45d5fc89944a645eb1a0a1d8757.jpg,train,Bad,0,-0.07947379061371826,0.43058467289719626,-0.12897559566786995,-0.08978467289719631,0.052530252707581354,-0.3086048598130842,-0.41576490974729235,0.009346542056074672,-93.52306080259017,-61.77162694102478,-83.40723764645439,151.89393423989745,0.34865590864633283,0.1660890853126719,0.49762364752692373,0.14072014181345896,0.3170830708347578,0.07855800000000002,-0.14633600000000002,-0.12412600000000001,0.06629399999999996,31.75143386156539,0.05713299999999999,0.403884,0.845766,0.382459,0.497769,0.461017,0.351433,0.258333,0.564063
bad_posture_20241021_143705_png.rf.443355501ea968ca5a43241a8ffa22c2.jpg,train,Bad,0,-0.18896687116564423,0.42416674571804996,-0.04876171779141109,-0.11755994729907784,0.2176294478527606,-0.29813776021080374,-0.38241374233128844,-0.017787404479578436,-77.4655455760941,-38.27740134800089,-64.19352074590061,160.8066884193652,0.3290701648858493,0.17285275287943777,0.4757508470996137,0.17995695140782977,0.2799778644714614,0.13569299999999995,-0.10707699999999998,-0.16995400000000002,0.05916200000000005,39.18814422809321,0.20710999999999996,0.34437,0.838627,0.415787,0.5174,0.55148,0.410323,0.245833,0.576562
bad_posture_20241021_180513_png.rf.40db3268c827839853278b39eb8bc96f.jpg,train,Bad,0,-0.2240445193929174,0.4185784242424242,0.05857430016863393,-0.1328804848484849,0.21786414839797644,-0.3151615353535354,-0.29988829679595286,0.0010101010101009526,-72.93465954365742,-62.370686041471664,-70.16294338772202,148.0534848912023,0.4461632503747927,0.15912905424528867,0.60330098125894,0.1957109038786546,0.32486875525048575,0.07379600000000008,-0.14098300000000002,-0.16606899999999997,0.10355599999999998,10.563973502185753,0.20472800000000002,0.38722,0.901088,0.518152,0.474569,0.591948,0.333586,0.352083,0.578125
good_posture_20241013_222638_png.rf.44f12601fc184bab83639a4eeedfcc7e.jpg,train,Bad,0,-0.06543331343283579,0.38772850855745733,-0.24279928358208946,-0.1400586797066014,0.01642937313432839,-0.31040039119804397,-0.4572145671641791,-0.018336625916870308,-105.38975717863187,-38.73876513646369,-84.51389102393661,145.27440896530078,0.34983301033636033,0.17395993211369104,0.4482010267770479,0.1365548213465933,0.33075021440658203,0.13568999999999998,-0.10885900000000001,-0.11223300000000003,0.07778800000000002,66.65099204216818,0.04285,0.413406,0.654814,0.320566,0.317525,0.456256,0.208666,0.208333,0.395313
image_20241008_201104_jpg.rf.451575ce4c9e1338b56ca9e927507e1d.jpg,test,Bad,0,-0.01752287769784171,0.3790150210970464,-0.31651491606714627,-0.1373475105485233,-0.16671654676258998,-0.33975358649789034,-0.4440452757793765,0.050632911392405035,-116.99448953287916,-56.932237251238014,-100.3486270279365,120.83048639061029,0.4291913152721057,0.17888111766757267,0.5411407727431006,0.16213468649551832,0.3692991688319919,0.09760299999999997,-0.14990699999999996,-0.08309400000000002,0.13922300000000004,60.06225228164114,-0.09720900000000005,0.348739,0.783833,0.153927,0.401402,0.25153,0.251495,0.070833,0.540625
bad_posture_20241021_144118_png.rf.45fd4518616a023f1bf4ff52c81a7b2f.jpg,train,Good,1,-0.1646726530612245,0.3038617179215271,-0.23204462585034016,-0.17092055143160123,-0.02475428571428579,-0.3550206574761399,-0.35260843537414965,0.013255567338282079,-95.05642436553342,-54.92782284100854,-82.45714131285956,112.20418768449964,0.3511475310492728,0.1657199658339332,0.48964794959848446,0.14655401069912755,0.23084639029883056,0.09522399999999998,-0.13562999999999997,-0.05538399999999999,0.13568599999999997,40.128601524524875,0.06427499999999997,0.363416,0.80472,0.332467,0.454939,0.427691,0.319309,0.277083,0.590625
bad_posture_20241012_173222_png.rf.45f3af8f3bc40181e99426f39d41ca21.jpg,test,Bad,0,-0.23129696969696964,0.3522317297850564,-0.2522829752066115,-0.15746505629477991,-0.06761212121212119,-0.3491846878198566,-0.43388429752066116,0.01381780962128975,-91.75245598164005,-54.40602822811559,-80.16216104495629,128.23303854966937,0.3892240475266142,0.179959220227806,0.543368078271074,0.16643790185231253,0.28270944810883136,0.10474299999999998,-0.14633599999999997,-0.10300200000000001,0.13073700000000005,37.346427753524466,0.09283999999999998,0.358655,0.783305,0.346752,0.394263,0.451495,0.247927,0.24375,0.525
bad_posture_20241013_225714_png.rf.443b5909f523c9ee7a4810ef024ed433.jpg,test,Bad,0,-0.2719327415143603,0.39408145785876997,-0.037231540469973824,-0.1678808200455581,0.13382057441253273,-0.32918706150341687,-0.2510884595300261,-0.08086560364464694,-69.97978603105831,-47.22658442063794,-63.92116531412186,154.9967103869684,0.41026237696990936,0.150734620482489,0.5523519338365713,0.14121408700621907,0.3260227221099781,0.10236400000000001,-0.110646,-0.12798000000000004,0.05968699999999999,22.75320161042037,0.24281800000000003,0.339609,0.672659,0.480063,0.287188,0.582427,0.176542,0.352083,0.346875
image_20241009_152252_jpg.rf.46f6c82023b018890e463115dcdd5733.jpg,valid,Bad,0,-0.08564628428927677,0.4162587654320988,-0.20342703241895257,-0.10417975308641973,-0.07424758104738154,-0.3451688439955106,-0.3778054862842892,0.06790195286195294,-101.51389867544171,-64.24292836152209,-89.2279954845966,132.3687529988832,0.36971400877570215,0.18625659645231357,0.5300731164556451,0.16212950165222864,0.30382628960805874,0.08093899999999998,-0.16775099999999998,-0.109259,0.11978500000000003,37.27097031391962,0.007141999999999982,0.370556,0.731552,0.296759,0.369278,0.377698,0.201527,0.1875,0.489063
good_posture_20241021_142755_png.rf.44e116974e67cbfd8d381eeae5c3b9bf.jpg,train,Good,1,-0.22261582037996552,0.4403401941747573,-0.2331410017271157,-0.12148867313915858,-0.043683316062176125,-0.328478619201726,-0.43321892918825566,0.03937432578209283,-90.6703894641216,-60.24375949190085,-81.72905235154026,127.84214642995609,0.4069148533661557,0.17267396687399056,0.5626451515564672,0.14752363883798425,0.30561418487040154,0.0857,-0.14990599999999998,-0.09050400000000003,0.11650000000000005,30.426629972220745,0.08093900000000004,0.334848,0.877887,0.330087,0.471,0.415787,0.321094,0.239583,0.5875
bad_posture_20241012_172726_png.rf.4444747c5424449649beb55da4e0a1d2.jpg,valid,Bad,0,-0.09852093023255809,0.3483462527716185,-0.20924465116279056,-0.17334172949002224,0.025492093023255905,-0.3278201330376941,-0.3798455813953488,-0.01662971175166297,-99.19565931935169,-40.78727626566868,-82.03640909589097,129.70453206707037,0.3724131137930027,0.1666415408054066,0.481125829534229,0.14354083284208718,0.29835184360080624,0.12617099999999998,-0.10885899999999998,-0.09169800000000003,0.11043300000000006,58.40838305368301,0.06665700000000002,0.365795,0.775944,0.306281,0.408317,0.432452,0.299458,0.214583,0.51875
good_posture_20241021_142330_png.rf.45f44a5ce97e9ae414b99bf0f7d294f7.jpg,train,Good,1,-0.14352296983758697,0.4349575630983463,-0.17180176334106734,-0.028260957354221097,2.4129930394507204e-05,-0.20440076588337688,-0.3654292343387471,0.08659704090513486,-91.3118341660802,-69.90132349473444,-85.1859972884732,122.30753877997306,0.41592001178712235,0.16836612847600912,0.5759557535097639,0.12198773632214018,0.32151107549196495,0.05785700000000005,-0.158113,-0.06519799999999998,0.103103,21.41051067134576,0.04833500000000002,0.38722,0.881458,0.377698,0.465647,0.435555,0.307534,0.3125,0.56875
bad_posture_20241021_143653_png.rf.47a601d44514682ce563d73814eb1c55.jpg,train,Bad,0,-0.09190031152647983,0.380299251870324,0.0766330218068536,-0.16547072319202005,0.21427489096573196,-0.3278200498753119,-0.34527451713395646,-0.05112139650872835,-76.1152045729099,-55.836311181383685,-70.9083398251295,161.2951534808291,0.3522517261575875,0.12293630293774088,0.4695054271432866,0.22341296824043141,0.2986949384120863,0.06903599999999993,-0.10172200000000003,-0.21161300000000005,0.07164699999999996,20.278893391526218,0.15356599999999998,0.38125,0.834375,0.46578,0.492416,0.534816,0.390694,0.254167,0.564063
image_20241008_203730_jpg.rf.49ba9d7f6ad83b2be111590e76f4f391.jpg,valid,Bad,0,-0.07984240601503756,0.3896853774560496,-0.26694536340852126,-0.125282316442606,-0.05311318295739344,-0.3449697621509824,-0.4632409022556391,0.006721820062047628,-106.69038035871019,-51.22724630391055,-88.2802258715746,140.82364301430724,0.40615292732294817,0.2128775887922446,0.5552591097649817,0.15786529228744364,0.3752829294199244,0.13331099999999999,-0.16596699999999998,-0.12237800000000001,0.09972500000000006,55.46313405479964,0.016664000000000012,0.268192,0.808067,0.151545,0.419025,0.284856,0.253058,0.029167,0.51875
image_20241007_222736_jpg.rf.4a80cc5abd1055b3c8b1d475972c2093.jpg,test,Bad,0,-0.016241082410824014,0.38045135371179045,-0.19406819188191876,-0.17552000000000004,0.027063222632226335,-0.3600565938864629,-0.44669894218942185,-0.008732925764192167,-105.84838593739319,-43.23571528214822,-87.0288162167973,143.35655424997887,0.413588443253677,0.1927864743440265,0.5306393224224907,0.1999837619633154,0.3902816349304692,0.14045299999999997,-0.13205899999999998,-0.16046,0.11935699999999999,62.61267065524497,0.027504999999999946,0.352575,0.795698,0.239627,0.397831,0.38008,0.265772,0.079167,0.517188
bad_posture_20241021_142856_png.rf.49044eb99b48026de58a4d6de343be2c.jpg,train,Bad,0,-0.0928651104100945,0.42644776119402983,-0.09766813880126174,-0.09632398009950255,0.18589627760252375,-0.3094105472636816,-0.3801261829652996,-0.009949452736318438,-90.41509862362976,-43.619977930923234,-73.36779738966781,158.80411991602085,0.3283746177721415,0.19401425007972994,0.4823934472989865,0.15005634122222228,0.3088399669731883,0.140453,-0.133845,-0.139905,0.054254000000000024,46.795120692706526,0.13807399999999997,0.361034,0.84755,0.358655,0.519184,0.499108,0.385339,0.21875,0.573438
image_20241009_224659_jpg.rf.455cdd67f9795c08ba1be20a12d4cda4.jpg,train,Good,1,-0.07964194271481936,0.4182188442703233,-0.10240777085927767,-0.18585089128305582,-0.12897056039850552,-0.37378397649363365,-0.287464209215442,-0.07492716944172381,-91.69778102138804,-96.34312823127061,-92.80438507835058,142.6877999979548,0.4820516166594611,0.15082936627858648,0.6325034888694291,0.14596694926249568,0.4144041236486433,-0.016663999999999957,-0.149906,-0.11609399999999997,0.08847899999999997,-4.645347209882573,-0.030945999999999974,0.382459,0.763673,0.368177,0.281833,0.351513,0.131927,0.252083,0.370312
image_20241007_214451_jpg.rf.4c57b5c34d81a150fec002d5150059c1.jpg,train,Good,1,-0.15643865168539328,0.4006124350336861,-0.15643865168539328,-0.1841984985563042,-0.10936269662921352,-0.3666779595765159,-0.3389519101123596,-0.03609178055822911,-90.0,-79.97445612360936,-87.5924752963617,130.18008088728212,0.47470199999999996,0.1504188601206644,0.623374238777959,0.15735313269839912,0.3687325574044147,0.026185999999999987,-0.148122,-0.101523,0.12022100000000002,10.025543876390643,0.026185999999999987,0.284856,0.827919,0.284856,0.353217,0.311042,0.205095,0.183333,0.473438
bad_posture_20241013_221128_png.rf.4614d89c343542e5a722b26a16b6f2e0.jpg,valid,Bad,0,-0.04437643926788694,0.3928878873239436,-0.1964749417637272,-0.1245611267605634,0.12293936772046585,-0.2907883568075118,-0.45451953410981705,-0.009389671361502398,-101.71397195268439,-36.418284661550274,-80.2054507163561,147.67742680822462,0.3517528401505807,0.18637278945704497,0.46180320352288595,0.1433759202969592,0.329823833858319,0.14997500000000002,-0.11064500000000002,-0.12115999999999999,0.07666099999999998,65.29568729113412,0.07856000000000002,0.396742,0.645891,0.325327,0.301464,0.475302,0.190819,0.204167,0.378125
bad_posture_20241021_143534_png.rf.4d1e01ad50bd8647799c72dac25cb570.jpg,train,Bad,0,-0.24699068493150686,0.42495273670557726,-0.08524383561643835,-0.1942617898832685,0.17042082191780825,-0.3394363683527886,-0.43949698630136985,-0.014915693904020642,-78.80813461700299,-36.85724250894808,-67.52871425620043,146.24225067048422,0.380210570091101,0.1457846035560683,0.49825705992088065,0.19440591340800312,0.279130519408036,0.116647,-0.087445,-0.161628,0.10802800000000007,41.95089210805491,0.190444,0.291998,0.861827,0.365795,0.488847,0.482442,0.401402,0.204167,0.596875
image_20241007_222736_jpg.rf.4c36390a9cb9d070de7da6dd0cb7eca9.jpg,test,Bad,0,-0.016241082410824014,0.38045135371179045,-0.19406819188191876,-0.17552000000000004,0.027063222632226335,-0.3600565938864629,-0.44669894218942185,-0.008732925764192167,-105.84838593739319,-43.23571528214822,-87.0288162167973,143.35655424997887,0.413588443253677,0.1927864743440265,0.5306393224224907,0.1999837619633154,0.3902816349304692,0.14045299999999997,-0.13205899999999998,-0.16046,0.11935699999999999,62.61267065524497,0.027504999999999946,0.352575,0.795698,0.239627,0.397831,0.38008,0.265772,0.079167,0.517188
good_posture_20241021_142205_png.rf.4b4460e0a4bbe41d8a8ccb5464f43fa8.jpg,train,Good,1,-0.1485698630136986,0.4169924300111981,-0.12074301369863018,-0.09204765957446817,0.018394155251141558,-0.3350555879059351,-0.37214611872146114,0.006159731243001029,-88.46413411307314,-74.31360060038784,-83.78537708354865,141.46492181533824,0.3552626306114956,0.17609447071671497,0.5277725247964314,0.10997704284986022,0.29665474785514556,0.047611000000000014,-0.16953599999999996,-0.08602699999999996,0.06851499999999999,14.1505335126853,0.05713299999999999,0.401505,0.835058,0.411027,0.479923,0.458638,0.310387,0.325,0.548438
bad_posture_20241021_143616_png.rf.4d4f84aa93e3559c5bc143d31a6137c3.jpg,train,Bad,0,-0.17944357024793386,0.32563883495145624,-0.038423537190082645,-0.17058485436893206,0.22851464462809906,-0.30642019417475735,-0.40743801652892564,-0.03883495145631071,-78.21397786075411,-34.72447174812385,-64.64375250982577,154.06767014094865,0.32632380368584823,0.15351000630577796,0.4502654100860958,0.19394510688594338,0.25819392144084263,0.12616999999999995,-0.08744400000000002,-0.17441700000000002,0.084814,43.489506112630266,0.19282399999999994,0.351513,0.806505,0.418167,0.487061,0.544337,0.399617,0.24375,0.571875
bad_posture_20241013_221410_png.rf.510f8559bc222475e7db1b83ef672964.jpg,train,Bad,0,-0.12313011494252876,0.4465370660694289,-0.15815172413793102,-0.10342862262038074,0.07388137931034476,-0.3080666517357223,-0.4291181609195403,0.0867868309070549,-92.84134975614826,-48.53188582859901,-78.49825231465431,137.99113829258897,0.3841592766262452,0.19052763713697807,0.5372425706708283,0.19829045178474936,0.3011222367826727,0.12616799999999995,-0.142767,-0.14733800000000002,0.13270500000000002,44.30946392754925,0.10712499999999997,0.420548,0.71192,0.401505,0.328233,0.527673,0.185466,0.254167,0.460938
good_posture_20241013_222721_png.rf.4a46a1fabe1d7a7bb8653a2e66d5c66a.jpg,train,Good,1,-0.19703724137931028,0.37859136318407965,-0.2241379310344827,-0.17164179104477612,-0.036341419878296005,-0.36692521393034827,-0.4350912778904665,-0.10398009950248759,-91.38405258924078,-64.74485843462375,-83.96412784055444,146.82148834060726,0.4321450777285332,0.1695324427506429,0.5886101034284071,0.09707640354380664,0.3898299021111644,0.07233100000000003,-0.15332800000000002,-0.08124999999999999,0.05312499999999998,26.63919415461703,0.06189300000000003,0.372938,0.697644,0.3625,0.265625,0.434831,0.112297,0.28125,0.31875
good_posture_20241021_142223_png.rf.516d63215380864b7c20ba229f3a7eb4.jpg,train,Good,1,-0.1917659259259258,0.3953018818380743,-0.23878617283950615,-0.11453864332603952,-0.18236148148148143,-0.3419669146608316,-0.41872493827160484,0.0601743544857767,-93.74097009780986,-80.02400482233854,-89.48186026928705,126.1360708204797,0.3648353844955284,0.16489108414041068,0.5264775275897349,0.15447386954433426,0.26545620657276037,0.028565000000000007,-0.162398,-0.09109399999999995,0.12475600000000003,13.716965275471324,0.00476099999999996,0.391981,0.831489,0.368177,0.467431,0.396742,0.305033,0.277083,0.592187
good_posture_20241021_142336_png.rf.4ba02b00727131e88ad643249f0ea804.jpg,train,Good,1,-0.2405636036036036,0.42425975850713504,-0.2771685285285285,-0.12486867178924256,-0.1399106306306306,-0.3254661690450055,-0.41391327327327326,0.057628979143798026,-92.78997703874796,-63.42451550323974,-84.39450674436172,118.71321580558833,0.39128880732906224,0.15963513162834805,0.5361578857733978,0.1480977895479875,0.2760868672356583,0.07141700000000001,-0.14276900000000003,-0.07114999999999999,0.12988699999999997,29.365461535508224,0.052371,0.394363,0.854688,0.375317,0.463863,0.446734,0.321094,0.304167,0.59375
bad_posture_20241021_145555_png.rf.4aa979b00eea7b0d6c07c7b119897c74.jpg,train,Bad,0,-0.24154090090090094,0.39222674391657003,-0.15461045045045044,-0.174212560834299,0.1473580780780782,-0.30126331402085754,-0.442942942942943,-0.05040556199304761,-83.2456083372327,-28.599012049821,-66.59834969750767,150.90837801927523,0.3845731511390258,0.17895167371108886,0.5094715025366974,0.17168180526194382,0.3162948387580803,0.15711800000000004,-0.08566000000000001,-0.15002300000000002,0.08347299999999996,54.6465962874117,0.20234900000000006,0.311042,0.867181,0.356273,0.485277,0.513391,0.399617,0.20625,0.56875
good_posture_20241013_222750_png.rf.4ef90e53e27b6d11907e1347da058ecd.jpg,train,Good,1,-0.1572866666666668,0.3904689539748955,-0.17633200000000007,-0.17104401673640166,-0.0684173333333334,-0.3574179079497908,-0.3930546666666667,-0.048117154811715496,-90.97564715806264,-73.78965992931205,-86.58565433255278,131.5152200084662,0.41944080936885486,0.14496117489866037,0.5595712683474734,0.1226141719459867,0.33929089043179456,0.040468000000000004,-0.13919800000000002,-0.08127099999999998,0.09181099999999998,17.18598722875059,0.03332600000000002,0.38008,0.674444,0.372938,0.255064,0.413406,0.115866,0.291667,0.346875
bad_posture_20241021_144048_png.rf.516b88b5e1de56614ad3f5de8ea27668.jpg,train,Bad,0,-0.18945160883280757,0.39071706242350057,-0.03565375394321773,-0.1349179926560588,0.17101173501577271,-0.3194494981640147,-0.3727661829652998,-0.06181072215422279,-77.2075371387182,-49.00642875826647,-68.50132444401011,164.38648391061565,0.34404265824603786,0.15604878591325208,0.48718111987227086,0.17337364316700507,0.302775201104714,0.10236399999999996,-0.11778299999999997,-0.166976,0.04666300000000001,28.20110838045172,0.17854199999999992,0.349131,0.852903,0.425309,0.5174,0.527673,0.399617,0.258333,0.564063
good_posture_20241013_222710_png.rf.4cc366f4c8eb868e12e7f89bbc453c45.jpg,train,Good,1,-0.14884048192771085,0.38290714003944776,-0.14271807228915664,-0.17802571992110452,-0.01422971887550206,-0.3424754240631164,-0.36077558232931733,-0.054240631163708086,-89.6928706204778,-69.00685687873761,-84.79250887223695,130.86489684159292,0.44437038427419984,0.13953700485892626,0.5770206293582578,0.1296666725299913,0.3559842127749488,0.04998999999999998,-0.13027500000000003,-0.08483800000000002,0.09806100000000001,20.686013741740197,0.052371999999999974,0.399123,0.699428,0.401505,0.255064,0.451495,0.124789,0.316667,0.353125
bad_posture_20241021_145122_png.rf.4b252421de3caaec047094d88f869e0b.jpg,train,Bad,0,-0.25920928571428575,0.3664924119947848,0.11147499999999994,-0.15469288135593232,0.2849178571428571,-0.3036034419817471,-0.19717214285714285,-0.06714555410691005,-50.27837013070478,-36.313940756691224,-46.51145476260611,166.35208870241186,0.4060334220935513,0.15067309315202898,0.5534491697319638,0.22233072304339763,0.2634477591705801,0.12141000000000002,-0.08922999999999998,-0.21605299999999994,0.05246000000000006,13.964429374013555,0.380889,0.341991,0.820781,0.60147,0.508477,0.72288,0.419247,0.385417,0.560937
bad_posture_20241021_144100_png.rf.4d04a646cabc534f056cba47c67a12a9.jpg,train,Bad,0,-0.2201539301972687,0.46184970625798205,-0.0444501365705615,-0.13037343550447003,0.18211763277693457,-0.30249501915708815,-0.36241845220030355,-0.05300127713920825,-75.97990818076313,-42.070605266700476,-66.10910079341168,163.87439326806324,0.3733971915748698,0.15713849531225627,0.5113799013893682,0.17040871021165557,0.32334873847287543,0.11664699999999995,-0.10529,-0.16370400000000002,0.04732999999999998,33.90930291406266,0.20710699999999999,0.325327,0.874319,0.415787,0.512045,0.532434,0.406755,0.252083,0.559375
bad_posture_20241021_143747_png.rf.5262fcbd048d2bc8ffc9369ab8f72686.jpg,train,Bad,0,-0.16281562130177513,0.32962360046457617,-0.12224757396449706,-0.16649904761904757,0.15271384615384606,-0.344252543554007,-0.39842272189349115,-0.08420441347270616,-86.32662206635787,-39.46752219765608,-69.81538091311872,159.21686332464245,0.334407040932155,0.1881046870362352,0.4829468507920929,0.15600630679879576,0.3049087427346091,0.14521399999999995,-0.11956700000000003,-0.14585499999999998,0.05535599999999996,46.85909986870179,0.16663899999999993,0.351513,0.831489,0.372938,0.497769,0.518152,0.378202,0.227083,0.553125
bad_posture_20241021_144000_png.rf.4fedd1b61395d6e05ce01e40238cc886.jpg,train,Bad,0,-0.24010384401114204,0.4080701170351104,-0.12976356545961,-0.15334720416124856,0.10365103064066851,-0.2959298829648896,-0.40993559888579384,-0.0162557087126139,-79.60166235655471,-33.194531796308084,-65.49152268543641,152.34240562305365,0.3429208899396478,0.15646320232565863,0.46483134912030194,0.1774329459965088,0.27214554112459755,0.13093099999999996,-0.08566099999999999,-0.157159,0.08236200000000005,46.40713056024663,0.19282499999999997,0.334848,0.831489,0.396742,0.4942,0.527673,0.408539,0.239583,0.576562
bad_posture_20241013_225746_png.rf.52f4fc9c9c985068481194616632bef9.jpg,train,Bad,0,-0.10947796982167353,0.38763447983014854,-0.25159308641975303,-0.17010038216560505,0.06189629629629627,-0.30104492569002117,-0.43507028806584364,0.09660297239915075,-101.15514610366449,-28.35769548604998,-79.09957613063186,118.03041077713111,0.41836215350459216,0.20288874895617054,0.5161375070986413,0.22236023642953792,0.2833013236573384,0.17854199999999998,-0.09636700000000001,-0.10449600000000003,0.19627699999999998,72.79745061761452,0.097603,0.389602,0.667306,0.308663,0.256848,0.487205,0.160481,0.204167,0.453125
good_posture_20241013_225738_png.rf.49dde5bf40504ae348c3d05d4a75d82f.jpg,valid,Good,1,-0.26551202572347266,0.4366371681415928,-0.24591691318327968,-0.14201345132743365,-0.13324192926045011,-0.3643780530973452,-0.43890675241157556,-0.04645946902654876,-88.66525791435801,-70.77913130465002,-83.51802845829168,144.26113188891247,0.4087829155774492,0.1663160336047009,0.5693566542282614,0.1155383104688657,0.3514372604747539,0.054752999999999996,-0.15704500000000002,-0.09378100000000003,0.06748499999999996,17.886126609707986,0.06427500000000003,0.296759,0.670875,0.306281,0.262203,0.361034,0.105158,0.2125,0.329688
bad_posture_20241021_145335_png.rf.521e2285ad314459480aa08f152379c3.jpg,train,Bad,0,-0.27347682737169526,0.4093763184079601,-0.04601306376360813,-0.18158248756218914,0.21462917573872478,-0.31511641791044787,-0.40979782270606535,-0.03731343283582089,-72.89010174826367,-32.643922638665025,-61.68380233784483,153.62425538238466,0.3883850674794282,0.15549396129753723,0.5169256174663818,0.20397925920543983,0.2888130248603757,0.13093200000000005,-0.083876,-0.182745,0.09061900000000006,40.24617910959865,0.24519700000000005,0.33723,0.861827,0.451495,0.490631,0.582427,0.406755,0.26875,0.58125
bad_posture_20241021_143020_png.rf.51bd6b7c7983855b05cdcdccaf456370.jpg,train,Bad,0,-0.21540503888024884,0.3473067349551857,-0.1348466562986003,-0.1382131626120359,0.20635396578538093,-0.33417444302176696,-0.4180929393468118,-0.03649167733674769,-82.2213099770814,-34.89925883507623,-62.999756836798376,156.43303134344808,0.2989942709701977,0.2089837971925096,0.4666754820257863,0.15523459255269106,0.2553546085152958,0.17139999999999994,-0.11956699999999998,-0.142287,0.062066000000000066,47.32205114200517,0.21186799999999995,0.303902,0.815427,0.34437,0.519184,0.51577,0.399617,0.202083,0.58125
image_20241009_135224_jpg.rf.5501dcaa0a41a41a9e5dd65b70a671bb.jpg,test,Good,1,-0.1139681644640234,0.41231796610169485,-0.26610020558002934,-0.16843186440677965,-0.1945085462555065,-0.3837918644067796,-0.3433682232011747,0.05296610169491525,-100.7013314005507,-76.51440446426291,-94.1741605541519,104.13156674452168,0.43588367889839597,0.16333127534247688,0.5886925629401139,0.1683764676016218,0.2917745273117583,0.03808900000000004,-0.158828,-0.04110899999999998,0.163281,24.18692693628779,-0.04285,0.349131,0.749397,0.268192,0.321094,0.306281,0.162266,0.227083,0.484375
good_posture_20241021_141707_png.rf.52c4ae2019f1a34b9f61654abcb6b3d0.jpg,train,Bad,0,-0.015215737704918018,0.3791169795037756,-0.27093362477231336,-0.11964806903991367,0.1120358469945355,-0.31185380798274,-0.407711766848816,0.07605108953613811,-106.89034154274538,-40.27931595858233,-83.7754855381717,112.485825560406,0.37749935002063245,0.2153068790470941,0.5033816033954757,0.1533906505169073,0.27661129140365903,0.16425800000000002,-0.13919900000000002,-0.05866499999999997,0.141729,66.61102558416304,0.05457899999999999,0.401677,0.842923,0.291998,0.481708,0.456256,0.342509,0.233333,0.623437
good_posture_20241021_142342_png.rf.4fdad88c2fe0431dc2ef26c8f0b27587.jpg,train,Good,1,-0.22565888888888885,0.4118279569892473,-0.2362388888888889,-0.1408196129032258,-0.06695888888888883,-0.3446864516129032,-0.4432877777777777,0.04838640860215059,-90.67932753654698,-62.78420308956469,-82.59720357241181,124.12794415414545,0.4015612247341618,0.16656203006687928,0.5542749509494362,0.16606933035331964,0.2816383149679744,0.07617600000000002,-0.14812199999999998,-0.09317199999999998,0.13747000000000004,27.895124446982287,0.071415,0.406266,0.85625,0.401505,0.454717,0.477681,0.306595,0.308333,0.592187
good_posture_20241012_174311_png.rf.50aa111915d5696ae52a9a9f4fdea858.jpg,train,Good,1,-0.11166451612903225,0.38611509229098806,-0.14442937019969268,-0.12729137893593923,-0.022734992319508398,-0.33562840390879484,-0.26856184331797234,-0.0287730727470141,-92.58283446117471,-67.56517559663322,-85.02248478424806,131.6887274729591,0.36978766155727805,0.16217969192842854,0.5212828492574832,0.09492493064522095,0.3090060465977971,0.061892999999999976,-0.14990499999999998,-0.06313300000000002,0.07088700000000003,25.017658864541488,0.04522900000000002,0.29438,0.717275,0.277716,0.347863,0.339609,0.197958,0.214583,0.41875
good_posture_20241021_142153_png.rf.53ff9cef124a7c432308ec8797d6b7e9.jpg,train,Good,1,-0.20679215686274519,0.40647864406779644,-0.21222017825311956,-0.12587525423728826,-0.11445190730837802,-0.32187661016949165,-0.4037433155080215,0.02118644067796595,-90.34717568089938,-73.48832428125529,-85.69134670668788,127.73805669063518,0.39261820762924377,0.15076841214591336,0.5386844308915935,0.13714674347209269,0.29697486393464345,0.04285,-0.14455099999999999,-0.08394099999999999,0.108458,16.858851399644095,0.04047099999999998,0.43007,0.852903,0.427691,0.460292,0.470541,0.315741,0.34375,0.56875
image_20241009_225721_jpg.rf.5236c77f62c8492e23c7e1beb59dbf4f.jpg,valid,Bad,0,-0.0635381621621622,0.37336784935579775,-0.3023654054054054,-0.1314824182358771,-0.11294789189189193,-0.3216505847373637,-0.45585643243243246,0.005450941526263599,-109.1340103611323,-53.85170538898116,-92.98460096209256,129.42295285988416,0.4212353528373419,0.18564372298841667,0.5486141596103767,0.13973450015296865,0.3681780587772715,0.10950699999999997,-0.14990599999999998,-0.08873700000000001,0.10794199999999998,55.28230497215114,-0.028565000000000007,0.353892,0.749397,0.21582,0.351433,0.325327,0.201527,0.127083,0.459375
good_posture_20241021_141649_png.rf.55228561beba275e28e11a82e618a08a.jpg,train,Good,1,-0.21983219512195126,0.41877218884120165,-0.21983219512195126,-0.10818266094420603,-0.12073886178861797,-0.3189637768240343,-0.4498653658536586,-0.01716669527896995,-90.0,-76.06209241553631,-85.94408332712814,143.14804328968918,0.383689,0.1581307925294754,0.5385127062725632,0.11049780541712133,0.3295028168089007,0.038088999999999984,-0.15347499999999997,-0.08841900000000003,0.06627100000000002,13.937907584463687,0.038088999999999984,0.346752,0.843981,0.346752,0.460292,0.384841,0.306817,0.258333,0.526563
bad_posture_20241021_180513_png.rf.554e806fdbaf4244392d7b4959e6d1a7.jpg,train,Bad,0,-0.2240445193929174,0.4185784242424242,0.05857430016863393,-0.1328804848484849,0.21786414839797644,-0.3151615353535354,-0.29988829679595286,0.0010101010101009526,-72.93465954365742,-62.370686041471664,-70.16294338772202,148.0534848912023,0.4461632503747927,0.15912905424528867,0.60330098125894,0.1957109038786546,0.32486875525048575,0.07379600000000008,-0.14098300000000002,-0.16606899999999997,0.10355599999999998,10.563973502185753,0.20472800000000002,0.38722,0.901088,0.518152,0.474569,0.591948,0.333586,0.352083,0.578125
good_posture_20241021_180555_png.rf.571494939c14ef7f2e2a3a20e01ef43a.jpg,train,Good,1,-0.1834214603174603,0.41675030662710183,-0.1737483174603174,-0.11421546983184974,-0.023813587301587193,-0.3220831651829872,-0.396295619047619,0.05192878338278932,-89.34957916820208,-65.7973190731907,-82.33315308418148,129.85149206331414,0.4194070236905911,0.18000529743593657,0.5888267803165886,0.17093479519688207,0.30660914236206327,0.07379600000000003,-0.16418299999999997,-0.109535,0.13122800000000007,23.552260095011377,0.07855700000000004,0.427691,0.885027,0.432452,0.465647,0.506248,0.301464,0.322917,0.596875
bad_posture_20241021_143245_png.rf.5444765c2b95f70b79738dbd52068113.jpg,train,Bad,0,-0.2824845116918845,0.3456348815165876,-0.10225628610729026,-0.1875427488151659,0.15341623108665747,-0.3201607582938389,-0.41196698762035766,-0.06871962085308059,-73.76615836704089,-31.055519667044177,-60.579286646167745,155.99168166211226,0.36616339876071724,0.1695102764465919,0.5040077064539787,0.1925655385498662,0.2829396790642839,0.145214,-0.087445,-0.175906,0.078349,42.71063869999671,0.24757800000000002,0.311042,0.852903,0.413406,0.501339,0.55862,0.413894,0.2375,0.579688
good_posture_20241021_180549_png.rf.55ad771bf0e6b6a29d4a0185a09ddb9d.jpg,train,Good,1,-0.14992898595943835,0.3782844970414201,-0.10714583463338526,-0.10605664694280081,0.02596018720748843,-0.3133080867850099,-0.32527301092043676,0.036489151873767146,-86.80395166039322,-67.90311478522418,-80.86663227884716,134.0486696040833,0.3842867150266842,0.17719730464372194,0.5549063627000506,0.1571103773943656,0.2846482869033292,0.06665700000000002,-0.164182,-0.109234,0.11292299999999994,18.90083687516905,0.08808200000000005,0.425309,0.845766,0.446734,0.462077,0.513391,0.297895,0.3375,0.575
good_posture_20241021_141958_png.rf.55da3a2ce06cbec85597d828547b8dba.jpg,train,Good,1,-0.19429925925925923,0.3907371005291005,-0.20558933333333335,-0.09754294179894185,-0.14916029629629632,-0.3150941798941799,-0.3086411851851852,0.050265227513227456,-90.75698475145302,-81.56907491087391,-87.90713099375557,111.72233652405693,0.360519464541098,0.162368662715439,0.521449834838405,0.11746541193474784,0.2559507084186328,0.023805999999999994,-0.16061399999999998,-0.043474999999999986,0.109124,9.18790984057911,0.019042999999999977,0.358655,0.815427,0.353892,0.454939,0.377698,0.294325,0.310417,0.564063
good_posture_20241013_222732_png.rf.593e5b73ee082fa508f3b041265236af.jpg,train,Good,1,-0.19353723076923074,0.37562931677018635,-0.21112,-0.1706126708074534,-0.06462399999999996,-0.3597863354037267,-0.40897353846153844,-0.03623122153209108,-90.99267615242455,-67.37064642001813,-84.60949511418448,128.39884414073825,0.41230387945422003,0.1546749251979777,0.5574744045442803,0.12940567197769967,0.32291287945357644,0.05951400000000001,-0.142767,-0.080378,0.101416,23.622029732406418,0.052371,0.372938,0.678014,0.365795,0.265772,0.425309,0.123005,0.285417,0.367188
good_posture_20241021_141335_png.rf.529c2f79c2e3de57f14d4634ac9b841d.jpg,train,Good,1,-0.14919880597014926,0.37188432543769323,-0.20036298507462694,-0.09391176107106067,-0.0752955223880597,-0.29857861997940255,-0.40795940298507466,0.008753202883625272,-93.46982034598048,-71.35970907081511,-86.51805389448347,138.14301499499717,0.3539989450902361,0.1638541530294548,0.5095496361396011,0.11671524717019624,0.29601383869170705,0.05237200000000003,-0.15525899999999998,-0.08693099999999998,0.07788100000000003,22.110111275165366,0.030947000000000002,0.356273,0.820781,0.334848,0.467431,0.38722,0.312172,0.247917,0.545312
bad_posture_20241012_173040_png.rf.5a625be41364d000b584793957654a32.jpg,train,Bad,0,-0.3151383311258279,0.34573651376146786,-0.18195560264900662,-0.19389944954128438,0.007731920529801299,-0.3458348623853211,-0.41258278145695365,-0.05734018348623847,-77.93806123095901,-42.771985049419186,-67.99028699622824,145.63253684386845,0.37592660637150965,0.15242036947862314,0.5081681217254778,0.16480296149341495,0.28054691006140126,0.11188599999999999,-0.10350599999999999,-0.13603400000000002,0.09303100000000003,35.16607618153982,0.19044300000000003,0.282477,0.788658,0.361034,0.421031,0.47292,0.317525,0.225,0.514062
good_posture_20241021_142159_png.rf.5a1152d976abbafa61d09e6bead31579.jpg,train,Good,1,-0.17268481054365736,0.4226675602094242,-0.20280803953871498,-0.0963784712041884,-0.08232988467874798,-0.30208318324607325,-0.40554570016474467,0.057067392670157154,-92.11254872786894,-69.58158405585513,-85.46930749210216,130.0228054668849,0.3875203804627571,0.1637643285761585,0.5424269968650158,0.14949949628343234,0.2942765473377041,0.05713299999999999,-0.15347500000000003,-0.096142,0.114485,22.53096467201381,0.042848,0.439594,0.849334,0.425309,0.462077,0.482442,0.308602,0.329167,0.576562
bad_posture_20241012_172807_png.rf.5c14c298dfada9c74703a7d383131e14.jpg,train,Bad,0,-0.18014104683195595,0.36172625454545454,-0.11718126721763084,-0.169888,0.08008330578512407,-0.33048067878787873,-0.3953168044077135,-0.04181818181818185,-84.05013867650685,-42.772260986728504,-71.69463745862507,152.37927313905013,0.3444978145997446,0.15242104856285435,0.4699292600136748,0.17804582851052703,0.28730720741742627,0.11188600000000004,-0.10350699999999996,-0.157755,0.08254499999999998,41.27787768977834,0.14759600000000006,0.365795,0.772597,0.401505,0.429955,0.513391,0.326448,0.24375,0.5125
good_posture_20241021_180312_png.rf.5cb65bcda8dd67d68094b757c67d9553.jpg,train,Good,1,-0.21738685121107254,0.40142207999999996,-0.25428982698961916,-0.10112000000000008,-0.11195072664359845,-0.33639936000000004,-0.38812069204152233,-0.028000000000000115,-92.43040604089303,-70.72639476198424,-85.27823998486792,136.61183787275107,0.39296448467641454,0.1947257737665972,0.5783859284681813,0.08315896292042127,0.3442307418070037,0.06427499999999997,-0.18381199999999998,-0.060433000000000014,0.05712499999999998,21.704011278908794,0.047611000000000014,0.42293,0.863611,0.406266,0.471,0.470541,0.287188,0.345833,0.528125
good_posture_20241012_174401_png.rf.550aa8e214ee50aee8aff425ebff79ff.jpg,train,Good,1,-0.30984992084432716,0.34182795430944973,-0.3259292875989446,-0.16578974039460018,-0.18925129287598944,-0.3887622845275181,-0.4340369393139842,0.023364485981308487,-91.42826163260611,-64.24306203801451,-82.59699855435888,114.22136676867697,0.38202168772597195,0.18625749709743228,0.5542752086409782,0.1560461850895433,0.25062663585501044,0.08093899999999998,-0.16775199999999998,-0.06402000000000002,0.14230900000000002,27.185199594591595,0.07141700000000001,0.311042,0.720844,0.30152,0.338941,0.382459,0.171189,0.2375,0.48125
bad_posture_20241013_220329_png.rf.5c5271e230a21472e624992741635b28.jpg,train,Bad,0,-0.09000898876404502,0.3219695983522143,-0.1884413483146068,-0.16970595262615853,0.05978157303370775,-0.3273225952626158,-0.45224719101123595,-0.011842801235839308,-98.35125608187793,-40.89135732463183,-80.39857819065371,140.7826186059489,0.37697939377769707,0.18264910885356103,0.4995467009619821,0.18940494998811405,0.32361188947410446,0.13807399999999997,-0.119567,-0.14674199999999998,0.11975399999999997,57.45989875724611,0.08332099999999998,0.451495,0.692291,0.396742,0.319309,0.534816,0.199742,0.25,0.439063
bad_posture_20241012_172107_png.rf.60103f979a2b233515d7e6b699b97b95.jpg,test,Bad,0,-0.22615826086956517,0.39051327607361974,-0.21787826086956513,-0.2008781349693251,-0.027431304347826056,-0.33541320245398765,-0.46376869565217393,-0.0631893987730061,-89.27560570584252,-38.03401870836244,-76.113744071417,148.1984352137074,0.37658009721837404,0.13903089573904065,0.47612622732317533,0.16636146588077422,0.3195604732081238,0.10950699999999997,-0.08566099999999999,-0.141387,0.087669,51.241586997480084,0.11426799999999998,0.382459,0.790444,0.38722,0.413894,0.496727,0.328233,0.245833,0.501563
image_20241008_202735_jpg.rf.5f402ec511205630b53ae6b1021d2e18.jpg,test,Bad,0,-0.06643318822023046,0.34024298997265273,-0.2810159282970551,-0.16783766636280764,-0.11324906530089629,-0.36565542388331806,-0.4342717541613316,0.00865998176845946,-106.73505411415665,-58.8768755847515,-92.70330823549048,121.7239716801212,0.4546990955808028,0.19804253026054783,0.6056509966589669,0.1778339613122308,0.3621179808432605,0.10236399999999998,-0.169536,-0.09351000000000001,0.151264,47.85817852940515,-0.028565000000000007,0.284856,0.815427,0.153927,0.379986,0.256291,0.21045,0.060417,0.53125
good_posture_20241021_180549_png.rf.5d1e28c84ced36cab22c2e986b16380c.jpg,train,Good,1,-0.14992898595943835,0.3782844970414201,-0.10714583463338526,-0.10605664694280081,0.02596018720748843,-0.3133080867850099,-0.32527301092043676,0.036489151873767146,-86.80395166039322,-67.90311478522418,-80.86663227884716,134.0486696040833,0.3842867150266842,0.17719730464372194,0.5549063627000506,0.1571103773943656,0.2846482869033292,0.06665700000000002,-0.164182,-0.109234,0.11292299999999994,18.90083687516905,0.08808200000000005,0.425309,0.845766,0.446734,0.462077,0.513391,0.297895,0.3375,0.575
bad_posture_20241021_142536_png.rf.5f76ec6d5c76b42cbac61a7bbfb3da77.jpg,train,Bad,0,-0.38008974008207924,0.41873071324599714,-0.03828246238030087,-0.17977082969432315,0.26601433652530787,-0.2628963027656477,-0.36867305061559497,-0.0749636098981078,-58.71368563867481,-14.398566712286371,-44.75485850893137,163.3992033666473,0.3758874660653106,0.1794176182792537,0.5196066177022768,0.19689067870267496,0.2650552037312228,0.173782,-0.04461499999999996,-0.18868399999999996,0.05625199999999997,44.315118926388436,0.368986,0.33723,0.82435,0.532434,0.503123,0.706216,0.458508,0.34375,0.559375
bad_posture_20241012_173040_png.rf.5d6e0d54e52876cadafaa4203399786c.jpg,train,Bad,0,-0.3151383311258279,0.34573651376146786,-0.18195560264900662,-0.19389944954128438,0.007731920529801299,-0.3458348623853211,-0.41258278145695365,-0.05734018348623847,-77.93806123095901,-42.771985049419186,-67.99028699622824,145.63253684386845,0.37592660637150965,0.15242036947862314,0.5081681217254778,0.16480296149341495,0.28054691006140126,0.11188599999999999,-0.10350599999999999,-0.13603400000000002,0.09303100000000003,35.16607618153982,0.19044300000000003,0.282477,0.788658,0.361034,0.421031,0.47292,0.317525,0.225,0.514062
bad_posture_20241013_215714_png.rf.61485122e412febf1c3fe18bee58aa9c.jpg,valid,Bad,0,-0.0017934328358209437,0.35699218285714274,-0.335310912106136,-0.1259730285714286,-0.07254155887230519,-0.32437741714285717,-0.48894487562189054,0.04857215999999994,-115.44958766984816,-47.61299143317552,-94.09283748727898,121.24019319066382,0.3656315208348426,0.18362644391535768,0.46697090984449985,0.1395531099617633,0.31163836668805717,0.12378899999999998,-0.135628,-0.072376,0.11931799999999998,67.83659623667263,-0.033329,0.325327,0.665522,0.168209,0.33537,0.291998,0.199742,0.095833,0.454688
bad_posture_20241021_141737_png.rf.6306ca9f641b1006206b9780812b47e5.jpg,train,Bad,0,-0.20821528239202666,0.374653097762073,0.03980491694352149,-0.11772023557126036,0.2675790033222591,-0.29260532391048294,-0.3892587375415283,-0.05948098939929331,-70.34453110287933,-47.27729867470205,-63.17847290752077,169.16309197353385,0.34678858881601055,0.15789649023648372,0.49593443556986444,0.2054580689021485,0.30027810745707056,0.10712500000000003,-0.11599799999999999,-0.20179399999999997,0.038629000000000024,23.067232428177277,0.22377200000000003,0.33723,0.845766,0.453877,0.519184,0.561002,0.403186,0.252083,0.557813
good_posture_20241012_174311_png.rf.5e4e2e6420b9e00113316e95dbc4fff1.jpg,train,Good,1,-0.11166451612903225,0.38611509229098806,-0.14442937019969268,-0.12729137893593923,-0.022734992319508398,-0.33562840390879484,-0.26856184331797234,-0.0287730727470141,-92.58283446117471,-67.56517559663322,-85.02248478424806,131.6887274729591,0.36978766155727805,0.16217969192842854,0.5212828492574832,0.09492493064522095,0.3090060465977971,0.061892999999999976,-0.14990499999999998,-0.06313300000000002,0.07088700000000003,25.017658864541488,0.04522900000000002,0.29438,0.717275,0.277716,0.347863,0.339609,0.197958,0.214583,0.41875
good_posture_20241021_141624_png.rf.5cb6ce0a45f72bf778b064662ec74007.jpg,train,Good,1,-0.18799704251386318,0.4088055411255412,-0.24995282809611824,-0.14001523809523805,-0.14857020332717186,-0.3229541125541125,-0.3767721996303142,-0.01731532467532467,-93.78153397630356,-72.02298795372485,-88.19312785161227,121.18043947303673,0.3970444546848627,0.13883696186894898,0.5285017786318226,0.10352980574211466,0.3177851736708307,0.04285,-0.13205899999999998,-0.05360100000000001,0.08857399999999999,21.758546022578713,0.016664000000000012,0.34437,0.831044,0.318184,0.434864,0.361034,0.302805,0.264583,0.523438
image_20241007_214451_jpg.rf.64209af8177995b45e898b7c76f09ba9.jpg,train,Good,1,-0.15643865168539328,0.4006124350336861,-0.15643865168539328,-0.1841984985563042,-0.10936269662921352,-0.3666779595765159,-0.3389519101123596,-0.03609178055822911,-90.0,-79.97445612360936,-87.5924752963617,130.18008088728212,0.47470199999999996,0.1504188601206644,0.623374238777959,0.15735313269839912,0.3687325574044147,0.026185999999999987,-0.148122,-0.101523,0.12022100000000002,10.025543876390643,0.026185999999999987,0.284856,0.827919,0.284856,0.353217,0.311042,0.205095,0.183333,0.473438
bad_posture_20241021_143245_png.rf.6435d4f113fb77b9e049c95ca74e0486.jpg,train,Bad,0,-0.2824845116918845,0.3456348815165876,-0.10225628610729026,-0.1875427488151659,0.15341623108665747,-0.3201607582938389,-0.41196698762035766,-0.06871962085308059,-73.76615836704089,-31.055519667044177,-60.579286646167745,155.99168166211226,0.36616339876071724,0.1695102764465919,0.5040077064539787,0.1925655385498662,0.2829396790642839,0.145214,-0.087445,-0.175906,0.078349,42.71063869999671,0.24757800000000002,0.311042,0.852903,0.413406,0.501339,0.55862,0.413894,0.2375,0.579688
bad_posture_20241013_220329_png.rf.5f40e71c2621db7d27e479d0d0aa1d31.jpg,train,Bad,0,-0.09000898876404502,0.3219695983522143,-0.1884413483146068,-0.16970595262615853,0.05978157303370775,-0.3273225952626158,-0.45224719101123595,-0.011842801235839308,-98.35125608187793,-40.89135732463183,-80.39857819065371,140.7826186059489,0.37697939377769707,0.18264910885356103,0.4995467009619821,0.18940494998811405,0.32361188947410446,0.13807399999999997,-0.119567,-0.14674199999999998,0.11975399999999997,57.45989875724611,0.08332099999999998,0.451495,0.692291,0.396742,0.319309,0.534816,0.199742,0.25,0.439063
bad_posture_20241013_220037_png.rf.64d618dae3a200e4532e264c4840e7a2.jpg,test,Bad,0,-0.19043348837209303,0.3034822960725076,-0.23915162790697675,-0.16349599194360523,0.02215627906976745,-0.33372567975830814,-0.4534883720930233,-0.012588761329305155,-94.134292255057,-43.2361483215754,-76.98448495355638,134.53997023985414,0.36321816188759065,0.19278784435228274,0.5073687523340396,0.16424993600303167,0.28304720183743204,0.140453,-0.13206099999999998,-0.115206,0.11707099999999998,50.898143933481606,0.11426700000000001,0.353892,0.678014,0.327706,0.315741,0.468159,0.18368,0.2125,0.432812
good_posture_20241012_174321_png.rf.5f4746ac40af223d1a9ef233f4130e10.jpg,train,Good,1,-0.2628790000000001,0.37848987978142085,-0.2819210000000001,-0.13328909289617485,-0.22479100000000007,-0.35547750819672125,-0.42187500000000006,-0.016940590163934417,-91.49078019735602,-79.80455224347939,-87.92124980580282,130.07601461754606,0.3659658705466946,0.16137821453033863,0.5250175059176598,0.10869312659961529,0.29363723579444084,0.028565000000000007,-0.15883,-0.06997699999999998,0.083171,11.686227953876624,0.019044000000000005,0.291998,0.727983,0.282477,0.362141,0.311042,0.203311,0.2125,0.445312
image_20241008_210538_jpg.rf.61c23e5cc2177c674d00cdb1ae173569.jpg,test,Bad,0,-0.06049585585585575,0.3886350155763241,-0.18859963963963958,-0.16642375908618895,-0.014742582582582485,-0.34195389408099686,-0.4369369369369369,0.010903426791277378,-99.06871037950334,-55.58897916655113,-87.5200191073132,134.08421469702225,0.42288099950340646,0.1600705815601355,0.5501692879032781,0.18572693474560983,0.34514406781082013,0.09046000000000001,-0.13205899999999998,-0.129213,0.13341100000000006,43.47973121295222,0.023805999999999994,0.289617,0.802934,0.222963,0.385339,0.313423,0.25328,0.09375,0.51875
good_posture_20241013_225742_png.rf.6430fcfab1acf9edf6291ff79575fc6d.jpg,valid,Good,1,-0.21501188834154347,0.3840560860215053,-0.24002548440065677,-0.14894417204301075,-0.0899249917898193,-0.3552664086021506,-0.4014778325123153,0.09139853763440862,-91.76022841007543,-64.52693794562954,-83.67781419729597,113.74439232342834,0.387440824339666,0.16604791796647136,0.5404508109828312,0.19077274237165015,0.23039948794430942,0.071415,-0.149906,-0.07681600000000002,0.174624,27.233290464445886,0.05951400000000001,0.332467,0.642322,0.320566,0.255064,0.391981,0.105158,0.24375,0.429688
image_20241009_224659_jpg.rf.5a48d40426c04c843c9628b70fc55f1a.jpg,train,Good,1,-0.07964194271481936,0.4182188442703233,-0.10240777085927767,-0.18585089128305582,-0.12897056039850552,-0.37378397649363365,-0.287464209215442,-0.07492716944172381,-91.69778102138804,-96.34312823127061,-92.80438507835058,142.6877999979548,0.4820516166594611,0.15082936627858648,0.6325034888694291,0.14596694926249568,0.4144041236486433,-0.016663999999999957,-0.149906,-0.11609399999999997,0.08847899999999997,-4.645347209882573,-0.030945999999999974,0.382459,0.763673,0.368177,0.281833,0.351513,0.131927,0.252083,0.370312
bad_posture_20241012_172310_png.rf.65d35caf1021a314b6188990a8f926d9.jpg,test,Bad,0,-0.25378559999999994,0.37427535512965043,-0.11285439999999998,-0.14593280721533258,0.028072000000000052,-0.3390800450958286,-0.3466672,-0.07159034949267196,-76.26932433526522,-56.652398057975546,-70.3859155720997,160.580661171239,0.37109302993723825,0.16022607236651593,0.5247835866431038,0.15494791053124918,0.31437715795203697,0.08807900000000002,-0.133845,-0.146133,0.05151699999999998,19.61692627728968,0.176161,0.403884,0.788658,0.491966,0.42817,0.580045,0.294325,0.345833,0.479687
bad_posture_20241013_221218_png.rf.5401eaed6ea732be35b6ec74913afd54.jpg,train,Bad,0,-0.10248097693351421,0.37202742857142856,-0.17276461329715057,-0.13965074285714285,-0.0115228222523745,-0.3067309714285714,-0.46019842605156036,-0.042856411428571405,-96.59952690510943,-50.89396201266539,-83.56017181582875,158.20802210429414,0.35211320256985534,0.14718808316232668,0.4669413093837383,0.17823614455266923,0.35051130029287214,0.09283999999999998,-0.11421500000000001,-0.165499,0.066168,45.70556489244404,0.052371999999999974,0.403884,0.647675,0.363416,0.297895,0.456256,0.18368,0.197917,0.364063
bad_posture_20241021_141755_png.rf.65a2e58d31958a39d23d16c8ceab9ae6.jpg,test,Bad,0,-0.22820816944024214,0.36168351219512207,-0.057646717095310156,-0.15924682926829264,0.2373865052950076,-0.28460253658536583,-0.405194795763994,-0.04146341463414624,-75.21506919432673,-27.793309982411515,-59.85517590361603,157.19722288143478,0.3451486869191306,0.17222575035400486,0.47877742931867623,0.19469229979893918,0.27396119864864077,0.15235700000000002,-0.08030599999999999,-0.179476,0.07545500000000005,47.421759211915216,0.24043600000000004,0.33723,0.845766,0.425309,0.512045,0.577666,0.431739,0.245833,0.5875
bad_posture_20241013_221128_png.rf.64b10ef13174ecba5f0f719dad089d86.jpg,valid,Bad,0,-0.04437643926788694,0.3928878873239436,-0.1964749417637272,-0.1245611267605634,0.12293936772046585,-0.2907883568075118,-0.45451953410981705,-0.009389671361502398,-101.71397195268439,-36.418284661550274,-80.2054507163561,147.67742680822462,0.3517528401505807,0.18637278945704497,0.46180320352288595,0.1433759202969592,0.329823833858319,0.14997500000000002,-0.11064500000000002,-0.12115999999999999,0.07666099999999998,65.29568729113412,0.07856000000000002,0.396742,0.645891,0.325327,0.301464,0.475302,0.190819,0.204167,0.378125
good_posture_20241021_180607_png.rf.6739ab1edb782b8dfe90e7251b927491.jpg,train,Good,1,-0.20125209302325564,0.43494374999999985,-0.22339906976744175,-0.07812750000000007,-0.09052837209302307,-0.33243125,-0.42441860465116266,0.07226499999999997,-91.66121623145187,-70.65654295039329,-84.46281383420168,131.92542835507683,0.41062958254977194,0.21561443591049279,0.6167780201952724,0.16170908725238667,0.3139608936683038,0.07141800000000004,-0.20344299999999998,-0.10804799999999998,0.12031400000000003,21.004673281058587,0.05951400000000001,0.432452,0.91358,0.420548,0.503123,0.491966,0.29968,0.3125,0.623437
bad_posture_20241021_141436_png.rf.65e7c4c15eb2c23a561ccdd39fbfcb93.jpg,valid,Bad,0,-0.10705148450244695,0.35652071428571425,-0.06728587275693307,-0.12531928571428583,0.16137265905383352,-0.2859335714285715,-0.44018557911908646,0.0223221428571428,-86.7683892432558,-45.7548264673808,-74.04763799779293,149.9414472453879,0.3378252046251138,0.15694607015150133,0.4677300311333451,0.20633288845213216,0.28316155692643025,0.10950599999999994,-0.11242999999999997,-0.17858400000000002,0.10334900000000002,41.013562775874995,0.12854999999999994,0.399123,0.838627,0.418167,0.501339,0.527673,0.388909,0.239583,0.604688
good_posture_20241021_142755_png.rf.64e169efe292b0d92226c1b95eee3d45.jpg,train,Good,1,-0.22261582037996552,0.4403401941747573,-0.2331410017271157,-0.12148867313915858,-0.043683316062176125,-0.328478619201726,-0.43321892918825566,0.03937432578209283,-90.6703894641216,-60.24375949190085,-81.72905235154026,127.84214642995609,0.4069148533661557,0.17267396687399056,0.5626451515564672,0.14752363883798425,0.30561418487040154,0.0857,-0.14990599999999998,-0.09050400000000003,0.11650000000000005,30.426629972220745,0.08093900000000004,0.334848,0.877887,0.330087,0.471,0.415787,0.321094,0.239583,0.5875
good_posture_20241021_142755_png.rf.66cd3b00eb8c2d26c3a0dc04927b4bc9.jpg,train,Good,1,-0.22261582037996552,0.4403401941747573,-0.2331410017271157,-0.12148867313915858,-0.043683316062176125,-0.328478619201726,-0.43321892918825566,0.03937432578209283,-90.6703894641216,-60.24375949190085,-81.72905235154026,127.84214642995609,0.4069148533661557,0.17267396687399056,0.5626451515564672,0.14752363883798425,0.30561418487040154,0.0857,-0.14990599999999998,-0.09050400000000003,0.11650000000000005,30.426629972220745,0.08093900000000004,0.334848,0.877887,0.330087,0.471,0.415787,0.321094,0.239583,0.5875
bad_posture_20241021_142601_png.rf.6589eeec635e63a58b1c6dbcf4e740e1.jpg,train,Bad,0,-0.07947379061371826,0.43058467289719626,-0.12897559566786995,-0.08978467289719631,0.052530252707581354,-0.3086048598130842,-0.41576490974729235,0.009346542056074672,-93.52306080259017,-61.77162694102478,-83.40723764645439,151.89393423989745,0.34865590864633283,0.1660890853126719,0.49762364752692373,0.14072014181345896,0.3170830708347578,0.07855800000000002,-0.14633600000000002,-0.12412600000000001,0.06629399999999996,31.75143386156539,0.05713299999999999,0.403884,0.845766,0.382459,0.497769,0.461017,0.351433,0.258333,0.564063
good_posture_20241013_225741_png.rf.6941bcbb04993866436d3312ea1aa44f.jpg,valid,Good,1,-0.19697968365553598,0.37646064794816414,-0.202338137082601,-0.1613066090712743,-0.05238917398945508,-0.37098747300215984,-0.3804920913884006,-0.046435593952483756,-90.35080323513627,-66.27805507105171,-83.22124965422637,133.62097646226448,0.3890482921245124,0.16569041954802335,0.5445386776428282,0.11479455748858482,0.31662829729826736,0.06665700000000002,-0.151691,-0.07919499999999999,0.08310200000000004,24.072748164084558,0.06427500000000003,0.325327,0.638752,0.322945,0.249711,0.389602,0.09802,0.24375,0.332813
bad_posture_20241021_143817_png.rf.6764145f0dab336544ad024f14901db1.jpg,train,Bad,0,-0.14586976744186037,0.38143402831402823,0.031287441860465164,-0.17420293436293433,0.2261618604651164,-0.3064976061776062,-0.34689860465116273,-0.09845559845559852,-74.23479056403568,-37.477040822031846,-64.41244104966931,167.2541391249134,0.35047267911350805,0.13198761030490708,0.46300455754236375,0.20841059950491958,0.3107021108280406,0.10474500000000003,-0.08030700000000002,-0.20327499999999998,0.04598099999999994,36.75774974200383,0.199967,0.38722,0.835058,0.482442,0.497769,0.587187,0.417462,0.279167,0.54375
bad_posture_20241021_143239_png.rf.68ff3dabef8ffa88deaec22dee2cf2d5.jpg,train,Bad,0,-0.20275523809523818,0.3852333980582523,-0.07125809523809537,-0.16088854368932037,0.21440857142857134,-0.2884085436893204,-0.3621038095238096,-0.08252427184466016,-78.89035006322003,-28.694734191013566,-63.20472791148194,161.71749284070205,0.35828008827173186,0.17097202375242568,0.48582323099044983,0.16081155880408599,0.3125241000706985,0.14997500000000002,-0.08209100000000003,-0.152694,0.05044700000000002,50.19561587220646,0.219011,0.341991,0.851119,0.411027,0.499553,0.561002,0.417462,0.258333,0.55
image_20241008_203730_jpg.rf.6b6062891c1d98f37417e6c159a73b81.jpg,valid,Bad,0,-0.07984240601503756,0.3896853774560496,-0.26694536340852126,-0.125282316442606,-0.05311318295739344,-0.3449697621509824,-0.4632409022556391,0.006721820062047628,-106.69038035871019,-51.22724630391055,-88.2802258715746,140.82364301430724,0.40615292732294817,0.2128775887922446,0.5552591097649817,0.15786529228744364,0.3752829294199244,0.13331099999999999,-0.16596699999999998,-0.12237800000000001,0.09972500000000006,55.46313405479964,0.016664000000000012,0.268192,0.808067,0.151545,0.419025,0.284856,0.253058,0.029167,0.51875
bad_posture_20241021_142123_png.rf.70ce01198ac54f6f1294bc55f7054c38.jpg,test,Bad,0,-0.33082825278810407,0.35512482840236687,-0.1533634696406443,-0.1666107455621302,0.13360396530359359,-0.2882607337278107,-0.38517194547707556,-0.05502958579881664,-72.00377921485786,-23.935333297310457,-55.41783150389631,153.2511430359095,0.3621442189584145,0.19794663078718966,0.5158851774620008,0.16366178791947741,0.27292510218006705,0.18092399999999997,-0.08030799999999999,-0.14614800000000003,0.07366099999999998,48.0684459175474,0.29281,0.280095,0.845766,0.391981,0.501339,0.572905,0.421031,0.245833,0.575
bad_posture_20241012_172310_png.rf.7062f60fe56b920ecc719d3f3b83862a.jpg,test,Bad,0,-0.25378559999999994,0.37427535512965043,-0.11285439999999998,-0.14593280721533258,0.028072000000000052,-0.3390800450958286,-0.3466672,-0.07159034949267196,-76.26932433526522,-56.652398057975546,-70.3859155720997,160.580661171239,0.37109302993723825,0.16022607236651593,0.5247835866431038,0.15494791053124918,0.31437715795203697,0.08807900000000002,-0.133845,-0.146133,0.05151699999999998,19.61692627728968,0.176161,0.403884,0.788658,0.491966,0.42817,0.580045,0.294325,0.345833,0.479687
good_posture_20241021_142318_png.rf.6a1f27ab2a247590de810e827ee6b731.jpg,train,Good,1,-0.1191972707889125,0.4357613259668509,-0.15168307036247325,-0.10691199999999994,-0.09320972281449877,-0.3265076685082873,-0.3109461833688698,0.02375690607734813,-91.77689889236358,-82.14317772458908,-88.98781764354833,122.27800090485776,0.38387158709391345,0.1567322836750617,0.5390321096075817,0.10927334438919675,0.29965292684036976,0.021425000000000027,-0.15526100000000004,-0.05835499999999999,0.092387,9.633721167774496,0.00952200000000003,0.384841,0.84755,0.372938,0.463863,0.394363,0.308602,0.314583,0.55625
bad_posture_20241021_144638_png.rf.6ed2a45f820cb156bc418731a9f11d0d.jpg,train,Bad,0,-0.24902820717131474,0.4387417751479291,-0.05478948207171313,-0.1559829585798817,0.24466082337317402,-0.2843881656804734,-0.3831341301460823,-0.05621301775147925,-70.0083841611996,-21.054443722019776,-52.74788871982671,164.74176906276335,0.3342287348658102,0.18876291086174743,0.4797898754590389,0.20021673447042332,0.2730436999236569,0.176161,-0.06781399999999999,-0.19315899999999997,0.05269100000000004,48.953940439179824,0.290428,0.353892,0.833273,0.468159,0.519184,0.64432,0.45137,0.275,0.571875
bad_posture_20241021_143008_png.rf.6cd9b1e6f3b75c8246be9c8880822b6b.jpg,train,Bad,0,-0.22545615708274905,0.34677695550351295,-0.16134844319775601,-0.17480805620608894,0.11643669004207571,-0.30319925058548003,-0.45044353436185136,-0.0714293208430912,-84.14102024202936,-28.968829777156017,-66.29077019233151,156.81403533962333,0.34982241798518293,0.17686358343650058,0.473631528047912,0.17518431994331,0.3058751904110564,0.154735,-0.08566099999999999,-0.16103499999999998,0.06897300000000006,55.17219046487334,0.19044500000000003,0.323242,0.849334,0.358952,0.501339,0.513687,0.415678,0.197917,0.570312
good_posture_20241012_172057_png.rf.71b7627c08bdb8d2fe852d499e0c9cff.jpg,test,Bad,0,-0.14156631578947362,0.3458984858757062,-0.15659789473684202,-0.19355425988700561,0.13908842105263178,-0.3226100790960452,-0.46052631578947356,-0.009604519774011236,-91.09668295485272,-32.428225171637905,-73.91136899788529,138.62049511948894,0.3730493344867405,0.1663985465711766,0.48105179683896826,0.1923988352667448,0.28873904004308104,0.14045100000000005,-0.08923000000000003,-0.144366,0.12718400000000002,58.66845778321482,0.13331100000000007,0.382756,0.795797,0.375616,0.422816,0.516067,0.333586,0.23125,0.55
good_posture_20241013_222638_png.rf.696d0c1fed86072e02257c39016c2528.jpg,train,Bad,0,-0.06543331343283579,0.38772850855745733,-0.24279928358208946,-0.1400586797066014,0.01642937313432839,-0.31040039119804397,-0.4572145671641791,-0.018336625916870308,-105.38975717863187,-38.73876513646369,-84.51389102393661,145.27440896530078,0.34983301033636033,0.17395993211369104,0.4482010267770479,0.1365548213465933,0.33075021440658203,0.13568999999999998,-0.10885900000000001,-0.11223300000000003,0.07778800000000002,66.65099204216818,0.04285,0.413406,0.654814,0.320566,0.317525,0.456256,0.208666,0.208333,0.395313
good_posture_20241021_141542_png.rf.674e053d01aacf3117aed4bfa338fe05.jpg,train,Good,1,-0.1971776,0.37324599999999997,-0.23200091428571426,-0.10502733333333336,-0.09270521904761907,-0.31679799999999997,-0.40476190476190477,0.020833999999999946,-92.28021223856605,-70.21552137682812,-85.26689713903248,126.89397472393433,0.35898924930142406,0.16879133056232476,0.5193038884786055,0.11803221042156246,0.2776840068225032,0.05713299999999999,-0.15882799999999997,-0.070859,0.09439599999999998,22.06469086173793,0.04285,0.353892,0.818997,0.339609,0.460292,0.396742,0.301464,0.26875,0.554688
bad_posture_20241021_142914_png.rf.6f9b9047c25e931496da93ffa18e5752.jpg,train,Bad,0,-0.2732819972260749,0.31310975088967985,-0.19720987517337032,-0.17734586002372474,0.12821015256588073,-0.31282998813760376,-0.4667128987517337,0.04804346381969165,-82.44337668733185,-25.95608609363085,-61.25102651514352,135.64230502608387,0.32584080257236053,0.20386712400482818,0.4701988909057528,0.21231932374609713,0.20578251620825325,0.183303,-0.089229,-0.151806,0.14844000000000002,56.487290593701,0.226153,0.327706,0.826134,0.370556,0.503123,0.553859,0.413894,0.21875,0.651563
image_20241008_202917_jpg.rf.6ef80c65011a334d84e3469a03e88036.jpg,test,Bad,0,-0.016087843137254882,0.38094722620266114,-0.26975058823529413,-0.12118878198567044,-0.11291450980392156,-0.3386289457523029,-0.4673207843137255,-0.010747185261003041,-112.8758919432071,-58.934258326528926,-96.41235981934499,146.20592029568186,0.4159889223777479,0.1937575219520522,0.5526967537899964,0.1515579334940933,0.4148899922268552,0.09998299999999999,-0.16596799999999998,-0.125951,0.08429800000000004,53.94163361667817,-0.061727000000000004,0.308494,0.761473,0.146784,0.378202,0.246767,0.212234,0.020833,0.4625
bad_posture_20241013_222740_png.rf.6ee53ef53b06a6c43df4ace82be23d7a.jpg,train,Bad,0,-0.043683316062176125,0.44217964071856286,-0.159460310880829,-0.14872354491017964,0.07736179620034539,-0.34295549700598804,-0.4838795164075993,0.07724474251496999,-97.73694763220283,-49.78677857078859,-83.89801334710279,134.87144612411376,0.3890133473609871,0.1659221988192056,0.5150964028218408,0.2080016400944954,0.31035909261531236,0.10712499999999997,-0.126706,-0.14674900000000002,0.14740899999999996,47.950169061414236,0.05475399999999997,0.415787,0.670875,0.363416,0.285403,0.470541,0.158697,0.216667,0.432812
image_20241009_143702_jpg.rf.71a50439f29c4ffcc7e0511d8a2c0de9.jpg,valid,Bad,0,-0.0001735977337109576,0.38001004830917884,-0.12965484419263448,-0.17174879227053136,0.16383501416430607,-0.329000193236715,-0.40651558073654387,0.01449275362318844,-101.3150569556366,-32.14471235889687,-78.84236453571951,141.72888048386028,0.36399390166594825,0.19118538691019252,0.467477014838163,0.1945079640040479,0.3257865624377409,0.16187800000000002,-0.10172200000000003,-0.152706,0.120475,69.17034459673974,0.09046100000000001,0.399123,0.733319,0.327706,0.3764,0.489584,0.274678,0.175,0.496875
bad_posture_20241021_144407_png.rf.6b070a07b32d4d8424a75b3eca4176c0.jpg,train,Bad,0,-0.12952418670438468,0.4221723001230013,-0.09935818953323898,-0.09481230012300128,-0.0217796888260254,-0.28306046740467405,-0.4302209900990099,0.004305043050430435,-87.09517977665196,-70.2835149476368,-82.43205213200886,160.99183596719183,0.3287884611722255,0.12701334571217307,0.4518690635936477,0.19328966481682355,0.31309459060322337,0.04285,-0.11956699999999998,-0.18275000000000002,0.06295499999999998,16.811664829015157,0.05951200000000001,0.401505,0.840411,0.418167,0.512045,0.461017,0.392478,0.235417,0.575
good_posture_20241013_225743_png.rf.6c388dc051c17698b210c6cfc763413e.jpg,valid,Good,1,-0.2440071111111111,0.43118689655172415,-0.2633513650793651,-0.12757586206896548,-0.11341663492063496,-0.36880344827586203,-0.3994702222222223,0.07327517241379314,-91.34635563639857,-67.12236313343902,-83.67626766012988,114.70638557654286,0.4052148689892808,0.1898219210628741,0.5835436193413479,0.16028965875876086,0.2705325035647288,0.07379599999999997,-0.17489000000000002,-0.06699600000000003,0.145617,24.223992502959547,0.06427499999999997,0.318184,0.679798,0.308663,0.274695,0.382459,0.099805,0.241667,0.420312
bad_posture_20241021_143139_png.rf.6d21c903edefbb5159ae78a9f01b3269.jpg,valid,Bad,0,-0.2394590922401171,0.3571644019138757,-0.23499502196193264,-0.12100440191387554,-0.02085270863836014,-0.32593301435406696,-0.48438325036603225,-0.004784688995215209,-89.5630030342403,-49.512025628251415,-75.34779998152045,150.29900224939524,0.3123130838437609,0.17598496117850526,0.4611448368061818,0.15319881859857798,0.2701182898361383,0.114265,-0.13384400000000002,-0.133072,0.07590600000000003,40.05097740598888,0.116647,0.282773,0.833273,0.285155,0.520969,0.39942,0.387125,0.152083,0.596875
bad_posture_20241021_145211_png.rf.6c0a085f979a3d09d8dc8bcd28a4ee9d.jpg,train,Bad,0,-0.3417354838709678,0.3375788832487311,0.026864516129032193,-0.20160649746192885,0.23266967741935485,-0.29146964467005065,-0.21774193548387105,-0.13705583756345158,-49.284626006013134,-19.129029926957852,-41.0207283365723,168.16068828955883,0.43793378531577126,0.16882077681671773,0.5900336816318201,0.1936904050824408,0.3075928084887551,0.15949900000000006,-0.05532199999999998,-0.18957000000000002,0.03973900000000008,30.155596079055282,0.44516400000000006,0.285155,0.842197,0.57082,0.510261,0.730319,0.454939,0.38125,0.55
good_posture_20241013_222750_png.rf.6bf1375bbcf78b64e80849c2db4d63c9.jpg,train,Good,1,-0.1572866666666668,0.3904689539748955,-0.17633200000000007,-0.17104401673640166,-0.0684173333333334,-0.3574179079497908,-0.3930546666666667,-0.048117154811715496,-90.97564715806264,-73.78965992931205,-86.58565433255278,131.5152200084662,0.41944080936885486,0.14496117489866037,0.5595712683474734,0.1226141719459867,0.33929089043179456,0.040468000000000004,-0.13919800000000002,-0.08127099999999998,0.09181099999999998,17.18598722875059,0.03332600000000002,0.38008,0.674444,0.372938,0.255064,0.413406,0.115866,0.291667,0.346875
good_posture_20241021_141713_png.rf.6c89ea9fbde0debbc90169020fd15f02.jpg,train,Bad,0,-0.10680484149855905,0.4228188395904436,-0.2604749279538905,-0.12291403868031854,0.029304899135446698,-0.294429670079636,-0.4433231123919308,0.052900295790671174,-102.53418193881213,-36.85746752873895,-81.47892746045409,129.39012409789103,0.38391495718322827,0.19636180462095984,0.4980457102646302,0.15622190393475557,0.3127641808711477,0.157115,-0.11778300000000003,-0.099138,0.12073499999999998,65.67671441007317,0.073797,0.399123,0.836842,0.315805,0.462077,0.47292,0.344294,0.216667,0.582812
good_posture_20241021_142153_png.rf.6b8b9daa24766b0fd7dfe081ba5c504c.jpg,train,Good,1,-0.20679215686274519,0.40647864406779644,-0.21222017825311956,-0.12587525423728826,-0.11445190730837802,-0.32187661016949165,-0.4037433155080215,0.02118644067796595,-90.34717568089938,-73.48832428125529,-85.69134670668788,127.73805669063518,0.39261820762924377,0.15076841214591336,0.5386844308915935,0.13714674347209269,0.29697486393464345,0.04285,-0.14455099999999999,-0.08394099999999999,0.108458,16.858851399644095,0.04047099999999998,0.43007,0.852903,0.427691,0.460292,0.470541,0.315741,0.34375,0.56875
good_posture_20241012_174331_png.rf.69218c897265290334bcd3e8e236c690.jpg,train,Good,1,-0.36227294614572325,0.29932602316602325,-0.36227294614572325,-0.15488370656370656,-0.29792016895459345,-0.3731694208494209,-0.43312168954593444,0.023166023166023154,-90.0,-74.91801016919209,-85.000957639364,109.98792674684483,0.36762600000000006,0.18297776626136847,0.5463793425103113,0.15334583714597536,0.22958090333910622,0.04761099999999996,-0.176675,-0.05241700000000002,0.144109,15.081989830807913,0.04761099999999996,0.275334,0.729767,0.275334,0.362141,0.322945,0.185466,0.222917,0.50625
bad_posture_20241012_172726_png.rf.6f7eed2cd768313d4443c71399348e49.jpg,valid,Bad,0,-0.09852093023255809,0.3483462527716185,-0.20924465116279056,-0.17334172949002224,0.025492093023255905,-0.3278201330376941,-0.3798455813953488,-0.01662971175166297,-99.19565931935169,-40.78727626566868,-82.03640909589097,129.70453206707037,0.3724131137930027,0.1666415408054066,0.481125829534229,0.14354083284208718,0.29835184360080624,0.12617099999999998,-0.10885899999999998,-0.09169800000000003,0.11043300000000006,58.40838305368301,0.06665700000000002,0.365795,0.775944,0.306281,0.408317,0.432452,0.299458,0.214583,0.51875
bad_posture_20241021_144143_png.rf.71e440995484c622c1fd840aec7bb841.jpg,train,Bad,0,-0.21551423423423424,0.44115523269012485,-0.07139315315315323,-0.08259432463110107,0.11390414414414415,-0.30298533484676504,-0.37687783783783785,0.006242905788876245,-82.10463215621895,-67.03649831322343,-77.42326557576473,150.0137579527165,0.363936913809248,0.16474657843487978,0.5247697123243681,0.12234088543900602,0.30453014578691545,0.06427500000000003,-0.15169099999999996,-0.10596499999999998,0.061145000000000005,15.068133842995522,0.11426700000000001,0.370556,0.836842,0.420548,0.476355,0.484823,0.324664,0.314583,0.5375
bad_posture_20241021_142111_png.rf.71eb50bb399a72995b18a75eea2b6792.jpg,valid,Bad,0,-0.2797098842975206,0.4124328110599078,-0.2293413553719008,-0.1612696774193549,0.18869183471074377,-0.2928530875576037,-0.45041322314049587,-0.0184331797235024,-86.49821407504653,-24.30397431804494,-65.16049381476603,137.17011864259587,0.3897697410176937,0.21679995455719078,0.5270284303839784,0.14247955082045982,0.30311655285879724,0.19758599999999998,-0.08922999999999998,-0.104491,0.09686099999999997,62.1942397570016,0.22139299999999995,0.318184,0.867181,0.341991,0.478139,0.539577,0.388909,0.2375,0.575
bad_posture_20241013_220329_png.rf.7391747e35777b9cccc99d03692c3c7b.jpg,train,Bad,0,-0.09000898876404502,0.3219695983522143,-0.1884413483146068,-0.16970595262615853,0.05978157303370775,-0.3273225952626158,-0.45224719101123595,-0.011842801235839308,-98.35125608187793,-40.89135732463183,-80.39857819065371,140.7826186059489,0.37697939377769707,0.18264910885356103,0.4995467009619821,0.18940494998811405,0.32361188947410446,0.13807399999999997,-0.119567,-0.14674199999999998,0.11975399999999997,57.45989875724611,0.08332099999999998,0.451495,0.692291,0.396742,0.319309,0.534816,0.199742,0.25,0.439063
bad_posture_20241021_145122_png.rf.760013fe9c2eeb4d5f703d6590cc7671.jpg,train,Bad,0,-0.25920928571428575,0.3664924119947848,0.11147499999999994,-0.15469288135593232,0.2849178571428571,-0.3036034419817471,-0.19717214285714285,-0.06714555410691005,-50.27837013070478,-36.313940756691224,-46.51145476260611,166.35208870241186,0.4060334220935513,0.15067309315202898,0.5534491697319638,0.22233072304339763,0.2634477591705801,0.12141000000000002,-0.08922999999999998,-0.21605299999999994,0.05246000000000006,13.964429374013555,0.380889,0.341991,0.820781,0.60147,0.508477,0.72288,0.419247,0.385417,0.560937
bad_posture_20241021_145134_png.rf.78072d79cfba79b3449ee462a531f36c.jpg,train,Bad,0,-0.3021967184035478,0.37372086461888493,0.08966917960088679,-0.15122184300341313,0.27209046563192896,-0.2785592718998864,-0.20214385809312646,-0.07224045506257125,-52.546964476665096,-34.2251492075207,-47.90320591013454,165.22439053042837,0.4540997187766141,0.15547260377635672,0.6036724250270175,0.21266954745096905,0.31426129022837035,0.12855000000000005,-0.087445,-0.20563699999999996,0.05423800000000001,18.321815269144395,0.404693,0.325327,0.854688,0.60147,0.4942,0.73002,0.406755,0.395833,0.548438
good_posture_20241021_141317_png.rf.77704611f833f0d7dbf7605448d54924.jpg,train,Bad,0,-0.23008140105078806,0.4203959322033897,-0.21406907180385296,-0.1095376271186441,-0.021956987740805685,-0.3103810169491526,-0.43228329246935204,0.0402549152542372,-88.95294020237817,-59.947308025805,-80.22575635910908,131.38535612474269,0.39089126969657423,0.1711274872251679,0.5468864318604001,0.14724101711140136,0.2945073610574106,0.0857,-0.14812200000000003,-0.09734399999999999,0.11047199999999996,29.005632176573172,0.09284299999999995,0.361034,0.860042,0.368177,0.469216,0.453877,0.321094,0.270833,0.579688
good_posture_20241013_225734_png.rf.78b82102bae51ef864317a1cc846fb0d.jpg,test,Good,1,-0.2491051162790697,0.40921411764705884,-0.26682046511627894,-0.1354621848739496,-0.1870995348837208,-0.36580840336134457,-0.4302325581395348,-0.03151193277310922,-91.34649699339887,-75.95746141671967,-86.69091948017808,138.64520919593951,0.40521489248669035,0.17659746572360543,0.5773856860998547,0.11701329635985822,0.34194220978990003,0.04285,-0.17132,-0.08783400000000002,0.07731300000000002,15.389035576679206,0.033328000000000024,0.284856,0.676228,0.275334,0.271125,0.318184,0.099805,0.1875,0.348438
bad_posture_20241021_144036_png.rf.71c800aaccc03f2287eff9ed7d86c867.jpg,train,Bad,0,-0.14699937232524968,0.36132517150395776,-0.09483526390870181,-0.15399472295514524,0.20509192582025682,-0.3016591029023748,-0.399192239657632,-0.027705329815303475,-84.65186401379253,-28.029362266702883,-63.84273003080618,155.83527404677446,0.3065002743555053,0.18608328800298,0.43740699348089995,0.1826918658780407,0.2686079612855881,0.164257,-0.087445,-0.16668300000000003,0.07478700000000005,56.62250174708965,0.19282500000000002,0.377698,0.822566,0.406266,0.5174,0.570523,0.429955,0.239583,0.592187
bad_posture_20241021_143924_png.rf.7407a4ef46d060a76172d18a47aef81c.jpg,train,Bad,0,-0.13009689440993796,0.3916738840937117,-0.07331577639751553,-0.16320059186189873,0.18691975155279505,-0.3096651048088778,-0.38509316770186336,-0.036374845869297026,-85.3543802057538,-35.327589117574526,-70.25502315440119,152.875358577078,0.35272380108095913,0.1604823390968614,0.47212211926259084,0.1762472340350339,0.3000232136118804,0.13093100000000002,-0.09279900000000002,-0.15686300000000003,0.08035599999999998,50.02679108817927,0.15949900000000006,0.365795,0.849334,0.394363,0.497769,0.525294,0.40497,0.2375,0.578125
bad_posture_20241013_221128_png.rf.759122f47838c06d9e88472ffd56d0da.jpg,valid,Bad,0,-0.04437643926788694,0.3928878873239436,-0.1964749417637272,-0.1245611267605634,0.12293936772046585,-0.2907883568075118,-0.45451953410981705,-0.009389671361502398,-101.71397195268439,-36.418284661550274,-80.2054507163561,147.67742680822462,0.3517528401505807,0.18637278945704497,0.46180320352288595,0.1433759202969592,0.329823833858319,0.14997500000000002,-0.11064500000000002,-0.12115999999999999,0.07666099999999998,65.29568729113412,0.07856000000000002,0.396742,0.645891,0.325327,0.301464,0.475302,0.190819,0.204167,0.378125
bad_posture_20241013_222600_png.rf.763b02ea322cdbe107e1a4f76e08a272.jpg,train,Bad,0,-0.10913681940700808,0.4026484615384615,-0.19537811320754717,-0.13272846153846155,0.07976495956873304,-0.3084423076923077,-0.421832884097035,0.03846076923076924,-98.17518377612713,-35.60602327376827,-76.67154286290955,139.71386437302652,0.35156766073403284,0.19617372608226616,0.47500345861582943,0.1720880038178141,0.2981520887734983,0.15949699999999994,-0.11421400000000001,-0.131273,0.11127300000000001,62.569160502358855,0.10950399999999993,0.406266,0.672659,0.356273,0.324664,0.51577,0.21045,0.225,0.435937
good_posture_20241021_141317_png.rf.74badd80ae03fafb0c84215a63bf501f.jpg,train,Bad,0,-0.23008140105078806,0.4203959322033897,-0.21406907180385296,-0.1095376271186441,-0.021956987740805685,-0.3103810169491526,-0.43228329246935204,0.0402549152542372,-88.95294020237817,-59.947308025805,-80.22575635910908,131.38535612474269,0.39089126969657423,0.1711274872251679,0.5468864318604001,0.14724101711140136,0.2945073610574106,0.0857,-0.14812200000000003,-0.09734399999999999,0.11047199999999996,29.005632176573172,0.09284299999999995,0.361034,0.860042,0.368177,0.469216,0.453877,0.321094,0.270833,0.579688
good_posture_20241021_141649_png.rf.78d8401f4668f337aefdded3207aa1a2.jpg,train,Good,1,-0.21983219512195126,0.41877218884120165,-0.21983219512195126,-0.10818266094420603,-0.12073886178861797,-0.3189637768240343,-0.4498653658536586,-0.01716669527896995,-90.0,-76.06209241553631,-85.94408332712814,143.14804328968918,0.383689,0.1581307925294754,0.5385127062725632,0.11049780541712133,0.3295028168089007,0.038088999999999984,-0.15347499999999997,-0.08841900000000003,0.06627100000000002,13.937907584463687,0.038088999999999984,0.346752,0.843981,0.346752,0.460292,0.384841,0.306817,0.258333,0.526563
bad_posture_20241021_141755_png.rf.77281eb66e0a303481e338fcbb50b18d.jpg,test,Bad,0,-0.22820816944024214,0.36168351219512207,-0.057646717095310156,-0.15924682926829264,0.2373865052950076,-0.28460253658536583,-0.405194795763994,-0.04146341463414624,-75.21506919432673,-27.793309982411515,-59.85517590361603,157.19722288143478,0.3451486869191306,0.17222575035400486,0.47877742931867623,0.19469229979893918,0.27396119864864077,0.15235700000000002,-0.08030599999999999,-0.179476,0.07545500000000005,47.421759211915216,0.24043600000000004,0.33723,0.845766,0.425309,0.512045,0.577666,0.431739,0.245833,0.5875
bad_posture_20241021_142418_png.rf.77bdb020915a6f13a95e0d60558be3bf.jpg,train,Bad,0,-0.3317145479082321,0.41530594301221163,-0.03563897435897424,-0.21078078697421984,0.21520302294197036,-0.2944636092265944,-0.35695006747638325,-0.05223967435549529,-64.57053523531324,-18.35619789152546,-52.23367156792767,153.86023544321003,0.3991619710355685,0.15299904341204226,0.516969272375061,0.20720110836093522,0.2696001047792823,0.14521399999999995,-0.04818300000000003,-0.18600900000000004,0.091285,46.21433734378778,0.316614,0.339609,0.845766,0.511009,0.485277,0.656223,0.437094,0.325,0.576562
bad_posture_20241021_180437_png.rf.733d0fa44df28d50eab6bf25d4bb8627.jpg,train,Bad,0,-0.23991250296559904,0.4158037308146399,-0.04110861209964417,-0.15863820543093268,0.211915349940688,-0.30157204250295166,-0.34025357058125744,-0.07024868949232582,-70.99386459051662,-29.578499361833067,-57.918052099321,163.46511620664577,0.4020365417745009,0.19161065816911127,0.5602584577157225,0.2055136816516117,0.32834882664020587,0.16664,-0.09458200000000005,-0.197015,0.05848900000000001,41.415365228683555,0.297571,0.418167,0.891942,0.549098,0.511823,0.715738,0.417241,0.352083,0.570312
good_posture_20241021_142223_png.rf.793ed03aa3d467da6073664b3895b884.jpg,train,Good,1,-0.1917659259259258,0.3953018818380743,-0.23878617283950615,-0.11453864332603952,-0.18236148148148143,-0.3419669146608316,-0.41872493827160484,0.0601743544857767,-93.74097009780986,-80.02400482233854,-89.48186026928705,126.1360708204797,0.3648353844955284,0.16489108414041068,0.5264775275897349,0.15447386954433426,0.26545620657276037,0.028565000000000007,-0.162398,-0.09109399999999995,0.12475600000000003,13.716965275471324,0.00476099999999996,0.391981,0.831489,0.368177,0.467431,0.396742,0.305033,0.277083,0.592187
bad_posture_20241021_143747_png.rf.780456714bcdce33dffa26ed74c81696.jpg,train,Bad,0,-0.16281562130177513,0.32962360046457617,-0.12224757396449706,-0.16649904761904757,0.15271384615384606,-0.344252543554007,-0.39842272189349115,-0.08420441347270616,-86.32662206635787,-39.46752219765608,-69.81538091311872,159.21686332464245,0.334407040932155,0.1881046870362352,0.4829468507920929,0.15600630679879576,0.3049087427346091,0.14521399999999995,-0.11956700000000003,-0.14585499999999998,0.05535599999999996,46.85909986870179,0.16663899999999993,0.351513,0.831489,0.372938,0.497769,0.518152,0.378202,0.227083,0.553125
image_20241007_230643_jpg.rf.75048b5d0ac48caaf18479242b6ba6cb.jpg,train,Bad,0,-0.0054069565217390834,0.37849721081081084,-0.0757913043478261,-0.1845464216216217,0.14777391304347826,-0.3623501837837838,-0.3786226086956522,-0.028649340540540545,-95.68023963304941,-44.98684859251284,-80.6575347296686,147.09732208968074,0.4088947696046014,0.18175543893099866,0.5425748917200279,0.20739536152961568,0.36417339047492203,0.12855,-0.12849099999999997,-0.17412799999999998,0.11266000000000004,50.69339104053657,0.08807899999999996,0.406266,0.808289,0.365795,0.401402,0.494345,0.272911,0.191667,0.514062
image_20241008_202917_jpg.rf.789046235e1e117ee7023035c3d2b0ad.jpg,test,Bad,0,-0.016087843137254882,0.38094722620266114,-0.26975058823529413,-0.12118878198567044,-0.11291450980392156,-0.3386289457523029,-0.4673207843137255,-0.010747185261003041,-112.8758919432071,-58.934258326528926,-96.41235981934499,146.20592029568186,0.4159889223777479,0.1937575219520522,0.5526967537899964,0.1515579334940933,0.4148899922268552,0.09998299999999999,-0.16596799999999998,-0.125951,0.08429800000000004,53.94163361667817,-0.061727000000000004,0.308494,0.761473,0.146784,0.378202,0.246767,0.212234,0.020833,0.4625
image_20241007_230643_jpg.rf.7c12ab5f5b0666f535cfa8439b32ce10.jpg,train,Bad,0,-0.0054069565217390834,0.37849721081081084,-0.0757913043478261,-0.1845464216216217,0.14777391304347826,-0.3623501837837838,-0.3786226086956522,-0.028649340540540545,-95.68023963304941,-44.98684859251284,-80.6575347296686,147.09732208968074,0.4088947696046014,0.18175543893099866,0.5425748917200279,0.20739536152961568,0.36417339047492203,0.12855,-0.12849099999999997,-0.17412799999999998,0.11266000000000004,50.69339104053657,0.08807899999999996,0.406266,0.808289,0.365795,0.401402,0.494345,0.272911,0.191667,0.514062
good_posture_20241013_222732_png.rf.7b06fe602f93f4e02b9a1afa3a2bae98.jpg,train,Good,1,-0.19353723076923074,0.37562931677018635,-0.21112,-0.1706126708074534,-0.06462399999999996,-0.3597863354037267,-0.40897353846153844,-0.03623122153209108,-90.99267615242455,-67.37064642001813,-84.60949511418448,128.39884414073825,0.41230387945422003,0.1546749251979777,0.5574744045442803,0.12940567197769967,0.32291287945357644,0.05951400000000001,-0.142767,-0.080378,0.101416,23.622029732406418,0.052371,0.372938,0.678014,0.365795,0.265772,0.425309,0.123005,0.285417,0.367188
bad_posture_20241021_142536_png.rf.77bc1f619145f0f2651c4ba4cb72ed83.jpg,train,Bad,0,-0.38008974008207924,0.41873071324599714,-0.03828246238030087,-0.17977082969432315,0.26601433652530787,-0.2628963027656477,-0.36867305061559497,-0.0749636098981078,-58.71368563867481,-14.398566712286371,-44.75485850893137,163.3992033666473,0.3758874660653106,0.1794176182792537,0.5196066177022768,0.19689067870267496,0.2650552037312228,0.173782,-0.04461499999999996,-0.18868399999999996,0.05625199999999997,44.315118926388436,0.368986,0.33723,0.82435,0.532434,0.503123,0.706216,0.458508,0.34375,0.559375
image_20241007_191654_jpg.rf.75329e0160a1967e9f641fd993435eff.jpg,train,Good,1,-0.16628199999999999,0.41804217252396164,-0.26150399999999996,-0.17066649627263047,-0.16628199999999999,-0.3579813418530351,-0.447916,0.06442956336528223,-96.29105780640663,-70.88976848512294,-90.0,118.38830808029913,0.4344894652923129,0.14542743857333112,0.569286,0.19603962523173732,0.29516425588644707,0.04761099999999999,-0.13741299999999998,-0.09320600000000001,0.17246500000000003,25.401289321283684,0.0,0.232484,0.80472,0.184873,0.372847,0.232484,0.235434,0.091667,0.545312
good_posture_20241012_172239_png.rf.7c176ae9790f83cc55532fe9cec2eba9.jpg,test,Bad,0,-0.09380885154061624,0.40657945172824783,-0.1279529411764706,-0.17333988081048868,0.012882913165266114,-0.3121931823599523,-0.4150332773109244,0.012514898688915341,-92.86842692326147,-49.200424741010735,-82.8004715149027,142.738440867935,0.3805958542561913,0.12022987064785523,0.47487705765282023,0.2012075009859225,0.31436266905916166,0.07856000000000002,-0.09101399999999998,-0.160137,0.12182199999999999,43.66800218225073,0.05951400000000001,0.406266,0.795797,0.38722,0.415678,0.46578,0.324664,0.227083,0.5375
bad_posture_20241013_215714_png.rf.743c06dcd0ee0068aa36835d30f8a981.jpg,valid,Bad,0,-0.0017934328358209437,0.35699218285714274,-0.335310912106136,-0.1259730285714286,-0.07254155887230519,-0.32437741714285717,-0.48894487562189054,0.04857215999999994,-115.44958766984816,-47.61299143317552,-94.09283748727898,121.24019319066382,0.3656315208348426,0.18362644391535768,0.46697090984449985,0.1395531099617633,0.31163836668805717,0.12378899999999998,-0.135628,-0.072376,0.11931799999999998,67.83659623667263,-0.033329,0.325327,0.665522,0.168209,0.33537,0.291998,0.199742,0.095833,0.454688
bad_posture_20241021_144000_png.rf.7607af798e516b125b6c30696e008b3d.jpg,train,Bad,0,-0.24010384401114204,0.4080701170351104,-0.12976356545961,-0.15334720416124856,0.10365103064066851,-0.2959298829648896,-0.40993559888579384,-0.0162557087126139,-79.60166235655471,-33.194531796308084,-65.49152268543641,152.34240562305365,0.3429208899396478,0.15646320232565863,0.46483134912030194,0.1774329459965088,0.27214554112459755,0.13093099999999996,-0.08566099999999999,-0.157159,0.08236200000000005,46.40713056024663,0.19282499999999997,0.334848,0.831489,0.396742,0.4942,0.527673,0.408539,0.239583,0.576562
image_20241007_192602_jpg.rf.7c86836745671731c35e28b26cec54ab.jpg,valid,Bad,0,-0.11993129682997124,0.38350162513542796,-0.04968069164265138,-0.20056112676056345,0.18741440922190192,-0.3490508342361864,-0.42795389048991356,-0.03412784398699898,-84.8323735193609,-39.79241653313464,-72.49152736616794,149.66540950879934,0.42288282870908817,0.16730259449572202,0.5538998081259823,0.2376285320011046,0.34435784663050734,0.12855,-0.10707499999999998,-0.20509499999999997,0.12001400000000001,45.03995698622626,0.16663899999999998,0.242006,0.80115,0.280095,0.379986,0.408645,0.272911,0.075,0.5
bad_posture_20241021_142034_png.rf.7c3f7dce02b6e9844fb06e787615aa42.jpg,train,Bad,0,-0.13385142857142862,0.3958439869989166,-0.1981548051948052,-0.1164486240520044,0.09863896103896094,-0.31196134344528714,-0.4004322077922079,0.09804914409534131,-94.78855525266177,-44.626734324945254,-77.63549153967473,122.18493518859667,0.370704925563446,0.20069176991844978,0.5225136478906556,0.18275661587203904,0.2501424512312934,0.14283199999999996,-0.14098299999999997,-0.09734600000000004,0.15467300000000006,50.16182092771651,0.11188599999999999,0.382459,0.84755,0.351513,0.478139,0.494345,0.337156,0.254167,0.632812
good_posture_20241021_141958_png.rf.7d683a5556ed27e1e91cdecb2bfe0a34.jpg,train,Good,1,-0.19429925925925923,0.3907371005291005,-0.20558933333333335,-0.09754294179894185,-0.14916029629629632,-0.3150941798941799,-0.3086411851851852,0.050265227513227456,-90.75698475145302,-81.56907491087391,-87.90713099375557,111.72233652405693,0.360519464541098,0.162368662715439,0.521449834838405,0.11746541193474784,0.2559507084186328,0.023805999999999994,-0.16061399999999998,-0.043474999999999986,0.109124,9.18790984057911,0.019042999999999977,0.358655,0.815427,0.353892,0.454939,0.377698,0.294325,0.310417,0.564063
good_posture_20241012_174401_png.rf.7d395a14338e8b9b211b52055ba66434.jpg,train,Good,1,-0.30984992084432716,0.34182795430944973,-0.3259292875989446,-0.16578974039460018,-0.18925129287598944,-0.3887622845275181,-0.4340369393139842,0.023364485981308487,-91.42826163260611,-64.24306203801451,-82.59699855435888,114.22136676867697,0.38202168772597195,0.18625749709743228,0.5542752086409782,0.1560461850895433,0.25062663585501044,0.08093899999999998,-0.16775199999999998,-0.06402000000000002,0.14230900000000002,27.185199594591595,0.07141700000000001,0.311042,0.720844,0.30152,0.338941,0.382459,0.171189,0.2375,0.48125
good_posture_20241013_222738_png.rf.802542d1e3ce772121b5f1a8143e063c.jpg,train,Good,1,-0.1618583703703704,0.39684326180257506,-0.20135822222222227,-0.15461974248927043,0.0017825185185184592,-0.3482444635193133,-0.42222222222222217,0.025751759656652287,-92.37645950720903,-58.70564015889566,-82.74801283998347,125.35460868423203,0.4018796362743452,0.16498695793607443,0.5468918216475722,0.16102891112467968,0.29167383441440203,0.0857,-0.140983,-0.09317699999999995,0.13133299999999998,33.67081934831337,0.06903599999999999,0.384841,0.678014,0.368177,0.27648,0.453877,0.135497,0.275,0.407813
bad_posture_20241021_143504_png.rf.7dd987a7a58246fcf4b641c634f34873.jpg,train,Bad,0,-0.14646286725663715,0.38999702994011975,-0.11949677876106193,-0.16807837125748507,0.17712113274336289,-0.3267477844311378,-0.4634225840707964,-0.006586826347305525,-88.12735696621509,-38.32842413168563,-73.01307458001351,145.24160233179532,0.36425153487391104,0.1669014741996008,0.48889372497507066,0.1847830642266763,0.29411663527417153,0.13092900000000002,-0.10350700000000002,-0.15181099999999997,0.10534799999999994,49.79893283452946,0.14283200000000001,0.341991,0.849334,0.353894,0.485277,0.484823,0.38177,0.202083,0.590625
image_20241010_173545_jpg.rf.84cabeeeae008f6fd995e00701a0ef6b.jpg,train,Bad,0,-0.07129142857142852,0.304560411946447,-0.124677088948787,-0.20828589083419152,0.10940247978436664,-0.3517882595262615,-0.4317166576819406,-0.07569450051493298,-94.54811225703088,-38.73840373232481,-78.11965870625741,150.528587494715,0.39027092458060464,0.17396289790929556,0.5088006742526978,0.2044414636466879,0.3561769378230432,0.135693,-0.10885999999999996,-0.177987,0.10058300000000003,55.80970852470607,0.104746,0.461017,0.749397,0.43007,0.360355,0.565763,0.251495,0.252083,0.460938
good_posture_20241021_141341_png.rf.8325f57b29ea50c2c3e67a858acf3515.jpg,train,Good,1,-0.19999032028469757,0.40979305644302433,-0.19456512455516023,-0.10593380191693305,-0.07528370106761567,-0.32730837060702883,-0.3837477580071175,-0.007987220447284496,-89.63926915500548,-72.12602471519875,-84.21800331593488,139.1388116496028,0.37834149849045107,0.17063487798512939,0.5434980936535103,0.10982857359539912,0.3169227462994728,0.05237200000000003,-0.16239899999999996,-0.083063,0.071853,17.513244439806726,0.054754000000000025,0.334848,0.843981,0.33723,0.465647,0.389602,0.303248,0.254167,0.5375
bad_posture_20241013_222600_png.rf.7e73545ae43cce7684fc53739713ba62.jpg,train,Bad,0,-0.10913681940700808,0.4026484615384615,-0.19537811320754717,-0.13272846153846155,0.07976495956873304,-0.3084423076923077,-0.421832884097035,0.03846076923076924,-98.17518377612713,-35.60602327376827,-76.67154286290955,139.71386437302652,0.35156766073403284,0.19617372608226616,0.47500345861582943,0.1720880038178141,0.2981520887734983,0.15949699999999994,-0.11421400000000001,-0.131273,0.11127300000000001,62.569160502358855,0.10950399999999993,0.406266,0.672659,0.356273,0.324664,0.51577,0.21045,0.225,0.435937
bad_posture_20241021_142713_png.rf.87157b3020aee9f4282845be342a2fc5.jpg,train,Bad,0,-0.20074452261306516,0.39607227008149,-0.18925829145728634,-0.11184186263096632,-0.005515577889447129,-0.2846910360884751,-0.42713567839195965,-0.018044237485448325,-88.79948876290733,-45.43121001284025,-75.11780185617972,156.94933402485248,0.3409328359266675,0.16282514003985998,0.472712711062438,0.16076569817283778,0.3115373224671484,0.114265,-0.11599800000000005,-0.14792999999999995,0.06294699999999998,43.36827875006708,0.12140799999999996,0.415787,0.840411,0.42293,0.499553,0.537195,0.383555,0.275,0.5625
bad_posture_20241021_143705_png.rf.7f47dd181b955ea5e84725676554a67b.jpg,train,Bad,0,-0.18896687116564423,0.42416674571804996,-0.04876171779141109,-0.11755994729907784,0.2176294478527606,-0.29813776021080374,-0.38241374233128844,-0.017787404479578436,-77.4655455760941,-38.27740134800089,-64.19352074590061,160.8066884193652,0.3290701648858493,0.17285275287943777,0.4757508470996137,0.17995695140782977,0.2799778644714614,0.13569299999999995,-0.10707699999999998,-0.16995400000000002,0.05916200000000005,39.18814422809321,0.20710999999999996,0.34437,0.838627,0.415787,0.5174,0.55148,0.410323,0.245833,0.576562
bad_posture_20241013_222753_png.rf.88af96fc0629eff51c94b24160be93d4.jpg,train,Bad,0,-0.11901684887459804,0.328479305856833,-0.07002495176848879,-0.21905665943600866,0.17001826366559475,-0.350364945770065,-0.4142544051446945,-0.07049891540130152,-86.54564431537871,-39.03704273157087,-73.97399206526136,147.3922666768977,0.39511487805194073,0.15017400975202067,0.5087518900299044,0.1985731682277341,0.3212089933516806,0.11664599999999997,-0.094583,-0.16727399999999998,0.10700799999999999,47.50860158380784,0.14045299999999994,0.403884,0.678014,0.427691,0.283617,0.544337,0.189034,0.260417,0.390625
good_posture_20241013_225737_png.rf.81ca6efab9eb150c00a5ce58cfe1e158.jpg,valid,Good,1,-0.25361523809523817,0.3576094514767932,-0.2672209523809524,-0.1459908860759494,-0.1266552380952381,-0.3483969620253165,-0.44642857142857145,0.05696202531645568,-91.09714951510247,-63.78965852078398,-82.73549730963386,122.04346814327154,0.3730473922841439,0.1670871205628968,0.5271171830930955,0.17732878051799716,0.24459660344739045,0.073797,-0.149907,-0.09408400000000003,0.150312,27.307490994318492,0.06665400000000005,0.282477,0.660167,0.275334,0.287188,0.349131,0.137281,0.18125,0.4375
good_posture_20241012_172057_png.rf.7d5c37f992746962648f3100e54f7ed9.jpg,test,Bad,0,-0.14156631578947362,0.3458984858757062,-0.15659789473684202,-0.19355425988700561,0.13908842105263178,-0.3226100790960452,-0.46052631578947356,-0.009604519774011236,-91.09668295485272,-32.428225171637905,-73.91136899788529,138.62049511948894,0.3730493344867405,0.1663985465711766,0.48105179683896826,0.1923988352667448,0.28873904004308104,0.14045100000000005,-0.08923000000000003,-0.144366,0.12718400000000002,58.66845778321482,0.13331100000000007,0.382756,0.795797,0.375616,0.422816,0.516067,0.333586,0.23125,0.55
bad_posture_20241021_141448_png.rf.8819c1af78fe753ddaa6b78b4a03c483.jpg,valid,Bad,0,-0.15098325581395336,0.4096550169109357,-0.0668306976744185,-0.08995048478015792,0.13247162790697692,-0.28567359639233375,-0.36918604651162784,0.045660248027057405,-82.55654360989806,-51.697169370223726,-72.45316717645976,149.9615836920421,0.3491532476506556,0.17283304812737638,0.5053547315797093,0.18773002671922254,0.278170884215081,0.10712500000000003,-0.13562999999999997,-0.16251600000000002,0.093974,30.85937423967433,0.15235700000000002,0.361034,0.84755,0.406266,0.501339,0.513391,0.365709,0.24375,0.595313
good_posture_20241021_180607_png.rf.82c94bce337c0f8f94135ed87e3fb330.jpg,train,Good,1,-0.20125209302325564,0.43494374999999985,-0.22339906976744175,-0.07812750000000007,-0.09052837209302307,-0.33243125,-0.42441860465116266,0.07226499999999997,-91.66121623145187,-70.65654295039329,-84.46281383420168,131.92542835507683,0.41062958254977194,0.21561443591049279,0.6167780201952724,0.16170908725238667,0.3139608936683038,0.07141800000000004,-0.20344299999999998,-0.10804799999999998,0.12031400000000003,21.004673281058587,0.05951400000000001,0.432452,0.91358,0.420548,0.503123,0.491966,0.29968,0.3125,0.623437
good_posture_20241021_142342_png.rf.86dbd23c7dcfe98d6434d1d919b75be5.jpg,train,Good,1,-0.22565888888888885,0.4118279569892473,-0.2362388888888889,-0.1408196129032258,-0.06695888888888883,-0.3446864516129032,-0.4432877777777777,0.04838640860215059,-90.67932753654698,-62.78420308956469,-82.59720357241181,124.12794415414545,0.4015612247341618,0.16656203006687928,0.5542749509494362,0.16606933035331964,0.2816383149679744,0.07617600000000002,-0.14812199999999998,-0.09317199999999998,0.13747000000000004,27.895124446982287,0.071415,0.406266,0.85625,0.401505,0.454717,0.477681,0.306595,0.308333,0.592187
bad_posture_20241021_143948_png.rf.8a78740d6419c7e478c725d3e032b326.jpg,train,Bad,0,-0.07758910216718257,0.3803743842364533,-0.0681555417956655,-0.1372468965517241,0.21486117647058825,-0.3201008866995073,-0.40196012383900925,-0.04926108374384236,-89.16932297058396,-39.08046134319696,-71.62603506727874,161.66908283535682,0.3284005132106222,0.18400373156270494,0.4682349236355614,0.17747269070197816,0.31793577486026964,0.14283499999999993,-0.11599799999999999,-0.16846700000000003,0.05581599999999998,50.088861627387004,0.14759599999999995,0.399123,0.84755,0.403884,0.519184,0.546719,0.403186,0.235417,0.575
bad_posture_20241021_143133_png.rf.7f5408add9ab7433fd1fac7213b0347b.jpg,train,Bad,0,-0.1340007943262411,0.3997183098591549,-0.15128714893617015,-0.11236882629107983,0.11236380141843978,-0.3080871361502348,-0.4290780141843971,0.009390422535211173,-91.59999562679798,-41.89604980211118,-73.93284751835664,152.08958539954457,0.3409909465147132,0.19508634350205042,0.49028450305715354,0.1731417515216939,0.30645717624653535,0.145214,-0.13027500000000003,-0.153002,0.08104599999999995,49.7039458246868,0.135693,0.356273,0.87075,0.346752,0.529892,0.491966,0.399617,0.19375,0.610938
good_posture_20241013_222741_png.rf.886bce7ad7e6447aef32e54682b92ea5.jpg,train,Good,1,-0.139998783269962,0.47439112024665986,-0.16317019011406841,-0.16182939362795473,-0.01255604562737647,-0.3707706474820144,-0.3783269961977186,-0.033401849948612464,-91.12793523285036,-68.70984880033402,-85.33972463225723,132.16618099582553,0.48372072894698237,0.17046136522097904,0.6445860289100284,0.13171191928219708,0.39823284124742897,0.061892999999999976,-0.15882800000000002,-0.088416,0.09762500000000002,22.418086432516347,0.052371,0.372938,0.754752,0.363416,0.271125,0.425309,0.112297,0.275,0.36875
bad_posture_20241013_221208_png.rf.8b01f77b9bf904b9fbf7435f4771859c.jpg,valid,Bad,0,-0.12626691588785044,0.29677634782608703,-0.18322492211838012,-0.15263026086956522,0.0018806230529595147,-0.36616069565217396,-0.4574240498442368,-0.030434782608695622,-95.05424869832251,-58.82889728625873,-82.31764716155412,147.43692358404675,0.3242718562333155,0.17937171624590095,0.48080147178643295,0.1631799876455443,0.2879217336447529,0.09284200000000004,-0.153475,-0.13752799999999998,0.08782800000000002,36.22535141206378,0.064274,0.351513,0.635183,0.322945,0.312172,0.415787,0.158697,0.185417,0.4
image_20241008_202338_jpg.rf.880f1dbc0ae468e6e5bb84aee35cd653.jpg,test,Good,1,-0.21033230769230768,0.44223234856535604,-0.21033230769230768,-0.13794227417640806,-0.1590584615384615,-0.3418540276301807,-0.33814153846153844,-0.01753521785334751,-90.0,-77.46560766629706,-86.6909366639643,133.18350782960454,0.426519,0.1535671326586519,0.5773886810979239,0.12139628536326799,0.3480607673625397,0.033328000000000024,-0.14990699999999998,-0.08307599999999998,0.08851799999999999,12.53439233370294,0.033328000000000024,0.253909,0.770813,0.253909,0.344294,0.287237,0.194387,0.170833,0.432812
image_20241007_225038_jpg.rf.7c94c95bfb81aee6c1384a266a0b7c7c.jpg,train,Bad,0,-0.016843328631875893,0.3800042714126808,-0.11993839210155152,-0.1709737931034483,0.14652547249647385,-0.3208904115684093,-0.3805835825105783,-0.03503893214682979,-98.39440037166658,-35.503549483353474,-79.58392947239622,146.52357474047332,0.39116672353486315,0.18130415071089795,0.5005171220268094,0.17308569223942227,0.3543548835461422,0.147596,-0.10529299999999997,-0.144373,0.09547300000000003,62.8908508883131,0.09049099999999999,0.384811,0.788378,0.327706,0.401402,0.475302,0.296109,0.183333,0.496875
bad_posture_20241013_222754_png.rf.847dd82db5d401a756d0bcce048ea83a.jpg,train,Bad,0,-0.19431625344352618,0.4449145005875442,-0.08099393939393935,-0.13756521739130428,0.19601322314049585,-0.27177720329024674,-0.42470214876033063,0.04289071680376035,-80.5762617236687,-29.59345378830231,-65.07906659388517,148.39087437024375,0.39255577207449144,0.18068512978383136,0.5254087420703999,0.22890682260256032,0.29751533350904796,0.15711499999999995,-0.08923,-0.19494700000000004,0.119975,50.98280793536638,0.22138999999999998,0.401505,0.704783,0.46578,0.317525,0.622895,0.228295,0.270833,0.4375
good_posture_20241021_141630_png.rf.854284226e2e4d012111a9a31f0c0b07.jpg,train,Good,1,-0.19913536633663356,0.38101651137594794,-0.21724039603960388,-0.12385265438786569,-0.024155564356435646,-0.31936537378114843,-0.3983489900990098,0.02437772481040081,-91.1240276217404,-61.61611059295637,-82.21637157024624,123.76212443614536,0.3641280678731042,0.1602476020819032,0.509737425451575,0.12857128665841372,0.26891214200180696,0.07617799999999997,-0.14098299999999997,-0.07145299999999999,0.10688799999999998,29.50791702878403,0.06903499999999996,0.351513,0.811858,0.34437,0.4478,0.420548,0.306817,0.272917,0.554688
image_20241007_225757_jpg.rf.7f4da08ca691354b06ca62313ddaf9a3.jpg,train,Bad,0,-0.017176263736263787,0.3795135714285715,-0.10826725274725274,-0.1634935714285714,0.12194285714285714,-0.3292078571428571,-0.4322338461538462,-0.0223221428571428,-97.76154035635179,-41.53953289696149,-80.93819275854634,151.79449372949765,0.38361944670337034,0.17492623766605167,0.5023751371246392,0.2090829164135607,0.3672158266210758,0.130932,-0.11599999999999999,-0.184256,0.09882000000000002,56.2220074593903,0.07912400000000003,0.365231,0.779722,0.313423,0.399617,0.444355,0.283617,0.129167,0.498437
good_posture_20241013_222721_png.rf.86ce085ca542c141df3cc00fd51b62f0.jpg,train,Good,1,-0.19703724137931028,0.37859136318407965,-0.2241379310344827,-0.17164179104477612,-0.036341419878296005,-0.36692521393034827,-0.4350912778904665,-0.10398009950248759,-91.38405258924078,-64.74485843462375,-83.96412784055444,146.82148834060726,0.4321450777285332,0.1695324427506429,0.5886101034284071,0.09707640354380664,0.3898299021111644,0.07233100000000003,-0.15332800000000002,-0.08124999999999999,0.05312499999999998,26.63919415461703,0.06189300000000003,0.372938,0.697644,0.3625,0.265625,0.434831,0.112297,0.28125,0.31875
image_20241008_200913_jpg.rf.8c784481f51810b72c844bc0572f08bb.jpg,test,Bad,0,-0.0803280344332855,0.388478626609442,-0.2595702725968436,-0.1654358798283262,-0.006009067431850815,-0.3370025751072961,-0.44930593974175037,0.03218815450643775,-103.6040079929065,-42.13752957898568,-85.61907826185607,125.678449499725,0.41496091547277075,0.18619716235216904,0.5297889146084505,0.17714449896623943,0.32813055050695905,0.138072,-0.12492199999999998,-0.10331699999999999,0.143895,61.466478413920825,0.04046899999999998,0.330087,0.779736,0.232484,0.376417,0.370556,0.251495,0.129167,0.520312
bad_posture_20241013_220642_png.rf.8c77797e06bf42d612b3efbfc31be99b.jpg,train,Bad,0,-0.13132711111111117,0.34802147186147186,-0.1821146666666667,-0.19585523809523814,0.037956444444444334,-0.3540737662337663,-0.43240800000000007,-0.03463203463203466,-94.16174325644023,-42.6959689413973,-79.35934389957124,140.42141724871666,0.3936489907836676,0.16843040668477885,0.5156925536683655,0.18266588841105502,0.32401240739823534,0.12378999999999996,-0.11421400000000001,-0.14079000000000003,0.11638300000000001,51.465774315042935,0.09522199999999997,0.427691,0.676228,0.399123,0.283617,0.522913,0.169403,0.258333,0.4
image_20241008_202338_jpg.rf.8bbea81c544f57a5d87e782a69b95aa6.jpg,test,Good,1,-0.21033230769230768,0.44223234856535604,-0.21033230769230768,-0.13794227417640806,-0.1590584615384615,-0.3418540276301807,-0.33814153846153844,-0.01753521785334751,-90.0,-77.46560766629706,-86.6909366639643,133.18350782960454,0.426519,0.1535671326586519,0.5773886810979239,0.12139628536326799,0.3480607673625397,0.033328000000000024,-0.14990699999999998,-0.08307599999999998,0.08851799999999999,12.53439233370294,0.033328000000000024,0.253909,0.770813,0.253909,0.344294,0.287237,0.194387,0.170833,0.432812
good_posture_20241013_225737_png.rf.8c0f09f957e00bf40bda0bb61ce633b3.jpg,valid,Good,1,-0.25361523809523817,0.3576094514767932,-0.2672209523809524,-0.1459908860759494,-0.1266552380952381,-0.3483969620253165,-0.44642857142857145,0.05696202531645568,-91.09714951510247,-63.78965852078398,-82.73549730963386,122.04346814327154,0.3730473922841439,0.1670871205628968,0.5271171830930955,0.17732878051799716,0.24459660344739045,0.073797,-0.149907,-0.09408400000000003,0.150312,27.307490994318492,0.06665400000000005,0.282477,0.660167,0.275334,0.287188,0.349131,0.137281,0.18125,0.4375
good_posture_20241021_142318_png.rf.8c8b7dc1d00e13f8e3f47d7a615e838f.jpg,train,Good,1,-0.1191972707889125,0.4357613259668509,-0.15168307036247325,-0.10691199999999994,-0.09320972281449877,-0.3265076685082873,-0.3109461833688698,0.02375690607734813,-91.77689889236358,-82.14317772458908,-88.98781764354833,122.27800090485776,0.38387158709391345,0.1567322836750617,0.5390321096075817,0.10927334438919675,0.29965292684036976,0.021425000000000027,-0.15526100000000004,-0.05835499999999999,0.092387,9.633721167774496,0.00952200000000003,0.384841,0.84755,0.372938,0.463863,0.394363,0.308602,0.314583,0.55625
image_20241009_135224_jpg.rf.9347e3e6f465d22ec07415e2d23c7d01.jpg,test,Good,1,-0.1139681644640234,0.41231796610169485,-0.26610020558002934,-0.16843186440677965,-0.1945085462555065,-0.3837918644067796,-0.3433682232011747,0.05296610169491525,-100.7013314005507,-76.51440446426291,-94.1741605541519,104.13156674452168,0.43588367889839597,0.16333127534247688,0.5886925629401139,0.1683764676016218,0.2917745273117583,0.03808900000000004,-0.158828,-0.04110899999999998,0.163281,24.18692693628779,-0.04285,0.349131,0.749397,0.268192,0.321094,0.306281,0.162266,0.227083,0.484375
bad_posture_20241021_143735_png.rf.928b5ee96f406558dc8346336dd341c3.jpg,train,Bad,0,-0.19994861150070123,0.42468550066755684,-0.06746771388499301,-0.15172293724966618,0.14194064516129032,-0.30421041388518016,-0.3784484712482469,-0.016688918558077435,-77.65863807848869,-37.414143388134924,-65.93893431561914,155.4801843912415,0.34526760510798,0.14686162551871745,0.46710399331733404,0.19039636375729446,0.2767512735815321,0.116647,-0.089229,-0.173226,0.07901599999999998,40.24449469035377,0.19044299999999997,0.351513,0.833273,0.425309,0.495984,0.541956,0.406755,0.252083,0.575
good_posture_20241021_180318_png.rf.8fcae1e5e845a5ef98c375d3e9f956a3.jpg,train,Good,1,-0.22525793103448286,0.3970555175879397,-0.23576937931034486,-0.12408201005025123,-0.12018537931034491,-0.33529230150753764,-0.40459696551724145,-0.0015068944723617764,-90.67362429738075,-72.30743653912613,-85.21931710725967,128.759985968607,0.40513099952731335,0.1723342489611394,0.5712734521374154,0.12219288068050448,0.32030002742584956,0.052373999999999976,-0.16418299999999997,-0.07650000000000001,0.095283,18.366187758254625,0.047611000000000014,0.42293,0.858258,0.418167,0.453155,0.470541,0.288972,0.341667,0.548438
bad_posture_20241021_145211_png.rf.8ff52e566f058c3103bb3bbcc314b289.jpg,train,Bad,0,-0.3417354838709678,0.3375788832487311,0.026864516129032193,-0.20160649746192885,0.23266967741935485,-0.29146964467005065,-0.21774193548387105,-0.13705583756345158,-49.284626006013134,-19.129029926957852,-41.0207283365723,168.16068828955883,0.43793378531577126,0.16882077681671773,0.5900336816318201,0.1936904050824408,0.3075928084887551,0.15949900000000006,-0.05532199999999998,-0.18957000000000002,0.03973900000000008,30.155596079055282,0.44516400000000006,0.285155,0.842197,0.57082,0.510261,0.730319,0.454939,0.38125,0.55
image_20241008_210224_jpg.rf.90dbedb9732abf7ac91506b6d094d2cd.jpg,test,Bad,0,-0.042035006570302146,0.3572050632911392,-0.13412940867279885,-0.14639932489451485,0.12613613666228654,-0.3054298734177216,-0.39399968462549273,0.008438818565400814,-98.35125608187793,-37.27767732040793,-78.4847613867463,143.41567511167295,0.3769793937776971,0.19446292505256624,0.5008451896394733,0.19240938992159404,0.33242850290099973,0.15473599999999998,-0.117782,-0.15450100000000003,0.11467700000000003,61.07357876147,0.09998299999999999,0.330087,0.783305,0.275334,0.410323,0.43007,0.292541,0.120833,0.525
image_20241009_143702_jpg.rf.8d37312188e202c0b36067c3776fa086.jpg,valid,Bad,0,-0.0001735977337109576,0.38001004830917884,-0.12965484419263448,-0.17174879227053136,0.16383501416430607,-0.329000193236715,-0.40651558073654387,0.01449275362318844,-101.3150569556366,-32.14471235889687,-78.84236453571951,141.72888048386028,0.36399390166594825,0.19118538691019252,0.467477014838163,0.1945079640040479,0.3257865624377409,0.16187800000000002,-0.10172200000000003,-0.152706,0.120475,69.17034459673974,0.09046100000000001,0.399123,0.733319,0.327706,0.3764,0.489584,0.274678,0.175,0.496875
good_posture_20241013_225721_png.rf.909f3d00f43f47ec1f2cd75a2fcc0c2e.jpg,valid,Good,1,-0.25869478424015013,0.3590676543209876,-0.2758415009380863,-0.13914995884773665,-0.07003287054409002,-0.36945646090534984,-0.3774225891181989,-0.04938271604938276,-91.0811698357883,-63.893986242871705,-81.91779491744042,121.8204368948387,0.37840136780408173,0.1947579326266327,0.558773085723534,0.08022434349996266,0.3140824455616709,0.0857,-0.17488900000000002,-0.04229900000000003,0.06816699999999998,27.187183592916597,0.07856000000000002,0.284856,0.660167,0.277716,0.281833,0.363416,0.106944,0.235417,0.35
image_20241010_173545_jpg.rf.8c9d2ff1e3c858c97f0fff32ca07dde5.jpg,train,Bad,0,-0.07129142857142852,0.304560411946447,-0.124677088948787,-0.20828589083419152,0.10940247978436664,-0.3517882595262615,-0.4317166576819406,-0.07569450051493298,-94.54811225703088,-38.73840373232481,-78.11965870625741,150.528587494715,0.39027092458060464,0.17396289790929556,0.5088006742526978,0.2044414636466879,0.3561769378230432,0.135693,-0.10885999999999996,-0.177987,0.10058300000000003,55.80970852470607,0.104746,0.461017,0.749397,0.43007,0.360355,0.565763,0.251495,0.252083,0.460938
good_posture_20241021_180312_png.rf.8f76e7a4e744eeb16671143f26b51e7f.jpg,train,Good,1,-0.21738685121107254,0.40142207999999996,-0.25428982698961916,-0.10112000000000008,-0.11195072664359845,-0.33639936000000004,-0.38812069204152233,-0.028000000000000115,-92.43040604089303,-70.72639476198424,-85.27823998486792,136.61183787275107,0.39296448467641454,0.1947257737665972,0.5783859284681813,0.08315896292042127,0.3442307418070037,0.06427499999999997,-0.18381199999999998,-0.060433000000000014,0.05712499999999998,21.704011278908794,0.047611000000000014,0.42293,0.863611,0.406266,0.471,0.470541,0.287188,0.345833,0.528125
bad_posture_20241012_173020_png.rf.8d79b500ec4c19c51b9b7b5a30aecae0.jpg,test,Bad,0,-0.41313287858117326,0.347625,0.0025737517053206235,-0.1622592857142858,0.13559945429740788,-0.3279707142857144,-0.3581173260572988,-0.10267785714285724,-56.29759822359913,-56.70636461815993,-56.39750404274466,168.58432449080365,0.42902483355861815,0.13877544338967177,0.5677976084081369,0.2107206742419927,0.31678252787835387,0.07617799999999997,-0.11599799999999999,-0.206552,0.041706999999999994,-0.4087663945608,0.31423499999999993,0.237245,0.80115,0.475302,0.444231,0.55148,0.328233,0.26875,0.485938
image_20241007_214540_jpg.rf.8d780431f2350ebc24db83907fed2779.jpg,valid,Bad,0,-0.017029146853146784,0.37976009227220303,-0.11484979020979018,-0.18288332179930794,0.15363692307692306,-0.3409640599769319,-0.47295977622377616,0.025951557093425604,-98.15937781167837,-35.525027323576886,-78.95015576688427,144.73469879019365,0.38500031788688177,0.18427576142835494,0.49739937733475303,0.24499827071430524,0.3497056260628359,0.14997499999999997,-0.10707499999999998,-0.200038,0.141453,62.63435048810148,0.09533299999999995,0.327597,0.77715,0.272955,0.396047,0.42293,0.288972,0.072917,0.5375
bad_posture_20241013_225803_png.rf.90e4071704885311db2d15cd3b0f28c4.jpg,train,Bad,0,-0.13776191044776126,0.3894403747072599,-0.10137552238805975,-0.16424355971896956,0.14421253731343278,-0.3327569086651054,-0.38457647761194036,-0.010538641686182735,-87.04857183401018,-41.17298524073349,-72.96929282046727,145.32478911210126,0.3699016586026616,0.17077941152258372,0.5039398064223544,0.1802526203526595,0.29648839131574783,0.12855,-0.11243,-0.148238,0.10254999999999997,45.87558659327669,0.147596,0.339609,0.663736,0.358655,0.294325,0.487205,0.181895,0.210417,0.396875
bad_posture_20241012_173121_png.rf.8cc4198c1a6e5345fd7f90aee1623be7.jpg,train,Bad,0,-0.2545627665706052,0.4038720741599072,-0.24138835734870318,-0.16786076477404413,0.008875619596541717,-0.33196922363847053,-0.4462049567723343,0.02143684820393968,-88.93840316038553,-39.19465827243369,-73.93882339418757,131.02649867448363,0.38553917593157766,0.17508310062653104,0.5162696347965857,0.1691767915081735,0.277993706513295,0.13568999999999998,-0.110645,-0.11104900000000001,0.12762800000000002,49.74374488795184,0.142833,0.270573,0.80472,0.277716,0.419247,0.413406,0.308602,0.166667,0.546875
good_posture_20241021_141548_png.rf.93d88491c98c64539eb18a672ca602bd.jpg,train,Good,1,-0.2361713248638839,0.3974700854700856,-0.2527578947368421,-0.07842324786324784,-0.1864,-0.3005059829059829,-0.4153062794918331,0.012820512820512851,-91.17539655755799,-80.02400482233854,-87.59628951847657,136.36199253663543,0.34807023947617244,0.16489108414041068,0.5108444838206635,0.0966845699581893,0.29165370933523205,0.028565000000000007,-0.162398,-0.069972,0.066722,11.151391735219448,0.021425000000000027,0.322945,0.818775,0.315805,0.470778,0.34437,0.30838,0.245833,0.5375
bad_posture_20241021_145555_png.rf.936915797edffea36afe4ec4d2611c62.jpg,train,Bad,0,-0.24154090090090094,0.39222674391657003,-0.15461045045045044,-0.174212560834299,0.1473580780780782,-0.30126331402085754,-0.442942942942943,-0.05040556199304761,-83.2456083372327,-28.599012049821,-66.59834969750767,150.90837801927523,0.3845731511390258,0.17895167371108886,0.5094715025366974,0.17168180526194382,0.3162948387580803,0.15711800000000004,-0.08566000000000001,-0.15002300000000002,0.08347299999999996,54.6465962874117,0.20234900000000006,0.311042,0.867181,0.356273,0.485277,0.513391,0.399617,0.20625,0.56875
bad_posture_20241021_143020_png.rf.9367a38629df1415fdfaf035b30dc30c.jpg,train,Bad,0,-0.21540503888024884,0.3473067349551857,-0.1348466562986003,-0.1382131626120359,0.20635396578538093,-0.33417444302176696,-0.4180929393468118,-0.03649167733674769,-82.2213099770814,-34.89925883507623,-62.999756836798376,156.43303134344808,0.2989942709701977,0.2089837971925096,0.4666754820257863,0.15523459255269106,0.2553546085152958,0.17139999999999994,-0.11956699999999998,-0.142287,0.062066000000000066,47.32205114200517,0.21186799999999995,0.303902,0.815427,0.34437,0.519184,0.51577,0.399617,0.202083,0.58125
bad_posture_20241021_142406_png.rf.8f1717b359d80c1269b5277da17e8190.jpg,train,Bad,0,-0.2668372192513369,0.34823539267015696,-0.06722395721925131,-0.1510785340314138,0.17719443850267375,-0.28263371727748704,-0.3814622459893048,-0.013089842931937289,-68.62448498292217,-28.799828580117403,-55.429232479444174,155.84309036805163,0.3200432439296291,0.16299289772256945,0.4572967219005621,0.2012574911226909,0.2258288728484469,0.14283199999999996,-0.07852199999999998,-0.183633,0.08236200000000005,39.82465640280476,0.25948099999999996,0.375317,0.792228,0.491966,0.4942,0.634798,0.415678,0.308333,0.576562
bad_posture_20241021_142713_png.rf.93fb445a76b73a44d59993e1f14e4b4d.jpg,train,Bad,0,-0.20074452261306516,0.39607227008149,-0.18925829145728634,-0.11184186263096632,-0.005515577889447129,-0.2846910360884751,-0.42713567839195965,-0.018044237485448325,-88.79948876290733,-45.43121001284025,-75.11780185617972,156.94933402485248,0.3409328359266675,0.16282514003985998,0.472712711062438,0.16076569817283778,0.3115373224671484,0.114265,-0.11599800000000005,-0.14792999999999995,0.06294699999999998,43.36827875006708,0.12140799999999996,0.415787,0.840411,0.42293,0.499553,0.537195,0.383555,0.275,0.5625
bad_posture_20241021_143139_png.rf.9529c920c84e0db94d20a880c14e2987.jpg,valid,Bad,0,-0.2394590922401171,0.3571644019138757,-0.23499502196193264,-0.12100440191387554,-0.02085270863836014,-0.32593301435406696,-0.48438325036603225,-0.004784688995215209,-89.5630030342403,-49.512025628251415,-75.34779998152045,150.29900224939524,0.3123130838437609,0.17598496117850526,0.4611448368061818,0.15319881859857798,0.2701182898361383,0.114265,-0.13384400000000002,-0.133072,0.07590600000000003,40.05097740598888,0.116647,0.282773,0.833273,0.285155,0.520969,0.39942,0.387125,0.152083,0.596875
good_posture_20241021_141636_png.rf.940d97c7c5bd1ce3c28d23aa13568763.jpg,train,Good,1,-0.23086295857988157,0.41004527659574475,-0.2804459171597633,-0.09055319148936171,-0.19480520710059165,-0.3262706382978723,-0.41124260355029585,0.09787234042553195,-94.07428602614057,-75.35707149927508,-87.98304373467448,116.52843643748652,0.3685584319005604,0.17891619117899862,0.5410672154852851,0.15465856767085362,0.2482569609759211,0.04522900000000002,-0.17310499999999995,-0.069077,0.13837500000000003,18.71721452686549,0.019042999999999977,0.351513,0.838627,0.325327,0.471,0.370556,0.297895,0.25625,0.609375
bad_posture_20241021_141436_png.rf.93c725a830ed17c3381e4aaceae353d6.jpg,valid,Bad,0,-0.10705148450244695,0.35652071428571425,-0.06728587275693307,-0.12531928571428583,0.16137265905383352,-0.2859335714285715,-0.44018557911908646,0.0223221428571428,-86.7683892432558,-45.7548264673808,-74.04763799779293,149.9414472453879,0.3378252046251138,0.15694607015150133,0.4677300311333451,0.20633288845213216,0.28316155692643025,0.10950599999999994,-0.11242999999999997,-0.17858400000000002,0.10334900000000002,41.013562775874995,0.12854999999999994,0.399123,0.838627,0.418167,0.501339,0.527673,0.388909,0.239583,0.604688
image_20241008_200801_jpg.rf.9323fb7b0bfb9d85a2b52d2100a08e86.jpg,train,Good,1,-0.10476849230769235,0.4401022358974359,-0.10476849230769235,-0.17372537435897434,-0.006326646153846127,-0.3260099282051282,-0.2753846153846154,-0.04256410256410255,-90.0,-66.68609810061915,-85.10379257494301,130.9320852039108,0.467564,0.12631126673420706,0.5856992470065161,0.13224322797406302,0.3777268817770321,0.049990000000000034,-0.11599799999999999,-0.086641,0.099908,23.313901899380852,0.049990000000000034,0.299141,0.820781,0.299141,0.353217,0.349131,0.237219,0.2125,0.453125
good_posture_20241012_172057_png.rf.8cf09a1c15886ad2d8ab28a0ab3026db.jpg,test,Bad,0,-0.14156631578947362,0.3458984858757062,-0.15659789473684202,-0.19355425988700561,0.13908842105263178,-0.3226100790960452,-0.46052631578947356,-0.009604519774011236,-91.09668295485272,-32.428225171637905,-73.91136899788529,138.62049511948894,0.3730493344867405,0.1663985465711766,0.48105179683896826,0.1923988352667448,0.28873904004308104,0.14045100000000005,-0.08923000000000003,-0.144366,0.12718400000000002,58.66845778321482,0.13331100000000007,0.382756,0.795797,0.375616,0.422816,0.516067,0.333586,0.23125,0.55
good_posture_20241013_222728_png.rf.96eb01cc4f14a64928ac2c7c47df0157.jpg,train,Good,1,-0.20897406952965247,0.4190181592554291,-0.21520130879345623,-0.15973112719751806,-0.015798773006135088,-0.35579482936918305,-0.44274028629856865,-0.02223371251292656,-90.31174953590558,-62.783276626156756,-82.81421364342424,129.92402034835843,0.43723347215189273,0.16656116619428432,0.5899808495281859,0.13544858417126404,0.3451074000075918,0.07617800000000002,-0.14812,-0.08692699999999998,0.103875,27.52847290974882,0.073799,0.370556,0.708352,0.368177,0.271125,0.444355,0.123005,0.28125,0.375
bad_posture_20241013_220037_png.rf.9835fc37db994151b55e3851f630b9db.jpg,test,Bad,0,-0.19043348837209303,0.3034822960725076,-0.23915162790697675,-0.16349599194360523,0.02215627906976745,-0.33372567975830814,-0.4534883720930233,-0.012588761329305155,-94.134292255057,-43.2361483215754,-76.98448495355638,134.53997023985414,0.36321816188759065,0.19278784435228274,0.5073687523340396,0.16424993600303167,0.28304720183743204,0.140453,-0.13206099999999998,-0.115206,0.11707099999999998,50.898143933481606,0.11426700000000001,0.353892,0.678014,0.327706,0.315741,0.468159,0.18368,0.2125,0.432812
good_posture_20241013_225742_png.rf.9887319a4ab3e806cd152ec90be0ae8b.jpg,valid,Good,1,-0.21501188834154347,0.3840560860215053,-0.24002548440065677,-0.14894417204301075,-0.0899249917898193,-0.3552664086021506,-0.4014778325123153,0.09139853763440862,-91.76022841007543,-64.52693794562954,-83.67781419729597,113.74439232342834,0.387440824339666,0.16604791796647136,0.5404508109828312,0.19077274237165015,0.23039948794430942,0.071415,-0.149906,-0.07681600000000002,0.174624,27.233290464445886,0.05951400000000001,0.332467,0.642322,0.320566,0.255064,0.391981,0.105158,0.24375,0.429688
good_posture_20241013_225743_png.rf.94df5776b8bc24155e9d24025cd7dcd8.jpg,valid,Good,1,-0.2440071111111111,0.43118689655172415,-0.2633513650793651,-0.12757586206896548,-0.11341663492063496,-0.36880344827586203,-0.3994702222222223,0.07327517241379314,-91.34635563639857,-67.12236313343902,-83.67626766012988,114.70638557654286,0.4052148689892808,0.1898219210628741,0.5835436193413479,0.16028965875876086,0.2705325035647288,0.07379599999999997,-0.17489000000000002,-0.06699600000000003,0.145617,24.223992502959547,0.06427499999999997,0.318184,0.679798,0.308663,0.274695,0.382459,0.099805,0.241667,0.420312
good_posture_20241013_222724_png.rf.8f952983e191f904b9dfd08b0fdce4e0.jpg,train,Good,1,-0.20674636015325673,0.4179058823529412,-0.20091279693486588,-0.15556369747899157,-0.03162911877394639,-0.3499206722689076,-0.38122605363984685,-0.03991596638655467,-89.6804232272919,-64.4716700709822,-82.87190893097853,130.527704430991,0.4265246346519741,0.16019219426988324,0.575519060732136,0.11316132433389067,0.3478601573190009,0.06903599999999999,-0.14455300000000004,-0.07353400000000004,0.08601299999999995,25.208753156309697,0.071415,0.358655,0.690505,0.361034,0.263987,0.43007,0.119434,0.2875,0.35
good_posture_20241021_144124_png.rf.97ce31bc7e76c2d5ba79338e624810cb.jpg,train,Good,1,-0.21026444444444434,0.41159757575757555,-0.24200444444444444,-0.09272519480519495,-0.16794,-0.29544311688311703,-0.3796288888888888,0.047619047619047526,-92.2467192935261,-77.16945549734855,-87.862931032748,121.43727416520018,0.36433807302147275,0.1500844422650129,0.5107502385129153,0.11874075745926503,0.27357733788638267,0.033329,-0.146337,-0.06193099999999996,0.10131100000000004,15.077263796177547,0.019045999999999952,0.349131,0.818997,0.334848,0.454939,0.368177,0.308602,0.272917,0.55625
good_posture_20241012_174351_png.rf.96ab7848341ad28a70bef1ded07aa28d.jpg,train,Good,1,-0.2735272309899569,0.4090536373507058,-0.29101383070301284,-0.13907543973941366,-0.22106375896700142,-0.3523740282301846,-0.43591644189383066,-0.041802388707926186,-91.38303746972728,-76.06174075250306,-87.01509158944826,138.42569337272647,0.3945109292529169,0.1581310334026816,0.5486153144645162,0.10547313068739356,0.33624063035421525,0.03808999999999996,-0.153475,-0.07890400000000003,0.06999099999999997,15.321296717224229,0.028567999999999982,0.296759,0.736905,0.287237,0.342509,0.325327,0.189034,0.208333,0.4125
bad_posture_20241021_144550_png.rf.9ac4bec871831e02235fa7b4f9905b5e.jpg,train,Bad,0,-0.1680023188405797,0.37251396419437327,-0.16358910144927533,-0.14743774936061388,0.2029472463768116,-0.2964137084398978,-0.4391304347826087,0.031968491048593235,-89.57090924465314,-24.732445240847632,-63.92734954172086,143.57569424041705,0.3176669082624125,0.21754070336605974,0.4549721114024463,0.18459638239142176,0.2542575834247624,0.19758599999999998,-0.09101500000000001,-0.14853400000000003,0.10960599999999998,64.83846400380551,0.199965,0.358655,0.831489,0.361034,0.513831,0.55862,0.422816,0.2125,0.623437
bad_posture_20241021_143705_png.rf.9ac72a6d98a120402f3eeac7c75acb33.jpg,train,Bad,0,-0.18896687116564423,0.42416674571804996,-0.04876171779141109,-0.11755994729907784,0.2176294478527606,-0.29813776021080374,-0.38241374233128844,-0.017787404479578436,-77.4655455760941,-38.27740134800089,-64.19352074590061,160.8066884193652,0.3290701648858493,0.17285275287943777,0.4757508470996137,0.17995695140782977,0.2799778644714614,0.13569299999999995,-0.10707699999999998,-0.16995400000000002,0.05916200000000005,39.18814422809321,0.20710999999999996,0.34437,0.838627,0.415787,0.5174,0.55148,0.410323,0.245833,0.576562
bad_posture_20241013_222747_png.rf.99f0e8ad63d232855edb266940a98f61.jpg,train,Bad,0,-0.12836153609831016,0.37376752136752145,-0.17517099846390163,-0.17289777777777776,0.08694586789554543,-0.32176752136752135,-0.40578531490015357,-6.837606837803457e-07,-93.40821714169154,-39.234878953795366,-77.84966280716965,132.85182767589393,0.40045728392676294,0.1721119985416473,0.5202646039430321,0.17245726218979587,0.30758870320608334,0.133311,-0.10886100000000001,-0.117289,0.12643099999999996,54.17333818789617,0.10950399999999999,0.351513,0.690505,0.327706,0.290756,0.461017,0.181895,0.210417,0.417187
bad_posture_20241021_141725_png.rf.98af94cf0bc0e1d47018166ebd0c2b1e.jpg,train,Bad,0,-0.17966027397260273,0.3346252631578946,-0.25270794520547946,-0.18134245614035094,0.11774246575342463,-0.3165957894736843,-0.4680372602739726,0.00657894736842099,-95.18010926677601,-29.690237302646945,-73.69904823240128,126.2691581882792,0.3691346186867333,0.19456072509116532,0.48342852225018745,0.16607072822144184,0.26822063021512715,0.169018,-0.09636800000000001,-0.09824399999999997,0.133894,65.48987196412907,0.13568999999999998,0.358655,0.811858,0.325327,0.444231,0.494345,0.347863,0.227083,0.578125
good_posture_20241012_174321_png.rf.9b8c5ab17e52b9b0576f2e6a3114bf1e.jpg,train,Good,1,-0.2628790000000001,0.37848987978142085,-0.2819210000000001,-0.13328909289617485,-0.22479100000000007,-0.35547750819672125,-0.42187500000000006,-0.016940590163934417,-91.49078019735602,-79.80455224347939,-87.92124980580282,130.07601461754606,0.3659658705466946,0.16137821453033863,0.5250175059176598,0.10869312659961529,0.29363723579444084,0.028565000000000007,-0.15883,-0.06997699999999998,0.083171,11.686227953876624,0.019044000000000005,0.291998,0.727983,0.282477,0.362141,0.311042,0.203311,0.2125,0.445312
bad_posture_20241021_144036_png.rf.9a5b608e3a60fe77f594a55763063d91.jpg,train,Bad,0,-0.14699937232524968,0.36132517150395776,-0.09483526390870181,-0.15399472295514524,0.20509192582025682,-0.3016591029023748,-0.399192239657632,-0.027705329815303475,-84.65186401379253,-28.029362266702883,-63.84273003080618,155.83527404677446,0.3065002743555053,0.18608328800298,0.43740699348089995,0.1826918658780407,0.2686079612855881,0.164257,-0.087445,-0.16668300000000003,0.07478700000000005,56.62250174708965,0.19282500000000002,0.377698,0.822566,0.406266,0.5174,0.570523,0.429955,0.239583,0.592187
good_posture_20241021_141713_png.rf.9aa2010af11962bbcbb24beb7d3d3036.jpg,train,Bad,0,-0.10680484149855905,0.4228188395904436,-0.2604749279538905,-0.12291403868031854,0.029304899135446698,-0.294429670079636,-0.4433231123919308,0.052900295790671174,-102.53418193881213,-36.85746752873895,-81.47892746045409,129.39012409789103,0.38391495718322827,0.19636180462095984,0.4980457102646302,0.15622190393475557,0.3127641808711477,0.157115,-0.11778300000000003,-0.099138,0.12073499999999998,65.67671441007317,0.073797,0.399123,0.836842,0.315805,0.462077,0.47292,0.344294,0.216667,0.582812
good_posture_20241021_141649_png.rf.9b8ef55b31b631f8f70e6df62df84bae.jpg,train,Good,1,-0.21983219512195126,0.41877218884120165,-0.21983219512195126,-0.10818266094420603,-0.12073886178861797,-0.3189637768240343,-0.4498653658536586,-0.01716669527896995,-90.0,-76.06209241553631,-85.94408332712814,143.14804328968918,0.383689,0.1581307925294754,0.5385127062725632,0.11049780541712133,0.3295028168089007,0.038088999999999984,-0.15347499999999997,-0.08841900000000003,0.06627100000000002,13.937907584463687,0.038088999999999984,0.346752,0.843981,0.346752,0.460292,0.384841,0.306817,0.258333,0.526563
image_20241007_193153_jpg.rf.9b6f97eadf424763cb1837b9fb155af6.jpg,valid,Good,1,-0.18634927953890493,0.4021817154389506,-0.18634927953890493,-0.1487207265388496,-0.041454755043227716,-0.3423430070635722,-0.3856862247838617,-0.005550595358224006,-90.0,-62.342685967431045,-82.23907005359241,134.27586877254717,0.426519,0.16924385494309685,0.5817537745687602,0.1548143020169648,0.333662896289054,0.07855999999999999,-0.149906,-0.10807800000000001,0.11084499999999997,27.657314032568955,0.07855999999999999,0.237245,0.779736,0.237245,0.353217,0.315805,0.203311,0.129167,0.464062
image_20241008_210538_jpg.rf.9a90f5af36655da794b76a54b01341c1.jpg,test,Bad,0,-0.06049585585585575,0.3886350155763241,-0.18859963963963958,-0.16642375908618895,-0.014742582582582485,-0.34195389408099686,-0.4369369369369369,0.010903426791277378,-99.06871037950334,-55.58897916655113,-87.5200191073132,134.08421469702225,0.42288099950340646,0.1600705815601355,0.5501692879032781,0.18572693474560983,0.34514406781082013,0.09046000000000001,-0.13205899999999998,-0.129213,0.13341100000000006,43.47973121295222,0.023805999999999994,0.289617,0.802934,0.222963,0.385339,0.313423,0.25328,0.09375,0.51875
good_posture_20241021_142205_png.rf.9aaa7242582014b4ba40b8b04a0515f0.jpg,train,Good,1,-0.1485698630136986,0.4169924300111981,-0.12074301369863018,-0.09204765957446817,0.018394155251141558,-0.3350555879059351,-0.37214611872146114,0.006159731243001029,-88.46413411307314,-74.31360060038784,-83.78537708354865,141.46492181533824,0.3552626306114956,0.17609447071671497,0.5277725247964314,0.10997704284986022,0.29665474785514556,0.047611000000000014,-0.16953599999999996,-0.08602699999999996,0.06851499999999999,14.1505335126853,0.05713299999999999,0.401505,0.835058,0.411027,0.479923,0.458638,0.310387,0.325,0.548438
image_20241009_152252_jpg.rf.9d0242b8961e63682fce304db0d4e2c8.jpg,valid,Bad,0,-0.08564628428927677,0.4162587654320988,-0.20342703241895257,-0.10417975308641973,-0.07424758104738154,-0.3451688439955106,-0.3778054862842892,0.06790195286195294,-101.51389867544171,-64.24292836152209,-89.2279954845966,132.3687529988832,0.36971400877570215,0.18625659645231357,0.5300731164556451,0.16212950165222864,0.30382628960805874,0.08093899999999998,-0.16775099999999998,-0.109259,0.11978500000000003,37.27097031391962,0.007141999999999982,0.370556,0.731552,0.296759,0.369278,0.377698,0.201527,0.1875,0.489063
good_posture_20241013_222728_png.rf.9d58f269b9834e43da282c68a8030068.jpg,train,Good,1,-0.20897406952965247,0.4190181592554291,-0.21520130879345623,-0.15973112719751806,-0.015798773006135088,-0.35579482936918305,-0.44274028629856865,-0.02223371251292656,-90.31174953590558,-62.783276626156756,-82.81421364342424,129.92402034835843,0.43723347215189273,0.16656116619428432,0.5899808495281859,0.13544858417126404,0.3451074000075918,0.07617800000000002,-0.14812,-0.08692699999999998,0.103875,27.52847290974882,0.073799,0.370556,0.708352,0.368177,0.271125,0.444355,0.123005,0.28125,0.375
bad_posture_20241012_173243_png.rf.9514d78593da1b63f8217780275a8077.jpg,test,Bad,0,-0.20329490753911786,0.3698248275862069,-0.1642849502133711,-0.19385931034482767,0.04376876244665735,-0.3267820689655173,-0.38809923186344225,-0.008620689655172537,-86.99895691134375,-40.143173660874375,-74.96116705276603,132.4678773007802,0.40923222852800833,0.1494788662319861,0.5229509732890838,0.1820604754827362,0.29254467544804175,0.11426700000000001,-0.09636899999999998,-0.122923,0.13429799999999997,46.85578325046938,0.13569199999999998,0.434831,0.786873,0.456256,0.378202,0.570523,0.281833,0.333333,0.5125
image_20241007_214540_jpg.rf.a1f83c44d5d1a94827726f6809d9a972.jpg,valid,Bad,0,-0.017029146853146784,0.37976009227220303,-0.11484979020979018,-0.18288332179930794,0.15363692307692306,-0.3409640599769319,-0.47295977622377616,0.025951557093425604,-98.15937781167837,-35.525027323576886,-78.95015576688427,144.73469879019365,0.38500031788688177,0.18427576142835494,0.49739937733475303,0.24499827071430524,0.3497056260628359,0.14997499999999997,-0.10707499999999998,-0.200038,0.141453,62.63435048810148,0.09533299999999995,0.327597,0.77715,0.272955,0.396047,0.42293,0.288972,0.072917,0.5375
good_posture_20241013_222710_png.rf.a0e3b19d5ab3ee04cfead95d3c79d3bd.jpg,train,Good,1,-0.14884048192771085,0.38290714003944776,-0.14271807228915664,-0.17802571992110452,-0.01422971887550206,-0.3424754240631164,-0.36077558232931733,-0.054240631163708086,-89.6928706204778,-69.00685687873761,-84.79250887223695,130.86489684159292,0.44437038427419984,0.13953700485892626,0.5770206293582578,0.1296666725299913,0.3559842127749488,0.04998999999999998,-0.13027500000000003,-0.08483800000000002,0.09806100000000001,20.686013741740197,0.052371999999999974,0.399123,0.699428,0.401505,0.255064,0.451495,0.124789,0.316667,0.353125
bad_posture_20241021_145555_png.rf.9a5ba5f8b4b955e842b48abb50b34540.jpg,train,Bad,0,-0.24154090090090094,0.39222674391657003,-0.15461045045045044,-0.174212560834299,0.1473580780780782,-0.30126331402085754,-0.442942942942943,-0.05040556199304761,-83.2456083372327,-28.599012049821,-66.59834969750767,150.90837801927523,0.3845731511390258,0.17895167371108886,0.5094715025366974,0.17168180526194382,0.3162948387580803,0.15711800000000004,-0.08566000000000001,-0.15002300000000002,0.08347299999999996,54.6465962874117,0.20234900000000006,0.311042,0.867181,0.356273,0.485277,0.513391,0.399617,0.20625,0.56875
image_20241008_200649_jpg.rf.9e6b4dd5b91d05745eb70e64230d7592.jpg,train,Good,1,-0.11283425352112676,0.42804016194331984,-0.2201270985915493,-0.12453506072874491,-0.1471670985915493,-0.34648809716599194,-0.36666726760563384,0.048582348178137676,-97.9434350381345,-76.70897411202422,-91.8245246307453,121.31212187728329,0.43065110420966063,0.17603511950744374,0.5981422438325185,0.15640565616690466,0.32497841780647524,0.040470000000000006,-0.17132,-0.08128400000000002,0.133625,21.234460926110273,-0.019044000000000005,0.349131,0.797581,0.289617,0.371062,0.330087,0.199742,0.208333,0.504687
image_20241008_205601_jpg.rf.9e1430db2a6e98fbed4a14888f0eb406.jpg,test,Good,1,-0.1571394242803505,0.3768381301558204,-0.17239369211514402,-0.11728645279560038,-0.12662768460575724,-0.3120071860678277,-0.3631617521902379,0.037121906507791055,-91.29516645235279,-80.23346626112715,-88.1420344513578,132.1390766611298,0.42127162660212475,0.1684097372036427,0.5874418352526487,0.17748581194563132,0.3168293383416378,0.028568000000000038,-0.16596899999999998,-0.11908099999999999,0.13160900000000003,11.06170019122564,0.019046000000000007,0.30152,0.783305,0.291998,0.362141,0.320566,0.196172,0.172917,0.49375
image_20241007_210150_jpg.rf.a12c9c67ba2ccd79acc31a35aa0b5d96.jpg,train,Good,1,-0.21736010568031716,0.4129412884043607,-0.22138779392338181,-0.20284019821605553,-0.16100966974900932,-0.3771612289395442,-0.3925577807133422,-0.0817641228939544,-90.28115970515478,-75.43345458472075,-86.93713950089375,136.68599414685158,0.4854148444423594,0.14197770479902821,0.6237139661776061,0.13912904342731608,0.4034971063811982,0.03570799999999999,-0.137414,-0.10123100000000002,0.09544200000000003,14.847705120434028,0.03332600000000002,0.25153,0.836842,0.249148,0.351433,0.284856,0.214019,0.147917,0.446875
image_20241007_222646_jpg.rf.a176c976ce3d11211ac67e44a9cbb0e5.jpg,valid,Good,1,-0.11191948519948515,0.454156467124632,-0.16682440154440148,-0.18024117762512268,-0.13152967824967823,-0.36630217860647696,-0.37816442728442723,-0.013248282630029454,-93.77563382498055,-81.76957535754525,-91.04411073896804,133.9797888604505,0.5061385421413785,0.14966348087960538,0.6532704673104395,0.18474820557721258,0.40568167664438587,0.021424999999999972,-0.148122,-0.12829000000000002,0.132942,12.006058467435295,-0.011904000000000026,0.432452,0.856473,0.399123,0.351433,0.420548,0.203311,0.270833,0.484375
bad_posture_20241013_215926_png.rf.a1a1505841e8c51aac1eee9856087134.jpg,train,Bad,0,-0.15329428139183052,0.3901751812366739,-0.05187993948562779,-0.13584204690831553,0.15095261724659603,-0.29413628997867797,-0.35678329803328296,-0.0415778251599147,-82.26305236779719,-47.91905198288934,-72.60382855574309,156.31204447660264,0.38901334736098714,0.15629237196997167,0.5255086012702361,0.17194049028661054,0.333388062361267,0.10474399999999995,-0.11599999999999999,-0.15745400000000004,0.06907799999999997,34.344000384907844,0.15711499999999995,0.363416,0.697644,0.415787,0.312172,0.520531,0.196172,0.258333,0.38125
bad_posture_20241012_173020_png.rf.9f087317150b4d7d282c643688138b40.jpg,test,Bad,0,-0.41313287858117326,0.347625,0.0025737517053206235,-0.1622592857142858,0.13559945429740788,-0.3279707142857144,-0.3581173260572988,-0.10267785714285724,-56.29759822359913,-56.70636461815993,-56.39750404274466,168.58432449080365,0.42902483355861815,0.13877544338967177,0.5677976084081369,0.2107206742419927,0.31678252787835387,0.07617799999999997,-0.11599799999999999,-0.206552,0.041706999999999994,-0.4087663945608,0.31423499999999993,0.237245,0.80115,0.475302,0.444231,0.55148,0.328233,0.26875,0.485938
bad_posture_20241021_142555_png.rf.9c8b62b77387faa9882f3e2cc7944ce3.jpg,train,Bad,0,-0.30974374331550797,0.32744579710144933,-0.07346737967914427,-0.175157417654809,0.23205561497326202,-0.2985500922266139,-0.3912650267379678,-0.09683794466403153,-65.14208606359642,-22.28445255426024,-49.537267941696214,165.96005437742232,0.3284587009960309,0.19295099850480166,0.48788410038860663,0.1914316714914228,0.2560575968214964,0.17853999999999992,-0.07316799999999996,-0.18571300000000002,0.046441000000000066,42.85763350933618,0.31661399999999995,0.370556,0.817212,0.50863,0.519184,0.68717,0.446016,0.322917,0.565625
good_posture_20241021_141542_png.rf.a23c5c4d5569be20ab94a15e481b928e.jpg,train,Good,1,-0.1971776,0.37324599999999997,-0.23200091428571426,-0.10502733333333336,-0.09270521904761907,-0.31679799999999997,-0.40476190476190477,0.020833999999999946,-92.28021223856605,-70.21552137682812,-85.26689713903248,126.89397472393433,0.35898924930142406,0.16879133056232476,0.5193038884786055,0.11803221042156246,0.2776840068225032,0.05713299999999999,-0.15882799999999997,-0.070859,0.09439599999999998,22.06469086173793,0.04285,0.353892,0.818997,0.339609,0.460292,0.396742,0.301464,0.26875,0.554688
image_20241009_224235_jpg.rf.a3000c49ad1e06daab36ff2daaccea2e.jpg,train,Bad,0,-0.03100669577874813,0.37959586358635855,-0.1552002328966521,-0.15566521452145216,0.008911790393013099,-0.3064418921892189,-0.42527836972343525,-0.0005500550055005188,-99.94616018657449,-50.55861406495642,-87.48196476414819,142.76781188961988,0.3859191752297364,0.13864881661593798,0.4876648687992606,0.1820620396238601,0.34301615579736183,0.088082,-0.107075,-0.14495600000000003,0.11015600000000003,49.387546121618065,0.021424999999999972,0.46578,0.701213,0.399123,0.321094,0.487205,0.214019,0.254167,0.43125
image_20241008_200649_jpg.rf.a2d59a3f094447ce23872df0097d6b3b.jpg,train,Good,1,-0.11283425352112676,0.42804016194331984,-0.2201270985915493,-0.12453506072874491,-0.1471670985915493,-0.34648809716599194,-0.36666726760563384,0.048582348178137676,-97.9434350381345,-76.70897411202422,-91.8245246307453,121.31212187728329,0.43065110420966063,0.17603511950744374,0.5981422438325185,0.15640565616690466,0.32497841780647524,0.040470000000000006,-0.17132,-0.08128400000000002,0.133625,21.234460926110273,-0.019044000000000005,0.349131,0.797581,0.289617,0.371062,0.330087,0.199742,0.208333,0.504687
image_20241007_195632_jpg.rf.a24a2d49268a653c6d4b22aa5aada499.jpg,train,Bad,0,-0.08065971346704864,0.3925195423340961,-0.17670005730659014,-0.14326736842105264,-0.006443553008595956,-0.357583890160183,-0.41690544412607444,-0.017162471395881007,-98.14680918107356,-57.607234972930804,-85.48203857103815,146.6805631448564,0.3695716376401198,0.17330502847003598,0.5137764632999452,0.15675406662986452,0.33447384438398164,0.09284299999999995,-0.14633799999999997,-0.13098700000000002,0.08610600000000002,40.53957420814276,0.04047099999999998,0.339609,0.779736,0.287237,0.413894,0.38008,0.267556,0.15625,0.5
bad_posture_20241013_222754_png.rf.a50ea15a5154d867e1996043910f090f.jpg,train,Bad,0,-0.19431625344352618,0.4449145005875442,-0.08099393939393935,-0.13756521739130428,0.19601322314049585,-0.27177720329024674,-0.42470214876033063,0.04289071680376035,-80.5762617236687,-29.59345378830231,-65.07906659388517,148.39087437024375,0.39255577207449144,0.18068512978383136,0.5254087420703999,0.22890682260256032,0.29751533350904796,0.15711499999999995,-0.08923,-0.19494700000000004,0.119975,50.98280793536638,0.22138999999999998,0.401505,0.704783,0.46578,0.317525,0.622895,0.228295,0.270833,0.4375
bad_posture_20241012_172107_png.rf.a79ddce07fa48982c5a016108152febb.jpg,test,Bad,0,-0.22615826086956517,0.39051327607361974,-0.21787826086956513,-0.2008781349693251,-0.027431304347826056,-0.33541320245398765,-0.46376869565217393,-0.0631893987730061,-89.27560570584252,-38.03401870836244,-76.113744071417,148.1984352137074,0.37658009721837404,0.13903089573904065,0.47612622732317533,0.16636146588077422,0.3195604732081238,0.10950699999999997,-0.08566099999999999,-0.141387,0.087669,51.241586997480084,0.11426799999999998,0.382459,0.790444,0.38722,0.413894,0.496727,0.328233,0.245833,0.501563
image_20241007_222646_jpg.rf.a72df40e3c45cae57eb1e7076b1e841f.jpg,valid,Good,1,-0.11191948519948515,0.454156467124632,-0.16682440154440148,-0.18024117762512268,-0.13152967824967823,-0.36630217860647696,-0.37816442728442723,-0.013248282630029454,-93.77563382498055,-81.76957535754525,-91.04411073896804,133.9797888604505,0.5061385421413785,0.14966348087960538,0.6532704673104395,0.18474820557721258,0.40568167664438587,0.021424999999999972,-0.148122,-0.12829000000000002,0.132942,12.006058467435295,-0.011904000000000026,0.432452,0.856473,0.399123,0.351433,0.420548,0.203311,0.270833,0.484375
good_posture_20241021_180312_png.rf.a893536a353e2c9f6b08e833fb0d5677.jpg,train,Good,1,-0.21738685121107254,0.40142207999999996,-0.25428982698961916,-0.10112000000000008,-0.11195072664359845,-0.33639936000000004,-0.38812069204152233,-0.028000000000000115,-92.43040604089303,-70.72639476198424,-85.27823998486792,136.61183787275107,0.39296448467641454,0.1947257737665972,0.5783859284681813,0.08315896292042127,0.3442307418070037,0.06427499999999997,-0.18381199999999998,-0.060433000000000014,0.05712499999999998,21.704011278908794,0.047611000000000014,0.42293,0.863611,0.406266,0.471,0.470541,0.287188,0.345833,0.528125
good_posture_20241021_141624_png.rf.a53e51e739d1fe721c858d334a9906bb.jpg,train,Good,1,-0.18799704251386318,0.4088055411255412,-0.24995282809611824,-0.14001523809523805,-0.14857020332717186,-0.3229541125541125,-0.3767721996303142,-0.01731532467532467,-93.78153397630356,-72.02298795372485,-88.19312785161227,121.18043947303673,0.3970444546848627,0.13883696186894898,0.5285017786318226,0.10352980574211466,0.3177851736708307,0.04285,-0.13205899999999998,-0.05360100000000001,0.08857399999999999,21.758546022578713,0.016664000000000012,0.34437,0.831044,0.318184,0.434864,0.361034,0.302805,0.264583,0.523438
good_posture_20241013_225741_png.rf.a69f8700aebefc4893551646084d3814.jpg,valid,Good,1,-0.19697968365553598,0.37646064794816414,-0.202338137082601,-0.1613066090712743,-0.05238917398945508,-0.37098747300215984,-0.3804920913884006,-0.046435593952483756,-90.35080323513627,-66.27805507105171,-83.22124965422637,133.62097646226448,0.3890482921245124,0.16569041954802335,0.5445386776428282,0.11479455748858482,0.31662829729826736,0.06665700000000002,-0.151691,-0.07919499999999999,0.08310200000000004,24.072748164084558,0.06427500000000003,0.325327,0.638752,0.322945,0.249711,0.389602,0.09802,0.24375,0.332813
bad_posture_20241021_142418_png.rf.ab00940f4ea6f60537aba85322730ecb.jpg,train,Bad,0,-0.3317145479082321,0.41530594301221163,-0.03563897435897424,-0.21078078697421984,0.21520302294197036,-0.2944636092265944,-0.35695006747638325,-0.05223967435549529,-64.57053523531324,-18.35619789152546,-52.23367156792767,153.86023544321003,0.3991619710355685,0.15299904341204226,0.516969272375061,0.20720110836093522,0.2696001047792823,0.14521399999999995,-0.04818300000000003,-0.18600900000000004,0.091285,46.21433734378778,0.316614,0.339609,0.845766,0.511009,0.485277,0.656223,0.437094,0.325,0.576562
bad_posture_20241021_143641_png.rf.a8941ee26f1e13a679c8adead79bb323.jpg,train,Bad,0,-0.12021206951026853,0.3513469856459332,0.03382875197472352,-0.15961033492822949,0.2119408530805687,-0.32355291866028696,-0.34834123222748814,-0.09330143540669837,-77.14141849560016,-50.55861406495643,-69.56230592812518,167.09355744493814,0.3423031677402358,0.138648816615938,0.4704048235679562,0.19389350914612896,0.31155452879070783,0.088082,-0.10707500000000003,-0.18899499999999997,0.04330800000000001,26.582804430643733,0.16425999999999996,0.375317,0.840411,0.451495,0.506692,0.539577,0.399617,0.2625,0.55
good_posture_20241021_141542_png.rf.a6f95c5f9fc9c09ec5d68f72ad3b7b86.jpg,train,Good,1,-0.1971776,0.37324599999999997,-0.23200091428571426,-0.10502733333333336,-0.09270521904761907,-0.31679799999999997,-0.40476190476190477,0.020833999999999946,-92.28021223856605,-70.21552137682812,-85.26689713903248,126.89397472393433,0.35898924930142406,0.16879133056232476,0.5193038884786055,0.11803221042156246,0.2776840068225032,0.05713299999999999,-0.15882799999999997,-0.070859,0.09439599999999998,22.06469086173793,0.04285,0.353892,0.818997,0.339609,0.460292,0.396742,0.301464,0.26875,0.554688
bad_posture_20241021_145335_png.rf.aadd597d1b2b7e920dab866370d4f8cf.jpg,train,Bad,0,-0.27347682737169526,0.4093763184079601,-0.04601306376360813,-0.18158248756218914,0.21462917573872478,-0.31511641791044787,-0.40979782270606535,-0.03731343283582089,-72.89010174826367,-32.643922638665025,-61.68380233784483,153.62425538238466,0.3883850674794282,0.15549396129753723,0.5169256174663818,0.20397925920543983,0.2888130248603757,0.13093200000000005,-0.083876,-0.182745,0.09061900000000006,40.24617910959865,0.24519700000000005,0.33723,0.861827,0.451495,0.490631,0.582427,0.406755,0.26875,0.58125
good_posture_20241021_141335_png.rf.a81dc77a07c0966d51bf41ecf229425a.jpg,train,Good,1,-0.14919880597014926,0.37188432543769323,-0.20036298507462694,-0.09391176107106067,-0.0752955223880597,-0.29857861997940255,-0.40795940298507466,0.008753202883625272,-93.46982034598048,-71.35970907081511,-86.51805389448347,138.14301499499717,0.3539989450902361,0.1638541530294548,0.5095496361396011,0.11671524717019624,0.29601383869170705,0.05237200000000003,-0.15525899999999998,-0.08693099999999998,0.07788100000000003,22.110111275165366,0.030947000000000002,0.356273,0.820781,0.334848,0.467431,0.38722,0.312172,0.247917,0.545312
bad_posture_20241021_142022_png.rf.a4bc63b1587abeffae3cbba632a599f9.jpg,train,Bad,0,-0.16918986899563324,0.4150384398699892,-0.23128756914119364,-0.1244794799566631,0.05701240174672492,-0.28781746478873244,-0.4126637554585153,0.07421451787648965,-94.89652768660112,-37.27767732040792,-76.5289612077234,124.19372185551187,0.39046802441429185,0.1944629250525663,0.5211633527733892,0.17321931714736666,0.2783476335178728,0.15473600000000004,-0.117782,-0.09734799999999999,0.143277,57.6188503661932,0.12140700000000004,0.368177,0.845766,0.334848,0.456723,0.489584,0.338941,0.2375,0.6
bad_posture_20241021_141406_png.rf.a8db8e2abe0e70f840b1da8e45ba6aa5.jpg,train,Bad,0,-0.09120944178628398,0.4114396444444444,-0.227281403508772,-0.1545550222222222,0.059448803827751105,-0.3017649777777778,-0.401116427432217,0.006666666666666604,-99.50805248674945,-36.38840093344159,-81.62817347054848,126.91281540091997,0.4035082365218831,0.17447276079090399,0.5068732180585199,0.1417784397748825,0.3225610591376461,0.140453,-0.10350700000000002,-0.085152,0.11335899999999993,63.11965155330786,0.073799,0.370556,0.843981,0.303902,0.446016,0.444355,0.342509,0.21875,0.559375
image_20241007_210150_jpg.rf.a9c93b3915bb9a04f30dec09b051e79e.jpg,train,Good,1,-0.21736010568031716,0.4129412884043607,-0.22138779392338181,-0.20284019821605553,-0.16100966974900932,-0.3771612289395442,-0.3925577807133422,-0.0817641228939544,-90.28115970515478,-75.43345458472075,-86.93713950089375,136.68599414685158,0.4854148444423594,0.14197770479902821,0.6237139661776061,0.13912904342731608,0.4034971063811982,0.03570799999999999,-0.137414,-0.10123100000000002,0.09544200000000003,14.847705120434028,0.03332600000000002,0.25153,0.836842,0.249148,0.351433,0.284856,0.214019,0.147917,0.446875
good_posture_20241021_141548_png.rf.a972d9d11869fd5a0b45643a00b53dae.jpg,train,Good,1,-0.2361713248638839,0.3974700854700856,-0.2527578947368421,-0.07842324786324784,-0.1864,-0.3005059829059829,-0.4153062794918331,0.012820512820512851,-91.17539655755799,-80.02400482233854,-87.59628951847657,136.36199253663543,0.34807023947617244,0.16489108414041068,0.5108444838206635,0.0966845699581893,0.29165370933523205,0.028565000000000007,-0.162398,-0.069972,0.066722,11.151391735219448,0.021425000000000027,0.322945,0.818775,0.315805,0.470778,0.34437,0.30838,0.245833,0.5375
bad_posture_20241021_143641_png.rf.a94810840302b3f19ec114826a7f7472.jpg,train,Bad,0,-0.12021206951026853,0.3513469856459332,0.03382875197472352,-0.15961033492822949,0.2119408530805687,-0.32355291866028696,-0.34834123222748814,-0.09330143540669837,-77.14141849560016,-50.55861406495643,-69.56230592812518,167.09355744493814,0.3423031677402358,0.138648816615938,0.4704048235679562,0.19389350914612896,0.31155452879070783,0.088082,-0.10707500000000003,-0.18899499999999997,0.04330800000000001,26.582804430643733,0.16425999999999996,0.375317,0.840411,0.451495,0.506692,0.539577,0.399617,0.2625,0.55
good_posture_20241021_141624_png.rf.a7d5937ee7191318d69b5ae2d82b77d8.jpg,train,Good,1,-0.18799704251386318,0.4088055411255412,-0.24995282809611824,-0.14001523809523805,-0.14857020332717186,-0.3229541125541125,-0.3767721996303142,-0.01731532467532467,-93.78153397630356,-72.02298795372485,-88.19312785161227,121.18043947303673,0.3970444546848627,0.13883696186894898,0.5285017786318226,0.10352980574211466,0.3177851736708307,0.04285,-0.13205899999999998,-0.05360100000000001,0.08857399999999999,21.758546022578713,0.016664000000000012,0.34437,0.831044,0.318184,0.434864,0.361034,0.302805,0.264583,0.523438
bad_posture_20241013_220309_png.rf.a6c64954914caacad5047d05941d018d.jpg,train,Bad,0,-0.1374845253576073,0.3264882875264271,-0.14937404421326403,-0.1661060465116279,0.001198231469440708,-0.3327184778012685,-0.4401820546163849,-0.04968287526427057,-91.1240276217404,-53.697618248653455,-80.29540278418168,153.78019188524425,0.3641280678731042,0.1527936951906066,0.49426800134036597,0.19475074551847033,0.33220930935330517,0.09046099999999996,-0.12313700000000002,-0.17471199999999998,0.08604400000000001,37.42640937308694,0.08331799999999995,0.444355,0.678014,0.437212,0.313956,0.527673,0.190819,0.2625,0.4
good_posture_20241013_225738_png.rf.ac158a0554f2be5d2e167894b04b1633.jpg,valid,Good,1,-0.26551202572347266,0.4366371681415928,-0.24591691318327968,-0.14201345132743365,-0.13324192926045011,-0.3643780530973452,-0.43890675241157556,-0.04645946902654876,-88.66525791435801,-70.77913130465002,-83.51802845829168,144.26113188891247,0.4087829155774492,0.1663160336047009,0.5693566542282614,0.1155383104688657,0.3514372604747539,0.054752999999999996,-0.15704500000000002,-0.09378100000000003,0.06748499999999996,17.886126609707986,0.06427500000000003,0.296759,0.670875,0.306281,0.262203,0.361034,0.105158,0.2125,0.329688
image_20241009_225822_jpg.rf.9c5084f5a453bb8f46f3503a6de6db60.jpg,train,Bad,0,-0.04351911111111109,0.3844437333333333,-0.2043048888888889,-0.12302933333333334,-0.06041333333333338,-0.3286129777777778,-0.42500000000000004,0.0,-104.22315031978448,-60.75405841575712,-91.08586228747977,145.13011291438593,0.3681007020544786,0.16566868539950452,0.501458052515861,0.15130797370264398,0.34512960063286374,0.08093899999999998,-0.144551,-0.124141,0.086505,43.46909190402736,-0.00950300000000004,0.389583,0.692187,0.299141,0.33537,0.38008,0.190819,0.175,0.421875
bad_posture_20241021_141448_png.rf.a8b32782ad7871e5db7fae46571dd32e.jpg,valid,Bad,0,-0.15098325581395336,0.4096550169109357,-0.0668306976744185,-0.08995048478015792,0.13247162790697692,-0.28567359639233375,-0.36918604651162784,0.045660248027057405,-82.55654360989806,-51.697169370223726,-72.45316717645976,149.9615836920421,0.3491532476506556,0.17283304812737638,0.5053547315797093,0.18773002671922254,0.278170884215081,0.10712500000000003,-0.13562999999999997,-0.16251600000000002,0.093974,30.85937423967433,0.15235700000000002,0.361034,0.84755,0.406266,0.501339,0.513391,0.365709,0.24375,0.595313
image_20241007_220813_jpg.rf.aca8104a756549a3752bcc2c8ed250f6.jpg,test,Bad,0,-0.002613783403656806,0.4264673869900772,-0.08403870604782,-0.16790138919514885,0.19452962025316453,-0.3441942227122381,-0.36591594936708866,0.00716648291069466,-96.12950048188007,-38.91430250374193,-78.66083392773089,141.61056990736918,0.4235876084082253,0.1988673831878923,0.556957540971482,0.19976064722562353,0.3591673423419785,0.15473599999999998,-0.12491999999999998,-0.156574,0.12405200000000005,57.21519797813814,0.10950699999999997,0.38722,0.831489,0.341991,0.410323,0.496727,0.285403,0.185417,0.534375
good_posture_20241013_222655_png.rf.a4d29e82da2c880dd6cbdd2a561f72ee.jpg,train,Bad,0,-0.11355021148036253,0.3940216086434574,-0.21941317220543805,-0.14894117647058822,0.07977425981873111,-0.32170276110444174,-0.4496468882175226,0.04021608643457385,-98.8078431496921,-36.0018697948038,-77.88466276959555,134.04757917276063,0.35756662945666506,0.19126874965869356,0.4763906050973297,0.17126653927723298,0.2884964352032794,0.15473599999999998,-0.11243,-0.11907399999999999,0.12309999999999999,62.8059733548883,0.09998499999999999,0.396742,0.670875,0.341991,0.317525,0.496727,0.205095,0.222917,0.440625
image_20241007_195632_jpg.rf.acf91e79bb69930057b4cc0572ca5ce1.jpg,train,Bad,0,-0.08065971346704864,0.3925195423340961,-0.17670005730659014,-0.14326736842105264,-0.006443553008595956,-0.357583890160183,-0.41690544412607444,-0.017162471395881007,-98.14680918107356,-57.607234972930804,-85.48203857103815,146.6805631448564,0.3695716376401198,0.17330502847003598,0.5137764632999452,0.15675406662986452,0.33447384438398164,0.09284299999999995,-0.14633799999999997,-0.13098700000000002,0.08610600000000002,40.53957420814276,0.04047099999999998,0.339609,0.779736,0.287237,0.413894,0.38008,0.267556,0.15625,0.5
bad_posture_20241021_145134_png.rf.ad24bf3c5bfb5390fce524578666ea24.jpg,train,Bad,0,-0.3021967184035478,0.37372086461888493,0.08966917960088679,-0.15122184300341313,0.27209046563192896,-0.2785592718998864,-0.20214385809312646,-0.07224045506257125,-52.546964476665096,-34.2251492075207,-47.90320591013454,165.22439053042837,0.4540997187766141,0.15547260377635672,0.6036724250270175,0.21266954745096905,0.31426129022837035,0.12855000000000005,-0.087445,-0.20563699999999996,0.05423800000000001,18.321815269144395,0.404693,0.325327,0.854688,0.60147,0.4942,0.73002,0.406755,0.395833,0.548438
bad_posture_20241021_143936_png.rf.b50ed89046f9e9ddfa1a8d5c8e128c14.jpg,train,Bad,0,-0.11317777080062791,0.3546611264080098,-0.036641004709576146,-0.19425221526908645,0.24080753532182098,-0.3286233792240302,-0.38592427001569857,-0.06946262828535676,-83.65689011922571,-31.277785017757974,-67.55815221202195,155.86122542714762,0.3447525374598423,0.1615542652021295,0.4614670735057919,0.1904789283490434,0.29751329931954296,0.13807399999999997,-0.08387700000000003,-0.173823,0.07789600000000002,52.37910510146773,0.17616299999999996,0.375317,0.835058,0.413406,0.492416,0.55148,0.408539,0.239583,0.570312
good_posture_20241013_222724_png.rf.aeb9fdcd36427d1335113a3f815ede49.jpg,train,Good,1,-0.20674636015325673,0.4179058823529412,-0.20091279693486588,-0.15556369747899157,-0.03162911877394639,-0.3499206722689076,-0.38122605363984685,-0.03991596638655467,-89.6804232272919,-64.4716700709822,-82.87190893097853,130.527704430991,0.4265246346519741,0.16019219426988324,0.575519060732136,0.11316132433389067,0.3478601573190009,0.06903599999999999,-0.14455300000000004,-0.07353400000000004,0.08601299999999995,25.208753156309697,0.071415,0.358655,0.690505,0.361034,0.263987,0.43007,0.119434,0.2875,0.35
image_20241008_201104_jpg.rf.abb14ce6d851978dd9d9292780ea7065.jpg,test,Bad,0,-0.01752287769784171,0.3790150210970464,-0.31651491606714627,-0.1373475105485233,-0.16671654676258998,-0.33975358649789034,-0.4440452757793765,0.050632911392405035,-116.99448953287916,-56.932237251238014,-100.3486270279365,120.83048639061029,0.4291913152721057,0.17888111766757267,0.5411407727431006,0.16213468649551832,0.3692991688319919,0.09760299999999997,-0.14990699999999996,-0.08309400000000002,0.13922300000000004,60.06225228164114,-0.09720900000000005,0.348739,0.783833,0.153927,0.401402,0.25153,0.251495,0.070833,0.540625
good_posture_20241021_142053_png.rf.adff34018faf8aaae6899bf7ea5f4286.jpg,train,Good,1,0.028865523809523775,0.4233530735930734,0.034665752380952396,-0.0710801731601733,0.19718186666666673,-0.27627082251082263,-0.1330166857142857,0.041124848484848354,-89.6181076352388,-65.77157916708718,-82.21626020335131,130.33483231540427,0.356926928378905,0.16242931549754186,0.5097375608850107,0.10625824288025848,0.28379739225369915,0.06665700000000002,-0.14812199999999998,-0.068776,0.08099800000000001,23.846528468151618,0.06903600000000004,0.33723,0.811858,0.339609,0.454939,0.406266,0.306817,0.270833,0.535937
image_20241009_135224_jpg.rf.b08a0b7700c4e373b0200ad3992cebc1.jpg,test,Good,1,-0.1139681644640234,0.41231796610169485,-0.26610020558002934,-0.16843186440677965,-0.1945085462555065,-0.3837918644067796,-0.3433682232011747,0.05296610169491525,-100.7013314005507,-76.51440446426291,-94.1741605541519,104.13156674452168,0.43588367889839597,0.16333127534247688,0.5886925629401139,0.1683764676016218,0.2917745273117583,0.03808900000000004,-0.158828,-0.04110899999999998,0.163281,24.18692693628779,-0.04285,0.349131,0.749397,0.268192,0.321094,0.306281,0.162266,0.227083,0.484375
bad_posture_20241021_143227_png.rf.adeaf8264e282d84706f8d445203ec0a.jpg,train,Bad,0,-0.2721518528995756,0.4030954773869347,-0.14716628005657711,-0.15936643216080407,0.16314772277227718,-0.2971111557788946,-0.400990099009901,-0.06281326633165836,-78.83523392076964,-26.55435318354819,-61.094085178229086,156.81551739738686,0.3565285110422447,0.1916131404679752,0.4974111515698055,0.15251478990576617,0.29834828931636265,0.1714,-0.08566000000000001,-0.140198,0.060043999999999986,52.28088073722145,0.24043499999999995,0.308663,0.84755,0.377698,0.497769,0.549098,0.412109,0.2375,0.557813
bad_posture_20241013_221218_png.rf.b30876059c36c13c339c01a473f2c4f9.jpg,train,Bad,0,-0.10248097693351421,0.37202742857142856,-0.17276461329715057,-0.13965074285714285,-0.0115228222523745,-0.3067309714285714,-0.46019842605156036,-0.042856411428571405,-96.59952690510943,-50.89396201266539,-83.56017181582875,158.20802210429414,0.35211320256985534,0.14718808316232668,0.4669413093837383,0.17823614455266923,0.35051130029287214,0.09283999999999998,-0.11421500000000001,-0.165499,0.066168,45.70556489244404,0.052371999999999974,0.403884,0.647675,0.363416,0.297895,0.456256,0.18368,0.197917,0.364063
bad_posture_20241021_144048_png.rf.ae24d4c911f2acdb01b2cc3387d5000f.jpg,train,Bad,0,-0.18945160883280757,0.39071706242350057,-0.03565375394321773,-0.1349179926560588,0.17101173501577271,-0.3194494981640147,-0.3727661829652998,-0.06181072215422279,-77.2075371387182,-49.00642875826647,-68.50132444401011,164.38648391061565,0.34404265824603786,0.15604878591325208,0.48718111987227086,0.17337364316700507,0.302775201104714,0.10236399999999996,-0.11778299999999997,-0.166976,0.04666300000000001,28.20110838045172,0.17854199999999992,0.349131,0.852903,0.425309,0.5174,0.527673,0.399617,0.258333,0.564063
bad_posture_20241021_144143_png.rf.ae1684eef8b013ba25d7291af27da0b6.jpg,train,Bad,0,-0.21551423423423424,0.44115523269012485,-0.07139315315315323,-0.08259432463110107,0.11390414414414415,-0.30298533484676504,-0.37687783783783785,0.006242905788876245,-82.10463215621895,-67.03649831322343,-77.42326557576473,150.0137579527165,0.363936913809248,0.16474657843487978,0.5247697123243681,0.12234088543900602,0.30453014578691545,0.06427500000000003,-0.15169099999999996,-0.10596499999999998,0.061145000000000005,15.068133842995522,0.11426700000000001,0.370556,0.836842,0.420548,0.476355,0.484823,0.324664,0.314583,0.5375
good_posture_20241021_142053_png.rf.b09026b7069f9ebf8a2131fb83f6b063.jpg,train,Good,1,0.028865523809523775,0.4233530735930734,0.034665752380952396,-0.0710801731601733,0.19718186666666673,-0.27627082251082263,-0.1330166857142857,0.041124848484848354,-89.6181076352388,-65.77157916708718,-82.21626020335131,130.33483231540427,0.356926928378905,0.16242931549754186,0.5097375608850107,0.10625824288025848,0.28379739225369915,0.06665700000000002,-0.14812199999999998,-0.068776,0.08099800000000001,23.846528468151618,0.06903600000000004,0.33723,0.811858,0.339609,0.454939,0.406266,0.306817,0.270833,0.535937
good_posture_20241021_141454_png.rf.afd47e33757f5d3b130ecf172e4a66ab.jpg,train,Good,1,-0.15236384754990928,0.40796251046025106,-0.16342388384755,-0.1129305439330544,-0.08047245009074414,-0.3303685355648535,-0.3681193466424683,-0.010460920502091995,-90.70113661201354,-77.5992380295946,-86.78791653882985,139.02415712460262,0.389071130880974,0.16627837040637602,0.5523086938388712,0.11671075464154966,0.3260190967964913,0.03570800000000002,-0.16239899999999996,-0.088115,0.07653200000000004,13.10189858241894,0.030947000000000002,0.382459,0.842197,0.377698,0.453155,0.413406,0.290756,0.289583,0.529687
bad_posture_20241021_143133_png.rf.af9db85147607d4b10f3712c71d58039.jpg,train,Bad,0,-0.1340007943262411,0.3997183098591549,-0.15128714893617015,-0.11236882629107983,0.11236380141843978,-0.3080871361502348,-0.4290780141843971,0.009390422535211173,-91.59999562679798,-41.89604980211118,-73.93284751835664,152.08958539954457,0.3409909465147132,0.19508634350205042,0.49028450305715354,0.1731417515216939,0.30645717624653535,0.145214,-0.13027500000000003,-0.153002,0.08104599999999995,49.7039458246868,0.135693,0.356273,0.87075,0.346752,0.529892,0.491966,0.399617,0.19375,0.610938
good_posture_20241021_142159_png.rf.afa82e59e2ccb8a5b2ed7b77860d6209.jpg,train,Good,1,-0.17268481054365736,0.4226675602094242,-0.20280803953871498,-0.0963784712041884,-0.08232988467874798,-0.30208318324607325,-0.40554570016474467,0.057067392670157154,-92.11254872786894,-69.58158405585513,-85.46930749210216,130.0228054668849,0.3875203804627571,0.1637643285761585,0.5424269968650158,0.14949949628343234,0.2942765473377041,0.05713299999999999,-0.15347500000000003,-0.096142,0.114485,22.53096467201381,0.042848,0.439594,0.849334,0.425309,0.462077,0.482442,0.308602,0.329167,0.576562
bad_posture_20241013_225803_png.rf.b43e09286fc59b59da0d276d9d1c42b5.jpg,train,Bad,0,-0.13776191044776126,0.3894403747072599,-0.10137552238805975,-0.16424355971896956,0.14421253731343278,-0.3327569086651054,-0.38457647761194036,-0.010538641686182735,-87.04857183401018,-41.17298524073349,-72.96929282046727,145.32478911210126,0.3699016586026616,0.17077941152258372,0.5039398064223544,0.1802526203526595,0.29648839131574783,0.12855,-0.11243,-0.148238,0.10254999999999997,45.87558659327669,0.147596,0.339609,0.663736,0.358655,0.294325,0.487205,0.181895,0.210417,0.396875
bad_posture_20241021_144426_png.rf.b44c62a97c2086643ed84de5ea76bb25.jpg,train,Bad,0,-0.16530502793296087,0.39824078624078635,-0.16955798882681566,-0.05917680589680588,0.030461675977653608,-0.2724524815724815,-0.44785787709497205,0.02088452088452092,-90.46857605680425,-50.47956819789241,-75.60056283937877,161.88939517146477,0.29089872801715727,0.1758237011781972,0.44035240479643123,0.16378836854917384,0.2873477882879909,0.11188599999999999,-0.13562999999999997,-0.15567399999999998,0.050914000000000015,39.98900785891184,0.10950699999999997,0.38722,0.82435,0.384841,0.533461,0.496727,0.397831,0.229167,0.584375
bad_posture_20241021_144118_png.rf.b14216f513c7128abd20bd48b5de171a.jpg,train,Good,1,-0.1646726530612245,0.3038617179215271,-0.23204462585034016,-0.17092055143160123,-0.02475428571428579,-0.3550206574761399,-0.35260843537414965,0.013255567338282079,-95.05642436553342,-54.92782284100854,-82.45714131285956,112.20418768449964,0.3511475310492728,0.1657199658339332,0.48964794959848446,0.14655401069912755,0.23084639029883056,0.09522399999999998,-0.13562999999999997,-0.05538399999999999,0.13568599999999997,40.128601524524875,0.06427499999999997,0.363416,0.80472,0.332467,0.454939,0.427691,0.319309,0.277083,0.590625
bad_posture_20241021_141448_png.rf.ae98b99ea614404ef5d0952be0b9f26a.jpg,valid,Bad,0,-0.15098325581395336,0.4096550169109357,-0.0668306976744185,-0.08995048478015792,0.13247162790697692,-0.28567359639233375,-0.36918604651162784,0.045660248027057405,-82.55654360989806,-51.697169370223726,-72.45316717645976,149.9615836920421,0.3491532476506556,0.17283304812737638,0.5053547315797093,0.18773002671922254,0.278170884215081,0.10712500000000003,-0.13562999999999997,-0.16251600000000002,0.093974,30.85937423967433,0.15235700000000002,0.361034,0.84755,0.406266,0.501339,0.513391,0.365709,0.24375,0.595313
bad_posture_20241013_222740_png.rf.b0f6f4e85b37023fb40a93d9a3814ce1.jpg,train,Bad,0,-0.043683316062176125,0.44217964071856286,-0.159460310880829,-0.14872354491017964,0.07736179620034539,-0.34295549700598804,-0.4838795164075993,0.07724474251496999,-97.73694763220283,-49.78677857078859,-83.89801334710279,134.87144612411376,0.3890133473609871,0.1659221988192056,0.5150964028218408,0.2080016400944954,0.31035909261531236,0.10712499999999997,-0.126706,-0.14674900000000002,0.14740899999999996,47.950169061414236,0.05475399999999997,0.415787,0.670875,0.363416,0.285403,0.470541,0.158697,0.216667,0.432812
bad_posture_20241013_225746_png.rf.af6cf87a571b0899dafa2c21e9b2e0c0.jpg,train,Bad,0,-0.10947796982167353,0.38763447983014854,-0.25159308641975303,-0.17010038216560505,0.06189629629629627,-0.30104492569002117,-0.43507028806584364,0.09660297239915075,-101.15514610366449,-28.35769548604998,-79.09957613063186,118.03041077713111,0.41836215350459216,0.20288874895617054,0.5161375070986413,0.22236023642953792,0.2833013236573384,0.17854199999999998,-0.09636700000000001,-0.10449600000000003,0.19627699999999998,72.79745061761452,0.097603,0.389602,0.667306,0.308663,0.256848,0.487205,0.160481,0.204167,0.453125
bad_posture_20241021_144426_png.rf.b53e667d5ba19866b36c6cbbf7e2c168.jpg,train,Bad,0,-0.16530502793296087,0.39824078624078635,-0.16955798882681566,-0.05917680589680588,0.030461675977653608,-0.2724524815724815,-0.44785787709497205,0.02088452088452092,-90.46857605680425,-50.47956819789241,-75.60056283937877,161.88939517146477,0.29089872801715727,0.1758237011781972,0.44035240479643123,0.16378836854917384,0.2873477882879909,0.11188599999999999,-0.13562999999999997,-0.15567399999999998,0.050914000000000015,39.98900785891184,0.10950699999999997,0.38722,0.82435,0.384841,0.533461,0.496727,0.397831,0.229167,0.584375
bad_posture_20241013_222736_png.rf.b35e2e26f41879d410a98af3ee4fde87.jpg,train,Bad,0,-0.061318282208588926,0.3885149668874172,-0.1267474846625767,-0.17877509933774835,0.08822969325153371,-0.33005103752759385,-0.4335371779141104,0.018764503311258254,-94.7447586102108,-44.35743717655803,-81.48195977316918,138.1799158582009,0.40291576267130574,0.15315411075449462,0.5142829134591194,0.20969152935204605,0.323174873090406,0.10950399999999999,-0.107075,-0.156271,0.13982099999999997,50.387321433652765,0.07617599999999997,0.406266,0.685152,0.372938,0.283617,0.482442,0.176542,0.216667,0.423438
image_20241007_191654_jpg.rf.b3bd593f850ebb1f7e32dd1a0724de90.jpg,train,Good,1,-0.16628199999999999,0.41804217252396164,-0.26150399999999996,-0.17066649627263047,-0.16628199999999999,-0.3579813418530351,-0.447916,0.06442956336528223,-96.29105780640663,-70.88976848512294,-90.0,118.38830808029913,0.4344894652923129,0.14542743857333112,0.569286,0.19603962523173732,0.29516425588644707,0.04761099999999999,-0.13741299999999998,-0.09320600000000001,0.17246500000000003,25.401289321283684,0.0,0.232484,0.80472,0.184873,0.372847,0.232484,0.235434,0.091667,0.545312
image_20241007_214540_jpg.rf.b5772911865973d960f00a2ca302e018.jpg,valid,Bad,0,-0.017029146853146784,0.37976009227220303,-0.11484979020979018,-0.18288332179930794,0.15363692307692306,-0.3409640599769319,-0.47295977622377616,0.025951557093425604,-98.15937781167837,-35.525027323576886,-78.95015576688427,144.73469879019365,0.38500031788688177,0.18427576142835494,0.49739937733475303,0.24499827071430524,0.3497056260628359,0.14997499999999997,-0.10707499999999998,-0.200038,0.141453,62.63435048810148,0.09533299999999995,0.327597,0.77715,0.272955,0.396047,0.42293,0.288972,0.072917,0.5375
good_posture_20241012_174139_png.rf.b5e5d92a320ba968f26b83e45e2744c9.jpg,train,Good,1,-0.22868239095315024,0.4144366846071043,-0.24344684975767372,-0.1265128094725512,-0.15483941841680135,-0.362561894510226,-0.4170698546042004,-0.032830312163616815,-91.04186274769994,-75.95746141671967,-86.37667713134525,140.99954532660422,0.3926759184378385,0.17659746572360543,0.5650605072565238,0.10804088771386507,0.3371596098778737,0.04285,-0.17132,-0.08396299999999998,0.06799300000000003,15.08440133098027,0.035709999999999964,0.30152,0.751181,0.29438,0.35857,0.33723,0.18725,0.210417,0.426563
image_20241009_224659_jpg.rf.b43731e000ee52edf5ffc536f30ab1a3.jpg,train,Good,1,-0.07964194271481936,0.4182188442703233,-0.10240777085927767,-0.18585089128305582,-0.12897056039850552,-0.37378397649363365,-0.287464209215442,-0.07492716944172381,-91.69778102138804,-96.34312823127061,-92.80438507835058,142.6877999979548,0.4820516166594611,0.15082936627858648,0.6325034888694291,0.14596694926249568,0.4144041236486433,-0.016663999999999957,-0.149906,-0.11609399999999997,0.08847899999999997,-4.645347209882573,-0.030945999999999974,0.382459,0.763673,0.368177,0.281833,0.351513,0.131927,0.252083,0.370312
bad_posture_20241013_220037_png.rf.b2aa7d6094b092cc374cc9d275846c8b.jpg,test,Bad,0,-0.19043348837209303,0.3034822960725076,-0.23915162790697675,-0.16349599194360523,0.02215627906976745,-0.33372567975830814,-0.4534883720930233,-0.012588761329305155,-94.134292255057,-43.2361483215754,-76.98448495355638,134.53997023985414,0.36321816188759065,0.19278784435228274,0.5073687523340396,0.16424993600303167,0.28304720183743204,0.140453,-0.13206099999999998,-0.115206,0.11707099999999998,50.898143933481606,0.11426700000000001,0.353892,0.678014,0.327706,0.315741,0.468159,0.18368,0.2125,0.432812
bad_posture_20241013_222737_png.rf.b7497c224be569c828ad608fd3e48eb5.jpg,train,Bad,0,-0.1504901818181819,0.4280714418604651,-0.1504901818181819,-0.1669053023255814,0.07111695867768586,-0.32627274418604657,-0.4911838677685951,0.03953488372093022,-90.0,-45.63049618342179,-78.32324409941337,139.26045389510838,0.39975,0.1497877203278026,0.5175353960464928,0.21253053372398042,0.3067198090521706,0.104744,-0.10707500000000003,-0.16103099999999998,0.138702,44.36950381657821,0.104744,0.377698,0.679798,0.377698,0.280048,0.482442,0.172973,0.216667,0.41875
bad_posture_20241021_142530_png.rf.b57d7592ed96d1f9d5e5217437c7247e.jpg,train,Bad,0,-0.23855170532060022,0.34771624309392263,0.06075525238744889,-0.1602510497237569,0.2977071759890861,-0.2864565745856354,-0.29263301500682126,-0.12707182320441993,-59.181832608649216,-27.74801084186359,-49.43266051129305,174.70176770683872,0.33455966248339025,0.1533236351284433,0.47220128767295844,0.2032383260829512,0.2703318656836445,0.13569200000000003,-0.07138500000000003,-0.20237,0.018766999999999978,31.433821766785627,0.30709200000000003,0.38722,0.815427,0.55862,0.528108,0.694312,0.456723,0.35625,0.546875
image_20241008_200801_jpg.rf.bf513bb0899a66f1db4646e816d58a9b.jpg,train,Good,1,-0.10476849230769235,0.4401022358974359,-0.10476849230769235,-0.17372537435897434,-0.006326646153846127,-0.3260099282051282,-0.2753846153846154,-0.04256410256410255,-90.0,-66.68609810061915,-85.10379257494301,130.9320852039108,0.467564,0.12631126673420706,0.5856992470065161,0.13224322797406302,0.3777268817770321,0.049990000000000034,-0.11599799999999999,-0.086641,0.099908,23.313901899380852,0.049990000000000034,0.299141,0.820781,0.299141,0.353217,0.349131,0.237219,0.2125,0.453125
bad_posture_20241012_173121_png.rf.b7ab18538e71d40cf924212907a37cde.jpg,train,Bad,0,-0.2545627665706052,0.4038720741599072,-0.24138835734870318,-0.16786076477404413,0.008875619596541717,-0.33196922363847053,-0.4462049567723343,0.02143684820393968,-88.93840316038553,-39.19465827243369,-73.93882339418757,131.02649867448363,0.38553917593157766,0.17508310062653104,0.5162696347965857,0.1691767915081735,0.277993706513295,0.13568999999999998,-0.110645,-0.11104900000000001,0.12762800000000002,49.74374488795184,0.142833,0.270573,0.80472,0.277716,0.419247,0.413406,0.308602,0.166667,0.546875
bad_posture_20241013_222747_png.rf.b8815d4b6ef6d8e14966e8bce519ad12.jpg,train,Bad,0,-0.12836153609831016,0.37376752136752145,-0.17517099846390163,-0.17289777777777776,0.08694586789554543,-0.32176752136752135,-0.40578531490015357,-6.837606837803457e-07,-93.40821714169154,-39.234878953795366,-77.84966280716965,132.85182767589393,0.40045728392676294,0.1721119985416473,0.5202646039430321,0.17245726218979587,0.30758870320608334,0.133311,-0.10886100000000001,-0.117289,0.12643099999999996,54.17333818789617,0.10950399999999999,0.351513,0.690505,0.327706,0.290756,0.461017,0.181895,0.210417,0.417187
good_posture_20241012_172219_png.rf.bde0d3917a64c528baf7bf44bb3385d8.jpg,test,Bad,0,-0.12259555555555555,0.4227132773109243,-0.2570269281045752,-0.15864182472989202,-0.04790797385620923,-0.2984952701080433,-0.47494483660130726,0.013804753901560586,-99.64187065870819,-42.31086045648633,-85.6490843180145,132.8742622011611,0.38375597435088876,0.13520557836494765,0.47070552142608224,0.15313531104549338,0.31495342860334125,0.09998499999999999,-0.09101399999999998,-0.104192,0.11222500000000002,57.331010202221854,0.035709999999999964,0.403884,0.795797,0.339609,0.417462,0.439594,0.326448,0.235417,0.529687
image_20241008_202735_jpg.rf.b8bffc35f47175d750f3ec19d2f65f4a.jpg,test,Bad,0,-0.06643318822023046,0.34024298997265273,-0.2810159282970551,-0.16783766636280764,-0.11324906530089629,-0.36565542388331806,-0.4342717541613316,0.00865998176845946,-106.73505411415665,-58.8768755847515,-92.70330823549048,121.7239716801212,0.4546990955808028,0.19804253026054783,0.6056509966589669,0.1778339613122308,0.3621179808432605,0.10236399999999998,-0.169536,-0.09351000000000001,0.151264,47.85817852940515,-0.028565000000000007,0.284856,0.815427,0.153927,0.379986,0.256291,0.21045,0.060417,0.53125
bad_posture_20241021_143629_png.rf.bff3d42020972939182f4b03f511b209.jpg,train,Bad,0,-0.22607502332814924,0.36142255266418843,-0.02230220839813367,-0.1622354399008674,0.2004297356143081,-0.2924417348203221,-0.3517359875583203,-0.02416356877323406,-72.77379308854177,-36.26708892928006,-62.53796736606341,152.254874301922,0.34565504624697735,0.13877268039855684,0.4645928987672972,0.1869874638070692,0.2511620505271447,0.11188800000000004,-0.08209099999999997,-0.165489,0.08705000000000007,36.50670415926171,0.21425200000000005,0.311042,0.82435,0.413406,0.4942,0.525294,0.412109,0.247917,0.58125
image_20241007_193153_jpg.rf.bf2a7e5b22627441b6a6280df5775ea9.jpg,valid,Good,1,-0.18634927953890493,0.4021817154389506,-0.18634927953890493,-0.1487207265388496,-0.041454755043227716,-0.3423430070635722,-0.3856862247838617,-0.005550595358224006,-90.0,-62.342685967431045,-82.23907005359241,134.27586877254717,0.426519,0.16924385494309685,0.5817537745687602,0.1548143020169648,0.333662896289054,0.07855999999999999,-0.149906,-0.10807800000000001,0.11084499999999997,27.657314032568955,0.07855999999999999,0.237245,0.779736,0.237245,0.353217,0.315805,0.203311,0.129167,0.464062
good_posture_20241013_222721_png.rf.bed95269cdad25613c2a8ce954682a0a.jpg,train,Good,1,-0.19703724137931028,0.37859136318407965,-0.2241379310344827,-0.17164179104477612,-0.036341419878296005,-0.36692521393034827,-0.4350912778904665,-0.10398009950248759,-91.38405258924078,-64.74485843462375,-83.96412784055444,146.82148834060726,0.4321450777285332,0.1695324427506429,0.5886101034284071,0.09707640354380664,0.3898299021111644,0.07233100000000003,-0.15332800000000002,-0.08124999999999999,0.05312499999999998,26.63919415461703,0.06189300000000003,0.372938,0.697644,0.3625,0.265625,0.434831,0.112297,0.28125,0.31875
bad_posture_20241013_225750_png.rf.bd985a489f256be69ec509a31abba520.jpg,train,Bad,0,-0.1268265924895689,0.3637542342342342,-0.1649684561891516,-0.161014054054054,0.15712155771905426,-0.3050673873873873,-0.40820584144645344,-0.01576576576576575,-93.36800136583685,-28.914945978730795,-71.0295128169312,143.59105227856546,0.3646878912015039,0.20669034265054573,0.490643751642676,0.16976989402423506,0.30709017633262053,0.18092400000000003,-0.099937,-0.13663100000000003,0.10076599999999997,64.45305538710605,0.15949900000000006,0.370556,0.660167,0.349131,0.296109,0.530055,0.196172,0.2125,0.396875
bad_posture_20241021_144538_png.rf.bfbed52151fd1c44add981b2a4a0dd69.jpg,train,Bad,0,-0.23178586102719037,0.3701504551045511,-0.16273933534743215,-0.14121348093480932,0.20088894259818718,-0.29574710947109467,-0.4436045921450152,-0.025215252152521492,-83.72576217400238,-27.560630352288275,-62.11756321187494,153.105522605123,0.32675318776715856,0.21213693573963022,0.478498338217595,0.16287654198502616,0.273974368620497,0.188064,-0.09815299999999999,-0.14525999999999997,0.07367699999999999,56.16513182171411,0.22377399999999997,0.332467,0.851119,0.368177,0.526323,0.556241,0.42817,0.222917,0.6
good_posture_20241021_180555_png.rf.c0d1ec6f612e72dcef30e3206d8c3586.jpg,train,Good,1,-0.1834214603174603,0.41675030662710183,-0.1737483174603174,-0.11421546983184974,-0.023813587301587193,-0.3220831651829872,-0.396295619047619,0.05192878338278932,-89.34957916820208,-65.7973190731907,-82.33315308418148,129.85149206331414,0.4194070236905911,0.18000529743593657,0.5888267803165886,0.17093479519688207,0.30660914236206327,0.07379600000000003,-0.16418299999999997,-0.109535,0.13122800000000007,23.552260095011377,0.07855700000000004,0.427691,0.885027,0.432452,0.465647,0.506248,0.301464,0.322917,0.596875
bad_posture_20241021_143936_png.rf.b81734fab3e22e3234fe90010b67aa9a.jpg,train,Bad,0,-0.11317777080062791,0.3546611264080098,-0.036641004709576146,-0.19425221526908645,0.24080753532182098,-0.3286233792240302,-0.38592427001569857,-0.06946262828535676,-83.65689011922571,-31.277785017757974,-67.55815221202195,155.86122542714762,0.3447525374598423,0.1615542652021295,0.4614670735057919,0.1904789283490434,0.29751329931954296,0.13807399999999997,-0.08387700000000003,-0.173823,0.07789600000000002,52.37910510146773,0.17616299999999996,0.375317,0.835058,0.413406,0.492416,0.55148,0.408539,0.239583,0.570312
good_posture_20241012_172219_png.rf.bbdb49cf00efd11423a25f041d6f2426.jpg,test,Bad,0,-0.12259555555555555,0.4227132773109243,-0.2570269281045752,-0.15864182472989202,-0.04790797385620923,-0.2984952701080433,-0.47494483660130726,0.013804753901560586,-99.64187065870819,-42.31086045648633,-85.6490843180145,132.8742622011611,0.38375597435088876,0.13520557836494765,0.47070552142608224,0.15313531104549338,0.31495342860334125,0.09998499999999999,-0.09101399999999998,-0.104192,0.11222500000000002,57.331010202221854,0.035709999999999964,0.403884,0.795797,0.339609,0.417462,0.439594,0.326448,0.235417,0.529687
bad_posture_20241021_142406_png.rf.bec5c17241cd52b8d2d835a3f3b8eec8.jpg,train,Bad,0,-0.2668372192513369,0.34823539267015696,-0.06722395721925131,-0.1510785340314138,0.17719443850267375,-0.28263371727748704,-0.3814622459893048,-0.013089842931937289,-68.62448498292217,-28.799828580117403,-55.429232479444174,155.84309036805163,0.3200432439296291,0.16299289772256945,0.4572967219005621,0.2012574911226909,0.2258288728484469,0.14283199999999996,-0.07852199999999998,-0.183633,0.08236200000000005,39.82465640280476,0.25948099999999996,0.375317,0.792228,0.491966,0.4942,0.634798,0.415678,0.308333,0.576562
good_posture_20241012_174321_png.rf.bea0be0ba4fdf85408db7fd03d1a8ead.jpg,train,Good,1,-0.2628790000000001,0.37848987978142085,-0.2819210000000001,-0.13328909289617485,-0.22479100000000007,-0.35547750819672125,-0.42187500000000006,-0.016940590163934417,-91.49078019735602,-79.80455224347939,-87.92124980580282,130.07601461754606,0.3659658705466946,0.16137821453033863,0.5250175059176598,0.10869312659961529,0.29363723579444084,0.028565000000000007,-0.15883,-0.06997699999999998,0.083171,11.686227953876624,0.019044000000000005,0.291998,0.727983,0.282477,0.362141,0.311042,0.203311,0.2125,0.445312
good_posture_20241021_180555_png.rf.bcaa833584baaf4aaf01fb0cc8374198.jpg,train,Good,1,-0.1834214603174603,0.41675030662710183,-0.1737483174603174,-0.11421546983184974,-0.023813587301587193,-0.3220831651829872,-0.396295619047619,0.05192878338278932,-89.34957916820208,-65.7973190731907,-82.33315308418148,129.85149206331414,0.4194070236905911,0.18000529743593657,0.5888267803165886,0.17093479519688207,0.30660914236206327,0.07379600000000003,-0.16418299999999997,-0.109535,0.13122800000000007,23.552260095011377,0.07855700000000004,0.427691,0.885027,0.432452,0.465647,0.506248,0.301464,0.322917,0.596875
good_posture_20241013_222710_png.rf.be5c5027c9fc00b647b84a5ae59da915.jpg,train,Good,1,-0.14884048192771085,0.38290714003944776,-0.14271807228915664,-0.17802571992110452,-0.01422971887550206,-0.3424754240631164,-0.36077558232931733,-0.054240631163708086,-89.6928706204778,-69.00685687873761,-84.79250887223695,130.86489684159292,0.44437038427419984,0.13953700485892626,0.5770206293582578,0.1296666725299913,0.3559842127749488,0.04998999999999998,-0.13027500000000003,-0.08483800000000002,0.09806100000000001,20.686013741740197,0.052371999999999974,0.399123,0.699428,0.401505,0.255064,0.451495,0.124789,0.316667,0.353125
image_20241009_224730_jpg.rf.bb78f4848611573c3293c059c0303dd2.jpg,test,Good,1,-0.12847364238410602,0.42637377049180325,-0.18497674172185433,-0.1507544069431051,-0.17690511258278144,-0.3291804821600771,-0.3843261456953642,0.01108968177434907,-94.07715202831396,-88.11358717569173,-92.67200842811198,131.88514462388164,0.46875030632523323,0.14463138293606959,0.6127832366979371,0.17612048258507582,0.3687410630700085,0.004761000000000015,-0.14455300000000001,-0.117585,0.13111899999999999,5.963564852622227,-0.028566999999999954,0.38008,0.75832,0.346752,0.290756,0.351513,0.146203,0.229167,0.421875
bad_posture_20241013_220309_png.rf.c0ffe42a728a9081be9cb2b5630679d6.jpg,train,Bad,0,-0.1374845253576073,0.3264882875264271,-0.14937404421326403,-0.1661060465116279,0.001198231469440708,-0.3327184778012685,-0.4401820546163849,-0.04968287526427057,-91.1240276217404,-53.697618248653455,-80.29540278418168,153.78019188524425,0.3641280678731042,0.1527936951906066,0.49426800134036597,0.19475074551847033,0.33220930935330517,0.09046099999999996,-0.12313700000000002,-0.17471199999999998,0.08604400000000001,37.42640937308694,0.08331799999999995,0.444355,0.678014,0.437212,0.313956,0.527673,0.190819,0.2625,0.4
good_posture_20241021_141341_png.rf.c10194d8d89ee9d39e1d6ca6b1674537.jpg,train,Good,1,-0.19999032028469757,0.40979305644302433,-0.19456512455516023,-0.10593380191693305,-0.07528370106761567,-0.32730837060702883,-0.3837477580071175,-0.007987220447284496,-89.63926915500548,-72.12602471519875,-84.21800331593488,139.1388116496028,0.37834149849045107,0.17063487798512939,0.5434980936535103,0.10982857359539912,0.3169227462994728,0.05237200000000003,-0.16239899999999996,-0.083063,0.071853,17.513244439806726,0.054754000000000025,0.334848,0.843981,0.33723,0.465647,0.389602,0.303248,0.254167,0.5375
image_20241009_224730_jpg.rf.c4fa4b23cf4391163afd6b91e83be053.jpg,test,Good,1,-0.12847364238410602,0.42637377049180325,-0.18497674172185433,-0.1507544069431051,-0.17690511258278144,-0.3291804821600771,-0.3843261456953642,0.01108968177434907,-94.07715202831396,-88.11358717569173,-92.67200842811198,131.88514462388164,0.46875030632523323,0.14463138293606959,0.6127832366979371,0.17612048258507582,0.3687410630700085,0.004761000000000015,-0.14455300000000001,-0.117585,0.13111899999999999,5.963564852622227,-0.028566999999999954,0.38008,0.75832,0.346752,0.290756,0.351513,0.146203,0.229167,0.421875
image_20241007_222736_jpg.rf.c1b39a1a532b52aa9defa91af729071b.jpg,test,Bad,0,-0.016241082410824014,0.38045135371179045,-0.19406819188191876,-0.17552000000000004,0.027063222632226335,-0.3600565938864629,-0.44669894218942185,-0.008732925764192167,-105.84838593739319,-43.23571528214822,-87.0288162167973,143.35655424997887,0.413588443253677,0.1927864743440265,0.5306393224224907,0.1999837619633154,0.3902816349304692,0.14045299999999997,-0.13205899999999998,-0.16046,0.11935699999999999,62.61267065524497,0.027504999999999946,0.352575,0.795698,0.239627,0.397831,0.38008,0.265772,0.079167,0.517188
image_20241008_205202_jpg.rf.bd23a72ecfbb02f709b9070904d65adf.jpg,valid,Good,1,-0.0312938152610441,0.4379898181818182,-0.16590286479250335,-0.12039014141414142,-0.16998447121820615,-0.3488184242424242,-0.3286479250334671,0.03535353535353535,-100.30931786202166,-90.7724368374434,-97.5760856232488,128.25456700627703,0.43895857052004356,0.1766910567883955,0.6139059968187313,0.15339739337094355,0.3565006711802939,-0.0023819999999999952,-0.176675,-0.09497699999999998,0.12045800000000001,9.536881024578264,-0.08093900000000004,0.361034,0.808289,0.282477,0.376417,0.280095,0.199742,0.1875,0.496875
good_posture_20241021_142223_png.rf.bf1ec2e043c5851942d24a3c593bade4.jpg,train,Good,1,-0.1917659259259258,0.3953018818380743,-0.23878617283950615,-0.11453864332603952,-0.18236148148148143,-0.3419669146608316,-0.41872493827160484,0.0601743544857767,-93.74097009780986,-80.02400482233854,-89.48186026928705,126.1360708204797,0.3648353844955284,0.16489108414041068,0.5264775275897349,0.15447386954433426,0.26545620657276037,0.028565000000000007,-0.162398,-0.09109399999999995,0.12475600000000003,13.716965275471324,0.00476099999999996,0.391981,0.831489,0.368177,0.467431,0.396742,0.305033,0.277083,0.592187
good_posture_20241013_222732_png.rf.c3a61f68349b32f542dcb1dfc8506431.jpg,train,Good,1,-0.19353723076923074,0.37562931677018635,-0.21112,-0.1706126708074534,-0.06462399999999996,-0.3597863354037267,-0.40897353846153844,-0.03623122153209108,-90.99267615242455,-67.37064642001813,-84.60949511418448,128.39884414073825,0.41230387945422003,0.1546749251979777,0.5574744045442803,0.12940567197769967,0.32291287945357644,0.05951400000000001,-0.142767,-0.080378,0.101416,23.622029732406418,0.052371,0.372938,0.678014,0.365795,0.265772,0.425309,0.123005,0.285417,0.367188
image_20241008_200913_jpg.rf.c258486a82aa25849047baa06c626243.jpg,test,Bad,0,-0.0803280344332855,0.388478626609442,-0.2595702725968436,-0.1654358798283262,-0.006009067431850815,-0.3370025751072961,-0.44930593974175037,0.03218815450643775,-103.6040079929065,-42.13752957898568,-85.61907826185607,125.678449499725,0.41496091547277075,0.18619716235216904,0.5297889146084505,0.17714449896623943,0.32813055050695905,0.138072,-0.12492199999999998,-0.10331699999999999,0.143895,61.466478413920825,0.04046899999999998,0.330087,0.779736,0.232484,0.376417,0.370556,0.251495,0.129167,0.520312
bad_posture_20241013_222737_png.rf.c5dbb74662f0ea3c0185fc597adbbfe9.jpg,train,Bad,0,-0.1504901818181819,0.4280714418604651,-0.1504901818181819,-0.1669053023255814,0.07111695867768586,-0.32627274418604657,-0.4911838677685951,0.03953488372093022,-90.0,-45.63049618342179,-78.32324409941337,139.26045389510838,0.39975,0.1497877203278026,0.5175353960464928,0.21253053372398042,0.3067198090521706,0.104744,-0.10707500000000003,-0.16103099999999998,0.138702,44.36950381657821,0.104744,0.377698,0.679798,0.377698,0.280048,0.482442,0.172973,0.216667,0.41875
bad_posture_20241021_143735_png.rf.c6259c8e8a59d437d91a58e43af0dc98.jpg,train,Bad,0,-0.19994861150070123,0.42468550066755684,-0.06746771388499301,-0.15172293724966618,0.14194064516129032,-0.30421041388518016,-0.3784484712482469,-0.016688918558077435,-77.65863807848869,-37.414143388134924,-65.93893431561914,155.4801843912415,0.34526760510798,0.14686162551871745,0.46710399331733404,0.19039636375729446,0.2767512735815321,0.116647,-0.089229,-0.173226,0.07901599999999998,40.24449469035377,0.19044299999999997,0.351513,0.833273,0.425309,0.495984,0.541956,0.406755,0.252083,0.575
good_posture_20241013_222712_png.rf.bc6a8460e3e138921b384e37a3e39f9c.jpg,train,Good,1,-0.16979262745098042,0.3217553526970953,-0.1877126274509805,-0.19244614107883817,0.021399215686274405,-0.4033380912863071,-0.4058823529411765,-0.035270373443983406,-91.05626099479363,-62.31939291391124,-82.05859132674586,126.29163233516944,0.38732381564267376,0.17935501863064776,0.5513737453669697,0.14686207971426796,0.2848644304120821,0.083318,-0.15882800000000002,-0.08692699999999998,0.118373,28.736868080882395,0.07617799999999997,0.375317,0.642322,0.368177,0.255064,0.451495,0.096236,0.28125,0.373437
bad_posture_20241021_142448_png.rf.c818b0307f5a61935ad0f5608486c37c.jpg,train,Bad,0,-0.24516898817345595,0.39603680224403914,0.003082049934296973,-0.18064000000000002,0.23531879106438894,-0.33442131837307165,-0.3247913797634691,-0.1493688639551193,-65.32281043691239,-31.815803499567917,-54.92835064987692,174.8936221408591,0.3535116393812231,0.16248595048495731,0.49715423840997264,0.19570773189120555,0.30747388036709716,0.13807199999999997,-0.08566100000000004,-0.19493099999999997,0.017418999999999962,33.50700693734447,0.28566499999999995,0.401505,0.835058,0.549098,0.513831,0.68717,0.42817,0.354167,0.53125
bad_posture_20241021_142914_png.rf.c5028d66fa259939010103883e9ae1b0.jpg,train,Bad,0,-0.2732819972260749,0.31310975088967985,-0.19720987517337032,-0.17734586002372474,0.12821015256588073,-0.31282998813760376,-0.4667128987517337,0.04804346381969165,-82.44337668733185,-25.95608609363085,-61.25102651514352,135.64230502608387,0.32584080257236053,0.20386712400482818,0.4701988909057528,0.21231932374609713,0.20578251620825325,0.183303,-0.089229,-0.151806,0.14844000000000002,56.487290593701,0.226153,0.327706,0.826134,0.370556,0.503123,0.553859,0.413894,0.21875,0.651563
bad_posture_20241013_222754_png.rf.c9117d9014735cde9b3dc3e784877604.jpg,train,Bad,0,-0.19431625344352618,0.4449145005875442,-0.08099393939393935,-0.13756521739130428,0.19601322314049585,-0.27177720329024674,-0.42470214876033063,0.04289071680376035,-80.5762617236687,-29.59345378830231,-65.07906659388517,148.39087437024375,0.39255577207449144,0.18068512978383136,0.5254087420703999,0.22890682260256032,0.29751533350904796,0.15711499999999995,-0.08923,-0.19494700000000004,0.119975,50.98280793536638,0.22138999999999998,0.401505,0.704783,0.46578,0.317525,0.622895,0.228295,0.270833,0.4375
good_posture_20241021_141536_png.rf.c256605213a1a1e1e56d26c9b5c424f5.jpg,train,Good,1,-0.12183379721669992,0.3836455612770341,-0.15212373757455278,-0.07744444902162709,-0.018845964214711748,-0.31269421215242005,-0.3899925248508947,0.01081359423274986,-91.94902106702266,-73.64413470354864,-85.6188460741244,144.38765297537,0.3499824707167489,0.18598561922094944,0.5297870732303686,0.11497889340657266,0.3018214711845398,0.05237400000000003,-0.17845899999999998,-0.09347499999999997,0.06695200000000001,18.30488636347401,0.040471000000000035,0.365795,0.829703,0.353892,0.479923,0.406266,0.301464,0.260417,0.546875
image_20241007_192901_jpg.rf.c8b848728515bd0020dcbac01a4effc7.jpg,valid,Good,1,-0.14742624373956584,0.4190535347432024,-0.14233616026711177,-0.16064467270896274,0.005184373956594326,-0.3515747834843908,-0.42988313856427374,0.0377643504531722,-89.69652767495504,-65.01095964231928,-83.18780907365846,131.1608800447859,0.44972530825493906,0.1634177641047631,0.6020895762343009,0.20444848508365135,0.3239871632796584,0.06903499999999996,-0.14812,-0.13456300000000002,0.153922,24.685568032635757,0.07141699999999995,0.263431,0.795797,0.265813,0.346078,0.334848,0.197958,0.13125,0.5
bad_posture_20241012_173020_png.rf.c9cd7cebd6e0a385ea620ae714c69037.jpg,test,Bad,0,-0.41313287858117326,0.347625,0.0025737517053206235,-0.1622592857142858,0.13559945429740788,-0.3279707142857144,-0.3581173260572988,-0.10267785714285724,-56.29759822359913,-56.70636461815993,-56.39750404274466,168.58432449080365,0.42902483355861815,0.13877544338967177,0.5677976084081369,0.2107206742419927,0.31678252787835387,0.07617799999999997,-0.11599799999999999,-0.206552,0.041706999999999994,-0.4087663945608,0.31423499999999993,0.237245,0.80115,0.475302,0.444231,0.55148,0.328233,0.26875,0.485938
bad_posture_20241021_144407_png.rf.c10b78f5dfd573e3110a950ce185c8da.jpg,train,Bad,0,-0.12952418670438468,0.4221723001230013,-0.09935818953323898,-0.09481230012300128,-0.0217796888260254,-0.28306046740467405,-0.4302209900990099,0.004305043050430435,-87.09517977665196,-70.2835149476368,-82.43205213200886,160.99183596719183,0.3287884611722255,0.12701334571217307,0.4518690635936477,0.19328966481682355,0.31309459060322337,0.04285,-0.11956699999999998,-0.18275000000000002,0.06295499999999998,16.811664829015157,0.05951200000000001,0.401505,0.840411,0.418167,0.512045,0.461017,0.392478,0.235417,0.575
good_posture_20241012_174341_png.rf.c9e5a014001e295a89f1c5d072a78d73.jpg,train,Good,1,-0.16246777777777782,0.3475544223107569,-0.27356333333333327,-0.1234078087649403,-0.16776111111111114,-0.3509265338645418,-0.42245444444444447,-0.0019913944223107667,-97.70710895437881,-75.0620886138909,-90.24910551364502,125.12738205066935,0.3727784690268471,0.1847018649635135,0.5478761781324317,0.11644324667837122,0.29809315097968947,0.04761099999999996,-0.17845999999999998,-0.06700100000000003,0.09523600000000004,22.645020340487918,-0.0023819999999999952,0.325327,0.747613,0.275334,0.378202,0.322945,0.199742,0.208333,0.473438
bad_posture_20241021_143924_png.rf.cb7c62652f314e93470d977d93898dd3.jpg,train,Bad,0,-0.13009689440993796,0.3916738840937117,-0.07331577639751553,-0.16320059186189873,0.18691975155279505,-0.3096651048088778,-0.38509316770186336,-0.036374845869297026,-85.3543802057538,-35.327589117574526,-70.25502315440119,152.875358577078,0.35272380108095913,0.1604823390968614,0.47212211926259084,0.1762472340350339,0.3000232136118804,0.13093100000000002,-0.09279900000000002,-0.15686300000000003,0.08035599999999998,50.02679108817927,0.15949900000000006,0.365795,0.849334,0.394363,0.497769,0.525294,0.40497,0.2375,0.578125
bad_posture_20241021_143629_png.rf.c92b5b6218b7650b0fa9ba70e3de0099.jpg,train,Bad,0,-0.22607502332814924,0.36142255266418843,-0.02230220839813367,-0.1622354399008674,0.2004297356143081,-0.2924417348203221,-0.3517359875583203,-0.02416356877323406,-72.77379308854177,-36.26708892928006,-62.53796736606341,152.254874301922,0.34565504624697735,0.13877268039855684,0.4645928987672972,0.1869874638070692,0.2511620505271447,0.11188800000000004,-0.08209099999999997,-0.165489,0.08705000000000007,36.50670415926171,0.21425200000000005,0.311042,0.82435,0.413406,0.4942,0.525294,0.412109,0.247917,0.58125
bad_posture_20241021_141406_png.rf.cbb23cb216e4fa8f6f951c9f8b39675b.jpg,train,Bad,0,-0.09120944178628398,0.4114396444444444,-0.227281403508772,-0.1545550222222222,0.059448803827751105,-0.3017649777777778,-0.401116427432217,0.006666666666666604,-99.50805248674945,-36.38840093344159,-81.62817347054848,126.91281540091997,0.4035082365218831,0.17447276079090399,0.5068732180585199,0.1417784397748825,0.3225610591376461,0.140453,-0.10350700000000002,-0.085152,0.11335899999999993,63.11965155330786,0.073799,0.370556,0.843981,0.303902,0.446016,0.444355,0.342509,0.21875,0.559375
bad_posture_20241021_144538_png.rf.ca3aa8a4935d005c1e0461c8edc34bfd.jpg,train,Bad,0,-0.23178586102719037,0.3701504551045511,-0.16273933534743215,-0.14121348093480932,0.20088894259818718,-0.29574710947109467,-0.4436045921450152,-0.025215252152521492,-83.72576217400238,-27.560630352288275,-62.11756321187494,153.105522605123,0.32675318776715856,0.21213693573963022,0.478498338217595,0.16287654198502616,0.273974368620497,0.188064,-0.09815299999999999,-0.14525999999999997,0.07367699999999999,56.16513182171411,0.22377399999999997,0.332467,0.851119,0.368177,0.526323,0.556241,0.42817,0.222917,0.6
good_posture_20241021_141335_png.rf.ce1e579991c7bd2bf0e527d3cbd3d1bd.jpg,train,Good,1,-0.14919880597014926,0.37188432543769323,-0.20036298507462694,-0.09391176107106067,-0.0752955223880597,-0.29857861997940255,-0.40795940298507466,0.008753202883625272,-93.46982034598048,-71.35970907081511,-86.51805389448347,138.14301499499717,0.3539989450902361,0.1638541530294548,0.5095496361396011,0.11671524717019624,0.29601383869170705,0.05237200000000003,-0.15525899999999998,-0.08693099999999998,0.07788100000000003,22.110111275165366,0.030947000000000002,0.356273,0.820781,0.334848,0.467431,0.38722,0.312172,0.247917,0.545312
good_posture_20241012_174139_png.rf.ccb88f8ae777633e30ec6f350378d704.jpg,train,Good,1,-0.22868239095315024,0.4144366846071043,-0.24344684975767372,-0.1265128094725512,-0.15483941841680135,-0.362561894510226,-0.4170698546042004,-0.032830312163616815,-91.04186274769994,-75.95746141671967,-86.37667713134525,140.99954532660422,0.3926759184378385,0.17659746572360543,0.5650605072565238,0.10804088771386507,0.3371596098778737,0.04285,-0.17132,-0.08396299999999998,0.06799300000000003,15.08440133098027,0.035709999999999964,0.30152,0.751181,0.29438,0.35857,0.33723,0.18725,0.210417,0.426563
good_posture_20241013_225721_png.rf.c950a5e7f17e52f2023f72421f5453f3.jpg,valid,Good,1,-0.25869478424015013,0.3590676543209876,-0.2758415009380863,-0.13914995884773665,-0.07003287054409002,-0.36945646090534984,-0.3774225891181989,-0.04938271604938276,-91.0811698357883,-63.893986242871705,-81.91779491744042,121.8204368948387,0.37840136780408173,0.1947579326266327,0.558773085723534,0.08022434349996266,0.3140824455616709,0.0857,-0.17488900000000002,-0.04229900000000003,0.06816699999999998,27.187183592916597,0.07856000000000002,0.284856,0.660167,0.277716,0.281833,0.363416,0.106944,0.235417,0.35
bad_posture_20241021_143616_png.rf.cf3a1b2c340b95b554321163b185102f.jpg,train,Bad,0,-0.17944357024793386,0.32563883495145624,-0.038423537190082645,-0.17058485436893206,0.22851464462809906,-0.30642019417475735,-0.40743801652892564,-0.03883495145631071,-78.21397786075411,-34.72447174812385,-64.64375250982577,154.06767014094865,0.32632380368584823,0.15351000630577796,0.4502654100860958,0.19394510688594338,0.25819392144084263,0.12616999999999995,-0.08744400000000002,-0.17441700000000002,0.084814,43.489506112630266,0.19282399999999994,0.351513,0.806505,0.418167,0.487061,0.544337,0.399617,0.24375,0.571875
bad_posture_20241021_141406_png.rf.c77ce0bb6370f3e45b0dd4b8e6eec7ff.jpg,train,Bad,0,-0.09120944178628398,0.4114396444444444,-0.227281403508772,-0.1545550222222222,0.059448803827751105,-0.3017649777777778,-0.401116427432217,0.006666666666666604,-99.50805248674945,-36.38840093344159,-81.62817347054848,126.91281540091997,0.4035082365218831,0.17447276079090399,0.5068732180585199,0.1417784397748825,0.3225610591376461,0.140453,-0.10350700000000002,-0.085152,0.11335899999999993,63.11965155330786,0.073799,0.370556,0.843981,0.303902,0.446016,0.444355,0.342509,0.21875,0.559375
image_20241007_225038_jpg.rf.cf7c74c6b1d4cc8f34fd4eea18cab53a.jpg,train,Bad,0,-0.016843328631875893,0.3800042714126808,-0.11993839210155152,-0.1709737931034483,0.14652547249647385,-0.3208904115684093,-0.3805835825105783,-0.03503893214682979,-98.39440037166658,-35.503549483353474,-79.58392947239622,146.52357474047332,0.39116672353486315,0.18130415071089795,0.5005171220268094,0.17308569223942227,0.3543548835461422,0.147596,-0.10529299999999997,-0.144373,0.09547300000000003,62.8908508883131,0.09049099999999999,0.384811,0.788378,0.327706,0.401402,0.475302,0.296109,0.183333,0.496875
bad_posture_20241012_173040_png.rf.cd4113a3939a3d2f84fd7b7e6e7db8c4.jpg,train,Bad,0,-0.3151383311258279,0.34573651376146786,-0.18195560264900662,-0.19389944954128438,0.007731920529801299,-0.3458348623853211,-0.41258278145695365,-0.05734018348623847,-77.93806123095901,-42.771985049419186,-67.99028699622824,145.63253684386845,0.37592660637150965,0.15242036947862314,0.5081681217254778,0.16480296149341495,0.28054691006140126,0.11188599999999999,-0.10350599999999999,-0.13603400000000002,0.09303100000000003,35.16607618153982,0.19044300000000003,0.282477,0.788658,0.361034,0.421031,0.47292,0.317525,0.225,0.514062
bad_posture_20241021_142022_png.rf.c860daa9a0b79c7d7aab3f022268e4e8.jpg,train,Bad,0,-0.16918986899563324,0.4150384398699892,-0.23128756914119364,-0.1244794799566631,0.05701240174672492,-0.28781746478873244,-0.4126637554585153,0.07421451787648965,-94.89652768660112,-37.27767732040792,-76.5289612077234,124.19372185551187,0.39046802441429185,0.1944629250525663,0.5211633527733892,0.17321931714736666,0.2783476335178728,0.15473600000000004,-0.117782,-0.09734799999999999,0.143277,57.6188503661932,0.12140700000000004,0.368177,0.845766,0.334848,0.456723,0.489584,0.338941,0.2375,0.6
bad_posture_20241021_144638_png.rf.d0207b0fd4925756fc38c00fc7b1961d.jpg,train,Bad,0,-0.24902820717131474,0.4387417751479291,-0.05478948207171313,-0.1559829585798817,0.24466082337317402,-0.2843881656804734,-0.3831341301460823,-0.05621301775147925,-70.0083841611996,-21.054443722019776,-52.74788871982671,164.74176906276335,0.3342287348658102,0.18876291086174743,0.4797898754590389,0.20021673447042332,0.2730436999236569,0.176161,-0.06781399999999999,-0.19315899999999997,0.05269100000000004,48.953940439179824,0.290428,0.353892,0.833273,0.468159,0.519184,0.64432,0.45137,0.275,0.571875
image_20241007_195632_jpg.rf.cef0060d2914f6050906e604b054ea82.jpg,train,Bad,0,-0.08065971346704864,0.3925195423340961,-0.17670005730659014,-0.14326736842105264,-0.006443553008595956,-0.357583890160183,-0.41690544412607444,-0.017162471395881007,-98.14680918107356,-57.607234972930804,-85.48203857103815,146.6805631448564,0.3695716376401198,0.17330502847003598,0.5137764632999452,0.15675406662986452,0.33447384438398164,0.09284299999999995,-0.14633799999999997,-0.13098700000000002,0.08610600000000002,40.53957420814276,0.04047099999999998,0.339609,0.779736,0.287237,0.413894,0.38008,0.267556,0.15625,0.5
bad_posture_20241013_222736_png.rf.cea7cc18e9303b2f06e8e3a7201005a1.jpg,train,Bad,0,-0.061318282208588926,0.3885149668874172,-0.1267474846625767,-0.17877509933774835,0.08822969325153371,-0.33005103752759385,-0.4335371779141104,0.018764503311258254,-94.7447586102108,-44.35743717655803,-81.48195977316918,138.1799158582009,0.40291576267130574,0.15315411075449462,0.5142829134591194,0.20969152935204605,0.323174873090406,0.10950399999999999,-0.107075,-0.156271,0.13982099999999997,50.387321433652765,0.07617599999999997,0.406266,0.685152,0.372938,0.283617,0.482442,0.176542,0.216667,0.423438
bad_posture_20241021_143534_png.rf.d031547cd93c3b95ce4d2a700ee820ba.jpg,train,Bad,0,-0.24699068493150686,0.42495273670557726,-0.08524383561643835,-0.1942617898832685,0.17042082191780825,-0.3394363683527886,-0.43949698630136985,-0.014915693904020642,-78.80813461700299,-36.85724250894808,-67.52871425620043,146.24225067048422,0.380210570091101,0.1457846035560683,0.49825705992088065,0.19440591340800312,0.279130519408036,0.116647,-0.087445,-0.161628,0.10802800000000007,41.95089210805491,0.190444,0.291998,0.861827,0.365795,0.488847,0.482442,0.401402,0.204167,0.596875
bad_posture_20241021_142914_png.rf.cf95d953afb2dfc1055642d279d9fb3e.jpg,train,Bad,0,-0.2732819972260749,0.31310975088967985,-0.19720987517337032,-0.17734586002372474,0.12821015256588073,-0.31282998813760376,-0.4667128987517337,0.04804346381969165,-82.44337668733185,-25.95608609363085,-61.25102651514352,135.64230502608387,0.32584080257236053,0.20386712400482818,0.4701988909057528,0.21231932374609713,0.20578251620825325,0.183303,-0.089229,-0.151806,0.14844000000000002,56.487290593701,0.226153,0.327706,0.826134,0.370556,0.503123,0.553859,0.413894,0.21875,0.651563
bad_posture_20241021_143239_png.rf.cecce2ea79229b096efe3df9e9d15010.jpg,train,Bad,0,-0.20275523809523818,0.3852333980582523,-0.07125809523809537,-0.16088854368932037,0.21440857142857134,-0.2884085436893204,-0.3621038095238096,-0.08252427184466016,-78.89035006322003,-28.694734191013566,-63.20472791148194,161.71749284070205,0.35828008827173186,0.17097202375242568,0.48582323099044983,0.16081155880408599,0.3125241000706985,0.14997500000000002,-0.08209100000000003,-0.152694,0.05044700000000002,50.19561587220646,0.219011,0.341991,0.851119,0.411027,0.499553,0.561002,0.417462,0.258333,0.55
bad_posture_20241021_141940_png.rf.0cc1ca7337195ba5ff65c89742bba619.jpg,train,Bad,0,-0.19381091970802913,0.40451206715634835,-0.19825635036496347,-0.13240025183630635,-0.020323270072992623,-0.3121724239244491,-0.4163010802919708,0.016263756558237173,-90.34097744150843,-54.57082882548386,-80.12960270034726,136.51234615703717,0.399755078948348,0.1642619280295955,0.5416109115269003,0.16083301454925228,0.3126249645469792,0.09522200000000003,-0.13384600000000002,-0.11668800000000001,0.11068499999999998,35.77014861602457,0.09284300000000001,0.373234,0.85625,0.370855,0.456502,0.466077,0.322656,0.254167,0.567187
good_posture_20241013_222654_png.rf.01b75b5b10d5ac421515108d868dd143.jpg,train,Bad,0,-0.08261674418604643,0.36194428736964085,-0.2021981395348836,-0.19655397450753181,0.06796744186046516,-0.3183126767091541,-0.4757758139534883,0.060834298957126304,-99.68671304020796,-29.480231249203477,-79.99175651512921,130.27671019311975,0.3819963064284784,0.1668118768553366,0.4657291121295726,0.2274595735509939,0.29303940780209065,0.14521399999999995,-0.082092,-0.147048,0.17353599999999997,70.20648179100448,0.08093899999999998,0.413406,0.678014,0.349131,0.301464,0.494345,0.219372,0.202083,0.475
bad_posture_20241021_145323_png.rf.15d2fb6fd4594f860816f07d5efc5f43.jpg,train,Bad,0,-0.2326084378563284,0.39693104761904763,-0.13532551881413904,-0.15510247619047626,0.027974458380843826,-0.30466895238095243,-0.4072591106043329,-0.01904761904761915,-79.57481072862583,-41.25914916096067,-68.8050935665113,154.39553557989686,0.36835276257956856,0.1488371203866831,0.493829638868507,0.20660593961694323,0.29806138590062287,0.11188599999999999,-0.09815299999999999,-0.186317,0.08928599999999998,38.31566156766517,0.17854000000000003,0.38008,0.863611,0.446734,0.501339,0.55862,0.403186,0.260417,0.590625
bad_posture_20241012_172300_png.rf.387e7a4e13bcab82718a4c6ed9acdaa8.jpg,test,Bad,0,-0.30796529505582126,0.4071987739463601,-0.01151566188197765,-0.1966914942528736,0.13427980861244035,-0.339642809706258,-0.39367425837320563,-0.09897828863346105,-68.54040708589483,-50.761545430673536,-64.63077630492084,162.291528853757,0.39692769205108375,0.1129034578965587,0.5056157717180112,0.19650929426620004,0.31247135436708434,0.07141700000000006,-0.08744599999999997,-0.18719799999999998,0.05977300000000002,17.77886165522129,0.21663100000000002,0.375317,0.794013,0.520531,0.424602,0.591948,0.337156,0.333333,0.484375
bad_posture_20241021_144438_png.rf.010cd2106346a202376b80bd3ce760aa.jpg,train,Bad,0,-0.2447507692307692,0.38972101818181815,-0.08360615384615389,-0.0726708363636364,0.06777641025641024,-0.2664892121212121,-0.4444451282051282,0.03333333333333333,-75.23304682228547,-59.42707807688405,-70.18964521959282,158.7738457514529,0.30820586632963365,0.14509237914170406,0.44955274012400365,0.18871144271082238,0.2494808317486536,0.073799,-0.12492199999999998,-0.17590899999999998,0.06832300000000002,15.805968745401422,0.15235699999999996,0.318184,0.829703,0.396742,0.531677,0.470541,0.406755,0.220833,0.6
bad_posture_20241012_172208_png.rf.48229f7be52ada812710ba974db248e5.jpg,test,Bad,0,-0.21438099248120296,0.40510054309327037,-0.2052188872180451,-0.16664538370720186,0.005561503759398549,-0.30418720188902,-0.4619041203007519,0.024203069657615078,-89.27917448406717,-39.73081591571902,-76.31704950901488,136.55931422676787,0.37836494264796783,0.14239147181274586,0.4830584137451701,0.18366404569212777,0.28295692503453596,0.10950700000000002,-0.09101399999999998,-0.133356,0.12628799999999996,49.54835856834815,0.11426700000000001,0.351513,0.795797,0.356273,0.417462,0.46578,0.326448,0.222917,0.54375
good_posture_20241012_172138_png.rf.1d652aa910b07b18122b879cd348ef29.jpg,test,Bad,0,-0.15202076335877865,0.3773833492822967,-0.21250125190839697,-0.14450449760765552,-0.007806778625954216,-0.30298258373205744,-0.46844848854961835,-0.019137990430622007,-95.18807851780974,-44.658846364098096,-80.57075901155855,147.98773587545944,0.3422601594766765,0.1472590117853573,0.4504501767176921,0.1544611961917944,0.30543139748231524,0.104746,-0.10350599999999999,-0.130973,0.08188000000000001,50.529232153711646,0.073797,0.401505,0.776166,0.370556,0.435308,0.475302,0.331802,0.239583,0.517188
bad_posture_20241013_215755_png.rf.450ed4f1ca4e141e7a77f52ffc54b2ec.jpg,valid,Bad,0,-0.12741333333333332,0.282471863041289,-0.36979717171717175,-0.14769965760322257,-0.16973414141414145,-0.33863234642497486,-0.4781139393939394,-0.040785498489425955,-114.19939074082144,-50.113711250586654,-93.11072080483355,128.93982608375873,0.36587002006996966,0.1930384505869232,0.48255202401088315,0.10663578107277126,0.33162685015691956,0.12378899999999998,-0.148122,-0.067021,0.08294200000000002,64.08567949023478,-0.026186000000000043,0.308663,0.685152,0.158688,0.351433,0.282477,0.203311,0.091667,0.434375
image_20241010_170628_jpg.rf.2a8e3cdd0428bc0925a3098a95fcc635.jpg,valid,Bad,0,0.014555230998509664,0.4170876113360324,-0.2442928166915052,-0.14242267206477732,-0.07626754098360651,-0.3158263967611336,-0.5049683457526081,0.08704453441295548,-107.44257595956223,-56.65169849613518,-94.81069373184164,127.65077838143431,0.4526875463639352,0.16022855688047621,0.5677179430359762,0.22370737627758275,0.37292068304131376,0.08808200000000002,-0.133846,-0.136651,0.17712,50.79087746342705,-0.04761099999999996,0.368177,0.754752,0.232484,0.32288,0.320566,0.189034,0.095833,0.5
bad_posture_20241021_143257_png.rf.447218d738f6546dd3846920e8ea8f08.jpg,train,Bad,0,-0.21659069767441852,0.36450039215686286,-0.08815162790697668,-0.17857568627450965,0.20859069767441857,-0.3045458823529411,-0.39825581395348836,-0.04411764705882346,-78.72288361262132,-26.724754153878795,-61.816843524262985,152.78515447766097,0.35302694772070864,0.17857487123612883,0.4838853144227462,0.1874298798217616,0.27819358378833975,0.15949899999999995,-0.08030600000000004,-0.16668100000000002,0.08571699999999993,51.998129458742525,0.22853499999999993,0.335145,0.851119,0.404181,0.504908,0.56368,0.424602,0.2375,0.590625
good_posture_20241013_225725_png.rf.38030f14b5f0ebc56a35aab0c1ac2905.jpg,valid,Good,1,-0.05597666666666674,0.4081144827586208,-0.06655666666666664,-0.1408013793103448,0.028665555555555573,-0.3401848275862069,-0.2233788888888889,0.053878620689655154,-90.68541926770459,-73.48854029292252,-85.98397134466303,116.56456404539105,0.39799247783972,0.15077032967066167,0.5438524314646391,0.1578020004594365,0.26764115080084383,0.04285,-0.14455300000000001,-0.07057000000000002,0.14114299999999996,17.196878974782067,0.03808900000000004,0.291998,0.658383,0.287237,0.260419,0.330087,0.115866,0.216667,0.401562
image_20241010_174356_jpg.rf.60ecdeac21e5b834c066cc886fe9b376.jpg,valid,Good,1,-0.1144993103448277,0.40350468246445503,-0.1144993103448277,-0.18542756398104263,-0.13066228116710887,-0.3521478672985782,-0.333774854111406,-0.02227548815165873,-90.0,-93.96351665141316,-90.87580360626815,133.84702484768815,0.48540900000000003,0.13774344571339864,0.6228957687847944,0.18645938329298423,0.3739521225838945,-0.009521000000000002,-0.137414,-0.12916700000000003,0.134473,-3.9635166514131583,-0.009521000000000002,0.489584,0.786873,0.489584,0.301464,0.480063,0.16405,0.360417,0.435937
good_posture_20241021_142311_png.rf.3c7fc28eb44e459ce853a84161985351.jpg,train,Good,1,-0.22536514619883036,0.41454812227074245,-0.21942175438596487,-0.10165938864628819,-0.17190705653021443,-0.34355283842794754,-0.35835040935672513,0.058952663755458524,-89.63055605993192,-83.72222731514945,-87.73845472007571,115.84717597365547,0.36941867961027636,0.174149294784676,0.5429388924004248,0.12771454985239541,0.25999458558400795,0.019042999999999977,-0.17310499999999995,-0.05568000000000001,0.11493799999999998,5.908328744782466,0.021424999999999972,0.349131,0.840411,0.351513,0.471,0.370556,0.297895,0.295833,0.585938
image_20241007_231315_jpg.rf.89555976eb263ab74acd7d306b62ded6.jpg,test,Bad,0,-0.01662166666666659,0.3808663168940189,-0.15123499999999995,-0.2015820356768101,0.07492000000000008,-0.33101783840503674,-0.475695,0.016263756558237173,-100.55051629169306,-35.38232241556449,-84.08366131889481,140.20085615787443,0.44110844429119694,0.1664318912047808,0.5328582888770709,0.2533876757559452,0.38672838388202124,0.135693,-0.09636899999999998,-0.19467600000000002,0.16219300000000003,65.16819387612857,0.054925,0.377527,0.801145,0.296759,0.367494,0.432452,0.271125,0.102083,0.529687
good_posture_20241012_172046_png.rf.7ddc8484e31bf697521f85b1bc4d55f1.jpg,test,Bad,0,-0.16148577840112205,0.3461889670828605,-0.12729918653576433,-0.18015400681044264,0.09065985974754566,-0.31238774120317814,-0.3784484712482469,-0.05505107832009074,-86.99098948548571,-36.85675713972883,-72.78413595204323,148.38806493872363,0.36277215691532894,0.15173640399060473,0.47454740859581146,0.16427322861622953,0.30145246819523636,0.12141000000000002,-0.09101399999999998,-0.13989800000000002,0.08610600000000002,50.134232345756885,0.14045300000000005,0.372938,0.776166,0.391981,0.413894,0.513391,0.32288,0.252083,0.5
bad_posture_20241021_145040_png.rf.71b6d30627c45e7acfa0d71c480e6220.jpg,train,Bad,0,-0.16407148488830484,0.33724440449438203,-0.12002670170827856,-0.13244512359550561,0.1202213929040736,-0.2761747415730337,-0.4229090144546649,-0.02584269662921345,-85.41570303270211,-34.979230415341114,-68.38251562529953,157.62685868857605,0.32762914424238876,0.1743251020191871,0.4587872085891236,0.19473149774240425,0.29566324670137817,0.142835,-0.099937,-0.18007299999999998,0.07412200000000002,50.436472617361,0.16902099999999998,0.38722,0.849334,0.413406,0.522753,0.556241,0.422816,0.233333,0.596875
bad_posture_20241021_143050_png.rf.858b889323198ba4bcb818e3f6ff0574.jpg,train,Bad,0,-0.15905777777777777,0.37222100719424445,-0.09618133333333333,-0.12352729016786573,0.16983720634920638,-0.2933436930455636,-0.44391466666666674,-0.0395691127098322,-84.52731674614837,-40.20018545984339,-69.53011084138058,162.2747655714433,0.32449009681344665,0.17142188914196463,0.4628853859574743,0.17967985450795534,0.30273012314270936,0.13093100000000002,-0.11064600000000002,-0.17115000000000002,0.054703999999999975,44.32713128630498,0.16187800000000002,0.34437,0.851119,0.375317,0.528108,0.506248,0.417462,0.204167,0.582812
good_posture_20241021_141323_png.rf.7304f802a86cff7d35edde55c845c300.jpg,train,Good,1,-0.23098118577075105,0.3889776458112408,-0.23098118577075105,-0.0930706256627784,-0.03827794466403176,-0.3256179851537646,-0.47496790513834,0.02386002120890774,-90.0,-66.02776837559662,-81.76646779972273,138.23043477439865,0.35513400000000006,0.18749484091035676,0.5319389134289764,0.1293203635395447,0.28575842511114175,0.07617799999999997,-0.17132199999999997,-0.09645100000000001,0.08614500000000003,23.972231624403378,0.07617799999999997,0.361034,0.831489,0.361034,0.476355,0.437212,0.305033,0.264583,0.5625
bad_posture_20241012_172818_png.rf.518b6ff6909df2778da2aa8c2210ddb8.jpg,test,Bad,0,-0.28401765205091933,0.3890304950495049,-0.04266251768033941,-0.1650796039603961,0.172833719943423,-0.3375326732673268,-0.36327264497878353,-0.09158415841584165,-69.13685759286189,-42.44551002557379,-61.18102086417733,165.31934643769407,0.3743250863153577,0.16130214538250878,0.5234771937439109,0.18306340105275,0.30652996055850723,0.11902800000000002,-0.10886099999999999,-0.177087,0.04639399999999999,26.691347567288098,0.25233900000000004,0.339609,0.794013,0.47292,0.444231,0.591948,0.33537,0.295833,0.490625
good_posture_20241021_180406_png.rf.494909663881dee3c1624c12f28e234b.jpg,train,Bad,0,-0.12300956772334296,0.4457607142857144,-0.0966662824207493,-0.1125621428571428,0.1096940634005764,-0.2986692857142857,-0.4145046685878962,0.03794642857142864,-87.90701851396781,-49.342540171475434,-76.38946781176213,148.55967668521834,0.39108690385258366,0.17172667999178234,0.5361575036889814,0.2019822425858273,0.3262994681653649,0.11188600000000004,-0.13027500000000003,-0.17232799999999998,0.105356,38.56447834249238,0.12616900000000003,0.437212,0.888595,0.451495,0.497769,0.563381,0.367494,0.279167,0.603125
image_20241007_231554_jpg.rf.1544e56815fe48dcf75556066ea3c1e8.jpg,valid,Bad,0,-0.15943983014861998,0.42039148577449953,-0.3147043736730361,-0.16692484720758688,-0.15943983014861998,-0.3594872918861959,-0.4660297239915075,0.01633365648050586,-104.70362603561317,-51.327615882917584,-90.0,129.34000542035838,0.4501827227082355,0.18286308133136114,0.578207,0.1756780325396434,0.37503617452453836,0.114265,-0.14276699999999998,-0.111366,0.13586900000000002,53.376010152695585,0.0,0.275631,0.826134,0.161366,0.390694,0.275631,0.247927,0.05,0.526563
image_20241007_220021_jpg.rf.23403cfe04b08ffa7fbebea64866d9f8.jpg,test,Good,1,-0.19088423841059604,0.3377822857142857,-0.2151025165562914,-0.19453771428571429,-0.19895925827814573,-0.396452,-0.3993377483443709,-0.05535714285714288,-91.75665279963331,-86.91499597632617,-90.42476873575177,131.74332608382701,0.465999001742493,0.17693141074721583,0.6424726556002208,0.1632184670587247,0.36531064593575696,0.009521999999999975,-0.176675,-0.10867000000000002,0.12178299999999997,4.841656823307147,-0.004763000000000017,0.272955,0.818997,0.25867,0.353217,0.268192,0.176542,0.15,0.475
good_posture_20241021_141612_png.rf.8e59f42a0a7416c410ff1a2a0b7058a6.jpg,train,Good,1,-0.26818452554744526,0.36859946666666676,-0.2815264233576643,-0.09528566153846145,-0.2014563503649636,-0.3342557538461538,-0.41338137226277377,0.06820512820512827,-91.15759502215452,-76.75355029035451,-86.1839931401887,119.53659982455828,0.35342213017862933,0.18700351676907045,0.5365676164138123,0.14313578911299574,0.241649577001492,0.04285,-0.18202800000000002,-0.07056299999999999,0.12453399999999998,14.404044731800013,0.035709999999999964,0.34437,0.822566,0.33723,0.469216,0.38008,0.287188,0.266667,0.59375
bad_posture_20241013_221249_png.rf.6b10d66913e6989b0f94edcf4b4c4102.jpg,train,Bad,0,-0.22036648044692736,0.35632758293838857,-0.05864849162011167,-0.17685308056872037,0.17541810055865933,-0.2851116587677725,-0.41620111731843573,-0.02132701421800953,-75.57031300325269,-28.599022213776898,-62.37026071005176,152.85421509039736,0.3630176922368936,0.14912564987285054,0.4773890177465335,0.22476410419815707,0.27204609036154154,0.13093100000000002,-0.071383,-0.20000600000000002,0.10254999999999997,46.971290789475795,0.22139200000000003,0.365795,0.645891,0.456256,0.294325,0.587187,0.222942,0.25625,0.396875
good_posture_20241021_142010_png.rf.8f12abe2470a4c3f37a02c14c0ccf11b.jpg,train,Good,1,-0.19747118644067804,0.42593875395987324,-0.2039227118644069,-0.09990470960929253,-0.11354711864406788,-0.3145824709609293,-0.4025423728813561,0.059661414994720136,-90.35036052792812,-78.14985387922445,-86.7670245442265,121.81556912186707,0.3890492737494828,0.16228664720179542,0.54874334046893,0.1389280065249624,0.28134121728605643,0.03332600000000002,-0.15882800000000002,-0.073241,0.11805399999999999,12.200506648703666,0.030947000000000002,0.34437,0.84755,0.341991,0.458508,0.375317,0.29968,0.26875,0.576562
bad_posture_20241013_220400_png.rf.3095fdf360fe071832dfce60f022ec9c.jpg,train,Bad,0,-0.08049423242467715,0.31869939267015707,-0.21601629842180767,-0.193173277486911,-0.03240516499282639,-0.35343061780104706,-0.4636531420373027,0.023560879581151852,-100.93654991670523,-50.09761124202342,-87.01082848179983,129.82494314657342,0.38896950862631896,0.15586105290610608,0.5021552283706703,0.21055077138780567,0.3033479265876066,0.09998199999999996,-0.119567,-0.13484600000000002,0.16170400000000001,50.83893867468181,0.026185999999999987,0.425309,0.678014,0.351513,0.296109,0.451495,0.176542,0.216667,0.457813
bad_posture_20241013_215654_png.rf.6e717746e4f46e40b16f82e187327edd.jpg,valid,Bad,0,-0.061924597701149366,0.3715332484076433,-0.2939632183908045,-0.1255769002123143,-0.08819586206896544,-0.31472203821656053,-0.42049747126436776,0.0668796602972399,-109.02820751108798,-51.208218270287794,-91.62016954598744,115.90924798763965,0.3869877132481082,0.17859126125597521,0.5052429840245187,0.15746304107631104,0.29712487460998616,0.11188599999999999,-0.139199,-0.06880300000000002,0.14163600000000004,57.81998924080019,-0.014284999999999992,0.299141,0.697644,0.17297,0.331802,0.284856,0.192603,0.104167,0.473438
bad_posture_20241013_221510_png.rf.94892aac33e34758cf7e8b9312a66b98.jpg,train,Bad,0,-0.10302645624103295,0.39085616252821676,-0.1948356958393113,-0.12736180586907442,0.041238909612625566,-0.27947376975169297,-0.43974175035868,0.05079079006772019,-97.93427124292974,-39.31949026149406,-80.39060167859627,137.2409178281831,0.3621710364800035,0.1661658406532462,0.47059710399130167,0.18163483175316347,0.2983721455246786,0.12855,-0.10529000000000002,-0.133359,0.12331500000000001,58.61478098143568,0.07855699999999999,0.389602,0.661952,0.339609,0.303248,0.468159,0.197958,0.20625,0.426563
bad_posture_20241021_143900_png.rf.4bf5b029065b09fb7af0c88c91e7951f.jpg,train,Bad,0,-0.18017751824817518,0.37082505660377363,-0.10900764963503652,-0.18085011320754724,0.166790306569343,-0.30727869182389944,-0.4143558540145985,-0.03207547169811317,-83.6572204724577,-28.014024281809128,-66.20846678577885,150.5131131187955,0.3447523165012819,0.1671834399723848,0.4602810062125093,0.1877253730586252,0.27986632667221684,0.14759499999999998,-0.07852399999999998,-0.16340899999999997,0.09240300000000007,55.64319619064857,0.18568199999999996,0.358655,0.831489,0.396742,0.488847,0.544337,0.410323,0.233333,0.58125
bad_posture_20241021_142524_png.rf.1f868d88e5bbf819cbc94844a28a4b7d.jpg,train,Bad,0,-0.20296582210242584,0.38108936170212765,0.04343072776280325,-0.1891715177304966,0.3062568194070082,-0.3025758865248228,-0.2897574123989217,-0.12269503546099299,-65.54617787768218,-22.291900299582565,-51.90592876118813,169.2659560619733,0.34504081759988925,0.1646633898897992,0.47846320506387957,0.1965847807461198,0.2819994201572053,0.15235700000000008,-0.06246099999999999,-0.19314499999999996,0.036614000000000035,43.25427757809962,0.29519000000000006,0.406562,0.82435,0.549395,0.510261,0.701752,0.4478,0.35625,0.546875
good_posture_20241013_222734_png.rf.c882b3e33ab8c95e4a8d58d07af8a314.jpg,train,Bad,0,-0.1590991155492153,0.358244192139738,-0.28950390870185444,-0.15546899563318772,-0.041735349500713205,-0.3599587772925764,-0.4895381455064193,0.006550218340611447,-100.99365396536791,-47.16176081157122,-82.87174566114501,133.37553681358528,0.3744986832620376,0.1995673548153605,0.5179674400201232,0.1595131515737809,0.3099877108047994,0.13569199999999998,-0.146338,-0.10955000000000001,0.11594500000000002,53.83189315379669,0.06427499999999997,0.403884,0.667306,0.332467,0.29968,0.468159,0.153342,0.222917,0.415625
good_posture_20241021_142348_png.rf.99f90638448057ed522ec0303ce0d466.jpg,train,Good,1,-0.2174072289156626,0.3630383556012332,-0.23117108433734943,-0.11119046248715321,-0.08432578313253013,-0.31778483042137723,-0.4056231325301205,0.013874614594038997,-91.13467960976261,-64.12376164182234,-82.40190483903771,133.58862443846778,0.36055870221643516,0.1745439798789978,0.5221162134237931,0.13125479713138108,0.2828077603779641,0.07617600000000002,-0.15704399999999996,-0.090497,0.09506900000000001,27.010917967940273,0.06903599999999999,0.38722,0.827919,0.38008,0.467431,0.456256,0.310387,0.289583,0.5625
image_20241009_140300_jpg.rf.cc7c0564c0e46216616797e358c20f17.jpg,valid,Bad,0,-0.1447031932773109,0.3512739273927392,-0.22151825210084033,-0.18901421342134214,-0.021790924369747892,-0.34984360836083606,-0.498880268907563,0.04565526952695262,-95.31676637587266,-50.89311235090288,-83.45386934385255,127.72725949115025,0.3853469067865993,0.14718856871374217,0.5011704357142388,0.21070318935412438,0.27241586065792867,0.09284200000000001,-0.11421399999999998,-0.12893,0.16665199999999997,44.42365402496978,0.05713499999999999,0.17297,0.740475,0.137263,0.356786,0.230105,0.242572,0.008333,0.523438
image_20241007_225532_jpg.rf.a3689cb0f2aee673f9d0c13103bf39b2.jpg,test,Bad,0,-0.17202143187066976,0.43808417972831765,-0.18961478060046189,-0.13955026123301992,-0.08053838337182447,-0.3114086520376176,-0.4584295612009239,0.0036572622779518734,-91.5787526277134,-60.129700078701525,-83.69703530215016,149.51394555190987,0.4320360005751836,0.14817534980555974,0.5637708390871241,0.2110466341830639,0.3782119970770362,0.073797,-0.12849099999999997,-0.18187,0.10707,31.449052549011874,0.061894000000000005,0.356273,0.815427,0.34437,0.383555,0.418167,0.255064,0.1625,0.490625
good_posture_20241012_172340_png.rf.c583c2f7309d94e907e8b5ea22f12105.jpg,test,Good,1,-0.24459532625189687,0.37978355879292414,-0.2584636115326252,-0.1526591467221644,-0.18910858877086498,-0.3689658272632675,-0.45043059180576633,-0.0005202913631633419,-91.02326558388616,-77.59957456830391,-87.09086455544694,130.86844224914378,0.39981175958693366,0.16627815566092857,0.5628723861569335,0.15104587256194724,0.3045567309287385,0.03570699999999999,-0.162399,-0.098833,0.11422300000000002,13.42369101558225,0.02856700000000001,0.370556,0.80115,0.363416,0.401402,0.399123,0.239003,0.264583,0.515625
good_posture_20241013_222745_png.rf.bd4339b7b02b56c60da1834998296a75.jpg,train,Good,1,-0.11415247208931414,0.4137472476089267,-0.20649212121212115,-0.17370882040382568,-0.01695617224880375,-0.3484893517534537,-0.44896331738436995,0.014346439957492046,-95.97905977631454,-54.14947103019243,-85.14355265091092,130.6664535175072,0.4342342204479053,0.15852368822986676,0.5623819868114553,0.18226378693805306,0.3363205597476907,0.09284300000000001,-0.128491,-0.11877300000000002,0.13824999999999998,41.82958874612211,0.047611000000000014,0.401505,0.702997,0.356273,0.271125,0.449116,0.142634,0.2375,0.409375
bad_posture_20241012_172401_png.rf.a6e630dcf18c66ac1a45aa702144c62a.jpg,valid,Bad,0,-0.13026465573770488,0.46097634506242907,-0.25015449180327864,-0.09648181611804768,-0.05533849180327866,-0.3194662429057889,-0.469399606557377,0.02894365493757097,-98.46968063362456,-58.82906261833555,-86.19696214531925,140.43540075812942,0.3879186635997293,0.17937257187206743,0.5383494708319123,0.13553386971528558,0.33844300962052676,0.09284199999999998,-0.153476,-0.10448400000000002,0.08632800000000002,39.640618015289014,0.03570699999999999,0.432452,0.795797,0.375317,0.412109,0.468159,0.258633,0.270833,0.498437
bad_posture_20241013_220652_png.rf.b08260eef00a04a4d105a5f8f3fede45.jpg,train,Bad,0,-0.11864052980132452,0.3590802085505735,-0.1590020662251656,-0.13636521376433786,-0.005637721854304669,-0.30310156412930134,-0.41788079470198675,0.010948237747653756,-93.66968199074827,-54.09020429495735,-82.34808426551461,144.14062508111755,0.37195965649247503,0.15423585382458907,0.5005764855414205,0.18840970278624183,0.3149360870938737,0.09046100000000001,-0.124922,-0.15269799999999997,0.11036999999999997,39.57947769579092,0.06665399999999999,0.401505,0.678014,0.377698,0.306817,0.468159,0.181895,0.225,0.417187
bad_posture_20241021_141928_png.rf.af0d07ebed3fe6a325e0f1ef209f63b4.jpg,valid,Bad,0,-0.20798527301092037,0.4166674074074073,-0.20322870514820587,-0.14382592592592602,0.13427993759750398,-0.2707311111111112,-0.421996879875195,0.04166592592592592,-89.63926820155625,-26.876613861825096,-69.72570311605318,131.18563359089424,0.3783404985102705,0.18948586027722492,0.49463965877798355,0.16637034253135388,0.2748796533121358,0.169018,-0.08566099999999999,-0.10955500000000001,0.12520700000000007,62.76265433973116,0.1714,0.313423,0.854688,0.315805,0.476355,0.484823,0.390694,0.20625,0.601562
bad_posture_20241021_141412_png.rf.d6e50f481e495a7558b2b4b2275f52e7.jpg,valid,Bad,0,-0.2012527407407408,0.3885731555555555,-0.19674145185185185,-0.14188728888888893,0.15085724444444437,-0.2941731555555556,-0.3864203851851852,0.011111111111111112,-89.63455195712478,-30.291096173214587,-68.85380591844692,132.91693859941654,0.37298758697978135,0.212286660419349,0.514715396724248,0.14689455948060162,0.28279619696523495,0.18330399999999997,-0.107076,-0.100026,0.10757700000000003,59.3434557839102,0.185683,0.33723,0.852903,0.339609,0.479923,0.522913,0.372847,0.239583,0.5875
bad_posture_20241021_180449_png.rf.f5b1011174080e0d888acebc1b29a6d5.jpg,train,Bad,0,-0.13593876063183472,0.40161262702702705,-0.09891674362089904,-0.09969487567567559,0.11212461725394901,-0.2898461405405405,-0.36553312272174965,0.021080389189189277,-86.24065003470686,-45.36104798254651,-72.29723855537063,153.01775682784915,0.3630542066207193,0.1931196459322562,0.5245249193107988,0.1923655304803852,0.31211208710974325,0.13569299999999995,-0.13741400000000004,-0.17142600000000002,0.087279,40.87960205216035,0.159497,0.487205,0.867181,0.511009,0.504908,0.646702,0.367494,0.339583,0.592187
good_posture_20241013_225739_png.rf.e4c5481075e5e649548b013cf633be49.jpg,valid,Good,1,-0.30528407272727276,0.41940038176033934,-0.3108206545454545,-0.17165420996818664,-0.12245352727272725,-0.3702890349946978,-0.45151592727272727,0.01325488865323434,-90.31302817896947,-61.05318286891837,-82.30963377748,113.93091071070948,0.43544749869760413,0.16723017659800515,0.5870591779718634,0.14903801562353144,0.30574127588698263,0.08093899999999998,-0.14633799999999997,-0.060455000000000036,0.13622599999999999,29.259845310051105,0.07856000000000002,0.271167,0.685152,0.268788,0.249711,0.349727,0.103373,0.208333,0.385937
bad_posture_20241021_142424_png.rf.eaafe3abc338f75e9f65caca5da9b359.jpg,train,Bad,0,-0.24203833333333324,0.40315727748691094,-0.03572333333333326,-0.17688544502617803,0.17852666666666683,-0.2905005235602094,-0.38194499999999987,-0.06544502617801047,-70.32541040039341,-27.812998005224852,-58.638747546360335,162.2449609111061,0.3676780628348664,0.14534043173184816,0.4848642363074431,0.2181223912050296,0.292022271316761,0.12855000000000005,-0.06781399999999999,-0.20773299999999995,0.06651600000000002,42.51241239516855,0.25233900000000004,0.411027,0.842197,0.534816,0.495984,0.663366,0.42817,0.327083,0.5625
good_posture_20241013_222743_png.rf.f5da25a3abd019a0ff4cbbbd784f5649.jpg,train,Good,1,-0.213499,0.3977562790697675,-0.213499,-0.1696909936575053,-0.084951,-0.35079069767441856,-0.451041,0.041226215644820284,-90.0,-64.34894713801344,-83.37302961051479,127.30500032099391,0.41937900000000006,0.14847681102448287,0.5569441936181757,0.19597305070340668,0.2890289716360629,0.064274,-0.133844,-0.11877100000000002,0.155881,25.651052861986557,0.064274,0.372938,0.688498,0.372938,0.269119,0.437212,0.135275,0.254167,0.425
bad_posture_20241021_144502_png.rf.f41ef58c38e6ef2d09c8323e98a115ff.jpg,train,Bad,0,-0.09464506329113916,0.4312047174447173,-0.1289314205344585,-0.09636914004914021,0.012498677918424819,-0.2759685503685505,-0.43811533052039375,0.0012285012285011586,-93.24892795375949,-55.4785770835914,-82.46136872991404,160.13060425807183,0.3360441132366404,0.13862363216998752,0.4536389696101956,0.18261298672328866,0.3334186845589191,0.07856000000000002,-0.11421399999999998,-0.17174199999999998,0.062066000000000066,37.770350870168095,0.059514999999999985,0.415787,0.854688,0.396742,0.519184,0.475302,0.40497,0.225,0.58125
image_20241007_191607_jpg.rf.95551df22ad262109e71cdb282c80c1b.jpg,valid,Good,1,-0.09377943925233645,0.4270481883316275,-0.07953794392523363,-0.17383254861821898,0.05810193146417438,-0.37256663254861816,-0.4231561370716511,-0.008700757420675425,-89.10773204354781,-65.52944253754505,-82.88546340405563,143.82083214472598,0.4586966201423333,0.16666039519033907,0.6150666770724943,0.21351751562810958,0.37136791192831936,0.06903499999999996,-0.15169,-0.17234600000000003,0.12604200000000004,23.57828950600276,0.07617799999999997,0.34437,0.840411,0.351513,0.38177,0.420548,0.23008,0.179167,0.507812
bad_posture_20241012_173404_png.rf.e3b50a195c4c628563bc2f6b8d60a82b.jpg,train,Bad,0,-0.1946338080495356,0.3878915319662242,-0.14274823529411756,-0.18249283474065145,0.05064470588235304,-0.35332882991556097,-0.4618169659442724,-0.019903498190591142,-85.94534605569189,-48.58308316393448,-75.54049575408148,146.81820986670382,0.3703399400078258,0.14754056749924746,0.4957594977980755,0.1924036696739436,0.29654261861830244,0.097603,-0.11064299999999999,-0.16103,0.105302,37.3622628917574,0.12378900000000004,0.368177,0.779736,0.394363,0.410323,0.491966,0.29968,0.233333,0.515625
image_20241007_191516_jpg.rf.f830cfbb09055b26c628088163fee7a7.jpg,test,Good,1,-0.13480390879478832,0.4394184873949579,-0.1496927687296417,-0.14365109243697485,-0.02562449511400661,-0.3500040336134454,-0.4066225407166124,0.031512605042016806,-90.9435303080524,-68.80487721666809,-84.90273253088456,133.41119323796372,0.4337168075230657,0.16461012065179947,0.5894641516436772,0.17933748576357375,0.33021274194676375,0.059513999999999956,-0.15347499999999997,-0.12324600000000002,0.13027800000000006,22.138653091384313,0.052371999999999974,0.315805,0.806505,0.308663,0.372847,0.368177,0.219372,0.185417,0.503125
image_20241010_175016_jpg.rf.cc04d2a7d11f55af49754df630c26227.jpg,valid,Good,1,-0.1582861496598639,0.43302558415841585,-0.1707204353741496,-0.15274677227722774,-0.04220321088435367,-0.3201086732673268,-0.3739234829931973,0.03267326732673265,-90.88500561548308,-60.80273760797564,-83.60010100160162,128.57292785332623,0.46226614425133933,0.15127979604031733,0.5979966459345739,0.18713886115128522,0.3393034640819336,0.073797,-0.132059,-0.11668300000000004,0.146308,30.082268007507444,0.06665700000000002,0.413406,0.769028,0.406266,0.306817,0.480063,0.174758,0.289583,0.453125
image_20241007_192301_jpg.rf.fa66c9b3bc5dce6eddbcd80cff3b46ab.jpg,test,Bad,0,0.14617636070853463,0.40771166839378226,-0.2856206119162641,-0.11542632124352341,-0.05500212560386477,-0.3379354196891192,-0.4967793880837359,0.04507772020725383,-117.97557607017123,-56.29763834181449,-99.84979229381503,130.25184961952485,0.4465810505720098,0.20164045972224917,0.5705582525150259,0.15854711618317127,0.41478428854044125,0.111886,-0.16775099999999998,-0.102445,0.12100500000000003,61.67793772835674,-0.09760300000000002,0.318184,0.929642,0.108695,0.535245,0.220581,0.367494,0.00625,0.65625
good_posture_20241021_143309_png.rf.fa2a4fada518ad47cf4a1988645aca7d.jpg,train,Good,1,-0.167196,0.3821117241379311,-0.22433199999999998,-0.07326758620689651,-0.18624000000000007,-0.2997268965517241,-0.40833400000000003,0.07758620689655175,-94.94550609674384,-83.38299627048391,-91.10351312161916,130.07048452851913,0.33138369471656265,0.1652840210213921,0.494424699396177,0.1429187257219991,0.25155741635260925,0.019045999999999952,-0.16418299999999997,-0.09200100000000003,0.109369,11.562509826259927,-0.00952200000000003,0.303902,0.820781,0.275334,0.490631,0.29438,0.326448,0.183333,0.6
bad_posture_20241012_173454_png.rf.bdbfce623dcbdf2e900b7ccfc6a18ebc.jpg,train,Bad,0,-0.17225729106628251,0.35780663055254613,-0.16347619596541793,-0.1792331094257855,0.0867933141210373,-0.34504927410617553,-0.4116228242074928,-0.038460845070422564,-89.29563011564349,-41.38562975437115,-74.51060427732925,142.96597281615092,0.38728526522061235,0.18085722548463465,0.5259267123288187,0.16854029151511515,0.31383735354001446,0.13569299999999995,-0.11956899999999998,-0.134542,0.10150999999999999,47.91000036127234,0.14045399999999997,0.377698,0.802934,0.382459,0.415678,0.518152,0.296109,0.247917,0.517188
image_20241009_231522_jpg.rf.d8beb48d1faa1f7f8f8dc02f5e4df92c.jpg,test,Bad,0,-0.014582635228848752,0.3804935593220338,-0.2762849375866851,-0.10945355932203392,-0.04806857142857134,-0.31271593220338983,-0.41215844660194173,0.08898305084745761,-112.19368035293816,-49.38567673525064,-92.1129387593517,117.60818962118238,0.39024864207323,0.19747635639741784,0.5115898333704453,0.16515159894472717,0.3104392515936089,0.12855,-0.14990599999999998,-0.07653500000000002,0.146347,62.80800361768752,-0.01886199999999999,0.365614,0.730614,0.218202,0.369278,0.346752,0.219372,0.141667,0.515625
good_posture_20241021_180543_png.rf.fd3550ecd26422c9a2146b47da422983.jpg,test,Good,1,-0.23560768971332188,0.4086089068825911,-0.22019156829679576,-0.09541052631578957,-0.12256404721753772,-0.32661376518218627,-0.3943233726812815,0.05263157894736831,-88.94828167592486,-75.77837425004223,-84.72746706448382,125.22121498008984,0.38910555092930765,0.18410223801192638,0.5699113717421332,0.13987710493143615,0.2844384182912007,0.04522900000000002,-0.17845999999999995,-0.08067200000000002,0.11426999999999998,13.169907425882627,0.052371,0.394363,0.865395,0.401505,0.476355,0.446734,0.297895,0.320833,0.590625
image_20241008_201603_jpg.rf.9ffe399688ff92d24c345a09b96129f6.jpg,train,Good,1,-0.13192151824817522,0.3734933333333334,-0.15861091970802924,-0.19866422857142857,-0.03850581021897808,-0.36617965714285716,-0.36277372262773727,0.0009523809523810336,-91.74306301058198,-64.93245379411313,-85.28996405246887,123.71275134562917,0.4695652768178244,0.15170417874930142,0.6088189700009355,0.1968525757641998,0.3296270404017243,0.06427500000000003,-0.13741499999999998,-0.109259,0.16374800000000006,26.810609216468848,0.049992000000000036,0.311042,0.82435,0.296759,0.355002,0.361034,0.217587,0.1875,0.51875
image_20241010_170701_jpg.rf.49fdc76dca86b56ced0aaeb90d08d15c.jpg,valid,Bad,0,-0.0016862247838617835,0.38603037107516663,-0.20365510086455335,-0.14428787821122735,-0.06315204610951013,-0.34424312083729786,-0.44140311239193086,0.05756483349191253,-104.11606207871372,-65.10911567567169,-93.1811266990094,127.87393059055728,0.4489991197162863,0.18099438987162006,0.600548386397799,0.20996663738794316,0.35996872181065953,0.076179,-0.16418200000000002,-0.12890400000000002,0.16574,39.006946403042036,-0.03332599999999997,0.396742,0.761889,0.287237,0.326448,0.363416,0.162266,0.158333,0.492188
good_posture_20241013_222709_png.rf.386ecd5c794be23aae3e99047f519f92.jpg,train,Good,1,-0.19812691729323317,0.41748278074866313,-0.18667187969924817,-0.1786289625668449,-0.06639037593984974,-0.3472015401069519,-0.462406015037594,0.0069518716577539955,-89.37356763178555,-67.90349546846552,-84.40163082476975,130.21086542629172,0.4354670269974525,0.1328981596298459,0.5612550873649165,0.17751169855815135,0.3193635227777274,0.04999199999999998,-0.12313700000000002,-0.11460199999999998,0.135561,21.470072163320026,0.054752999999999996,0.384841,0.690505,0.389602,0.255064,0.439594,0.131927,0.275,0.390625
bad_posture_20241021_144934_png.rf.1681bacbb1c8a2a85bebce05970e8df7.jpg,valid,Bad,0,-0.25621680998613033,0.40390205804749335,-0.14633209431345348,-0.19881076517150398,0.15795639389736485,-0.3163411081794196,-0.40846047156726767,-0.0013192612137202418,-80.16175447381484,-22.100481306840866,-61.32236356682993,141.61800617488015,0.36224616958223316,0.18499221605245988,0.4861537626893368,0.18835839086167627,0.2548298503413601,0.1714,-0.0696,-0.147652,0.11695200000000006,58.061273166973976,0.233296,0.242006,0.836842,0.303902,0.479923,0.475302,0.410323,0.15625,0.596875
image_20241007_210806_jpg.rf.4ceb030c1b5cc5636214465aaaabda90.jpg,test,Good,1,-0.12496669281045755,0.39236477554918825,-0.12496669281045755,-0.20761413562559689,-0.1170005751633987,-0.37778934097421196,-0.37450980392156863,-0.0052531041069722745,-90.0,-88.04107165171126,-89.56698973453145,132.0194202577393,0.49076400000000003,0.13927939662778552,0.6299799906068446,0.222803867798564,0.3578036402861212,0.004761000000000015,-0.139198,-0.149141,0.16552499999999998,1.9589283482887367,0.004761000000000015,0.299141,0.831489,0.299141,0.340725,0.303902,0.201527,0.15,0.50625
image_20241007_225721_jpg.rf.ec0e896adc125d807a5b6672333205ef.jpg,train,Bad,0,-0.015164840055632862,0.38065372829417776,-0.17328311543810848,-0.17158324821246163,-0.06309630041724622,-0.3092479673135852,-0.46847532684283727,0.06384000000000005,-101.87527142629149,-59.55162784938842,-92.92096133096666,132.64126619081046,0.43161241612006485,0.12213628658183447,0.5283534467238763,0.24477936610139342,0.35150185583862853,0.06189399999999998,-0.105292,-0.165815,0.180062,42.32364357690307,-0.026924000000000003,0.337966,0.8095,0.249148,0.387125,0.311042,0.281833,0.083333,0.567187
bad_posture_20241021_142354_png.rf.910bcb6597e9df7893db256e36faa67d.jpg,train,Bad,0,-0.16812589341692782,0.3604392192881747,-0.10603385579937308,-0.16670328358208944,0.13754131661442,-0.31356822043628,-0.3986422570532915,0.016648266360505305,-85.0687294637921,-39.45973678078165,-71.62402354360799,139.4546243814665,0.3600366651009311,0.15724841372172882,0.4832845100114424,0.19193137480360004,0.2606319361187343,0.12140699999999999,-0.099937,-0.14584699999999995,0.12476500000000001,45.60899268301045,0.15235599999999994,0.391981,0.838627,0.42293,0.479923,0.544337,0.379986,0.277083,0.604688
bad_posture_20241021_145524_png.rf.9b06e38e78350843b6ef4344258ab5fb.jpg,train,Bad,0,-0.22667181932245925,0.4333445066991476,-0.18079578419071518,-0.1064257247259439,0.0600706649937265,-0.30953412911084033,-0.4523212045169386,0.0359317904993912,-85.2833661857523,-40.978664639626494,-69.45878109998743,151.62759006286535,0.34738841110347946,0.19865718248782246,0.5088389793765805,0.19214833845235307,0.291060734921425,0.14997700000000003,-0.13027499999999997,-0.16906700000000002,0.09130900000000008,44.304701546125806,0.17854200000000003,0.346752,0.867403,0.375317,0.521191,0.525294,0.390916,0.20625,0.6125
bad_posture_20241021_142701_png.rf.671d36bfb00dce753d083e2a6d0f8a37.jpg,train,Bad,0,-0.18904421052631576,0.38917134189031505,-0.16545733746130034,-0.1545762427071178,0.04208297213622286,-0.30917096849474907,-0.43911182662538695,0.07409568261376906,-88.12719461234516,-44.65966681376414,-75.99184361507264,132.0527489480087,0.36425056808740874,0.14725687788690886,0.48189287860789143,0.20619141764147217,0.24582335658964544,0.10474299999999998,-0.10350599999999999,-0.13810999999999996,0.15310300000000004,43.467527798581024,0.11664699999999995,0.399123,0.829703,0.411027,0.465647,0.51577,0.362141,0.272917,0.61875
bad_posture_20241021_144526_png.rf.14bcfa158ef2885700810367bf39be4a.jpg,train,Bad,0,-0.18529118541033426,0.38130421185371993,-0.17140182370820664,-0.12567424968474153,0.18054759878419455,-0.28410532156368223,-0.4533947720364741,0.029635107187893937,-88.69775312160137,-28.48025442795796,-65.47762043142492,146.42565202872632,0.31417014422283984,0.2058336833100938,0.45311315878045294,0.17398872781016586,0.2578027164015151,0.18092399999999997,-0.09815299999999999,-0.14496199999999998,0.09621899999999994,60.21749869364341,0.18806399999999995,0.358655,0.835058,0.365795,0.520969,0.546719,0.422816,0.220833,0.617188
image_20241008_200500_jpg.rf.a3e1abe37c7047be08fd3db08c3982c7.jpg,train,Good,1,-0.22840951048951055,0.4313244088176353,-0.3003255944055944,-0.14088945891783564,-0.2364005594405595,-0.3537529458917835,-0.41258741258741266,0.04709354709418846,-98.19799847660049,-71.00432744087101,-90.66848204916943,124.39382399326347,0.4507541608560036,0.17552556730573465,0.6121566640893489,0.1776206355691816,0.3418249541519753,0.05713299999999999,-0.16596699999999998,-0.10033400000000003,0.14656800000000003,27.19367103572948,-0.007141999999999982,0.339609,0.813642,0.275334,0.367494,0.332467,0.201527,0.175,0.514062
bad_posture_20241013_222749_png.rf.1a6f8d4d825c94003cd061a799ceaaa9.jpg,train,Bad,0,-0.0725078693623639,0.3659300223713646,-0.18623875583203736,-0.18597762863534678,0.11704758942457227,-0.3213984787472036,-0.46474923794712286,0.05704626398210282,-98.43058896144115,-31.832454654421863,-78.7806661139697,129.49751071870227,0.38968384512704657,0.17932564012153976,0.4894088193116263,0.2199656737607029,0.2921759457860965,0.152354,-0.094583,-0.13990799999999998,0.16973699999999997,66.59813430701928,0.09522199999999997,0.399123,0.679798,0.341991,0.294325,0.494345,0.199742,0.202083,0.464062
image_20241008_200613_jpg.rf.531a35da0b7cda2b9dfc66866d3c6fb3.jpg,valid,Good,1,-0.16904516129032257,0.4499339419087136,-0.18543053763440853,-0.16852647302904566,-0.07894279569892476,-0.3557264730290457,-0.3431905376344086,0.04771784232365146,-91.17139275092183,-66.29730418696562,-85.06681207150113,119.38175045518602,0.46587536086382586,0.15397365047630712,0.609019018219464,0.1868999119448696,0.3193834902511399,0.06189599999999995,-0.140985,-0.09169800000000003,0.16285900000000003,24.874088563956207,0.052371999999999974,0.315805,0.827919,0.306281,0.362141,0.368177,0.221156,0.214583,0.525
bad_posture_20241021_145205_png.rf.f14d47aa70fa3f230e09d869e2c344a7.jpg,train,Bad,0,-0.3534866926070039,0.34075225967540584,-0.0037192217898832213,-0.17827255930087382,0.2215520622568094,-0.26382801498127345,-0.2931262256809338,-0.05305947565543065,-49.14438644605216,-16.48478894954991,-39.32474268216715,161.37018691736725,0.429419589987462,0.1886765294412636,0.5970112844905028,0.2452822203829703,0.25116268259636026,0.180921,-0.05353900000000006,-0.23243000000000003,0.07835599999999998,32.65959749650225,0.461828,0.284856,0.838627,0.565763,0.513831,0.746684,0.460292,0.333333,0.592187
bad_posture_20241021_143452_png.rf.d349c06e3ff26ad1e62826b0276ed52a.jpg,train,Bad,0,-0.20022259780907659,0.3818545985401459,-0.05239361502347406,-0.12669158150851592,0.1717285758998435,-0.3073210705596108,-0.398800876369327,0.03771211678832116,-77.2665173832006,-46.033748223730264,-67.23945298503071,148.5953546143434,0.3348165096362484,0.16116455255421394,0.4799541390851838,0.2026142556016235,0.24221956562590063,0.11188599999999993,-0.11599799999999999,-0.172933,0.10557800000000006,31.23276915947033,0.18568499999999993,0.332467,0.822566,0.406266,0.495984,0.518152,0.379986,0.233333,0.601562
bad_posture_20241012_174220_png.rf.9ddba68fb2504d13324bdff2612f9126.jpg,train,Bad,0,-0.21372936170212758,0.4169432783278328,-0.26640510638297865,-0.13087982398239825,-0.011128510638297852,-0.3495091749174917,-0.3936170212765957,0.045654565456545636,-94.5481355401418,-45.992134673030876,-77.66471447734695,120.80110230252573,0.3902689308784393,0.21586680788393564,0.5571635696857792,0.14595377301734958,0.28406435676620895,0.14997499999999997,-0.15526099999999998,-0.07473700000000003,0.125367,48.556000867110924,0.11902799999999997,0.318184,0.763673,0.287237,0.374633,0.437212,0.219372,0.2125,0.5
good_posture_20241012_174159_png.rf.0d2d05bc40b1e26ce482756ee7891799.jpg,train,Good,1,-0.2879389928057554,0.35847923322683695,-0.31424805755395685,-0.13778726304579345,-0.1607935539568346,-0.34699706070287545,-0.45683453237410077,0.021832417465388623,-92.24703357153966,-61.502631318319864,-82.40191934889259,123.47135821060692,0.36433815143215514,0.17463380161354788,0.5221172046437467,0.14037567316312322,0.2634388666635962,0.08332099999999998,-0.153475,-0.07742000000000002,0.11709599999999998,30.744402253219796,0.06903599999999999,0.272955,0.717275,0.25867,0.353217,0.341991,0.199742,0.18125,0.470313
image_20241010_170835_jpg.rf.c0e054dabafb7192e9e79e142bc33cde.jpg,test,Good,1,-0.14594638426626325,0.35643387250237873,-0.1736029046898639,-0.17388559467174117,-0.026091134644478046,-0.3499337012369172,-0.4203233888048412,0.04234062797335873,-91.87856265591509,-62.211670315495695,-83.90873954987231,125.66404422469891,0.43567615368298507,0.16339542123327694,0.5832871567864323,0.21852679521742863,0.29425918184484917,0.07617600000000002,-0.144552,-0.127408,0.17754199999999998,29.666892340419395,0.061894000000000005,0.356273,0.717275,0.341991,0.281833,0.418167,0.137281,0.214583,0.459375
image_20241007_193055_jpg.rf.f0149ffe4facc6c0a86b206f8d572fd3.jpg,valid,Good,1,-0.1741950326797386,0.42005630901287555,-0.2239874509803922,-0.16326798283261806,-0.13436653594771247,-0.39855999999999997,-0.4618729411764706,0.09012806866952786,-93.2081679534325,-75.95761886203718,-88.1701142788776,121.65209593155286,0.4253996879853111,0.17659940595596577,0.5963591190499228,0.216744748810669,0.2768192091546394,0.04285,-0.171322,-0.11373899999999999,0.184504,17.250549091395314,0.019043000000000004,0.222963,0.776166,0.199156,0.351433,0.242006,0.180111,0.085417,0.535937
image_20241008_210940_jpg.rf.2aec852a508796ec39b3f6fbf6230067.jpg,test,Bad,0,-0.01713882352941177,0.3795391999999999,-0.18073543091655267,-0.16712922352941187,0.05269559507523945,-0.32568508235294125,-0.46534369357045147,0.06235369411764696,-104.43268769199288,-38.302201191843984,-85.13237916690889,136.84542934429825,0.37485190479041186,0.16987647689424218,0.47000812747547244,0.22280399081928495,0.33148834557190693,0.133311,-0.10529099999999997,-0.16253800000000002,0.152391,66.13048650014889,0.03988200000000003,0.366384,0.759069,0.272955,0.396047,0.406266,0.290756,0.110417,0.548438
good_posture_20241021_141554_png.rf.619fa86d083a2092f85ed3146c8c3dd9.jpg,train,Good,1,-0.19217602503912365,0.37507995820271695,-0.21601928012519564,-0.10468998955067917,-0.19217602503912365,-0.3338354022988505,-0.38836657276995307,0.05172413793103451,-91.90057375001905,-86.02562728221152,-90.0,126.34296621111574,0.3589004369153095,0.17173499670422449,0.530025,0.14518473975249602,0.2608448762099805,0.011902999999999997,-0.17132199999999997,-0.086039,0.11694399999999999,5.874946467807533,0.0,0.339609,0.826134,0.327706,0.467431,0.339609,0.296109,0.241667,0.584375
bad_posture_20241012_174058_png.rf.09ed9018c8ed440c95ea4b529de4e4e1.jpg,test,Bad,0,-0.20907291291291294,0.3572427397260273,-0.0397861861861862,-0.16949771689497725,0.22557741741741738,-0.3285640182648403,-0.4179185585585586,0.0,-76.26932433526522,-38.25353456702795,-64.2730876884417,149.4768375141493,0.37109302993723825,0.17582546603094784,0.5209933929686632,0.22839742119603715,0.26754899433374807,0.13807199999999997,-0.10886099999999999,-0.19674699999999998,0.11600000000000005,38.015789768237276,0.22615399999999997,0.291998,0.747613,0.38008,0.387125,0.518152,0.278264,0.183333,0.503125
bad_posture_20241021_142117_png.rf.de94348d74c4109ef0128fc64e610d88.jpg,test,Bad,0,-0.252200827586207,0.3834174201787994,-0.06306979310344832,-0.1767125415070244,0.21431944827586194,-0.2817362962962963,-0.36942587586206904,-0.055555555555555663,-72.63845385488678,-22.239864250839663,-56.99955503099489,156.87190299299033,0.35899764036689713,0.16974257936652187,0.48515957000661125,0.1886869616057241,0.27661498222800585,0.15711499999999995,-0.06424499999999994,-0.173522,0.07411400000000001,50.39858960404712,0.26424,0.33723,0.852903,0.444355,0.510261,0.60147,0.446016,0.270833,0.584375
good_posture_20241012_174128_png.rf.7b70d5ce397ba6d0f6c73a6ffe55b575.jpg,train,Good,1,-0.26844426277372263,0.4124805363128491,-0.25509862773722636,-0.1617803798882682,-0.15723562043795622,-0.37617251396648044,-0.4231149781021898,0.016201117318435706,-88.98099958671432,-70.74246075054049,-83.84022295299266,125.84851054251047,0.4015975115958763,0.15879211262843,0.5546432120534786,0.1535317945215257,0.28918509803411374,0.05237200000000003,-0.14990699999999998,-0.08991499999999997,0.124448,18.23853883617383,0.05951400000000001,0.284856,0.733336,0.291998,0.331802,0.34437,0.181895,0.202083,0.45625
bad_posture_20241013_225802_png.rf.34dd19fba4a0606a0af4f1ef545c1d26.jpg,train,Bad,0,-0.13165873581847654,0.3645992592592592,-0.09215299837925443,-0.16416962962962958,0.1399647325769854,-0.3228007407407407,-0.49351701782820095,0.07175925925925929,-86.94594574859778,-43.74105825969487,-74.24189314125721,140.5409958165437,0.3574266475936006,0.15486831283383956,0.48211439180551324,0.2505830010276036,0.26362287688666164,0.11188799999999999,-0.107076,-0.19347,0.159252,43.20488748890291,0.13093100000000002,0.368177,0.660167,0.38722,0.303248,0.499108,0.196172,0.19375,0.4625
bad_posture_20241013_220804_png.rf.d26014a7fa46be0769b8bb1977083fb0.jpg,train,Bad,0,-0.08334456591639874,0.4022687361419069,-0.1274345980707395,-0.14221090909090908,0.0685247588424437,-0.3296117073170732,-0.4367624437299035,0.03436807095343682,-93.19605665214871,-54.20569560841369,-81.85674024622166,140.38134783560693,0.3842857165820765,0.16281028731932143,0.5210002499135677,0.19513551723097466,0.3109781972196765,0.09522399999999998,-0.132059,-0.15031400000000003,0.12443300000000002,38.99036104373502,0.073799,0.413406,0.690505,0.391981,0.306817,0.487205,0.174758,0.241667,0.43125
image_20241007_191052_jpg.rf.fb41f9fa31c02b6115588cc204762ff8.jpg,train,Bad,0,-0.015942149837133424,0.38096723358449947,-0.12070410423452754,-0.16068495156081802,0.08773368078175908,-0.35001472551130236,-0.48805576547231266,0.03390673842841777,-97.2846619586751,-53.95926576680969,-84.6447604186582,141.28872044134985,0.39631992714220166,0.16993839462875948,0.5328588330064539,0.22582641377172874,0.3387268430298963,0.09998499999999999,-0.13741199999999998,-0.17621400000000004,0.14123100000000005,43.32539619186541,0.049732,0.399384,0.790952,0.349131,0.397831,0.449116,0.260419,0.172917,0.539062
good_posture_20241021_141329_png.rf.ff15b6917f26885a4a837bf0afd5b7e9.jpg,train,Good,1,-0.2147219145299145,0.4058526819541375,-0.2355563760683761,-0.11340618145563316,-0.15221634188034192,-0.29788059820538393,-0.417948717948718,0.038384207377866394,-91.34059212991218,-75.23837221385661,-87.03448474565774,125.02420787310228,0.40699940175386,0.1494869282914061,0.5521804505503612,0.14524435357355553,0.30255541488626503,0.038088999999999984,-0.144553,-0.08335900000000002,0.11894200000000005,16.102219916055574,0.028566999999999954,0.349131,0.858258,0.339609,0.45137,0.377698,0.306817,0.25625,0.570312
